"","term","npar","AIC","LRT","Pr(Chi)","virus","feature","coef_virus"
"1","binary",1,1375.83329197412,8.69311895835131,0.0234997134041753,"Anelloviridae.pbmc","comorb_htn",0.542557674268842
"2","binary",1,1404.61413531354,2.03818604632488,0.385351816643587,"Anelloviridae.pbmc","comorb_isaric_dm",0.243800714369934
"3","binary",1,1053.77798837308,0.0164391521657308,0.949912665703578,"Anelloviridae.pbmc","comorb_anyresp_noasthma",0.0266028858187626
"4","binary",1,908.234869258261,0.19997147906497,0.805237235017589,"Anelloviridae.pbmc","comorb_isaric_asthma",0.106881983652638
"5","binary",1,1180.09883006559,0.929553647069724,0.600049225327913,"Anelloviridae.pbmc","comorb_isaric_cardiac",0.184362052923437
"6","binary",1,916.619319071389,6.99489391215195,0.0467749054146669,"Anelloviridae.pbmc","comorb_isaric_ckd",0.568842769811044
"7","binary",1,664.529730622774,0.842175879362003,0.618284320517112,"Anelloviridae.pbmc","comorb_isaric_neoplasm",0.253493894269893
"8","binary",1,776.17855072233,0.166670494623418,0.829575522508139,"Anelloviridae.pbmc","comorb_neuro",0.103617623247533
"9","binary",1,445.310513324842,3.25585007082896,0.249261406712858,"Anelloviridae.pbmc","comorb_isaric_liver",0.603489223875815
"10","binary",1,383.119874143079,22.9661921430434,2.61264369744104e-05,"Anelloviridae.pbmc","comorb_hxtrans",1.60642776355946
"11","binary",1,203.006663413796,1.4167545530793,0.49998364080666,"Anelloviridae.pbmc","comorb_hiv2",0.676582005436428
"12","binary",1,1315.86172596941,0.0153198252990023,0.949912665703578,"Anelloviridae.pbmc","comorb_eversmkvape",0.0224736505606623
"13","binary",1,573.531376348885,0.0159477163388146,0.949912665703578,"Anelloviridae.pbmc","comorb_anysubstance",0.0416059672224537
"14","binary",1,484.665101302855,1.42873722482204,0.49998364080666,"Anelloviridae.pbmc","comorb_count",-0.4073220025708
"15","binary",1,484.665101302855,1.42873722482204,0.49998364080666,"Anelloviridae.pbmc","comorb_countcat",-0.4073220025708
"16","binary",1,1133.8912999366,9.42060669319335,0.016999795203655,"Anelloviridae.pbmc","timesymptomcat",-0.596219306918448
"17","binary",1,856.646998565199,2.69786604915066,0.291541229531807,"Anelloviridae.pbmc","symptom_allresp",-0.387865312698372
"18","binary",1,1467.82167656314,1.35080399614731,0.49998364080666,"Anelloviridae.pbmc","symptom_cough",-0.198396005531176
"19","binary",1,905.527082456773,2.61255391716645,0.301245577863742,"Anelloviridae.pbmc","symptom_cough_prod",0.368838997283499
"20","binary",1,251.973812605211,0.00539556429259846,0.976714495865249,"Anelloviridae.pbmc","symptom_haemoptysis",0.0418841390194051
"21","binary",1,655.615678718553,0.311977327004229,0.759377422184485,"Anelloviridae.pbmc","symptom_sorethroat",-0.17330933250828
"22","binary",1,425.244472320565,0.00030058873079497,0.993400874973242,"Anelloviridae.pbmc","symptom_rhinorrhea",0.00709965932590387
"23","binary",1,465.09327647138,0.183541701226943,0.819520801225805,"Anelloviridae.pbmc","symptom_wheeze",0.149917477090629
"24","binary",1,1064.35987288133,0.0288978122368917,0.929704870707122,"Anelloviridae.pbmc","symptom_chestpain",-0.0377599408910776
"25","binary",1,1270.63821331247,2.10105407290075,0.374354472361777,"Anelloviridae.pbmc","symptom_dyspnea",-0.269092217680023
"26","binary",1,29.8352979273589,1.45111346434004,0.49998364080666,"Anelloviridae.pbmc","symptom_chestwall",-20.9673001489627
"27","binary",1,57.6070131719051,0.309102458541055,0.759377422184485,"Anelloviridae.pbmc","symptom_earpain",0.742111161125627
"28","binary",1,40.8908844051493,0.765213808680016,0.640199675575899,"Anelloviridae.pbmc","symptom_conjunctivitis",-19.858726807854
"29","binary",1,1273.23950981881,0.124799024161575,0.842429600202425,"Anelloviridae.pbmc","symptom_allsyst",-0.0655367316581374
"30","binary",1,1475.81872114514,0.00120981757049776,0.986621503775935,"Anelloviridae.pbmc","symptom_fever",0.00599503027058457
"31","binary",1,1197.18004995222,0.098904474566325,0.854812934290285,"Anelloviridae.pbmc","symptom_chills",-0.0644377794645759
"32","binary",1,153.077516307139,0.837315660069606,0.618284320517112,"Anelloviridae.pbmc","symptom_shaking",-0.869466657536634
"33","binary",1,1483.44515887399,0.529004363433614,0.694530401973032,"Anelloviridae.pbmc","symptom_fatigue",-0.12502696640182
"34","binary",1,1171.28547079275,0.763436717381865,0.640199675575899,"Anelloviridae.pbmc","symptom_myalgia",-0.183615240611647
"35","binary",1,73.071993992222,1.70768351055231,0.455728102319165,"Anelloviridae.pbmc","symptom_lymphadenopathy",1.48422023836953
"36","binary",1,1364.63023250429,0.064441433391039,0.880852686962485,"Anelloviridae.pbmc","symptom_allneuro",-0.0459524344061627
"37","binary",1,997.635886487498,0.134541854237455,0.839540012101476,"Anelloviridae.pbmc","symptom_headache",-0.084648546456904
"38","binary",1,426.817758129837,0.0401467440364627,0.912031322665923,"Anelloviridae.pbmc","symptom_confusion",-0.0696312117030556
"39","binary",1,54.351185894663,1.21644728519257,0.532365114422118,"Anelloviridae.pbmc","symptom_seizure",-19.5392804490731
"40","binary",1,187.1617765339,1.63743745467852,0.469767602481613,"Anelloviridae.pbmc","symptom_syncope",-1.15239484158452
"41","binary",1,725.91194782146,0.137110710497609,0.839540012101476,"Anelloviridae.pbmc","symptom_anosmia",0.102847424331941
"42","binary",1,1451.05221300517,0.455439889630952,0.724951897323223,"Anelloviridae.pbmc","symptom_allGI",-0.118388504048109
"43","binary",1,729.816210692876,3.08274647592623,0.262729101251095,"Anelloviridae.pbmc","symptom_abdpain",0.46450438352734
"44","binary",1,1128.50642877483,0.949027154862506,0.597838912292284,"Anelloviridae.pbmc","symptom_nausea",-0.210997905479894
"45","binary",1,1161.56588252476,2.37925887068218,0.333275113689122,"Anelloviridae.pbmc","symptom_diarrhea",-0.328063931235313
"46","binary",1,150.718011318873,0.107069422077387,0.850900792741516,"Anelloviridae.pbmc","symptom_allderm",-0.251504041140187
"47","binary",1,126.444390839615,0.397626641556158,0.73536085895568,"Anelloviridae.pbmc","symptom_skinrash",-0.624236577864444
"48","binary",1,43.9418735880611,0.164992352591007,0.829575522508139,"Anelloviridae.pbmc","symptom_skinulcer",0.589993619649033
"49","binary",1,632.345764390492,0.00042573836412884,0.993180604335482,"Anelloviridae.pbmc","symptom_allother",-0.00608084270879165
"50","binary",1,335.26116607228,0.393232509363088,0.736058298825811,"Anelloviridae.pbmc","symptom_arthralgia",0.284829531617748
"51","binary",1,288.477400374216,7.86639940884015e-05,0.994241489060691,"Anelloviridae.pbmc","symptom_edema",0.00431666807398629
"52","binary",1,240.616659927926,1.23736156186368,0.526845300543803,"Anelloviridae.pbmc","symptom_nonamb",-0.662455136192472
"53","binary",1,67.1510251890217,1.83199787421336,0.426278826300314,"Anelloviridae.pbmc","symptom_bleeding",1.46425779224314
"54","binary",1,768.106953782934,10.1687530387896,0.0122605063051775,"Anelloviridae.pbmc","ever_ever_esc",0.736701478373871
"55","binary",1,828.743713378338,7.606309745663,0.0368672805913251,"Anelloviridae.pbmc","ever_icu",0.660685839193744
"56","binary",1,377.589696368022,2.97303606268082,0.264250638669137,"Anelloviridae.pbmc","diedever",0.566064620134529
"57","binary",1,1369.81006577407,1.02505467835294,0.577770646812857,"Anelloviridae.pbmc","ever_remdes",-0.185137736169269
"58","binary",1,1108.70927060214,0.0191210604430125,0.947514813709102,"Anelloviridae.pbmc","ever_steroids",-0.0293086655421329
"59","binary",1,1292.41241518267,0.264475321382633,0.774333062703598,"Anelloviridae.pbmc","ever_azithro",0.0955815644335039
"60","binary",1,1312.08827212046,7.44988362096706,0.0392210149919565,"Anelloviridae.pbmc","ever_otherabx",0.524236567627304
"61","binary",1,472.940413877535,0.851506423726732,0.617882811957227,"Anelloviridae.pbmc","ever_conplas",-0.341855334977322
"62","binary",1,73.6345382284391,0.0722985947688812,0.879847733439766,"Anelloviridae.pbmc","ever_monoclonal",-0.317681377573162
"63","binary",1,470.613547317242,25.9158874112341,6.99658295147089e-06,"Anelloviridae.pbmc","ever_immsupp",1.51108342181996
"64","binary",1,788.546803662109,1.47521880764646,0.496719842448347,"Anelloviridae.pbmc","anycomp",0.348466437905388
"65","binary",1,788.546803662109,1.47521880764646,0.496719842448347,"Anelloviridae.pbmc","ncomp",0.348466437905388
"66","binary",1,77.4297847817155,4.44097748189304,0.147074045166386,"Anelloviridae.pbmc","comp_seizure",2.06995049186051
"67","binary",1,141.922092995443,0.148269986308492,0.836173864061476,"Anelloviridae.pbmc","comp_meningitis",-0.298156533694721
"68","binary",1,189.631897668847,2.82184291349094,0.279647497643298,"Anelloviridae.pbmc","comp_stroke",0.853714702571963
"69","binary",1,539.597631265874,0.622494420308499,0.67896629423324,"Anelloviridae.pbmc","comp_afib",-0.243213550651949
"70","binary",1,320.211740573722,5.72568736414769,0.0829881719042018,"Anelloviridae.pbmc","comp_ventricular_arr",0.905684158372864
"71","binary",1,31.9781113342562,0.676851067444598,0.668323289534921,"Anelloviridae.pbmc","comp_endo",-20.8623333744153
"72","binary",1,76.898769591548,1.63973255738678,0.469767602481613,"Anelloviridae.pbmc","comp_myocard",-18.858784123866
"73","binary",1,207.01941782229,1.8900530702835,0.417417518703862,"Anelloviridae.pbmc","comp_cardarrest",0.683692522062018
"74","binary",1,145.095181223736,7.68525946574385,0.0358399282253069,"Anelloviridae.pbmc","comp_stemi",1.67820796070588
"75","binary",1,268.428174772318,0.0455582733126221,0.908127545507016,"Anelloviridae.pbmc","comp_nstemi",-0.109854649349609
"76","binary",1,537.315403994368,0.0569696743950772,0.891404559654741,"Anelloviridae.pbmc","comp_chf",0.0734166299239621
"77","binary",1,1200.31856470517,1.96463716881249,0.402057687624927,"Anelloviridae.pbmc","comp_pneumonia",-0.284170842464892
"78","binary",1,83.9552421551626,0.376228468508316,0.74356856076738,"Anelloviridae.pbmc","comp_bronch",-0.700514348471051
"79","binary",1,256.811395462496,0.065653771548341,0.880852686962485,"Anelloviridae.pbmc","comp_pneumo",0.118391179413668
"80","binary",1,118.964851538452,1.56120695327125,0.47806301642333,"Anelloviridae.pbmc","comp_pneumomed",-1.14991451783063
"81","binary",1,125.388077466947,0.266295095828241,0.774333062703598,"Anelloviridae.pbmc","comp_aat",0.37935564898264
"82","binary",1,513.027539666613,1.36454461150993,0.49998364080666,"Anelloviridae.pbmc","comp_avthromb",-0.373233669707703
"83","binary",1,605.466634341998,8.39481551903464,0.0267297572780594,"Anelloviridae.pbmc","comp_shock",0.742316144265049
"84","binary",1,717.277359278143,1.06742111326878,0.562125869784098,"Anelloviridae.pbmc","comp_bac",0.255888692377424
"85","binary",1,319.586719327876,0.66597978047264,0.668323289534921,"Anelloviridae.pbmc","comp_coag",-0.364470907296294
"86","binary",1,159.637093595446,0.00442443044818219,0.977820259292468,"Anelloviridae.pbmc","comp_hypogly",-0.0450175134813136
"87","binary",1,436.208531813563,0.743834746398534,0.64530369586256,"Anelloviridae.pbmc","comp_bleed",-0.311841678768326
"88","binary",1,801.860179840285,0.517264392496372,0.694530401973032,"Anelloviridae.pbmc","comp_anemia",0.168159526378195
"89","binary",1,81.0835974330362,1.5743136390563,0.47806301642333,"Anelloviridae.pbmc","comp_pancreas",-18.7401306455558
"90","binary",1,1047.40798118325,2.92723848785045,0.266164940829342,"Anelloviridae.pbmc","comp_renal",0.340813951065826
"91","binary",1,805.466598728944,0.790373741659437,0.639347306730757,"Anelloviridae.pbmc","comp_liver",-0.238416024787249
"92","binary",1,380.229886296468,6.10345872210678,0.0712641494484806,"Anelloviridae.pbmc","comp_othlab",0.940600257643581
"93","binary",1,349.995921836297,0.35667279112829,0.750822134319811,"Anelloviridae.pbmc","comp_electrolyte",0.261613279563636
"94","binary",1,318.327969537725,5.549556554395,0.090666336762237,"Anelloviridae.pbmc","comp_othinf",0.958401453589009
"95","binary",1,31.4513384852989,0.256776510263848,0.778658935855084,"Anelloviridae.pbmc","comp_othpulm",-19.611959338684
"96","binary",1,166.657804077726,1.67927023773356,0.461774925149535,"Anelloviridae.pbmc","comp_unddisease",0.863991033216797
"97","binary",1,240.102918186764,0.590665445187113,0.687436630673666,"Anelloviridae.pbmc","comp_enceph",0.363347702222193
"98","binary",1,98.040440855736,0.655054018688503,0.668323289534921,"Anelloviridae.pbmc","comp_othneuro",0.746614723938495
"99","binary",1,392.375039430493,0.0666494878103663,0.880852686962485,"Anelloviridae.pbmc","comp_hypergly",0.103915938316227
"100","binary",1,53.4841846052085,0.526902845802397,0.694530401973032,"Anelloviridae.pbmc","comp_psych",-18.679952044623
"101","binary",1,132.518123710686,3.22896574907472,0.249261406712858,"Anelloviridae.pbmc","comp_gastroent",-18.6096489675469
"102","binary",1,38.9030110185261,1.33031824046713,0.502374644479515,"Anelloviridae.pbmc","comp_pulmvas",1.79382868506967
"103","binary",1,234.190124286053,0.00184317069692952,0.984879482748262,"Anelloviridae.pbmc","comp_other2",0.0247159941391839
"104","binary",1,1292.5404681996,0.363285236589945,0.755822760110763,"Enterovirus.nasal","comorb_htn",-0.188862196287845
"105","binary",1,1316.22986766582,0.780026511544293,0.65686886854053,"Enterovirus.nasal","comorb_isaric_dm",0.270788979922737
"106","binary",1,962.879837293166,0.821079955348296,0.64516830806114,"Enterovirus.nasal","comorb_anyresp_noasthma",0.338522438399388
"107","binary",1,829.545316389799,0.762358309103774,0.660201266184684,"Enterovirus.nasal","comorb_isaric_asthma",-0.38988015495608
"108","binary",1,1104.52605346766,0.00126228718886523,0.987621143374095,"Enterovirus.nasal","comorb_isaric_cardiac",-0.0129586020792442
"109","binary",1,852.381011748919,5.34854787795678,0.108360879676014,"Enterovirus.nasal","comorb_isaric_ckd",-1.39292984244311
"110","binary",1,631.693812958954,0.300210756427646,0.778120751233028,"Enterovirus.nasal","comorb_isaric_neoplasm",-0.298831411207068
"111","binary",1,705.569877390701,0.0204844548711662,0.938589293543988,"Enterovirus.nasal","comorb_neuro",0.0733600312130799
"112","binary",1,413.335009463294,0.860031886633863,0.64516830806114,"Enterovirus.nasal","comorb_isaric_liver",-0.849734169943964
"113","binary",1,359.834383031551,0.570300822869001,0.697208397321179,"Enterovirus.nasal","comorb_hxtrans",-0.724194343483594
"114","binary",1,138.494191450634,0.338396346960678,0.765237233874114,"Enterovirus.nasal","comorb_hiv2",0.684954504444021
"115","binary",1,1229.00272944285,0.562591403050419,0.699347636644932,"Enterovirus.nasal","comorb_eversmkvape",0.245522998323622
"116","binary",1,527.357319515029,0.324751262702193,0.76578979033772,"Enterovirus.nasal","comorb_anysubstance",-0.342713511629925
"117","binary",1,484.800905534948,2.23476592452732,0.386400323581939,"Enterovirus.nasal","comorb_count",1.26851591306734
"118","binary",1,484.800905534948,2.23476592452732,0.386400323581939,"Enterovirus.nasal","comorb_countcat",1.26851591306734
"119","binary",1,1059.45090032618,0.00023015285864858,0.996962206993861,"Enterovirus.nasal","timesymptomcat",0.00562610332680581
"120","binary",1,791.592438829419,0.529741853883252,0.707398861244027,"Enterovirus.nasal","symptom_allresp",0.379363783595273
"121","binary",1,1370.74831888947,0.128598356964403,0.853299736217332,"Enterovirus.nasal","symptom_cough",0.112952255260009
"122","binary",1,860.411990646857,0.0173938739250161,0.943147651330766,"Enterovirus.nasal","symptom_cough_prod",-0.0555035725986533
"123","binary",1,222.355212388512,2.04997283264171,0.412566244689897,"Enterovirus.nasal","symptom_haemoptysis",-15.5448038375398
"124","binary",1,591.32658577141,2.25119363949568,0.386400323581939,"Enterovirus.nasal","symptom_sorethroat",-0.975295251157698
"125","binary",1,420.60042647468,0.532027249098348,0.707398861244027,"Enterovirus.nasal","symptom_rhinorrhea",0.434697421424434
"126","binary",1,420.284609780684,2.20013674898786,0.392106068169516,"Enterovirus.nasal","symptom_wheeze",0.813834665597486
"127","binary",1,985.566576363234,0.778511495551015,0.65686886854053,"Enterovirus.nasal","symptom_chestpain",0.30981630422243
"128","binary",1,1201.87511113007,0.0369506559150068,0.91564910845637,"Enterovirus.nasal","symptom_dyspnea",0.0676316669947477
"129","binary",1,29.6064145893523,0.125081507494173,0.853299736217332,"Enterovirus.nasal","symptom_chestwall",-21.097927508173
"130","binary",1,57.2452717130634,0.393381823938192,0.750468915087201,"Enterovirus.nasal","symptom_earpain",-19.7936113267279
"131","binary",1,28.7019941445241,0.200334673722352,0.827097383844347,"Enterovirus.nasal","symptom_conjunctivitis",-21.743982253466
"132","binary",1,1172.35019637038,4.92695303453229,0.131248801673912,"Enterovirus.nasal","symptom_allsyst",-0.736737096197597
"133","binary",1,1378.76065910473,1.29152004901925,0.569602279540115,"Enterovirus.nasal","symptom_fever",-0.349810414058357
"134","binary",1,1105.72971968772,3.65299545484345,0.218700409696625,"Enterovirus.nasal","symptom_chills",-0.728249558714046
"135","binary",1,115.140891240351,0.826398564953976,0.64516830806114,"Enterovirus.nasal","symptom_shaking",-17.5675044393365
"136","binary",1,1386.62990951525,0.00526905317155979,0.972088515352613,"Enterovirus.nasal","symptom_fatigue",-0.0221673494646894
"137","binary",1,1089.6322242171,0.0347200093017364,0.91564910845637,"Enterovirus.nasal","symptom_myalgia",0.0650958184326903
"138","binary",1,29.0509237021616,0.666738503055306,0.681745465551021,"Enterovirus.nasal","symptom_lymphadenopathy",-20.4709772096299
"139","binary",1,1281.49211721754,0.98288597508963,0.613207338544164,"Enterovirus.nasal","symptom_allneuro",-0.330140292866561
"140","binary",1,919.690593550139,1.4898802489497,0.520232027382439,"Enterovirus.nasal","symptom_headache",0.443798031113722
"141","binary",1,412.89382612362,5.48191462543298,0.102808458872074,"Enterovirus.nasal","symptom_confusion",-15.5823803583442
"142","binary",1,43.709097955627,0.330103999978768,0.765237233874114,"Enterovirus.nasal","symptom_seizure",-20.4942066986624
"143","binary",1,183.227785370935,1.62923773032264,0.491982885168724,"Enterovirus.nasal","symptom_syncope",-18.2196220857126
"144","binary",1,708.608684386771,1.49498459696963,0.520232027382439,"Enterovirus.nasal","symptom_anosmia",-0.685149841659003
"145","binary",1,1357.21837056986,1.34425371729594,0.555694956693807,"Enterovirus.nasal","symptom_allGI",-0.366101939601198
"146","binary",1,646.603719733134,0.797946709090752,0.654460203453891,"Enterovirus.nasal","symptom_abdpain",0.40459594073361
"147","binary",1,1057.31481759673,6.12467871013132,0.0762815213454766,"Enterovirus.nasal","symptom_nausea",-1.08036907583927
"148","binary",1,1085.12656702522,0.0757975317312685,0.879092799193215,"Enterovirus.nasal","symptom_diarrhea",-0.100087306801849
"149","binary",1,114.315631295152,2.92271275175318,0.297907022170728,"Enterovirus.nasal","symptom_allderm",1.66930028487122
"150","binary",1,90.587163377826,0.988125712579219,0.613207338544164,"Enterovirus.nasal","symptom_skinrash",1.27299049103084
"151","binary",1,43.3672158081272,2.93963807309169,0.297907022170728,"Enterovirus.nasal","symptom_skinulcer",3.35669298191056
"152","binary",1,579.210964995262,0.364747057858608,0.755822760110763,"Enterovirus.nasal","symptom_allother",0.314538741204096
"153","binary",1,331.883521994254,3.72328394789338,0.214634956557719,"Enterovirus.nasal","symptom_arthralgia",-16.2198079360568
"154","binary",1,210.243598505008,1.00094251161553,0.613207338544164,"Enterovirus.nasal","symptom_edema",0.860069238821618
"155","binary",1,241.212474684624,0.640284138384175,0.681745465551021,"Enterovirus.nasal","symptom_nonamb",0.66793560947861
"156","binary",1,53.0761233876476,2.48689180626683,0.368727431073653,"Enterovirus.nasal","symptom_bleeding",2.42867543286366
"157","binary",1,739.318563227306,0.0151988760682116,0.947896840317224,"Enterovirus.nasal","ever_ever_esc",-0.0585307210231549
"158","binary",1,788.521573698727,0.109781227996109,0.859273399922728,"Enterovirus.nasal","ever_icu",-0.148469597607695
"159","binary",1,369.489176253078,2.36710296910104,0.375827226940083,"Enterovirus.nasal","diedever",0.884561865942094
"160","binary",1,1286.46663864893,1.71130669990066,0.476461571465657,"Enterovirus.nasal","ever_remdes",0.447935990703059
"161","binary",1,1041.38081605797,2.28632101860944,0.386400323581939,"Enterovirus.nasal","ever_steroids",0.581053150879356
"162","binary",1,1206.40351232245,0.0920903636911135,0.861958695555302,"Enterovirus.nasal","ever_azithro",-0.103388004777827
"163","binary",1,1216.84136599036,0.0641983316766073,0.893201816546242,"Enterovirus.nasal","ever_otherabx",-0.0851326417304634
"164","binary",1,452.604645350268,1.26007224789396,0.570341879273525,"Enterovirus.nasal","ever_conplas",-0.795979923027708
"165","binary",1,72.9397422603394,3.98531514984086,0.192961098619401,"Enterovirus.nasal","ever_monoclonal",3.89973339718188
"166","binary",1,445.223759409299,0.0314275546500085,0.917169515350728,"Enterovirus.nasal","ever_immsupp",0.118314679563313
"167","binary",1,737.139366932239,1.02333697760366,0.6100638488891,"Enterovirus.nasal","anycomp",-0.458996059646724
"168","binary",1,737.139366932239,1.02333697760366,0.6100638488891,"Enterovirus.nasal","ncomp",-0.458996059646724
"169","binary",1,76.8711243971986,1.34118174549108,0.555694956693807,"Enterovirus.nasal","comp_seizure",1.57125471312684
"170","binary",1,146.381104044937,1.38807560824,0.546427250802291,"Enterovirus.nasal","comp_meningitis",-18.086340831119
"171","binary",1,182.767271868763,1.8000625878999,0.455398274449921,"Enterovirus.nasal","comp_stroke",-18.2686064589341
"172","binary",1,504.350792912025,0.0354822897625127,0.91564910845637,"Enterovirus.nasal","comp_afib",0.109205302710233
"173","binary",1,286.01886536186,0.128726694536738,0.853299736217332,"Enterovirus.nasal","comp_ventricular_arr",-0.354968716918392
"174","binary",1,31.840123722041,0.162946844381882,0.841608850003555,"Enterovirus.nasal","comp_endo",-19.5672868838115
"175","binary",1,64.7850054557576,0.457278589184,0.729457317965895,"Enterovirus.nasal","comp_myocard",-19.8863668050301
"176","binary",1,178.767349379618,1.1506076624126,0.578068594369178,"Enterovirus.nasal","comp_cardarrest",-18.6628196119434
"177","binary",1,133.68273685424,1.15997143466967,0.576946484875368,"Enterovirus.nasal","comp_stemi",-18.861027305291
"178","binary",1,245.33738407052,9.74768486514677e-05,0.996962206993861,"Enterovirus.nasal","comp_nstemi",-0.0103306621477804
"179","binary",1,475.332773197886,0.455892755741502,0.729457317965895,"Enterovirus.nasal","comp_chf",0.389099875329397
"180","binary",1,1104.08582773232,0.0369444511864003,0.91564910845637,"Enterovirus.nasal","comp_pneumonia",0.0671039246144868
"181","binary",1,75.7122899338282,0.962845087307244,0.614547761906338,"Enterovirus.nasal","comp_bronch",1.34900440802032
"182","binary",1,248.045166319906,1.19682603996571,0.575868742726882,"Enterovirus.nasal","comp_pneumo",0.781986012173854
"183","binary",1,117.697608690674,0.230961209297107,0.812170476338049,"Enterovirus.nasal","comp_pneumomed",0.574602021294076
"184","binary",1,92.8776689438179,0.594906290545012,0.69184429030081,"Enterovirus.nasal","comp_aat",-18.9968437595764
"185","binary",1,460.271630454178,0.0338200824738237,0.91564910845637,"Enterovirus.nasal","comp_avthromb",-0.108064198211214
"186","binary",1,565.198326390771,0.283961603710054,0.787060848137743,"Enterovirus.nasal","comp_shock",-0.291190487889762
"187","binary",1,664.823973886529,0.968712676699965,0.614547761906338,"Enterovirus.nasal","comp_bac",0.445059738482528
"188","binary",1,289.908284171907,0.703600164105353,0.67390646004471,"Enterovirus.nasal","comp_coag",0.725090881180633
"189","binary",1,168.632440943834,1.0599392399962,0.606313607868624,"Enterovirus.nasal","comp_hypogly",0.935554653557236
"190","binary",1,391.037915319299,1.20287627807539,0.575868742726882,"Enterovirus.nasal","comp_bleed",0.633553467266041
"191","binary",1,759.607653578175,0.0939477674928639,0.86170098259442,"Enterovirus.nasal","comp_anemia",-0.133253649972132
"192","binary",1,80.5668709460265,0.65898557517643,0.681745465551021,"Enterovirus.nasal","comp_pancreas",-19.1608143179734
"193","binary",1,940.056213139089,0.10090227500018,0.861584434663977,"Enterovirus.nasal","comp_renal",0.121343739287236
"194","binary",1,769.299218254011,0.106401574592951,0.860213671365674,"Enterovirus.nasal","comp_liver",-0.148572670805886
"195","binary",1,356.48502338973,0.180891695430262,0.837243988323103,"Enterovirus.nasal","comp_othlab",-0.318612449661993
"196","binary",1,333.493091459602,0.0511146858100346,0.907261724923298,"Enterovirus.nasal","comp_electrolyte",0.179236689842239
"197","binary",1,297.657514828071,0.752637146191489,0.660816949485194,"Enterovirus.nasal","comp_othinf",0.605759995421069
"198","binary",1,31.45133848381,0.150078218076331,0.841608850003555,"Enterovirus.nasal","comp_othpulm",-20.4469089480926
"199","binary",1,154.016112036395,0.00497387227085255,0.972088515352613,"Enterovirus.nasal","comp_unddisease",0.0799429963835629
"200","binary",1,221.274235864726,0.250260697220966,0.799243169190513,"Enterovirus.nasal","comp_enceph",0.419106865127062
"201","binary",1,97.067558848634,0.823102787436113,0.64516830806114,"Enterovirus.nasal","comp_othneuro",-18.6002546068494
"202","binary",1,362.204852242727,0.00984869909314057,0.963020961518331,"Enterovirus.nasal","comp_hypergly",-0.0754718092223987
"203","binary",1,53.1659788969889,0.15114284257956,0.841608850003555,"Enterovirus.nasal","comp_psych",-17.7431585925021
"204","binary",1,121.905683828344,0.0429113985434668,0.91564910845637,"Enterovirus.nasal","comp_gastroent",0.247804922302694
"205","binary",1,29.606414594574,3.5527136788005e-13,0.999999524423742,"Enterovirus.nasal","comp_pulmvas",-1.12350815473915
"206","binary",1,205.856437108771,2.08055395038915,0.407050616378977,"Enterovirus.nasal","comp_other2",-16.5842192890921
"207","binary",1,1280.38613457634,1.08940109454238,0.587503968063088,"Human alphaherpesvirus 1 (HSV1).nasal","comorb_htn",-0.243628462798536
"208","binary",1,1302.97418439668,1.28844890851678,0.552929871707326,"Human alphaherpesvirus 1 (HSV1).nasal","comorb_isaric_dm",-0.262068331046333
"209","binary",1,953.384473870845,0.831733496215747,0.659513099992846,"Human alphaherpesvirus 1 (HSV1).nasal","comorb_anyresp_noasthma",-0.265756563533034
"210","binary",1,815.047770237282,0.00097471198114362,0.985440791083405,"Human alphaherpesvirus 1 (HSV1).nasal","comorb_isaric_asthma",-0.00997549010980243
"211","binary",1,1098.12370169698,0.299169180516174,0.800175967785132,"Human alphaherpesvirus 1 (HSV1).nasal","comorb_isaric_cardiac",-0.144456499242724
"212","binary",1,849.609414289913,0.238385593616385,0.830298019971941,"Human alphaherpesvirus 1 (HSV1).nasal","comorb_isaric_ckd",-0.15372389007148
"213","binary",1,620.817468600854,3.48301328567709,0.23013259426527,"Human alphaherpesvirus 1 (HSV1).nasal","comorb_isaric_neoplasm",0.635346821072895
"214","binary",1,703.408469172708,2.71082618741161,0.307485928997476,"Human alphaherpesvirus 1 (HSV1).nasal","comorb_neuro",-0.662657289145224
"215","binary",1,412.405516234236,6.18672322807714,0.068869438195779,"Human alphaherpesvirus 1 (HSV1).nasal","comorb_isaric_liver",-1.87947743240029
"216","binary",1,359.26108200704,0.117763183359159,0.876432072065971,"Human alphaherpesvirus 1 (HSV1).nasal","comorb_hxtrans",-0.202009678988308
"217","binary",1,130.029772888592,0.00459522595997441,0.975870712316902,"Human alphaherpesvirus 1 (HSV1).nasal","comorb_hiv2",-0.0722317615544444
"218","binary",1,1215.13439566814,12.3763265990367,0.00459339600103091,"Human alphaherpesvirus 1 (HSV1).nasal","comorb_eversmkvape",-0.919332689409995
"219","binary",1,525.524681089137,0.154468016170654,0.863359878481895,"Human alphaherpesvirus 1 (HSV1).nasal","comorb_anysubstance",-0.167117676035463
"220","binary",1,483.820838639183,0.177481100362002,0.856485614522231,"Human alphaherpesvirus 1 (HSV1).nasal","comorb_count",-0.185476534423351
"221","binary",1,483.820838639183,0.177481100362002,0.856485614522231,"Human alphaherpesvirus 1 (HSV1).nasal","comorb_countcat",-0.185476534423351
"222","binary",1,1054.56849599289,0.138072092278435,0.863359878481895,"Human alphaherpesvirus 1 (HSV1).nasal","timesymptomcat",-0.0990742275932834
"223","binary",1,787.099005924209,0.0821904392942088,0.880260043145596,"Human alphaherpesvirus 1 (HSV1).nasal","symptom_allresp",-0.0953922788351099
"224","binary",1,1354.86221790984,0.752368295321276,0.678763002836763,"Human alphaherpesvirus 1 (HSV1).nasal","symptom_cough",-0.195951309461482
"225","binary",1,842.150968683204,0.291005980316868,0.801668504796657,"Human alphaherpesvirus 1 (HSV1).nasal","symptom_cough_prod",-0.180668680986197
"226","binary",1,221.873915884135,0.510214164987104,0.733030030277308,"Human alphaherpesvirus 1 (HSV1).nasal","symptom_haemoptysis",-0.678773504438479
"227","binary",1,589.564879572493,0.0140062248938193,0.953657272991037,"Human alphaherpesvirus 1 (HSV1).nasal","symptom_sorethroat",0.0460945665717484
"228","binary",1,415.366410392418,0.297563977013908,0.800175967785132,"Human alphaherpesvirus 1 (HSV1).nasal","symptom_rhinorrhea",0.262904195825763
"229","binary",1,419.120137267413,6.4764009572213,0.0600509847971621,"Human alphaherpesvirus 1 (HSV1).nasal","symptom_wheeze",0.996430061938067
"230","binary",1,972.712581884171,0.395696071017028,0.773333347436199,"Human alphaherpesvirus 1 (HSV1).nasal","symptom_chestpain",0.175438228793108
"231","binary",1,1193.76367433801,0.0159386074044505,0.950278486326212,"Human alphaherpesvirus 1 (HSV1).nasal","symptom_dyspnea",0.0321056972321398
"232","binary",1,29.6064145893205,0.555490886880321,0.71994673169299,"Human alphaherpesvirus 1 (HSV1).nasal","symptom_chestwall",-22.1034916333007
"233","binary",1,57.1585035134697,1.1430255664287,0.582659120522444,"Human alphaherpesvirus 1 (HSV1).nasal","symptom_earpain",1.51594083744209
"234","binary",1,28.7019941444948,1.48148160405981e-12,0.999999028845799,"Human alphaherpesvirus 1 (HSV1).nasal","symptom_conjunctivitis",-0.192749016383251
"235","binary",1,1160.79797266276,0.295785380317966,0.800175967785132,"Human alphaherpesvirus 1 (HSV1).nasal","symptom_allsyst",0.13767816103563
"236","binary",1,1365.87414393937,0.563798715576695,0.719815920619888,"Human alphaherpesvirus 1 (HSV1).nasal","symptom_fever",0.171019446658091
"237","binary",1,1095.89914578767,1.57990470501068,0.483230681161553,"Human alphaherpesvirus 1 (HSV1).nasal","symptom_chills",0.325479696142208
"238","binary",1,105.400153323954,0.11555578712661,0.876432072065971,"Human alphaherpesvirus 1 (HSV1).nasal","symptom_shaking",0.393842996850822
"239","binary",1,1372.65516563099,0.109087557508246,0.876469348055993,"Human alphaherpesvirus 1 (HSV1).nasal","symptom_fatigue",-0.0747822756120943
"240","binary",1,1076.64386289991,4.28242683508392,0.161892159559891,"Human alphaherpesvirus 1 (HSV1).nasal","symptom_myalgia",-0.613693467775968
"241","binary",1,29.0509237021335,0.744925413938915,0.678763002836763,"Human alphaherpesvirus 1 (HSV1).nasal","symptom_lymphadenopathy",-21.8047036921535
"242","binary",1,1267.2608792307,0.0250638966599581,0.943275624493156,"Human alphaherpesvirus 1 (HSV1).nasal","symptom_allneuro",0.037517879714955
"243","binary",1,905.205912522131,0.0195950611584976,0.94328213955422,"Human alphaherpesvirus 1 (HSV1).nasal","symptom_headache",0.0420041162588032
"244","binary",1,412.014960870062,0.502682136280498,0.735333879040511,"Human alphaherpesvirus 1 (HSV1).nasal","symptom_confusion",-0.330155771997014
"245","binary",1,43.693941588881,0.480148798190108,0.739714077409319,"Human alphaherpesvirus 1 (HSV1).nasal","symptom_seizure",-20.1162561540784
"246","binary",1,182.907255940886,0.102518360345101,0.876469348055993,"Human alphaherpesvirus 1 (HSV1).nasal","symptom_syncope",0.259983670362091
"247","binary",1,699.694091050214,0.0535512010017101,0.912200679089726,"Human alphaherpesvirus 1 (HSV1).nasal","symptom_anosmia",-0.0863656866765878
"248","binary",1,1343.65292385381,0.00790249545502775,0.964271551491233,"Human alphaherpesvirus 1 (HSV1).nasal","symptom_allGI",0.0203288401918144
"249","binary",1,632.293749897634,1.3003822872297,0.552747140563214,"Human alphaherpesvirus 1 (HSV1).nasal","symptom_abdpain",0.405963119103224
"250","binary",1,1047.2789317593,1.02561895997133,0.604765226447396,"Human alphaherpesvirus 1 (HSV1).nasal","symptom_nausea",-0.292038116112263
"251","binary",1,1067.36600001568,0.569317240642249,0.719451573639078,"Human alphaherpesvirus 1 (HSV1).nasal","symptom_diarrhea",0.198639451624651
"252","binary",1,114.110281618426,0.742672912789075,0.678763002836763,"Human alphaherpesvirus 1 (HSV1).nasal","symptom_allderm",0.779134034880865
"253","binary",1,90.4178057549994,2.77851611552093,0.30141360636802,"Human alphaherpesvirus 1 (HSV1).nasal","symptom_skinrash",1.71661407614577
"254","binary",1,43.367215807363,1.42633748942619,0.524535473693142,"Human alphaherpesvirus 1 (HSV1).nasal","symptom_skinulcer",-19.1692689435199
"255","binary",1,573.060965151943,0.773211205619532,0.67636750455687,"Human alphaherpesvirus 1 (HSV1).nasal","symptom_allother",-0.359378062499351
"256","binary",1,331.073437760039,0.0264635781372249,0.943275624493156,"Human alphaherpesvirus 1 (HSV1).nasal","symptom_arthralgia",0.0925617443147221
"257","binary",1,209.670746364626,1.68585605779387,0.459707075779059,"Human alphaherpesvirus 1 (HSV1).nasal","symptom_edema",-1.14622431757472
"258","binary",1,233.417450886289,0.323111431604815,0.796752154485073,"Human alphaherpesvirus 1 (HSV1).nasal","symptom_nonamb",-0.413568854558447
"259","binary",1,52.9737248788045,0.837899234646422,0.659196855486476,"Human alphaherpesvirus 1 (HSV1).nasal","symptom_bleeding",-19.7412285536043
"260","binary",1,736.000089620709,12.9209203623624,0.00358601085291133,"Human alphaherpesvirus 1 (HSV1).nasal","ever_ever_esc",0.997865572305412
"261","binary",1,777.23306908339,2.53180497832091,0.33799911573236,"Human alphaherpesvirus 1 (HSV1).nasal","ever_icu",0.533033385677094
"262","binary",1,368.873000327764,9.46227311514974,0.0186941003365614,"Human alphaherpesvirus 1 (HSV1).nasal","diedever",1.1608234652148
"263","binary",1,1270.34723935567,0.689684728766451,0.683199650527011,"Human alphaherpesvirus 1 (HSV1).nasal","ever_remdes",-0.196492522707256
"264","binary",1,1032.18080257358,0.0543550250622502,0.912200679089726,"Human alphaherpesvirus 1 (HSV1).nasal","ever_steroids",0.0688777703061745
"265","binary",1,1195.99545685648,0.00434448996929859,0.975870712316902,"Human alphaherpesvirus 1 (HSV1).nasal","ever_azithro",-0.0158908042991368
"266","binary",1,1202.68254429756,4.88190141891005,0.122009558436667,"Human alphaherpesvirus 1 (HSV1).nasal","ever_otherabx",0.59736275796023
"267","binary",1,451.05162134998,0.00010379086074863,0.994284780838158,"Human alphaherpesvirus 1 (HSV1).nasal","ever_conplas",-0.00410306935333726
"268","binary",1,72.8568703535335,1.17829701179419,0.58077980069946,"Human alphaherpesvirus 1 (HSV1).nasal","ever_monoclonal",-19.1576541540268
"269","binary",1,444.208738403024,0.150281220895408,0.863359878481895,"Human alphaherpesvirus 1 (HSV1).nasal","ever_immsupp",-0.186835294133969
"270","binary",1,729.708328353576,1.89403309557463,0.411384996030964,"Human alphaherpesvirus 1 (HSV1).nasal","anycomp",0.570574444888203
"271","binary",1,729.708328353576,1.89403309557463,0.411384996030964,"Human alphaherpesvirus 1 (HSV1).nasal","ncomp",0.570574444888203
"272","binary",1,76.7537653515596,1.64542857018662,0.469873689234777,"Human alphaherpesvirus 1 (HSV1).nasal","comp_seizure",-19.6285785535411
"273","binary",1,146.085695426285,0.0112761908269192,0.957253842748703,"Human alphaherpesvirus 1 (HSV1).nasal","comp_meningitis",0.0855027399764498
"274","binary",1,182.466850456747,1.36908079561323,0.538873459183184,"Human alphaherpesvirus 1 (HSV1).nasal","comp_stroke",0.68092607075853
"275","binary",1,502.846343512654,0.0189105672831147,0.94328213955422,"Human alphaherpesvirus 1 (HSV1).nasal","comp_afib",0.0518383425140794
"276","binary",1,285.276513932663,5.45776257180597,0.0933303456731182,"Human alphaherpesvirus 1 (HSV1).nasal","comp_ventricular_arr",1.02851700116116
"277","binary",1,31.8401237212188,0.437570561971306,0.756023537534795,"Human alphaherpesvirus 1 (HSV1).nasal","comp_endo",-20.0127277423051
"278","binary",1,64.7207542160875,0.716470997649694,0.682038415320591,"Human alphaherpesvirus 1 (HSV1).nasal","comp_myocard",-19.4668127366137
"279","binary",1,178.591249467331,0.390646081896733,0.774443517694596,"Human alphaherpesvirus 1 (HSV1).nasal","comp_cardarrest",0.414758230631025
"280","binary",1,133.442409694487,0.024086340094442,0.943275624493156,"Human alphaherpesvirus 1 (HSV1).nasal","comp_stemi",0.126392814082779
"281","binary",1,244.828371580627,0.106247879005394,0.876469348055993,"Human alphaherpesvirus 1 (HSV1).nasal","comp_nstemi",-0.205628806236587
"282","binary",1,473.932027576417,4.12322681233024,0.170630149961116,"Human alphaherpesvirus 1 (HSV1).nasal","comp_chf",0.7352179216897
"283","binary",1,1092.57533838748,2.14690448413467,0.391600143341103,"Human alphaherpesvirus 1 (HSV1).nasal","comp_pneumonia",0.415469680576793
"284","binary",1,75.6406716737144,0.380425603568,0.779572978836149,"Human alphaherpesvirus 1 (HSV1).nasal","comp_bronch",0.821960009649376
"285","binary",1,247.544682568954,0.93438498918735,0.628651059578604,"Human alphaherpesvirus 1 (HSV1).nasal","comp_pneumo",0.496767504297392
"286","binary",1,117.49980548182,0.325369821009303,0.796752154485073,"Human alphaherpesvirus 1 (HSV1).nasal","comp_pneumomed",0.409429614342046
"287","binary",1,92.7539340417296,0.0119292739212256,0.957168289483814,"Human alphaherpesvirus 1 (HSV1).nasal","comp_aat",-0.119165876737677
"288","binary",1,453.612660033543,9.01752246705865,0.0211865929432969,"Human alphaherpesvirus 1 (HSV1).nasal","comp_avthromb",1.01365306749434
"289","binary",1,556.034266630164,12.8877003923578,0.00358601085291133,"Human alphaherpesvirus 1 (HSV1).nasal","comp_shock",1.10710441272297
"290","binary",1,661.059270777508,2.09910953000337,0.393852817339963,"Human alphaherpesvirus 1 (HSV1).nasal","comp_bac",0.432832720723061
"291","binary",1,288.904612648294,0.0909235967324094,0.880260043145596,"Human alphaherpesvirus 1 (HSV1).nasal","comp_coag",0.164443265567745
"292","binary",1,168.164108068623,4.15828929781028,0.170630149961116,"Human alphaherpesvirus 1 (HSV1).nasal","comp_hypogly",1.32171954370503
"293","binary",1,390.36197629815,0.708709917630472,0.683199650527011,"Human alphaherpesvirus 1 (HSV1).nasal","comp_bleed",0.358152680799899
"294","binary",1,756.938698171484,0.105550629459458,0.876469348055993,"Human alphaherpesvirus 1 (HSV1).nasal","comp_anemia",0.0957524542486887
"295","binary",1,80.5025615573805,1.47860180428883,0.509863455282053,"Human alphaherpesvirus 1 (HSV1).nasal","comp_pancreas",-19.3481354742949
"296","binary",1,933.080794682726,2.91745573180674,0.292270253200836,"Human alphaherpesvirus 1 (HSV1).nasal","comp_renal",0.44593708250523
"297","binary",1,756.511542742179,3.0804460094223,0.274339354008662,"Human alphaherpesvirus 1 (HSV1).nasal","comp_liver",0.530010056320929
"298","binary",1,355.488216742837,1.18797050827192,0.58077980069946,"Human alphaherpesvirus 1 (HSV1).nasal","comp_othlab",0.517940310017653
"299","binary",1,332.695308345399,0.587089216529876,0.711055751776635,"Human alphaherpesvirus 1 (HSV1).nasal","comp_electrolyte",0.387312633607924
"300","binary",1,297.004796011,4.64688848770862,0.136353982862173,"Human alphaherpesvirus 1 (HSV1).nasal","comp_othinf",1.0542344966906
"301","binary",1,31.4513384835754,0.0987905334154675,0.879189205673035,"Human alphaherpesvirus 1 (HSV1).nasal","comp_othpulm",-18.221769288204
"302","binary",1,153.642727923261,0.0538394907774773,0.912200679089726,"Human alphaherpesvirus 1 (HSV1).nasal","comp_unddisease",-0.244735662257773
"303","binary",1,220.862930338743,1.89533538695301,0.411384996030964,"Human alphaherpesvirus 1 (HSV1).nasal","comp_enceph",0.77424337299562
"304","binary",1,96.9285635454716,1.09556659718363,0.587503968063088,"Human alphaherpesvirus 1 (HSV1).nasal","comp_othneuro",-18.1427201670521
"305","binary",1,361.41346658069,5.78316889379124,0.0833287733484353,"Human alphaherpesvirus 1 (HSV1).nasal","comp_hypergly",1.10135135056852
"306","binary",1,53.1306400762197,0.319447799768305,0.796752154485073,"Human alphaherpesvirus 1 (HSV1).nasal","comp_psych",-17.7061702557839
"307","binary",1,121.744594666626,0.0312485692177376,0.939498762153052,"Human alphaherpesvirus 1 (HSV1).nasal","comp_gastroent",0.202570413190275
"308","binary",1,29.6064145944997,7.60641459449925,0.0380827348803338,"Human alphaherpesvirus 1 (HSV1).nasal","comp_pulmvas",78.4081744861224
"309","binary",1,205.318724133918,0.0241597090406174,0.943275624493156,"Human alphaherpesvirus 1 (HSV1).nasal","comp_other2",-0.121320530652542
"310","binary",1,1292.08547813582,0.210104532207652,0.854259020686908,"Human alphaherpesvirus 2 (HSV2).nasal","comorb_htn",-0.487441136649551
"311","binary",1,1314.87108504098,1.66801356063888,0.499554036846668,"Human alphaherpesvirus 2 (HSV2).nasal","comorb_isaric_dm",1.42221190470084
"312","binary",1,960.913495005539,0.0344342696344029,0.931876828630041,"Human alphaherpesvirus 2 (HSV2).nasal","comorb_anyresp_noasthma",-0.216654007771896
"313","binary",1,823.825042068252,0.147302376731545,0.873313828815984,"Human alphaherpesvirus 2 (HSV2).nasal","comorb_isaric_asthma",0.474987537563337
"314","binary",1,1103.32885097861,0.9095320069232,0.68314243629901,"Human alphaherpesvirus 2 (HSV2).nasal","comorb_isaric_cardiac",1.01420553068589
"315","binary",1,851.827617146729,0.287216347090407,0.824013790178694,"Human alphaherpesvirus 2 (HSV2).nasal","comorb_isaric_ckd",0.685584653392389
"316","binary",1,631.177518833485,0.870669381118205,0.688177455578016,"Human alphaherpesvirus 2 (HSV2).nasal","comorb_isaric_neoplasm",1.2685856008528
"317","binary",1,705.281247030824,0.91032729754329,0.68314243629901,"Human alphaherpesvirus 2 (HSV2).nasal","comorb_neuro",-13.4308337788955
"318","binary",1,413.276334223148,0.375721736929904,0.800865095984919,"Human alphaherpesvirus 2 (HSV2).nasal","comorb_isaric_liver",-13.4582996645758
"319","binary",1,359.812195202407,0.337291975107007,0.808725073438174,"Human alphaherpesvirus 2 (HSV2).nasal","comorb_hxtrans",-16.3171663184305
"320","binary",1,138.494191450511,0.0837092783264382,0.889990434071232,"Human alphaherpesvirus 2 (HSV2).nasal","comorb_hiv2",-18.7906026905993
"321","binary",1,1227.4767794112,0.562535507248867,0.78002954485441,"Human alphaherpesvirus 2 (HSV2).nasal","comorb_eversmkvape",0.800319131994275
"322","binary",1,527.16570687745,0.416066657386864,0.789347349423123,"Human alphaherpesvirus 2 (HSV2).nasal","comorb_anysubstance",-13.500637356562
"323","binary",1,484.747893293861,0.462637895613511,0.781086698131965,"Human alphaherpesvirus 2 (HSV2).nasal","comorb_count",13.6550626134217
"324","binary",1,484.747893293861,0.462637895613511,0.781086698131965,"Human alphaherpesvirus 2 (HSV2).nasal","comorb_countcat",13.6550626134217
"325","binary",1,1058.9124027943,1.78421974427079,0.482981238262797,"Human alphaherpesvirus 2 (HSV2).nasal","timesymptomcat",14.1480633876509
"326","binary",1,789.048315582317,0.501540237607514,0.78040927644177,"Human alphaherpesvirus 2 (HSV2).nasal","symptom_allresp",-0.90528164035229
"327","binary",1,1370.13639771416,0.43837654457343,0.789347349423123,"Human alphaherpesvirus 2 (HSV2).nasal","symptom_cough",0.7376295538283
"328","binary",1,860.103415452483,1.47012225320486,0.53661548686494,"Human alphaherpesvirus 2 (HSV2).nasal","symptom_cough_prod",-13.926754163267
"329","binary",1,222.339914326633,0.133832739380381,0.880443049215795,"Human alphaherpesvirus 2 (HSV2).nasal","symptom_haemoptysis",-12.396181974414
"330","binary",1,591.246274975465,0.478147613800957,0.78040927644177,"Human alphaherpesvirus 2 (HSV2).nasal","symptom_sorethroat",-12.7719276504916
"331","binary",1,420.483631714439,0.499562584838202,0.78040927644177,"Human alphaherpesvirus 2 (HSV2).nasal","symptom_rhinorrhea",-13.7690974762357
"332","binary",1,420.17663129784,0.423156965695625,0.789347349423123,"Human alphaherpesvirus 2 (HSV2).nasal","symptom_wheeze",-14.6382170319784
"333","binary",1,985.415326667084,1.44789677167194,0.541911966229507,"Human alphaherpesvirus 2 (HSV2).nasal","symptom_chestpain",-13.9319881706054
"334","binary",1,1199.37745587951,0.00198946003865785,0.993356165465015,"Human alphaherpesvirus 2 (HSV2).nasal","symptom_dyspnea",0.0520609821114936
"335","binary",1,29.6064145893499,2.07833750209829e-12,1,"Human alphaherpesvirus 2 (HSV2).nasal","symptom_chestwall",-2.07334235268469
"336","binary",1,57.2452717130108,0.025425788893962,0.938205010063494,"Human alphaherpesvirus 2 (HSV2).nasal","symptom_earpain",-18.6302444800114
"337","binary",1,28.7019941445195,3.33955085807247e-13,1,"Human alphaherpesvirus 2 (HSV2).nasal","symptom_conjunctivitis",-1.29474550447351
"338","binary",1,1171.57453875783,0.586018188119851,0.775951217232428,"Human alphaherpesvirus 2 (HSV2).nasal","symptom_allsyst",-0.79874144678589
"339","binary",1,1378.38726165776,0.00656709062468508,0.977206287574899,"Human alphaherpesvirus 2 (HSV2).nasal","symptom_fever",0.0843883900856555
"340","binary",1,1105.61742412329,0.0658622827168074,0.90076917853594,"Human alphaherpesvirus 2 (HSV2).nasal","symptom_chills",0.320970272984185
"341","binary",1,115.140891240006,0.0589722371418731,0.902299871639354,"Human alphaherpesvirus 2 (HSV2).nasal","symptom_shaking",-17.4784998948764
"342","binary",1,1386.07631468654,0.318400854022457,0.812883992393777,"Human alphaherpesvirus 2 (HSV2).nasal","symptom_fatigue",-0.632104481844097
"343","binary",1,1089.53808674812,0.239289175796785,0.849454232168031,"Human alphaherpesvirus 2 (HSV2).nasal","symptom_myalgia",0.631729193379236
"344","binary",1,29.0509237021578,0.166860105708302,0.866483684833763,"Human alphaherpesvirus 2 (HSV2).nasal","symptom_lymphadenopathy",-24.3421997736299
"345","binary",1,1281.03359693616,0.843497505981986,0.696510087331045,"Human alphaherpesvirus 2 (HSV2).nasal","symptom_allneuro",0.952933539510194
"346","binary",1,919.619415656742,0.331047294257814,0.811141943773611,"Human alphaherpesvirus 2 (HSV2).nasal","symptom_headache",0.733702603661867
"347","binary",1,412.63571133776,1.59859080627945,0.508469746689916,"Human alphaherpesvirus 2 (HSV2).nasal","symptom_confusion",1.79769924102705
"348","binary",1,43.7090979556091,-5.11590769747272e-13,1,"Human alphaherpesvirus 2 (HSV2).nasal","symptom_seizure",-1.03359332526566
"349","binary",1,183.166450758329,2.94350012257209,0.314097807642342,"Human alphaherpesvirus 2 (HSV2).nasal","symptom_syncope",2.68349946612083
"350","binary",1,708.489732094823,0.878391753135929,0.687276210874197,"Human alphaherpesvirus 2 (HSV2).nasal","symptom_anosmia",1.24368748946761
"351","binary",1,1356.67857817331,0.208470503465605,0.854259020686908,"Human alphaherpesvirus 2 (HSV2).nasal","symptom_allGI",-0.517501969724732
"352","binary",1,646.511764198396,0.657375877031427,0.747847870313455,"Human alphaherpesvirus 2 (HSV2).nasal","symptom_abdpain",-13.10138434419
"353","binary",1,1057.12922084607,0.122407471828865,0.880443049215795,"Human alphaherpesvirus 2 (HSV2).nasal","symptom_nausea",0.432124992443159
"354","binary",1,1084.79021655234,1.86137652853313,0.470569519398558,"Human alphaherpesvirus 2 (HSV2).nasal","symptom_diarrhea",-14.1349098136112
"355","binary",1,114.305696575411,0.0595992495523632,0.902299871639354,"Human alphaherpesvirus 2 (HSV2).nasal","symptom_allderm",-16.6294716273493
"356","binary",1,90.5871633774914,0.0592146857924121,0.902299871639354,"Human alphaherpesvirus 2 (HSV2).nasal","symptom_skinrash",-17.5480767255586
"357","binary",1,43.3672158081352,2.92118329525692e-10,1,"Human alphaherpesvirus 2 (HSV2).nasal","symptom_skinulcer",0.433383321554277
"358","binary",1,579.044384821036,1.31321692250037,0.582848157726637,"Human alphaherpesvirus 2 (HSV2).nasal","symptom_allother",1.58414751563539
"359","binary",1,331.839038750586,3.37886080585258,0.268103710563786,"Human alphaherpesvirus 2 (HSV2).nasal","symptom_arthralgia",2.86918605084408
"360","binary",1,210.16480259819,0.212201254913936,0.854259020686908,"Human alphaherpesvirus 2 (HSV2).nasal","symptom_edema",-14.7336257897474
"361","binary",1,241.126472483506,0.224361896254379,0.853170516655635,"Human alphaherpesvirus 2 (HSV2).nasal","symptom_nonamb",-16.7729565230233
"362","binary",1,53.0761233875989,0.00767429688831101,0.977206287574899,"Human alphaherpesvirus 2 (HSV2).nasal","symptom_bleeding",-18.2510949899084
"363","binary",1,738.038416362667,1.49609962156615,0.530024766945771,"Human alphaherpesvirus 2 (HSV2).nasal","ever_ever_esc",1.76009230426825
"364","binary",1,788.506422146634,0.0550507613037325,0.904508475261939,"Human alphaherpesvirus 2 (HSV2).nasal","ever_icu",-0.285072082845878
"365","binary",1,369.48917625028,1.69754941822731,0.499086880480847,"Human alphaherpesvirus 2 (HSV2).nasal","diedever",2.27003926893634
"366","binary",1,1285.05504870557,0.374905051208543,0.800865095984919,"Human alphaherpesvirus 2 (HSV2).nasal","ever_remdes",-0.654761908724408
"367","binary",1,1040.98162402046,1.53439792719769,0.522158118190034,"Human alphaherpesvirus 2 (HSV2).nasal","ever_steroids",13.9517546234399
"368","binary",1,1205.58856726931,2.71493266041671,0.337038056784296,"Human alphaherpesvirus 2 (HSV2).nasal","ever_azithro",-13.6300389781564
"369","binary",1,1216.68351192004,0.55968759508346,0.78002954485441,"Human alphaherpesvirus 2 (HSV2).nasal","ever_otherabx",0.929137245500712
"370","binary",1,451.898611051976,1.08632759272075,0.631350351020429,"Human alphaherpesvirus 2 (HSV2).nasal","ever_conplas",-15.4357422851071
"371","binary",1,72.9397422605773,0.0167966578117245,0.954819457562263,"Human alphaherpesvirus 2 (HSV2).nasal","ever_monoclonal",-17.9072557911545
"372","binary",1,445.188788728353,0.532412482793234,0.78040927644177,"Human alphaherpesvirus 2 (HSV2).nasal","ever_immsupp",-13.8526667948651
"373","binary",1,737.076956222174,0.089655633206462,0.887881359885791,"Human alphaherpesvirus 2 (HSV2).nasal","anycomp",-0.386534381709963
"374","binary",1,737.076956222174,0.089655633206462,0.887881359885791,"Human alphaherpesvirus 2 (HSV2).nasal","ncomp",-0.386534381709963
"375","binary",1,76.8546503897746,0.0286314787297783,0.938205010063494,"Human alphaherpesvirus 2 (HSV2).nasal","comp_seizure",-18.8351982292296
"376","binary",1,146.271835857823,2.97958095747498,0.310181192262152,"Human alphaherpesvirus 2 (HSV2).nasal","comp_meningitis",2.74069647558382
"377","binary",1,182.641809588636,3.02144879750963,0.307764105792918,"Human alphaherpesvirus 2 (HSV2).nasal","comp_stroke",2.76307293241607
"378","binary",1,503.786094993481,0.953067604799969,0.674244543147022,"Human alphaherpesvirus 2 (HSV2).nasal","comp_afib",1.35773406704339
"379","binary",1,285.658455394008,0.374818244134417,0.800865095984919,"Human alphaherpesvirus 2 (HSV2).nasal","comp_ventricular_arr",-14.3944243892975
"380","binary",1,31.8401237212683,-4.15852241530956e-10,1,"Human alphaherpesvirus 2 (HSV2).nasal","comp_endo",-0.364143158209746
"381","binary",1,64.7850054557119,0.0249847294897734,0.938205010063494,"Human alphaherpesvirus 2 (HSV2).nasal","comp_myocard",-18.5209149197113
"382","binary",1,178.639971219827,0.475718352537399,0.78040927644177,"Human alphaherpesvirus 2 (HSV2).nasal","comp_cardarrest",-19.5276106904503
"383","binary",1,133.564665695118,3.09795471344643,0.300430488521155,"Human alphaherpesvirus 2 (HSV2).nasal","comp_stemi",2.80777034041389
"384","binary",1,245.046601322647,0.272099804980797,0.833969276994946,"Human alphaherpesvirus 2 (HSV2).nasal","comp_nstemi",-17.0873869441749
"385","binary",1,474.661323532055,0.79606452302113,0.713378236348483,"Human alphaherpesvirus 2 (HSV2).nasal","comp_chf",-18.1761131132762
"386","binary",1,1102.97935966054,0.232802225395517,0.852690245300316,"Human alphaherpesvirus 2 (HSV2).nasal","comp_pneumonia",-0.562523054775759
"387","binary",1,75.7122899336702,0.0319322817539671,0.93289884346718,"Human alphaherpesvirus 2 (HSV2).nasal","comp_bronch",-17.896682739332
"388","binary",1,247.978152144112,0.168477695895518,0.866483684833763,"Human alphaherpesvirus 2 (HSV2).nasal","comp_pneumo",-16.5936563430906
"389","binary",1,117.587398339381,0.110653638358755,0.880443049215795,"Human alphaherpesvirus 2 (HSV2).nasal","comp_pneumomed",-20.0848304926971
"390","binary",1,92.8285049664161,0.122202728898927,0.880443049215795,"Human alphaherpesvirus 2 (HSV2).nasal","comp_aat",-20.1828277237134
"391","binary",1,459.997474536466,0.52613479271281,0.78040927644177,"Human alphaherpesvirus 2 (HSV2).nasal","comp_avthromb",-16.8496511955349
"392","binary",1,564.586728960047,0.00268975771393798,0.989871774723468,"Human alphaherpesvirus 2 (HSV2).nasal","comp_shock",0.0850860255503475
"393","binary",1,662.626845017468,9.16868863108277,0.0218866200571617,"Human alphaherpesvirus 2 (HSV2).nasal","comp_bac",3.58484926633008
"394","binary",1,289.882753734972,0.102403885399156,0.88455504412385,"Human alphaherpesvirus 2 (HSV2).nasal","comp_coag",-12.2048550310872
"395","binary",1,168.601167250307,0.151452989931101,0.873313828815984,"Human alphaherpesvirus 2 (HSV2).nasal","comp_hypogly",-16.5915915425056
"396","binary",1,390.836674104311,7.10799231568262,0.0486419949920462,"Human alphaherpesvirus 2 (HSV2).nasal","comp_bleed",3.5843294141591
"397","binary",1,759.348891754734,1.73789716470378,0.491790204584129,"Human alphaherpesvirus 2 (HSV2).nasal","comp_anemia",-14.091167988906
"398","binary",1,80.5285393616526,0.0334067907075166,0.931876828630041,"Human alphaherpesvirus 2 (HSV2).nasal","comp_pancreas",-18.9783056641956
"399","binary",1,938.769708190865,0.0132308587925536,0.959669417181598,"Human alphaherpesvirus 2 (HSV2).nasal","comp_renal",0.155044611412135
"400","binary",1,769.106250133413,0.848862481777701,0.696510087331045,"Human alphaherpesvirus 2 (HSV2).nasal","comp_liver",-13.3570316473322
"401","binary",1,356.45629723844,0.315790179164651,0.812883992393777,"Human alphaherpesvirus 2 (HSV2).nasal","comp_othlab",-12.3110051740322
"402","binary",1,333.367336099658,0.459643270348067,0.781086698131965,"Human alphaherpesvirus 2 (HSV2).nasal","comp_electrolyte",-16.6683057823961
"403","binary",1,297.632218864036,0.184223227350628,0.866483684833763,"Human alphaherpesvirus 2 (HSV2).nasal","comp_othinf",-12.794619470017
"404","binary",1,31.451338483793,-1.83320025826106e-12,1,"Human alphaherpesvirus 2 (HSV2).nasal","comp_othpulm",-1.22601220050283
"405","binary",1,154.016112036831,0.0478550505909539,0.910848924575675,"Human alphaherpesvirus 2 (HSV2).nasal","comp_unddisease",-16.264955332921
"406","binary",1,221.252755633716,0.131301687641553,0.880443049215795,"Human alphaherpesvirus 2 (HSV2).nasal","comp_enceph",-12.4287479500011
"407","binary",1,97.0675588482897,0.0533020025980164,0.905308020873287,"Human alphaherpesvirus 2 (HSV2).nasal","comp_othneuro",-18.3027635529527
"408","binary",1,362.163757825607,2.60196923467805,0.349971473834567,"Human alphaherpesvirus 2 (HSV2).nasal","comp_hypergly",2.4550566820685
"409","binary",1,53.1659788968613,5.31464650066482e-10,1,"Human alphaherpesvirus 2 (HSV2).nasal","comp_psych",0.136426617336916
"410","binary",1,121.905683827413,0.0870454337744633,0.888771288990596,"Human alphaherpesvirus 2 (HSV2).nasal","comp_gastroent",-17.7887681321692
"411","binary",1,29.6064145945676,5.71986902286881e-13,1,"Human alphaherpesvirus 2 (HSV2).nasal","comp_pulmvas",-0.931311046381789
"412","binary",1,205.813627123687,0.16619854854514,0.866483684833763,"Human alphaherpesvirus 2 (HSV2).nasal","comp_other2",-14.6420260182405
"413","binary",1,1292.5404681996,0.148005999311181,0.825934714656043,"Human betaherpesvirus 5 (CMV).nasal","comorb_htn",0.190974815953664
"414","binary",1,1316.22986766582,1.16910916542201,0.538265213833823,"Human betaherpesvirus 5 (CMV).nasal","comorb_isaric_dm",-0.503602833899797
"415","binary",1,962.879837293166,0.00098316094306483,0.994292767073666,"Human betaherpesvirus 5 (CMV).nasal","comorb_anyresp_noasthma",0.0171843361680118
"416","binary",1,829.545316389799,0.119686438947497,0.841743490742443,"Human betaherpesvirus 5 (CMV).nasal","comorb_isaric_asthma",0.23275999420443
"417","binary",1,1104.52605346766,0.630156451276662,0.674508613531398,"Human betaherpesvirus 5 (CMV).nasal","comorb_isaric_cardiac",-0.422116698571397
"418","binary",1,852.381011748919,0.00054558968577112,0.994925104684288,"Human betaherpesvirus 5 (CMV).nasal","comorb_isaric_ckd",-0.0138698933831867
"419","binary",1,631.693812958954,0.122118025148666,0.841743490742443,"Human betaherpesvirus 5 (CMV).nasal","comorb_isaric_neoplasm",-0.269197733410303
"420","binary",1,705.569877390701,1.2881998485741,0.533477494245276,"Human betaherpesvirus 5 (CMV).nasal","comorb_neuro",-1.05345921745574
"421","binary",1,413.335009463294,0.43610918216018,0.72621404998413,"Human betaherpesvirus 5 (CMV).nasal","comorb_isaric_liver",0.556920898442076
"422","binary",1,359.834383031551,0.316345142371688,0.755770354527914,"Human betaherpesvirus 5 (CMV).nasal","comorb_hxtrans",-0.599007413694877
"423","binary",1,138.494191450634,0.407598689536655,0.738200772576858,"Human betaherpesvirus 5 (CMV).nasal","comorb_hiv2",-18.6122062357739
"424","binary",1,1229.00272944285,3.0292777373395,0.268789158599749,"Human betaherpesvirus 5 (CMV).nasal","comorb_eversmkvape",-0.942079581471133
"425","binary",1,527.357319515029,3.36656822741679,0.23630405956211,"Human betaherpesvirus 5 (CMV).nasal","comorb_anysubstance",-14.954776218429
"426","binary",1,484.800905534948,0.334357820044943,0.755770354527914,"Human betaherpesvirus 5 (CMV).nasal","comorb_count",-0.478818933353441
"427","binary",1,484.800905534948,0.334357820044943,0.755770354527914,"Human betaherpesvirus 5 (CMV).nasal","comorb_countcat",-0.478818933353441
"428","binary",1,1059.45090032618,10.122763362305,0.01371297666182,"Human betaherpesvirus 5 (CMV).nasal","timesymptomcat",15.218210558585
"429","binary",1,791.592438829419,3.12579707355951,0.26458014004693,"Human betaherpesvirus 5 (CMV).nasal","symptom_allresp",-1.00012993929158
"430","binary",1,1370.74831888947,2.37791206028282,0.348183586194613,"Human betaherpesvirus 5 (CMV).nasal","symptom_cough",-0.7251276810149
"431","binary",1,860.411990646857,1.68523287858955,0.452107326256035,"Human betaherpesvirus 5 (CMV).nasal","symptom_cough_prod",-1.13600486355412
"432","binary",1,222.355212388512,0.702616472260019,0.660396206056381,"Human betaherpesvirus 5 (CMV).nasal","symptom_haemoptysis",-14.3432285676186
"433","binary",1,591.32658577141,3.42057739075233,0.23630405956211,"Human betaherpesvirus 5 (CMV).nasal","symptom_sorethroat",-15.0428015847357
"434","binary",1,420.60042647468,0.00020890919711291,0.995718400959442,"Human betaherpesvirus 5 (CMV).nasal","symptom_rhinorrhea",-0.0153928198453664
"435","binary",1,420.284609780684,3.06441342092091,0.268048001800619,"Human betaherpesvirus 5 (CMV).nasal","symptom_wheeze",-16.8686463568472
"436","binary",1,985.566576363234,1.07888686021818,0.553792634439073,"Human betaherpesvirus 5 (CMV).nasal","symptom_chestpain",0.593481450743895
"437","binary",1,1201.87511113007,0.656853162659672,0.666981846929964,"Human betaherpesvirus 5 (CMV).nasal","symptom_dyspnea",-0.400444441513708
"438","binary",1,29.6064145893523,0.258513782327043,0.779538502820915,"Human betaherpesvirus 5 (CMV).nasal","symptom_chestwall",-22.8761418549965
"439","binary",1,57.2452717130634,4.46030896736475,0.152050888699164,"Human betaherpesvirus 5 (CMV).nasal","symptom_earpain",3.89436385600292
"440","binary",1,28.7019941445241,7.14095449438901e-13,0.999999574631663,"Human betaherpesvirus 5 (CMV).nasal","symptom_conjunctivitis",-0.965693939920583
"441","binary",1,1172.35019637038,1.12072115758519,0.549432229997582,"Human betaherpesvirus 5 (CMV).nasal","symptom_allsyst",-0.505338358453259
"442","binary",1,1378.76065910473,0.0662688475590585,0.880165520411476,"Human betaherpesvirus 5 (CMV).nasal","symptom_fever",-0.124059956786921
"443","binary",1,1105.72971968772,0.126230917521525,0.841743490742443,"Human betaherpesvirus 5 (CMV).nasal","symptom_chills",-0.227911471702674
"444","binary",1,115.140891240351,0.311775085011675,0.755770354527914,"Human betaherpesvirus 5 (CMV).nasal","symptom_shaking",-17.4033443637745
"445","binary",1,1386.62990951525,2.02998113685931,0.382085086897918,"Human betaherpesvirus 5 (CMV).nasal","symptom_fatigue",-0.717998979491593
"446","binary",1,1089.6322242171,0.898800993258419,0.601525982703367,"Human betaherpesvirus 5 (CMV).nasal","symptom_myalgia",-0.676208167280252
"447","binary",1,29.0509237021616,1.76925141204265e-11,0.999999574631663,"Human betaherpesvirus 5 (CMV).nasal","symptom_lymphadenopathy",-1.46359310491485
"448","binary",1,1281.49211721754,1.55702126056872,0.472356660469313,"Human betaherpesvirus 5 (CMV).nasal","symptom_allneuro",-0.670463785968003
"449","binary",1,919.690593550139,0.428079656171121,0.72621404998413,"Human betaherpesvirus 5 (CMV).nasal","symptom_headache",-0.474607429703761
"450","binary",1,412.89382612362,1.08984386957547,0.552761953038327,"Human betaherpesvirus 5 (CMV).nasal","symptom_confusion",-0.999215200414288
"451","binary",1,43.709097955627,0.102422305943811,0.850641185136366,"Human betaherpesvirus 5 (CMV).nasal","symptom_seizure",-20.0955705051677
"452","binary",1,183.227785370935,0.472837145256619,0.713784817448739,"Human betaherpesvirus 5 (CMV).nasal","symptom_syncope",-16.8771667031941
"453","binary",1,708.608684386771,0.551119766438546,0.695298602054654,"Human betaherpesvirus 5 (CMV).nasal","symptom_anosmia",-0.7006858860413
"454","binary",1,1357.21837056986,3.51622725160587,0.227613645817316,"Human betaherpesvirus 5 (CMV).nasal","symptom_allGI",-1.06668645018865
"455","binary",1,646.603719733134,0.371782037032744,0.751913184135689,"Human betaherpesvirus 5 (CMV).nasal","symptom_abdpain",-0.586969556178597
"456","binary",1,1057.31481759673,2.65656987428611,0.305659248656859,"Human betaherpesvirus 5 (CMV).nasal","symptom_nausea",-1.37787293859233
"457","binary",1,1085.12656702522,3.57941096431409,0.221118854403523,"Human betaherpesvirus 5 (CMV).nasal","symptom_diarrhea",-1.54639765162961
"458","binary",1,114.315631295152,1.1756805802942,0.538265213833823,"Human betaherpesvirus 5 (CMV).nasal","symptom_allderm",1.42262378800257
"459","binary",1,90.587163377826,2.47824893682854,0.332569571901379,"Human betaherpesvirus 5 (CMV).nasal","symptom_skinrash",2.29988924685512
"460","binary",1,43.3672158081272,0.200736202607089,0.809310603469663,"Human betaherpesvirus 5 (CMV).nasal","symptom_skinulcer",-19.8009836673684
"461","binary",1,579.210964995262,4.19717583479098,0.170228983858593,"Human betaherpesvirus 5 (CMV).nasal","symptom_allother",-15.1307247750032
"462","binary",1,331.883521994254,0.978599062091462,0.577776117680613,"Human betaherpesvirus 5 (CMV).nasal","symptom_arthralgia",-14.7267199836405
"463","binary",1,210.243598505008,1.48488876015901,0.482648481901359,"Human betaherpesvirus 5 (CMV).nasal","symptom_edema",-16.032420517341
"464","binary",1,241.212474684624,1.6924828345258,0.452107326256035,"Human betaherpesvirus 5 (CMV).nasal","symptom_nonamb",-18.1891208673464
"465","binary",1,53.0761233876476,0.15044370393921,0.825934714656043,"Human betaherpesvirus 5 (CMV).nasal","symptom_bleeding",-19.4754248153763
"466","binary",1,739.318563227306,0.151932134403978,0.825934714656043,"Human betaherpesvirus 5 (CMV).nasal","ever_ever_esc",0.210693869277198
"467","binary",1,788.521573698727,4.78918550426988,0.132575887978135,"Human betaherpesvirus 5 (CMV).nasal","ever_icu",1.8582428171555
"468","binary",1,369.489176253078,14.1620084188887,0.00203240984307531,"Human betaherpesvirus 5 (CMV).nasal","diedever",2.35341871430355
"469","binary",1,1286.46663864893,1.67603479937611,0.452394907242547,"Human betaherpesvirus 5 (CMV).nasal","ever_remdes",-0.623160217181427
"470","binary",1,1041.38081605797,2.49301968486384,0.331782244579238,"Human betaherpesvirus 5 (CMV).nasal","ever_steroids",-0.899694970324897
"471","binary",1,1206.40351232245,6.38566659221306,0.0631983541688628,"Human betaherpesvirus 5 (CMV).nasal","ever_azithro",-1.43426551650815
"472","binary",1,1216.84136599036,0.120411858403713,0.841743490742443,"Human betaherpesvirus 5 (CMV).nasal","ever_otherabx",0.206509561917404
"473","binary",1,452.604645350268,0.0766407135193958,0.870659011914821,"Human betaherpesvirus 5 (CMV).nasal","ever_conplas",0.211716962407834
"474","binary",1,72.9397422603394,0.278270446374506,0.774556209767685,"Human betaherpesvirus 5 (CMV).nasal","ever_monoclonal",-19.1585400049204
"475","binary",1,445.223759409299,0.00046203616079765,0.994925104684288,"Human betaherpesvirus 5 (CMV).nasal","ever_immsupp",-0.0178640739390989
"476","binary",1,737.139366932239,3.3762842747758,0.23630405956211,"Human betaherpesvirus 5 (CMV).nasal","anycomp",13.9490386050036
"477","binary",1,737.139366932239,3.3762842747758,0.23630405956211,"Human betaherpesvirus 5 (CMV).nasal","ncomp",13.9490386050036
"478","binary",1,76.8711243971986,0.356015723643353,0.753819523860247,"Human betaherpesvirus 5 (CMV).nasal","comp_seizure",-19.5889419352419
"479","binary",1,146.381104044937,0.442652649431068,0.72621404998413,"Human betaherpesvirus 5 (CMV).nasal","comp_meningitis",0.798120484350023
"480","binary",1,182.767271868763,1.09375310319098,0.552761953038327,"Human betaherpesvirus 5 (CMV).nasal","comp_stroke",0.927230390721287
"481","binary",1,504.350792912025,0.0182382994060504,0.942923204843133,"Human betaherpesvirus 5 (CMV).nasal","comp_afib",0.091961107234216
"482","binary",1,286.01886536186,1.66095232939017,0.454498261554447,"Human betaherpesvirus 5 (CMV).nasal","comp_ventricular_arr",0.955858685150085
"483","binary",1,31.840123722041,0.0373499588243114,0.913253301625021,"Human betaherpesvirus 5 (CMV).nasal","comp_endo",-18.8985412209304
"484","binary",1,64.7850054557576,0.313815951259599,0.755770354527914,"Human betaherpesvirus 5 (CMV).nasal","comp_myocard",-20.2299941432869
"485","binary",1,178.767349379618,7.05261357331915,0.0486711484788205,"Human betaherpesvirus 5 (CMV).nasal","comp_cardarrest",2.90969368981793
"486","binary",1,133.68273685424,2.91812579758565,0.279743351792737,"Human betaherpesvirus 5 (CMV).nasal","comp_stemi",1.6716441381244
"487","binary",1,245.33738407052,2.29887938320044,0.353248733656339,"Human betaherpesvirus 5 (CMV).nasal","comp_nstemi",-18.5112749390755
"488","binary",1,475.332773197886,1.3966494362744,0.503925632606216,"Human betaherpesvirus 5 (CMV).nasal","comp_chf",-1.07474501953768
"489","binary",1,1104.08582773232,0.373947383962559,0.751913184135689,"Human betaherpesvirus 5 (CMV).nasal","comp_pneumonia",-0.345497597684554
"490","binary",1,75.7122899338282,0.332388947510509,0.755770354527914,"Human betaherpesvirus 5 (CMV).nasal","comp_bronch",-18.5894747128704
"491","binary",1,248.045166319906,8.69297159507141,0.0243720435219308,"Human betaherpesvirus 5 (CMV).nasal","comp_pneumo",1.95633588410641
"492","binary",1,117.697608690674,1.32741699229324,0.523965746087564,"Human betaherpesvirus 5 (CMV).nasal","comp_pneumomed",-20.8798891062049
"493","binary",1,92.8776689438179,0.638380613063745,0.672568687519472,"Human betaherpesvirus 5 (CMV).nasal","comp_aat",-20.0827117423192
"494","binary",1,460.271630454178,3.48538731723824,0.229802730358382,"Human betaherpesvirus 5 (CMV).nasal","comp_avthromb",1.06367399661379
"495","binary",1,565.198326390771,5.50220222711209,0.0966040336670804,"Human betaherpesvirus 5 (CMV).nasal","comp_shock",1.33965859510814
"496","binary",1,664.823973886529,1.59381233886154,0.463012544637477,"Human betaherpesvirus 5 (CMV).nasal","comp_bac",0.653776307317568
"497","binary",1,289.908284171907,3.0208078252374,0.268789158599749,"Human betaherpesvirus 5 (CMV).nasal","comp_coag",-15.8859458676676
"498","binary",1,168.632440943834,0.998171993422432,0.576715125449025,"Human betaherpesvirus 5 (CMV).nasal","comp_hypogly",-16.7614812862544
"499","binary",1,391.037915319299,0.00661783268259342,0.972947948031754,"Human betaherpesvirus 5 (CMV).nasal","comp_bleed",-0.0661308193922995
"500","binary",1,759.607653578175,0.0769188391332136,0.870659011914821,"Human betaherpesvirus 5 (CMV).nasal","comp_anemia",-0.154347776383291
"501","binary",1,80.5668709460265,0.209303214286081,0.809310603469663,"Human betaherpesvirus 5 (CMV).nasal","comp_pancreas",-18.940318352867
"502","binary",1,940.056213139089,1.21206932230598,0.536873668405714,"Human betaherpesvirus 5 (CMV).nasal","comp_renal",0.558882893929148
"503","binary",1,769.299218254011,0.00760272098932546,0.970565234239921,"Human betaherpesvirus 5 (CMV).nasal","comp_liver",0.0572587021865888
"504","binary",1,356.48502338973,0.0983811731687751,0.850843218113619,"Human betaherpesvirus 5 (CMV).nasal","comp_othlab",0.358294295902443
"505","binary",1,333.493091459602,4.35520174351018,0.158345714976412,"Human betaherpesvirus 5 (CMV).nasal","comp_electrolyte",1.74098953572922
"506","binary",1,297.657514828071,4.37644854823401,0.15802952186594,"Human betaherpesvirus 5 (CMV).nasal","comp_othinf",1.72694292207447
"507","binary",1,31.45133848381,0.0487853364972395,0.897040882126738,"Human betaherpesvirus 5 (CMV).nasal","comp_othpulm",-20.0819658010932
"508","binary",1,154.016112036395,1.83100576515395,0.417548285803936,"Human betaherpesvirus 5 (CMV).nasal","comp_unddisease",1.91578132804819
"509","binary",1,221.274235864726,1.49242249520313,0.482648481901359,"Human betaherpesvirus 5 (CMV).nasal","comp_enceph",1.14990702152206
"510","binary",1,97.067558848634,0.216745045117577,0.808290202760468,"Human betaherpesvirus 5 (CMV).nasal","comp_othneuro",-17.9499210248276
"511","binary",1,362.204852242727,1.83586559957564,0.417548285803936,"Human betaherpesvirus 5 (CMV).nasal","comp_hypergly",-16.334321274942
"512","binary",1,53.1659788969889,0.0099839639070467,0.964906103947675,"Human betaherpesvirus 5 (CMV).nasal","comp_psych",-15.7721493664809
"513","binary",1,121.905683828344,0.112924932816099,0.845619558230145,"Human betaherpesvirus 5 (CMV).nasal","comp_gastroent",-16.2597312123449
"514","binary",1,29.606414594574,2.8421709430404e-13,0.999999574631663,"Human betaherpesvirus 5 (CMV).nasal","comp_pulmvas",-0.110981072218449
"515","binary",1,205.856437108771,0.981369720507331,0.577776117680613,"Human betaherpesvirus 5 (CMV).nasal","comp_other2",-15.6539205961541
"516","binary",1,1375.83329197412,0.00090864776029775,0.98794196837986,"Human betaherpesvirus 5 (CMV).pbmc","comorb_htn",-0.0107713511732753
"517","binary",1,1404.61413531354,0.0441825036607497,0.891968690571896,"Human betaherpesvirus 5 (CMV).pbmc","comorb_isaric_dm",-0.0719970254656413
"518","binary",1,1053.77798837308,0.242336021396568,0.781464728321412,"Human betaherpesvirus 5 (CMV).pbmc","comorb_anyresp_noasthma",-0.209535796269901
"519","binary",1,908.234869258261,0.0541909633866453,0.879353261183106,"Human betaherpesvirus 5 (CMV).pbmc","comorb_isaric_asthma",0.104843816161243
"520","binary",1,1180.09883006559,0.0532764501940619,0.879353261183106,"Human betaherpesvirus 5 (CMV).pbmc","comorb_isaric_cardiac",0.0908315347948878
"521","binary",1,916.619319071389,0.559618290824687,0.687174549639844,"Human betaherpesvirus 5 (CMV).pbmc","comorb_isaric_ckd",0.342625699527525
"522","binary",1,664.529730622774,0.52895961677666,0.687174549639844,"Human betaherpesvirus 5 (CMV).pbmc","comorb_isaric_neoplasm",-0.444771685845602
"523","binary",1,776.17855072233,6.26942975606607,0.068391259636672,"Human betaherpesvirus 5 (CMV).pbmc","comorb_neuro",-1.94689484527324
"524","binary",1,445.310513324842,1.34908151486502,0.499090982189208,"Human betaherpesvirus 5 (CMV).pbmc","comorb_isaric_liver",0.71543298292987
"525","binary",1,383.119874143079,0.00024964774610225,0.993855512015528,"Human betaherpesvirus 5 (CMV).pbmc","comorb_hxtrans",-0.0128354718214558
"526","binary",1,203.006663413796,0.538979599488158,0.687174549639844,"Human betaherpesvirus 5 (CMV).pbmc","comorb_hiv2",0.888783406178651
"527","binary",1,1315.86172596941,0.6416566153639,0.677404824313258,"Human betaherpesvirus 5 (CMV).pbmc","comorb_eversmkvape",-0.301285975159203
"528","binary",1,573.531376348885,0.298551778868386,0.749682477741717,"Human betaherpesvirus 5 (CMV).pbmc","comorb_anysubstance",-0.394310344927687
"529","binary",1,484.665101302855,1.28551413720868,0.506976778520804,"Human betaherpesvirus 5 (CMV).pbmc","comorb_count",-0.704736641084866
"530","binary",1,484.665101302855,1.28551413720868,0.506976778520804,"Human betaherpesvirus 5 (CMV).pbmc","comorb_countcat",-0.704736641084866
"531","binary",1,1133.8912999366,2.99205835764792,0.255359881607872,"Human betaherpesvirus 5 (CMV).pbmc","timesymptomcat",0.853692583106802
"532","binary",1,856.646998565199,6.08948062677177,0.0737203827174962,"Human betaherpesvirus 5 (CMV).pbmc","symptom_allresp",-1.07128309309886
"533","binary",1,1467.82167656314,3.08715908110617,0.246673951185029,"Human betaherpesvirus 5 (CMV).pbmc","symptom_cough",-0.592559566271608
"534","binary",1,905.527082456773,5.23543068338358,0.104458785318194,"Human betaherpesvirus 5 (CMV).pbmc","symptom_cough_prod",-1.75346112886551
"535","binary",1,251.973812605211,1.38886186420265,0.493183060455006,"Human betaherpesvirus 5 (CMV).pbmc","symptom_haemoptysis",-15.414502382187
"536","binary",1,655.615678718553,0.136405979459482,0.828891745212972,"Human betaherpesvirus 5 (CMV).pbmc","symptom_sorethroat",-0.227672130471696
"537","binary",1,425.244472320565,0.407910876116944,0.711185114547845,"Human betaherpesvirus 5 (CMV).pbmc","symptom_rhinorrhea",-0.610867289225774
"538","binary",1,465.09327647138,0.0733195105031541,0.858448291403171,"Human betaherpesvirus 5 (CMV).pbmc","symptom_wheeze",-0.199078165957865
"539","binary",1,1064.35987288133,4.46847289720017,0.13996322187432,"Human betaherpesvirus 5 (CMV).pbmc","symptom_chestpain",-1.14409140169545
"540","binary",1,1270.63821331247,3.07197751748754,0.246743159281643,"Human betaherpesvirus 5 (CMV).pbmc","symptom_dyspnea",-0.641977556665404
"541","binary",1,29.8352979273589,0.228883337729563,0.784141764225294,"Human betaherpesvirus 5 (CMV).pbmc","symptom_chestwall",-22.136393720841
"542","binary",1,57.6070131719051,2.42086432115846,0.302627532020907,"Human betaherpesvirus 5 (CMV).pbmc","symptom_earpain",2.40340012529606
"543","binary",1,40.8908844051493,0.0373460962730263,0.901462494928674,"Human betaherpesvirus 5 (CMV).pbmc","symptom_conjunctivitis",-18.2185576650478
"544","binary",1,1273.23950981881,5.15120963035065,0.107537485862958,"Human betaherpesvirus 5 (CMV).pbmc","symptom_allsyst",-0.786428397322812
"545","binary",1,1475.81872114514,3.65813156975491,0.198172608439545,"Human betaherpesvirus 5 (CMV).pbmc","symptom_fever",-0.676058042022371
"546","binary",1,1197.18004995222,0.420398864007439,0.709653638063385,"Human betaherpesvirus 5 (CMV).pbmc","symptom_chills",-0.279459384953852
"547","binary",1,153.077516307139,0.941222267701249,0.58784350734303,"Human betaherpesvirus 5 (CMV).pbmc","symptom_shaking",-17.0078382602707
"548","binary",1,1483.44515887399,4.10273711975174,0.163328421868359,"Human betaherpesvirus 5 (CMV).pbmc","symptom_fatigue",-0.735962778511358
"549","binary",1,1171.28547079275,5.88886846698051,0.0784699719079392,"Human betaherpesvirus 5 (CMV).pbmc","symptom_myalgia",-1.28024258116874
"550","binary",1,73.071993992222,0.455047266181055,0.70436825117708,"Human betaherpesvirus 5 (CMV).pbmc","symptom_lymphadenopathy",-17.9344413342972
"551","binary",1,1364.63023250429,8.32739877655945,0.0292486245701138,"Human betaherpesvirus 5 (CMV).pbmc","symptom_allneuro",-1.24259800139278
"552","binary",1,997.635886487498,5.64691119636132,0.0867987032197194,"Human betaherpesvirus 5 (CMV).pbmc","symptom_headache",-1.43673082929751
"553","binary",1,426.817758129837,0.784041211224746,0.637342020390137,"Human betaherpesvirus 5 (CMV).pbmc","symptom_confusion",-0.629616566366385
"554","binary",1,54.351185894663,0.386850472626179,0.713083021582883,"Human betaherpesvirus 5 (CMV).pbmc","symptom_seizure",-19.8976112029896
"555","binary",1,187.1617765339,0.240238753997573,0.781464728321412,"Human betaherpesvirus 5 (CMV).pbmc","symptom_syncope",0.579372634098803
"556","binary",1,725.91194782146,2.65194274986436,0.281446613966635,"Human betaherpesvirus 5 (CMV).pbmc","symptom_anosmia",-1.35222248241349
"557","binary",1,1451.05221300517,3.36223990419239,0.223442264988302,"Human betaherpesvirus 5 (CMV).pbmc","symptom_allGI",-0.69209133871657
"558","binary",1,729.816210692876,0.206325952004363,0.791896245208593,"Human betaherpesvirus 5 (CMV).pbmc","symptom_abdpain",-0.273322252649962
"559","binary",1,1128.50642877483,2.74856901388011,0.274760968013435,"Human betaherpesvirus 5 (CMV).pbmc","symptom_nausea",-0.828007767379378
"560","binary",1,1161.56588252476,3.21935986936501,0.237953160242228,"Human betaherpesvirus 5 (CMV).pbmc","symptom_diarrhea",-0.87355292850764
"561","binary",1,150.718011318873,0.100199545283829,0.843352670839207,"Human betaherpesvirus 5 (CMV).pbmc","symptom_allderm",0.361743344456423
"562","binary",1,126.444390839615,0.523965977691986,0.687174549639844,"Human betaherpesvirus 5 (CMV).pbmc","symptom_skinrash",0.887001723844127
"563","binary",1,43.9418735880611,0.632218896766929,0.677404824313258,"Human betaherpesvirus 5 (CMV).pbmc","symptom_skinulcer",-20.1985180675344
"564","binary",1,632.345764390492,1.22412560213036,0.517026342884089,"Human betaherpesvirus 5 (CMV).pbmc","symptom_allother",-0.747779028762021
"565","binary",1,335.26116607228,2.1836567938891,0.336972874360343,"Human betaherpesvirus 5 (CMV).pbmc","symptom_arthralgia",-14.8945049589283
"566","binary",1,288.477400374216,0.330305253521828,0.736959533468445,"Human betaherpesvirus 5 (CMV).pbmc","symptom_edema",0.471515529608606
"567","binary",1,240.616659927926,2.96045163199346,0.255449863651668,"Human betaherpesvirus 5 (CMV).pbmc","symptom_nonamb",-18.1617069568428
"568","binary",1,67.1510251890217,0.414622798218971,0.711185114547845,"Human betaherpesvirus 5 (CMV).pbmc","symptom_bleeding",-19.129312847514
"569","binary",1,768.106953782934,1.4702246817958,0.483478239050769,"Human betaherpesvirus 5 (CMV).pbmc","ever_ever_esc",0.492169060799688
"570","binary",1,828.743713378338,5.22132184471718,0.104458785318194,"Human betaherpesvirus 5 (CMV).pbmc","ever_icu",1.14336808946113
"571","binary",1,377.589696368022,9.43656158037464,0.0174534594483349,"Human betaherpesvirus 5 (CMV).pbmc","diedever",1.47379130380434
"572","binary",1,1369.81006577407,0.0183949859458608,0.932871812698853,"Human betaherpesvirus 5 (CMV).pbmc","ever_remdes",0.0496182517617363
"573","binary",1,1108.70927060214,0.0078790144159484,0.957147706067854,"Human betaherpesvirus 5 (CMV).pbmc","ever_steroids",-0.0400337799087184
"574","binary",1,1292.41241518267,2.18284165112459,0.336972874360343,"Human betaherpesvirus 5 (CMV).pbmc","ever_azithro",-0.573353528356239
"575","binary",1,1312.08827212046,3.81409932608426,0.183675824847784,"Human betaherpesvirus 5 (CMV).pbmc","ever_otherabx",0.815847142678899
"576","binary",1,472.940413877535,1.28782014288385,0.506976778520804,"Human betaherpesvirus 5 (CMV).pbmc","ever_conplas",-0.832169032813155
"577","binary",1,73.6345382284391,1.95902847202669,0.380576485708554,"Human betaherpesvirus 5 (CMV).pbmc","ever_monoclonal",2.14446412296883
"578","binary",1,470.613547317242,2.35789344310786,0.313146157512752,"Human betaherpesvirus 5 (CMV).pbmc","ever_immsupp",0.933016611690917
"579","binary",1,788.546803662109,1.14034429861454,0.537254748617307,"Human betaherpesvirus 5 (CMV).pbmc","anycomp",0.646342044690897
"580","binary",1,788.546803662109,1.14034429861454,0.537254748617307,"Human betaherpesvirus 5 (CMV).pbmc","ncomp",0.646342044690897
"581","binary",1,77.4297847817155,0.481007601426768,0.695647414272371,"Human betaherpesvirus 5 (CMV).pbmc","comp_seizure",-19.2452831706434
"582","binary",1,141.922092995443,5.059338647077,0.109792426711133,"Human betaherpesvirus 5 (CMV).pbmc","comp_meningitis",1.90063651522882
"583","binary",1,189.631897668847,7.65998189671112,0.0363455271347151,"Human betaherpesvirus 5 (CMV).pbmc","comp_stroke",1.85577997842112
"584","binary",1,539.597631265874,1.60518288871845,0.447249463527827,"Human betaherpesvirus 5 (CMV).pbmc","comp_afib",-0.856729589537893
"585","binary",1,320.211740573722,0.498248105593461,0.687677075033047,"Human betaherpesvirus 5 (CMV).pbmc","comp_ventricular_arr",0.481168338506188
"586","binary",1,31.9781113342562,0.174504098935312,0.812155908689688,"Human betaherpesvirus 5 (CMV).pbmc","comp_endo",-20.043612635928
"587","binary",1,76.898769591548,0.146241178995865,0.82675247428826,"Human betaherpesvirus 5 (CMV).pbmc","comp_myocard",-17.7926493701209
"588","binary",1,207.01941782229,1.42901583577844,0.488385054483361,"Human betaherpesvirus 5 (CMV).pbmc","comp_cardarrest",1.0353439179915
"589","binary",1,145.095181223736,1.85605824341647,0.402876471014885,"Human betaherpesvirus 5 (CMV).pbmc","comp_stemi",1.2881863593099
"590","binary",1,268.428174772318,2.5694272855784,0.286803360927878,"Human betaherpesvirus 5 (CMV).pbmc","comp_nstemi",-18.0414577080906
"591","binary",1,537.315403994368,0.231691415083105,0.784141764225294,"Human betaherpesvirus 5 (CMV).pbmc","comp_chf",0.280726139138383
"592","binary",1,1200.31856470517,0.611246467228739,0.677404824313258,"Human betaherpesvirus 5 (CMV).pbmc","comp_pneumonia",0.322702450943504
"593","binary",1,83.9552421551626,0.942074200255846,0.58784350734303,"Human betaherpesvirus 5 (CMV).pbmc","comp_bronch",1.39934499827687
"594","binary",1,256.811395462496,0.607219173800218,0.677404824313258,"Human betaherpesvirus 5 (CMV).pbmc","comp_pneumo",0.546883484444294
"595","binary",1,118.964851538452,1.66208408040681,0.44218286309246,"Human betaherpesvirus 5 (CMV).pbmc","comp_pneumomed",-20.4764960036254
"596","binary",1,125.388077466947,0.16209146149437,0.819126993174299,"Human betaherpesvirus 5 (CMV).pbmc","comp_aat",0.469986542509258
"597","binary",1,513.027539666613,3.28087467742426,0.231021797962868,"Human betaherpesvirus 5 (CMV).pbmc","comp_avthromb",0.837707709205268
"598","binary",1,605.466634341998,10.153675470018,0.0126241909727446,"Human betaherpesvirus 5 (CMV).pbmc","comp_shock",1.34287738612343
"599","binary",1,717.277359278143,8.11939141729113,0.0299651353163776,"Human betaherpesvirus 5 (CMV).pbmc","comp_bac",1.15349762704827
"600","binary",1,319.586719327876,0.904444341663009,0.596339987605763,"Human betaherpesvirus 5 (CMV).pbmc","comp_coag",0.697166154820532
"601","binary",1,159.637093595446,0.00137741919934342,0.986672894219387,"Human betaherpesvirus 5 (CMV).pbmc","comp_hypogly",-0.0400057914880796
"602","binary",1,436.208531813563,3.57549582283792,0.203015392813383,"Human betaherpesvirus 5 (CMV).pbmc","comp_bleed",0.988952899331705
"603","binary",1,801.860179840285,1.95043266722678,0.380576485708554,"Human betaherpesvirus 5 (CMV).pbmc","comp_anemia",0.56553942734373
"604","binary",1,81.0835974330362,0.352010475970872,0.727515980427622,"Human betaherpesvirus 5 (CMV).pbmc","comp_pancreas",-18.8176072552695
"605","binary",1,1047.40798118325,6.67432010473976,0.0559700947876311,"Human betaherpesvirus 5 (CMV).pbmc","comp_renal",0.940024251116447
"606","binary",1,805.466598728944,0.00909920741696624,0.954110678768154,"Human betaherpesvirus 5 (CMV).pbmc","comp_liver",-0.0480490426133275
"607","binary",1,380.229886296468,0.75145396922801,0.646498819791734,"Human betaherpesvirus 5 (CMV).pbmc","comp_othlab",-0.821372108912475
"608","binary",1,349.995921836297,2.82389708488762,0.267733600371699,"Human betaherpesvirus 5 (CMV).pbmc","comp_electrolyte",1.11789262928719
"609","binary",1,318.327969537725,1.41720328138581,0.488385054483361,"Human betaherpesvirus 5 (CMV).pbmc","comp_othinf",0.863019608946729
"610","binary",1,31.4513384852989,0.0987905469442794,0.843352670839207,"Human betaherpesvirus 5 (CMV).pbmc","comp_othpulm",-20.1348302862111
"611","binary",1,166.657804077726,1.08248975990523,0.555810830962135,"Human betaherpesvirus 5 (CMV).pbmc","comp_unddisease",1.38433832339193
"612","binary",1,240.102918186764,1.02360836174074,0.571249507970281,"Human betaherpesvirus 5 (CMV).pbmc","comp_enceph",0.75169584560687
"613","binary",1,98.040440855736,0.432414896862582,0.709653638063385,"Human betaherpesvirus 5 (CMV).pbmc","comp_othneuro",-18.1195622398615
"614","binary",1,392.375039430493,0.102467373536683,0.843011146832154,"Human betaherpesvirus 5 (CMV).pbmc","comp_hypergly",0.255628793789458
"615","binary",1,53.4841846052085,0.126112551663759,0.835156211993851,"Human betaherpesvirus 5 (CMV).pbmc","comp_psych",-17.6060099483762
"616","binary",1,132.518123710686,0.734534562880185,0.647646291159025,"Human betaherpesvirus 5 (CMV).pbmc","comp_gastroent",1.14595676610203
"617","binary",1,38.9030110185261,7.98068340609618,0.0314177183198167,"Human betaherpesvirus 5 (CMV).pbmc","comp_pulmvas",43.7993205696257
"618","binary",1,234.190124286053,0.00530436484476127,0.962976438924041,"Human betaherpesvirus 5 (CMV).pbmc","comp_other2",0.0778715715747219
"619","binary",1,1292.5404681996,0.147802153669545,0.820025885681729,"Human gammaherpesvirus 4 (EBV).nasal","comorb_htn",-0.10204311983236
"620","binary",1,1316.22986766582,1.66366881329873,0.464050185344833,"Human gammaherpesvirus 4 (EBV).nasal","comorb_isaric_dm",-0.334284124348373
"621","binary",1,962.879837293166,1.09020792528713,0.569134281770397,"Human gammaherpesvirus 4 (EBV).nasal","comorb_anyresp_noasthma",-0.335550472922556
"622","binary",1,829.545316389799,0.54006607152769,0.690937095974656,"Human gammaherpesvirus 4 (EBV).nasal","comorb_isaric_asthma",0.25279636330839
"623","binary",1,1104.52605346766,0.790855567345943,0.649884881763626,"Human gammaherpesvirus 4 (EBV).nasal","comorb_isaric_cardiac",-0.266068319278624
"624","binary",1,852.381011748919,0.00118777603040598,0.989342571612649,"Human gammaherpesvirus 4 (EBV).nasal","comorb_isaric_ckd",0.0119198039254068
"625","binary",1,631.693812958954,0.428967408218455,0.707865077268008,"Human gammaherpesvirus 4 (EBV).nasal","comorb_isaric_neoplasm",-0.296227511081906
"626","binary",1,705.569877390701,2.45977952085036,0.346184260358554,"Human gammaherpesvirus 4 (EBV).nasal","comorb_neuro",-0.731604607562539
"627","binary",1,413.335009463294,0.746626763274605,0.650230131017933,"Human gammaherpesvirus 4 (EBV).nasal","comorb_isaric_liver",0.428892887925331
"628","binary",1,359.834383031551,1.9582142834318,0.421659643657033,"Human gammaherpesvirus 4 (EBV).nasal","comorb_hxtrans",-0.880723953960005
"629","binary",1,138.494191450634,0.0169295101925968,0.930348582452626,"Human gammaherpesvirus 4 (EBV).nasal","comorb_hiv2",0.145151634175617
"630","binary",1,1229.00272944285,3.98514313280134,0.197001235549497,"Human gammaherpesvirus 4 (EBV).nasal","comorb_eversmkvape",-0.582245437865363
"631","binary",1,527.357319515029,0.00036546436865592,0.991970760290666,"Human gammaherpesvirus 4 (EBV).nasal","comorb_anysubstance",0.0096399778982406
"632","binary",1,484.800905534948,3.43593058741175,0.241124464135564,"Human gammaherpesvirus 4 (EBV).nasal","comorb_count",-0.845153267348291
"633","binary",1,484.800905534948,3.43593058741175,0.241124464135564,"Human gammaherpesvirus 4 (EBV).nasal","comorb_countcat",-0.845153267348291
"634","binary",1,1059.45090032618,0.325630110595739,0.736578208836881,"Human gammaherpesvirus 4 (EBV).nasal","timesymptomcat",0.183787493481304
"635","binary",1,791.592438829419,2.59836919174461,0.328904332794512,"Human gammaherpesvirus 4 (EBV).nasal","symptom_allresp",-0.578079497868542
"636","binary",1,1370.74831888947,0.110745437214291,0.834494212314016,"Human gammaherpesvirus 4 (EBV).nasal","symptom_cough",-0.0858674087263531
"637","binary",1,860.411990646857,0.00926662063227468,0.951010811530349,"Human gammaherpesvirus 4 (EBV).nasal","symptom_cough_prod",-0.034810915294957
"638","binary",1,222.355212388512,0.490233694679716,0.698504862960504,"Human gammaherpesvirus 4 (EBV).nasal","symptom_haemoptysis",0.5880573643497
"639","binary",1,591.32658577141,0.23538927808886,0.776435944167073,"Human gammaherpesvirus 4 (EBV).nasal","symptom_sorethroat",-0.234935497752407
"640","binary",1,420.60042647468,0.0999792105633333,0.84175024034152,"Human gammaherpesvirus 4 (EBV).nasal","symptom_rhinorrhea",0.180587293689881
"641","binary",1,420.284609780684,0.0572380965377306,0.876895749758363,"Human gammaherpesvirus 4 (EBV).nasal","symptom_wheeze",0.123018139404399
"642","binary",1,985.566576363234,0.452243677146612,0.700798050572472,"Human gammaherpesvirus 4 (EBV).nasal","symptom_chestpain",0.218267760322672
"643","binary",1,1201.87511113007,1.83763424416861,0.429726990559966,"Human gammaherpesvirus 4 (EBV).nasal","symptom_dyspnea",-0.382582455394842
"644","binary",1,29.6064145893523,3.10773342191149,0.265410925063073,"Human gammaherpesvirus 4 (EBV).nasal","symptom_chestwall",21.999231595651
"645","binary",1,57.2452717130634,0.680768423546951,0.663940020735141,"Human gammaherpesvirus 4 (EBV).nasal","symptom_earpain",-19.9506812712583
"646","binary",1,28.7019941445241,0.42301641628482,0.707865077268008,"Human gammaherpesvirus 4 (EBV).nasal","symptom_conjunctivitis",-22.1488450474564
"647","binary",1,1172.35019637038,1.87119365229501,0.425759409625044,"Human gammaherpesvirus 4 (EBV).nasal","symptom_allsyst",-0.372387675070474
"648","binary",1,1378.76065910473,0.769378930914399,0.650230131017933,"Human gammaherpesvirus 4 (EBV).nasal","symptom_fever",-0.227047834430655
"649","binary",1,1105.72971968772,0.560135332674236,0.690937095974656,"Human gammaherpesvirus 4 (EBV).nasal","symptom_chills",0.22803922921511
"650","binary",1,115.140891240351,1.07650663264377,0.569134281770397,"Human gammaherpesvirus 4 (EBV).nasal","symptom_shaking",-17.4141063606436
"651","binary",1,1386.62990951525,0.990699745120992,0.587783130576953,"Human gammaherpesvirus 4 (EBV).nasal","symptom_fatigue",-0.261710761287026
"652","binary",1,1089.6322242171,1.0156175500415,0.581923644791043,"Human gammaherpesvirus 4 (EBV).nasal","symptom_myalgia",-0.344036956011192
"653","binary",1,29.0509237021616,3.231838688379,0.261004026825508,"Human gammaherpesvirus 4 (EBV).nasal","symptom_lymphadenopathy",23.0383966725837
"654","binary",1,1281.49211721754,0.469957885819213,0.700798050572472,"Human gammaherpesvirus 4 (EBV).nasal","symptom_allneuro",0.183883333729407
"655","binary",1,919.690593550139,0.549903479291402,0.690937095974656,"Human gammaherpesvirus 4 (EBV).nasal","symptom_headache",-0.274120130715232
"656","binary",1,412.89382612362,0.316221321363344,0.736578208836881,"Human gammaherpesvirus 4 (EBV).nasal","symptom_confusion",0.264701723635916
"657","binary",1,43.709097955627,0.342060656912516,0.734530351957159,"Human gammaherpesvirus 4 (EBV).nasal","symptom_seizure",-20.0717966157908
"658","binary",1,183.227785370935,0.519892568843886,0.690937095974656,"Human gammaherpesvirus 4 (EBV).nasal","symptom_syncope",0.62246698138296
"659","binary",1,708.608684386771,1.55694685580465,0.488214981889672,"Human gammaherpesvirus 4 (EBV).nasal","symptom_anosmia",0.485926645824644
"660","binary",1,1357.21837056986,1.19564704352888,0.552589151962621,"Human gammaherpesvirus 4 (EBV).nasal","symptom_allGI",-0.293952217153283
"661","binary",1,646.603719733134,1.05095150182922,0.569134281770397,"Human gammaherpesvirus 4 (EBV).nasal","symptom_abdpain",0.415974017931031
"662","binary",1,1057.31481759673,0.348500215495278,0.732836221158977,"Human gammaherpesvirus 4 (EBV).nasal","symptom_nausea",-0.195957397299331
"663","binary",1,1085.12656702522,3.17048621258482,0.262032052052145,"Human gammaherpesvirus 4 (EBV).nasal","symptom_diarrhea",-0.620829756845916
"664","binary",1,114.315631295152,0.0404282990885036,0.890349458683793,"Human gammaherpesvirus 4 (EBV).nasal","symptom_allderm",0.226995519446504
"665","binary",1,90.587163377826,0.528488835464515,0.690937095974656,"Human gammaherpesvirus 4 (EBV).nasal","symptom_skinrash",0.907876461127504
"666","binary",1,43.3672158081272,0.707331606934019,0.659749185774359,"Human gammaherpesvirus 4 (EBV).nasal","symptom_skinulcer",-18.6956451450359
"667","binary",1,579.210964995262,0.0404959534172349,0.890349458683793,"Human gammaherpesvirus 4 (EBV).nasal","symptom_allother",-0.0917839660045488
"668","binary",1,331.883521994254,1.60727417264269,0.474205966001903,"Human gammaherpesvirus 4 (EBV).nasal","symptom_arthralgia",0.797524430284814
"669","binary",1,210.243598505008,0.0218253221101463,0.927580932299968,"Human gammaherpesvirus 4 (EBV).nasal","symptom_edema",-0.113675796449844
"670","binary",1,241.212474684624,1.05380600449601,0.569134281770397,"Human gammaherpesvirus 4 (EBV).nasal","symptom_nonamb",-0.938740188334178
"671","binary",1,53.0761233876476,0.57191523443462,0.690937095974656,"Human gammaherpesvirus 4 (EBV).nasal","symptom_bleeding",-19.6053756560775
"672","binary",1,739.318563227306,0.90455675543285,0.609641665011047,"Human gammaherpesvirus 4 (EBV).nasal","ever_ever_esc",0.302186233977607
"673","binary",1,788.521573698727,8.70125633312955,0.0242615209924312,"Human gammaherpesvirus 4 (EBV).nasal","ever_icu",1.11503438837152
"674","binary",1,369.489176253078,8.85455091163271,0.0227267782768461,"Human gammaherpesvirus 4 (EBV).nasal","diedever",1.23911312775255
"675","binary",1,1286.46663864893,0.457366205643666,0.700798050572472,"Human gammaherpesvirus 4 (EBV).nasal","ever_remdes",0.189979615410929
"676","binary",1,1041.38081605797,1.07069685959186,0.569134281770397,"Human gammaherpesvirus 4 (EBV).nasal","ever_steroids",-0.346300561218332
"677","binary",1,1206.40351232245,0.0554777313243449,0.877702234268105,"Human gammaherpesvirus 4 (EBV).nasal","ever_azithro",0.0647751135879524
"678","binary",1,1216.84136599036,4.94783292634384,0.128129027201512,"Human gammaherpesvirus 4 (EBV).nasal","ever_otherabx",0.700533541640046
"679","binary",1,452.604645350268,1.92652576502996,0.425759409625044,"Human gammaherpesvirus 4 (EBV).nasal","ever_conplas",-0.836433747861042
"680","binary",1,72.9397422603394,0.657944050093477,0.666364824586418,"Human gammaherpesvirus 4 (EBV).nasal","ever_monoclonal",1.08956924095448
"681","binary",1,445.223759409299,0.423714441205391,0.707865077268008,"Human gammaherpesvirus 4 (EBV).nasal","ever_immsupp",-0.339055762306493
"682","binary",1,737.139366932239,1.33440496760772,0.526333767691251,"Human gammaherpesvirus 4 (EBV).nasal","anycomp",0.57867531475061
"683","binary",1,737.139366932239,1.33440496760772,0.526333767691251,"Human gammaherpesvirus 4 (EBV).nasal","ncomp",0.57867531475061
"684","binary",1,76.8711243971986,1.1169489846949,0.569134281770397,"Human gammaherpesvirus 4 (EBV).nasal","comp_seizure",-19.5427633126923
"685","binary",1,146.381104044937,3.28431585524592,0.255019880357314,"Human gammaherpesvirus 4 (EBV).nasal","comp_meningitis",1.26486392280188
"686","binary",1,182.767271868763,2.65404405843722,0.322380115575064,"Human gammaherpesvirus 4 (EBV).nasal","comp_stroke",0.979752909216456
"687","binary",1,504.350792912025,0.77349385976504,0.650230131017933,"Human gammaherpesvirus 4 (EBV).nasal","comp_afib",-0.396646301444431
"688","binary",1,286.01886536186,1.89955613824276,0.425759409625044,"Human gammaherpesvirus 4 (EBV).nasal","comp_ventricular_arr",0.724352293509186
"689","binary",1,31.840123722041,0.405381505055043,0.711325169214891,"Human gammaherpesvirus 4 (EBV).nasal","comp_endo",-18.8845645908543
"690","binary",1,64.7850054557576,0.741163494831696,0.650230131017933,"Human gammaherpesvirus 4 (EBV).nasal","comp_myocard",-19.8483598630943
"691","binary",1,178.767349379618,2.4620648062803,0.346184260358554,"Human gammaherpesvirus 4 (EBV).nasal","comp_cardarrest",1.03320271741217
"692","binary",1,133.68273685424,1.28236482052921,0.532077453083901,"Human gammaherpesvirus 4 (EBV).nasal","comp_stemi",0.854635797187232
"693","binary",1,245.33738407052,0.284540044707882,0.759693240468318,"Human gammaherpesvirus 4 (EBV).nasal","comp_nstemi",-0.397412747734789
"694","binary",1,475.332773197886,0.414445555829275,0.711325169214891,"Human gammaherpesvirus 4 (EBV).nasal","comp_chf",0.277248466162934
"695","binary",1,1104.08582773232,0.272666021833402,0.76493263234757,"Human gammaherpesvirus 4 (EBV).nasal","comp_pneumonia",0.170953053883631
"696","binary",1,75.7122899338282,0.451292878928285,0.700798050572472,"Human gammaherpesvirus 4 (EBV).nasal","comp_bronch",0.86344452880005
"697","binary",1,248.045166319906,0.916756930632175,0.608694808467546,"Human gammaherpesvirus 4 (EBV).nasal","comp_pneumo",0.532549870476651
"698","binary",1,117.697608690674,1.27789911103162,0.532077453083901,"Human gammaherpesvirus 4 (EBV).nasal","comp_pneumomed",0.854838376192616
"699","binary",1,92.8776689438179,2.04111799017863,0.405600919563793,"Human gammaherpesvirus 4 (EBV).nasal","comp_aat",-20.0567713366393
"700","binary",1,460.271630454178,3.16900802645517,0.262032052052145,"Human gammaherpesvirus 4 (EBV).nasal","comp_avthromb",0.674894416339617
"701","binary",1,565.198326390771,9.31011518711603,0.0201494691294822,"Human gammaherpesvirus 4 (EBV).nasal","comp_shock",1.0562039700815
"702","binary",1,664.823973886529,1.78803145593588,0.436493989067975,"Human gammaherpesvirus 4 (EBV).nasal","comp_bac",0.444318118004483
"703","binary",1,289.908284171907,1.72182338106666,0.451195976984199,"Human gammaherpesvirus 4 (EBV).nasal","comp_coag",-1.19132229077894
"704","binary",1,168.632440943834,0.145738081158214,0.820025885681729,"Human gammaherpesvirus 4 (EBV).nasal","comp_hypogly",0.31490369627531
"705","binary",1,391.037915319299,0.0202058269391046,0.929844933544684,"Human gammaherpesvirus 4 (EBV).nasal","comp_bleed",0.0677509829634556
"706","binary",1,759.607653578175,0.105232267091083,0.837734336356031,"Human gammaherpesvirus 4 (EBV).nasal","comp_anemia",0.103127909024359
"707","binary",1,80.5668709460265,0.541609393596502,0.690937095974656,"Human gammaherpesvirus 4 (EBV).nasal","comp_pancreas",-18.6042437585465
"708","binary",1,940.056213139089,4.5174979982578,0.15358380624565,"Human gammaherpesvirus 4 (EBV).nasal","comp_renal",0.620197438433834
"709","binary",1,769.299218254011,4.13799196031573,0.184606380113506,"Human gammaherpesvirus 4 (EBV).nasal","comp_liver",0.678780442510964
"710","binary",1,356.48502338973,0.519052983682855,0.690937095974656,"Human gammaherpesvirus 4 (EBV).nasal","comp_othlab",0.393791050404652
"711","binary",1,333.493091459602,0.924367443337758,0.608694808467546,"Human gammaherpesvirus 4 (EBV).nasal","comp_electrolyte",0.533088418077226
"712","binary",1,297.657514828071,3.76928927510778,0.209826301738381,"Human gammaherpesvirus 4 (EBV).nasal","comp_othinf",1.07817224603429
"713","binary",1,31.45133848381,0.0487853241800948,0.887672332300283,"Human gammaherpesvirus 4 (EBV).nasal","comp_othpulm",-17.7691818682967
"714","binary",1,154.016112036395,1.48748551738572,0.495751819223698,"Human gammaherpesvirus 4 (EBV).nasal","comp_unddisease",-16.8606848688142
"715","binary",1,221.274235864726,0.751863739638196,0.650230131017933,"Human gammaherpesvirus 4 (EBV).nasal","comp_enceph",0.555618046440802
"716","binary",1,97.067558848634,0.554184103614844,0.690937095974656,"Human gammaherpesvirus 4 (EBV).nasal","comp_othneuro",0.936645756824724
"717","binary",1,362.204852242727,0.139905410643621,0.820025885681729,"Human gammaherpesvirus 4 (EBV).nasal","comp_hypergly",0.215467019763424
"718","binary",1,53.1659788969889,3.81149624366876,0.209716078153232,"Human gammaherpesvirus 4 (EBV).nasal","comp_psych",3.54157344015817
"719","binary",1,121.905683828344,1.84183035931338,0.429726990559966,"Human gammaherpesvirus 4 (EBV).nasal","comp_gastroent",-18.8792745982123
"720","binary",1,29.606414594574,1.47934997585253e-11,0.999996931150957,"Human gammaherpesvirus 4 (EBV).nasal","comp_pulmvas",-1.10165626410794
"721","binary",1,205.856437108771,1.31213517591672,0.527991651084511,"Human gammaherpesvirus 4 (EBV).nasal","comp_other2",0.831371259197808
"722","binary",1,1375.83329197412,0.0255409524033894,0.927028156594831,"Human gammaherpesvirus 4 (EBV).pbmc","comorb_htn",-0.0247446680241398
"723","binary",1,1404.61413531354,0.0171502396187861,0.936515282113101,"Human gammaherpesvirus 4 (EBV).pbmc","comorb_isaric_dm",0.019656712252826
"724","binary",1,1053.77798837308,0.888273629571586,0.625129708837539,"Human gammaherpesvirus 4 (EBV).pbmc","comorb_anyresp_noasthma",-0.17350486393169
"725","binary",1,908.234869258261,1.1554460567454,0.573171141135352,"Human gammaherpesvirus 4 (EBV).pbmc","comorb_isaric_asthma",-0.228000603601708
"726","binary",1,1180.09883006559,1.05858326100065,0.598363040686119,"Human gammaherpesvirus 4 (EBV).pbmc","comorb_isaric_cardiac",-0.175472665754156
"727","binary",1,916.619319071389,0.562893243720509,0.683794519568285,"Human gammaherpesvirus 4 (EBV).pbmc","comorb_isaric_ckd",0.148693342729693
"728","binary",1,664.529730622774,2.71582189796391,0.279077171812377,"Human gammaherpesvirus 4 (EBV).pbmc","comorb_isaric_neoplasm",-0.435215451390592
"729","binary",1,776.17855072233,1.4733846627305,0.484935709718683,"Human gammaherpesvirus 4 (EBV).pbmc","comorb_neuro",-0.284173837113027
"730","binary",1,445.310513324842,0.676009557974453,0.675034466677333,"Human gammaherpesvirus 4 (EBV).pbmc","comorb_isaric_liver",0.260516007087376
"731","binary",1,383.119874143079,4.49079852686742,0.151438158247498,"Human gammaherpesvirus 4 (EBV).pbmc","comorb_hxtrans",0.726756168775169
"732","binary",1,203.006663413796,0.0153063564392539,0.936515282113101,"Human gammaherpesvirus 4 (EBV).pbmc","comorb_hiv2",-0.0707098172302975
"733","binary",1,1315.86172596941,0.0447660746481233,0.898961496051228,"Human gammaherpesvirus 4 (EBV).pbmc","comorb_eversmkvape",-0.0336101569085688
"734","binary",1,573.531376348885,0.642042761325911,0.675745807931218,"Human gammaherpesvirus 4 (EBV).pbmc","comorb_anysubstance",-0.231585541499572
"735","binary",1,484.665101302855,6.07317636611145,0.0744039063883683,"Human gammaherpesvirus 4 (EBV).pbmc","comorb_count",-0.705144418947681
"736","binary",1,484.665101302855,6.07317636611145,0.0744039063883683,"Human gammaherpesvirus 4 (EBV).pbmc","comorb_countcat",-0.705144418947681
"737","binary",1,1133.8912999366,1.015522383904,0.606555823604635,"Human gammaherpesvirus 4 (EBV).pbmc","timesymptomcat",0.182904047854408
"738","binary",1,856.646998565199,2.98325924983635,0.263427288317997,"Human gammaherpesvirus 4 (EBV).pbmc","symptom_allresp",0.393289291825328
"739","binary",1,1467.82167656314,4.41357102039206,0.151438158247498,"Human gammaherpesvirus 4 (EBV).pbmc","symptom_cough",0.31726020982113
"740","binary",1,905.527082456773,0.396298562448237,0.730902317166983,"Human gammaherpesvirus 4 (EBV).pbmc","symptom_cough_prod",-0.131821133534666
"741","binary",1,251.973812605211,4.03120076202106,0.178664557438547,"Human gammaherpesvirus 4 (EBV).pbmc","symptom_haemoptysis",0.893773215877791
"742","binary",1,655.615678718553,2.96310642622029,0.263427288317997,"Human gammaherpesvirus 4 (EBV).pbmc","symptom_sorethroat",-0.475733154617379
"743","binary",1,425.244472320565,0.0772443519746275,0.860426865787942,"Human gammaherpesvirus 4 (EBV).pbmc","symptom_rhinorrhea",0.0936250481365851
"744","binary",1,465.09327647138,3.66043813395567,0.210607517014713,"Human gammaherpesvirus 4 (EBV).pbmc","symptom_wheeze",0.568853225031343
"745","binary",1,1064.35987288133,0.221630114785512,0.79971867365123,"Human gammaherpesvirus 4 (EBV).pbmc","symptom_chestpain",-0.0886529250509574
"746","binary",1,1270.63821331247,4.33580417818894,0.153753385489333,"Human gammaherpesvirus 4 (EBV).pbmc","symptom_dyspnea",0.352945481874355
"747","binary",1,29.8352979273589,1.1333037804311,0.57606598628085,"Human gammaherpesvirus 4 (EBV).pbmc","symptom_chestwall",20.8452378206398
"748","binary",1,57.6070131719051,1.91534999703882,0.407053238810818,"Human gammaherpesvirus 4 (EBV).pbmc","symptom_earpain",1.67499009874325
"749","binary",1,40.8908844051493,0.656362990918304,0.675745807931218,"Human gammaherpesvirus 4 (EBV).pbmc","symptom_conjunctivitis",1.24187340210747
"750","binary",1,1273.23950981881,1.05918137355843,0.598363040686119,"Human gammaherpesvirus 4 (EBV).pbmc","symptom_allsyst",0.169787428182874
"751","binary",1,1475.81872114514,0.932084462762759,0.617131398140795,"Human gammaherpesvirus 4 (EBV).pbmc","symptom_fever",0.14383590326306
"752","binary",1,1197.18004995222,0.167870564845316,0.816827462858693,"Human gammaherpesvirus 4 (EBV).pbmc","symptom_chills",0.0701500459151171
"753","binary",1,153.077516307139,0.00033271078538632,0.987350256415544,"Human gammaherpesvirus 4 (EBV).pbmc","symptom_shaking",0.0123762815858457
"754","binary",1,1483.44515887399,0.0111657149786879,0.94096876515633,"Human gammaherpesvirus 4 (EBV).pbmc","symptom_fatigue",-0.0156325742602463
"755","binary",1,1171.28547079275,0.0133285297242764,0.936515282113101,"Human gammaherpesvirus 4 (EBV).pbmc","symptom_myalgia",0.0203310468362716
"756","binary",1,73.071993992222,0.83085650654894,0.63200970753083,"Human gammaherpesvirus 4 (EBV).pbmc","symptom_lymphadenopathy",1.02421463764642
"757","binary",1,1364.63023250429,0.20754881580433,0.807339216016071,"Human gammaherpesvirus 4 (EBV).pbmc","symptom_allneuro",-0.0715065572800937
"758","binary",1,997.635886487498,0.205176819123949,0.807339216016071,"Human gammaherpesvirus 4 (EBV).pbmc","symptom_headache",-0.089027991385945
"759","binary",1,426.817758129837,0.414058606519859,0.722381186792232,"Human gammaherpesvirus 4 (EBV).pbmc","symptom_confusion",0.197257432975687
"760","binary",1,54.351185894663,1.91231849895641,0.407053238810818,"Human gammaherpesvirus 4 (EBV).pbmc","symptom_seizure",-19.6382005321878
"761","binary",1,187.1617765339,0.759590725253304,0.652826997541402,"Human gammaherpesvirus 4 (EBV).pbmc","symptom_syncope",0.476571842608791
"762","binary",1,725.91194782146,0.0951708233378668,0.851459019843135,"Human gammaherpesvirus 4 (EBV).pbmc","symptom_anosmia",-0.0754812057376013
"763","binary",1,1451.05221300517,0.060377838673503,0.878388081551289,"Human gammaherpesvirus 4 (EBV).pbmc","symptom_allGI",0.0368939106173062
"764","binary",1,729.816210692876,0.598743190502773,0.677760259021318,"Human gammaherpesvirus 4 (EBV).pbmc","symptom_abdpain",0.183232769958937
"765","binary",1,1128.50642877483,0.00084219586142353,0.986425095004405,"Human gammaherpesvirus 4 (EBV).pbmc","symptom_nausea",-0.00524306319809874
"766","binary",1,1161.56588252476,0.786086528355099,0.646936712818221,"Human gammaherpesvirus 4 (EBV).pbmc","symptom_diarrhea",0.153579020877851
"767","binary",1,150.718011318873,0.914706404435577,0.617760725109452,"Human gammaherpesvirus 4 (EBV).pbmc","symptom_allderm",0.577092820010191
"768","binary",1,126.444390839615,0.172185271582791,0.814603211587755,"Human gammaherpesvirus 4 (EBV).pbmc","symptom_skinrash",0.299515972671566
"769","binary",1,43.9418735880611,1.90993150514679,0.407053238810818,"Human gammaherpesvirus 4 (EBV).pbmc","symptom_skinulcer",2.60096067849165
"770","binary",1,632.345764390492,2.47135205804273,0.310172207550819,"Human gammaherpesvirus 4 (EBV).pbmc","symptom_allother",-0.427863841022427
"771","binary",1,335.26116607228,0.53394429929881,0.691555086236737,"Human gammaherpesvirus 4 (EBV).pbmc","symptom_arthralgia",-0.313383700073763
"772","binary",1,288.477400374216,0.393555472335834,0.730902317166983,"Human gammaherpesvirus 4 (EBV).pbmc","symptom_edema",-0.279534150792783
"773","binary",1,240.616659927926,0.426938655246545,0.722381186792232,"Human gammaherpesvirus 4 (EBV).pbmc","symptom_nonamb",-0.314716746449398
"774","binary",1,67.1510251890217,2.77138802831723,0.272667040862919,"Human gammaherpesvirus 4 (EBV).pbmc","symptom_bleeding",-19.1993598425284
"775","binary",1,768.106953782934,2.3927886753728,0.321930485753252,"Human gammaherpesvirus 4 (EBV).pbmc","ever_ever_esc",0.320516536329592
"776","binary",1,828.743713378338,5.97960654154929,0.0764430634372598,"Human gammaherpesvirus 4 (EBV).pbmc","ever_icu",0.505467742402647
"777","binary",1,377.589696368022,4.46261619184207,0.151438158247498,"Human gammaherpesvirus 4 (EBV).pbmc","diedever",0.649310377055131
"778","binary",1,1369.81006577407,2.52068168022493,0.304560164886474,"Human gammaherpesvirus 4 (EBV).pbmc","ever_remdes",0.251804868452112
"779","binary",1,1108.70927060214,0.192806878195142,0.812055339017278,"Human gammaherpesvirus 4 (EBV).pbmc","ever_steroids",0.0819414942823426
"780","binary",1,1292.41241518267,3.5144848314917,0.2237843003536,"Human gammaherpesvirus 4 (EBV).pbmc","ever_azithro",0.297298230918677
"781","binary",1,1312.08827212046,0.847173836908269,0.630917899325806,"Human gammaherpesvirus 4 (EBV).pbmc","ever_otherabx",0.151258435577325
"782","binary",1,472.940413877535,0.124843784809457,0.835355110509703,"Human gammaherpesvirus 4 (EBV).pbmc","ever_conplas",0.101853037810229
"783","binary",1,73.6345382284391,0.59680852818849,0.677760259021318,"Human gammaherpesvirus 4 (EBV).pbmc","ever_monoclonal",0.804487062614146
"784","binary",1,470.613547317242,2.91596346055417,0.267668820582648,"Human gammaherpesvirus 4 (EBV).pbmc","ever_immsupp",0.50893534835762
"785","binary",1,788.546803662109,7.58225893468773,0.0411619608554644,"Human gammaherpesvirus 4 (EBV).pbmc","anycomp",0.693979486842842
"786","binary",1,788.546803662109,7.58225893468773,0.0411619608554644,"Human gammaherpesvirus 4 (EBV).pbmc","ncomp",0.693979486842842
"787","binary",1,77.4297847817155,0.310693035111896,0.762272921886086,"Human gammaherpesvirus 4 (EBV).pbmc","comp_seizure",-0.604206280667536
"788","binary",1,141.922092995443,0.425226801196118,0.722381186792232,"Human gammaherpesvirus 4 (EBV).pbmc","comp_meningitis",-0.438504401537721
"789","binary",1,189.631897668847,2.40237892991138,0.321930485753252,"Human gammaherpesvirus 4 (EBV).pbmc","comp_stroke",0.76394407818958
"790","binary",1,539.597631265874,1.51363126186584,0.475269958089707,"Human gammaherpesvirus 4 (EBV).pbmc","comp_afib",-0.334939051493344
"791","binary",1,320.211740573722,2.98605272059422,0.263427288317997,"Human gammaherpesvirus 4 (EBV).pbmc","comp_ventricular_arr",0.602235196510539
"792","binary",1,31.9781113342562,0.751863171153563,0.654261052761035,"Human gammaherpesvirus 4 (EBV).pbmc","comp_endo",-19.5502757231804
"793","binary",1,76.898769591548,0.0157356636103003,0.936515282113101,"Human gammaherpesvirus 4 (EBV).pbmc","comp_myocard",-0.14021150441719
"794","binary",1,207.01941782229,0.0140012320435403,0.936515282113101,"Human gammaherpesvirus 4 (EBV).pbmc","comp_cardarrest",-0.0525177457932714
"795","binary",1,145.095181223736,0.698104414780971,0.670200021742935,"Human gammaherpesvirus 4 (EBV).pbmc","comp_stemi",-0.552892992539298
"796","binary",1,268.428174772318,0.267699478585314,0.776355823114527,"Human gammaherpesvirus 4 (EBV).pbmc","comp_nstemi",-0.225656238856429
"797","binary",1,537.315403994368,0.850786880773285,0.630917899325806,"Human gammaherpesvirus 4 (EBV).pbmc","comp_chf",-0.257977270563171
"798","binary",1,1200.31856470517,3.73696335837462,0.203028582688481,"Human gammaherpesvirus 4 (EBV).pbmc","comp_pneumonia",0.343337851349092
"799","binary",1,83.9552421551626,1.12879275415008,0.57606598628085,"Human gammaherpesvirus 4 (EBV).pbmc","comp_bronch",-1.16192059813249
"800","binary",1,256.811395462496,0.141663203005407,0.825901655294979,"Human gammaherpesvirus 4 (EBV).pbmc","comp_pneumo",-0.161921794854088
"801","binary",1,118.964851538452,0.103365918071077,0.849352858224127,"Human gammaherpesvirus 4 (EBV).pbmc","comp_pneumomed",-0.204096792828257
"802","binary",1,125.388077466947,0.984475540977698,0.615115644197553,"Human gammaherpesvirus 4 (EBV).pbmc","comp_aat",-0.763634550049603
"803","binary",1,513.027539666613,0.839597520684492,0.630917899325806,"Human gammaherpesvirus 4 (EBV).pbmc","comp_avthromb",0.24597697896498
"804","binary",1,605.466634341998,7.38940957545367,0.0449502072455817,"Human gammaherpesvirus 4 (EBV).pbmc","comp_shock",0.630037209835972
"805","binary",1,717.277359278143,0.140656401108117,0.825901655294979,"Human gammaherpesvirus 4 (EBV).pbmc","comp_bac",0.0831996732016422
"806","binary",1,319.586719327876,0.0224861077531386,0.932879373156051,"Human gammaherpesvirus 4 (EBV).pbmc","comp_coag",0.057825158178314
"807","binary",1,159.637093595446,1.66086536287281,0.452024712332241,"Human gammaherpesvirus 4 (EBV).pbmc","comp_hypogly",0.720609388392501
"808","binary",1,436.208531813563,0.51405629778958,0.695520704696472,"Human gammaherpesvirus 4 (EBV).pbmc","comp_bleed",0.217618238171036
"809","binary",1,801.860179840285,0.927569889406982,0.617131398140795,"Human gammaherpesvirus 4 (EBV).pbmc","comp_anemia",0.199181191815372
"810","binary",1,81.0835974330362,0.158970013433986,0.8217454024279,"Human gammaherpesvirus 4 (EBV).pbmc","comp_pancreas",0.377181062067405
"811","binary",1,1047.40798118325,1.26036421319918,0.538859252201729,"Human gammaherpesvirus 4 (EBV).pbmc","comp_renal",0.200084775474851
"812","binary",1,805.466598728944,12.8018436120561,0.00365811570317622,"Human gammaherpesvirus 4 (EBV).pbmc","comp_liver",0.748736467736068
"813","binary",1,380.229886296468,0.102592978258087,0.849352858224127,"Human gammaherpesvirus 4 (EBV).pbmc","comp_othlab",-0.118002589130325
"814","binary",1,349.995921836297,1.72418901335124,0.440292339762648,"Human gammaherpesvirus 4 (EBV).pbmc","comp_electrolyte",0.465915959110142
"815","binary",1,318.327969537725,7.00514287683643,0.0513149072818766,"Human gammaherpesvirus 4 (EBV).pbmc","comp_othinf",0.994396755475036
"816","binary",1,31.4513384852989,0.838353068288221,0.630917899325806,"Human gammaherpesvirus 4 (EBV).pbmc","comp_othpulm",-20.4932791385517
"817","binary",1,166.657804077726,1.79378987011685,0.428956386265269,"Human gammaherpesvirus 4 (EBV).pbmc","comp_unddisease",-0.982222783163258
"818","binary",1,240.102918186764,0.292106211980808,0.76569653560404,"Human gammaherpesvirus 4 (EBV).pbmc","comp_enceph",0.239980178152784
"819","binary",1,98.040440855736,0.320997929946017,0.760897423736774,"Human gammaherpesvirus 4 (EBV).pbmc","comp_othneuro",-0.581708413928713
"820","binary",1,392.375039430493,3.2736318391286,0.247909925179919,"Human gammaherpesvirus 4 (EBV).pbmc","comp_hypergly",0.598535912003973
"821","binary",1,53.4841846052085,0.609729044074186,0.677760259021318,"Human gammaherpesvirus 4 (EBV).pbmc","comp_psych",1.18452217422423
"822","binary",1,132.518123710686,0.0641756378263381,0.876610979129569,"Human gammaherpesvirus 4 (EBV).pbmc","comp_gastroent",0.183824729388781
"823","binary",1,38.9030110185261,0.819367689927688,0.635149462276428,"Human gammaherpesvirus 4 (EBV).pbmc","comp_pulmvas",-20.464385359894
"824","binary",1,234.190124286053,0.259357658674077,0.778797089156839,"Human gammaherpesvirus 4 (EBV).pbmc","comp_other2",0.246485441532841
"825","binary",1,222.770286812266,0.649375014674519,0.920194784790758,"Human alphaherpesvirus 1 (HSV1).ea","comorb_htn",-0.279895233190275
"826","binary",1,234.185767800814,2.83118272982691,0.74658650013274,"Human alphaherpesvirus 1 (HSV1).ea","comorb_isaric_dm",-0.586113347489957
"827","binary",1,174.19358994032,1.34393899855982,0.836368785849037,"Human alphaherpesvirus 1 (HSV1).ea","comorb_anyresp_noasthma",-0.493347459281266
"828","binary",1,140.076570712803,0.114104983247501,1,"Human alphaherpesvirus 1 (HSV1).ea","comorb_isaric_asthma",0.164328887617238
"829","binary",1,164.667059392162,1.1499676817435,0.844113108246205,"Human alphaherpesvirus 1 (HSV1).ea","comorb_isaric_cardiac",-0.464946608106091
"830","binary",1,137.964061445333,1.07607742808531,0.844113108246205,"Human alphaherpesvirus 1 (HSV1).ea","comorb_isaric_ckd",-0.541970476017649
"831","binary",1,79.3631008864009,0.0117957398603892,1,"Human alphaherpesvirus 1 (HSV1).ea","comorb_isaric_neoplasm",0.0796435942391397
"832","binary",1,135.381173584239,3.11685227507084,0.74658650013274,"Human alphaherpesvirus 1 (HSV1).ea","comorb_neuro",-0.979818412808768
"833","binary",1,106.219958032178,0.112404972722516,1,"Human alphaherpesvirus 1 (HSV1).ea","comorb_isaric_liver",-0.20287404367543
"834","binary",1,72.7787393630888,0.0139054947315032,1,"Human alphaherpesvirus 1 (HSV1).ea","comorb_hxtrans",0.101276274040621
"835","binary",1,29.0509237050038,1.64418918989217,0.782532285176723,"Human alphaherpesvirus 1 (HSV1).ea","comorb_hiv2",-21.0841263045443
"836","binary",1,189.973173113432,0.0414668764494195,1,"Human alphaherpesvirus 1 (HSV1).ea","comorb_eversmkvape",-0.0784000295518888
"837","binary",1,73.8492291372315,0.0432069611873089,1,"Human alphaherpesvirus 1 (HSV1).ea","comorb_anysubstance",0.168607246127312
"838","binary",1,85.4999733629643,0.040354619721839,1,"Human alphaherpesvirus 1 (HSV1).ea","comorb_count",-0.14783767522926
"839","binary",1,85.4999733629643,0.040354619721839,1,"Human alphaherpesvirus 1 (HSV1).ea","comorb_countcat",-0.14783767522926
"840","binary",1,164.252146521357,0.290776537605808,0.95663946115736,"Human alphaherpesvirus 1 (HSV1).ea","timesymptomcat",-0.231454079929905
"841","binary",1,122.312824413548,0.204200098912324,0.963088256627913,"Human alphaherpesvirus 1 (HSV1).ea","symptom_allresp",0.263939618144691
"842","binary",1,216.813636659563,1.6938455490432,0.782532285176723,"Human alphaherpesvirus 1 (HSV1).ea","symptom_cough",-0.497769910575703
"843","binary",1,113.949730579932,0.196623427032762,0.964613472032632,"Human alphaherpesvirus 1 (HSV1).ea","symptom_cough_prod",-0.255131881839475
"844","binary",1,30.6691462047773,0.945016612622808,0.844113108246205,"Human alphaherpesvirus 1 (HSV1).ea","symptom_haemoptysis",-20.6693060018498
"845","binary",1,89.6448272372116,2.59128976238989,0.74658650013274,"Human alphaherpesvirus 1 (HSV1).ea","symptom_sorethroat",-1.28522243415611
"846","binary",1,89.0584535888491,0.0657410744262705,1,"Human alphaherpesvirus 1 (HSV1).ea","symptom_rhinorrhea",-0.175842670767713
"847","binary",1,95.2937562727763,0.00447010396683822,1,"Human alphaherpesvirus 1 (HSV1).ea","symptom_wheeze",-0.0449763656150986
"848","binary",1,164.301833129038,0.0641882403350564,1,"Human alphaherpesvirus 1 (HSV1).ea","symptom_chestpain",0.110093653957064
"849","binary",1,177.16447538257,0.0226456396054573,1,"Human alphaherpesvirus 1 (HSV1).ea","symptom_dyspnea",0.0615967004170093
"850","binary",1,28.5016594847699,2.6825744645725,0.74658650013274,"Human alphaherpesvirus 1 (HSV1).ea","symptom_earpain",21.7125916691602
"851","binary",1,223.81068322892,0.131238949788241,1,"Human alphaherpesvirus 1 (HSV1).ea","symptom_allsyst",0.12713334631388
"852","binary",1,225.236726289763,0.02590147639836,1,"Human alphaherpesvirus 1 (HSV1).ea","symptom_fever",-0.0579328470105651
"853","binary",1,152.426823913708,1.43110164216216,0.836368785849037,"Human alphaherpesvirus 1 (HSV1).ea","symptom_chills",0.574608295420383
"854","binary",1,38.8093362100551,0.0324015989578186,1,"Human alphaherpesvirus 1 (HSV1).ea","symptom_shaking",0.261049628562464
"855","binary",1,211.75431939785,1.46448840107936,0.826563274588164,"Human alphaherpesvirus 1 (HSV1).ea","symptom_fatigue",0.439901066579003
"856","binary",1,124.424953299043,4.34595630407209,0.646807517083731,"Human alphaherpesvirus 1 (HSV1).ea","symptom_myalgia",1.20783857181505
"857","binary",1,37.6909832423369,0.78525622095755,0.891859113236931,"Human alphaherpesvirus 1 (HSV1).ea","symptom_lymphadenopathy",2.2466459793859
"858","binary",1,200.380248889803,0.00256953325600762,1,"Human alphaherpesvirus 1 (HSV1).ea","symptom_allneuro",-0.0189455444487853
"859","binary",1,128.807872642041,3.0030418653524,0.74658650013274,"Human alphaherpesvirus 1 (HSV1).ea","symptom_headache",0.911005600907033
"860","binary",1,112.723180646027,1.85314184203152,0.782532285176723,"Human alphaherpesvirus 1 (HSV1).ea","symptom_confusion",-0.800884857441513
"861","binary",1,33.4572550606088,0.934299874573895,0.844113108246205,"Human alphaherpesvirus 1 (HSV1).ea","symptom_syncope",1.43070519159384
"862","binary",1,108.264744563292,0.161482314815188,0.986272701320314,"Human alphaherpesvirus 1 (HSV1).ea","symptom_anosmia",0.244461996120981
"863","binary",1,198.736822951787,4.01358875771825,0.661100922061364,"Human alphaherpesvirus 1 (HSV1).ea","symptom_allGI",0.750793027507658
"864","binary",1,98.645633855299,0.0541072887404823,1,"Human alphaherpesvirus 1 (HSV1).ea","symptom_abdpain",0.158619470239987
"865","binary",1,137.342091771536,0.421831146884188,0.942790693022087,"Human alphaherpesvirus 1 (HSV1).ea","symptom_nausea",0.332378127528102
"866","binary",1,138.26133550879,2.10713372682216,0.782532285176723,"Human alphaherpesvirus 1 (HSV1).ea","symptom_diarrhea",0.763673493580078
"867","binary",1,34.5938620866693,1.74020298454148,0.782532285176723,"Human alphaherpesvirus 1 (HSV1).ea","symptom_allderm",4.29840469255519
"868","binary",1,26.2382916207068,-0.260389544626534,1,"Human alphaherpesvirus 1 (HSV1).ea","symptom_skinrash",-20.2368437211518
"869","binary",1,29.4813330924722,2.98265192693809,0.74658650013274,"Human alphaherpesvirus 1 (HSV1).ea","symptom_skinulcer",21.9836718135704
"870","binary",1,110.228669210052,0.393964273732635,0.951667416466646,"Human alphaherpesvirus 1 (HSV1).ea","symptom_allother",-0.370920138276579
"871","binary",1,43.6187158190637,0.42391654581111,0.942790693022087,"Human alphaherpesvirus 1 (HSV1).ea","symptom_arthralgia",0.810618847366008
"872","binary",1,59.3003252562132,0.41680644838592,0.942790693022087,"Human alphaherpesvirus 1 (HSV1).ea","symptom_edema",0.608238877013006
"873","binary",1,72.3391561502112,8.11636899180934,0.416739663473222,"Human alphaherpesvirus 1 (HSV1).ea","symptom_nonamb",-19.0462917204339
"874","binary",1,204.885141240096,0.30676342320416,0.953574800952308,"Human alphaherpesvirus 1 (HSV1).ea","ever_ever_esc",0.218319344825292
"875","binary",1,44.3684162429273,5.32571129452415,0.49905947427054,"Human alphaherpesvirus 1 (HSV1).ea","ever_icu",39.3919413747817
"876","binary",1,119.162156878613,0.216823198718942,0.963046909135145,"Human alphaherpesvirus 1 (HSV1).ea","diedever",-0.243642619926117
"877","binary",1,192.481719563602,0.0531375350147982,1,"Human alphaherpesvirus 1 (HSV1).ea","ever_remdes",-0.0950762285511685
"878","binary",1,136.415739711495,0.720500957790648,0.909669074666108,"Human alphaherpesvirus 1 (HSV1).ea","ever_steroids",0.430212023665507
"879","binary",1,216.858343609851,0.981325385597387,0.844113108246205,"Human alphaherpesvirus 1 (HSV1).ea","ever_azithro",0.37122342265596
"880","binary",1,90.1263435149667,0.333888500843159,0.953574800952308,"Human alphaherpesvirus 1 (HSV1).ea","ever_otherabx",0.412588397196325
"881","binary",1,124.979601184384,5.99440398174586,0.454458751344547,"Human alphaherpesvirus 1 (HSV1).ea","ever_conplas",1.49883707290059
"882","binary",1,25.8190850137548,2.86668466742412e-11,1,"Human alphaherpesvirus 1 (HSV1).ea","ever_monoclonal",-0.387346351766348
"883","binary",1,96.1699437655831,0.106782492722303,1,"Human alphaherpesvirus 1 (HSV1).ea","ever_immsupp",0.225680941913521
"884","binary",1,48.3941104827246,0.209680511235426,0.963046909135145,"Human alphaherpesvirus 1 (HSV1).ea","anycomp",-0.98813165072242
"885","binary",1,48.3941104827246,0.209680511235426,0.963046909135145,"Human alphaherpesvirus 1 (HSV1).ea","ncomp",-0.98813165072242
"886","binary",1,47.2004614754883,0.215374457676468,0.963046909135145,"Human alphaherpesvirus 1 (HSV1).ea","comp_seizure",-0.569201582704159
"887","binary",1,66.7488598965494,0.0325394282425862,1,"Human alphaherpesvirus 1 (HSV1).ea","comp_meningitis",0.156359759950548
"888","binary",1,89.2921617251153,0.0540144060094434,1,"Human alphaherpesvirus 1 (HSV1).ea","comp_stroke",0.154861503238121
"889","binary",1,147.604463486388,0.581594852862793,0.920194784790758,"Human alphaherpesvirus 1 (HSV1).ea","comp_afib",-0.360102813364941
"890","binary",1,121.727238511118,0.143627970667396,1,"Human alphaherpesvirus 1 (HSV1).ea","comp_ventricular_arr",-0.213220377964567
"891","binary",1,29.0509237048129,1.64418919021297,0.782532285176723,"Human alphaherpesvirus 1 (HSV1).ea","comp_myocard",-21.2361853030467
"892","binary",1,98.1064660139983,0.258712118505258,0.963046909135145,"Human alphaherpesvirus 1 (HSV1).ea","comp_cardarrest",0.38710093184918
"893","binary",1,53.1865007407356,0.00484210703788079,1,"Human alphaherpesvirus 1 (HSV1).ea","comp_stemi",0.072402224017764
"894","binary",1,73.5798002373902,0.0272337409578682,1,"Human alphaherpesvirus 1 (HSV1).ea","comp_nstemi",-0.13312201435331
"895","binary",1,111.913078467024,0.0180085393609204,1,"Human alphaherpesvirus 1 (HSV1).ea","comp_chf",0.0764657333200413
"896","binary",1,120.160754424845,0.13023503482404,1,"Human alphaherpesvirus 1 (HSV1).ea","comp_pneumonia",-0.222170026065784
"897","binary",1,29.4813330924722,0.59726949169729,0.920194784790758,"Human alphaherpesvirus 1 (HSV1).ea","comp_bronch",-19.8324829960701
"898","binary",1,112.369776178798,0.229042282752431,0.963046909135145,"Human alphaherpesvirus 1 (HSV1).ea","comp_pneumo",0.272060195099915
"899","binary",1,73.2477290907365,0.200961492059818,0.963176093676929,"Human alphaherpesvirus 1 (HSV1).ea","comp_pneumomed",0.374503295152191
"900","binary",1,68.3592747178091,0.464546986786175,0.932141062192519,"Human alphaherpesvirus 1 (HSV1).ea","comp_aat",-0.648144228236534
"901","binary",1,177.00386642381,0.00387465608235971,1,"Human alphaherpesvirus 1 (HSV1).ea","comp_avthromb",-0.0258853329099895
"902","binary",1,203.597192134542,0.631785451730082,0.920194784790758,"Human alphaherpesvirus 1 (HSV1).ea","comp_shock",0.318853074917361
"903","binary",1,206.364305228449,1.49539104933996,0.816748714441324,"Human alphaherpesvirus 1 (HSV1).ea","comp_bac",0.469249608227594
"904","binary",1,73.9404823235417,0.0024782774705443,1,"Human alphaherpesvirus 1 (HSV1).ea","comp_coag",-0.0391380606880056
"905","binary",1,59.0261981527439,0.00310496364490831,1,"Human alphaherpesvirus 1 (HSV1).ea","comp_hypogly",0.0562192715271142
"906","binary",1,134.99937648045,2.9029145160888,0.74658650013274,"Human alphaherpesvirus 1 (HSV1).ea","comp_bleed",0.887293178931374
"907","binary",1,208.411796229952,0.179451980126743,0.977875830529875,"Human alphaherpesvirus 1 (HSV1).ea","comp_anemia",0.1650350593673
"908","binary",1,27.3554436120841,1.12017667733951,0.844113108246205,"Human alphaherpesvirus 1 (HSV1).ea","comp_pancreas",-67.3304098117031
"909","binary",1,210.088089333357,0.00057906292562393,1,"Human alphaherpesvirus 1 (HSV1).ea","comp_renal",0.00931000511870273
"910","binary",1,147.264622710035,1.00185114906841,0.844113108246205,"Human alphaherpesvirus 1 (HSV1).ea","comp_liver",0.466615371961498
"911","binary",1,65.4419008038646,0.515093273897861,0.920194784790758,"Human alphaherpesvirus 1 (HSV1).ea","comp_othlab",0.712061874553731
"912","binary",1,106.177348522154,0.231040913403007,0.963046909135145,"Human alphaherpesvirus 1 (HSV1).ea","comp_electrolyte",-0.291548579840118
"913","binary",1,81.2880732604054,0.68767238902079,0.909669074666108,"Human alphaherpesvirus 1 (HSV1).ea","comp_othinf",0.652107516482357
"914","binary",1,26.7871725306312,0.835094274319736,0.873153995492675,"Human alphaherpesvirus 1 (HSV1).ea","comp_unddisease",-74.2635974547891
"915","binary",1,76.1665974407848,0.0666117269644246,1,"Human alphaherpesvirus 1 (HSV1).ea","comp_enceph",0.185696229784207
"916","binary",1,27.4067345205737,0.908053355267292,0.844113108246205,"Human alphaherpesvirus 1 (HSV1).ea","comp_othneuro",-20.2222542974652
"917","binary",1,87.6649803165662,0.701377287987384,0.909669074666108,"Human alphaherpesvirus 1 (HSV1).ea","comp_hypergly",0.633770048263809
"918","binary",1,25.8190850137548,2.86668466742412e-11,1,"Human alphaherpesvirus 1 (HSV1).ea","comp_psych",-0.387346351766348
"919","binary",1,25.9732063928979,0.0715214537597113,1,"Human alphaherpesvirus 1 (HSV1).ea","comp_gastroent",-27.5108770088096
"920","binary",1,222.770286812266,0.0765584330059426,0.974315834517442,"Human betaherpesvirus 5 (CMV).ea","comorb_htn",0.187466528162486
"921","binary",1,234.185767800814,0.0976341366451834,0.974315834517442,"Human betaherpesvirus 5 (CMV).ea","comorb_isaric_dm",0.204504646608484
"922","binary",1,174.19358994032,2.5677981732712,0.680469990878973,"Human betaherpesvirus 5 (CMV).ea","comorb_anyresp_noasthma",1.19445725059537
"923","binary",1,140.076570712803,0.924499421512337,0.842080709606534,"Human betaherpesvirus 5 (CMV).ea","comorb_isaric_asthma",0.781663670576609
"924","binary",1,164.667059392162,0.031279950562606,1,"Human betaherpesvirus 5 (CMV).ea","comorb_isaric_cardiac",0.154391056204444
"925","binary",1,137.964061445333,2.00986931936993,0.724660654988918,"Human betaherpesvirus 5 (CMV).ea","comorb_isaric_ckd",1.21633283335433
"926","binary",1,79.3631008864009,2.03493660410304,0.724660654988918,"Human betaherpesvirus 5 (CMV).ea","comorb_isaric_neoplasm",1.57492634142854
"927","binary",1,135.381173584239,3.24854607765448,0.666035540700983,"Human betaherpesvirus 5 (CMV).ea","comorb_neuro",-17.781731327378
"928","binary",1,106.219958032178,0.495371122735719,0.908017500995806,"Human betaherpesvirus 5 (CMV).ea","comorb_isaric_liver",0.651341216018068
"929","binary",1,72.7787393630888,1.13770153256914,0.817538656050723,"Human betaherpesvirus 5 (CMV).ea","comorb_hxtrans",-18.9396148454718
"930","binary",1,29.0509237050038,0.549264230802883,0.908017500995806,"Human betaherpesvirus 5 (CMV).ea","comorb_hiv2",-21.6358979799351
"931","binary",1,189.973173113432,0.1620653906038,0.974315834517442,"Human betaherpesvirus 5 (CMV).ea","comorb_eversmkvape",-0.327899194523078
"932","binary",1,73.8492291372315,2.53579604007663,0.680469990878973,"Human betaherpesvirus 5 (CMV).ea","comorb_anysubstance",1.6994737881079
"933","binary",1,85.4999733629643,0.551532860971932,0.908017500995806,"Human betaherpesvirus 5 (CMV).ea","comorb_count",-0.9954862355488
"934","binary",1,85.4999733629643,0.551532860971932,0.908017500995806,"Human betaherpesvirus 5 (CMV).ea","comorb_countcat",-0.9954862355488
"935","binary",1,164.252146521357,6.60042980310706,0.352205258466094,"Human betaherpesvirus 5 (CMV).ea","timesymptomcat",18.5563800593901
"936","binary",1,122.312824413548,0.00112206355348121,1,"Human betaherpesvirus 5 (CMV).ea","symptom_allresp",0.0396552317821682
"937","binary",1,216.813636659563,0.352793190348535,0.932883702704502,"Human betaherpesvirus 5 (CMV).ea","symptom_cough",-0.448017829355392
"938","binary",1,113.949730579932,1.71161599312184,0.724660654988918,"Human betaherpesvirus 5 (CMV).ea","symptom_cough_prod",-17.9670491949275
"939","binary",1,30.6691462047773,0.240543971354406,0.950208849081191,"Human betaherpesvirus 5 (CMV).ea","symptom_haemoptysis",-20.0391402782072
"940","binary",1,89.6448272372116,0.0307918641332918,1,"Human betaherpesvirus 5 (CMV).ea","symptom_sorethroat",-0.216060578579373
"941","binary",1,89.0584535888491,0.0848607193879616,0.974315834517442,"Human betaherpesvirus 5 (CMV).ea","symptom_rhinorrhea",0.348776358094173
"942","binary",1,95.2937562727763,0.281187428805183,0.932883702704502,"Human betaherpesvirus 5 (CMV).ea","symptom_wheeze",0.656343138556565
"943","binary",1,164.301833129038,5.0146852043307,0.496980581888945,"Human betaherpesvirus 5 (CMV).ea","symptom_chestpain",-17.1129666667766
"944","binary",1,177.16447538257,0.0935986938969506,0.974315834517442,"Human betaherpesvirus 5 (CMV).ea","symptom_dyspnea",-0.229017100990226
"945","binary",1,28.5016594847699,3.72907075390821,0.597640917216836,"Human betaherpesvirus 5 (CMV).ea","symptom_earpain",22.8736973840529
"946","binary",1,223.81068322892,0.590434888708671,0.908017500995806,"Human betaherpesvirus 5 (CMV).ea","symptom_allsyst",-0.51251691621597
"947","binary",1,225.236726289763,0.525437899040242,0.908017500995806,"Human betaherpesvirus 5 (CMV).ea","symptom_fever",-0.509434769318825
"948","binary",1,152.426823913708,0.777888795417311,0.869986085730781,"Human betaherpesvirus 5 (CMV).ea","symptom_chills",-0.898471184828683
"949","binary",1,38.8093362100551,0.391497734514203,0.917265804784703,"Human betaherpesvirus 5 (CMV).ea","symptom_shaking",-20.3856415704774
"950","binary",1,211.75431939785,0.474868338487852,0.908017500995806,"Human betaherpesvirus 5 (CMV).ea","symptom_fatigue",-0.49436678457168
"951","binary",1,124.424953299043,0.00856794353782675,1,"Human betaherpesvirus 5 (CMV).ea","symptom_myalgia",-0.102731909557407
"952","binary",1,37.6909832423369,0.0334684653800466,1,"Human betaherpesvirus 5 (CMV).ea","symptom_lymphadenopathy",-16.8099980799465
"953","binary",1,200.380248889803,3.11401444555688,0.680469990878973,"Human betaherpesvirus 5 (CMV).ea","symptom_allneuro",-1.60378469602549
"954","binary",1,128.807872642041,3.76043520949789,0.597640917216836,"Human betaherpesvirus 5 (CMV).ea","symptom_headache",-18.8873336578315
"955","binary",1,112.723180646027,0.00521486978152552,1,"Human betaherpesvirus 5 (CMV).ea","symptom_confusion",-0.0814779413257708
"956","binary",1,33.4572550606088,1.38444278263705e-09,1,"Human betaherpesvirus 5 (CMV).ea","symptom_syncope",18.8391937071755
"957","binary",1,108.264744563292,1.83956690445736,0.724660654988918,"Human betaherpesvirus 5 (CMV).ea","symptom_anosmia",-18.1132886268357
"958","binary",1,198.736822951787,1.41572930865502,0.751968156062444,"Human betaherpesvirus 5 (CMV).ea","symptom_allGI",-0.930252796816771
"959","binary",1,98.645633855299,2.37202378795067,0.680469990878973,"Human betaherpesvirus 5 (CMV).ea","symptom_abdpain",-16.4621339437314
"960","binary",1,137.342091771536,0.00782075914412417,1,"Human betaherpesvirus 5 (CMV).ea","symptom_nausea",0.0775155944735424
"961","binary",1,138.26133550879,3.8707546475724,0.597640917216836,"Human betaherpesvirus 5 (CMV).ea","symptom_diarrhea",-18.8673034567146
"962","binary",1,34.5938620866693,0.063373709196803,0.988544079105105,"Human betaherpesvirus 5 (CMV).ea","symptom_allderm",-17.3014392348511
"963","binary",1,26.2382916207068,-0.0371066361702574,1,"Human betaherpesvirus 5 (CMV).ea","symptom_skinrash",-17.4882091142435
"964","binary",1,29.4813330924722,0.13343227377803,0.974315834517442,"Human betaherpesvirus 5 (CMV).ea","symptom_skinulcer",-19.021185973092
"965","binary",1,110.228669210052,0.0103434704215317,1,"Human betaherpesvirus 5 (CMV).ea","symptom_allother",-0.114562387157811
"966","binary",1,43.6187158190637,0.215168892883597,0.956376456473588,"Human betaherpesvirus 5 (CMV).ea","symptom_arthralgia",-18.6950339573753
"967","binary",1,59.3003252562132,0.135628737735544,0.974315834517442,"Human betaherpesvirus 5 (CMV).ea","symptom_edema",0.473360200749376
"968","binary",1,72.3391561502112,0.818038451078181,0.869986085730781,"Human betaherpesvirus 5 (CMV).ea","symptom_nonamb",-17.2893397429722
"969","binary",1,204.885141240096,1.28587034971056,0.770361994968768,"Human betaherpesvirus 5 (CMV).ea","ever_ever_esc",0.821431603459855
"970","binary",1,44.3684162429273,0.337201365704871,0.932883702704502,"Human betaherpesvirus 5 (CMV).ea","ever_icu",18.5140837639181
"971","binary",1,119.162156878613,10.9506200961007,0.0888936798377532,"Human betaherpesvirus 5 (CMV).ea","diedever",2.42037760501162
"972","binary",1,192.481719563602,1.0624941869884,0.842080709606534,"Human betaherpesvirus 5 (CMV).ea","ever_remdes",-0.808661630235827
"973","binary",1,136.415739711495,0.214041992664505,0.956376456473588,"Human betaherpesvirus 5 (CMV).ea","ever_steroids",-0.411366926655272
"974","binary",1,216.858343609851,1.25331060238369,0.77449629570886,"Human betaherpesvirus 5 (CMV).ea","ever_azithro",-0.790469965383848
"975","binary",1,90.1263435149667,1.35483185793025,0.751968156062444,"Human betaherpesvirus 5 (CMV).ea","ever_otherabx",17.655880086978
"976","binary",1,124.979601184384,1.01383344110504,0.842080709606534,"Human betaherpesvirus 5 (CMV).ea","ever_conplas",-1.10622906976059
"977","binary",1,25.8190850137548,3.10862446895044e-12,1,"Human betaherpesvirus 5 (CMV).ea","ever_monoclonal",0.291742085829973
"978","binary",1,96.1699437655831,0.146872227410114,0.974315834517442,"Human betaherpesvirus 5 (CMV).ea","ever_immsupp",0.401554867044174
"979","binary",1,48.3941104827246,0.307622360622666,0.932883702704502,"Human betaherpesvirus 5 (CMV).ea","anycomp",20.4364694065991
"980","binary",1,48.3941104827246,0.307622360622666,0.932883702704502,"Human betaherpesvirus 5 (CMV).ea","ncomp",20.4364694065991
"981","binary",1,47.2004614754883,0.466437674259176,0.908017500995806,"Human betaherpesvirus 5 (CMV).ea","comp_seizure",-19.5554793322141
"982","binary",1,66.7488598965494,4.95975035030976,0.496980581888945,"Human betaherpesvirus 5 (CMV).ea","comp_meningitis",2.88572555020684
"983","binary",1,89.2921617251153,1.75573397550589,0.724660654988918,"Human betaherpesvirus 5 (CMV).ea","comp_stroke",-19.0223117267519
"984","binary",1,147.604463486388,0.132640749175664,0.974315834517442,"Human betaherpesvirus 5 (CMV).ea","comp_afib",-0.386018007291049
"985","binary",1,121.727238511118,3.97682344697964,0.597640917216836,"Human betaherpesvirus 5 (CMV).ea","comp_ventricular_arr",1.76311985741945
"986","binary",1,29.0509237048129,8.88178419700125e-14,1,"Human betaherpesvirus 5 (CMV).ea","comp_myocard",-0.313691375180903
"987","binary",1,98.1064660139983,0.287268184367335,0.932883702704502,"Human betaherpesvirus 5 (CMV).ea","comp_cardarrest",-16.1157943873292
"988","binary",1,53.1865007407356,3.87917567363617,0.597640917216836,"Human betaherpesvirus 5 (CMV).ea","comp_stemi",19.7425330653819
"989","binary",1,73.5798002373902,0.714136654113005,0.869986085730781,"Human betaherpesvirus 5 (CMV).ea","comp_nstemi",-18.0923297918673
"990","binary",1,111.913078467024,1.64065822488215,0.724660654988918,"Human betaherpesvirus 5 (CMV).ea","comp_chf",1.28234911016243
"991","binary",1,120.160754424845,0.0521021460354376,1,"Human betaherpesvirus 5 (CMV).ea","comp_pneumonia",0.293391764445058
"992","binary",1,29.4813330924722,0.133432273778041,0.974315834517442,"Human betaherpesvirus 5 (CMV).ea","comp_bronch",-19.0211840476649
"993","binary",1,112.369776178798,2.53448798168961,0.680469990878973,"Human betaherpesvirus 5 (CMV).ea","comp_pneumo",1.36644313397258
"994","binary",1,73.2477290907365,0.54139187820364,0.908017500995806,"Human betaherpesvirus 5 (CMV).ea","comp_pneumomed",-17.896324808531
"995","binary",1,68.3592747178091,0.145533434361695,0.974315834517442,"Human betaherpesvirus 5 (CMV).ea","comp_aat",0.505990229216989
"996","binary",1,177.00386642381,3.61659360861555,0.621092523602665,"Human betaherpesvirus 5 (CMV).ea","comp_avthromb",1.34889791524105
"997","binary",1,203.597192134542,2.44689370062176,0.680469990878973,"Human betaherpesvirus 5 (CMV).ea","comp_shock",1.26221388262674
"998","binary",1,206.364305228449,2.96989033887769,0.680469990878973,"Human betaherpesvirus 5 (CMV).ea","comp_bac",1.27382409944857
"999","binary",1,73.9404823235417,0.223494234664813,0.95584312033679,"Human betaherpesvirus 5 (CMV).ea","comp_coag",0.59528175389391
"1000","binary",1,59.0261981527439,0.897189444098231,0.842080709606534,"Human betaherpesvirus 5 (CMV).ea","comp_hypogly",-18.4282882473536
"1001","binary",1,134.99937648045,0.412941534474925,0.910625867470856,"Human betaherpesvirus 5 (CMV).ea","comp_bleed",0.619126495966637
"1002","binary",1,208.411796229952,1.15952656195876,0.810562307578379,"Human betaherpesvirus 5 (CMV).ea","comp_anemia",0.782924812538123
"1003","binary",1,27.3554436120841,-0.0386233627380648,1,"Human betaherpesvirus 5 (CMV).ea","comp_pancreas",-3.9819303162038
"1004","binary",1,210.088089333357,2.81042187214649,0.680469990878973,"Human betaherpesvirus 5 (CMV).ea","comp_renal",1.27984481520784
"1005","binary",1,147.264622710035,0.00969180016247151,1,"Human betaherpesvirus 5 (CMV).ea","comp_liver",-0.0825892571576459
"1006","binary",1,65.4419008038646,1.47868629335147,0.751968156062444,"Human betaherpesvirus 5 (CMV).ea","comp_othlab",-17.9867427853816
"1007","binary",1,106.177348522154,0.0845923012911101,0.974315834517442,"Human betaherpesvirus 5 (CMV).ea","comp_electrolyte",0.344590135269122
"1008","binary",1,81.2880732604054,0.20180773944756,0.962174184594425,"Human betaherpesvirus 5 (CMV).ea","comp_othinf",0.553330625305325
"1009","binary",1,26.7871725306312,0.0772450633448791,0.974315834517442,"Human betaherpesvirus 5 (CMV).ea","comp_unddisease",-6.26502166167924
"1010","binary",1,76.1665974407848,1.02784488472669,0.842080709606534,"Human betaherpesvirus 5 (CMV).ea","comp_enceph",1.06322124814091
"1011","binary",1,27.4067345205737,2.89581691959029e-11,1,"Human betaherpesvirus 5 (CMV).ea","comp_othneuro",-1.02404527677052
"1012","binary",1,87.6649803165662,0.788686301100199,0.869986085730781,"Human betaherpesvirus 5 (CMV).ea","comp_hypergly",1.2342176518253
"1013","binary",1,25.8190850137548,3.10862446895044e-12,1,"Human betaherpesvirus 5 (CMV).ea","comp_psych",0.291742085829973
"1014","binary",1,25.9732063928979,0.0225339419314778,1,"Human betaherpesvirus 5 (CMV).ea","comp_gastroent",-10.4578396267534
"1015","binary",1,222.770286812266,2.40351300811156,0.694920438401559,"Human gammaherpesvirus 4 (EBV).ea","comorb_htn",1.15050171289386
"1016","binary",1,234.185767800814,0.778813912761706,0.833846183461336,"Human gammaherpesvirus 4 (EBV).ea","comorb_isaric_dm",0.573854202166867
"1017","binary",1,174.19358994032,0.637657329850953,0.862743032836811,"Human gammaherpesvirus 4 (EBV).ea","comorb_anyresp_noasthma",0.572282834396518
"1018","binary",1,140.076570712803,4.67828832076603,0.494329997140854,"Human gammaherpesvirus 4 (EBV).ea","comorb_isaric_asthma",1.72367637436631
"1019","binary",1,164.667059392162,3.15664030454923,0.694902619178592,"Human gammaherpesvirus 4 (EBV).ea","comorb_isaric_cardiac",1.26199946247326
"1020","binary",1,137.964061445333,3.60430911999606,0.64890143481569,"Human gammaherpesvirus 4 (EBV).ea","comorb_isaric_ckd",1.47770775521776
"1021","binary",1,79.3631008864009,2.06075084323595,0.694920438401559,"Human gammaherpesvirus 4 (EBV).ea","comorb_isaric_neoplasm",1.46549208772096
"1022","binary",1,135.381173584239,0.289062452841193,0.927736961680142,"Human gammaherpesvirus 4 (EBV).ea","comorb_neuro",0.505195069575975
"1023","binary",1,106.219958032178,3.23397838954159,0.685190106387184,"Human gammaherpesvirus 4 (EBV).ea","comorb_isaric_liver",1.52670959701862
"1024","binary",1,72.7787393630888,0.996495924095484,0.833846183461336,"Human gammaherpesvirus 4 (EBV).ea","comorb_hxtrans",1.59349476567738
"1025","binary",1,29.0509237050038,0.348929556855165,0.916233582290317,"Human gammaherpesvirus 4 (EBV).ea","comorb_hiv2",-20.963101564898
"1026","binary",1,189.973173113432,1.02587571706411,0.833846183461336,"Human gammaherpesvirus 4 (EBV).ea","comorb_eversmkvape",-0.794275922640274
"1027","binary",1,73.8492291372315,0.559659945308127,0.872214945192737,"Human gammaherpesvirus 4 (EBV).ea","comorb_anysubstance",0.972779130519409
"1028","binary",1,85.4999733629643,0.207909983970225,0.973897181953441,"Human gammaherpesvirus 4 (EBV).ea","comorb_count",-0.570863940014086
"1029","binary",1,85.4999733629643,0.207909983970225,0.973897181953441,"Human gammaherpesvirus 4 (EBV).ea","comorb_countcat",-0.570863940014086
"1030","binary",1,164.252146521357,0.0310080078041608,1,"Human gammaherpesvirus 4 (EBV).ea","timesymptomcat",0.146398351015271
"1031","binary",1,122.312824413548,2.19331047213144,0.694920438401559,"Human gammaherpesvirus 4 (EBV).ea","symptom_allresp",17.3231971785209
"1032","binary",1,216.813636659563,3.23409249850189,0.685190106387184,"Human gammaherpesvirus 4 (EBV).ea","symptom_cough",1.4846673833776
"1033","binary",1,113.949730579932,2.38313784057114,0.694920438401559,"Human gammaherpesvirus 4 (EBV).ea","symptom_cough_prod",-18.273854440194
"1034","binary",1,30.6691462047773,0.182984898325429,0.981085384912611,"Human gammaherpesvirus 4 (EBV).ea","symptom_haemoptysis",-19.44707573663
"1035","binary",1,89.6448272372116,0.00059536657377634,1,"Human gammaherpesvirus 4 (EBV).ea","symptom_sorethroat",0.0294545993302455
"1036","binary",1,89.0584535888491,0.0252673927769109,1,"Human gammaherpesvirus 4 (EBV).ea","symptom_rhinorrhea",0.183735716791865
"1037","binary",1,95.2937562727763,0.161419305668858,0.982647349006646,"Human gammaherpesvirus 4 (EBV).ea","symptom_wheeze",0.478926279219055
"1038","binary",1,164.301833129038,0.774431630023457,0.833846183461336,"Human gammaherpesvirus 4 (EBV).ea","symptom_chestpain",0.681139746775531
"1039","binary",1,177.16447538257,1.4996761588738,0.786198595552361,"Human gammaherpesvirus 4 (EBV).ea","symptom_dyspnea",1.15550445706949
"1040","binary",1,28.5016594847699,3.80424580725958e-11,1,"Human gammaherpesvirus 4 (EBV).ea","symptom_earpain",-1.22718769244863
"1041","binary",1,223.81068322892,1.00185229663202,0.833846183461336,"Human gammaherpesvirus 4 (EBV).ea","symptom_allsyst",-0.648985107209367
"1042","binary",1,225.236726289763,0.091976205306338,0.983286838507144,"Human gammaherpesvirus 4 (EBV).ea","symptom_fever",-0.210262255843655
"1043","binary",1,152.426823913708,0.0917045607217801,0.983286838507144,"Human gammaherpesvirus 4 (EBV).ea","symptom_chills",0.268258782782608
"1044","binary",1,38.8093362100551,0.419867490817296,0.915041308250838,"Human gammaherpesvirus 4 (EBV).ea","symptom_shaking",-20.3999594657663
"1045","binary",1,211.75431939785,4.64077820667643,0.494329997140854,"Human gammaherpesvirus 4 (EBV).ea","symptom_fatigue",-1.87746792438665
"1046","binary",1,124.424953299043,0.00536383466504731,1,"Human gammaherpesvirus 4 (EBV).ea","symptom_myalgia",0.0827618334821552
"1047","binary",1,37.6909832423369,0.186341564541806,0.981085384912611,"Human gammaherpesvirus 4 (EBV).ea","symptom_lymphadenopathy",-18.473732877991
"1048","binary",1,200.380248889803,3.62032160554654,0.64890143481569,"Human gammaherpesvirus 4 (EBV).ea","symptom_allneuro",-1.6886845121461
"1049","binary",1,128.807872642041,3.30079027417949,0.685190106387184,"Human gammaherpesvirus 4 (EBV).ea","symptom_headache",-18.649286263752
"1050","binary",1,112.723180646027,0.077611782461787,0.986982460838089,"Human gammaherpesvirus 4 (EBV).ea","symptom_confusion",-0.295869562259672
"1051","binary",1,33.4572550606088,0.908053368527938,0.833846183461336,"Human gammaherpesvirus 4 (EBV).ea","symptom_syncope",-22.0128362101267
"1052","binary",1,108.264744563292,2.0324650076663,0.694920438401559,"Human gammaherpesvirus 4 (EBV).ea","symptom_anosmia",-18.2137522479748
"1053","binary",1,198.736822951787,1.18242479820455,0.833846183461336,"Human gammaherpesvirus 4 (EBV).ea","symptom_allGI",-0.830985165101775
"1054","binary",1,98.645633855299,2.35782208126095,0.694920438401559,"Human gammaherpesvirus 4 (EBV).ea","symptom_abdpain",-16.4225665422093
"1055","binary",1,137.342091771536,0.128826924572422,0.983286838507144,"Human gammaherpesvirus 4 (EBV).ea","symptom_nausea",0.318117993165676
"1056","binary",1,138.26133550879,4.5311298118022,0.505911283700775,"Human gammaherpesvirus 4 (EBV).ea","symptom_diarrhea",-18.0958568219688
"1057","binary",1,34.5938620866693,1.2055210163453e-09,1,"Human gammaherpesvirus 4 (EBV).ea","symptom_allderm",0.23257587535465
"1058","binary",1,26.2382916207068,-4.06408879882747e-07,1,"Human gammaherpesvirus 4 (EBV).ea","symptom_skinrash",-22.2597340482445
"1059","binary",1,29.4813330924722,1.01962882581574e-12,1,"Human gammaherpesvirus 4 (EBV).ea","symptom_skinulcer",-0.0224005112429121
"1060","binary",1,110.228669210052,2.67260881050439,0.694920438401559,"Human gammaherpesvirus 4 (EBV).ea","symptom_allother",1.35834962779553
"1061","binary",1,43.6187158190637,0.863890209690084,0.833846183461336,"Human gammaherpesvirus 4 (EBV).ea","symptom_arthralgia",-20.0802507931657
"1062","binary",1,59.3003252562132,8.23685909519158,0.311965597970162,"Human gammaherpesvirus 4 (EBV).ea","symptom_edema",3.04779405160286
"1063","binary",1,72.3391561502112,1.08052285469333,0.833846183461336,"Human gammaherpesvirus 4 (EBV).ea","symptom_nonamb",-17.5352909845749
"1064","binary",1,204.885141240096,0.0207531743243692,1,"Human gammaherpesvirus 4 (EBV).ea","ever_ever_esc",-0.106151747246515
"1065","binary",1,44.3684162429273,0.445579944166099,0.909749947999041,"Human gammaherpesvirus 4 (EBV).ea","ever_icu",18.6850739801307
"1066","binary",1,119.162156878613,3.4849249578774,0.65074760905428,"Human gammaherpesvirus 4 (EBV).ea","diedever",1.56017968047055
"1067","binary",1,192.481719563602,4.31206788402775,0.532604259614251,"Human gammaherpesvirus 4 (EBV).ea","ever_remdes",2.00086663665502
"1068","binary",1,136.415739711495,0.147373822771954,0.983286838507144,"Human gammaherpesvirus 4 (EBV).ea","ever_steroids",0.401025358617741
"1069","binary",1,216.858343609851,0.0369111911212485,1,"Human gammaherpesvirus 4 (EBV).ea","ever_azithro",0.134862442858044
"1070","binary",1,90.1263435149667,1.67331373487835,0.751614184021328,"Human gammaherpesvirus 4 (EBV).ea","ever_otherabx",17.9068768476774
"1071","binary",1,124.979601184384,1.25488769844455,0.833846183461336,"Human gammaherpesvirus 4 (EBV).ea","ever_conplas",-1.27045594245958
"1072","binary",1,25.8190850137548,1.49391610193561e-11,1,"Human gammaherpesvirus 4 (EBV).ea","ever_monoclonal",1.18377504834055
"1073","binary",1,96.1699437655831,0.0546905701775842,1,"Human gammaherpesvirus 4 (EBV).ea","ever_immsupp",-0.283748988808323
"1074","binary",1,48.3941104827246,1.48220127576493,0.786198595552361,"Human gammaherpesvirus 4 (EBV).ea","anycomp",22.5467875789761
"1075","binary",1,48.3941104827246,1.48220127576493,0.786198595552361,"Human gammaherpesvirus 4 (EBV).ea","ncomp",22.5467875789761
"1076","binary",1,47.2004614754883,0.550991494817715,0.872214945192737,"Human gammaherpesvirus 4 (EBV).ea","comp_seizure",-19.787679192206
"1077","binary",1,66.7488598965494,0.275035337136131,0.931695457530687,"Human gammaherpesvirus 4 (EBV).ea","comp_meningitis",0.661985456731559
"1078","binary",1,89.2921617251153,1.05696877738824,0.833846183461336,"Human gammaherpesvirus 4 (EBV).ea","comp_stroke",0.957103127445805
"1079","binary",1,147.604463486388,0.875179813337922,0.833846183461336,"Human gammaherpesvirus 4 (EBV).ea","comp_afib",0.723358250880344
"1080","binary",1,121.727238511118,0.00326161718760432,1,"Human gammaherpesvirus 4 (EBV).ea","comp_ventricular_arr",-0.0626717586496046
"1081","binary",1,29.0509237048129,9.70246105680417e-12,1,"Human gammaherpesvirus 4 (EBV).ea","comp_myocard",-1.14831580005091
"1082","binary",1,98.1064660139983,0.0828797870466502,0.983286838507144,"Human gammaherpesvirus 4 (EBV).ea","comp_cardarrest",0.415133969189679
"1083","binary",1,53.1865007407356,0.675911774944623,0.86188939377817,"Human gammaherpesvirus 4 (EBV).ea","comp_stemi",1.1154559816123
"1084","binary",1,73.5798002373902,1.08808146542944,0.833846183461336,"Human gammaherpesvirus 4 (EBV).ea","comp_nstemi",-18.5479445459919
"1085","binary",1,111.913078467024,12.1685433400395,0.0461721352018569,"Human gammaherpesvirus 4 (EBV).ea","comp_chf",2.83399123307157
"1086","binary",1,120.160754424845,0.336604332276153,0.916233582290317,"Human gammaherpesvirus 4 (EBV).ea","comp_pneumonia",-0.650368617703997
"1087","binary",1,29.4813330924722,9.9475983006414e-13,1,"Human gammaherpesvirus 4 (EBV).ea","comp_bronch",-0.0224032688696748
"1088","binary",1,112.369776178798,0.0020929874637261,1,"Human gammaherpesvirus 4 (EBV).ea","comp_pneumo",-0.051003786265624
"1089","binary",1,73.2477290907365,0.397540588032783,0.915041308250838,"Human gammaherpesvirus 4 (EBV).ea","comp_pneumomed",0.822479679331215
"1090","binary",1,68.3592747178091,0.588726328138492,0.87205483862704,"Human gammaherpesvirus 4 (EBV).ea","comp_aat",1.0319486106528
"1091","binary",1,177.00386642381,0.180216160681255,0.981085384912611,"Human gammaherpesvirus 4 (EBV).ea","comp_avthromb",0.315712683686389
"1092","binary",1,203.597192134542,1.08108446675348,0.833846183461336,"Human gammaherpesvirus 4 (EBV).ea","comp_shock",0.849000279503021
"1093","binary",1,206.364305228449,1.67959155353461,0.751614184021328,"Human gammaherpesvirus 4 (EBV).ea","comp_bac",0.925903317565171
"1094","binary",1,73.9404823235417,0.889140107255344,0.833846183461336,"Human gammaherpesvirus 4 (EBV).ea","comp_coag",-19.2279515472286
"1095","binary",1,59.0261981527439,0.551193081921468,0.872214945192737,"Human gammaherpesvirus 4 (EBV).ea","comp_hypogly",-17.782581990105
"1096","binary",1,134.99937648045,0.845851098397418,0.833846183461336,"Human gammaherpesvirus 4 (EBV).ea","comp_bleed",0.778019169225166
"1097","binary",1,208.411796229952,4.44942410169918,0.510267195950103,"Human gammaherpesvirus 4 (EBV).ea","comp_anemia",1.56682467961078
"1098","binary",1,27.3554436120841,-1.06522152478581,1,"Human gammaherpesvirus 4 (EBV).ea","comp_pancreas",-20.932296617543
"1099","binary",1,210.088089333357,0.681520175174541,0.86188939377817,"Human gammaherpesvirus 4 (EBV).ea","comp_renal",0.592502125020064
"1100","binary",1,147.264622710035,0.916741684398971,0.833846183461336,"Human gammaherpesvirus 4 (EBV).ea","comp_liver",0.744076213973642
"1101","binary",1,65.4419008038646,1.28718263429923,0.833846183461336,"Human gammaherpesvirus 4 (EBV).ea","comp_othlab",-17.7465267976832
"1102","binary",1,106.177348522154,0.00388300824057808,1,"Human gammaherpesvirus 4 (EBV).ea","comp_electrolyte",-0.0687068953480843
"1103","binary",1,81.2880732604054,0.604066637638653,0.869484988628638,"Human gammaherpesvirus 4 (EBV).ea","comp_othinf",1.00839091718909
"1104","binary",1,26.7871725306312,0.115867546272252,0.983286838507144,"Human gammaherpesvirus 4 (EBV).ea","comp_unddisease",-13.63970903575
"1105","binary",1,76.1665974407848,1.74330267216523,0.739103561984886,"Human gammaherpesvirus 4 (EBV).ea","comp_enceph",1.4116434179666
"1106","binary",1,27.4067345205737,2.31636931857793e-12,1,"Human gammaherpesvirus 4 (EBV).ea","comp_othneuro",-0.126974578634323
"1107","binary",1,87.6649803165662,1.08091750880739,0.833846183461336,"Human gammaherpesvirus 4 (EBV).ea","comp_hypergly",-16.5477708180854
"1108","binary",1,25.8190850137548,1.49391610193561e-11,1,"Human gammaherpesvirus 4 (EBV).ea","comp_psych",1.18377504834055
"1109","binary",1,25.9732063928979,0.0142216416969347,1,"Human gammaherpesvirus 4 (EBV).ea","comp_gastroent",-12.0276998256439
