"","Clinical Variable","Rate of Clinical Event in Virus Negative Participants","Rate of Clinical Event in Virus Positive Participants","Percent Difference","virus"
"1","comorb_htn","55.8% (509/912)","71.6% (136/190)",15.8,"Anelloviridae.pbmc"
"2","comorb_isaric_dm","35.7% (326/912)","43.2% (82/190)",7.4,"Anelloviridae.pbmc"
"3","comorb_anyresp_noasthma","20.2% (184/912)","22.1% (42/190)",1.9,"Anelloviridae.pbmc"
"4","comorb_isaric_asthma","15% (137/912)","14.7% (28/190)",-0.3,"Anelloviridae.pbmc"
"5","comorb_isaric_cardiac","25.9% (236/912)","32.6% (62/190)",6.8,"Anelloviridae.pbmc"
"6","comorb_isaric_ckd","13.5% (123/912)","23.2% (44/190)",9.7,"Anelloviridae.pbmc"
"7","comorb_isaric_neoplasm","9% (82/912)","11.6% (22/190)",2.6,"Anelloviridae.pbmc"
"8","comorb_neuro","12% (109/912)","14.2% (27/190)",2.3,"Anelloviridae.pbmc"
"9","comorb_isaric_liver","4.3% (39/912)","8.4% (16/190)",4.1,"Anelloviridae.pbmc"
"10","comorb_hxtrans","4.1% (37/912)","14.7% (28/190)",10.7,"Anelloviridae.pbmc"
"11","comorb_hiv2","1.6% (15/912)","2.6% (5/190)",1,"Anelloviridae.pbmc"
"12","comorb_eversmkvape","31.9% (291/912)","33.7% (64/190)",1.8,"Anelloviridae.pbmc"
"13","comorb_anysubstance","7.6% (69/912)","6.8% (13/190)",-0.7,"Anelloviridae.pbmc"
"14","comorb_count","15.6% (142/912)","5.8% (11/190)",-9.8,"Anelloviridae.pbmc"
"15","comorb_countcat","15.6% (142/912)","5.8% (11/190)",-9.8,"Anelloviridae.pbmc"
"16","timesymptomcat","19.1% (174/912)","28.9% (55/190)",9.9,"Anelloviridae.pbmc"
"17","symptom_allresp","87.4% (797/912)","83.2% (158/190)",-4.2,"Anelloviridae.pbmc"
"18","symptom_cough","61.6% (562/912)","55.8% (106/190)",-5.8,"Anelloviridae.pbmc"
"19","symptom_cough_prod","13.5% (123/912)","16.8% (32/190)",3.4,"Anelloviridae.pbmc"
"20","symptom_haemoptysis","2.3% (21/912)","2.1% (4/190)",-0.2,"Anelloviridae.pbmc"
"21","symptom_sorethroat","8.9% (81/912)","7.4% (14/190)",-1.5,"Anelloviridae.pbmc"
"22","symptom_rhinorrhea","4.8% (44/912)","4.2% (8/190)",-0.6,"Anelloviridae.pbmc"
"23","symptom_wheeze","5% (46/912)","6.3% (12/190)",1.3,"Anelloviridae.pbmc"
"24","symptom_chestpain","20.2% (184/912)","16.8% (32/190)",-3.3,"Anelloviridae.pbmc"
"25","symptom_dyspnea","73% (666/912)","67.9% (129/190)",-5.1,"Anelloviridae.pbmc"
"26","symptom_chestwall","0.1% (1/910)","0% (0/190)",-0.1,"Anelloviridae.pbmc"
"27","symptom_earpain","0.2% (2/912)","0.5% (1/190)",0.3,"Anelloviridae.pbmc"
"28","symptom_conjunctivitis","0.2% (2/912)","0% (0/190)",-0.2,"Anelloviridae.pbmc"
"29","symptom_allsyst","72.4% (660/912)","67.9% (129/190)",-4.5,"Anelloviridae.pbmc"
"30","symptom_fever","49.7% (453/912)","45.8% (87/190)",-3.9,"Anelloviridae.pbmc"
"31","symptom_chills","25.2% (230/912)","21.1% (40/190)",-4.2,"Anelloviridae.pbmc"
"32","symptom_shaking","1.3% (12/911)","0.5% (1/190)",-0.8,"Anelloviridae.pbmc"
"33","symptom_fatigue","41.8% (381/912)","38.4% (73/190)",-3.4,"Anelloviridae.pbmc"
"34","symptom_myalgia","24.5% (223/912)","18.9% (36/190)",-5.5,"Anelloviridae.pbmc"
"35","symptom_lymphadenopathy","0.3% (3/912)","1.1% (2/190)",0.7,"Anelloviridae.pbmc"
"36","symptom_allneuro","30.6% (279/912)","29.5% (56/190)",-1.1,"Anelloviridae.pbmc"
"37","symptom_headache","17.9% (163/912)","14.7% (28/190)",-3.1,"Anelloviridae.pbmc"
"38","symptom_confusion","4.9% (45/912)","6.8% (13/190)",1.9,"Anelloviridae.pbmc"
"39","symptom_seizure","0.3% (3/912)","0% (0/190)",-0.3,"Anelloviridae.pbmc"
"40","symptom_syncope","1.9% (17/912)","0.5% (1/190)",-1.3,"Anelloviridae.pbmc"
"41","symptom_anosmia","10.1% (92/912)","10% (19/190)",-0.1,"Anelloviridae.pbmc"
"42","symptom_allGI","39.8% (363/912)","33.7% (64/190)",-6.1,"Anelloviridae.pbmc"
"43","symptom_abdpain","9.5% (87/912)","12.6% (24/190)",3.1,"Anelloviridae.pbmc"
"44","symptom_nausea","23.1% (211/912)","16.8% (32/190)",-6.3,"Anelloviridae.pbmc"
"45","symptom_diarrhea","23% (210/912)","16.3% (31/190)",-6.7,"Anelloviridae.pbmc"
"46","symptom_allderm","1.2% (11/912)","1.1% (2/190)",-0.2,"Anelloviridae.pbmc"
"47","symptom_skinrash","1% (9/912)","0.5% (1/190)",-0.5,"Anelloviridae.pbmc"
"48","symptom_skinulcer","0.2% (2/912)","0.5% (1/190)",0.3,"Anelloviridae.pbmc"
"49","symptom_allother","8.1% (74/912)","8.9% (17/190)",0.8,"Anelloviridae.pbmc"
"50","symptom_arthralgia","3.4% (31/912)","3.7% (7/190)",0.3,"Anelloviridae.pbmc"
"51","symptom_edema","2.6% (24/912)","3.2% (6/190)",0.5,"Anelloviridae.pbmc"
"52","symptom_nonamb","2.3% (21/912)","1.6% (3/190)",-0.7,"Anelloviridae.pbmc"
"53","symptom_bleeding","0.2% (2/912)","1.1% (2/190)",0.8,"Anelloviridae.pbmc"
"54","ever_ever_esc","13.2% (120/912)","28.4% (54/190)",15.3,"Anelloviridae.pbmc"
"55","ever_icu","32.5% (296/912)","54.7% (104/190)",22.3,"Anelloviridae.pbmc"
"56","diedever","12.8% (117/912)","21.6% (41/190)",8.8,"Anelloviridae.pbmc"
"57","ever_remdes","62.2% (567/912)","63.2% (120/190)",1,"Anelloviridae.pbmc"
"58","ever_steroids","68.2% (622/912)","70.5% (134/190)",2.3,"Anelloviridae.pbmc"
"59","ever_azithro","32% (292/912)","34.7% (66/190)",2.7,"Anelloviridae.pbmc"
"60","ever_otherabx","55.4% (505/912)","70% (133/190)",14.6,"Anelloviridae.pbmc"
"61","ever_conplas","7.9% (72/912)","6.8% (13/190)",-1.1,"Anelloviridae.pbmc"
"62","ever_monoclonal","0.4% (4/912)","0.5% (1/190)",0.1,"Anelloviridae.pbmc"
"63","ever_immsupp","4.7% (43/912)","17.4% (33/190)",12.7,"Anelloviridae.pbmc"
"64","anycomp","85.1% (776/912)","91.1% (173/190)",6,"Anelloviridae.pbmc"
"65","ncomp","18.6% (170/912)","14.2% (27/190)",-4.4,"Anelloviridae.pbmc"
"66","comp_seizure","0.2% (2/912)","1.6% (3/190)",1.4,"Anelloviridae.pbmc"
"67","comp_meningitis","1.1% (10/912)","1.1% (2/190)",0,"Anelloviridae.pbmc"
"68","comp_stroke","1.3% (12/912)","4.2% (8/190)",2.9,"Anelloviridae.pbmc"
"69","comp_afib","7.3% (67/912)","7.9% (15/190)",0.5,"Anelloviridae.pbmc"
"70","comp_ventricular_arr","2.7% (25/912)","7.4% (14/190)",4.6,"Anelloviridae.pbmc"
"71","comp_endo","0.1% (1/912)","0% (0/190)",-0.1,"Anelloviridae.pbmc"
"72","comp_myocard","0.5% (5/912)","0% (0/190)",-0.5,"Anelloviridae.pbmc"
"73","comp_cardarrest","3% (27/912)","6.3% (12/190)",3.4,"Anelloviridae.pbmc"
"74","comp_stemi","0.7% (6/912)","3.7% (7/190)",3,"Anelloviridae.pbmc"
"75","comp_nstemi","2.7% (25/912)","2.6% (5/190)",-0.1,"Anelloviridae.pbmc"
"76","comp_chf","6.7% (61/912)","8.4% (16/190)",1.7,"Anelloviridae.pbmc"
"77","comp_pneumonia","67.9% (619/912)","69.5% (132/190)",1.6,"Anelloviridae.pbmc"
"78","comp_bronch","0.5% (5/912)","0.5% (1/190)",0,"Anelloviridae.pbmc"
"79","comp_pneumo","2.4% (22/912)","3.7% (7/190)",1.3,"Anelloviridae.pbmc"
"80","comp_pneumomed","1.2% (11/912)","0.5% (1/190)",-0.7,"Anelloviridae.pbmc"
"81","comp_aat","0.8% (7/912)","1.6% (3/190)",0.8,"Anelloviridae.pbmc"
"82","comp_avthromb","7% (64/912)","7.4% (14/190)",0.4,"Anelloviridae.pbmc"
"83","comp_shock","12.9% (118/912)","27.9% (53/190)",15,"Anelloviridae.pbmc"
"84","comp_bac","10.7% (98/912)","18.4% (35/190)",7.7,"Anelloviridae.pbmc"
"85","comp_coag","3.6% (33/912)","3.7% (7/190)",0.1,"Anelloviridae.pbmc"
"86","comp_hypogly","1.3% (12/912)","1.6% (3/190)",0.3,"Anelloviridae.pbmc"
"87","comp_bleed","5.7% (52/912)","6.3% (12/190)",0.6,"Anelloviridae.pbmc"
"88","comp_anemia","12.9% (118/912)","20.5% (39/190)",7.6,"Anelloviridae.pbmc"
"89","comp_pancreas","0.7% (6/912)","0% (0/190)",-0.7,"Anelloviridae.pbmc"
"90","comp_renal","20.3% (185/912)","31.6% (60/190)",11.3,"Anelloviridae.pbmc"
"91","comp_liver","12.5% (114/912)","10% (19/190)",-2.5,"Anelloviridae.pbmc"
"92","comp_othlab","3.6% (33/912)","7.4% (14/190)",3.7,"Anelloviridae.pbmc"
"93","comp_electrolyte","3.7% (34/912)","4.2% (8/190)",0.5,"Anelloviridae.pbmc"
"94","comp_othinf","2.4% (22/912)","6.3% (12/190)",3.9,"Anelloviridae.pbmc"
"95","comp_othpulm","0.1% (1/912)","0% (0/190)",-0.1,"Anelloviridae.pbmc"
"96","comp_unddisease","1.2% (11/912)","2.1% (4/190)",0.9,"Anelloviridae.pbmc"
"97","comp_enceph","2% (18/912)","4.2% (8/190)",2.2,"Anelloviridae.pbmc"
"98","comp_othneuro","0.5% (5/912)","1.1% (2/190)",0.5,"Anelloviridae.pbmc"
"99","comp_hypergly","4.3% (39/912)","4.7% (9/190)",0.5,"Anelloviridae.pbmc"
"100","comp_psych","0.3% (3/912)","0% (0/190)",-0.3,"Anelloviridae.pbmc"
"101","comp_gastroent","1.3% (12/912)","0% (0/190)",-1.3,"Anelloviridae.pbmc"
"102","comp_pulmvas","0.1% (1/912)","0.5% (1/190)",0.4,"Anelloviridae.pbmc"
"103","comp_other2","2% (18/912)","2.1% (4/190)",0.1,"Anelloviridae.pbmc"
"104","comorb_htn","58% (568/980)","50% (25/50)",-8,"Enterovirus.nasal"
"105","comorb_isaric_dm","37% (363/980)","42% (21/50)",5,"Enterovirus.nasal"
"106","comorb_anyresp_noasthma","19.9% (195/980)","24% (12/50)",4.1,"Enterovirus.nasal"
"107","comorb_isaric_asthma","14.7% (144/980)","12% (6/50)",-2.7,"Enterovirus.nasal"
"108","comorb_isaric_cardiac","27.6% (270/980)","24% (12/50)",-3.6,"Enterovirus.nasal"
"109","comorb_isaric_ckd","15.7% (154/980)","4% (2/50)",-11.7,"Enterovirus.nasal"
"110","comorb_isaric_neoplasm","10% (98/980)","8% (4/50)",-2,"Enterovirus.nasal"
"111","comorb_neuro","12% (118/980)","10% (5/50)",-2,"Enterovirus.nasal"
"112","comorb_isaric_liver","5.1% (50/980)","2% (1/50)",-3.1,"Enterovirus.nasal"
"113","comorb_hxtrans","5.8% (57/980)","2% (1/50)",-3.8,"Enterovirus.nasal"
"114","comorb_hiv2","1.2% (12/980)","2% (1/50)",0.8,"Enterovirus.nasal"
"115","comorb_eversmkvape","32.2% (316/980)","34% (17/50)",1.8,"Enterovirus.nasal"
"116","comorb_anysubstance","7.2% (71/980)","6% (3/50)",-1.2,"Enterovirus.nasal"
"117","comorb_count","14.3% (140/980)","16% (8/50)",1.7,"Enterovirus.nasal"
"118","comorb_countcat","14.3% (140/980)","16% (8/50)",1.7,"Enterovirus.nasal"
"119","timesymptomcat","20.6% (202/980)","20% (10/50)",-0.6,"Enterovirus.nasal"
"120","symptom_allresp","86.6% (849/980)","92% (46/50)",5.4,"Enterovirus.nasal"
"121","symptom_cough","60.3% (591/980)","66% (33/50)",5.7,"Enterovirus.nasal"
"122","symptom_cough_prod","14.5% (142/980)","14% (7/50)",-0.5,"Enterovirus.nasal"
"123","symptom_haemoptysis","2.1% (21/980)","0% (0/50)",-2.1,"Enterovirus.nasal"
"124","symptom_sorethroat","8.4% (82/980)","4% (2/50)",-4.4,"Enterovirus.nasal"
"125","symptom_rhinorrhea","5% (49/980)","8% (4/50)",3,"Enterovirus.nasal"
"126","symptom_wheeze","4.8% (47/980)","10% (5/50)",5.2,"Enterovirus.nasal"
"127","symptom_chestpain","19% (186/980)","28% (14/50)",9,"Enterovirus.nasal"
"128","symptom_dyspnea","71.4% (700/980)","76% (38/50)",4.6,"Enterovirus.nasal"
"129","symptom_chestwall","0.1% (1/978)","0% (0/50)",-0.1,"Enterovirus.nasal"
"130","symptom_earpain","0.3% (3/980)","0% (0/50)",-0.3,"Enterovirus.nasal"
"131","symptom_conjunctivitis","0.1% (1/980)","0% (0/50)",-0.1,"Enterovirus.nasal"
"132","symptom_allsyst","72.4% (710/980)","62% (31/50)",-10.4,"Enterovirus.nasal"
"133","symptom_fever","49.8% (488/980)","44% (22/50)",-5.8,"Enterovirus.nasal"
"134","symptom_chills","24.3% (238/980)","16% (8/50)",-8.3,"Enterovirus.nasal"
"135","symptom_shaking","0.9% (9/979)","0% (0/50)",-0.9,"Enterovirus.nasal"
"136","symptom_fatigue","41.4% (406/980)","42% (21/50)",0.6,"Enterovirus.nasal"
"137","symptom_myalgia","23.3% (228/980)","26% (13/50)",2.7,"Enterovirus.nasal"
"138","symptom_lymphadenopathy","0.1% (1/980)","0% (0/50)",-0.1,"Enterovirus.nasal"
"139","symptom_allneuro","31% (304/980)","26% (13/50)",-5,"Enterovirus.nasal"
"140","symptom_headache","16.5% (162/980)","24% (12/50)",7.5,"Enterovirus.nasal"
"141","symptom_confusion","5.8% (57/980)","0% (0/50)",-5.8,"Enterovirus.nasal"
"142","symptom_seizure","0.2% (2/980)","0% (0/50)",-0.2,"Enterovirus.nasal"
"143","symptom_syncope","1.8% (18/980)","0% (0/50)",-1.8,"Enterovirus.nasal"
"144","symptom_anosmia","11% (108/980)","6% (3/50)",-5,"Enterovirus.nasal"
"145","symptom_allGI","39.1% (383/980)","32% (16/50)",-7.1,"Enterovirus.nasal"
"146","symptom_abdpain","9.1% (89/980)","14% (7/50)",4.9,"Enterovirus.nasal"
"147","symptom_nausea","22.6% (221/980)","10% (5/50)",-12.6,"Enterovirus.nasal"
"148","symptom_diarrhea","21.8% (214/980)","20% (10/50)",-1.8,"Enterovirus.nasal"
"149","symptom_allderm","0.7% (7/980)","4% (2/50)",3.3,"Enterovirus.nasal"
"150","symptom_skinrash","0.5% (5/980)","2% (1/50)",1.5,"Enterovirus.nasal"
"151","symptom_skinulcer","0.2% (2/980)","2% (1/50)",1.8,"Enterovirus.nasal"
"152","symptom_allother","8% (78/980)","10% (5/50)",2,"Enterovirus.nasal"
"153","symptom_arthralgia","4% (39/980)","0% (0/50)",-4,"Enterovirus.nasal"
"154","symptom_edema","1.9% (19/980)","4% (2/50)",2.1,"Enterovirus.nasal"
"155","symptom_nonamb","2.2% (22/980)","4% (2/50)",1.8,"Enterovirus.nasal"
"156","symptom_bleeding","0.2% (2/980)","2% (1/50)",1.8,"Enterovirus.nasal"
"157","ever_ever_esc","16.7% (164/980)","14% (7/50)",-2.7,"Enterovirus.nasal"
"158","ever_icu","36.7% (360/980)","32% (16/50)",-4.7,"Enterovirus.nasal"
"159","diedever","15.2% (149/980)","16% (8/50)",0.8,"Enterovirus.nasal"
"160","ever_remdes","61.7% (605/980)","72% (36/50)",10.3,"Enterovirus.nasal"
"161","ever_steroids","68.9% (675/980)","76% (38/50)",7.1,"Enterovirus.nasal"
"162","ever_azithro","32.7% (320/980)","32% (16/50)",-0.7,"Enterovirus.nasal"
"163","ever_otherabx","56.9% (558/980)","54% (27/50)",-2.9,"Enterovirus.nasal"
"164","ever_conplas","7.9% (77/980)","4% (2/50)",-3.9,"Enterovirus.nasal"
"165","ever_monoclonal","0.4% (4/980)","2% (1/50)",1.6,"Enterovirus.nasal"
"166","ever_immsupp","6.8% (67/980)","6% (3/50)",-0.8,"Enterovirus.nasal"
"167","anycomp","85.6% (839/980)","84% (42/50)",-1.6,"Enterovirus.nasal"
"168","ncomp","18.5% (181/980)","14% (7/50)",-4.5,"Enterovirus.nasal"
"169","comp_seizure","0.4% (4/980)","2% (1/50)",1.6,"Enterovirus.nasal"
"170","comp_meningitis","1.3% (13/980)","0% (0/50)",-1.3,"Enterovirus.nasal"
"171","comp_stroke","1.9% (19/980)","0% (0/50)",-1.9,"Enterovirus.nasal"
"172","comp_afib","7.8% (76/980)","8% (4/50)",0.2,"Enterovirus.nasal"
"173","comp_ventricular_arr","3.4% (33/980)","2% (1/50)",-1.4,"Enterovirus.nasal"
"174","comp_endo","0.1% (1/980)","0% (0/50)",-0.1,"Enterovirus.nasal"
"175","comp_myocard","0.4% (4/980)","0% (0/50)",-0.4,"Enterovirus.nasal"
"176","comp_cardarrest","3.6% (35/980)","0% (0/50)",-3.6,"Enterovirus.nasal"
"177","comp_stemi","1.2% (12/980)","0% (0/50)",-1.2,"Enterovirus.nasal"
"178","comp_nstemi","2.7% (26/980)","2% (1/50)",-0.7,"Enterovirus.nasal"
"179","comp_chf","6.6% (65/980)","8% (4/50)",1.4,"Enterovirus.nasal"
"180","comp_pneumonia","68.1% (667/980)","68% (34/50)",-0.1,"Enterovirus.nasal"
"181","comp_bronch","0.4% (4/980)","2% (1/50)",1.6,"Enterovirus.nasal"
"182","comp_pneumo","2.7% (26/980)","6% (3/50)",3.3,"Enterovirus.nasal"
"183","comp_pneumomed","1.1% (11/980)","2% (1/50)",0.9,"Enterovirus.nasal"
"184","comp_aat","0.7% (7/980)","0% (0/50)",-0.7,"Enterovirus.nasal"
"185","comp_avthromb","6.6% (65/980)","8% (4/50)",1.4,"Enterovirus.nasal"
"186","comp_shock","15.8% (155/980)","14% (7/50)",-1.8,"Enterovirus.nasal"
"187","comp_bac","11.4% (112/980)","18% (9/50)",6.6,"Enterovirus.nasal"
"188","comp_coag","3.6% (35/980)","4% (2/50)",0.4,"Enterovirus.nasal"
"189","comp_hypogly","1.3% (13/980)","4% (2/50)",2.7,"Enterovirus.nasal"
"190","comp_bleed","5.5% (54/980)","10% (5/50)",4.5,"Enterovirus.nasal"
"191","comp_anemia","14.3% (140/980)","16% (8/50)",1.7,"Enterovirus.nasal"
"192","comp_pancreas","0.6% (6/980)","0% (0/50)",-0.6,"Enterovirus.nasal"
"193","comp_renal","21.4% (210/980)","24% (12/50)",2.6,"Enterovirus.nasal"
"194","comp_liver","12.6% (123/980)","12% (6/50)",-0.6,"Enterovirus.nasal"
"195","comp_othlab","4.2% (41/980)","4% (2/50)",-0.2,"Enterovirus.nasal"
"196","comp_electrolyte","3.9% (38/980)","4% (2/50)",0.1,"Enterovirus.nasal"
"197","comp_othinf","3% (29/980)","6% (3/50)",3,"Enterovirus.nasal"
"198","comp_othpulm","0.1% (1/980)","0% (0/50)",-0.1,"Enterovirus.nasal"
"199","comp_unddisease","1.3% (13/980)","2% (1/50)",0.7,"Enterovirus.nasal"
"200","comp_enceph","2.1% (21/980)","4% (2/50)",1.9,"Enterovirus.nasal"
"201","comp_othneuro","0.7% (7/980)","0% (0/50)",-0.7,"Enterovirus.nasal"
"202","comp_hypergly","4.4% (43/980)","4% (2/50)",-0.4,"Enterovirus.nasal"
"203","comp_psych","0.3% (3/980)","0% (0/50)",-0.3,"Enterovirus.nasal"
"204","comp_gastroent","1% (10/980)","2% (1/50)",1,"Enterovirus.nasal"
"205","comp_pulmvas","0.1% (1/980)","0% (0/50)",-0.1,"Enterovirus.nasal"
"206","comp_other2","1.9% (19/980)","0% (0/50)",-1.9,"Enterovirus.nasal"
"207","comorb_htn","58% (532/918)","55.4% (56/101)",-2.5,"Human alphaherpesvirus 1 (HSV1).nasal"
"208","comorb_isaric_dm","37.5% (344/918)","34.7% (35/101)",-2.8,"Human alphaherpesvirus 1 (HSV1).nasal"
"209","comorb_anyresp_noasthma","20.4% (187/918)","17.8% (18/101)",-2.5,"Human alphaherpesvirus 1 (HSV1).nasal"
"210","comorb_isaric_asthma","14.5% (133/918)","13.9% (14/101)",-0.6,"Human alphaherpesvirus 1 (HSV1).nasal"
"211","comorb_isaric_cardiac","27.9% (256/918)","25.7% (26/101)",-2.1,"Human alphaherpesvirus 1 (HSV1).nasal"
"212","comorb_isaric_ckd","15.5% (142/918)","13.9% (14/101)",-1.6,"Human alphaherpesvirus 1 (HSV1).nasal"
"213","comorb_isaric_neoplasm","9.3% (85/918)","15.8% (16/101)",6.6,"Human alphaherpesvirus 1 (HSV1).nasal"
"214","comorb_neuro","12.6% (116/918)","6.9% (7/101)",-5.7,"Human alphaherpesvirus 1 (HSV1).nasal"
"215","comorb_isaric_liver","5.4% (50/918)","1% (1/101)",-4.5,"Human alphaherpesvirus 1 (HSV1).nasal"
"216","comorb_hxtrans","5.9% (54/918)","4% (4/101)",-1.9,"Human alphaherpesvirus 1 (HSV1).nasal"
"217","comorb_hiv2","1.2% (11/918)","1% (1/101)",-0.2,"Human alphaherpesvirus 1 (HSV1).nasal"
"218","comorb_eversmkvape","33.8% (310/918)","19.8% (20/101)",-14,"Human alphaherpesvirus 1 (HSV1).nasal"
"219","comorb_anysubstance","7.3% (67/918)","6.9% (7/101)",-0.4,"Human alphaherpesvirus 1 (HSV1).nasal"
"220","comorb_count","13.9% (128/918)","16.8% (17/101)",2.9,"Human alphaherpesvirus 1 (HSV1).nasal"
"221","comorb_countcat","13.9% (128/918)","16.8% (17/101)",2.9,"Human alphaherpesvirus 1 (HSV1).nasal"
"222","timesymptomcat","20.7% (190/918)","21.8% (22/101)",1.1,"Human alphaherpesvirus 1 (HSV1).nasal"
"223","symptom_allresp","86.8% (797/918)","87.1% (88/101)",0.3,"Human alphaherpesvirus 1 (HSV1).nasal"
"224","symptom_cough","61.2% (562/918)","55.4% (56/101)",-5.8,"Human alphaherpesvirus 1 (HSV1).nasal"
"225","symptom_cough_prod","14.6% (134/918)","10.9% (11/101)",-3.7,"Human alphaherpesvirus 1 (HSV1).nasal"
"226","symptom_haemoptysis","2.2% (20/918)","1% (1/101)",-1.2,"Human alphaherpesvirus 1 (HSV1).nasal"
"227","symptom_sorethroat","8.2% (75/918)","8.9% (9/101)",0.7,"Human alphaherpesvirus 1 (HSV1).nasal"
"228","symptom_rhinorrhea","5% (46/918)","5.9% (6/101)",0.9,"Human alphaherpesvirus 1 (HSV1).nasal"
"229","symptom_wheeze","4.4% (40/918)","11.9% (12/101)",7.5,"Human alphaherpesvirus 1 (HSV1).nasal"
"230","symptom_chestpain","19.1% (175/918)","20.8% (21/101)",1.7,"Human alphaherpesvirus 1 (HSV1).nasal"
"231","symptom_dyspnea","71% (652/918)","75.2% (76/101)",4.2,"Human alphaherpesvirus 1 (HSV1).nasal"
"232","symptom_chestwall","0.1% (1/916)","0% (0/101)",-0.1,"Human alphaherpesvirus 1 (HSV1).nasal"
"233","symptom_earpain","0.2% (2/918)","1% (1/101)",0.8,"Human alphaherpesvirus 1 (HSV1).nasal"
"234","symptom_conjunctivitis","0.1% (1/918)","0% (0/101)",-0.1,"Human alphaherpesvirus 1 (HSV1).nasal"
"235","symptom_allsyst","72.1% (662/918)","71.3% (72/101)",-0.8,"Human alphaherpesvirus 1 (HSV1).nasal"
"236","symptom_fever","49.5% (454/918)","50.5% (51/101)",1,"Human alphaherpesvirus 1 (HSV1).nasal"
"237","symptom_chills","23.5% (216/918)","26.7% (27/101)",3.2,"Human alphaherpesvirus 1 (HSV1).nasal"
"238","symptom_shaking","0.8% (7/917)","1% (1/101)",0.2,"Human alphaherpesvirus 1 (HSV1).nasal"
"239","symptom_fatigue","41.6% (382/918)","38.6% (39/101)",-3,"Human alphaherpesvirus 1 (HSV1).nasal"
"240","symptom_myalgia","24.3% (223/918)","13.9% (14/101)",-10.4,"Human alphaherpesvirus 1 (HSV1).nasal"
"241","symptom_lymphadenopathy","0.1% (1/918)","0% (0/101)",-0.1,"Human alphaherpesvirus 1 (HSV1).nasal"
"242","symptom_allneuro","30.6% (281/918)","30.7% (31/101)",0.1,"Human alphaherpesvirus 1 (HSV1).nasal"
"243","symptom_headache","16.8% (154/918)","15.8% (16/101)",-0.9,"Human alphaherpesvirus 1 (HSV1).nasal"
"244","symptom_confusion","5.6% (51/918)","5.9% (6/101)",0.4,"Human alphaherpesvirus 1 (HSV1).nasal"
"245","symptom_seizure","0.2% (2/918)","0% (0/101)",-0.2,"Human alphaherpesvirus 1 (HSV1).nasal"
"246","symptom_syncope","1.7% (16/918)","2% (2/101)",0.2,"Human alphaherpesvirus 1 (HSV1).nasal"
"247","symptom_anosmia","10.9% (100/918)","8.9% (9/101)",-2,"Human alphaherpesvirus 1 (HSV1).nasal"
"248","symptom_allGI","38.7% (355/918)","36.6% (37/101)",-2,"Human alphaherpesvirus 1 (HSV1).nasal"
"249","symptom_abdpain","8.8% (81/918)","11.9% (12/101)",3.1,"Human alphaherpesvirus 1 (HSV1).nasal"
"250","symptom_nausea","22.5% (207/918)","15.8% (16/101)",-6.7,"Human alphaherpesvirus 1 (HSV1).nasal"
"251","symptom_diarrhea","21.4% (196/918)","22.8% (23/101)",1.4,"Human alphaherpesvirus 1 (HSV1).nasal"
"252","symptom_allderm","0.8% (7/918)","2% (2/101)",1.2,"Human alphaherpesvirus 1 (HSV1).nasal"
"253","symptom_skinrash","0.4% (4/918)","2% (2/101)",1.5,"Human alphaherpesvirus 1 (HSV1).nasal"
"254","symptom_skinulcer","0.3% (3/918)","0% (0/101)",-0.3,"Human alphaherpesvirus 1 (HSV1).nasal"
"255","symptom_allother","8.2% (75/918)","6.9% (7/101)",-1.2,"Human alphaherpesvirus 1 (HSV1).nasal"
"256","symptom_arthralgia","3.8% (35/918)","4% (4/101)",0.1,"Human alphaherpesvirus 1 (HSV1).nasal"
"257","symptom_edema","2.2% (20/918)","1% (1/101)",-1.2,"Human alphaherpesvirus 1 (HSV1).nasal"
"258","symptom_nonamb","2.3% (21/918)","2% (2/101)",-0.3,"Human alphaherpesvirus 1 (HSV1).nasal"
"259","symptom_bleeding","0.3% (3/918)","0% (0/101)",-0.3,"Human alphaherpesvirus 1 (HSV1).nasal"
"260","ever_ever_esc","14.5% (133/918)","37.6% (38/101)",23.1,"Human alphaherpesvirus 1 (HSV1).nasal"
"261","ever_icu","34% (312/918)","62.4% (63/101)",28.4,"Human alphaherpesvirus 1 (HSV1).nasal"
"262","diedever","13.4% (123/918)","32.7% (33/101)",19.3,"Human alphaherpesvirus 1 (HSV1).nasal"
"263","ever_remdes","62.3% (572/918)","61.4% (62/101)",-0.9,"Human alphaherpesvirus 1 (HSV1).nasal"
"264","ever_steroids","68.4% (628/918)","75.2% (76/101)",6.8,"Human alphaherpesvirus 1 (HSV1).nasal"
"265","ever_azithro","32.5% (298/918)","36.6% (37/101)",4.2,"Human alphaherpesvirus 1 (HSV1).nasal"
"266","ever_otherabx","55.1% (506/918)","76.2% (77/101)",21.1,"Human alphaherpesvirus 1 (HSV1).nasal"
"267","ever_conplas","7.4% (68/918)","10.9% (11/101)",3.5,"Human alphaherpesvirus 1 (HSV1).nasal"
"268","ever_monoclonal","0.5% (5/918)","0% (0/101)",-0.5,"Human alphaherpesvirus 1 (HSV1).nasal"
"269","ever_immsupp","7% (64/918)","5.9% (6/101)",-1,"Human alphaherpesvirus 1 (HSV1).nasal"
"270","anycomp","84.7% (778/918)","93.1% (94/101)",8.3,"Human alphaherpesvirus 1 (HSV1).nasal"
"271","ncomp","18.8% (173/918)","13.9% (14/101)",-5,"Human alphaherpesvirus 1 (HSV1).nasal"
"272","comp_seizure","0.5% (5/918)","0% (0/101)",-0.5,"Human alphaherpesvirus 1 (HSV1).nasal"
"273","comp_meningitis","1.2% (11/918)","2% (2/101)",0.8,"Human alphaherpesvirus 1 (HSV1).nasal"
"274","comp_stroke","1.5% (14/918)","5% (5/101)",3.4,"Human alphaherpesvirus 1 (HSV1).nasal"
"275","comp_afib","7.5% (69/918)","10.9% (11/101)",3.4,"Human alphaherpesvirus 1 (HSV1).nasal"
"276","comp_ventricular_arr","2.6% (24/918)","9.9% (10/101)",7.3,"Human alphaherpesvirus 1 (HSV1).nasal"
"277","comp_endo","0.1% (1/918)","0% (0/101)",-0.1,"Human alphaherpesvirus 1 (HSV1).nasal"
"278","comp_myocard","0.4% (4/918)","0% (0/101)",-0.4,"Human alphaherpesvirus 1 (HSV1).nasal"
"279","comp_cardarrest","3.3% (30/918)","5% (5/101)",1.7,"Human alphaherpesvirus 1 (HSV1).nasal"
"280","comp_stemi","1.1% (10/918)","2% (2/101)",0.9,"Human alphaherpesvirus 1 (HSV1).nasal"
"281","comp_nstemi","2.6% (24/918)","3% (3/101)",0.4,"Human alphaherpesvirus 1 (HSV1).nasal"
"282","comp_chf","6% (55/918)","13.9% (14/101)",7.9,"Human alphaherpesvirus 1 (HSV1).nasal"
"283","comp_pneumonia","67% (615/918)","78.2% (79/101)",11.2,"Human alphaherpesvirus 1 (HSV1).nasal"
"284","comp_bronch","0.4% (4/918)","1% (1/101)",0.6,"Human alphaherpesvirus 1 (HSV1).nasal"
"285","comp_pneumo","2.5% (23/918)","5.9% (6/101)",3.4,"Human alphaherpesvirus 1 (HSV1).nasal"
"286","comp_pneumomed","1% (9/918)","3% (3/101)",2,"Human alphaherpesvirus 1 (HSV1).nasal"
"287","comp_aat","0.7% (6/918)","1% (1/101)",0.3,"Human alphaherpesvirus 1 (HSV1).nasal"
"288","comp_avthromb","5.3% (49/918)","18.8% (19/101)",13.5,"Human alphaherpesvirus 1 (HSV1).nasal"
"289","comp_shock","13.1% (120/918)","39.6% (40/101)",26.5,"Human alphaherpesvirus 1 (HSV1).nasal"
"290","comp_bac","10.5% (96/918)","23.8% (24/101)",13.3,"Human alphaherpesvirus 1 (HSV1).nasal"
"291","comp_coag","3.5% (32/918)","5% (5/101)",1.5,"Human alphaherpesvirus 1 (HSV1).nasal"
"292","comp_hypogly","1.1% (10/918)","5% (5/101)",3.9,"Human alphaherpesvirus 1 (HSV1).nasal"
"293","comp_bleed","5.3% (49/918)","9.9% (10/101)",4.6,"Human alphaherpesvirus 1 (HSV1).nasal"
"294","comp_anemia","13.7% (126/918)","21.8% (22/101)",8.1,"Human alphaherpesvirus 1 (HSV1).nasal"
"295","comp_pancreas","0.7% (6/918)","0% (0/101)",-0.7,"Human alphaherpesvirus 1 (HSV1).nasal"
"296","comp_renal","20% (184/918)","35.6% (36/101)",15.6,"Human alphaherpesvirus 1 (HSV1).nasal"
"297","comp_liver","11.7% (107/918)","18.8% (19/101)",7.2,"Human alphaherpesvirus 1 (HSV1).nasal"
"298","comp_othlab","3.9% (36/918)","6.9% (7/101)",3,"Human alphaherpesvirus 1 (HSV1).nasal"
"299","comp_electrolyte","3.7% (34/918)","5.9% (6/101)",2.2,"Human alphaherpesvirus 1 (HSV1).nasal"
"300","comp_othinf","2.6% (24/918)","7.9% (8/101)",5.3,"Human alphaherpesvirus 1 (HSV1).nasal"
"301","comp_othpulm","0.1% (1/918)","0% (0/101)",-0.1,"Human alphaherpesvirus 1 (HSV1).nasal"
"302","comp_unddisease","1.4% (13/918)","1% (1/101)",-0.4,"Human alphaherpesvirus 1 (HSV1).nasal"
"303","comp_enceph","1.9% (17/918)","5.9% (6/101)",4.1,"Human alphaherpesvirus 1 (HSV1).nasal"
"304","comp_othneuro","0.8% (7/918)","0% (0/101)",-0.8,"Human alphaherpesvirus 1 (HSV1).nasal"
"305","comp_hypergly","3.9% (36/918)","8.9% (9/101)",5,"Human alphaherpesvirus 1 (HSV1).nasal"
"306","comp_psych","0.3% (3/918)","0% (0/101)",-0.3,"Human alphaherpesvirus 1 (HSV1).nasal"
"307","comp_gastroent","1.1% (10/918)","1% (1/101)",-0.1,"Human alphaherpesvirus 1 (HSV1).nasal"
"308","comp_pulmvas","0% (0/918)","1% (1/101)",1,"Human alphaherpesvirus 1 (HSV1).nasal"
"309","comp_other2","1.9% (17/918)","2% (2/101)",0.1,"Human alphaherpesvirus 1 (HSV1).nasal"
"310","comorb_htn","57.6% (590/1025)","50% (2/4)",-7.6,"Human alphaherpesvirus 2 (HSV2).nasal"
"311","comorb_isaric_dm","37.2% (381/1025)","75% (3/4)",37.8,"Human alphaherpesvirus 2 (HSV2).nasal"
"312","comorb_anyresp_noasthma","20% (205/1025)","25% (1/4)",5,"Human alphaherpesvirus 2 (HSV2).nasal"
"313","comorb_isaric_asthma","14.4% (148/1025)","25% (1/4)",10.6,"Human alphaherpesvirus 2 (HSV2).nasal"
"314","comorb_isaric_cardiac","27.3% (280/1025)","50% (2/4)",22.7,"Human alphaherpesvirus 2 (HSV2).nasal"
"315","comorb_isaric_ckd","15.1% (155/1025)","25% (1/4)",9.9,"Human alphaherpesvirus 2 (HSV2).nasal"
"316","comorb_isaric_neoplasm","9.9% (101/1025)","25% (1/4)",15.1,"Human alphaherpesvirus 2 (HSV2).nasal"
"317","comorb_neuro","12% (123/1025)","0% (0/4)",-12,"Human alphaherpesvirus 2 (HSV2).nasal"
"318","comorb_isaric_liver","5% (51/1025)","0% (0/4)",-5,"Human alphaherpesvirus 2 (HSV2).nasal"
"319","comorb_hxtrans","5.7% (58/1025)","0% (0/4)",-5.7,"Human alphaherpesvirus 2 (HSV2).nasal"
"320","comorb_hiv2","1.3% (13/1025)","0% (0/4)",-1.3,"Human alphaherpesvirus 2 (HSV2).nasal"
"321","comorb_eversmkvape","32.3% (331/1025)","50% (2/4)",17.7,"Human alphaherpesvirus 2 (HSV2).nasal"
"322","comorb_anysubstance","7.2% (74/1025)","0% (0/4)",-7.2,"Human alphaherpesvirus 2 (HSV2).nasal"
"323","comorb_count","14.4% (148/1025)","0% (0/4)",-14.4,"Human alphaherpesvirus 2 (HSV2).nasal"
"324","comorb_countcat","14.4% (148/1025)","0% (0/4)",-14.4,"Human alphaherpesvirus 2 (HSV2).nasal"
"325","timesymptomcat","20.7% (212/1025)","0% (0/4)",-20.7,"Human alphaherpesvirus 2 (HSV2).nasal"
"326","symptom_allresp","87% (892/1025)","75% (3/4)",-12,"Human alphaherpesvirus 2 (HSV2).nasal"
"327","symptom_cough","60.6% (621/1025)","75% (3/4)",14.4,"Human alphaherpesvirus 2 (HSV2).nasal"
"328","symptom_cough_prod","14.5% (149/1025)","0% (0/4)",-14.5,"Human alphaherpesvirus 2 (HSV2).nasal"
"329","symptom_haemoptysis","2% (21/1025)","0% (0/4)",-2,"Human alphaherpesvirus 2 (HSV2).nasal"
"330","symptom_sorethroat","8.2% (84/1025)","0% (0/4)",-8.2,"Human alphaherpesvirus 2 (HSV2).nasal"
"331","symptom_rhinorrhea","5.2% (53/1025)","0% (0/4)",-5.2,"Human alphaherpesvirus 2 (HSV2).nasal"
"332","symptom_wheeze","5.1% (52/1025)","0% (0/4)",-5.1,"Human alphaherpesvirus 2 (HSV2).nasal"
"333","symptom_chestpain","19.5% (200/1025)","0% (0/4)",-19.5,"Human alphaherpesvirus 2 (HSV2).nasal"
"334","symptom_dyspnea","71.7% (735/1025)","75% (3/4)",3.3,"Human alphaherpesvirus 2 (HSV2).nasal"
"335","symptom_chestwall","0.1% (1/1023)","0% (0/4)",-0.1,"Human alphaherpesvirus 2 (HSV2).nasal"
"336","symptom_earpain","0.3% (3/1025)","0% (0/4)",-0.3,"Human alphaherpesvirus 2 (HSV2).nasal"
"337","symptom_conjunctivitis","0.1% (1/1025)","0% (0/4)",-0.1,"Human alphaherpesvirus 2 (HSV2).nasal"
"338","symptom_allsyst","72.1% (739/1025)","50% (2/4)",-22.1,"Human alphaherpesvirus 2 (HSV2).nasal"
"339","symptom_fever","49.6% (508/1025)","50% (2/4)",0.4,"Human alphaherpesvirus 2 (HSV2).nasal"
"340","symptom_chills","23.9% (245/1025)","25% (1/4)",1.1,"Human alphaherpesvirus 2 (HSV2).nasal"
"341","symptom_shaking","0.9% (9/1024)","0% (0/4)",-0.9,"Human alphaherpesvirus 2 (HSV2).nasal"
"342","symptom_fatigue","41.6% (426/1025)","25% (1/4)",-16.6,"Human alphaherpesvirus 2 (HSV2).nasal"
"343","symptom_myalgia","23.4% (240/1025)","25% (1/4)",1.6,"Human alphaherpesvirus 2 (HSV2).nasal"
"344","symptom_lymphadenopathy","0.1% (1/1025)","0% (0/4)",-0.1,"Human alphaherpesvirus 2 (HSV2).nasal"
"345","symptom_allneuro","30.7% (315/1025)","50% (2/4)",19.3,"Human alphaherpesvirus 2 (HSV2).nasal"
"346","symptom_headache","16.9% (173/1025)","25% (1/4)",8.1,"Human alphaherpesvirus 2 (HSV2).nasal"
"347","symptom_confusion","5.5% (56/1025)","25% (1/4)",19.5,"Human alphaherpesvirus 2 (HSV2).nasal"
"348","symptom_seizure","0.2% (2/1025)","0% (0/4)",-0.2,"Human alphaherpesvirus 2 (HSV2).nasal"
"349","symptom_syncope","1.7% (17/1025)","25% (1/4)",23.3,"Human alphaherpesvirus 2 (HSV2).nasal"
"350","symptom_anosmia","10.7% (110/1025)","25% (1/4)",14.3,"Human alphaherpesvirus 2 (HSV2).nasal"
"351","symptom_allGI","38.8% (398/1025)","25% (1/4)",-13.8,"Human alphaherpesvirus 2 (HSV2).nasal"
"352","symptom_abdpain","9.4% (96/1025)","0% (0/4)",-9.4,"Human alphaherpesvirus 2 (HSV2).nasal"
"353","symptom_nausea","22% (225/1025)","25% (1/4)",3,"Human alphaherpesvirus 2 (HSV2).nasal"
"354","symptom_diarrhea","21.9% (224/1025)","0% (0/4)",-21.9,"Human alphaherpesvirus 2 (HSV2).nasal"
"355","symptom_allderm","0.9% (9/1025)","0% (0/4)",-0.9,"Human alphaherpesvirus 2 (HSV2).nasal"
"356","symptom_skinrash","0.6% (6/1025)","0% (0/4)",-0.6,"Human alphaherpesvirus 2 (HSV2).nasal"
"357","symptom_skinulcer","0.3% (3/1025)","0% (0/4)",-0.3,"Human alphaherpesvirus 2 (HSV2).nasal"
"358","symptom_allother","8% (82/1025)","25% (1/4)",17,"Human alphaherpesvirus 2 (HSV2).nasal"
"359","symptom_arthralgia","3.7% (38/1025)","25% (1/4)",21.3,"Human alphaherpesvirus 2 (HSV2).nasal"
"360","symptom_edema","2% (21/1025)","0% (0/4)",-2,"Human alphaherpesvirus 2 (HSV2).nasal"
"361","symptom_nonamb","2.3% (24/1025)","0% (0/4)",-2.3,"Human alphaherpesvirus 2 (HSV2).nasal"
"362","symptom_bleeding","0.3% (3/1025)","0% (0/4)",-0.3,"Human alphaherpesvirus 2 (HSV2).nasal"
"363","ever_ever_esc","16.5% (169/1025)","50% (2/4)",33.5,"Human alphaherpesvirus 2 (HSV2).nasal"
"364","ever_icu","36.4% (373/1025)","50% (2/4)",13.6,"Human alphaherpesvirus 2 (HSV2).nasal"
"365","diedever","15% (154/1025)","50% (2/4)",35,"Human alphaherpesvirus 2 (HSV2).nasal"
"366","ever_remdes","62.3% (639/1025)","50% (2/4)",-12.3,"Human alphaherpesvirus 2 (HSV2).nasal"
"367","ever_steroids","69.1% (708/1025)","100% (4/4)",30.9,"Human alphaherpesvirus 2 (HSV2).nasal"
"368","ever_azithro","32.8% (336/1025)","0% (0/4)",-32.8,"Human alphaherpesvirus 2 (HSV2).nasal"
"369","ever_otherabx","56.7% (581/1025)","75% (3/4)",18.3,"Human alphaherpesvirus 2 (HSV2).nasal"
"370","ever_conplas","7.7% (79/1025)","0% (0/4)",-7.7,"Human alphaherpesvirus 2 (HSV2).nasal"
"371","ever_monoclonal","0.5% (5/1025)","0% (0/4)",-0.5,"Human alphaherpesvirus 2 (HSV2).nasal"
"372","ever_immsupp","6.8% (70/1025)","0% (0/4)",-6.8,"Human alphaherpesvirus 2 (HSV2).nasal"
"373","anycomp","85.6% (877/1025)","75% (3/4)",-10.6,"Human alphaherpesvirus 2 (HSV2).nasal"
"374","ncomp","18.3% (188/1025)","0% (0/4)",-18.3,"Human alphaherpesvirus 2 (HSV2).nasal"
"375","comp_seizure","0.5% (5/1025)","0% (0/4)",-0.5,"Human alphaherpesvirus 2 (HSV2).nasal"
"376","comp_meningitis","1.2% (12/1025)","25% (1/4)",23.8,"Human alphaherpesvirus 2 (HSV2).nasal"
"377","comp_stroke","1.8% (18/1025)","25% (1/4)",23.2,"Human alphaherpesvirus 2 (HSV2).nasal"
"378","comp_afib","7.7% (79/1025)","25% (1/4)",17.3,"Human alphaherpesvirus 2 (HSV2).nasal"
"379","comp_ventricular_arr","3.3% (34/1025)","0% (0/4)",-3.3,"Human alphaherpesvirus 2 (HSV2).nasal"
"380","comp_endo","0.1% (1/1025)","0% (0/4)",-0.1,"Human alphaherpesvirus 2 (HSV2).nasal"
"381","comp_myocard","0.4% (4/1025)","0% (0/4)",-0.4,"Human alphaherpesvirus 2 (HSV2).nasal"
"382","comp_cardarrest","3.4% (35/1025)","0% (0/4)",-3.4,"Human alphaherpesvirus 2 (HSV2).nasal"
"383","comp_stemi","1.1% (11/1025)","25% (1/4)",23.9,"Human alphaherpesvirus 2 (HSV2).nasal"
"384","comp_nstemi","2.6% (27/1025)","0% (0/4)",-2.6,"Human alphaherpesvirus 2 (HSV2).nasal"
"385","comp_chf","6.7% (69/1025)","0% (0/4)",-6.7,"Human alphaherpesvirus 2 (HSV2).nasal"
"386","comp_pneumonia","68.1% (698/1025)","50% (2/4)",-18.1,"Human alphaherpesvirus 2 (HSV2).nasal"
"387","comp_bronch","0.5% (5/1025)","0% (0/4)",-0.5,"Human alphaherpesvirus 2 (HSV2).nasal"
"388","comp_pneumo","2.8% (29/1025)","0% (0/4)",-2.8,"Human alphaherpesvirus 2 (HSV2).nasal"
"389","comp_pneumomed","1.2% (12/1025)","0% (0/4)",-1.2,"Human alphaherpesvirus 2 (HSV2).nasal"
"390","comp_aat","0.7% (7/1025)","0% (0/4)",-0.7,"Human alphaherpesvirus 2 (HSV2).nasal"
"391","comp_avthromb","6.7% (69/1025)","0% (0/4)",-6.7,"Human alphaherpesvirus 2 (HSV2).nasal"
"392","comp_shock","15.6% (160/1025)","25% (1/4)",9.4,"Human alphaherpesvirus 2 (HSV2).nasal"
"393","comp_bac","11.4% (117/1025)","75% (3/4)",63.6,"Human alphaherpesvirus 2 (HSV2).nasal"
"394","comp_coag","3.6% (37/1025)","0% (0/4)",-3.6,"Human alphaherpesvirus 2 (HSV2).nasal"
"395","comp_hypogly","1.5% (15/1025)","0% (0/4)",-1.5,"Human alphaherpesvirus 2 (HSV2).nasal"
"396","comp_bleed","5.6% (57/1025)","50% (2/4)",44.4,"Human alphaherpesvirus 2 (HSV2).nasal"
"397","comp_anemia","14.4% (148/1025)","0% (0/4)",-14.4,"Human alphaherpesvirus 2 (HSV2).nasal"
"398","comp_pancreas","0.6% (6/1025)","0% (0/4)",-0.6,"Human alphaherpesvirus 2 (HSV2).nasal"
"399","comp_renal","21.5% (220/1025)","25% (1/4)",3.5,"Human alphaherpesvirus 2 (HSV2).nasal"
"400","comp_liver","12.6% (129/1025)","0% (0/4)",-12.6,"Human alphaherpesvirus 2 (HSV2).nasal"
"401","comp_othlab","4.2% (43/1025)","0% (0/4)",-4.2,"Human alphaherpesvirus 2 (HSV2).nasal"
"402","comp_electrolyte","3.9% (40/1025)","0% (0/4)",-3.9,"Human alphaherpesvirus 2 (HSV2).nasal"
"403","comp_othinf","3.1% (32/1025)","0% (0/4)",-3.1,"Human alphaherpesvirus 2 (HSV2).nasal"
"404","comp_othpulm","0.1% (1/1025)","0% (0/4)",-0.1,"Human alphaherpesvirus 2 (HSV2).nasal"
"405","comp_unddisease","1.4% (14/1025)","0% (0/4)",-1.4,"Human alphaherpesvirus 2 (HSV2).nasal"
"406","comp_enceph","2.2% (23/1025)","0% (0/4)",-2.2,"Human alphaherpesvirus 2 (HSV2).nasal"
"407","comp_othneuro","0.7% (7/1025)","0% (0/4)",-0.7,"Human alphaherpesvirus 2 (HSV2).nasal"
"408","comp_hypergly","4.3% (44/1025)","25% (1/4)",20.7,"Human alphaherpesvirus 2 (HSV2).nasal"
"409","comp_psych","0.3% (3/1025)","0% (0/4)",-0.3,"Human alphaherpesvirus 2 (HSV2).nasal"
"410","comp_gastroent","1.1% (11/1025)","0% (0/4)",-1.1,"Human alphaherpesvirus 2 (HSV2).nasal"
"411","comp_pulmvas","0.1% (1/1025)","0% (0/4)",-0.1,"Human alphaherpesvirus 2 (HSV2).nasal"
"412","comp_other2","1.9% (19/1025)","0% (0/4)",-1.9,"Human alphaherpesvirus 2 (HSV2).nasal"
"413","comorb_htn","57.3% (578/1008)","68.2% (15/22)",10.8,"Human betaherpesvirus 5 (CMV).nasal"
"414","comorb_isaric_dm","37.4% (377/1008)","31.8% (7/22)",-5.6,"Human betaherpesvirus 5 (CMV).nasal"
"415","comorb_anyresp_noasthma","20% (202/1008)","22.7% (5/22)",2.7,"Human betaherpesvirus 5 (CMV).nasal"
"416","comorb_isaric_asthma","14.6% (147/1008)","13.6% (3/22)",-0.9,"Human betaherpesvirus 5 (CMV).nasal"
"417","comorb_isaric_cardiac","27.5% (277/1008)","22.7% (5/22)",-4.8,"Human betaherpesvirus 5 (CMV).nasal"
"418","comorb_isaric_ckd","15.1% (152/1008)","18.2% (4/22)",3.1,"Human betaherpesvirus 5 (CMV).nasal"
"419","comorb_isaric_neoplasm","9.9% (100/1008)","9.1% (2/22)",-0.8,"Human betaherpesvirus 5 (CMV).nasal"
"420","comorb_neuro","12.1% (122/1008)","4.5% (1/22)",-7.6,"Human betaherpesvirus 5 (CMV).nasal"
"421","comorb_isaric_liver","4.9% (49/1008)","9.1% (2/22)",4.2,"Human betaherpesvirus 5 (CMV).nasal"
"422","comorb_hxtrans","5.7% (57/1008)","4.5% (1/22)",-1.1,"Human betaherpesvirus 5 (CMV).nasal"
"423","comorb_hiv2","1.3% (13/1008)","0% (0/22)",-1.3,"Human betaherpesvirus 5 (CMV).nasal"
"424","comorb_eversmkvape","32.6% (329/1008)","18.2% (4/22)",-14.5,"Human betaherpesvirus 5 (CMV).nasal"
"425","comorb_anysubstance","7.3% (74/1008)","0% (0/22)",-7.3,"Human betaherpesvirus 5 (CMV).nasal"
"426","comorb_count","14.5% (146/1008)","9.1% (2/22)",-5.4,"Human betaherpesvirus 5 (CMV).nasal"
"427","comorb_countcat","14.5% (146/1008)","9.1% (2/22)",-5.4,"Human betaherpesvirus 5 (CMV).nasal"
"428","timesymptomcat","21% (212/1008)","0% (0/22)",-21,"Human betaherpesvirus 5 (CMV).nasal"
"429","symptom_allresp","87.2% (879/1008)","72.7% (16/22)",-14.5,"Human betaherpesvirus 5 (CMV).nasal"
"430","symptom_cough","61.1% (616/1008)","36.4% (8/22)",-24.7,"Human betaherpesvirus 5 (CMV).nasal"
"431","symptom_cough_prod","14.7% (148/1008)","4.5% (1/22)",-10.1,"Human betaherpesvirus 5 (CMV).nasal"
"432","symptom_haemoptysis","2.1% (21/1008)","0% (0/22)",-2.1,"Human betaherpesvirus 5 (CMV).nasal"
"433","symptom_sorethroat","8.3% (84/1008)","0% (0/22)",-8.3,"Human betaherpesvirus 5 (CMV).nasal"
"434","symptom_rhinorrhea","5.2% (52/1008)","4.5% (1/22)",-0.6,"Human betaherpesvirus 5 (CMV).nasal"
"435","symptom_wheeze","5.2% (52/1008)","0% (0/22)",-5.2,"Human betaherpesvirus 5 (CMV).nasal"
"436","symptom_chestpain","19.3% (195/1008)","22.7% (5/22)",3.4,"Human betaherpesvirus 5 (CMV).nasal"
"437","symptom_dyspnea","71.7% (723/1008)","68.2% (15/22)",-3.5,"Human betaherpesvirus 5 (CMV).nasal"
"438","symptom_chestwall","0.1% (1/1006)","0% (0/22)",-0.1,"Human betaherpesvirus 5 (CMV).nasal"
"439","symptom_earpain","0.2% (2/1008)","4.5% (1/22)",4.3,"Human betaherpesvirus 5 (CMV).nasal"
"440","symptom_conjunctivitis","0.1% (1/1008)","0% (0/22)",-0.1,"Human betaherpesvirus 5 (CMV).nasal"
"441","symptom_allsyst","72.4% (730/1008)","50% (11/22)",-22.4,"Human betaherpesvirus 5 (CMV).nasal"
"442","symptom_fever","49.8% (502/1008)","36.4% (8/22)",-13.4,"Human betaherpesvirus 5 (CMV).nasal"
"443","symptom_chills","24.1% (243/1008)","13.6% (3/22)",-10.5,"Human betaherpesvirus 5 (CMV).nasal"
"444","symptom_shaking","0.9% (9/1007)","0% (0/22)",-0.9,"Human betaherpesvirus 5 (CMV).nasal"
"445","symptom_fatigue","41.9% (422/1008)","22.7% (5/22)",-19.1,"Human betaherpesvirus 5 (CMV).nasal"
"446","symptom_myalgia","23.7% (239/1008)","9.1% (2/22)",-14.6,"Human betaherpesvirus 5 (CMV).nasal"
"447","symptom_lymphadenopathy","0.1% (1/1008)","0% (0/22)",-0.1,"Human betaherpesvirus 5 (CMV).nasal"
"448","symptom_allneuro","31.1% (313/1008)","18.2% (4/22)",-12.9,"Human betaherpesvirus 5 (CMV).nasal"
"449","symptom_headache","17.1% (172/1008)","9.1% (2/22)",-8,"Human betaherpesvirus 5 (CMV).nasal"
"450","symptom_confusion","5.6% (56/1008)","4.5% (1/22)",-1,"Human betaherpesvirus 5 (CMV).nasal"
"451","symptom_seizure","0.2% (2/1008)","0% (0/22)",-0.2,"Human betaherpesvirus 5 (CMV).nasal"
"452","symptom_syncope","1.8% (18/1008)","0% (0/22)",-1.8,"Human betaherpesvirus 5 (CMV).nasal"
"453","symptom_anosmia","10.9% (110/1008)","4.5% (1/22)",-6.4,"Human betaherpesvirus 5 (CMV).nasal"
"454","symptom_allGI","39.3% (396/1008)","13.6% (3/22)",-25.6,"Human betaherpesvirus 5 (CMV).nasal"
"455","symptom_abdpain","9.4% (95/1008)","4.5% (1/22)",-4.9,"Human betaherpesvirus 5 (CMV).nasal"
"456","symptom_nausea","22.3% (225/1008)","4.5% (1/22)",-17.8,"Human betaherpesvirus 5 (CMV).nasal"
"457","symptom_diarrhea","22.1% (223/1008)","4.5% (1/22)",-17.6,"Human betaherpesvirus 5 (CMV).nasal"
"458","symptom_allderm","0.8% (8/1008)","4.5% (1/22)",3.8,"Human betaherpesvirus 5 (CMV).nasal"
"459","symptom_skinrash","0.5% (5/1008)","4.5% (1/22)",4,"Human betaherpesvirus 5 (CMV).nasal"
"460","symptom_skinulcer","0.3% (3/1008)","0% (0/22)",-0.3,"Human betaherpesvirus 5 (CMV).nasal"
"461","symptom_allother","8.2% (83/1008)","0% (0/22)",-8.2,"Human betaherpesvirus 5 (CMV).nasal"
"462","symptom_arthralgia","3.9% (39/1008)","0% (0/22)",-3.9,"Human betaherpesvirus 5 (CMV).nasal"
"463","symptom_edema","2.1% (21/1008)","0% (0/22)",-2.1,"Human betaherpesvirus 5 (CMV).nasal"
"464","symptom_nonamb","2.4% (24/1008)","0% (0/22)",-2.4,"Human betaherpesvirus 5 (CMV).nasal"
"465","symptom_bleeding","0.3% (3/1008)","0% (0/22)",-0.3,"Human betaherpesvirus 5 (CMV).nasal"
"466","ever_ever_esc","16.2% (163/1008)","36.4% (8/22)",20.2,"Human betaherpesvirus 5 (CMV).nasal"
"467","ever_icu","35.3% (356/1008)","90.9% (20/22)",55.6,"Human betaherpesvirus 5 (CMV).nasal"
"468","diedever","14.2% (143/1008)","63.6% (14/22)",49.4,"Human betaherpesvirus 5 (CMV).nasal"
"469","ever_remdes","62.4% (629/1008)","54.5% (12/22)",-7.9,"Human betaherpesvirus 5 (CMV).nasal"
"470","ever_steroids","69.2% (698/1008)","68.2% (15/22)",-1.1,"Human betaherpesvirus 5 (CMV).nasal"
"471","ever_azithro","33% (333/1008)","13.6% (3/22)",-19.4,"Human betaherpesvirus 5 (CMV).nasal"
"472","ever_otherabx","56.3% (568/1008)","77.3% (17/22)",20.9,"Human betaherpesvirus 5 (CMV).nasal"
"473","ever_conplas","7.5% (76/1008)","13.6% (3/22)",6.1,"Human betaherpesvirus 5 (CMV).nasal"
"474","ever_monoclonal","0.5% (5/1008)","0% (0/22)",-0.5,"Human betaherpesvirus 5 (CMV).nasal"
"475","ever_immsupp","6.7% (68/1008)","9.1% (2/22)",2.3,"Human betaherpesvirus 5 (CMV).nasal"
"476","anycomp","85.2% (859/1008)","100% (22/22)",14.8,"Human betaherpesvirus 5 (CMV).nasal"
"477","ncomp","18.6% (187/1008)","4.5% (1/22)",-14,"Human betaherpesvirus 5 (CMV).nasal"
"478","comp_seizure","0.5% (5/1008)","0% (0/22)",-0.5,"Human betaherpesvirus 5 (CMV).nasal"
"479","comp_meningitis","1.2% (12/1008)","4.5% (1/22)",3.4,"Human betaherpesvirus 5 (CMV).nasal"
"480","comp_stroke","1.7% (17/1008)","9.1% (2/22)",7.4,"Human betaherpesvirus 5 (CMV).nasal"
"481","comp_afib","7.6% (77/1008)","13.6% (3/22)",6,"Human betaherpesvirus 5 (CMV).nasal"
"482","comp_ventricular_arr","3.1% (31/1008)","13.6% (3/22)",10.6,"Human betaherpesvirus 5 (CMV).nasal"
"483","comp_endo","0.1% (1/1008)","0% (0/22)",-0.1,"Human betaherpesvirus 5 (CMV).nasal"
"484","comp_myocard","0.4% (4/1008)","0% (0/22)",-0.4,"Human betaherpesvirus 5 (CMV).nasal"
"485","comp_cardarrest","3.1% (31/1008)","18.2% (4/22)",15.1,"Human betaherpesvirus 5 (CMV).nasal"
"486","comp_stemi","1% (10/1008)","9.1% (2/22)",8.1,"Human betaherpesvirus 5 (CMV).nasal"
"487","comp_nstemi","2.7% (27/1008)","0% (0/22)",-2.7,"Human betaherpesvirus 5 (CMV).nasal"
"488","comp_chf","6.7% (68/1008)","4.5% (1/22)",-2.2,"Human betaherpesvirus 5 (CMV).nasal"
"489","comp_pneumonia","68.1% (686/1008)","68.2% (15/22)",0.1,"Human betaherpesvirus 5 (CMV).nasal"
"490","comp_bronch","0.5% (5/1008)","0% (0/22)",-0.5,"Human betaherpesvirus 5 (CMV).nasal"
"491","comp_pneumo","2.4% (24/1008)","22.7% (5/22)",20.3,"Human betaherpesvirus 5 (CMV).nasal"
"492","comp_pneumomed","1.2% (12/1008)","0% (0/22)",-1.2,"Human betaherpesvirus 5 (CMV).nasal"
"493","comp_aat","0.7% (7/1008)","0% (0/22)",-0.7,"Human betaherpesvirus 5 (CMV).nasal"
"494","comp_avthromb","6.2% (63/1008)","27.3% (6/22)",21,"Human betaherpesvirus 5 (CMV).nasal"
"495","comp_shock","14.8% (149/1008)","59.1% (13/22)",44.3,"Human betaherpesvirus 5 (CMV).nasal"
"496","comp_bac","11.2% (113/1008)","36.4% (8/22)",25.2,"Human betaherpesvirus 5 (CMV).nasal"
"497","comp_coag","3.7% (37/1008)","0% (0/22)",-3.7,"Human betaherpesvirus 5 (CMV).nasal"
"498","comp_hypogly","1.5% (15/1008)","0% (0/22)",-1.5,"Human betaherpesvirus 5 (CMV).nasal"
"499","comp_bleed","5.7% (57/1008)","9.1% (2/22)",3.4,"Human betaherpesvirus 5 (CMV).nasal"
"500","comp_anemia","14.2% (143/1008)","22.7% (5/22)",8.5,"Human betaherpesvirus 5 (CMV).nasal"
"501","comp_pancreas","0.6% (6/1008)","0% (0/22)",-0.6,"Human betaherpesvirus 5 (CMV).nasal"
"502","comp_renal","21% (212/1008)","45.5% (10/22)",24.4,"Human betaherpesvirus 5 (CMV).nasal"
"503","comp_liver","12.5% (126/1008)","13.6% (3/22)",1.1,"Human betaherpesvirus 5 (CMV).nasal"
"504","comp_othlab","4.2% (42/1008)","4.5% (1/22)",0.4,"Human betaherpesvirus 5 (CMV).nasal"
"505","comp_electrolyte","3.7% (37/1008)","13.6% (3/22)",10,"Human betaherpesvirus 5 (CMV).nasal"
"506","comp_othinf","2.9% (29/1008)","13.6% (3/22)",10.8,"Human betaherpesvirus 5 (CMV).nasal"
"507","comp_othpulm","0.1% (1/1008)","0% (0/22)",-0.1,"Human betaherpesvirus 5 (CMV).nasal"
"508","comp_unddisease","1.3% (13/1008)","4.5% (1/22)",3.3,"Human betaherpesvirus 5 (CMV).nasal"
"509","comp_enceph","2.1% (21/1008)","9.1% (2/22)",7,"Human betaherpesvirus 5 (CMV).nasal"
"510","comp_othneuro","0.7% (7/1008)","0% (0/22)",-0.7,"Human betaherpesvirus 5 (CMV).nasal"
"511","comp_hypergly","4.5% (45/1008)","0% (0/22)",-4.5,"Human betaherpesvirus 5 (CMV).nasal"
"512","comp_psych","0.3% (3/1008)","0% (0/22)",-0.3,"Human betaherpesvirus 5 (CMV).nasal"
"513","comp_gastroent","1.1% (11/1008)","0% (0/22)",-1.1,"Human betaherpesvirus 5 (CMV).nasal"
"514","comp_pulmvas","0.1% (1/1008)","0% (0/22)",-0.1,"Human betaherpesvirus 5 (CMV).nasal"
"515","comp_other2","1.9% (19/1008)","0% (0/22)",-1.9,"Human betaherpesvirus 5 (CMV).nasal"
"516","comorb_htn","58.4% (620/1061)","61% (25/41)",2.5,"Human betaherpesvirus 5 (CMV).pbmc"
"517","comorb_isaric_dm","36.9% (392/1061)","39% (16/41)",2.1,"Human betaherpesvirus 5 (CMV).pbmc"
"518","comorb_anyresp_noasthma","20.5% (218/1061)","19.5% (8/41)",-1,"Human betaherpesvirus 5 (CMV).pbmc"
"519","comorb_isaric_asthma","14.9% (158/1061)","17.1% (7/41)",2.2,"Human betaherpesvirus 5 (CMV).pbmc"
"520","comorb_isaric_cardiac","27% (287/1061)","26.8% (11/41)",-0.2,"Human betaherpesvirus 5 (CMV).pbmc"
"521","comorb_isaric_ckd","15.1% (160/1061)","17.1% (7/41)",2,"Human betaherpesvirus 5 (CMV).pbmc"
"522","comorb_isaric_neoplasm","9.5% (101/1061)","7.3% (3/41)",-2.2,"Human betaherpesvirus 5 (CMV).pbmc"
"523","comorb_neuro","12.7% (135/1061)","2.4% (1/41)",-10.3,"Human betaherpesvirus 5 (CMV).pbmc"
"524","comorb_isaric_liver","4.8% (51/1061)","9.8% (4/41)",4.9,"Human betaherpesvirus 5 (CMV).pbmc"
"525","comorb_hxtrans","5.9% (63/1061)","4.9% (2/41)",-1.1,"Human betaherpesvirus 5 (CMV).pbmc"
"526","comorb_hiv2","1.8% (19/1061)","2.4% (1/41)",0.6,"Human betaherpesvirus 5 (CMV).pbmc"
"527","comorb_eversmkvape","32.4% (344/1061)","26.8% (11/41)",-5.6,"Human betaherpesvirus 5 (CMV).pbmc"
"528","comorb_anysubstance","7.5% (80/1061)","4.9% (2/41)",-2.7,"Human betaherpesvirus 5 (CMV).pbmc"
"529","comorb_count","14.1% (150/1061)","7.3% (3/41)",-6.8,"Human betaherpesvirus 5 (CMV).pbmc"
"530","comorb_countcat","14.1% (150/1061)","7.3% (3/41)",-6.8,"Human betaherpesvirus 5 (CMV).pbmc"
"531","timesymptomcat","21.2% (225/1061)","9.8% (4/41)",-11.5,"Human betaherpesvirus 5 (CMV).pbmc"
"532","symptom_allresp","87.1% (924/1061)","75.6% (31/41)",-11.5,"Human betaherpesvirus 5 (CMV).pbmc"
"533","symptom_cough","61.2% (649/1061)","46.3% (19/41)",-14.8,"Human betaherpesvirus 5 (CMV).pbmc"
"534","symptom_cough_prod","14.5% (154/1061)","2.4% (1/41)",-12.1,"Human betaherpesvirus 5 (CMV).pbmc"
"535","symptom_haemoptysis","2.4% (25/1061)","0% (0/41)",-2.4,"Human betaherpesvirus 5 (CMV).pbmc"
"536","symptom_sorethroat","8.7% (92/1061)","7.3% (3/41)",-1.4,"Human betaherpesvirus 5 (CMV).pbmc"
"537","symptom_rhinorrhea","4.8% (51/1061)","2.4% (1/41)",-2.4,"Human betaherpesvirus 5 (CMV).pbmc"
"538","symptom_wheeze","5.3% (56/1061)","4.9% (2/41)",-0.4,"Human betaherpesvirus 5 (CMV).pbmc"
"539","symptom_chestpain","20.1% (213/1061)","7.3% (3/41)",-12.8,"Human betaherpesvirus 5 (CMV).pbmc"
"540","symptom_dyspnea","72.4% (768/1061)","65.9% (27/41)",-6.5,"Human betaherpesvirus 5 (CMV).pbmc"
"541","symptom_chestwall","0.1% (1/1059)","0% (0/41)",-0.1,"Human betaherpesvirus 5 (CMV).pbmc"
"542","symptom_earpain","0.2% (2/1061)","2.4% (1/41)",2.3,"Human betaherpesvirus 5 (CMV).pbmc"
"543","symptom_conjunctivitis","0.2% (2/1061)","0% (0/41)",-0.2,"Human betaherpesvirus 5 (CMV).pbmc"
"544","symptom_allsyst","72.4% (768/1061)","51.2% (21/41)",-21.2,"Human betaherpesvirus 5 (CMV).pbmc"
"545","symptom_fever","49.7% (527/1061)","31.7% (13/41)",-18,"Human betaherpesvirus 5 (CMV).pbmc"
"546","symptom_chills","24.8% (263/1061)","17.1% (7/41)",-7.7,"Human betaherpesvirus 5 (CMV).pbmc"
"547","symptom_shaking","1.2% (13/1060)","0% (0/41)",-1.2,"Human betaherpesvirus 5 (CMV).pbmc"
"548","symptom_fatigue","41.8% (444/1061)","24.4% (10/41)",-17.5,"Human betaherpesvirus 5 (CMV).pbmc"
"549","symptom_myalgia","24.1% (256/1061)","7.3% (3/41)",-16.8,"Human betaherpesvirus 5 (CMV).pbmc"
"550","symptom_lymphadenopathy","0.5% (5/1061)","0% (0/41)",-0.5,"Human betaherpesvirus 5 (CMV).pbmc"
"551","symptom_allneuro","31.1% (330/1061)","12.2% (5/41)",-18.9,"Human betaherpesvirus 5 (CMV).pbmc"
"552","symptom_headache","17.8% (189/1061)","4.9% (2/41)",-12.9,"Human betaherpesvirus 5 (CMV).pbmc"
"553","symptom_confusion","5.3% (56/1061)","4.9% (2/41)",-0.4,"Human betaherpesvirus 5 (CMV).pbmc"
"554","symptom_seizure","0.3% (3/1061)","0% (0/41)",-0.3,"Human betaherpesvirus 5 (CMV).pbmc"
"555","symptom_syncope","1.6% (17/1061)","2.4% (1/41)",0.8,"Human betaherpesvirus 5 (CMV).pbmc"
"556","symptom_anosmia","10.4% (110/1061)","2.4% (1/41)",-7.9,"Human betaherpesvirus 5 (CMV).pbmc"
"557","symptom_allGI","39.4% (418/1061)","22% (9/41)",-17.4,"Human betaherpesvirus 5 (CMV).pbmc"
"558","symptom_abdpain","10.2% (108/1061)","7.3% (3/41)",-2.9,"Human betaherpesvirus 5 (CMV).pbmc"
"559","symptom_nausea","22.5% (239/1061)","9.8% (4/41)",-12.8,"Human betaherpesvirus 5 (CMV).pbmc"
"560","symptom_diarrhea","22.3% (237/1061)","9.8% (4/41)",-12.6,"Human betaherpesvirus 5 (CMV).pbmc"
"561","symptom_allderm","1.1% (12/1061)","2.4% (1/41)",1.3,"Human betaherpesvirus 5 (CMV).pbmc"
"562","symptom_skinrash","0.8% (9/1061)","2.4% (1/41)",1.6,"Human betaherpesvirus 5 (CMV).pbmc"
"563","symptom_skinulcer","0.3% (3/1061)","0% (0/41)",-0.3,"Human betaherpesvirus 5 (CMV).pbmc"
"564","symptom_allother","8.4% (89/1061)","4.9% (2/41)",-3.5,"Human betaherpesvirus 5 (CMV).pbmc"
"565","symptom_arthralgia","3.6% (38/1061)","0% (0/41)",-3.6,"Human betaherpesvirus 5 (CMV).pbmc"
"566","symptom_edema","2.6% (28/1061)","4.9% (2/41)",2.2,"Human betaherpesvirus 5 (CMV).pbmc"
"567","symptom_nonamb","2.3% (24/1061)","0% (0/41)",-2.3,"Human betaherpesvirus 5 (CMV).pbmc"
"568","symptom_bleeding","0.4% (4/1061)","0% (0/41)",-0.4,"Human betaherpesvirus 5 (CMV).pbmc"
"569","ever_ever_esc","15.2% (161/1061)","31.7% (13/41)",16.5,"Human betaherpesvirus 5 (CMV).pbmc"
"570","ever_icu","34.8% (369/1061)","75.6% (31/41)",40.8,"Human betaherpesvirus 5 (CMV).pbmc"
"571","diedever","13.6% (144/1061)","34.1% (14/41)",20.6,"Human betaherpesvirus 5 (CMV).pbmc"
"572","ever_remdes","62.1% (659/1061)","68.3% (28/41)",6.2,"Human betaherpesvirus 5 (CMV).pbmc"
"573","ever_steroids","68.2% (724/1061)","78% (32/41)",9.8,"Human betaherpesvirus 5 (CMV).pbmc"
"574","ever_azithro","32.8% (348/1061)","24.4% (10/41)",-8.4,"Human betaherpesvirus 5 (CMV).pbmc"
"575","ever_otherabx","57% (605/1061)","80.5% (33/41)",23.5,"Human betaherpesvirus 5 (CMV).pbmc"
"576","ever_conplas","7.8% (83/1061)","4.9% (2/41)",-2.9,"Human betaherpesvirus 5 (CMV).pbmc"
"577","ever_monoclonal","0.4% (4/1061)","2.4% (1/41)",2.1,"Human betaherpesvirus 5 (CMV).pbmc"
"578","ever_immsupp","6.7% (71/1061)","12.2% (5/41)",5.5,"Human betaherpesvirus 5 (CMV).pbmc"
"579","anycomp","85.9% (911/1061)","92.7% (38/41)",6.8,"Human betaherpesvirus 5 (CMV).pbmc"
"580","ncomp","18.2% (193/1061)","9.8% (4/41)",-8.4,"Human betaherpesvirus 5 (CMV).pbmc"
"581","comp_seizure","0.5% (5/1061)","0% (0/41)",-0.5,"Human betaherpesvirus 5 (CMV).pbmc"
"582","comp_meningitis","0.8% (9/1061)","7.3% (3/41)",6.5,"Human betaherpesvirus 5 (CMV).pbmc"
"583","comp_stroke","1.4% (15/1061)","12.2% (5/41)",10.8,"Human betaherpesvirus 5 (CMV).pbmc"
"584","comp_afib","7.5% (80/1061)","4.9% (2/41)",-2.7,"Human betaherpesvirus 5 (CMV).pbmc"
"585","comp_ventricular_arr","3.4% (36/1061)","7.3% (3/41)",3.9,"Human betaherpesvirus 5 (CMV).pbmc"
"586","comp_endo","0.1% (1/1061)","0% (0/41)",-0.1,"Human betaherpesvirus 5 (CMV).pbmc"
"587","comp_myocard","0.5% (5/1061)","0% (0/41)",-0.5,"Human betaherpesvirus 5 (CMV).pbmc"
"588","comp_cardarrest","3.4% (36/1061)","7.3% (3/41)",3.9,"Human betaherpesvirus 5 (CMV).pbmc"
"589","comp_stemi","1% (11/1061)","4.9% (2/41)",3.8,"Human betaherpesvirus 5 (CMV).pbmc"
"590","comp_nstemi","2.8% (30/1061)","0% (0/41)",-2.8,"Human betaherpesvirus 5 (CMV).pbmc"
"591","comp_chf","6.9% (73/1061)","9.8% (4/41)",2.9,"Human betaherpesvirus 5 (CMV).pbmc"
"592","comp_pneumonia","67.9% (720/1061)","75.6% (31/41)",7.7,"Human betaherpesvirus 5 (CMV).pbmc"
"593","comp_bronch","0.5% (5/1061)","2.4% (1/41)",2,"Human betaherpesvirus 5 (CMV).pbmc"
"594","comp_pneumo","2.5% (26/1061)","7.3% (3/41)",4.9,"Human betaherpesvirus 5 (CMV).pbmc"
"595","comp_pneumomed","1.1% (12/1061)","0% (0/41)",-1.1,"Human betaherpesvirus 5 (CMV).pbmc"
"596","comp_aat","0.8% (9/1061)","2.4% (1/41)",1.6,"Human betaherpesvirus 5 (CMV).pbmc"
"597","comp_avthromb","6.5% (69/1061)","22% (9/41)",15.4,"Human betaherpesvirus 5 (CMV).pbmc"
"598","comp_shock","14.2% (151/1061)","48.8% (20/41)",34.5,"Human betaherpesvirus 5 (CMV).pbmc"
"599","comp_bac","11.1% (118/1061)","36.6% (15/41)",25.5,"Human betaherpesvirus 5 (CMV).pbmc"
"600","comp_coag","3.5% (37/1061)","7.3% (3/41)",3.8,"Human betaherpesvirus 5 (CMV).pbmc"
"601","comp_hypogly","1.3% (14/1061)","2.4% (1/41)",1.1,"Human betaherpesvirus 5 (CMV).pbmc"
"602","comp_bleed","5.4% (57/1061)","17.1% (7/41)",11.7,"Human betaherpesvirus 5 (CMV).pbmc"
"603","comp_anemia","13.6% (144/1061)","31.7% (13/41)",18.1,"Human betaherpesvirus 5 (CMV).pbmc"
"604","comp_pancreas","0.6% (6/1061)","0% (0/41)",-0.6,"Human betaherpesvirus 5 (CMV).pbmc"
"605","comp_renal","21.3% (226/1061)","46.3% (19/41)",25,"Human betaherpesvirus 5 (CMV).pbmc"
"606","comp_liver","12.1% (128/1061)","12.2% (5/41)",0.1,"Human betaherpesvirus 5 (CMV).pbmc"
"607","comp_othlab","4.3% (46/1061)","2.4% (1/41)",-1.9,"Human betaherpesvirus 5 (CMV).pbmc"
"608","comp_electrolyte","3.6% (38/1061)","9.8% (4/41)",6.2,"Human betaherpesvirus 5 (CMV).pbmc"
"609","comp_othinf","2.9% (31/1061)","7.3% (3/41)",4.4,"Human betaherpesvirus 5 (CMV).pbmc"
"610","comp_othpulm","0.1% (1/1061)","0% (0/41)",-0.1,"Human betaherpesvirus 5 (CMV).pbmc"
"611","comp_unddisease","1.3% (14/1061)","2.4% (1/41)",1.1,"Human betaherpesvirus 5 (CMV).pbmc"
"612","comp_enceph","2.2% (23/1061)","7.3% (3/41)",5.1,"Human betaherpesvirus 5 (CMV).pbmc"
"613","comp_othneuro","0.7% (7/1061)","0% (0/41)",-0.7,"Human betaherpesvirus 5 (CMV).pbmc"
"614","comp_hypergly","4.3% (46/1061)","4.9% (2/41)",0.5,"Human betaherpesvirus 5 (CMV).pbmc"
"615","comp_psych","0.3% (3/1061)","0% (0/41)",-0.3,"Human betaherpesvirus 5 (CMV).pbmc"
"616","comp_gastroent","1% (11/1061)","2.4% (1/41)",1.4,"Human betaherpesvirus 5 (CMV).pbmc"
"617","comp_pulmvas","0.1% (1/1061)","2.4% (1/41)",2.3,"Human betaherpesvirus 5 (CMV).pbmc"
"618","comp_other2","2% (21/1061)","2.4% (1/41)",0.5,"Human betaherpesvirus 5 (CMV).pbmc"
"619","comorb_htn","57.4% (548/955)","60% (45/75)",2.6,"Human gammaherpesvirus 4 (EBV).nasal"
"620","comorb_isaric_dm","37.4% (357/955)","36% (27/75)",-1.4,"Human gammaherpesvirus 4 (EBV).nasal"
"621","comorb_anyresp_noasthma","20.2% (193/955)","18.7% (14/75)",-1.5,"Human gammaherpesvirus 4 (EBV).nasal"
"622","comorb_isaric_asthma","14.3% (137/955)","17.3% (13/75)",3,"Human gammaherpesvirus 4 (EBV).nasal"
"623","comorb_isaric_cardiac","27.6% (264/955)","24% (18/75)",-3.6,"Human gammaherpesvirus 4 (EBV).nasal"
"624","comorb_isaric_ckd","15.1% (144/955)","16% (12/75)",0.9,"Human gammaherpesvirus 4 (EBV).nasal"
"625","comorb_isaric_neoplasm","10.1% (96/955)","8% (6/75)",-2.1,"Human gammaherpesvirus 4 (EBV).nasal"
"626","comorb_neuro","12.4% (118/955)","6.7% (5/75)",-5.7,"Human gammaherpesvirus 4 (EBV).nasal"
"627","comorb_isaric_liver","4.7% (45/955)","8% (6/75)",3.3,"Human gammaherpesvirus 4 (EBV).nasal"
"628","comorb_hxtrans","5.8% (55/955)","4% (3/75)",-1.8,"Human gammaherpesvirus 4 (EBV).nasal"
"629","comorb_hiv2","1.3% (12/955)","1.3% (1/75)",0.1,"Human gammaherpesvirus 4 (EBV).nasal"
"630","comorb_eversmkvape","33.1% (316/955)","22.7% (17/75)",-10.4,"Human gammaherpesvirus 4 (EBV).nasal"
"631","comorb_anysubstance","7.2% (69/955)","6.7% (5/75)",-0.6,"Human gammaherpesvirus 4 (EBV).nasal"
"632","comorb_count","14.2% (136/955)","16% (12/75)",1.8,"Human gammaherpesvirus 4 (EBV).nasal"
"633","comorb_countcat","14.2% (136/955)","16% (12/75)",1.8,"Human gammaherpesvirus 4 (EBV).nasal"
"634","timesymptomcat","20.8% (199/955)","17.3% (13/75)",-3.5,"Human gammaherpesvirus 4 (EBV).nasal"
"635","symptom_allresp","87.2% (833/955)","82.7% (62/75)",-4.6,"Human gammaherpesvirus 4 (EBV).nasal"
"636","symptom_cough","60.8% (581/955)","57.3% (43/75)",-3.5,"Human gammaherpesvirus 4 (EBV).nasal"
"637","symptom_cough_prod","14.6% (139/955)","13.3% (10/75)",-1.2,"Human gammaherpesvirus 4 (EBV).nasal"
"638","symptom_haemoptysis","2% (19/955)","2.7% (2/75)",0.7,"Human gammaherpesvirus 4 (EBV).nasal"
"639","symptom_sorethroat","8.3% (79/955)","6.7% (5/75)",-1.6,"Human gammaherpesvirus 4 (EBV).nasal"
"640","symptom_rhinorrhea","5.1% (49/955)","5.3% (4/75)",0.2,"Human gammaherpesvirus 4 (EBV).nasal"
"641","symptom_wheeze","4.9% (47/955)","6.7% (5/75)",1.7,"Human gammaherpesvirus 4 (EBV).nasal"
"642","symptom_chestpain","19.4% (185/955)","20% (15/75)",0.6,"Human gammaherpesvirus 4 (EBV).nasal"
"643","symptom_dyspnea","71.8% (686/955)","69.3% (52/75)",-2.5,"Human gammaherpesvirus 4 (EBV).nasal"
"644","symptom_chestwall","0% (0/953)","1.3% (1/75)",1.3,"Human gammaherpesvirus 4 (EBV).nasal"
"645","symptom_earpain","0.3% (3/955)","0% (0/75)",-0.3,"Human gammaherpesvirus 4 (EBV).nasal"
"646","symptom_conjunctivitis","0.1% (1/955)","0% (0/75)",-0.1,"Human gammaherpesvirus 4 (EBV).nasal"
"647","symptom_allsyst","72.8% (695/955)","61.3% (46/75)",-11.4,"Human gammaherpesvirus 4 (EBV).nasal"
"648","symptom_fever","50.2% (479/955)","41.3% (31/75)",-8.8,"Human gammaherpesvirus 4 (EBV).nasal"
"649","symptom_chills","23.9% (228/955)","24% (18/75)",0.1,"Human gammaherpesvirus 4 (EBV).nasal"
"650","symptom_shaking","0.9% (9/954)","0% (0/75)",-0.9,"Human gammaherpesvirus 4 (EBV).nasal"
"651","symptom_fatigue","42.1% (402/955)","33.3% (25/75)",-8.8,"Human gammaherpesvirus 4 (EBV).nasal"
"652","symptom_myalgia","24.1% (230/955)","14.7% (11/75)",-9.4,"Human gammaherpesvirus 4 (EBV).nasal"
"653","symptom_lymphadenopathy","0% (0/955)","1.3% (1/75)",1.3,"Human gammaherpesvirus 4 (EBV).nasal"
"654","symptom_allneuro","30.6% (292/955)","33.3% (25/75)",2.8,"Human gammaherpesvirus 4 (EBV).nasal"
"655","symptom_headache","17.3% (165/955)","12% (9/75)",-5.3,"Human gammaherpesvirus 4 (EBV).nasal"
"656","symptom_confusion","5.2% (50/955)","9.3% (7/75)",4.1,"Human gammaherpesvirus 4 (EBV).nasal"
"657","symptom_seizure","0.2% (2/955)","0% (0/75)",-0.2,"Human gammaherpesvirus 4 (EBV).nasal"
"658","symptom_syncope","1.7% (16/955)","2.7% (2/75)",1,"Human gammaherpesvirus 4 (EBV).nasal"
"659","symptom_anosmia","10.6% (101/955)","13.3% (10/75)",2.8,"Human gammaherpesvirus 4 (EBV).nasal"
"660","symptom_allGI","39.5% (377/955)","29.3% (22/75)",-10.1,"Human gammaherpesvirus 4 (EBV).nasal"
"661","symptom_abdpain","9.1% (87/955)","12% (9/75)",2.9,"Human gammaherpesvirus 4 (EBV).nasal"
"662","symptom_nausea","22.4% (214/955)","16% (12/75)",-6.4,"Human gammaherpesvirus 4 (EBV).nasal"
"663","symptom_diarrhea","22.5% (215/955)","12% (9/75)",-10.5,"Human gammaherpesvirus 4 (EBV).nasal"
"664","symptom_allderm","0.8% (8/955)","1.3% (1/75)",0.5,"Human gammaherpesvirus 4 (EBV).nasal"
"665","symptom_skinrash","0.5% (5/955)","1.3% (1/75)",0.8,"Human gammaherpesvirus 4 (EBV).nasal"
"666","symptom_skinulcer","0.3% (3/955)","0% (0/75)",-0.3,"Human gammaherpesvirus 4 (EBV).nasal"
"667","symptom_allother","8.1% (77/955)","8% (6/75)",-0.1,"Human gammaherpesvirus 4 (EBV).nasal"
"668","symptom_arthralgia","3.7% (35/955)","5.3% (4/75)",1.7,"Human gammaherpesvirus 4 (EBV).nasal"
"669","symptom_edema","2% (19/955)","2.7% (2/75)",0.7,"Human gammaherpesvirus 4 (EBV).nasal"
"670","symptom_nonamb","2.4% (23/955)","1.3% (1/75)",-1.1,"Human gammaherpesvirus 4 (EBV).nasal"
"671","symptom_bleeding","0.3% (3/955)","0% (0/75)",-0.3,"Human gammaherpesvirus 4 (EBV).nasal"
"672","ever_ever_esc","15.5% (148/955)","30.7% (23/75)",15.2,"Human gammaherpesvirus 4 (EBV).nasal"
"673","ever_icu","33.9% (324/955)","69.3% (52/75)",35.4,"Human gammaherpesvirus 4 (EBV).nasal"
"674","diedever","13.6% (130/955)","36% (27/75)",22.4,"Human gammaherpesvirus 4 (EBV).nasal"
"675","ever_remdes","61.6% (588/955)","70.7% (53/75)",9.1,"Human gammaherpesvirus 4 (EBV).nasal"
"676","ever_steroids","68.9% (658/955)","73.3% (55/75)",4.4,"Human gammaherpesvirus 4 (EBV).nasal"
"677","ever_azithro","32.1% (307/955)","38.7% (29/75)",6.5,"Human gammaherpesvirus 4 (EBV).nasal"
"678","ever_otherabx","55.2% (527/955)","77.3% (58/75)",22.2,"Human gammaherpesvirus 4 (EBV).nasal"
"679","ever_conplas","8% (76/955)","4% (3/75)",-4,"Human gammaherpesvirus 4 (EBV).nasal"
"680","ever_monoclonal","0.4% (4/955)","1.3% (1/75)",0.9,"Human gammaherpesvirus 4 (EBV).nasal"
"681","ever_immsupp","6.8% (65/955)","6.7% (5/75)",-0.1,"Human gammaherpesvirus 4 (EBV).nasal"
"682","anycomp","84.9% (811/955)","93.3% (70/75)",8.4,"Human gammaherpesvirus 4 (EBV).nasal"
"683","ncomp","18.6% (178/955)","13.3% (10/75)",-5.3,"Human gammaherpesvirus 4 (EBV).nasal"
"684","comp_seizure","0.5% (5/955)","0% (0/75)",-0.5,"Human gammaherpesvirus 4 (EBV).nasal"
"685","comp_meningitis","0.9% (9/955)","5.3% (4/75)",4.4,"Human gammaherpesvirus 4 (EBV).nasal"
"686","comp_stroke","1.5% (14/955)","6.7% (5/75)",5.2,"Human gammaherpesvirus 4 (EBV).nasal"
"687","comp_afib","7.7% (74/955)","8% (6/75)",0.3,"Human gammaherpesvirus 4 (EBV).nasal"
"688","comp_ventricular_arr","2.9% (28/955)","8% (6/75)",5.1,"Human gammaherpesvirus 4 (EBV).nasal"
"689","comp_endo","0.1% (1/955)","0% (0/75)",-0.1,"Human gammaherpesvirus 4 (EBV).nasal"
"690","comp_myocard","0.4% (4/955)","0% (0/75)",-0.4,"Human gammaherpesvirus 4 (EBV).nasal"
"691","comp_cardarrest","3% (29/955)","8% (6/75)",5,"Human gammaherpesvirus 4 (EBV).nasal"
"692","comp_stemi","0.9% (9/955)","4% (3/75)",3.1,"Human gammaherpesvirus 4 (EBV).nasal"
"693","comp_nstemi","2.6% (25/955)","2.7% (2/75)",0,"Human gammaherpesvirus 4 (EBV).nasal"
"694","comp_chf","6.4% (61/955)","10.7% (8/75)",4.3,"Human gammaherpesvirus 4 (EBV).nasal"
"695","comp_pneumonia","67.4% (644/955)","76% (57/75)",8.6,"Human gammaherpesvirus 4 (EBV).nasal"
"696","comp_bronch","0.4% (4/955)","1.3% (1/75)",0.9,"Human gammaherpesvirus 4 (EBV).nasal"
"697","comp_pneumo","2.5% (24/955)","6.7% (5/75)",4.2,"Human gammaherpesvirus 4 (EBV).nasal"
"698","comp_pneumomed","0.9% (9/955)","4% (3/75)",3.1,"Human gammaherpesvirus 4 (EBV).nasal"
"699","comp_aat","0.7% (7/955)","0% (0/75)",-0.7,"Human gammaherpesvirus 4 (EBV).nasal"
"700","comp_avthromb","5.9% (56/955)","17.3% (13/75)",11.5,"Human gammaherpesvirus 4 (EBV).nasal"
"701","comp_shock","13.7% (131/955)","41.3% (31/75)",27.6,"Human gammaherpesvirus 4 (EBV).nasal"
"702","comp_bac","10.8% (103/955)","24% (18/75)",13.2,"Human gammaherpesvirus 4 (EBV).nasal"
"703","comp_coag","3.8% (36/955)","1.3% (1/75)",-2.4,"Human gammaherpesvirus 4 (EBV).nasal"
"704","comp_hypogly","1.4% (13/955)","2.7% (2/75)",1.3,"Human gammaherpesvirus 4 (EBV).nasal"
"705","comp_bleed","5.4% (52/955)","9.3% (7/75)",3.9,"Human gammaherpesvirus 4 (EBV).nasal"
"706","comp_anemia","13.6% (130/955)","24% (18/75)",10.4,"Human gammaherpesvirus 4 (EBV).nasal"
"707","comp_pancreas","0.6% (6/955)","0% (0/75)",-0.6,"Human gammaherpesvirus 4 (EBV).nasal"
"708","comp_renal","20.2% (193/955)","38.7% (29/75)",18.5,"Human gammaherpesvirus 4 (EBV).nasal"
"709","comp_liver","11.8% (113/955)","21.3% (16/75)",9.5,"Human gammaherpesvirus 4 (EBV).nasal"
"710","comp_othlab","4% (38/955)","6.7% (5/75)",2.7,"Human gammaherpesvirus 4 (EBV).nasal"
"711","comp_electrolyte","3.7% (35/955)","6.7% (5/75)",3,"Human gammaherpesvirus 4 (EBV).nasal"
"712","comp_othinf","2.7% (26/955)","8% (6/75)",5.3,"Human gammaherpesvirus 4 (EBV).nasal"
"713","comp_othpulm","0.1% (1/955)","0% (0/75)",-0.1,"Human gammaherpesvirus 4 (EBV).nasal"
"714","comp_unddisease","1.5% (14/955)","0% (0/75)",-1.5,"Human gammaherpesvirus 4 (EBV).nasal"
"715","comp_enceph","2% (19/955)","5.3% (4/75)",3.3,"Human gammaherpesvirus 4 (EBV).nasal"
"716","comp_othneuro","0.6% (6/955)","1.3% (1/75)",0.7,"Human gammaherpesvirus 4 (EBV).nasal"
"717","comp_hypergly","4.3% (41/955)","5.3% (4/75)",1,"Human gammaherpesvirus 4 (EBV).nasal"
"718","comp_psych","0.2% (2/955)","1.3% (1/75)",1.1,"Human gammaherpesvirus 4 (EBV).nasal"
"719","comp_gastroent","1.2% (11/955)","0% (0/75)",-1.2,"Human gammaherpesvirus 4 (EBV).nasal"
"720","comp_pulmvas","0.1% (1/955)","0% (0/75)",-0.1,"Human gammaherpesvirus 4 (EBV).nasal"
"721","comp_other2","1.7% (16/955)","4% (3/75)",2.3,"Human gammaherpesvirus 4 (EBV).nasal"
"722","comorb_htn","57.8% (473/818)","60.6% (172/284)",2.7,"Human gammaherpesvirus 4 (EBV).pbmc"
"723","comorb_isaric_dm","36.4% (298/818)","38.7% (110/284)",2.3,"Human gammaherpesvirus 4 (EBV).pbmc"
"724","comorb_anyresp_noasthma","20.7% (169/818)","20.1% (57/284)",-0.6,"Human gammaherpesvirus 4 (EBV).pbmc"
"725","comorb_isaric_asthma","15.9% (130/818)","12.3% (35/284)",-3.6,"Human gammaherpesvirus 4 (EBV).pbmc"
"726","comorb_isaric_cardiac","27% (221/818)","27.1% (77/284)",0.1,"Human gammaherpesvirus 4 (EBV).pbmc"
"727","comorb_isaric_ckd","14.5% (119/818)","16.9% (48/284)",2.4,"Human gammaherpesvirus 4 (EBV).pbmc"
"728","comorb_isaric_neoplasm","10.1% (83/818)","7.4% (21/284)",-2.8,"Human gammaherpesvirus 4 (EBV).pbmc"
"729","comorb_neuro","12.8% (105/818)","10.9% (31/284)",-1.9,"Human gammaherpesvirus 4 (EBV).pbmc"
"730","comorb_isaric_liver","4.6% (38/818)","6% (17/284)",1.3,"Human gammaherpesvirus 4 (EBV).pbmc"
"731","comorb_hxtrans","5.5% (45/818)","7% (20/284)",1.5,"Human gammaherpesvirus 4 (EBV).pbmc"
"732","comorb_hiv2","2% (16/818)","1.4% (4/284)",-0.5,"Human gammaherpesvirus 4 (EBV).pbmc"
"733","comorb_eversmkvape","31.9% (261/818)","33.1% (94/284)",1.2,"Human gammaherpesvirus 4 (EBV).pbmc"
"734","comorb_anysubstance","7.9% (65/818)","6% (17/284)",-2,"Human gammaherpesvirus 4 (EBV).pbmc"
"735","comorb_count","14.4% (118/818)","12.3% (35/284)",-2.1,"Human gammaherpesvirus 4 (EBV).pbmc"
"736","comorb_countcat","14.4% (118/818)","12.3% (35/284)",-2.1,"Human gammaherpesvirus 4 (EBV).pbmc"
"737","timesymptomcat","21.6% (177/818)","18.3% (52/284)",-3.3,"Human gammaherpesvirus 4 (EBV).pbmc"
"738","symptom_allresp","85.5% (699/818)","90.1% (256/284)",4.7,"Human gammaherpesvirus 4 (EBV).pbmc"
"739","symptom_cough","58.9% (482/818)","65.5% (186/284)",6.6,"Human gammaherpesvirus 4 (EBV).pbmc"
"740","symptom_cough_prod","14.7% (120/818)","12.3% (35/284)",-2.3,"Human gammaherpesvirus 4 (EBV).pbmc"
"741","symptom_haemoptysis","1.8% (15/818)","3.5% (10/284)",1.7,"Human gammaherpesvirus 4 (EBV).pbmc"
"742","symptom_sorethroat","9.5% (78/818)","6% (17/284)",-3.5,"Human gammaherpesvirus 4 (EBV).pbmc"
"743","symptom_rhinorrhea","4.6% (38/818)","4.9% (14/284)",0.3,"Human gammaherpesvirus 4 (EBV).pbmc"
"744","symptom_wheeze","4.4% (36/818)","7.7% (22/284)",3.3,"Human gammaherpesvirus 4 (EBV).pbmc"
"745","symptom_chestpain","20.4% (167/818)","17.3% (49/284)",-3.2,"Human gammaherpesvirus 4 (EBV).pbmc"
"746","symptom_dyspnea","70% (573/818)","78.2% (222/284)",8.1,"Human gammaherpesvirus 4 (EBV).pbmc"
"747","symptom_chestwall","0% (0/817)","0.4% (1/283)",0.4,"Human gammaherpesvirus 4 (EBV).pbmc"
"748","symptom_earpain","0.1% (1/818)","0.7% (2/284)",0.6,"Human gammaherpesvirus 4 (EBV).pbmc"
"749","symptom_conjunctivitis","0.1% (1/818)","0.4% (1/284)",0.2,"Human gammaherpesvirus 4 (EBV).pbmc"
"750","symptom_allsyst","71.4% (584/818)","72.2% (205/284)",0.8,"Human gammaherpesvirus 4 (EBV).pbmc"
"751","symptom_fever","48.7% (398/818)","50% (142/284)",1.3,"Human gammaherpesvirus 4 (EBV).pbmc"
"752","symptom_chills","24.6% (201/818)","24.3% (69/284)",-0.3,"Human gammaherpesvirus 4 (EBV).pbmc"
"753","symptom_shaking","1.2% (10/818)","1.1% (3/283)",-0.2,"Human gammaherpesvirus 4 (EBV).pbmc"
"754","symptom_fatigue","41.4% (339/818)","40.5% (115/284)",-0.9,"Human gammaherpesvirus 4 (EBV).pbmc"
"755","symptom_myalgia","24.1% (197/818)","21.8% (62/284)",-2.3,"Human gammaherpesvirus 4 (EBV).pbmc"
"756","symptom_lymphadenopathy","0.4% (3/818)","0.7% (2/284)",0.3,"Human gammaherpesvirus 4 (EBV).pbmc"
"757","symptom_allneuro","30.9% (253/818)","28.9% (82/284)",-2.1,"Human gammaherpesvirus 4 (EBV).pbmc"
"758","symptom_headache","18.1% (148/818)","15.1% (43/284)",-3,"Human gammaherpesvirus 4 (EBV).pbmc"
"759","symptom_confusion","4.5% (37/818)","7.4% (21/284)",2.9,"Human gammaherpesvirus 4 (EBV).pbmc"
"760","symptom_seizure","0.4% (3/818)","0% (0/284)",-0.4,"Human gammaherpesvirus 4 (EBV).pbmc"
"761","symptom_syncope","1.5% (12/818)","2.1% (6/284)",0.6,"Human gammaherpesvirus 4 (EBV).pbmc"
"762","symptom_anosmia","10.5% (86/818)","8.8% (25/284)",-1.7,"Human gammaherpesvirus 4 (EBV).pbmc"
"763","symptom_allGI","39.2% (321/818)","37.3% (106/284)",-1.9,"Human gammaherpesvirus 4 (EBV).pbmc"
"764","symptom_abdpain","9.9% (81/818)","10.6% (30/284)",0.7,"Human gammaherpesvirus 4 (EBV).pbmc"
"765","symptom_nausea","22.9% (187/818)","19.7% (56/284)",-3.1,"Human gammaherpesvirus 4 (EBV).pbmc"
"766","symptom_diarrhea","21.6% (177/818)","22.5% (64/284)",0.9,"Human gammaherpesvirus 4 (EBV).pbmc"
"767","symptom_allderm","1% (8/818)","1.8% (5/284)",0.8,"Human gammaherpesvirus 4 (EBV).pbmc"
"768","symptom_skinrash","0.9% (7/818)","1.1% (3/284)",0.2,"Human gammaherpesvirus 4 (EBV).pbmc"
"769","symptom_skinulcer","0.1% (1/818)","0.7% (2/284)",0.6,"Human gammaherpesvirus 4 (EBV).pbmc"
"770","symptom_allother","8.8% (72/818)","6.7% (19/284)",-2.1,"Human gammaherpesvirus 4 (EBV).pbmc"
"771","symptom_arthralgia","3.8% (31/818)","2.5% (7/284)",-1.3,"Human gammaherpesvirus 4 (EBV).pbmc"
"772","symptom_edema","2.8% (23/818)","2.5% (7/284)",-0.3,"Human gammaherpesvirus 4 (EBV).pbmc"
"773","symptom_nonamb","2.2% (18/818)","2.1% (6/284)",-0.1,"Human gammaherpesvirus 4 (EBV).pbmc"
"774","symptom_bleeding","0.5% (4/818)","0% (0/284)",-0.5,"Human gammaherpesvirus 4 (EBV).pbmc"
"775","ever_ever_esc","13.3% (109/818)","22.9% (65/284)",9.6,"Human gammaherpesvirus 4 (EBV).pbmc"
"776","ever_icu","30.8% (252/818)","52.1% (148/284)",21.3,"Human gammaherpesvirus 4 (EBV).pbmc"
"777","diedever","11.4% (93/818)","22.9% (65/284)",11.5,"Human gammaherpesvirus 4 (EBV).pbmc"
"778","ever_remdes","60.3% (493/818)","68.3% (194/284)",8,"Human gammaherpesvirus 4 (EBV).pbmc"
"779","ever_steroids","66.9% (547/818)","73.6% (209/284)",6.7,"Human gammaherpesvirus 4 (EBV).pbmc"
"780","ever_azithro","29.8% (244/818)","40.1% (114/284)",10.3,"Human gammaherpesvirus 4 (EBV).pbmc"
"781","ever_otherabx","55.3% (452/818)","65.5% (186/284)",10.2,"Human gammaherpesvirus 4 (EBV).pbmc"
"782","ever_conplas","6.8% (56/818)","10.2% (29/284)",3.4,"Human gammaherpesvirus 4 (EBV).pbmc"
"783","ever_monoclonal","0.4% (3/818)","0.7% (2/284)",0.3,"Human gammaherpesvirus 4 (EBV).pbmc"
"784","ever_immsupp","6.4% (52/818)","8.5% (24/284)",2.1,"Human gammaherpesvirus 4 (EBV).pbmc"
"785","anycomp","84% (687/818)","92.3% (262/284)",8.3,"Human gammaherpesvirus 4 (EBV).pbmc"
"786","ncomp","18.8% (154/818)","15.1% (43/284)",-3.7,"Human gammaherpesvirus 4 (EBV).pbmc"
"787","comp_seizure","0.5% (4/818)","0.4% (1/284)",-0.1,"Human gammaherpesvirus 4 (EBV).pbmc"
"788","comp_meningitis","1.1% (9/818)","1.1% (3/284)",0,"Human gammaherpesvirus 4 (EBV).pbmc"
"789","comp_stroke","1.2% (10/818)","3.5% (10/284)",2.3,"Human gammaherpesvirus 4 (EBV).pbmc"
"790","comp_afib","7.3% (60/818)","7.7% (22/284)",0.4,"Human gammaherpesvirus 4 (EBV).pbmc"
"791","comp_ventricular_arr","2.6% (21/818)","6.3% (18/284)",3.8,"Human gammaherpesvirus 4 (EBV).pbmc"
"792","comp_endo","0.1% (1/818)","0% (0/284)",-0.1,"Human gammaherpesvirus 4 (EBV).pbmc"
"793","comp_myocard","0.5% (4/818)","0.4% (1/284)",-0.1,"Human gammaherpesvirus 4 (EBV).pbmc"
"794","comp_cardarrest","2.9% (24/818)","5.3% (15/284)",2.3,"Human gammaherpesvirus 4 (EBV).pbmc"
"795","comp_stemi","1.2% (10/818)","1.1% (3/284)",-0.2,"Human gammaherpesvirus 4 (EBV).pbmc"
"796","comp_nstemi","2.7% (22/818)","2.8% (8/284)",0.1,"Human gammaherpesvirus 4 (EBV).pbmc"
"797","comp_chf","7% (57/818)","7% (20/284)",0.1,"Human gammaherpesvirus 4 (EBV).pbmc"
"798","comp_pneumonia","65.5% (536/818)","75.7% (215/284)",10.2,"Human gammaherpesvirus 4 (EBV).pbmc"
"799","comp_bronch","0.6% (5/818)","0.4% (1/284)",-0.3,"Human gammaherpesvirus 4 (EBV).pbmc"
"800","comp_pneumo","2.6% (21/818)","2.8% (8/284)",0.2,"Human gammaherpesvirus 4 (EBV).pbmc"
"801","comp_pneumomed","1% (8/818)","1.4% (4/284)",0.4,"Human gammaherpesvirus 4 (EBV).pbmc"
"802","comp_aat","1% (8/818)","0.7% (2/284)",-0.3,"Human gammaherpesvirus 4 (EBV).pbmc"
"803","comp_avthromb","6.1% (50/818)","9.9% (28/284)",3.7,"Human gammaherpesvirus 4 (EBV).pbmc"
"804","comp_shock","12% (98/818)","25.7% (73/284)",13.7,"Human gammaherpesvirus 4 (EBV).pbmc"
"805","comp_bac","10.8% (88/818)","15.8% (45/284)",5.1,"Human gammaherpesvirus 4 (EBV).pbmc"
"806","comp_coag","3.4% (28/818)","4.2% (12/284)",0.8,"Human gammaherpesvirus 4 (EBV).pbmc"
"807","comp_hypogly","1% (8/818)","2.5% (7/284)",1.5,"Human gammaherpesvirus 4 (EBV).pbmc"
"808","comp_bleed","5% (41/818)","8.1% (23/284)",3.1,"Human gammaherpesvirus 4 (EBV).pbmc"
"809","comp_anemia","12.6% (103/818)","19% (54/284)",6.4,"Human gammaherpesvirus 4 (EBV).pbmc"
"810","comp_pancreas","0.5% (4/818)","0.7% (2/284)",0.2,"Human gammaherpesvirus 4 (EBV).pbmc"
"811","comp_renal","20% (164/818)","28.5% (81/284)",8.5,"Human gammaherpesvirus 4 (EBV).pbmc"
"812","comp_liver","10% (82/818)","18% (51/284)",7.9,"Human gammaherpesvirus 4 (EBV).pbmc"
"813","comp_othlab","4.3% (35/818)","4.2% (12/284)",-0.1,"Human gammaherpesvirus 4 (EBV).pbmc"
"814","comp_electrolyte","3.2% (26/818)","5.6% (16/284)",2.5,"Human gammaherpesvirus 4 (EBV).pbmc"
"815","comp_othinf","2.2% (18/818)","5.6% (16/284)",3.4,"Human gammaherpesvirus 4 (EBV).pbmc"
"816","comp_othpulm","0.1% (1/818)","0% (0/284)",-0.1,"Human gammaherpesvirus 4 (EBV).pbmc"
"817","comp_unddisease","1.6% (13/818)","0.7% (2/284)",-0.9,"Human gammaherpesvirus 4 (EBV).pbmc"
"818","comp_enceph","2% (16/818)","3.5% (10/284)",1.6,"Human gammaherpesvirus 4 (EBV).pbmc"
"819","comp_othneuro","0.7% (6/818)","0.4% (1/284)",-0.4,"Human gammaherpesvirus 4 (EBV).pbmc"
"820","comp_hypergly","3.7% (30/818)","6.3% (18/284)",2.7,"Human gammaherpesvirus 4 (EBV).pbmc"
"821","comp_psych","0.2% (2/818)","0.4% (1/284)",0.1,"Human gammaherpesvirus 4 (EBV).pbmc"
"822","comp_gastroent","1.1% (9/818)","1.1% (3/284)",0,"Human gammaherpesvirus 4 (EBV).pbmc"
"823","comp_pulmvas","0.2% (2/818)","0% (0/284)",-0.2,"Human gammaherpesvirus 4 (EBV).pbmc"
"824","comp_other2","1.8% (15/818)","2.5% (7/284)",0.6,"Human gammaherpesvirus 4 (EBV).pbmc"
"825","comorb_htn","61.1% (55/90)","56.7% (38/67)",-4.4,"Human alphaherpesvirus 1 (HSV1).ea"
"826","comorb_isaric_dm","54.4% (49/90)","41.8% (28/67)",-12.7,"Human alphaherpesvirus 1 (HSV1).ea"
"827","comorb_anyresp_noasthma","24.4% (22/90)","19.4% (13/67)",-5,"Human alphaherpesvirus 1 (HSV1).ea"
"828","comorb_isaric_asthma","15.6% (14/90)","16.4% (11/67)",0.9,"Human alphaherpesvirus 1 (HSV1).ea"
"829","comorb_isaric_cardiac","23.3% (21/90)","17.9% (12/67)",-5.4,"Human alphaherpesvirus 1 (HSV1).ea"
"830","comorb_isaric_ckd","15.6% (14/90)","10.4% (7/67)",-5.1,"Human alphaherpesvirus 1 (HSV1).ea"
"831","comorb_isaric_neoplasm","5.6% (5/90)","7.5% (5/67)",1.9,"Human alphaherpesvirus 1 (HSV1).ea"
"832","comorb_neuro","16.7% (15/90)","9% (6/67)",-7.7,"Human alphaherpesvirus 1 (HSV1).ea"
"833","comorb_isaric_liver","8.9% (8/90)","7.5% (5/67)",-1.4,"Human alphaherpesvirus 1 (HSV1).ea"
"834","comorb_hxtrans","5.6% (5/90)","6% (4/67)",0.4,"Human alphaherpesvirus 1 (HSV1).ea"
"835","comorb_hiv2","1.1% (1/90)","0% (0/67)",-1.1,"Human alphaherpesvirus 1 (HSV1).ea"
"836","comorb_eversmkvape","26.7% (24/90)","28.4% (19/67)",1.7,"Human alphaherpesvirus 1 (HSV1).ea"
"837","comorb_anysubstance","4.4% (4/90)","6% (4/67)",1.5,"Human alphaherpesvirus 1 (HSV1).ea"
"838","comorb_count","7.8% (7/90)","16.4% (11/67)",8.6,"Human alphaherpesvirus 1 (HSV1).ea"
"839","comorb_countcat","7.8% (7/90)","16.4% (11/67)",8.6,"Human alphaherpesvirus 1 (HSV1).ea"
"840","timesymptomcat","17.8% (16/90)","20.9% (14/67)",3.1,"Human alphaherpesvirus 1 (HSV1).ea"
"841","symptom_allresp","87.8% (79/90)","88.1% (59/67)",0.3,"Human alphaherpesvirus 1 (HSV1).ea"
"842","symptom_cough","58.9% (53/90)","50.7% (34/67)",-8.1,"Human alphaherpesvirus 1 (HSV1).ea"
"843","symptom_cough_prod","10% (9/90)","9% (6/67)",-1,"Human alphaherpesvirus 1 (HSV1).ea"
"844","symptom_haemoptysis","1.1% (1/90)","0% (0/67)",-1.1,"Human alphaherpesvirus 1 (HSV1).ea"
"845","symptom_sorethroat","7.8% (7/90)","4.5% (3/67)",-3.3,"Human alphaherpesvirus 1 (HSV1).ea"
"846","symptom_rhinorrhea","6.7% (6/90)","6% (4/67)",-0.7,"Human alphaherpesvirus 1 (HSV1).ea"
"847","symptom_wheeze","7.8% (7/90)","7.5% (5/67)",-0.3,"Human alphaherpesvirus 1 (HSV1).ea"
"848","symptom_chestpain","21.1% (19/90)","19.4% (13/67)",-1.7,"Human alphaherpesvirus 1 (HSV1).ea"
"849","symptom_dyspnea","77.8% (70/90)","76.1% (51/67)",-1.7,"Human alphaherpesvirus 1 (HSV1).ea"
"850","symptom_earpain","0% (0/90)","1.5% (1/67)",1.5,"Human alphaherpesvirus 1 (HSV1).ea"
"851","symptom_allsyst","62.2% (56/90)","61.2% (41/67)",-1,"Human alphaherpesvirus 1 (HSV1).ea"
"852","symptom_fever","47.8% (43/90)","43.3% (29/67)",-4.5,"Human alphaherpesvirus 1 (HSV1).ea"
"853","symptom_chills","14.4% (13/90)","19.4% (13/67)",5,"Human alphaherpesvirus 1 (HSV1).ea"
"854","symptom_shaking","1.1% (1/90)","1.5% (1/67)",0.4,"Human alphaherpesvirus 1 (HSV1).ea"
"855","symptom_fatigue","28.9% (26/90)","38.8% (26/67)",9.9,"Human alphaherpesvirus 1 (HSV1).ea"
"856","symptom_myalgia","7.8% (7/90)","16.4% (11/67)",8.6,"Human alphaherpesvirus 1 (HSV1).ea"
"857","symptom_lymphadenopathy","1.1% (1/90)","1.5% (1/67)",0.4,"Human alphaherpesvirus 1 (HSV1).ea"
"858","symptom_allneuro","31.1% (28/90)","34.3% (23/67)",3.2,"Human alphaherpesvirus 1 (HSV1).ea"
"859","symptom_headache","8.9% (8/90)","19.4% (13/67)",10.5,"Human alphaherpesvirus 1 (HSV1).ea"
"860","symptom_confusion","13.3% (12/90)","9% (6/67)",-4.4,"Human alphaherpesvirus 1 (HSV1).ea"
"861","symptom_syncope","1.1% (1/90)","3% (2/67)",1.9,"Human alphaherpesvirus 1 (HSV1).ea"
"862","symptom_anosmia","7.8% (7/90)","9% (6/67)",1.2,"Human alphaherpesvirus 1 (HSV1).ea"
"863","symptom_allGI","21.1% (19/90)","35.8% (24/67)",14.7,"Human alphaherpesvirus 1 (HSV1).ea"
"864","symptom_abdpain","6.7% (6/90)","9% (6/67)",2.3,"Human alphaherpesvirus 1 (HSV1).ea"
"865","symptom_nausea","12.2% (11/90)","14.9% (10/67)",2.7,"Human alphaherpesvirus 1 (HSV1).ea"
"866","symptom_diarrhea","10% (9/90)","17.9% (12/67)",7.9,"Human alphaherpesvirus 1 (HSV1).ea"
"867","symptom_allderm","1.1% (1/90)","1.5% (1/67)",0.4,"Human alphaherpesvirus 1 (HSV1).ea"
"868","symptom_skinrash","1.1% (1/90)","0% (0/67)",-1.1,"Human alphaherpesvirus 1 (HSV1).ea"
"869","symptom_skinulcer","0% (0/90)","1.5% (1/67)",1.5,"Human alphaherpesvirus 1 (HSV1).ea"
"870","symptom_allother","10% (9/90)","7.5% (5/67)",-2.5,"Human alphaherpesvirus 1 (HSV1).ea"
"871","symptom_arthralgia","1.1% (1/90)","3% (2/67)",1.9,"Human alphaherpesvirus 1 (HSV1).ea"
"872","symptom_edema","2.2% (2/90)","4.5% (3/67)",2.3,"Human alphaherpesvirus 1 (HSV1).ea"
"873","symptom_nonamb","7.8% (7/90)","0% (0/67)",-7.8,"Human alphaherpesvirus 1 (HSV1).ea"
"874","ever_ever_esc","41.1% (37/90)","44.8% (30/67)",3.7,"Human alphaherpesvirus 1 (HSV1).ea"
"875","ever_icu","96.7% (87/90)","100% (67/67)",3.3,"Human alphaherpesvirus 1 (HSV1).ea"
"876","diedever","41.1% (37/90)","47.8% (32/67)",6.7,"Human alphaherpesvirus 1 (HSV1).ea"
"877","ever_remdes","68.9% (62/90)","67.2% (45/67)",-1.7,"Human alphaherpesvirus 1 (HSV1).ea"
"878","ever_steroids","84.4% (76/90)","88.1% (59/67)",3.6,"Human alphaherpesvirus 1 (HSV1).ea"
"879","ever_azithro","43.3% (39/90)","47.8% (32/67)",4.4,"Human alphaherpesvirus 1 (HSV1).ea"
"880","ever_otherabx","93.3% (84/90)","92.5% (62/67)",-0.8,"Human alphaherpesvirus 1 (HSV1).ea"
"881","ever_conplas","6.7% (6/90)","22.4% (15/67)",15.7,"Human alphaherpesvirus 1 (HSV1).ea"
"882","ever_monoclonal","1.1% (1/90)","0% (0/67)",-1.1,"Human alphaherpesvirus 1 (HSV1).ea"
"883","ever_immsupp","6.7% (6/90)","10.4% (7/67)",3.8,"Human alphaherpesvirus 1 (HSV1).ea"
"884","anycomp","96.7% (87/90)","97% (65/67)",0.3,"Human alphaherpesvirus 1 (HSV1).ea"
"885","ncomp","3.3% (3/90)","4.5% (3/67)",1.1,"Human alphaherpesvirus 1 (HSV1).ea"
"886","comp_seizure","2.2% (2/90)","1.5% (1/67)",-0.7,"Human alphaherpesvirus 1 (HSV1).ea"
"887","comp_meningitis","3.3% (3/90)","4.5% (3/67)",1.1,"Human alphaherpesvirus 1 (HSV1).ea"
"888","comp_stroke","5.6% (5/90)","7.5% (5/67)",1.9,"Human alphaherpesvirus 1 (HSV1).ea"
"889","comp_afib","16.7% (15/90)","13.4% (9/67)",-3.2,"Human alphaherpesvirus 1 (HSV1).ea"
"890","comp_ventricular_arr","11.1% (10/90)","9% (6/67)",-2.2,"Human alphaherpesvirus 1 (HSV1).ea"
"891","comp_myocard","1.1% (1/90)","0% (0/67)",-1.1,"Human alphaherpesvirus 1 (HSV1).ea"
"892","comp_cardarrest","13.3% (12/90)","14.9% (10/67)",1.6,"Human alphaherpesvirus 1 (HSV1).ea"
"893","comp_stemi","2.2% (2/90)","3% (2/67)",0.8,"Human alphaherpesvirus 1 (HSV1).ea"
"894","comp_nstemi","4.4% (4/90)","4.5% (3/67)",0,"Human alphaherpesvirus 1 (HSV1).ea"
"895","comp_chf","8.9% (8/90)","10.4% (7/67)",1.6,"Human alphaherpesvirus 1 (HSV1).ea"
"896","comp_pneumonia","86.7% (78/90)","83.6% (56/67)",-3.1,"Human alphaherpesvirus 1 (HSV1).ea"
"897","comp_bronch","1.1% (1/90)","0% (0/67)",-1.1,"Human alphaherpesvirus 1 (HSV1).ea"
"898","comp_pneumo","8.9% (8/90)","10.4% (7/67)",1.6,"Human alphaherpesvirus 1 (HSV1).ea"
"899","comp_pneumomed","3.3% (3/90)","6% (4/67)",2.6,"Human alphaherpesvirus 1 (HSV1).ea"
"900","comp_aat","4.4% (4/90)","3% (2/67)",-1.5,"Human alphaherpesvirus 1 (HSV1).ea"
"901","comp_avthromb","22.2% (20/90)","20.9% (14/67)",-1.3,"Human alphaherpesvirus 1 (HSV1).ea"
"902","comp_shock","63.3% (57/90)","71.6% (48/67)",8.3,"Human alphaherpesvirus 1 (HSV1).ea"
"903","comp_bac","30% (27/90)","43.3% (29/67)",13.3,"Human alphaherpesvirus 1 (HSV1).ea"
"904","comp_coag","5.6% (5/90)","4.5% (3/67)",-1.1,"Human alphaherpesvirus 1 (HSV1).ea"
"905","comp_hypogly","3.3% (3/90)","3% (2/67)",-0.3,"Human alphaherpesvirus 1 (HSV1).ea"
"906","comp_bleed","8.9% (8/90)","20.9% (14/67)",12,"Human alphaherpesvirus 1 (HSV1).ea"
"907","comp_anemia","32.2% (29/90)","35.8% (24/67)",3.6,"Human alphaherpesvirus 1 (HSV1).ea"
"908","comp_pancreas","1.1% (1/90)","0% (0/67)",-1.1,"Human alphaherpesvirus 1 (HSV1).ea"
"909","comp_renal","45.6% (41/90)","50.7% (34/67)",5.2,"Human alphaherpesvirus 1 (HSV1).ea"
"910","comp_liver","13.3% (12/90)","17.9% (12/67)",4.6,"Human alphaherpesvirus 1 (HSV1).ea"
"911","comp_othlab","2.2% (2/90)","6% (4/67)",3.7,"Human alphaherpesvirus 1 (HSV1).ea"
"912","comp_electrolyte","8.9% (8/90)","7.5% (5/67)",-1.4,"Human alphaherpesvirus 1 (HSV1).ea"
"913","comp_othinf","5.6% (5/90)","6% (4/67)",0.4,"Human alphaherpesvirus 1 (HSV1).ea"
"914","comp_unddisease","2.2% (2/90)","0% (0/67)",-2.2,"Human alphaherpesvirus 1 (HSV1).ea"
"915","comp_enceph","6.7% (6/90)","9% (6/67)",2.3,"Human alphaherpesvirus 1 (HSV1).ea"
"916","comp_othneuro","1.1% (1/90)","0% (0/67)",-1.1,"Human alphaherpesvirus 1 (HSV1).ea"
"917","comp_hypergly","6.7% (6/90)","7.5% (5/67)",0.8,"Human alphaherpesvirus 1 (HSV1).ea"
"918","comp_psych","1.1% (1/90)","0% (0/67)",-1.1,"Human alphaherpesvirus 1 (HSV1).ea"
"919","comp_gastroent","1.1% (1/90)","0% (0/67)",-1.1,"Human alphaherpesvirus 1 (HSV1).ea"
"920","comorb_htn","58.9% (86/146)","63.6% (7/11)",4.7,"Human betaherpesvirus 5 (CMV).ea"
"921","comorb_isaric_dm","48.6% (71/146)","54.5% (6/11)",5.9,"Human betaherpesvirus 5 (CMV).ea"
"922","comorb_anyresp_noasthma","21.2% (31/146)","36.4% (4/11)",15.1,"Human betaherpesvirus 5 (CMV).ea"
"923","comorb_isaric_asthma","15.1% (22/146)","27.3% (3/11)",12.2,"Human betaherpesvirus 5 (CMV).ea"
"924","comorb_isaric_cardiac","21.2% (31/146)","18.2% (2/11)",-3.1,"Human betaherpesvirus 5 (CMV).ea"
"925","comorb_isaric_ckd","12.3% (18/146)","27.3% (3/11)",14.9,"Human betaherpesvirus 5 (CMV).ea"
"926","comorb_isaric_neoplasm","5.5% (8/146)","18.2% (2/11)",12.7,"Human betaherpesvirus 5 (CMV).ea"
"927","comorb_neuro","14.4% (21/146)","0% (0/11)",-14.4,"Human betaherpesvirus 5 (CMV).ea"
"928","comorb_isaric_liver","7.5% (11/146)","18.2% (2/11)",10.6,"Human betaherpesvirus 5 (CMV).ea"
"929","comorb_hxtrans","6.2% (9/146)","0% (0/11)",-6.2,"Human betaherpesvirus 5 (CMV).ea"
"930","comorb_hiv2","0.7% (1/146)","0% (0/11)",-0.7,"Human betaherpesvirus 5 (CMV).ea"
"931","comorb_eversmkvape","28.1% (41/146)","18.2% (2/11)",-9.9,"Human betaherpesvirus 5 (CMV).ea"
"932","comorb_anysubstance","4.1% (6/146)","18.2% (2/11)",14.1,"Human betaherpesvirus 5 (CMV).ea"
"933","comorb_count","12.3% (18/146)","0% (0/11)",-12.3,"Human betaherpesvirus 5 (CMV).ea"
"934","comorb_countcat","12.3% (18/146)","0% (0/11)",-12.3,"Human betaherpesvirus 5 (CMV).ea"
"935","timesymptomcat","20.5% (30/146)","0% (0/11)",-20.5,"Human betaherpesvirus 5 (CMV).ea"
"936","symptom_allresp","87.7% (128/146)","90.9% (10/11)",3.2,"Human betaherpesvirus 5 (CMV).ea"
"937","symptom_cough","55.5% (81/146)","54.5% (6/11)",-0.9,"Human betaherpesvirus 5 (CMV).ea"
"938","symptom_cough_prod","10.3% (15/146)","0% (0/11)",-10.3,"Human betaherpesvirus 5 (CMV).ea"
"939","symptom_haemoptysis","0.7% (1/146)","0% (0/11)",-0.7,"Human betaherpesvirus 5 (CMV).ea"
"940","symptom_sorethroat","6.2% (9/146)","9.1% (1/11)",2.9,"Human betaherpesvirus 5 (CMV).ea"
"941","symptom_rhinorrhea","6.2% (9/146)","9.1% (1/11)",2.9,"Human betaherpesvirus 5 (CMV).ea"
"942","symptom_wheeze","7.5% (11/146)","9.1% (1/11)",1.6,"Human betaherpesvirus 5 (CMV).ea"
"943","symptom_chestpain","21.9% (32/146)","0% (0/11)",-21.9,"Human betaherpesvirus 5 (CMV).ea"
"944","symptom_dyspnea","77.4% (113/146)","72.7% (8/11)",-4.7,"Human betaherpesvirus 5 (CMV).ea"
"945","symptom_earpain","0% (0/146)","9.1% (1/11)",9.1,"Human betaherpesvirus 5 (CMV).ea"
"946","symptom_allsyst","62.3% (91/146)","54.5% (6/11)",-7.8,"Human betaherpesvirus 5 (CMV).ea"
"947","symptom_fever","46.6% (68/146)","36.4% (4/11)",-10.2,"Human betaherpesvirus 5 (CMV).ea"
"948","symptom_chills","17.1% (25/146)","9.1% (1/11)",-8,"Human betaherpesvirus 5 (CMV).ea"
"949","symptom_shaking","1.4% (2/146)","0% (0/11)",-1.4,"Human betaherpesvirus 5 (CMV).ea"
"950","symptom_fatigue","33.6% (49/146)","27.3% (3/11)",-6.3,"Human betaherpesvirus 5 (CMV).ea"
"951","symptom_myalgia","11.6% (17/146)","9.1% (1/11)",-2.6,"Human betaherpesvirus 5 (CMV).ea"
"952","symptom_lymphadenopathy","1.4% (2/146)","0% (0/11)",-1.4,"Human betaherpesvirus 5 (CMV).ea"
"953","symptom_allneuro","34.2% (50/146)","9.1% (1/11)",-25.2,"Human betaherpesvirus 5 (CMV).ea"
"954","symptom_headache","14.4% (21/146)","0% (0/11)",-14.4,"Human betaherpesvirus 5 (CMV).ea"
"955","symptom_confusion","11.6% (17/146)","9.1% (1/11)",-2.6,"Human betaherpesvirus 5 (CMV).ea"
"956","symptom_syncope","2.1% (3/146)","0% (0/11)",-2.1,"Human betaherpesvirus 5 (CMV).ea"
"957","symptom_anosmia","8.9% (13/146)","0% (0/11)",-8.9,"Human betaherpesvirus 5 (CMV).ea"
"958","symptom_allGI","28.1% (41/146)","18.2% (2/11)",-9.9,"Human betaherpesvirus 5 (CMV).ea"
"959","symptom_abdpain","8.2% (12/146)","0% (0/11)",-8.2,"Human betaherpesvirus 5 (CMV).ea"
"960","symptom_nausea","13% (19/146)","18.2% (2/11)",5.2,"Human betaherpesvirus 5 (CMV).ea"
"961","symptom_diarrhea","14.4% (21/146)","0% (0/11)",-14.4,"Human betaherpesvirus 5 (CMV).ea"
"962","symptom_allderm","1.4% (2/146)","0% (0/11)",-1.4,"Human betaherpesvirus 5 (CMV).ea"
"963","symptom_skinrash","0.7% (1/146)","0% (0/11)",-0.7,"Human betaherpesvirus 5 (CMV).ea"
"964","symptom_skinulcer","0.7% (1/146)","0% (0/11)",-0.7,"Human betaherpesvirus 5 (CMV).ea"
"965","symptom_allother","8.9% (13/146)","9.1% (1/11)",0.2,"Human betaherpesvirus 5 (CMV).ea"
"966","symptom_arthralgia","2.1% (3/146)","0% (0/11)",-2.1,"Human betaherpesvirus 5 (CMV).ea"
"967","symptom_edema","2.7% (4/146)","9.1% (1/11)",6.4,"Human betaherpesvirus 5 (CMV).ea"
"968","symptom_nonamb","4.8% (7/146)","0% (0/11)",-4.8,"Human betaherpesvirus 5 (CMV).ea"
"969","ever_ever_esc","41.8% (61/146)","54.5% (6/11)",12.8,"Human betaherpesvirus 5 (CMV).ea"
"970","ever_icu","97.9% (143/146)","100% (11/11)",2.1,"Human betaherpesvirus 5 (CMV).ea"
"971","diedever","42.5% (62/146)","63.6% (7/11)",21.2,"Human betaherpesvirus 5 (CMV).ea"
"972","ever_remdes","68.5% (100/146)","63.6% (7/11)",-4.9,"Human betaherpesvirus 5 (CMV).ea"
"973","ever_steroids","86.3% (126/146)","81.8% (9/11)",-4.5,"Human betaherpesvirus 5 (CMV).ea"
"974","ever_azithro","45.9% (67/146)","36.4% (4/11)",-9.5,"Human betaherpesvirus 5 (CMV).ea"
"975","ever_otherabx","92.5% (135/146)","100% (11/11)",7.5,"Human betaherpesvirus 5 (CMV).ea"
"976","ever_conplas","13.7% (20/146)","9.1% (1/11)",-4.6,"Human betaherpesvirus 5 (CMV).ea"
"977","ever_monoclonal","0.7% (1/146)","0% (0/11)",-0.7,"Human betaherpesvirus 5 (CMV).ea"
"978","ever_immsupp","7.5% (11/146)","18.2% (2/11)",10.6,"Human betaherpesvirus 5 (CMV).ea"
"979","anycomp","96.6% (141/146)","100% (11/11)",3.4,"Human betaherpesvirus 5 (CMV).ea"
"980","ncomp","4.1% (6/146)","0% (0/11)",-4.1,"Human betaherpesvirus 5 (CMV).ea"
"981","comp_seizure","2.1% (3/146)","0% (0/11)",-2.1,"Human betaherpesvirus 5 (CMV).ea"
"982","comp_meningitis","2.7% (4/146)","18.2% (2/11)",15.4,"Human betaherpesvirus 5 (CMV).ea"
"983","comp_stroke","6.8% (10/146)","0% (0/11)",-6.8,"Human betaherpesvirus 5 (CMV).ea"
"984","comp_afib","15.8% (23/146)","9.1% (1/11)",-6.7,"Human betaherpesvirus 5 (CMV).ea"
"985","comp_ventricular_arr","8.9% (13/146)","27.3% (3/11)",18.4,"Human betaherpesvirus 5 (CMV).ea"
"986","comp_myocard","0.7% (1/146)","0% (0/11)",-0.7,"Human betaherpesvirus 5 (CMV).ea"
"987","comp_cardarrest","15.1% (22/146)","0% (0/11)",-15.1,"Human betaherpesvirus 5 (CMV).ea"
"988","comp_stemi","2.1% (3/146)","9.1% (1/11)",7,"Human betaherpesvirus 5 (CMV).ea"
"989","comp_nstemi","4.8% (7/146)","0% (0/11)",-4.8,"Human betaherpesvirus 5 (CMV).ea"
"990","comp_chf","8.9% (13/146)","18.2% (2/11)",9.3,"Human betaherpesvirus 5 (CMV).ea"
"991","comp_pneumonia","85.6% (125/146)","81.8% (9/11)",-3.8,"Human betaherpesvirus 5 (CMV).ea"
"992","comp_bronch","0.7% (1/146)","0% (0/11)",-0.7,"Human betaherpesvirus 5 (CMV).ea"
"993","comp_pneumo","8.2% (12/146)","27.3% (3/11)",19.1,"Human betaherpesvirus 5 (CMV).ea"
"994","comp_pneumomed","4.8% (7/146)","0% (0/11)",-4.8,"Human betaherpesvirus 5 (CMV).ea"
"995","comp_aat","3.4% (5/146)","9.1% (1/11)",5.7,"Human betaherpesvirus 5 (CMV).ea"
"996","comp_avthromb","19.9% (29/146)","45.5% (5/11)",25.6,"Human betaherpesvirus 5 (CMV).ea"
"997","comp_shock","65.8% (96/146)","81.8% (9/11)",16.1,"Human betaherpesvirus 5 (CMV).ea"
"998","comp_bac","33.6% (49/146)","63.6% (7/11)",30.1,"Human betaherpesvirus 5 (CMV).ea"
"999","comp_coag","4.8% (7/146)","9.1% (1/11)",4.3,"Human betaherpesvirus 5 (CMV).ea"
"1000","comp_hypogly","3.4% (5/146)","0% (0/11)",-3.4,"Human betaherpesvirus 5 (CMV).ea"
"1001","comp_bleed","13.7% (20/146)","18.2% (2/11)",4.5,"Human betaherpesvirus 5 (CMV).ea"
"1002","comp_anemia","32.2% (47/146)","54.5% (6/11)",22.4,"Human betaherpesvirus 5 (CMV).ea"
"1003","comp_pancreas","0.7% (1/146)","0% (0/11)",-0.7,"Human betaherpesvirus 5 (CMV).ea"
"1004","comp_renal","46.6% (68/146)","63.6% (7/11)",17.1,"Human betaherpesvirus 5 (CMV).ea"
"1005","comp_liver","15.1% (22/146)","18.2% (2/11)",3.1,"Human betaherpesvirus 5 (CMV).ea"
"1006","comp_othlab","4.1% (6/146)","0% (0/11)",-4.1,"Human betaherpesvirus 5 (CMV).ea"
"1007","comp_electrolyte","8.2% (12/146)","9.1% (1/11)",0.9,"Human betaherpesvirus 5 (CMV).ea"
"1008","comp_othinf","5.5% (8/146)","9.1% (1/11)",3.6,"Human betaherpesvirus 5 (CMV).ea"
"1009","comp_unddisease","1.4% (2/146)","0% (0/11)",-1.4,"Human betaherpesvirus 5 (CMV).ea"
"1010","comp_enceph","6.8% (10/146)","18.2% (2/11)",11.3,"Human betaherpesvirus 5 (CMV).ea"
"1011","comp_othneuro","0.7% (1/146)","0% (0/11)",-0.7,"Human betaherpesvirus 5 (CMV).ea"
"1012","comp_hypergly","6.8% (10/146)","9.1% (1/11)",2.2,"Human betaherpesvirus 5 (CMV).ea"
"1013","comp_psych","0.7% (1/146)","0% (0/11)",-0.7,"Human betaherpesvirus 5 (CMV).ea"
"1014","comp_gastroent","0.7% (1/146)","0% (0/11)",-0.7,"Human betaherpesvirus 5 (CMV).ea"
"1015","comorb_htn","57.5% (84/146)","81.8% (9/11)",24.3,"Human gammaherpesvirus 4 (EBV).ea"
"1016","comorb_isaric_dm","47.9% (70/146)","63.6% (7/11)",15.7,"Human gammaherpesvirus 4 (EBV).ea"
"1017","comorb_anyresp_noasthma","21.2% (31/146)","36.4% (4/11)",15.1,"Human gammaherpesvirus 4 (EBV).ea"
"1018","comorb_isaric_asthma","14.4% (21/146)","36.4% (4/11)",22,"Human gammaherpesvirus 4 (EBV).ea"
"1019","comorb_isaric_cardiac","19.2% (28/146)","45.5% (5/11)",26.3,"Human gammaherpesvirus 4 (EBV).ea"
"1020","comorb_isaric_ckd","11.6% (17/146)","36.4% (4/11)",24.7,"Human gammaherpesvirus 4 (EBV).ea"
"1021","comorb_isaric_neoplasm","5.5% (8/146)","18.2% (2/11)",12.7,"Human gammaherpesvirus 4 (EBV).ea"
"1022","comorb_neuro","13% (19/146)","18.2% (2/11)",5.2,"Human gammaherpesvirus 4 (EBV).ea"
"1023","comorb_isaric_liver","6.8% (10/146)","27.3% (3/11)",20.4,"Human gammaherpesvirus 4 (EBV).ea"
"1024","comorb_hxtrans","5.5% (8/146)","9.1% (1/11)",3.6,"Human gammaherpesvirus 4 (EBV).ea"
"1025","comorb_hiv2","0.7% (1/146)","0% (0/11)",-0.7,"Human gammaherpesvirus 4 (EBV).ea"
"1026","comorb_eversmkvape","28.1% (41/146)","18.2% (2/11)",-9.9,"Human gammaherpesvirus 4 (EBV).ea"
"1027","comorb_anysubstance","4.8% (7/146)","9.1% (1/11)",4.3,"Human gammaherpesvirus 4 (EBV).ea"
"1028","comorb_count","12.3% (18/146)","0% (0/11)",-12.3,"Human gammaherpesvirus 4 (EBV).ea"
"1029","comorb_countcat","12.3% (18/146)","0% (0/11)",-12.3,"Human gammaherpesvirus 4 (EBV).ea"
"1030","timesymptomcat","19.2% (28/146)","18.2% (2/11)",-1,"Human gammaherpesvirus 4 (EBV).ea"
"1031","symptom_allresp","87% (127/146)","100% (11/11)",13,"Human gammaherpesvirus 4 (EBV).ea"
"1032","symptom_cough","53.4% (78/146)","81.8% (9/11)",28.4,"Human gammaherpesvirus 4 (EBV).ea"
"1033","symptom_cough_prod","10.3% (15/146)","0% (0/11)",-10.3,"Human gammaherpesvirus 4 (EBV).ea"
"1034","symptom_haemoptysis","0.7% (1/146)","0% (0/11)",-0.7,"Human gammaherpesvirus 4 (EBV).ea"
"1035","symptom_sorethroat","6.2% (9/146)","9.1% (1/11)",2.9,"Human gammaherpesvirus 4 (EBV).ea"
"1036","symptom_rhinorrhea","6.2% (9/146)","9.1% (1/11)",2.9,"Human gammaherpesvirus 4 (EBV).ea"
"1037","symptom_wheeze","7.5% (11/146)","9.1% (1/11)",1.6,"Human gammaherpesvirus 4 (EBV).ea"
"1038","symptom_chestpain","19.9% (29/146)","27.3% (3/11)",7.4,"Human gammaherpesvirus 4 (EBV).ea"
"1039","symptom_dyspnea","76% (111/146)","90.9% (10/11)",14.9,"Human gammaherpesvirus 4 (EBV).ea"
"1040","symptom_earpain","0.7% (1/146)","0% (0/11)",-0.7,"Human gammaherpesvirus 4 (EBV).ea"
"1041","symptom_allsyst","63% (92/146)","45.5% (5/11)",-17.6,"Human gammaherpesvirus 4 (EBV).ea"
"1042","symptom_fever","46.6% (68/146)","36.4% (4/11)",-10.2,"Human gammaherpesvirus 4 (EBV).ea"
"1043","symptom_chills","16.4% (24/146)","18.2% (2/11)",1.7,"Human gammaherpesvirus 4 (EBV).ea"
"1044","symptom_shaking","1.4% (2/146)","0% (0/11)",-1.4,"Human gammaherpesvirus 4 (EBV).ea"
"1045","symptom_fatigue","34.9% (51/146)","9.1% (1/11)",-25.8,"Human gammaherpesvirus 4 (EBV).ea"
"1046","symptom_myalgia","11.6% (17/146)","9.1% (1/11)",-2.6,"Human gammaherpesvirus 4 (EBV).ea"
"1047","symptom_lymphadenopathy","1.4% (2/146)","0% (0/11)",-1.4,"Human gammaherpesvirus 4 (EBV).ea"
"1048","symptom_allneuro","34.2% (50/146)","9.1% (1/11)",-25.2,"Human gammaherpesvirus 4 (EBV).ea"
"1049","symptom_headache","14.4% (21/146)","0% (0/11)",-14.4,"Human gammaherpesvirus 4 (EBV).ea"
"1050","symptom_confusion","11.6% (17/146)","9.1% (1/11)",-2.6,"Human gammaherpesvirus 4 (EBV).ea"
"1051","symptom_syncope","2.1% (3/146)","0% (0/11)",-2.1,"Human gammaherpesvirus 4 (EBV).ea"
"1052","symptom_anosmia","8.9% (13/146)","0% (0/11)",-8.9,"Human gammaherpesvirus 4 (EBV).ea"
"1053","symptom_allGI","28.1% (41/146)","18.2% (2/11)",-9.9,"Human gammaherpesvirus 4 (EBV).ea"
"1054","symptom_abdpain","8.2% (12/146)","0% (0/11)",-8.2,"Human gammaherpesvirus 4 (EBV).ea"
"1055","symptom_nausea","13% (19/146)","18.2% (2/11)",5.2,"Human gammaherpesvirus 4 (EBV).ea"
"1056","symptom_diarrhea","14.4% (21/146)","0% (0/11)",-14.4,"Human gammaherpesvirus 4 (EBV).ea"
"1057","symptom_allderm","1.4% (2/146)","0% (0/11)",-1.4,"Human gammaherpesvirus 4 (EBV).ea"
"1058","symptom_skinrash","0.7% (1/146)","0% (0/11)",-0.7,"Human gammaherpesvirus 4 (EBV).ea"
"1059","symptom_skinulcer","0.7% (1/146)","0% (0/11)",-0.7,"Human gammaherpesvirus 4 (EBV).ea"
"1060","symptom_allother","7.5% (11/146)","27.3% (3/11)",19.7,"Human gammaherpesvirus 4 (EBV).ea"
"1061","symptom_arthralgia","2.1% (3/146)","0% (0/11)",-2.1,"Human gammaherpesvirus 4 (EBV).ea"
"1062","symptom_edema","1.4% (2/146)","27.3% (3/11)",25.9,"Human gammaherpesvirus 4 (EBV).ea"
"1063","symptom_nonamb","4.8% (7/146)","0% (0/11)",-4.8,"Human gammaherpesvirus 4 (EBV).ea"
"1064","ever_ever_esc","42.5% (62/146)","45.5% (5/11)",3,"Human gammaherpesvirus 4 (EBV).ea"
"1065","ever_icu","97.9% (143/146)","100% (11/11)",2.1,"Human gammaherpesvirus 4 (EBV).ea"
"1066","diedever","41.8% (61/146)","72.7% (8/11)",30.9,"Human gammaherpesvirus 4 (EBV).ea"
"1067","ever_remdes","66.4% (97/146)","90.9% (10/11)",24.5,"Human gammaherpesvirus 4 (EBV).ea"
"1068","ever_steroids","85.6% (125/146)","90.9% (10/11)",5.3,"Human gammaherpesvirus 4 (EBV).ea"
"1069","ever_azithro","44.5% (65/146)","54.5% (6/11)",10,"Human gammaherpesvirus 4 (EBV).ea"
"1070","ever_otherabx","92.5% (135/146)","100% (11/11)",7.5,"Human gammaherpesvirus 4 (EBV).ea"
"1071","ever_conplas","13.7% (20/146)","9.1% (1/11)",-4.6,"Human gammaherpesvirus 4 (EBV).ea"
"1072","ever_monoclonal","0.7% (1/146)","0% (0/11)",-0.7,"Human gammaherpesvirus 4 (EBV).ea"
"1073","ever_immsupp","8.2% (12/146)","9.1% (1/11)",0.9,"Human gammaherpesvirus 4 (EBV).ea"
"1074","anycomp","96.6% (141/146)","100% (11/11)",3.4,"Human gammaherpesvirus 4 (EBV).ea"
"1075","ncomp","3.4% (5/146)","9.1% (1/11)",5.7,"Human gammaherpesvirus 4 (EBV).ea"
"1076","comp_seizure","2.1% (3/146)","0% (0/11)",-2.1,"Human gammaherpesvirus 4 (EBV).ea"
"1077","comp_meningitis","3.4% (5/146)","9.1% (1/11)",5.7,"Human gammaherpesvirus 4 (EBV).ea"
"1078","comp_stroke","5.5% (8/146)","18.2% (2/11)",12.7,"Human gammaherpesvirus 4 (EBV).ea"
"1079","comp_afib","14.4% (21/146)","27.3% (3/11)",12.9,"Human gammaherpesvirus 4 (EBV).ea"
"1080","comp_ventricular_arr","10.3% (15/146)","9.1% (1/11)",-1.2,"Human gammaherpesvirus 4 (EBV).ea"
"1081","comp_myocard","0.7% (1/146)","0% (0/11)",-0.7,"Human gammaherpesvirus 4 (EBV).ea"
"1082","comp_cardarrest","14.4% (21/146)","9.1% (1/11)",-5.3,"Human gammaherpesvirus 4 (EBV).ea"
"1083","comp_stemi","2.1% (3/146)","9.1% (1/11)",7,"Human gammaherpesvirus 4 (EBV).ea"
"1084","comp_nstemi","4.8% (7/146)","0% (0/11)",-4.8,"Human gammaherpesvirus 4 (EBV).ea"
"1085","comp_chf","6.8% (10/146)","45.5% (5/11)",38.6,"Human gammaherpesvirus 4 (EBV).ea"
"1086","comp_pneumonia","85.6% (125/146)","81.8% (9/11)",-3.8,"Human gammaherpesvirus 4 (EBV).ea"
"1087","comp_bronch","0.7% (1/146)","0% (0/11)",-0.7,"Human gammaherpesvirus 4 (EBV).ea"
"1088","comp_pneumo","9.6% (14/146)","9.1% (1/11)",-0.5,"Human gammaherpesvirus 4 (EBV).ea"
"1089","comp_pneumomed","4.1% (6/146)","9.1% (1/11)",5,"Human gammaherpesvirus 4 (EBV).ea"
"1090","comp_aat","3.4% (5/146)","9.1% (1/11)",5.7,"Human gammaherpesvirus 4 (EBV).ea"
"1091","comp_avthromb","21.2% (31/146)","27.3% (3/11)",6,"Human gammaherpesvirus 4 (EBV).ea"
"1092","comp_shock","65.8% (96/146)","81.8% (9/11)",16.1,"Human gammaherpesvirus 4 (EBV).ea"
"1093","comp_bac","34.2% (50/146)","54.5% (6/11)",20.3,"Human gammaherpesvirus 4 (EBV).ea"
"1094","comp_coag","5.5% (8/146)","0% (0/11)",-5.5,"Human gammaherpesvirus 4 (EBV).ea"
"1095","comp_hypogly","3.4% (5/146)","0% (0/11)",-3.4,"Human gammaherpesvirus 4 (EBV).ea"
"1096","comp_bleed","13% (19/146)","27.3% (3/11)",14.3,"Human gammaherpesvirus 4 (EBV).ea"
"1097","comp_anemia","31.5% (46/146)","63.6% (7/11)",32.1,"Human gammaherpesvirus 4 (EBV).ea"
"1098","comp_pancreas","0.7% (1/146)","0% (0/11)",-0.7,"Human gammaherpesvirus 4 (EBV).ea"
"1099","comp_renal","46.6% (68/146)","63.6% (7/11)",17.1,"Human gammaherpesvirus 4 (EBV).ea"
"1100","comp_liver","14.4% (21/146)","27.3% (3/11)",12.9,"Human gammaherpesvirus 4 (EBV).ea"
"1101","comp_othlab","4.1% (6/146)","0% (0/11)",-4.1,"Human gammaherpesvirus 4 (EBV).ea"
"1102","comp_electrolyte","8.2% (12/146)","9.1% (1/11)",0.9,"Human gammaherpesvirus 4 (EBV).ea"
"1103","comp_othinf","5.5% (8/146)","9.1% (1/11)",3.6,"Human gammaherpesvirus 4 (EBV).ea"
"1104","comp_unddisease","1.4% (2/146)","0% (0/11)",-1.4,"Human gammaherpesvirus 4 (EBV).ea"
"1105","comp_enceph","6.8% (10/146)","18.2% (2/11)",11.3,"Human gammaherpesvirus 4 (EBV).ea"
"1106","comp_othneuro","0.7% (1/146)","0% (0/11)",-0.7,"Human gammaherpesvirus 4 (EBV).ea"
"1107","comp_hypergly","7.5% (11/146)","0% (0/11)",-7.5,"Human gammaherpesvirus 4 (EBV).ea"
"1108","comp_psych","0.7% (1/146)","0% (0/11)",-0.7,"Human gammaherpesvirus 4 (EBV).ea"
"1109","comp_gastroent","0.7% (1/146)","0% (0/11)",-0.7,"Human gammaherpesvirus 4 (EBV).ea"
