"","term","npar","AIC","LRT","Pr(Chi)","virus","feature","coef_virus"
"1","<none>",NA,1369.14017301577,NA,NA,"Anelloviridae.pbmc","comorb_htn",0.542557674268842
"2","binary",1,1375.83329197412,8.69311895835131,0.00319413580250927,"Anelloviridae.pbmc","comorb_htn",0.542557674268842
"3","sex",1,1367.35271124648,0.212538230706514,0.644785197435797,"Anelloviridae.pbmc","comorb_htn",0.542557674268842
"4","discretized_admit_age_quantile",4,1482.30380133623,121.163628320456,0.000000000000000000000000301373377519058,"Anelloviridae.pbmc","comorb_htn",0.542557674268842
"5","trajectory_group",4,1365.25047985869,4.11030684292359,0.39128322902919,"Anelloviridae.pbmc","comorb_htn",0.542557674268842
"6","<none>",NA,1404.57594926722,NA,NA,"Anelloviridae.pbmc","comorb_isaric_dm",0.243800714369934
"7","binary",1,1404.61413531354,2.03818604632488,0.153392470702787,"Anelloviridae.pbmc","comorb_isaric_dm",0.243800714369934
"8","sex",1,1414.87933769432,12.3033884271038,0.00045213671960933,"Anelloviridae.pbmc","comorb_isaric_dm",0.243800714369934
"9","discretized_admit_age_quantile",4,1438.70816674901,42.1322174817969,0.0000000156614140959987,"Anelloviridae.pbmc","comorb_isaric_dm",0.243800714369934
"10","trajectory_group",4,1407.18776865752,10.6118193903048,0.0312910722235702,"Anelloviridae.pbmc","comorb_isaric_dm",0.243800714369934
"11","<none>",NA,1055.76154922092,NA,NA,"Anelloviridae.pbmc","comorb_anyresp_noasthma",0.0266028858187626
"12","binary",1,1053.77798837308,0.0164391521657308,0.897978626265487,"Anelloviridae.pbmc","comorb_anyresp_noasthma",0.0266028858187626
"13","sex",1,1054.19442046483,0.432871243908494,0.510583425397766,"Anelloviridae.pbmc","comorb_anyresp_noasthma",0.0266028858187626
"14","discretized_admit_age_quantile",4,1088.94572762005,41.1841783991365,0.000000024618634205685,"Anelloviridae.pbmc","comorb_anyresp_noasthma",0.0266028858187626
"15","trajectory_group",4,1064.83323215303,17.0716829321141,0.00187193245996426,"Anelloviridae.pbmc","comorb_anyresp_noasthma",0.0266028858187626
"16","<none>",NA,910.034897779196,NA,NA,"Anelloviridae.pbmc","comorb_isaric_asthma",0.106881983652638
"17","binary",1,908.234869258261,0.19997147906497,0.654743868278865,"Anelloviridae.pbmc","comorb_isaric_asthma",0.106881983652638
"18","sex",1,934.71065835042,26.6757605712235,0.000000240621223033322,"Anelloviridae.pbmc","comorb_isaric_asthma",0.106881983652638
"19","discretized_admit_age_quantile",4,913.132931410623,11.0980336314263,0.025484066078156,"Anelloviridae.pbmc","comorb_isaric_asthma",0.106881983652638
"20","trajectory_group",4,905.575274099139,3.54037631994242,0.471765653133185,"Anelloviridae.pbmc","comorb_isaric_asthma",0.106881983652638
"21","<none>",NA,1181.16927641852,NA,NA,"Anelloviridae.pbmc","comorb_isaric_cardiac",0.184362052923437
"22","binary",1,1180.09883006559,0.929553647069724,0.334978936469466,"Anelloviridae.pbmc","comorb_isaric_cardiac",0.184362052923437
"23","sex",1,1183.44033597288,4.27105955436309,0.0387667503529562,"Anelloviridae.pbmc","comorb_isaric_cardiac",0.184362052923437
"24","discretized_admit_age_quantile",4,1253.04848086201,79.8792044434892,0.00000000000000018475438904305,"Anelloviridae.pbmc","comorb_isaric_cardiac",0.184362052923437
"25","trajectory_group",4,1181.49210072702,8.32282430849909,0.0804433604659988,"Anelloviridae.pbmc","comorb_isaric_cardiac",0.184362052923437
"26","<none>",NA,911.624425159237,NA,NA,"Anelloviridae.pbmc","comorb_isaric_ckd",0.568842769811044
"27","binary",1,916.619319071389,6.99489391215195,0.0081742553151845,"Anelloviridae.pbmc","comorb_isaric_ckd",0.568842769811044
"28","sex",1,916.288388282264,6.66396312302697,0.00983818796772744,"Anelloviridae.pbmc","comorb_isaric_ckd",0.568842769811044
"29","discretized_admit_age_quantile",4,920.43398451021,16.8095593509729,0.00210474356878079,"Anelloviridae.pbmc","comorb_isaric_ckd",0.568842769811044
"30","trajectory_group",4,913.313693532437,9.68926837319987,0.0460001703457392,"Anelloviridae.pbmc","comorb_isaric_ckd",0.568842769811044
"31","<none>",NA,665.687554743412,NA,NA,"Anelloviridae.pbmc","comorb_isaric_neoplasm",0.253493894269893
"32","binary",1,664.529730622774,0.842175879362003,0.358775208880393,"Anelloviridae.pbmc","comorb_isaric_neoplasm",0.253493894269893
"33","sex",1,663.698013218461,0.0104584750490631,0.918544997419532,"Anelloviridae.pbmc","comorb_isaric_neoplasm",0.253493894269893
"34","discretized_admit_age_quantile",4,685.889826728013,28.2022719846016,0.0000113491691423738,"Anelloviridae.pbmc","comorb_isaric_neoplasm",0.253493894269893
"35","trajectory_group",4,659.116432374124,1.42887763071212,0.839160736635851,"Anelloviridae.pbmc","comorb_isaric_neoplasm",0.253493894269893
"36","<none>",NA,778.011880227707,NA,NA,"Anelloviridae.pbmc","comorb_neuro",0.103617623247533
"37","binary",1,776.17855072233,0.166670494623418,0.683087956723839,"Anelloviridae.pbmc","comorb_neuro",0.103617623247533
"38","sex",1,777.362869463401,1.3509892356941,0.24510525173396,"Anelloviridae.pbmc","comorb_neuro",0.103617623247533
"39","discretized_admit_age_quantile",4,803.69548566415,33.6836054364436,0.000000865240315729356,"Anelloviridae.pbmc","comorb_neuro",0.103617623247533
"40","trajectory_group",4,771.762670148026,1.75078992031922,0.781472219434183,"Anelloviridae.pbmc","comorb_neuro",0.103617623247533
"41","<none>",NA,444.054663254013,NA,NA,"Anelloviridae.pbmc","comorb_isaric_liver",0.603489223875815
"42","binary",1,445.310513324842,3.25585007082896,0.0711690262991309,"Anelloviridae.pbmc","comorb_isaric_liver",0.603489223875815
"43","sex",1,442.189120745508,0.134457491495027,0.713854401217811,"Anelloviridae.pbmc","comorb_isaric_liver",0.603489223875815
"44","discretized_admit_age_quantile",4,443.762631118362,7.70796786434897,0.102880811046735,"Anelloviridae.pbmc","comorb_isaric_liver",0.603489223875815
"45","trajectory_group",4,438.213366525761,2.15870327174792,0.706596495118276,"Anelloviridae.pbmc","comorb_isaric_liver",0.603489223875815
"46","<none>",NA,362.153682000036,NA,NA,"Anelloviridae.pbmc","comorb_hxtrans",1.60642776355946
"47","binary",1,383.119874143079,22.9661921430434,0.00000164875573139483,"Anelloviridae.pbmc","comorb_hxtrans",1.60642776355946
"48","sex",1,361.528187116705,1.3745051166689,0.24103934793209,"Anelloviridae.pbmc","comorb_hxtrans",1.60642776355946
"49","discretized_admit_age_quantile",4,374.997433955931,20.8437519558952,0.000340074612487427,"Anelloviridae.pbmc","comorb_hxtrans",1.60642776355946
"50","trajectory_group",4,362.743874824856,8.59019282482012,0.072200000560215,"Anelloviridae.pbmc","comorb_hxtrans",1.60642776355946
"51","<none>",NA,203.589908860717,NA,NA,"Anelloviridae.pbmc","comorb_hiv2",0.676582005436428
"52","binary",1,203.006663413796,1.4167545530793,0.233938327178085,"Anelloviridae.pbmc","comorb_hiv2",0.676582005436428
"53","sex",1,201.836128921723,0.246220061006426,0.619749315247926,"Anelloviridae.pbmc","comorb_hiv2",0.676582005436428
"54","discretized_admit_age_quantile",4,209.396980002974,13.807071142257,0.00793695664624496,"Anelloviridae.pbmc","comorb_hiv2",0.676582005436428
"55","trajectory_group",4,200.506509533389,4.91660067267242,0.295962328827051,"Anelloviridae.pbmc","comorb_hiv2",0.676582005436428
"56","<none>",NA,1317.84640614411,NA,NA,"Anelloviridae.pbmc","comorb_eversmkvape",0.0224736505606623
"57","binary",1,1315.86172596941,0.0153198252990023,0.901494787111891,"Anelloviridae.pbmc","comorb_eversmkvape",0.0224736505606623
"58","sex",1,1332.46250270469,16.6160965605827,0.0000457609956157776,"Anelloviridae.pbmc","comorb_eversmkvape",0.0224736505606623
"59","discretized_admit_age_quantile",4,1362.82358739407,52.9771812499666,0.0000000000861596114465217,"Anelloviridae.pbmc","comorb_eversmkvape",0.0224736505606623
"60","trajectory_group",4,1313.4110538768,3.56464773268772,0.468116835983101,"Anelloviridae.pbmc","comorb_eversmkvape",0.0224736505606623
"61","<none>",NA,575.515428632547,NA,NA,"Anelloviridae.pbmc","comorb_anysubstance",0.0416059672224537
"62","binary",1,573.531376348885,0.0159477163388146,0.899506908892044,"Anelloviridae.pbmc","comorb_anysubstance",0.0416059672224537
"63","sex",1,581.506702835679,7.99127420313255,0.00470033238440148,"Anelloviridae.pbmc","comorb_anysubstance",0.0416059672224537
"64","discretized_admit_age_quantile",4,581.758199844835,14.2427712122879,0.00655921186760481,"Anelloviridae.pbmc","comorb_anysubstance",0.0416059672224537
"65","trajectory_group",4,571.925098155632,4.40966952308497,0.353393105281534,"Anelloviridae.pbmc","comorb_anysubstance",0.0416059672224537
"66","<none>",NA,485.236364078033,NA,NA,"Anelloviridae.pbmc","comorb_count",-0.4073220025708
"67","binary",1,484.665101302855,1.42873722482204,0.231970634636693,"Anelloviridae.pbmc","comorb_count",-0.4073220025708
"68","sex",1,494.853360552242,11.6169964742085,0.000653518499938966,"Anelloviridae.pbmc","comorb_count",-0.4073220025708
"69","discretized_admit_age_quantile",4,485.542481067367,8.30611698933347,0.0809868831526433,"Anelloviridae.pbmc","comorb_count",-0.4073220025708
"70","trajectory_group",4,479.88519638734,2.64883230930673,0.618197518461767,"Anelloviridae.pbmc","comorb_count",-0.4073220025708
"71","<none>",NA,485.236364078033,NA,NA,"Anelloviridae.pbmc","comorb_countcat",-0.4073220025708
"72","binary",1,484.665101302855,1.42873722482204,0.231970634636693,"Anelloviridae.pbmc","comorb_countcat",-0.4073220025708
"73","sex",1,494.853360552242,11.6169964742085,0.000653518499938966,"Anelloviridae.pbmc","comorb_countcat",-0.4073220025708
"74","discretized_admit_age_quantile",4,485.542481067367,8.30611698933347,0.0809868831526433,"Anelloviridae.pbmc","comorb_countcat",-0.4073220025708
"75","trajectory_group",4,479.88519638734,2.64883230930673,0.618197518461767,"Anelloviridae.pbmc","comorb_countcat",-0.4073220025708
"76","<none>",NA,1126.47069324341,NA,NA,"Anelloviridae.pbmc","timesymptomcat",-0.596219306918448
"77","binary",1,1133.8912999366,9.42060669319335,0.00214560521987879,"Anelloviridae.pbmc","timesymptomcat",-0.596219306918448
"78","sex",1,1125.86489953626,1.3942062928561,0.237696039889978,"Anelloviridae.pbmc","timesymptomcat",-0.596219306918448
"79","discretized_admit_age_quantile",4,1119.92983379006,1.45914054664763,0.833853715912501,"Anelloviridae.pbmc","timesymptomcat",-0.596219306918448
"80","trajectory_group",4,1123.9488801613,5.47818691789416,0.241653531289434,"Anelloviridae.pbmc","timesymptomcat",-0.596219306918448
"81","<none>",NA,855.949132516049,NA,NA,"Anelloviridae.pbmc","symptom_allresp",-0.387865312698372
"82","binary",1,856.646998565199,2.69786604915066,0.10048265678038,"Anelloviridae.pbmc","symptom_allresp",-0.387865312698372
"83","sex",1,854.102498541146,0.153366025097625,0.69533919613972,"Anelloviridae.pbmc","symptom_allresp",-0.387865312698372
"84","discretized_admit_age_quantile",4,856.810561798014,8.86142928196546,0.0646579697560828,"Anelloviridae.pbmc","symptom_allresp",-0.387865312698372
"85","trajectory_group",4,862.962509608581,15.013377092532,0.0046735524319823,"Anelloviridae.pbmc","symptom_allresp",-0.387865312698372
"86","<none>",NA,1468.470872567,NA,NA,"Anelloviridae.pbmc","symptom_cough",-0.198396005531176
"87","binary",1,1467.82167656314,1.35080399614731,0.245137610298411,"Anelloviridae.pbmc","symptom_cough",-0.198396005531176
"88","sex",1,1466.47487275695,0.00400018995037499,0.949569775384391,"Anelloviridae.pbmc","symptom_cough",-0.198396005531176
"89","discretized_admit_age_quantile",4,1467.28463942013,6.81376685313739,0.146063226479469,"Anelloviridae.pbmc","symptom_cough",-0.198396005531176
"90","trajectory_group",4,1465.38629177271,4.91541920571626,0.296086630320588,"Anelloviridae.pbmc","symptom_cough",-0.198396005531176
"91","<none>",NA,904.914528539606,NA,NA,"Anelloviridae.pbmc","symptom_cough_prod",0.368838997283499
"92","binary",1,905.527082456773,2.61255391716645,0.106020895121948,"Anelloviridae.pbmc","symptom_cough_prod",0.368838997283499
"93","sex",1,903.34333722309,0.428808683483908,0.512574088779192,"Anelloviridae.pbmc","symptom_cough_prod",0.368838997283499
"94","discretized_admit_age_quantile",4,901.567599916784,4.65307137717741,0.324780970791256,"Anelloviridae.pbmc","symptom_cough_prod",0.368838997283499
"95","trajectory_group",4,904.800057392275,7.88552885266813,0.095862572348554,"Anelloviridae.pbmc","symptom_cough_prod",0.368838997283499
"96","<none>",NA,253.968417040918,NA,NA,"Anelloviridae.pbmc","symptom_haemoptysis",0.0418841390194051
"97","binary",1,251.973812605211,0.00539556429259846,0.941444446043189,"Anelloviridae.pbmc","symptom_haemoptysis",0.0418841390194051
"98","sex",1,252.865138956674,0.896721915755677,0.343662209354321,"Anelloviridae.pbmc","symptom_haemoptysis",0.0418841390194051
"99","discretized_admit_age_quantile",4,247.308601558448,1.34018451752974,0.854521693752047,"Anelloviridae.pbmc","symptom_haemoptysis",0.0418841390194051
"100","trajectory_group",4,250.162305273702,4.19388823278362,0.380401403037467,"Anelloviridae.pbmc","symptom_haemoptysis",0.0418841390194051
"101","<none>",NA,657.303701391548,NA,NA,"Anelloviridae.pbmc","symptom_sorethroat",-0.17330933250828
"102","binary",1,655.615678718553,0.311977327004229,0.576469345689848,"Anelloviridae.pbmc","symptom_sorethroat",-0.17330933250828
"103","sex",1,656.476806353006,1.17310496145797,0.278764171865058,"Anelloviridae.pbmc","symptom_sorethroat",-0.17330933250828
"104","discretized_admit_age_quantile",4,651.061689580201,1.75798818865258,0.780159013286851,"Anelloviridae.pbmc","symptom_sorethroat",-0.17330933250828
"105","trajectory_group",4,651.777460342399,2.47375895085054,0.649340743118001,"Anelloviridae.pbmc","symptom_sorethroat",-0.17330933250828
"106","<none>",NA,427.244171731834,NA,NA,"Anelloviridae.pbmc","symptom_rhinorrhea",0.00709965932590387
"107","binary",1,425.244472320565,0.000300588730794971,0.986167373456447,"Anelloviridae.pbmc","symptom_rhinorrhea",0.00709965932590387
"108","sex",1,425.347031711709,0.102859979875348,0.748424171039062,"Anelloviridae.pbmc","symptom_rhinorrhea",0.00709965932590387
"109","discretized_admit_age_quantile",4,425.187857075933,5.94368534409926,0.203393544077465,"Anelloviridae.pbmc","symptom_rhinorrhea",0.00709965932590387
"110","trajectory_group",4,427.556464354311,8.3122926224774,0.080785575561066,"Anelloviridae.pbmc","symptom_rhinorrhea",0.00709965932590387
"111","<none>",NA,466.909734770153,NA,NA,"Anelloviridae.pbmc","symptom_wheeze",0.149917477090629
"112","binary",1,465.09327647138,0.183541701226943,0.66834706119386,"Anelloviridae.pbmc","symptom_wheeze",0.149917477090629
"113","sex",1,465.432627818115,0.522893047961361,0.469610192421071,"Anelloviridae.pbmc","symptom_wheeze",0.149917477090629
"114","discretized_admit_age_quantile",4,468.261674956973,9.35194018682006,0.0528800782813544,"Anelloviridae.pbmc","symptom_wheeze",0.149917477090629
"115","trajectory_group",4,460.641513456418,1.73177868626448,0.784937215926667,"Anelloviridae.pbmc","symptom_wheeze",0.149917477090629
"116","<none>",NA,1066.33097506909,NA,NA,"Anelloviridae.pbmc","symptom_chestpain",-0.0377599408910776
"117","binary",1,1064.35987288133,0.0288978122368917,0.865015197160545,"Anelloviridae.pbmc","symptom_chestpain",-0.0377599408910776
"118","sex",1,1064.83296954792,0.501994478826873,0.478625074006012,"Anelloviridae.pbmc","symptom_chestpain",-0.0377599408910776
"119","discretized_admit_age_quantile",4,1082.95282909192,24.6218540228256,0.0000599294971775807,"Anelloviridae.pbmc","symptom_chestpain",-0.0377599408910776
"120","trajectory_group",4,1061.35330194716,3.02232687806418,0.554096027867626,"Anelloviridae.pbmc","symptom_chestpain",-0.0377599408910776
"121","<none>",NA,1270.53715923956,NA,NA,"Anelloviridae.pbmc","symptom_dyspnea",-0.269092217680023
"122","binary",1,1270.63821331247,2.10105407290075,0.147197632336427,"Anelloviridae.pbmc","symptom_dyspnea",-0.269092217680023
"123","sex",1,1268.53874594502,0.00158670545420136,0.968225890976464,"Anelloviridae.pbmc","symptom_dyspnea",-0.269092217680023
"124","discretized_admit_age_quantile",4,1288.98785661643,26.4506973768639,0.0000256665185300415,"Anelloviridae.pbmc","symptom_dyspnea",-0.269092217680023
"125","trajectory_group",4,1291.80620545803,29.2690462184651,0.0000068927417502157,"Anelloviridae.pbmc","symptom_dyspnea",-0.269092217680023
"126","<none>",NA,30.3841844630189,NA,NA,"Anelloviridae.pbmc","symptom_chestwall",-20.9673001489627
"127","binary",1,29.8352979273589,1.45111346434004,0.228349371756064,"Anelloviridae.pbmc","symptom_chestwall",-20.9673001489627
"128","sex",1,31.6253609795022,3.24117651648332,0.0718090546591802,"Anelloviridae.pbmc","symptom_chestwall",-20.9673001489627
"129","discretized_admit_age_quantile",4,22.6962673968094,0.31208293379045,0.989020888976301,"Anelloviridae.pbmc","symptom_chestwall",-20.9673001489627
"130","trajectory_group",4,26.8734914029218,4.48930693990286,0.34381728381557,"Anelloviridae.pbmc","symptom_chestwall",-20.9673001489627
"131","<none>",NA,59.2979107133641,NA,NA,"Anelloviridae.pbmc","symptom_earpain",0.742111161125627
"132","binary",1,57.6070131719051,0.309102458541055,0.57823147552999,"Anelloviridae.pbmc","symptom_earpain",0.742111161125627
"133","sex",1,58.2821996452595,0.984288931895399,0.321142226907609,"Anelloviridae.pbmc","symptom_earpain",0.742111161125627
"134","discretized_admit_age_quantile",4,54.0225733614003,2.72466264803621,0.604905916221326,"Anelloviridae.pbmc","symptom_earpain",0.742111161125627
"135","trajectory_group",4,53.2677242516135,1.96981353824939,0.741311159269887,"Anelloviridae.pbmc","symptom_earpain",0.742111161125627
"136","<none>",NA,42.1256705964693,NA,NA,"Anelloviridae.pbmc","symptom_conjunctivitis",-19.858726807854
"137","binary",1,40.8908844051493,0.765213808680016,0.381701783625448,"Anelloviridae.pbmc","symptom_conjunctivitis",-19.858726807854
"138","sex",1,40.1454408610852,0.0197702646159428,0.888180597312867,"Anelloviridae.pbmc","symptom_conjunctivitis",-19.858726807854
"139","discretized_admit_age_quantile",4,41.8624802570439,7.73680966057456,0.101709100404103,"Anelloviridae.pbmc","symptom_conjunctivitis",-19.858726807854
"140","trajectory_group",4,36.1378283256913,2.01215772922202,0.733522606757827,"Anelloviridae.pbmc","symptom_conjunctivitis",-19.858726807854
"141","<none>",NA,1275.11471079465,NA,NA,"Anelloviridae.pbmc","symptom_allsyst",-0.0655367316581374
"142","binary",1,1273.23950981881,0.124799024161575,0.72388674346967,"Anelloviridae.pbmc","symptom_allsyst",-0.0655367316581374
"143","sex",1,1273.68959329788,0.574882503236267,0.448325236504212,"Anelloviridae.pbmc","symptom_allsyst",-0.0655367316581374
"144","discretized_admit_age_quantile",4,1281.86757828362,14.7528674889757,0.00524221328047652,"Anelloviridae.pbmc","symptom_allsyst",-0.0655367316581374
"145","trajectory_group",4,1278.22060525419,11.1058944595388,0.0253993340811239,"Anelloviridae.pbmc","symptom_allsyst",-0.0655367316581374
"146","<none>",NA,1477.81751132757,NA,NA,"Anelloviridae.pbmc","symptom_fever",0.00599503027058457
"147","binary",1,1475.81872114514,0.00120981757049776,0.972253229449101,"Anelloviridae.pbmc","symptom_fever",0.00599503027058457
"148","sex",1,1476.51080526415,0.693293936578584,0.405046245492019,"Anelloviridae.pbmc","symptom_fever",0.00599503027058457
"149","discretized_admit_age_quantile",4,1504.27505922721,34.4575478996392,0.000000600338233581647,"Anelloviridae.pbmc","symptom_fever",0.00599503027058457
"150","trajectory_group",4,1473.90259172482,4.08508039724757,0.394613907893749,"Anelloviridae.pbmc","symptom_fever",0.00599503027058457
"151","<none>",NA,1199.08114547766,NA,NA,"Anelloviridae.pbmc","symptom_chills",-0.0644377794645759
"152","binary",1,1197.18004995222,0.098904474566325,0.753148289192654,"Anelloviridae.pbmc","symptom_chills",-0.0644377794645759
"153","sex",1,1197.19018645078,0.109040973126412,0.741238626842797,"Anelloviridae.pbmc","symptom_chills",-0.0644377794645759
"154","discretized_admit_age_quantile",4,1206.53925154304,15.4581060653859,0.00383956522481198,"Anelloviridae.pbmc","symptom_chills",-0.0644377794645759
"155","trajectory_group",4,1202.05043330769,10.9692878300295,0.0269113537811826,"Anelloviridae.pbmc","symptom_chills",-0.0644377794645759
"156","<none>",NA,154.240200647069,NA,NA,"Anelloviridae.pbmc","symptom_shaking",-0.869466657536634
"157","binary",1,153.077516307139,0.837315660069606,0.360165623602201,"Anelloviridae.pbmc","symptom_shaking",-0.869466657536634
"158","sex",1,152.585051954611,0.344851307541518,0.557042251283872,"Anelloviridae.pbmc","symptom_shaking",-0.869466657536634
"159","discretized_admit_age_quantile",4,150.424257069476,4.18405642240722,0.381669221962463,"Anelloviridae.pbmc","symptom_shaking",-0.869466657536634
"160","trajectory_group",4,148.818122690481,2.57792204341183,0.63073907680099,"Anelloviridae.pbmc","symptom_shaking",-0.869466657536634
"161","<none>",NA,1484.91615451055,NA,NA,"Anelloviridae.pbmc","symptom_fatigue",-0.12502696640182
"162","binary",1,1483.44515887399,0.529004363433614,0.467025746750263,"Anelloviridae.pbmc","symptom_fatigue",-0.12502696640182
"163","sex",1,1483.57151965441,0.655365143853714,0.418201006334875,"Anelloviridae.pbmc","symptom_fatigue",-0.12502696640182
"164","discretized_admit_age_quantile",4,1484.02857548081,7.11242097025433,0.130065222726168,"Anelloviridae.pbmc","symptom_fatigue",-0.12502696640182
"165","trajectory_group",4,1484.92287404273,8.00671953217443,0.0913323592837823,"Anelloviridae.pbmc","symptom_fatigue",-0.12502696640182
"166","<none>",NA,1172.52203407536,NA,NA,"Anelloviridae.pbmc","symptom_myalgia",-0.183615240611647
"167","binary",1,1171.28547079275,0.763436717381865,0.382255146096289,"Anelloviridae.pbmc","symptom_myalgia",-0.183615240611647
"168","sex",1,1171.50223182455,0.980197749189756,0.322149989951533,"Anelloviridae.pbmc","symptom_myalgia",-0.183615240611647
"169","discretized_admit_age_quantile",4,1174.7392768444,10.2172427690318,0.0369230127915018,"Anelloviridae.pbmc","symptom_myalgia",-0.183615240611647
"170","trajectory_group",4,1180.71278398535,16.1907499099855,0.00277360068291116,"Anelloviridae.pbmc","symptom_myalgia",-0.183615240611647
"171","<none>",NA,73.3643104816697,NA,NA,"Anelloviridae.pbmc","symptom_lymphadenopathy",1.48422023836953
"172","binary",1,73.071993992222,1.70768351055231,0.191286199204297,"Anelloviridae.pbmc","symptom_lymphadenopathy",1.48422023836953
"173","sex",1,72.0258366234669,0.66152614179714,0.416021674351739,"Anelloviridae.pbmc","symptom_lymphadenopathy",1.48422023836953
"174","discretized_admit_age_quantile",4,70.5026691094327,5.138358627763,0.273393363598511,"Anelloviridae.pbmc","symptom_lymphadenopathy",1.48422023836953
"175","trajectory_group",4,68.2567972696604,2.89248678799071,0.575975672320639,"Anelloviridae.pbmc","symptom_lymphadenopathy",1.48422023836953
"176","<none>",NA,1366.56579107089,NA,NA,"Anelloviridae.pbmc","symptom_allneuro",-0.0459524344061627
"177","binary",1,1364.63023250429,0.064441433391039,0.799608992533906,"Anelloviridae.pbmc","symptom_allneuro",-0.0459524344061627
"178","sex",1,1364.57599474948,0.0102036785870041,0.919539934488246,"Anelloviridae.pbmc","symptom_allneuro",-0.0459524344061627
"179","discretized_admit_age_quantile",4,1362.19780348995,3.63201241905949,0.458091393271367,"Anelloviridae.pbmc","symptom_allneuro",-0.0459524344061627
"180","trajectory_group",4,1360.78545368221,2.21966261131251,0.695431118537489,"Anelloviridae.pbmc","symptom_allneuro",-0.0459524344061627
"181","<none>",NA,999.50134463326,NA,NA,"Anelloviridae.pbmc","symptom_headache",-0.084648546456904
"182","binary",1,997.635886487498,0.134541854237455,0.71376859990874,"Anelloviridae.pbmc","symptom_headache",-0.084648546456904
"183","sex",1,997.529595219968,0.0282505867078271,0.86652104454256,"Anelloviridae.pbmc","symptom_headache",-0.084648546456904
"184","discretized_admit_age_quantile",4,1009.88170936478,18.3803647315201,0.00103976804730263,"Anelloviridae.pbmc","symptom_headache",-0.084648546456904
"185","trajectory_group",4,1005.04671781937,13.5453731861097,0.00889673677861515,"Anelloviridae.pbmc","symptom_headache",-0.084648546456904
"186","<none>",NA,428.777611385801,NA,NA,"Anelloviridae.pbmc","symptom_confusion",-0.0696312117030556
"187","binary",1,426.817758129837,0.0401467440364627,0.841193938381191,"Anelloviridae.pbmc","symptom_confusion",-0.0696312117030556
"188","sex",1,426.910711458975,0.133100073174376,0.715239185067034,"Anelloviridae.pbmc","symptom_confusion",-0.0696312117030556
"189","discretized_admit_age_quantile",4,443.278590263593,22.5009788777924,0.000159267791608166,"Anelloviridae.pbmc","symptom_confusion",-0.0696312117030556
"190","trajectory_group",4,433.565610920959,12.7879995351581,0.0123594918717396,"Anelloviridae.pbmc","symptom_confusion",-0.0696312117030556
"191","<none>",NA,55.1347386094705,NA,NA,"Anelloviridae.pbmc","symptom_seizure",-19.5392804490731
"192","binary",1,54.351185894663,1.21644728519257,0.270059002218987,"Anelloviridae.pbmc","symptom_seizure",-19.5392804490731
"193","sex",1,56.3230806032257,3.18834199375524,0.0741651978208031,"Anelloviridae.pbmc","symptom_seizure",-19.5392804490731
"194","discretized_admit_age_quantile",4,51.0316632821477,3.89692467267722,0.420135271819283,"Anelloviridae.pbmc","symptom_seizure",-19.5392804490731
"195","trajectory_group",4,49.1338196394595,1.99908102998901,0.735927917423984,"Anelloviridae.pbmc","symptom_seizure",-19.5392804490731
"196","<none>",NA,187.524339079222,NA,NA,"Anelloviridae.pbmc","symptom_syncope",-1.15239484158452
"197","binary",1,187.1617765339,1.63743745467852,0.20067742241933,"Anelloviridae.pbmc","symptom_syncope",-1.15239484158452
"198","sex",1,189.30679873413,3.7824596549078,0.0517924730803862,"Anelloviridae.pbmc","symptom_syncope",-1.15239484158452
"199","discretized_admit_age_quantile",4,189.846247664897,10.3219085856748,0.0353406079404665,"Anelloviridae.pbmc","symptom_syncope",-1.15239484158452
"200","trajectory_group",4,182.860373121529,3.33603404230766,0.50324330736515,"Anelloviridae.pbmc","symptom_syncope",-1.15239484158452
"201","<none>",NA,727.774837110963,NA,NA,"Anelloviridae.pbmc","symptom_anosmia",0.102847424331941
"202","binary",1,725.91194782146,0.137110710497609,0.711170421409245,"Anelloviridae.pbmc","symptom_anosmia",0.102847424331941
"203","sex",1,725.848556008252,0.0737188972894955,0.785997085840073,"Anelloviridae.pbmc","symptom_anosmia",0.102847424331941
"204","discretized_admit_age_quantile",4,728.863517344524,9.08868023356126,0.0589207176051073,"Anelloviridae.pbmc","symptom_anosmia",0.102847424331941
"205","trajectory_group",4,722.392277403201,2.61744029223826,0.623736781311879,"Anelloviridae.pbmc","symptom_anosmia",0.102847424331941
"206","<none>",NA,1452.59677311554,NA,NA,"Anelloviridae.pbmc","symptom_allGI",-0.118388504048109
"207","binary",1,1451.05221300517,0.455439889630952,0.49976289410709,"Anelloviridae.pbmc","symptom_allGI",-0.118388504048109
"208","sex",1,1455.37222795668,4.77545484113307,0.0288682195764869,"Anelloviridae.pbmc","symptom_allGI",-0.118388504048109
"209","discretized_admit_age_quantile",4,1452.05965838063,7.46288526508897,0.113357075731375,"Anelloviridae.pbmc","symptom_allGI",-0.118388504048109
"210","trajectory_group",4,1460.60305525931,16.0062821437618,0.00301074552716277,"Anelloviridae.pbmc","symptom_allGI",-0.118388504048109
"211","<none>",NA,728.73346421695,NA,NA,"Anelloviridae.pbmc","symptom_abdpain",0.46450438352734
"212","binary",1,729.816210692876,3.08274647592623,0.0791268043090184,"Anelloviridae.pbmc","symptom_abdpain",0.46450438352734
"213","sex",1,729.745893763333,3.01242954638337,0.0826283579282186,"Anelloviridae.pbmc","symptom_abdpain",0.46450438352734
"214","discretized_admit_age_quantile",4,725.661867002418,4.92840278546782,0.294723024129029,"Anelloviridae.pbmc","symptom_abdpain",0.46450438352734
"215","trajectory_group",4,723.650449292331,2.91698507538149,0.571812484793815,"Anelloviridae.pbmc","symptom_abdpain",0.46450438352734
"216","<none>",NA,1129.55740161997,NA,NA,"Anelloviridae.pbmc","symptom_nausea",-0.210997905479894
"217","binary",1,1128.50642877483,0.949027154862506,0.3299670503359,"Anelloviridae.pbmc","symptom_nausea",-0.210997905479894
"218","sex",1,1133.44176547173,5.88436385176101,0.0152759154151379,"Anelloviridae.pbmc","symptom_nausea",-0.210997905479894
"219","discretized_admit_age_quantile",4,1137.87437490165,16.3169732816821,0.00262203199896352,"Anelloviridae.pbmc","symptom_nausea",-0.210997905479894
"220","trajectory_group",4,1142.7378966357,21.1804950157291,0.000291612848874095,"Anelloviridae.pbmc","symptom_nausea",-0.210997905479894
"221","<none>",NA,1161.18662365408,NA,NA,"Anelloviridae.pbmc","symptom_diarrhea",-0.328063931235313
"222","binary",1,1161.56588252476,2.37925887068218,0.122955867186278,"Anelloviridae.pbmc","symptom_diarrhea",-0.328063931235313
"223","sex",1,1159.52617294881,0.339549294733843,0.560089493118085,"Anelloviridae.pbmc","symptom_diarrhea",-0.328063931235313
"224","discretized_admit_age_quantile",4,1160.64317726274,7.45655360865976,0.113640425220241,"Anelloviridae.pbmc","symptom_diarrhea",-0.328063931235313
"225","trajectory_group",4,1158.13396643233,4.94734277825069,0.292743254890172,"Anelloviridae.pbmc","symptom_diarrhea",-0.328063931235313
"226","<none>",NA,152.610941896796,NA,NA,"Anelloviridae.pbmc","symptom_allderm",-0.251504041140187
"227","binary",1,150.718011318873,0.107069422077387,0.743505547055694,"Anelloviridae.pbmc","symptom_allderm",-0.251504041140187
"228","sex",1,150.611784100458,0.000842203662017482,0.97684804514618,"Anelloviridae.pbmc","symptom_allderm",-0.251504041140187
"229","discretized_admit_age_quantile",4,153.984959141895,9.37401724509965,0.0524012811754795,"Anelloviridae.pbmc","symptom_allderm",-0.251504041140187
"230","trajectory_group",4,148.276499768254,3.66555787145859,0.453155135438384,"Anelloviridae.pbmc","symptom_allderm",-0.251504041140187
"231","<none>",NA,128.046764198059,NA,NA,"Anelloviridae.pbmc","symptom_skinrash",-0.624236577864444
"232","binary",1,126.444390839615,0.397626641556158,0.528317510317673,"Anelloviridae.pbmc","symptom_skinrash",-0.624236577864444
"233","sex",1,126.459694806953,0.412930608893873,0.520485779450054,"Anelloviridae.pbmc","symptom_skinrash",-0.624236577864444
"234","discretized_admit_age_quantile",4,125.843392362599,5.79662816454008,0.214859724237914,"Anelloviridae.pbmc","symptom_skinrash",-0.624236577864444
"235","trajectory_group",4,122.669952733781,2.62318853572189,0.622720919941261,"Anelloviridae.pbmc","symptom_skinrash",-0.624236577864444
"236","<none>",NA,45.7768812354701,NA,NA,"Anelloviridae.pbmc","symptom_skinulcer",0.589993619649033
"237","binary",1,43.9418735880611,0.164992352591007,0.684601159351377,"Anelloviridae.pbmc","symptom_skinulcer",0.589993619649033
"238","sex",1,46.2298452033831,2.45296396791294,0.11730318286929,"Anelloviridae.pbmc","symptom_skinulcer",0.589993619649033
"239","discretized_admit_age_quantile",4,47.1803333249685,9.40345208949841,0.0517693449681051,"Anelloviridae.pbmc","symptom_skinulcer",0.589993619649033
"240","trajectory_group",4,45.9067387009615,8.12985746549139,0.0869355129462171,"Anelloviridae.pbmc","symptom_skinulcer",0.589993619649033
"241","<none>",NA,634.345338652128,NA,NA,"Anelloviridae.pbmc","symptom_allother",-0.00608084270879165
"242","binary",1,632.345764390492,0.000425738364128847,0.983538074196303,"Anelloviridae.pbmc","symptom_allother",-0.00608084270879165
"243","sex",1,632.714047763533,0.368709111405224,0.543708755150741,"Anelloviridae.pbmc","symptom_allother",-0.00608084270879165
"244","discretized_admit_age_quantile",4,629.114994179211,2.7696555270827,0.597081978047996,"Anelloviridae.pbmc","symptom_allother",-0.00608084270879165
"245","trajectory_group",4,637.809919291076,11.4645806389478,0.0218102569230207,"Anelloviridae.pbmc","symptom_allother",-0.00608084270879165
"246","<none>",NA,336.867933562917,NA,NA,"Anelloviridae.pbmc","symptom_arthralgia",0.284829531617748
"247","binary",1,335.26116607228,0.393232509363088,0.530605132891422,"Anelloviridae.pbmc","symptom_arthralgia",0.284829531617748
"248","sex",1,335.006436462786,0.138502899869536,0.709773891629012,"Anelloviridae.pbmc","symptom_arthralgia",0.284829531617748
"249","discretized_admit_age_quantile",4,331.094312238663,2.22637867574633,0.69420290071231,"Anelloviridae.pbmc","symptom_arthralgia",0.284829531617748
"250","trajectory_group",4,340.664168814261,11.7962352513438,0.0189326173404989,"Anelloviridae.pbmc","symptom_arthralgia",0.284829531617748
"251","<none>",NA,290.477321710222,NA,NA,"Anelloviridae.pbmc","symptom_edema",0.00431666807398629
"252","binary",1,288.477400374216,0.0000786639940884015,0.992923437211844,"Anelloviridae.pbmc","symptom_edema",0.00431666807398629
"253","sex",1,289.051102122901,0.573780412679469,0.448760579566456,"Anelloviridae.pbmc","symptom_edema",0.00431666807398629
"254","discretized_admit_age_quantile",4,283.975083561896,1.49776185167377,0.827037853117637,"Anelloviridae.pbmc","symptom_edema",0.00431666807398629
"255","trajectory_group",4,288.818108426935,6.3407867167133,0.17510263409056,"Anelloviridae.pbmc","symptom_edema",0.00431666807398629
"256","<none>",NA,241.379298366062,NA,NA,"Anelloviridae.pbmc","symptom_nonamb",-0.662455136192472
"257","binary",1,240.616659927926,1.23736156186368,0.265980151730852,"Anelloviridae.pbmc","symptom_nonamb",-0.662455136192472
"258","sex",1,239.97016054498,0.590862178917888,0.442085913020836,"Anelloviridae.pbmc","symptom_nonamb",-0.662455136192472
"259","discretized_admit_age_quantile",4,237.799471368894,4.42017300283172,0.352118110963662,"Anelloviridae.pbmc","symptom_nonamb",-0.662455136192472
"260","trajectory_group",4,240.356797716767,6.97749935070513,0.137082070041057,"Anelloviridae.pbmc","symptom_nonamb",-0.662455136192472
"261","<none>",NA,67.3190273148083,NA,NA,"Anelloviridae.pbmc","symptom_bleeding",1.46425779224314
"262","binary",1,67.1510251890217,1.83199787421336,0.175891748716149,"Anelloviridae.pbmc","symptom_bleeding",1.46425779224314
"263","sex",1,67.6279474140807,2.30892009927243,0.12863338998905,"Anelloviridae.pbmc","symptom_bleeding",1.46425779224314
"264","discretized_admit_age_quantile",4,61.0081078310811,1.68908051627281,0.792700194102195,"Anelloviridae.pbmc","symptom_bleeding",1.46425779224314
"265","trajectory_group",4,62.4614203061191,3.14239299131076,0.534285391070653,"Anelloviridae.pbmc","symptom_bleeding",1.46425779224314
"266","<none>",NA,759.938200744144,NA,NA,"Anelloviridae.pbmc","ever_ever_esc",0.736701478373871
"267","binary",1,768.106953782934,10.1687530387896,0.00142840850157408,"Anelloviridae.pbmc","ever_ever_esc",0.736701478373871
"268","sex",1,757.948875856216,0.0106751120711124,0.917708658463202,"Anelloviridae.pbmc","ever_ever_esc",0.736701478373871
"269","discretized_admit_age_quantile",4,757.766495668022,5.82829492387748,0.21234352428512,"Anelloviridae.pbmc","ever_ever_esc",0.736701478373871
"270","trajectory_group",4,890.299090906198,138.360890162054,0.0000000000000000000000000000633184921097064,"Anelloviridae.pbmc","ever_ever_esc",0.736701478373871
"271","<none>",NA,823.137403632676,NA,NA,"Anelloviridae.pbmc","ever_icu",0.660685839193744
"272","binary",1,828.743713378338,7.606309745663,0.00581643989911682,"Anelloviridae.pbmc","ever_icu",0.660685839193744
"273","sex",1,827.867259044321,6.72985541164576,0.00948122850315732,"Anelloviridae.pbmc","ever_icu",0.660685839193744
"274","discretized_admit_age_quantile",4,821.671968486032,6.53456485335619,0.162625505125185,"Anelloviridae.pbmc","ever_icu",0.660685839193744
"275","trajectory_group",4,1261.61415767073,446.476754038051,0.0000000000000000000000000000000000000000000000000000000000000000000000000000000000000000000000250908083415338,"Anelloviridae.pbmc","ever_icu",0.660685839193744
"276","<none>",NA,376.616660305341,NA,NA,"Anelloviridae.pbmc","diedever",0.566064620134529
"277","binary",1,377.589696368022,2.97303606268082,0.0846628259813739,"Anelloviridae.pbmc","diedever",0.566064620134529
"278","sex",1,376.004051706637,1.3873914012961,0.238846123886314,"Anelloviridae.pbmc","diedever",0.566064620134529
"279","discretized_admit_age_quantile",4,388.543450743124,19.9267904377826,0.000516294508393949,"Anelloviridae.pbmc","diedever",0.566064620134529
"280","trajectory_group",4,821.070139857324,452.453479551983,0.00000000000000000000000000000000000000000000000000000000000000000000000000000000000000000000000128066250240164,"Anelloviridae.pbmc","diedever",0.566064620134529
"281","<none>",NA,1370.78501109572,NA,NA,"Anelloviridae.pbmc","ever_remdes",-0.185137736169269
"282","binary",1,1369.81006577407,1.02505467835294,0.311323018428287,"Anelloviridae.pbmc","ever_remdes",-0.185137736169269
"283","sex",1,1372.61102836184,3.82601726612324,0.05046270702383,"Anelloviridae.pbmc","ever_remdes",-0.185137736169269
"284","discretized_admit_age_quantile",4,1370.98178947772,8.19677838199595,0.0846301624254846,"Anelloviridae.pbmc","ever_remdes",-0.185137736169269
"285","trajectory_group",4,1405.28847919038,42.5034680946578,0.0000000131175592036832,"Anelloviridae.pbmc","ever_remdes",-0.185137736169269
"286","<none>",NA,1110.69014954169,NA,NA,"Anelloviridae.pbmc","ever_steroids",-0.0293086655421329
"287","binary",1,1108.70927060214,0.0191210604430125,0.890019982780152,"Anelloviridae.pbmc","ever_steroids",-0.0293086655421329
"288","sex",1,1116.13037928413,7.4402297424374,0.00637817476810943,"Anelloviridae.pbmc","ever_steroids",-0.0293086655421329
"289","discretized_admit_age_quantile",4,1105.46362959849,2.77348005679391,0.596419143364643,"Anelloviridae.pbmc","ever_steroids",-0.0293086655421329
"290","trajectory_group",4,1193.43612083981,90.7459712981138,0.000000000000000000914171680136871,"Anelloviridae.pbmc","ever_steroids",-0.0293086655421329
"291","<none>",NA,1294.14793986129,NA,NA,"Anelloviridae.pbmc","ever_azithro",0.0955815644335039
"292","binary",1,1292.41241518267,0.264475321382633,0.60706208556617,"Anelloviridae.pbmc","ever_azithro",0.0955815644335039
"293","sex",1,1292.77858492264,0.630645061343785,0.427118799877238,"Anelloviridae.pbmc","ever_azithro",0.0955815644335039
"294","discretized_admit_age_quantile",4,1289.56402802749,3.41608816619737,0.490751470526922,"Anelloviridae.pbmc","ever_azithro",0.0955815644335039
"295","trajectory_group",4,1303.30742348802,17.1594836267254,0.00179977940866514,"Anelloviridae.pbmc","ever_azithro",0.0955815644335039
"296","<none>",NA,1306.63838849949,NA,NA,"Anelloviridae.pbmc","ever_otherabx",0.524236567627304
"297","binary",1,1312.08827212046,7.44988362096706,0.00634405508946818,"Anelloviridae.pbmc","ever_otherabx",0.524236567627304
"298","sex",1,1304.90403424167,0.265645742177867,0.606267715780404,"Anelloviridae.pbmc","ever_otherabx",0.524236567627304
"299","discretized_admit_age_quantile",4,1304.56672781071,5.92833931122163,0.204564235874901,"Anelloviridae.pbmc","ever_otherabx",0.524236567627304
"300","trajectory_group",4,1398.77116568034,100.13277718085,0.00000000000000000000921677216507247,"Anelloviridae.pbmc","ever_otherabx",0.524236567627304
"301","<none>",NA,474.088907453808,NA,NA,"Anelloviridae.pbmc","ever_conplas",-0.341855334977322
"302","binary",1,472.940413877535,0.851506423726732,0.356126526862992,"Anelloviridae.pbmc","ever_conplas",-0.341855334977322
"303","sex",1,477.356829428465,5.26792197465676,0.0217219280687623,"Anelloviridae.pbmc","ever_conplas",-0.341855334977322
"304","discretized_admit_age_quantile",4,481.647882932729,15.5589754789212,0.00367181320527612,"Anelloviridae.pbmc","ever_conplas",-0.341855334977322
"305","trajectory_group",4,495.731592737285,29.6426852834769,0.00000578650073229947,"Anelloviridae.pbmc","ever_conplas",-0.341855334977322
"306","<none>",NA,75.5622396336702,NA,NA,"Anelloviridae.pbmc","ever_monoclonal",-0.317681377573162
"307","binary",1,73.6345382284391,0.0722985947688812,0.788018965143868,"Anelloviridae.pbmc","ever_monoclonal",-0.317681377573162
"308","sex",1,73.57614421428,0.0139045806097613,0.906132879821696,"Anelloviridae.pbmc","ever_monoclonal",-0.317681377573162
"309","discretized_admit_age_quantile",4,70.478365388166,2.91612575449574,0.571958246568036,"Anelloviridae.pbmc","ever_monoclonal",-0.317681377573162
"310","trajectory_group",4,71.724949031528,4.16270939785778,0.384433152299661,"Anelloviridae.pbmc","ever_monoclonal",-0.317681377573162
"311","<none>",NA,446.697659906008,NA,NA,"Anelloviridae.pbmc","ever_immsupp",1.51108342181996
"312","binary",1,470.613547317242,25.9158874112341,0.000000356621946555555,"Anelloviridae.pbmc","ever_immsupp",1.51108342181996
"313","sex",1,445.351237254385,0.653577348376416,0.418836580373554,"Anelloviridae.pbmc","ever_immsupp",1.51108342181996
"314","discretized_admit_age_quantile",4,452.906248519327,14.2085886133188,0.00665823913088114,"Anelloviridae.pbmc","ever_immsupp",1.51108342181996
"315","trajectory_group",4,445.417882729408,6.7202228233993,0.151432726595975,"Anelloviridae.pbmc","ever_immsupp",1.51108342181996
"316","<none>",NA,789.071584854462,NA,NA,"Anelloviridae.pbmc","anycomp",0.348466437905388
"317","binary",1,788.546803662109,1.47521880764646,0.224524085127044,"Anelloviridae.pbmc","anycomp",0.348466437905388
"318","sex",1,787.638642200716,0.567057346253819,0.451430623720962,"Anelloviridae.pbmc","anycomp",0.348466437905388
"319","discretized_admit_age_quantile",4,793.217117991796,12.1455331373335,0.0163012277109595,"Anelloviridae.pbmc","anycomp",0.348466437905388
"320","trajectory_group",4,814.95990214165,33.8883172871879,0.000000785540355214677,"Anelloviridae.pbmc","anycomp",0.348466437905388
"321","<none>",NA,789.071584854462,NA,NA,"Anelloviridae.pbmc","ncomp",0.348466437905388
"322","binary",1,788.546803662109,1.47521880764646,0.224524085127044,"Anelloviridae.pbmc","ncomp",0.348466437905388
"323","sex",1,787.638642200716,0.567057346253819,0.451430623720962,"Anelloviridae.pbmc","ncomp",0.348466437905388
"324","discretized_admit_age_quantile",4,793.217117991796,12.1455331373335,0.0163012277109595,"Anelloviridae.pbmc","ncomp",0.348466437905388
"325","trajectory_group",4,814.95990214165,33.8883172871879,0.000000785540355214677,"Anelloviridae.pbmc","ncomp",0.348466437905388
"326","<none>",NA,74.9888072998225,NA,NA,"Anelloviridae.pbmc","comp_seizure",2.06995049186051
"327","binary",1,77.4297847817155,4.44097748189304,0.0350861536220399,"Anelloviridae.pbmc","comp_seizure",2.06995049186051
"328","sex",1,73.8509555707579,0.862148270935364,0.353138210776692,"Anelloviridae.pbmc","comp_seizure",2.06995049186051
"329","discretized_admit_age_quantile",4,72.3566720722886,5.36786477246611,0.251590724381074,"Anelloviridae.pbmc","comp_seizure",2.06995049186051
"330","trajectory_group",4,70.1917096827495,3.20290238292704,0.524462289577298,"Anelloviridae.pbmc","comp_seizure",2.06995049186051
"331","<none>",NA,143.773823009135,NA,NA,"Anelloviridae.pbmc","comp_meningitis",-0.298156533694721
"332","binary",1,141.922092995443,0.148269986308492,0.700194133740799,"Anelloviridae.pbmc","comp_meningitis",-0.298156533694721
"333","sex",1,142.014276433587,0.240453424451829,0.623878819410547,"Anelloviridae.pbmc","comp_meningitis",-0.298156533694721
"334","discretized_admit_age_quantile",4,139.519620773162,3.74579776402737,0.44149998249212,"Anelloviridae.pbmc","comp_meningitis",-0.298156533694721
"335","trajectory_group",4,142.726478441572,6.95265543243718,0.138411421746211,"Anelloviridae.pbmc","comp_meningitis",-0.298156533694721
"336","<none>",NA,188.810054755356,NA,NA,"Anelloviridae.pbmc","comp_stroke",0.853714702571963
"337","binary",1,189.631897668847,2.82184291349094,0.0929895805270189,"Anelloviridae.pbmc","comp_stroke",0.853714702571963
"338","sex",1,188.16244285854,1.35238810318438,0.244861058920995,"Anelloviridae.pbmc","comp_stroke",0.853714702571963
"339","discretized_admit_age_quantile",4,185.190724949966,4.38067019461033,0.356932303994709,"Anelloviridae.pbmc","comp_stroke",0.853714702571963
"340","trajectory_group",4,200.131237373427,19.3211826180717,0.000679578760263519,"Anelloviridae.pbmc","comp_stroke",0.853714702571963
"341","<none>",NA,540.975136845565,NA,NA,"Anelloviridae.pbmc","comp_afib",-0.243213550651949
"342","binary",1,539.597631265874,0.622494420308499,0.430121851443873,"Anelloviridae.pbmc","comp_afib",-0.243213550651949
"343","sex",1,545.114309631221,6.139172785656,0.0132219152658843,"Anelloviridae.pbmc","comp_afib",-0.243213550651949
"344","discretized_admit_age_quantile",4,557.126158466796,24.1510216212306,0.0000744956566935292,"Anelloviridae.pbmc","comp_afib",-0.243213550651949
"345","trajectory_group",4,552.056187969666,19.081051124101,0.000757643077969857,"Anelloviridae.pbmc","comp_afib",-0.243213550651949
"346","<none>",NA,316.486053209574,NA,NA,"Anelloviridae.pbmc","comp_ventricular_arr",0.905684158372864
"347","binary",1,320.211740573722,5.72568736414769,0.0167184909418659,"Anelloviridae.pbmc","comp_ventricular_arr",0.905684158372864
"348","sex",1,315.674993055803,1.18893984622838,0.275543506197431,"Anelloviridae.pbmc","comp_ventricular_arr",0.905684158372864
"349","discretized_admit_age_quantile",4,312.092637272814,3.60658406323915,0.461858099284823,"Anelloviridae.pbmc","comp_ventricular_arr",0.905684158372864
"350","trajectory_group",4,340.096309183438,31.6102559738636,0.00000229806312407067,"Anelloviridae.pbmc","comp_ventricular_arr",0.905684158372864
"351","<none>",NA,33.3012602668116,NA,NA,"Anelloviridae.pbmc","comp_endo",-20.8623333744153
"352","binary",1,31.9781113342562,0.676851067444598,0.410673161173878,"Anelloviridae.pbmc","comp_endo",-20.8623333744153
"353","sex",1,32.2468560460641,0.945595779252464,0.330842893210293,"Anelloviridae.pbmc","comp_endo",-20.8623333744153
"354","discretized_admit_age_quantile",4,27.3549744961159,2.05371422930425,0.725879873960827,"Anelloviridae.pbmc","comp_endo",-20.8623333744153
"355","trajectory_group",4,28.5613227324438,3.26006246563221,0.515284805339233,"Anelloviridae.pbmc","comp_endo",-20.8623333744153
"356","<none>",NA,77.2590370341612,NA,NA,"Anelloviridae.pbmc","comp_myocard",-18.858784123866
"357","binary",1,76.898769591548,1.63973255738678,0.200362166267946,"Anelloviridae.pbmc","comp_myocard",-18.858784123866
"358","sex",1,75.2620099331437,0.00297289898250597,0.956517451032479,"Anelloviridae.pbmc","comp_myocard",-18.858784123866
"359","discretized_admit_age_quantile",4,75.6026187882872,6.34358175412595,0.174916691579051,"Anelloviridae.pbmc","comp_myocard",-18.858784123866
"360","trajectory_group",4,72.1266475263744,2.86761049221315,0.580219227350154,"Anelloviridae.pbmc","comp_myocard",-18.858784123866
"361","<none>",NA,207.129364752006,NA,NA,"Anelloviridae.pbmc","comp_cardarrest",0.683692522062018
"362","binary",1,207.01941782229,1.8900530702835,0.169195935979478,"Anelloviridae.pbmc","comp_cardarrest",0.683692522062018
"363","sex",1,205.300376769749,0.171012017742754,0.679213957288941,"Anelloviridae.pbmc","comp_cardarrest",0.683692522062018
"364","discretized_admit_age_quantile",4,204.248504638004,5.1191398859975,0.275289995469557,"Anelloviridae.pbmc","comp_cardarrest",0.683692522062018
"365","trajectory_group",4,329.109815879527,129.980451127521,0.0000000000000000000000000039317262571383,"Anelloviridae.pbmc","comp_cardarrest",0.683692522062018
"366","<none>",NA,139.409921757992,NA,NA,"Anelloviridae.pbmc","comp_stemi",1.67820796070588
"367","binary",1,145.095181223736,7.68525946574385,0.00556736749130981,"Anelloviridae.pbmc","comp_stemi",1.67820796070588
"368","sex",1,137.715200389909,0.305278631917105,0.580591961136196,"Anelloviridae.pbmc","comp_stemi",1.67820796070588
"369","discretized_admit_age_quantile",4,134.975829073531,3.56590731553871,0.467928006453738,"Anelloviridae.pbmc","comp_stemi",1.67820796070588
"370","trajectory_group",4,143.101352526465,11.6914307684729,0.0197996222644632,"Anelloviridae.pbmc","comp_stemi",1.67820796070588
"371","<none>",NA,270.382616499005,NA,NA,"Anelloviridae.pbmc","comp_nstemi",-0.109854649349609
"372","binary",1,268.428174772318,0.0455582733126221,0.830980788000352,"Anelloviridae.pbmc","comp_nstemi",-0.109854649349609
"373","sex",1,270.842494881532,2.45987838252688,0.116787824318094,"Anelloviridae.pbmc","comp_nstemi",-0.109854649349609
"374","discretized_admit_age_quantile",4,267.671626096335,5.28900959732982,0.258907532050565,"Anelloviridae.pbmc","comp_nstemi",-0.109854649349609
"375","trajectory_group",4,277.796207612601,15.4135911135959,0.00391597187053439,"Anelloviridae.pbmc","comp_nstemi",-0.109854649349609
"376","<none>",NA,539.258434319973,NA,NA,"Anelloviridae.pbmc","comp_chf",0.0734166299239621
"377","binary",1,537.315403994368,0.0569696743950772,0.811351237549825,"Anelloviridae.pbmc","comp_chf",0.0734166299239621
"378","sex",1,538.15020085137,0.891766531397138,0.344999043254646,"Anelloviridae.pbmc","comp_chf",0.0734166299239621
"379","discretized_admit_age_quantile",4,538.789809615998,7.53137529602463,0.110333706617518,"Anelloviridae.pbmc","comp_chf",0.0734166299239621
"380","trajectory_group",4,556.026051631781,24.767617311808,0.0000560221735806379,"Anelloviridae.pbmc","comp_chf",0.0734166299239621
"381","<none>",NA,1200.35392753636,NA,NA,"Anelloviridae.pbmc","comp_pneumonia",-0.284170842464892
"382","binary",1,1200.31856470517,1.96463716881249,0.16101824868474,"Anelloviridae.pbmc","comp_pneumonia",-0.284170842464892
"383","sex",1,1199.06233421112,0.708406674755224,0.399973265222714,"Anelloviridae.pbmc","comp_pneumonia",-0.284170842464892
"384","discretized_admit_age_quantile",4,1199.16979501397,6.81586747761366,0.145944670380111,"Anelloviridae.pbmc","comp_pneumonia",-0.284170842464892
"385","trajectory_group",4,1255.05588200077,62.7019544644111,0.000000000000784026947288421,"Anelloviridae.pbmc","comp_pneumonia",-0.284170842464892
"386","<none>",NA,85.5790136866542,NA,NA,"Anelloviridae.pbmc","comp_bronch",-0.700514348471051
"387","binary",1,83.9552421551626,0.376228468508316,0.539628639974385,"Anelloviridae.pbmc","comp_bronch",-0.700514348471051
"388","sex",1,84.0670238274915,0.488010140837247,0.484816280244775,"Anelloviridae.pbmc","comp_bronch",-0.700514348471051
"389","discretized_admit_age_quantile",4,80.4033384177974,2.82432473114315,0.587641169551937,"Anelloviridae.pbmc","comp_bronch",-0.700514348471051
"390","trajectory_group",4,83.7495473695833,6.17053368292906,0.18676954664226,"Anelloviridae.pbmc","comp_bronch",-0.700514348471051
"391","<none>",NA,258.745741690947,NA,NA,"Anelloviridae.pbmc","comp_pneumo",0.118391179413668
"392","binary",1,256.811395462496,0.065653771548341,0.797773307312948,"Anelloviridae.pbmc","comp_pneumo",0.118391179413668
"393","sex",1,258.145177800576,1.3994361096286,0.236818007066439,"Anelloviridae.pbmc","comp_pneumo",0.118391179413668
"394","discretized_admit_age_quantile",4,261.261476706316,10.5157350153686,0.0325809331526421,"Anelloviridae.pbmc","comp_pneumo",0.118391179413668
"395","trajectory_group",4,272.116698661799,21.3709569708519,0.000267301968734421,"Anelloviridae.pbmc","comp_pneumo",0.118391179413668
"396","<none>",NA,119.403644585181,NA,NA,"Anelloviridae.pbmc","comp_pneumomed",-1.14991451783063
"397","binary",1,118.964851538452,1.56120695327125,0.211488586587689,"Anelloviridae.pbmc","comp_pneumomed",-1.14991451783063
"398","sex",1,118.744110517676,1.34046593249514,0.246951816801788,"Anelloviridae.pbmc","comp_pneumomed",-1.14991451783063
"399","discretized_admit_age_quantile",4,114.340964055753,2.93731947057194,0.568369042112876,"Anelloviridae.pbmc","comp_pneumomed",-1.14991451783063
"400","trajectory_group",4,143.004007950883,31.6003633657018,0.00000230877845179787,"Anelloviridae.pbmc","comp_pneumomed",-1.14991451783063
"401","<none>",NA,127.121782371119,NA,NA,"Anelloviridae.pbmc","comp_aat",0.37935564898264
"402","binary",1,125.388077466947,0.266295095828241,0.605827951412192,"Anelloviridae.pbmc","comp_aat",0.37935564898264
"403","sex",1,125.191065778555,0.0692834074368136,0.792383008901324,"Anelloviridae.pbmc","comp_aat",0.37935564898264
"404","discretized_admit_age_quantile",4,122.337058656404,3.21527628528557,0.522467103365342,"Anelloviridae.pbmc","comp_aat",0.37935564898264
"405","trajectory_group",4,124.144686139821,5.02290376870202,0.284955488921263,"Anelloviridae.pbmc","comp_aat",0.37935564898264
"406","<none>",NA,513.662995055103,NA,NA,"Anelloviridae.pbmc","comp_avthromb",-0.373233669707703
"407","binary",1,513.027539666613,1.36454461150993,0.242751410950637,"Anelloviridae.pbmc","comp_avthromb",-0.373233669707703
"408","sex",1,513.048518360027,1.38552330492371,0.239162563437228,"Anelloviridae.pbmc","comp_avthromb",-0.373233669707703
"409","discretized_admit_age_quantile",4,517.904961145771,12.2419660906678,0.0156397854611681,"Anelloviridae.pbmc","comp_avthromb",-0.373233669707703
"410","trajectory_group",4,547.545236727981,41.8822416728779,0.0000000176459719726563,"Anelloviridae.pbmc","comp_avthromb",-0.373233669707703
"411","<none>",NA,599.071818822963,NA,NA,"Anelloviridae.pbmc","comp_shock",0.742316144265049
"412","binary",1,605.466634341998,8.39481551903464,0.00376292699545496,"Anelloviridae.pbmc","comp_shock",0.742316144265049
"413","sex",1,597.592081097884,0.520262274920242,0.470729824424288,"Anelloviridae.pbmc","comp_shock",0.742316144265049
"414","discretized_admit_age_quantile",4,599.193698553205,8.12187973024197,0.0872142403202942,"Anelloviridae.pbmc","comp_shock",0.742316144265049
"415","trajectory_group",4,855.604820839302,264.533002016339,0.0000000000000000000000000000000000000000000000000000000480960562366513,"Anelloviridae.pbmc","comp_shock",0.742316144265049
"416","<none>",NA,718.209938164874,NA,NA,"Anelloviridae.pbmc","comp_bac",0.255888692377424
"417","binary",1,717.277359278143,1.06742111326878,0.301528682578363,"Anelloviridae.pbmc","comp_bac",0.255888692377424
"418","sex",1,717.362704282595,1.15276611772072,0.282970852104261,"Anelloviridae.pbmc","comp_bac",0.255888692377424
"419","discretized_admit_age_quantile",4,713.491329709214,3.28139154433961,0.511885997601166,"Anelloviridae.pbmc","comp_bac",0.255888692377424
"420","trajectory_group",4,774.349725987798,64.1397878229239,0.000000000000390530395031129,"Anelloviridae.pbmc","comp_bac",0.255888692377424
"421","<none>",NA,320.920739547404,NA,NA,"Anelloviridae.pbmc","comp_coag",-0.364470907296294
"422","binary",1,319.586719327876,0.66597978047264,0.414456759699994,"Anelloviridae.pbmc","comp_coag",-0.364470907296294
"423","sex",1,319.694361980287,0.773622432883826,0.379098751341929,"Anelloviridae.pbmc","comp_coag",-0.364470907296294
"424","discretized_admit_age_quantile",4,322.207039410616,9.28629986321255,0.0543284350431896,"Anelloviridae.pbmc","comp_coag",-0.364470907296294
"425","trajectory_group",4,321.364016224118,8.44327667671394,0.0766253645016272,"Anelloviridae.pbmc","comp_coag",-0.364470907296294
"426","<none>",NA,161.632669164998,NA,NA,"Anelloviridae.pbmc","comp_hypogly",-0.0450175134813136
"427","binary",1,159.637093595446,0.00442443044818219,0.946966707421589,"Anelloviridae.pbmc","comp_hypogly",-0.0450175134813136
"428","sex",1,160.620376142946,0.987706977948591,0.320303455618441,"Anelloviridae.pbmc","comp_hypogly",-0.0450175134813136
"429","discretized_admit_age_quantile",4,161.543657842173,7.91098867717477,0.0948937522926362,"Anelloviridae.pbmc","comp_hypogly",-0.0450175134813136
"430","trajectory_group",4,163.216326330927,9.58365716592911,0.0480563728022355,"Anelloviridae.pbmc","comp_hypogly",-0.0450175134813136
"431","<none>",NA,437.464697067164,NA,NA,"Anelloviridae.pbmc","comp_bleed",-0.311841678768326
"432","binary",1,436.208531813563,0.743834746398534,0.388435234402706,"Anelloviridae.pbmc","comp_bleed",-0.311841678768326
"433","sex",1,435.494983766419,0.0302866992548729,0.861841302033344,"Anelloviridae.pbmc","comp_bleed",-0.311841678768326
"434","discretized_admit_age_quantile",4,432.52280483116,3.05810776399562,0.548148738148195,"Anelloviridae.pbmc","comp_bleed",-0.311841678768326
"435","trajectory_group",4,484.205249125783,54.7405520586188,0.0000000000368216896793814,"Anelloviridae.pbmc","comp_bleed",-0.311841678768326
"436","<none>",NA,803.342915447789,NA,NA,"Anelloviridae.pbmc","comp_anemia",0.168159526378195
"437","binary",1,801.860179840285,0.517264392496372,0.472010952797206,"Anelloviridae.pbmc","comp_anemia",0.168159526378195
"438","sex",1,801.664983253074,0.322067805285201,0.570367611691937,"Anelloviridae.pbmc","comp_anemia",0.168159526378195
"439","discretized_admit_age_quantile",4,796.487097860205,1.14418241241663,0.887200308992398,"Anelloviridae.pbmc","comp_anemia",0.168159526378195
"440","trajectory_group",4,871.482054347875,76.1391389000862,0.00000000000000114402281267788,"Anelloviridae.pbmc","comp_anemia",0.168159526378195
"441","<none>",NA,81.5092837939799,NA,NA,"Anelloviridae.pbmc","comp_pancreas",-18.7401306455558
"442","binary",1,81.0835974330362,1.5743136390563,0.20958167298277,"Anelloviridae.pbmc","comp_pancreas",-18.7401306455558
"443","sex",1,81.1246442909919,1.61536049701203,0.203739915466529,"Anelloviridae.pbmc","comp_pancreas",-18.7401306455558
"444","discretized_admit_age_quantile",4,81.4163902419237,7.90710644794378,0.0950408878193007,"Anelloviridae.pbmc","comp_pancreas",-18.7401306455558
"445","trajectory_group",4,79.3560577839501,5.8467739899702,0.210887242325531,"Anelloviridae.pbmc","comp_pancreas",-18.7401306455558
"446","<none>",NA,1046.4807426954,NA,NA,"Anelloviridae.pbmc","comp_renal",0.340813951065826
"447","binary",1,1047.40798118325,2.92723848785045,0.0870963545909822,"Anelloviridae.pbmc","comp_renal",0.340813951065826
"448","sex",1,1047.98445541158,3.50371271617405,0.0612314140835438,"Anelloviridae.pbmc","comp_renal",0.340813951065826
"449","discretized_admit_age_quantile",4,1047.05729718262,8.57655448721471,0.0726004097221918,"Anelloviridae.pbmc","comp_renal",0.340813951065826
"450","trajectory_group",4,1121.55727774849,83.0765350530849,0.0000000000000000388096229689346,"Anelloviridae.pbmc","comp_renal",0.340813951065826
"451","<none>",NA,806.676224987284,NA,NA,"Anelloviridae.pbmc","comp_liver",-0.238416024787249
"452","binary",1,805.466598728944,0.790373741659437,0.373987138160467,"Anelloviridae.pbmc","comp_liver",-0.238416024787249
"453","sex",1,809.770411600703,5.09418661341908,0.0240061699095308,"Anelloviridae.pbmc","comp_liver",-0.238416024787249
"454","discretized_admit_age_quantile",4,809.661283778989,10.9850587917048,0.0267324471148441,"Anelloviridae.pbmc","comp_liver",-0.238416024787249
"455","trajectory_group",4,801.928832442407,3.25260745512287,0.516476083364993,"Anelloviridae.pbmc","comp_liver",-0.238416024787249
"456","<none>",NA,376.126427574362,NA,NA,"Anelloviridae.pbmc","comp_othlab",0.940600257643581
"457","binary",1,380.229886296468,6.10345872210678,0.0134917564489842,"Anelloviridae.pbmc","comp_othlab",0.940600257643581
"458","sex",1,377.573875039844,3.4474474654827,0.063349532157287,"Anelloviridae.pbmc","comp_othlab",0.940600257643581
"459","discretized_admit_age_quantile",4,375.665034837412,7.53860726305061,0.11001887615741,"Anelloviridae.pbmc","comp_othlab",0.940600257643581
"460","trajectory_group",4,372.710487221257,4.58405964689564,0.33269621211702,"Anelloviridae.pbmc","comp_othlab",0.940600257643581
"461","<none>",NA,351.639249045168,NA,NA,"Anelloviridae.pbmc","comp_electrolyte",0.261613279563636
"462","binary",1,349.995921836297,0.35667279112829,0.550359913991706,"Anelloviridae.pbmc","comp_electrolyte",0.261613279563636
"463","sex",1,349.641270585572,0.00202154040368896,0.964137961691429,"Anelloviridae.pbmc","comp_electrolyte",0.261613279563636
"464","discretized_admit_age_quantile",4,351.92083200333,8.28158295816172,0.0817912976106132,"Anelloviridae.pbmc","comp_electrolyte",0.261613279563636
"465","trajectory_group",4,354.210473739442,10.5712246942731,0.0318299031663492,"Anelloviridae.pbmc","comp_electrolyte",0.261613279563636
"466","<none>",NA,314.77841298333,NA,NA,"Anelloviridae.pbmc","comp_othinf",0.958401453589009
"467","binary",1,318.327969537725,5.549556554395,0.0184853696311357,"Anelloviridae.pbmc","comp_othinf",0.958401453589009
"468","sex",1,312.945864026342,0.167451043011965,0.682387153313756,"Anelloviridae.pbmc","comp_othinf",0.958401453589009
"469","discretized_admit_age_quantile",4,308.86445227834,2.08603929500941,0.719937616318207,"Anelloviridae.pbmc","comp_othinf",0.958401453589009
"470","trajectory_group",4,310.536747951538,3.75833496820752,0.439698374446055,"Anelloviridae.pbmc","comp_othinf",0.958401453589009
"471","<none>",NA,33.194561975035,NA,NA,"Anelloviridae.pbmc","comp_othpulm",-19.611959338684
"472","binary",1,31.4513384852989,0.256776510263848,0.612343434992833,"Anelloviridae.pbmc","comp_othpulm",-19.611959338684
"473","sex",1,32.4826362682801,1.28807429324513,0.256403137375415,"Anelloviridae.pbmc","comp_othpulm",-19.611959338684
"474","discretized_admit_age_quantile",4,27.9186799255221,2.72411795048706,0.605000926571268,"Anelloviridae.pbmc","comp_othpulm",-19.611959338684
"475","trajectory_group",4,27.6673998501229,2.47283787508784,0.649506107492732,"Anelloviridae.pbmc","comp_othpulm",-19.611959338684
"476","<none>",NA,166.978533839992,NA,NA,"Anelloviridae.pbmc","comp_unddisease",0.863991033216797
"477","binary",1,166.657804077726,1.67927023773356,0.19502144897092,"Anelloviridae.pbmc","comp_unddisease",0.863991033216797
"478","sex",1,165.291095923355,0.312562083362792,0.576112227767478,"Anelloviridae.pbmc","comp_unddisease",0.863991033216797
"479","discretized_admit_age_quantile",4,167.180236984488,8.20170314449609,0.0844628005686107,"Anelloviridae.pbmc","comp_unddisease",0.863991033216797
"480","trajectory_group",4,160.894454273916,1.9159204339235,0.751219801762937,"Anelloviridae.pbmc","comp_unddisease",0.863991033216797
"481","<none>",NA,241.512252741577,NA,NA,"Anelloviridae.pbmc","comp_enceph",0.363347702222193
"482","binary",1,240.102918186764,0.590665445187113,0.44216191050612,"Anelloviridae.pbmc","comp_enceph",0.363347702222193
"483","sex",1,240.981573215574,1.46932047399659,0.225452938198643,"Anelloviridae.pbmc","comp_enceph",0.363347702222193
"484","discretized_admit_age_quantile",4,241.39637381239,7.88412107081237,0.0959164116538527,"Anelloviridae.pbmc","comp_enceph",0.363347702222193
"485","trajectory_group",4,247.498501842046,13.9862491004683,0.00733907248121298,"Anelloviridae.pbmc","comp_enceph",0.363347702222193
"486","<none>",NA,99.3853868370475,NA,NA,"Anelloviridae.pbmc","comp_othneuro",0.746614723938495
"487","binary",1,98.040440855736,0.655054018688503,0.418311510370364,"Anelloviridae.pbmc","comp_othneuro",0.746614723938495
"488","sex",1,97.4032937144244,0.0179068773768734,0.893547615302564,"Anelloviridae.pbmc","comp_othneuro",0.746614723938495
"489","discretized_admit_age_quantile",4,97.4915143254003,6.1061274883528,0.191361557527222,"Anelloviridae.pbmc","comp_othneuro",0.746614723938495
"490","trajectory_group",4,93.6003395640667,2.21495272701924,0.696292695112158,"Anelloviridae.pbmc","comp_othneuro",0.746614723938495
"491","<none>",NA,394.308389942683,NA,NA,"Anelloviridae.pbmc","comp_hypergly",0.103915938316227
"492","binary",1,392.375039430493,0.0666494878103663,0.796279089315102,"Anelloviridae.pbmc","comp_hypergly",0.103915938316227
"493","sex",1,392.308442031897,0.00005208921470512,0.994241489060691,"Anelloviridae.pbmc","comp_hypergly",0.103915938316227
"494","discretized_admit_age_quantile",4,396.238214089716,9.9298241470338,0.0416265223459271,"Anelloviridae.pbmc","comp_hypergly",0.103915938316227
"495","trajectory_group",4,393.136407879237,6.82801793655415,0.145260640618285,"Anelloviridae.pbmc","comp_hypergly",0.103915938316227
"496","<none>",NA,54.9572817594061,NA,NA,"Anelloviridae.pbmc","comp_psych",-18.679952044623
"497","binary",1,53.4841846052085,0.526902845802397,0.467911885781764,"Anelloviridae.pbmc","comp_psych",-18.679952044623
"498","sex",1,55.1797423682879,2.22246060888181,0.13601612849986,"Anelloviridae.pbmc","comp_psych",-18.679952044623
"499","discretized_admit_age_quantile",4,50.2308035501079,3.27352179070184,0.513138410032256,"Anelloviridae.pbmc","comp_psych",-18.679952044623
"500","trajectory_group",4,48.7461634395579,1.78888168015187,0.774515879613578,"Anelloviridae.pbmc","comp_psych",-18.679952044623
"501","<none>",NA,131.289157961611,NA,NA,"Anelloviridae.pbmc","comp_gastroent",-18.6096489675469
"502","binary",1,132.518123710686,3.22896574907472,0.0723463655230089,"Anelloviridae.pbmc","comp_gastroent",-18.6096489675469
"503","sex",1,130.464408787465,1.1752508258536,0.278324958040242,"Anelloviridae.pbmc","comp_gastroent",-18.6096489675469
"504","discretized_admit_age_quantile",4,123.877093933696,0.587935972084608,0.964394794277497,"Anelloviridae.pbmc","comp_gastroent",-18.6096489675469
"505","trajectory_group",4,130.098447607085,6.80928964547385,0.146316207115816,"Anelloviridae.pbmc","comp_gastroent",-18.6096489675469
"506","<none>",NA,39.572692778059,NA,NA,"Anelloviridae.pbmc","comp_pulmvas",1.79382868506967
"507","binary",1,38.9030110185261,1.33031824046713,0.248748610373352,"Anelloviridae.pbmc","comp_pulmvas",1.79382868506967
"508","sex",1,41.3558425065122,3.78314972845322,0.051771119392684,"Anelloviridae.pbmc","comp_pulmvas",1.79382868506967
"509","discretized_admit_age_quantile",4,37.1882073153184,5.61551453725938,0.229760711546769,"Anelloviridae.pbmc","comp_pulmvas",1.79382868506967
"510","trajectory_group",4,34.914142852183,3.34145007412397,0.502391766624159,"Anelloviridae.pbmc","comp_pulmvas",1.79382868506967
"511","<none>",NA,236.188281115356,NA,NA,"Anelloviridae.pbmc","comp_other2",0.0247159941391839
"512","binary",1,234.190124286053,0.00184317069692952,0.965755609296839,"Anelloviridae.pbmc","comp_other2",0.0247159941391839
"513","sex",1,234.193299408146,0.00501829279056665,0.943525168335847,"Anelloviridae.pbmc","comp_other2",0.0247159941391839
"514","discretized_admit_age_quantile",4,229.204175839068,1.01589472371208,0.907376328912112,"Anelloviridae.pbmc","comp_other2",0.0247159941391839
"515","trajectory_group",4,230.258163590472,2.06988247511632,0.722907289762215,"Anelloviridae.pbmc","comp_other2",0.0247159941391839
"516","<none>",NA,1294.17718296301,NA,NA,"Enterovirus.nasal","comorb_htn",-0.188862196287845
"517","binary",1,1292.5404681996,0.363285236589945,0.54668733619662,"Enterovirus.nasal","comorb_htn",-0.188862196287845
"518","sex",1,1292.19926392547,0.0220809624606773,0.88187192170099,"Enterovirus.nasal","comorb_htn",-0.188862196287845
"519","discretized_admit_age_quantile",4,1402.03545432403,115.858271361027,0.00000000000000000000000409285259608929,"Enterovirus.nasal","comorb_htn",-0.188862196287845
"520","trajectory_group",4,1289.45498642003,3.27780345702786,0.512456776614605,"Enterovirus.nasal","comorb_htn",-0.188862196287845
"521","<none>",NA,1317.44984115428,NA,NA,"Enterovirus.nasal","comorb_isaric_dm",0.270788979922737
"522","binary",1,1316.22986766582,0.780026511544293,0.377133031737837,"Enterovirus.nasal","comorb_isaric_dm",0.270788979922737
"523","sex",1,1324.51060698076,9.06076582648461,0.00261152574833009,"Enterovirus.nasal","comorb_isaric_dm",0.270788979922737
"524","discretized_admit_age_quantile",4,1348.77253384907,39.3226926947948,0.0000000597508919050042,"Enterovirus.nasal","comorb_isaric_dm",0.270788979922737
"525","trajectory_group",4,1323.32764133573,13.8778001814496,0.00769545524207202,"Enterovirus.nasal","comorb_isaric_dm",0.270788979922737
"526","<none>",NA,964.058757337818,NA,NA,"Enterovirus.nasal","comorb_anyresp_noasthma",0.338522438399388
"527","binary",1,962.879837293166,0.821079955348296,0.364864601403509,"Enterovirus.nasal","comorb_anyresp_noasthma",0.338522438399388
"528","sex",1,962.292676427585,0.233919089766914,0.628632986724509,"Enterovirus.nasal","comorb_anyresp_noasthma",0.338522438399388
"529","discretized_admit_age_quantile",4,998.37601880762,42.317261469802,0.0000000143372661518142,"Enterovirus.nasal","comorb_anyresp_noasthma",0.338522438399388
"530","trajectory_group",4,976.078545778273,20.0197884404548,0.000494927199886595,"Enterovirus.nasal","comorb_anyresp_noasthma",0.338522438399388
"531","<none>",NA,830.782958080695,NA,NA,"Enterovirus.nasal","comorb_isaric_asthma",-0.38988015495608
"532","binary",1,829.545316389799,0.762358309103774,0.382591502062239,"Enterovirus.nasal","comorb_isaric_asthma",-0.38988015495608
"533","sex",1,863.025984523555,34.2430264428592,0.00000000486415328473203,"Enterovirus.nasal","comorb_isaric_asthma",-0.38988015495608
"534","discretized_admit_age_quantile",4,830.109941982801,7.32698390210521,0.119585050892562,"Enterovirus.nasal","comorb_isaric_asthma",-0.38988015495608
"535","trajectory_group",4,826.68830903413,3.90535095343466,0.418966725569713,"Enterovirus.nasal","comorb_isaric_asthma",-0.38988015495608
"536","<none>",NA,1106.52479118047,NA,NA,"Enterovirus.nasal","comorb_isaric_cardiac",-0.0129586020792442
"537","binary",1,1104.52605346766,0.00126228718886523,0.971658176505182,"Enterovirus.nasal","comorb_isaric_cardiac",-0.0129586020792442
"538","sex",1,1110.29185686254,5.7670656820676,0.0163292780687049,"Enterovirus.nasal","comorb_isaric_cardiac",-0.0129586020792442
"539","discretized_admit_age_quantile",4,1171.18063131193,72.655840131463,0.0000000000000062376150328855,"Enterovirus.nasal","comorb_isaric_cardiac",-0.0129586020792442
"540","trajectory_group",4,1106.47482404188,7.9500328614065,0.0934257984290041,"Enterovirus.nasal","comorb_isaric_cardiac",-0.0129586020792442
"541","<none>",NA,849.032463870962,NA,NA,"Enterovirus.nasal","comorb_isaric_ckd",-1.39292984244311
"542","binary",1,852.381011748919,5.34854787795678,0.0207395364663962,"Enterovirus.nasal","comorb_isaric_ckd",-1.39292984244311
"543","sex",1,856.373945211837,9.34148134087491,0.00224024367385553,"Enterovirus.nasal","comorb_isaric_ckd",-1.39292984244311
"544","discretized_admit_age_quantile",4,856.372978012423,15.3405141414615,0.00404465658880805,"Enterovirus.nasal","comorb_isaric_ckd",-1.39292984244311
"545","trajectory_group",4,852.592034279799,11.5595704088374,0.0209453255056468,"Enterovirus.nasal","comorb_isaric_ckd",-1.39292984244311
"546","<none>",NA,633.393602202527,NA,NA,"Enterovirus.nasal","comorb_isaric_neoplasm",-0.298831411207068
"547","binary",1,631.693812958954,0.300210756427646,0.583750325594161,"Enterovirus.nasal","comorb_isaric_neoplasm",-0.298831411207068
"548","sex",1,631.432322157139,0.0387199546121337,0.844004502628859,"Enterovirus.nasal","comorb_isaric_neoplasm",-0.298831411207068
"549","discretized_admit_age_quantile",4,660.784300917153,35.3906987146261,0.000000386136631748683,"Enterovirus.nasal","comorb_isaric_neoplasm",-0.298831411207068
"550","trajectory_group",4,627.316547019134,1.92294481660724,0.749928816442676,"Enterovirus.nasal","comorb_isaric_neoplasm",-0.298831411207068
"551","<none>",NA,707.54939293583,NA,NA,"Enterovirus.nasal","comorb_neuro",0.0733600312130799
"552","binary",1,705.569877390701,0.0204844548711662,0.88619231841896,"Enterovirus.nasal","comorb_neuro",0.0733600312130799
"553","sex",1,706.569744583192,1.02035164736219,0.312435611931068,"Enterovirus.nasal","comorb_neuro",0.0733600312130799
"554","discretized_admit_age_quantile",4,729.918172174323,30.3687792384929,0.00000411717855755924,"Enterovirus.nasal","comorb_neuro",0.0733600312130799
"555","trajectory_group",4,702.006253671964,2.45686073613444,0.652376844767837,"Enterovirus.nasal","comorb_neuro",0.0733600312130799
"556","<none>",NA,414.47497757666,NA,NA,"Enterovirus.nasal","comorb_isaric_liver",-0.849734169943964
"557","binary",1,413.335009463294,0.860031886633863,0.353729768486656,"Enterovirus.nasal","comorb_isaric_liver",-0.849734169943964
"558","sex",1,412.633036673502,0.158059096841271,0.690949781667182,"Enterovirus.nasal","comorb_isaric_liver",-0.849734169943964
"559","discretized_admit_age_quantile",4,416.457744026854,9.9827664501932,0.0407189815851309,"Enterovirus.nasal","comorb_isaric_liver",-0.849734169943964
"560","trajectory_group",4,408.478519153012,2.00354157635138,0.735107446118528,"Enterovirus.nasal","comorb_isaric_liver",-0.849734169943964
"561","<none>",NA,361.264082208682,NA,NA,"Enterovirus.nasal","comorb_hxtrans",-0.724194343483594
"562","binary",1,359.834383031551,0.570300822869001,0.450139402153965,"Enterovirus.nasal","comorb_hxtrans",-0.724194343483594
"563","sex",1,362.955001598529,3.69091938984712,0.0547094517109447,"Enterovirus.nasal","comorb_hxtrans",-0.724194343483594
"564","discretized_admit_age_quantile",4,369.51746360041,16.2533813917279,0.00269734443699712,"Enterovirus.nasal","comorb_hxtrans",-0.724194343483594
"565","trajectory_group",4,358.539461606453,5.27537939777147,0.260190579903311,"Enterovirus.nasal","comorb_hxtrans",-0.724194343483594
"566","<none>",NA,140.155795103673,NA,NA,"Enterovirus.nasal","comorb_hiv2",0.684954504444021
"567","binary",1,138.494191450634,0.338396346960678,0.560756346637593,"Enterovirus.nasal","comorb_hiv2",0.684954504444021
"568","sex",1,138.453255049198,0.297459945524565,0.585479206024851,"Enterovirus.nasal","comorb_hiv2",0.684954504444021
"569","discretized_admit_age_quantile",4,145.234964780027,13.0791696763539,0.0108953659873132,"Enterovirus.nasal","comorb_hiv2",0.684954504444021
"570","trajectory_group",4,142.254316223903,10.09852112023,0.0388004079974302,"Enterovirus.nasal","comorb_hiv2",0.684954504444021
"571","<none>",NA,1230.4401380398,NA,NA,"Enterovirus.nasal","comorb_eversmkvape",0.245522998323622
"572","binary",1,1229.00272944285,0.562591403050419,0.453218007243196,"Enterovirus.nasal","comorb_eversmkvape",0.245522998323622
"573","sex",1,1238.83192608718,10.3917880473853,0.00126576990251565,"Enterovirus.nasal","comorb_eversmkvape",0.245522998323622
"574","discretized_admit_age_quantile",4,1280.10059752468,57.6604594848841,0.00000000000899180560006707,"Enterovirus.nasal","comorb_eversmkvape",0.245522998323622
"575","trajectory_group",4,1224.51015011831,2.07001207851067,0.722883464794088,"Enterovirus.nasal","comorb_eversmkvape",0.245522998323622
"576","<none>",NA,529.032568252327,NA,NA,"Enterovirus.nasal","comorb_anysubstance",-0.342713511629925
"577","binary",1,527.357319515029,0.324751262702193,0.568766203503258,"Enterovirus.nasal","comorb_anysubstance",-0.342713511629925
"578","sex",1,535.855593086382,8.82302483405476,0.00297453181646407,"Enterovirus.nasal","comorb_anysubstance",-0.342713511629925
"579","discretized_admit_age_quantile",4,533.403069146673,12.370500894346,0.0147986388608745,"Enterovirus.nasal","comorb_anysubstance",-0.342713511629925
"580","trajectory_group",4,524.382505180874,3.34993692854664,0.501059274233855,"Enterovirus.nasal","comorb_anysubstance",-0.342713511629925
"581","<none>",NA,484.566139610421,NA,NA,"Enterovirus.nasal","comorb_count",1.26851591306734
"582","binary",1,484.800905534948,2.23476592452732,0.13493705765175,"Enterovirus.nasal","comorb_count",1.26851591306734
"583","sex",1,491.105212313354,8.53907270293337,0.00347602674246611,"Enterovirus.nasal","comorb_count",1.26851591306734
"584","discretized_admit_age_quantile",4,483.780765588129,7.21462597770869,0.124971674977649,"Enterovirus.nasal","comorb_count",1.26851591306734
"585","trajectory_group",4,480.899554494496,4.33341488407513,0.362759551866019,"Enterovirus.nasal","comorb_count",1.26851591306734
"586","<none>",NA,484.566139610421,NA,NA,"Enterovirus.nasal","comorb_countcat",1.26851591306734
"587","binary",1,484.800905534948,2.23476592452732,0.13493705765175,"Enterovirus.nasal","comorb_countcat",1.26851591306734
"588","sex",1,491.105212313354,8.53907270293337,0.00347602674246611,"Enterovirus.nasal","comorb_countcat",1.26851591306734
"589","discretized_admit_age_quantile",4,483.780765588129,7.21462597770869,0.124971674977649,"Enterovirus.nasal","comorb_countcat",1.26851591306734
"590","trajectory_group",4,480.899554494496,4.33341488407513,0.362759551866019,"Enterovirus.nasal","comorb_countcat",1.26851591306734
"591","<none>",NA,1061.45067017332,NA,NA,"Enterovirus.nasal","timesymptomcat",0.00562610332680581
"592","binary",1,1059.45090032618,0.00023015285864858,0.987895925461593,"Enterovirus.nasal","timesymptomcat",0.00562610332680581
"593","sex",1,1060.44096812037,0.990297947044155,0.319669564537545,"Enterovirus.nasal","timesymptomcat",0.00562610332680581
"594","discretized_admit_age_quantile",4,1053.97861615225,0.527945978928756,0.970724030171321,"Enterovirus.nasal","timesymptomcat",0.00562610332680581
"595","trajectory_group",4,1058.01778831976,4.56711814643609,0.334663022701101,"Enterovirus.nasal","timesymptomcat",0.00562610332680581
"596","<none>",NA,793.062696975536,NA,NA,"Enterovirus.nasal","symptom_allresp",0.379363783595273
"597","binary",1,791.592438829419,0.529741853883252,0.466715409679487,"Enterovirus.nasal","symptom_allresp",0.379363783595273
"598","sex",1,791.367374107331,0.304677131795302,0.580965027911386,"Enterovirus.nasal","symptom_allresp",0.379363783595273
"599","discretized_admit_age_quantile",4,792.459518575133,7.39682159959739,0.116346034076638,"Enterovirus.nasal","symptom_allresp",0.379363783595273
"600","trajectory_group",4,801.296558723625,16.2338617480889,0.00272088617102243,"Enterovirus.nasal","symptom_allresp",0.379363783595273
"601","<none>",NA,1372.6197205325,NA,NA,"Enterovirus.nasal","symptom_cough",0.112952255260009
"602","binary",1,1370.74831888947,0.128598356964403,0.719889759835075,"Enterovirus.nasal","symptom_cough",0.112952255260009
"603","sex",1,1370.67069271673,0.0509721842290674,0.821380153874733,"Enterovirus.nasal","symptom_cough",0.112952255260009
"604","discretized_admit_age_quantile",4,1371.29200614044,6.67228560793774,0.154253549382303,"Enterovirus.nasal","symptom_cough",0.112952255260009
"605","trajectory_group",4,1369.80400800809,5.18428747558983,0.268905685585342,"Enterovirus.nasal","symptom_cough",0.112952255260009
"606","<none>",NA,862.394596772932,NA,NA,"Enterovirus.nasal","symptom_cough_prod",-0.0555035725986533
"607","binary",1,860.411990646857,0.0173938739250161,0.895074591432839,"Enterovirus.nasal","symptom_cough_prod",-0.0555035725986533
"608","sex",1,862.064067823952,1.6694710510202,0.196329397790893,"Enterovirus.nasal","symptom_cough_prod",-0.0555035725986533
"609","discretized_admit_age_quantile",4,859.254315321839,4.85971854890749,0.301996442350318,"Enterovirus.nasal","symptom_cough_prod",-0.0555035725986533
"610","trajectory_group",4,860.230642246118,5.836045473186,0.211731648734982,"Enterovirus.nasal","symptom_cough_prod",-0.0555035725986533
"611","<none>",NA,222.30523955587,NA,NA,"Enterovirus.nasal","symptom_haemoptysis",-15.5448038375398
"612","binary",1,222.355212388512,2.04997283264171,0.152208905807923,"Enterovirus.nasal","symptom_haemoptysis",-15.5448038375398
"613","sex",1,220.633816163233,0.328576607362749,0.56649843769807,"Enterovirus.nasal","symptom_haemoptysis",-15.5448038375398
"614","discretized_admit_age_quantile",4,214.807932298925,0.502692743055036,0.973238311189035,"Enterovirus.nasal","symptom_haemoptysis",-15.5448038375398
"615","trajectory_group",4,216.640918073578,2.33567851770738,0.674281013746948,"Enterovirus.nasal","symptom_haemoptysis",-15.5448038375398
"616","<none>",NA,591.075392131914,NA,NA,"Enterovirus.nasal","symptom_sorethroat",-0.975295251157698
"617","binary",1,591.32658577141,2.25119363949568,0.133511382068879,"Enterovirus.nasal","symptom_sorethroat",-0.975295251157698
"618","sex",1,589.517871060501,0.442478928587207,0.50592840248868,"Enterovirus.nasal","symptom_sorethroat",-0.975295251157698
"619","discretized_admit_age_quantile",4,584.753052083464,1.6776599515498,0.794771609583648,"Enterovirus.nasal","symptom_sorethroat",-0.975295251157698
"620","trajectory_group",4,586.15798736689,3.08259523497622,0.544099690738114,"Enterovirus.nasal","symptom_sorethroat",-0.975295251157698
"621","<none>",NA,422.068399225582,NA,NA,"Enterovirus.nasal","symptom_rhinorrhea",0.434697421424434
"622","binary",1,420.60042647468,0.532027249098348,0.465755806707718,"Enterovirus.nasal","symptom_rhinorrhea",0.434697421424434
"623","sex",1,420.163453877305,0.095054651723558,0.757846956493262,"Enterovirus.nasal","symptom_rhinorrhea",0.434697421424434
"624","discretized_admit_age_quantile",4,420.536785284579,6.46838605899705,0.16679324833489,"Enterovirus.nasal","symptom_rhinorrhea",0.434697421424434
"625","trajectory_group",4,423.411160153627,9.3427609280451,0.0530803801435096,"Enterovirus.nasal","symptom_rhinorrhea",0.434697421424434
"626","<none>",NA,420.084473031697,NA,NA,"Enterovirus.nasal","symptom_wheeze",0.813834665597486
"627","binary",1,420.284609780684,2.20013674898786,0.137998494865485,"Enterovirus.nasal","symptom_wheeze",0.813834665597486
"628","sex",1,418.730897417429,0.646424385732473,0.421393963215835,"Enterovirus.nasal","symptom_wheeze",0.813834665597486
"629","discretized_admit_age_quantile",4,422.154468148115,10.0699951164183,0.039264985624717,"Enterovirus.nasal","symptom_wheeze",0.813834665597486
"630","trajectory_group",4,415.264398638398,3.17992560670149,0.528179395180478,"Enterovirus.nasal","symptom_wheeze",0.813834665597486
"631","<none>",NA,986.788064867683,NA,NA,"Enterovirus.nasal","symptom_chestpain",0.30981630422243
"632","binary",1,985.566576363234,0.778511495551015,0.37759676426213,"Enterovirus.nasal","symptom_chestpain",0.30981630422243
"633","sex",1,984.951225482601,0.163160614917956,0.686263129845309,"Enterovirus.nasal","symptom_chestpain",0.30981630422243
"634","discretized_admit_age_quantile",4,1006.95844495268,28.1703800849972,0.000011519416306067,"Enterovirus.nasal","symptom_chestpain",0.30981630422243
"635","trajectory_group",4,982.184602187855,3.39653732017246,0.493783394925693,"Enterovirus.nasal","symptom_chestpain",0.30981630422243
"636","<none>",NA,1203.83816047415,NA,NA,"Enterovirus.nasal","symptom_dyspnea",0.0676316669947477
"637","binary",1,1201.87511113007,0.0369506559150068,0.84756554562745,"Enterovirus.nasal","symptom_dyspnea",0.0676316669947477
"638","sex",1,1201.87347163709,0.03531116294198,0.850945128393537,"Enterovirus.nasal","symptom_dyspnea",0.0676316669947477
"639","discretized_admit_age_quantile",4,1215.49464224074,19.6564817665917,0.000583723430361307,"Enterovirus.nasal","symptom_dyspnea",0.0676316669947477
"640","trajectory_group",4,1224.03233661629,28.1941761421344,0.0000113921482618758,"Enterovirus.nasal","symptom_dyspnea",0.0676316669947477
"641","<none>",NA,31.4813330818582,NA,NA,"Enterovirus.nasal","symptom_chestwall",-21.097927508173
"642","binary",1,29.6064145893523,0.125081507494173,0.723587226576185,"Enterovirus.nasal","symptom_chestwall",-21.097927508173
"643","sex",1,32.2618860732331,2.7805529913749,0.0954152185441293,"Enterovirus.nasal","symptom_chestwall",-21.097927508173
"644","discretized_admit_age_quantile",4,25.9279027623458,2.44656968048767,0.654228185944608,"Enterovirus.nasal","symptom_chestwall",-21.097927508173
"645","trajectory_group",4,26.9884668513744,3.50713376951626,0.476794468538395,"Enterovirus.nasal","symptom_chestwall",-21.097927508173
"646","<none>",NA,58.8518898891252,NA,NA,"Enterovirus.nasal","symptom_earpain",-19.7936113267279
"647","binary",1,57.2452717130634,0.393381823938192,0.530527106634205,"Enterovirus.nasal","symptom_earpain",-19.7936113267279
"648","sex",1,57.8121580747479,0.960268185622724,0.327119317867446,"Enterovirus.nasal","symptom_earpain",-19.7936113267279
"649","discretized_admit_age_quantile",4,53.5348033451095,2.68291345598434,0.612207832221472,"Enterovirus.nasal","symptom_earpain",-19.7936113267279
"650","trajectory_group",4,52.9214990535684,2.06960916444319,0.722957532583692,"Enterovirus.nasal","symptom_earpain",-19.7936113267279
"651","<none>",NA,30.5016594708017,NA,NA,"Enterovirus.nasal","symptom_conjunctivitis",-21.743982253466
"652","binary",1,28.7019941445241,0.200334673722352,0.654450842556449,"Enterovirus.nasal","symptom_conjunctivitis",-21.743982253466
"653","sex",1,29.7241295918416,1.22247012103985,0.268876433967918,"Enterovirus.nasal","symptom_conjunctivitis",-21.743982253466
"654","discretized_admit_age_quantile",4,27.7674008666633,5.26574139586162,0.261101114105957,"Enterovirus.nasal","symptom_conjunctivitis",-21.743982253466
"655","trajectory_group",4,23.8352979293368,1.33363845853511,0.855642977562385,"Enterovirus.nasal","symptom_conjunctivitis",-21.743982253466
"656","<none>",NA,1169.42324333585,NA,NA,"Enterovirus.nasal","symptom_allsyst",-0.736737096197597
"657","binary",1,1172.35019637038,4.92695303453229,0.0264408993663464,"Enterovirus.nasal","symptom_allsyst",-0.736737096197597
"658","sex",1,1167.69273820261,0.269494866757441,0.603670821318422,"Enterovirus.nasal","symptom_allsyst",-0.736737096197597
"659","discretized_admit_age_quantile",4,1177.69858074135,16.2753374054996,0.00267110398322922,"Enterovirus.nasal","symptom_allsyst",-0.736737096197597
"660","trajectory_group",4,1172.80996235513,11.3867190192771,0.0225449633513491,"Enterovirus.nasal","symptom_allsyst",-0.736737096197597
"661","<none>",NA,1379.46913905571,NA,NA,"Enterovirus.nasal","symptom_fever",-0.349810414058357
"662","binary",1,1378.76065910473,1.29152004901925,0.255768013871168,"Enterovirus.nasal","symptom_fever",-0.349810414058357
"663","sex",1,1377.74998008303,0.280841027322595,0.596150506824189,"Enterovirus.nasal","symptom_fever",-0.349810414058357
"664","discretized_admit_age_quantile",4,1404.056879527,32.5877404712894,0.00000145062201367531,"Enterovirus.nasal","symptom_fever",-0.349810414058357
"665","trajectory_group",4,1375.68281968202,4.21368062631041,0.377859033602198,"Enterovirus.nasal","symptom_fever",-0.349810414058357
"666","<none>",NA,1104.07672423287,NA,NA,"Enterovirus.nasal","symptom_chills",-0.728249558714046
"667","binary",1,1105.72971968772,3.65299545484345,0.0559684661641523,"Enterovirus.nasal","symptom_chills",-0.728249558714046
"668","sex",1,1102.75333144198,0.676607209101121,0.410757473366647,"Enterovirus.nasal","symptom_chills",-0.728249558714046
"669","discretized_admit_age_quantile",4,1109.65842965472,13.5817054218462,0.00875699565355593,"Enterovirus.nasal","symptom_chills",-0.728249558714046
"670","trajectory_group",4,1106.78337220619,10.7066479733119,0.0300664349238301,"Enterovirus.nasal","symptom_chills",-0.728249558714046
"671","<none>",NA,116.314492675397,NA,NA,"Enterovirus.nasal","symptom_shaking",-17.5675044393365
"672","binary",1,115.140891240351,0.826398564953976,0.363315993064285,"Enterovirus.nasal","symptom_shaking",-17.5675044393365
"673","sex",1,114.535187708119,0.220695032721451,0.63851084788091,"Enterovirus.nasal","symptom_shaking",-17.5675044393365
"674","discretized_admit_age_quantile",4,114.198133470351,5.88364079495372,0.208008205393132,"Enterovirus.nasal","symptom_shaking",-17.5675044393365
"675","trajectory_group",4,111.678513062354,3.36402038695662,0.49885310370316,"Enterovirus.nasal","symptom_shaking",-17.5675044393365
"676","<none>",NA,1388.62464046207,NA,NA,"Enterovirus.nasal","symptom_fatigue",-0.0221673494646894
"677","binary",1,1386.62990951525,0.00526905317155979,0.942133781944637,"Enterovirus.nasal","symptom_fatigue",-0.0221673494646894
"678","sex",1,1386.62865136762,0.00401090554601069,0.94950236516669,"Enterovirus.nasal","symptom_fatigue",-0.0221673494646894
"679","discretized_admit_age_quantile",4,1385.69115255581,5.0665120937349,0.280540772469571,"Enterovirus.nasal","symptom_fatigue",-0.0221673494646894
"680","trajectory_group",4,1388.3029695209,7.67832905882892,0.104098007741348,"Enterovirus.nasal","symptom_fatigue",-0.0221673494646894
"681","<none>",NA,1091.5975042078,NA,NA,"Enterovirus.nasal","symptom_myalgia",0.0650958184326903
"682","binary",1,1089.6322242171,0.0347200093017364,0.852183583180632,"Enterovirus.nasal","symptom_myalgia",0.0650958184326903
"683","sex",1,1089.78811041266,0.190606204864253,0.662412556730842,"Enterovirus.nasal","symptom_myalgia",0.0650958184326903
"684","discretized_admit_age_quantile",4,1095.14638787963,11.5488836718298,0.0210409475099056,"Enterovirus.nasal","symptom_myalgia",0.0650958184326903
"685","trajectory_group",4,1099.65842767666,16.0609234688604,0.00293849352644448,"Enterovirus.nasal","symptom_myalgia",0.0650958184326903
"686","<none>",NA,30.3841851991063,NA,NA,"Enterovirus.nasal","symptom_lymphadenopathy",-20.4709772096299
"687","binary",1,29.0509237021616,0.666738503055306,0.414191029523941,"Enterovirus.nasal","symptom_lymphadenopathy",-20.4709772096299
"688","sex",1,31.6611985049586,3.27701330585231,0.0702566740683107,"Enterovirus.nasal","symptom_lymphadenopathy",-20.4709772096299
"689","discretized_admit_age_quantile",4,22.5932872258344,0.209102026728143,0.994900960749094,"Enterovirus.nasal","symptom_lymphadenopathy",-20.4709772096299
"690","trajectory_group",4,26.9853870164848,4.60120181737853,0.330715641072001,"Enterovirus.nasal","symptom_lymphadenopathy",-20.4709772096299
"691","<none>",NA,1282.50923124245,NA,NA,"Enterovirus.nasal","symptom_allneuro",-0.330140292866561
"692","binary",1,1281.49211721754,0.98288597508963,0.321487342537717,"Enterovirus.nasal","symptom_allneuro",-0.330140292866561
"693","sex",1,1281.33042364893,0.821192406479213,0.364831764753548,"Enterovirus.nasal","symptom_allneuro",-0.330140292866561
"694","discretized_admit_age_quantile",4,1278.2781429827,3.76891174024831,0.438182585106082,"Enterovirus.nasal","symptom_allneuro",-0.330140292866561
"695","trajectory_group",4,1276.72428804581,2.21505680335895,0.696273654342028,"Enterovirus.nasal","symptom_allneuro",-0.330140292866561
"696","<none>",NA,920.200713301189,NA,NA,"Enterovirus.nasal","symptom_headache",0.443798031113722
"697","binary",1,919.690593550139,1.4898802489497,0.222235040823566,"Enterovirus.nasal","symptom_headache",0.443798031113722
"698","sex",1,918.901912492725,0.701199191535579,0.402381041677181,"Enterovirus.nasal","symptom_headache",0.443798031113722
"699","discretized_admit_age_quantile",4,927.416040263595,15.2153269624051,0.00427483158678382,"Enterovirus.nasal","symptom_headache",0.443798031113722
"700","trajectory_group",4,927.166911300289,14.9661979990996,0.0047718406479278,"Enterovirus.nasal","symptom_headache",0.443798031113722
"701","<none>",NA,409.411911498187,NA,NA,"Enterovirus.nasal","symptom_confusion",-15.5823803583442
"702","binary",1,412.89382612362,5.48191462543298,0.0192142022649264,"Enterovirus.nasal","symptom_confusion",-15.5823803583442
"703","sex",1,407.429331492545,0.0174199943576809,0.894996293652156,"Enterovirus.nasal","symptom_confusion",-15.5823803583442
"704","discretized_admit_age_quantile",4,427.324265918131,25.9123544199432,0.0000329587101012861,"Enterovirus.nasal","symptom_confusion",-15.5823803583442
"705","trajectory_group",4,411.839649198682,10.4277377004944,0.0338070761441483,"Enterovirus.nasal","symptom_confusion",-15.5823803583442
"706","<none>",NA,45.3789939556482,NA,NA,"Enterovirus.nasal","symptom_seizure",-20.4942066986624
"707","binary",1,43.709097955627,0.330103999978768,0.565597855537178,"Enterovirus.nasal","symptom_seizure",-20.4942066986624
"708","sex",1,45.6443222014285,2.2653282457803,0.132298178098534,"Enterovirus.nasal","symptom_seizure",-20.4942066986624
"709","discretized_admit_age_quantile",4,39.6925287343476,2.31353477869942,0.678305930659745,"Enterovirus.nasal","symptom_seizure",-20.4942066986624
"710","trajectory_group",4,40.5036464543412,3.12465249869297,0.537186087784835,"Enterovirus.nasal","symptom_seizure",-20.4942066986624
"711","<none>",NA,183.598547640612,NA,NA,"Enterovirus.nasal","symptom_syncope",-18.2196220857126
"712","binary",1,183.227785370935,1.62923773032264,0.201808513576491,"Enterovirus.nasal","symptom_syncope",-18.2196220857126
"713","sex",1,185.878525208074,4.27997756746197,0.0385638572417961,"Enterovirus.nasal","symptom_syncope",-18.2196220857126
"714","discretized_admit_age_quantile",4,184.078195345875,8.47964770526298,0.075506542505951,"Enterovirus.nasal","symptom_syncope",-18.2196220857126
"715","trajectory_group",4,182.945699860068,7.34715221945567,0.118641187866816,"Enterovirus.nasal","symptom_syncope",-18.2196220857126
"716","<none>",NA,709.113699789802,NA,NA,"Enterovirus.nasal","symptom_anosmia",-0.685149841659003
"717","binary",1,708.608684386771,1.49498459696963,0.221444679177431,"Enterovirus.nasal","symptom_anosmia",-0.685149841659003
"718","sex",1,707.959930683622,0.846230893819893,0.357620790971894,"Enterovirus.nasal","symptom_anosmia",-0.685149841659003
"719","discretized_admit_age_quantile",4,709.328804427469,8.2151046376672,0.084008942485396,"Enterovirus.nasal","symptom_anosmia",-0.685149841659003
"720","trajectory_group",4,704.108169677346,2.99446988754391,0.55875127762306,"Enterovirus.nasal","symptom_anosmia",-0.685149841659003
"721","<none>",NA,1357.87411685256,NA,NA,"Enterovirus.nasal","symptom_allGI",-0.366101939601198
"722","binary",1,1357.21837056986,1.34425371729594,0.246285207411258,"Enterovirus.nasal","symptom_allGI",-0.366101939601198
"723","sex",1,1362.3417187525,6.46760189994393,0.0109858676057241,"Enterovirus.nasal","symptom_allGI",-0.366101939601198
"724","discretized_admit_age_quantile",4,1356.13974641945,6.26562956688645,0.180169705668294,"Enterovirus.nasal","symptom_allGI",-0.366101939601198
"725","trajectory_group",4,1366.62478868829,16.7506718357295,0.00216085021773671,"Enterovirus.nasal","symptom_allGI",-0.366101939601198
"726","<none>",NA,647.805773024043,NA,NA,"Enterovirus.nasal","symptom_abdpain",0.40459594073361
"727","binary",1,646.603719733134,0.797946709090752,0.371707979631579,"Enterovirus.nasal","symptom_abdpain",0.40459594073361
"728","sex",1,647.009432693341,1.20365966929808,0.272591453334,"Enterovirus.nasal","symptom_abdpain",0.40459594073361
"729","discretized_admit_age_quantile",4,645.292804094107,5.48703107006429,0.240871813187936,"Enterovirus.nasal","symptom_abdpain",0.40459594073361
"730","trajectory_group",4,641.637926779272,1.83215375522934,0.766594673053664,"Enterovirus.nasal","symptom_abdpain",0.40459594073361
"731","<none>",NA,1053.19013888659,NA,NA,"Enterovirus.nasal","symptom_nausea",-1.08036907583927
"732","binary",1,1057.31481759673,6.12467871013132,0.013330751303093,"Enterovirus.nasal","symptom_nausea",-1.08036907583927
"733","sex",1,1058.42546629713,7.23532741053396,0.00714827731391302,"Enterovirus.nasal","symptom_nausea",-1.08036907583927
"734","discretized_admit_age_quantile",4,1059.68465602636,14.4945171397694,0.00587307037729798,"Enterovirus.nasal","symptom_nausea",-1.08036907583927
"735","trajectory_group",4,1063.75093534163,18.5607964550379,0.000958482522220332,"Enterovirus.nasal","symptom_nausea",-1.08036907583927
"736","<none>",NA,1087.05076949349,NA,NA,"Enterovirus.nasal","symptom_diarrhea",-0.100087306801849
"737","binary",1,1085.12656702522,0.0757975317312685,0.783075381805607,"Enterovirus.nasal","symptom_diarrhea",-0.100087306801849
"738","sex",1,1086.11483949619,1.06407000269974,0.302288743896637,"Enterovirus.nasal","symptom_diarrhea",-0.100087306801849
"739","discretized_admit_age_quantile",4,1084.93348563847,5.88271614498558,0.208079987040221,"Enterovirus.nasal","symptom_diarrhea",-0.100087306801849
"740","trajectory_group",4,1085.28260762411,6.23183813062269,0.182490545831313,"Enterovirus.nasal","symptom_diarrhea",-0.100087306801849
"741","<none>",NA,113.392918543398,NA,NA,"Enterovirus.nasal","symptom_allderm",1.66930028487122
"742","binary",1,114.315631295152,2.92271275175318,0.0873409160233579,"Enterovirus.nasal","symptom_allderm",1.66930028487122
"743","sex",1,111.489125838042,0.0962072946437047,0.756429395786324,"Enterovirus.nasal","symptom_allderm",1.66930028487122
"744","discretized_admit_age_quantile",4,112.795374669966,7.40245612656781,0.116088285130536,"Enterovirus.nasal","symptom_allderm",1.66930028487122
"745","trajectory_group",4,109.166958514015,3.77403997061697,0.437448995307935,"Enterovirus.nasal","symptom_allderm",1.66930028487122
"746","<none>",NA,91.5990376652468,NA,NA,"Enterovirus.nasal","symptom_skinrash",1.27299049103084
"747","binary",1,90.587163377826,0.988125712579219,0.320200898559879,"Enterovirus.nasal","symptom_skinrash",1.27299049103084
"748","sex",1,89.8765433156899,0.277505650443118,0.598340781779411,"Enterovirus.nasal","symptom_skinrash",1.27299049103084
"749","discretized_admit_age_quantile",4,86.571944442738,2.97290677749123,0.562369576674797,"Enterovirus.nasal","symptom_skinrash",1.27299049103084
"750","trajectory_group",4,85.0724000378878,1.47336237264101,0.831349280785014,"Enterovirus.nasal","symptom_skinrash",1.27299049103084
"751","<none>",NA,42.4275777350355,NA,NA,"Enterovirus.nasal","symptom_skinulcer",3.35669298191056
"752","binary",1,43.3672158081272,2.93963807309169,0.086430097061734,"Enterovirus.nasal","symptom_skinulcer",3.35669298191056
"753","sex",1,43.7069591234928,3.27938138845727,0.0701553674298478,"Enterovirus.nasal","symptom_skinulcer",3.35669298191056
"754","discretized_admit_age_quantile",4,44.218009924271,9.79043218923547,0.0441097292023472,"Enterovirus.nasal","symptom_skinulcer",3.35669298191056
"755","trajectory_group",4,43.2528232680389,8.82524553300335,0.0656190655812339,"Enterovirus.nasal","symptom_skinulcer",3.35669298191056
"756","<none>",NA,580.846217937403,NA,NA,"Enterovirus.nasal","symptom_allother",0.314538741204096
"757","binary",1,579.210964995262,0.364747057858608,0.545881588268602,"Enterovirus.nasal","symptom_allother",0.314538741204096
"758","sex",1,579.061395227944,0.215177290540169,0.642739409725019,"Enterovirus.nasal","symptom_allother",0.314538741204096
"759","discretized_admit_age_quantile",4,576.039538279904,3.19332034250033,0.526010501569424,"Enterovirus.nasal","symptom_allother",0.314538741204096
"760","trajectory_group",4,588.715158889603,15.8689409521993,0.00320016280710229,"Enterovirus.nasal","symptom_allother",0.314538741204096
"761","<none>",NA,330.160238046361,NA,NA,"Enterovirus.nasal","symptom_arthralgia",-16.2198079360568
"762","binary",1,331.883521994254,3.72328394789338,0.0536587391394297,"Enterovirus.nasal","symptom_arthralgia",-16.2198079360568
"763","sex",1,328.572320579122,0.412082532760621,0.520914382132162,"Enterovirus.nasal","symptom_arthralgia",-16.2198079360568
"764","discretized_admit_age_quantile",4,324.002056900168,1.84181885380667,0.764823115729817,"Enterovirus.nasal","symptom_arthralgia",-16.2198079360568
"765","trajectory_group",4,335.999841073141,13.8396030267803,0.00782497005564011,"Enterovirus.nasal","symptom_arthralgia",-16.2198079360568
"766","<none>",NA,211.242655993392,NA,NA,"Enterovirus.nasal","symptom_edema",0.860069238821618
"767","binary",1,210.243598505008,1.00094251161553,0.317082555068518,"Enterovirus.nasal","symptom_edema",0.860069238821618
"768","sex",1,210.938257813568,1.69560182017594,0.192864169033233,"Enterovirus.nasal","symptom_edema",0.860069238821618
"769","discretized_admit_age_quantile",4,205.517283836503,2.27462784311069,0.685392194560175,"Enterovirus.nasal","symptom_edema",0.860069238821618
"770","trajectory_group",4,215.76953057414,12.5268745807482,0.013834578704867,"Enterovirus.nasal","symptom_edema",0.860069238821618
"771","<none>",NA,242.572190546239,NA,NA,"Enterovirus.nasal","symptom_nonamb",0.66793560947861
"772","binary",1,241.212474684624,0.640284138384175,0.423607925279475,"Enterovirus.nasal","symptom_nonamb",0.66793560947861
"773","sex",1,241.207914267925,0.635723721685906,0.425263554967506,"Enterovirus.nasal","symptom_nonamb",0.66793560947861
"774","discretized_admit_age_quantile",4,238.208171898681,3.63598135244123,0.457505408993011,"Enterovirus.nasal","symptom_nonamb",0.66793560947861
"775","trajectory_group",4,237.72930302685,3.15711248061075,0.531885735935589,"Enterovirus.nasal","symptom_nonamb",0.66793560947861
"776","<none>",NA,52.5892315813808,NA,NA,"Enterovirus.nasal","symptom_bleeding",2.42867543286366
"777","binary",1,53.0761233876476,2.48689180626683,0.114798238540628,"Enterovirus.nasal","symptom_bleeding",2.42867543286366
"778","sex",1,50.615169789738,0.0259382083572106,0.872051316254507,"Enterovirus.nasal","symptom_bleeding",2.42867543286366
"779","discretized_admit_age_quantile",4,52.6413500221748,8.05211844079397,0.0896875784310344,"Enterovirus.nasal","symptom_bleeding",2.42867543286366
"780","trajectory_group",4,46.9771680351747,2.38793645379386,0.664808435352831,"Enterovirus.nasal","symptom_bleeding",2.42867543286366
"781","<none>",NA,741.303364351238,NA,NA,"Enterovirus.nasal","ever_ever_esc",-0.0585307210231549
"782","binary",1,739.318563227306,0.0151988760682116,0.901882430593087,"Enterovirus.nasal","ever_ever_esc",-0.0585307210231549
"783","sex",1,739.30352973645,0.000165385211744251,0.989739313290721,"Enterovirus.nasal","ever_ever_esc",-0.0585307210231549
"784","discretized_admit_age_quantile",4,737.70745317073,4.40408881949247,0.354072025071205,"Enterovirus.nasal","ever_ever_esc",-0.0585307210231549
"785","trajectory_group",4,864.971532216201,131.668167864964,0.00000000000000000000000000171245286601887,"Enterovirus.nasal","ever_ever_esc",-0.0585307210231549
"786","<none>",NA,790.411792470731,NA,NA,"Enterovirus.nasal","ever_icu",-0.148469597607695
"787","binary",1,788.521573698727,0.109781227996109,0.740393342166428,"Enterovirus.nasal","ever_icu",-0.148469597607695
"788","sex",1,795.790963749064,7.37917127833327,0.00659835682850899,"Enterovirus.nasal","ever_icu",-0.148469597607695
"789","discretized_admit_age_quantile",4,791.04872787862,8.63693540788915,0.0708434711327452,"Enterovirus.nasal","ever_icu",-0.148469597607695
"790","trajectory_group",4,1185.16271901268,402.750926541954,0.0000000000000000000000000000000000000000000000000000000000000000000000000000000000000707791538835145,"Enterovirus.nasal","ever_icu",-0.148469597607695
"791","<none>",NA,369.122073283977,NA,NA,"Enterovirus.nasal","diedever",0.884561865942094
"792","binary",1,369.489176253078,2.36710296910104,0.123916823657914,"Enterovirus.nasal","diedever",0.884561865942094
"793","sex",1,371.562296844534,4.4402235605574,0.0351016507457395,"Enterovirus.nasal","diedever",0.884561865942094
"794","discretized_admit_age_quantile",4,383.284116175933,22.1620428919564,0.000186070355525172,"Enterovirus.nasal","diedever",0.884561865942094
"795","trajectory_group",4,796.248932959694,435.126859675717,0.00000000000000000000000000000000000000000000000000000000000000000000000000000000000000000000712820949191618,"Enterovirus.nasal","diedever",0.884561865942094
"796","<none>",NA,1286.75533194903,NA,NA,"Enterovirus.nasal","ever_remdes",0.447935990703059
"797","binary",1,1286.46663864893,1.71130669990066,0.190815920611246,"Enterovirus.nasal","ever_remdes",0.447935990703059
"798","sex",1,1285.97997523667,1.22464328764045,0.268451326069988,"Enterovirus.nasal","ever_remdes",0.447935990703059
"799","discretized_admit_age_quantile",4,1284.04539835053,5.29006640150351,0.258808279040033,"Enterovirus.nasal","ever_remdes",0.447935990703059
"800","trajectory_group",4,1320.57082466381,41.8154927147827,0.0000000182170827916401,"Enterovirus.nasal","ever_remdes",0.447935990703059
"801","<none>",NA,1041.09449503936,NA,NA,"Enterovirus.nasal","ever_steroids",0.581053150879356
"802","binary",1,1041.38081605797,2.28632101860944,0.130518971683233,"Enterovirus.nasal","ever_steroids",0.581053150879356
"803","sex",1,1045.98028572362,6.88579068425202,0.00868836260205325,"Enterovirus.nasal","ever_steroids",0.581053150879356
"804","discretized_admit_age_quantile",4,1038.18863590187,5.09414086250467,0.277773735133213,"Enterovirus.nasal","ever_steroids",0.581053150879356
"805","trajectory_group",4,1119.75522565983,86.6607306204676,0.00000000000000000673849262036968,"Enterovirus.nasal","ever_steroids",0.581053150879356
"806","<none>",NA,1208.31142195875,NA,NA,"Enterovirus.nasal","ever_azithro",-0.103388004777827
"807","binary",1,1206.40351232245,0.0920903636911135,0.761536323257597,"Enterovirus.nasal","ever_azithro",-0.103388004777827
"808","sex",1,1207.05521956659,0.743797607838133,0.388447078028869,"Enterovirus.nasal","ever_azithro",-0.103388004777827
"809","discretized_admit_age_quantile",4,1202.37051679806,2.05909483930168,0.724890552611811,"Enterovirus.nasal","ever_azithro",-0.103388004777827
"810","trajectory_group",4,1217.02557762014,16.714155661389,0.00219637987236034,"Enterovirus.nasal","ever_azithro",-0.103388004777827
"811","<none>",NA,1218.77716765868,NA,NA,"Enterovirus.nasal","ever_otherabx",-0.0851326417304634
"812","binary",1,1216.84136599036,0.0641983316766073,0.799979296858163,"Enterovirus.nasal","ever_otherabx",-0.0851326417304634
"813","sex",1,1216.78437195578,0.00720429709895143,0.932358278077688,"Enterovirus.nasal","ever_otherabx",-0.0851326417304634
"814","discretized_admit_age_quantile",4,1213.50908508162,2.73191742293739,0.603641139910635,"Enterovirus.nasal","ever_otherabx",-0.0851326417304634
"815","trajectory_group",4,1317.33834864801,106.561180989326,0.000000000000000000000393711517007741,"Enterovirus.nasal","ever_otherabx",-0.0851326417304634
"816","<none>",NA,453.344573102374,NA,NA,"Enterovirus.nasal","ever_conplas",-0.795979923027708
"817","binary",1,452.604645350268,1.26007224789396,0.261637415491981,"Enterovirus.nasal","ever_conplas",-0.795979923027708
"818","sex",1,454.414512112343,3.06993900996872,0.0797524638000621,"Enterovirus.nasal","ever_conplas",-0.795979923027708
"819","discretized_admit_age_quantile",4,459.705807545651,14.3612344432769,0.00622706839892337,"Enterovirus.nasal","ever_conplas",-0.795979923027708
"820","trajectory_group",4,468.861233485445,23.5166603830705,0.0000998196215839526,"Enterovirus.nasal","ever_conplas",-0.795979923027708
"821","<none>",NA,70.9544271104986,NA,NA,"Enterovirus.nasal","ever_monoclonal",3.89973339718188
"822","binary",1,72.9397422603394,3.98531514984086,0.0458985137492749,"Enterovirus.nasal","ever_monoclonal",3.89973339718188
"823","sex",1,68.9599646734253,0.00553756292674734,0.940680330256849,"Enterovirus.nasal","ever_monoclonal",3.89973339718188
"824","discretized_admit_age_quantile",4,66.5263920760963,3.57196496559774,0.467020607423241,"Enterovirus.nasal","ever_monoclonal",3.89973339718188
"825","trajectory_group",4,66.8261137980662,3.8716866875676,0.423649595355441,"Enterovirus.nasal","ever_monoclonal",3.89973339718188
"826","<none>",NA,447.192331854649,NA,NA,"Enterovirus.nasal","ever_immsupp",0.118314679563313
"827","binary",1,445.223759409299,0.0314275546500085,0.859289885741216,"Enterovirus.nasal","ever_immsupp",0.118314679563313
"828","sex",1,447.55769670146,2.36536484681193,0.124054906725299,"Enterovirus.nasal","ever_immsupp",0.118314679563313
"829","discretized_admit_age_quantile",4,449.944767348776,10.752435494128,0.0294918107722879,"Enterovirus.nasal","ever_immsupp",0.118314679563313
"830","trajectory_group",4,441.506004767304,2.31367291265519,0.678280803884022,"Enterovirus.nasal","ever_immsupp",0.118314679563313
"831","<none>",NA,738.116029954635,NA,NA,"Enterovirus.nasal","anycomp",-0.458996059646724
"832","binary",1,737.139366932239,1.02333697760366,0.31172877433346,"Enterovirus.nasal","anycomp",-0.458996059646724
"833","sex",1,740.199599921856,4.08356996722023,0.0433020787571359,"Enterovirus.nasal","anycomp",-0.458996059646724
"834","discretized_admit_age_quantile",4,738.229980277464,8.11395032282871,0.0874921108802382,"Enterovirus.nasal","anycomp",-0.458996059646724
"835","trajectory_group",4,769.158547927834,39.0425179731988,0.0000000682698492231477,"Enterovirus.nasal","anycomp",-0.458996059646724
"836","<none>",NA,738.116029954635,NA,NA,"Enterovirus.nasal","ncomp",-0.458996059646724
"837","binary",1,737.139366932239,1.02333697760366,0.31172877433346,"Enterovirus.nasal","ncomp",-0.458996059646724
"838","sex",1,740.199599921856,4.08356996722023,0.0433020787571359,"Enterovirus.nasal","ncomp",-0.458996059646724
"839","discretized_admit_age_quantile",4,738.229980277464,8.11395032282871,0.0874921108802382,"Enterovirus.nasal","ncomp",-0.458996059646724
"840","trajectory_group",4,769.158547927834,39.0425179731988,0.0000000682698492231477,"Enterovirus.nasal","ncomp",-0.458996059646724
"841","<none>",NA,77.5299426517075,NA,NA,"Enterovirus.nasal","comp_seizure",1.57125471312684
"842","binary",1,76.8711243971986,1.34118174549108,0.246825672512055,"Enterovirus.nasal","comp_seizure",1.57125471312684
"843","sex",1,76.1917313934687,0.661788741761256,0.415929159588238,"Enterovirus.nasal","comp_seizure",1.57125471312684
"844","discretized_admit_age_quantile",4,73.889447844732,4.35950519302449,0.359533039293244,"Enterovirus.nasal","comp_seizure",1.57125471312684
"845","trajectory_group",4,72.9470323709274,3.41708971921993,0.490596480475455,"Enterovirus.nasal","comp_seizure",1.57125471312684
"846","<none>",NA,146.993028436697,NA,NA,"Enterovirus.nasal","comp_meningitis",-18.086340831119
"847","binary",1,146.381104044937,1.38807560824,0.238730352292263,"Enterovirus.nasal","comp_meningitis",-18.086340831119
"848","sex",1,145.990833565379,0.997805128681989,0.317842185948567,"Enterovirus.nasal","comp_meningitis",-18.086340831119
"849","discretized_admit_age_quantile",4,142.472736317973,3.47970788127611,0.480970506408026,"Enterovirus.nasal","comp_meningitis",-18.086340831119
"850","trajectory_group",4,148.60194239346,9.60891395676285,0.0475567800961409,"Enterovirus.nasal","comp_meningitis",-18.086340831119
"851","<none>",NA,182.967209280863,NA,NA,"Enterovirus.nasal","comp_stroke",-18.2686064589341
"852","binary",1,182.767271868763,1.8000625878999,0.179704928491341,"Enterovirus.nasal","comp_stroke",-18.2686064589341
"853","sex",1,181.559230815291,0.592021534428284,0.441638466866779,"Enterovirus.nasal","comp_stroke",-18.2686064589341
"854","discretized_admit_age_quantile",4,179.113680987754,4.14647170689068,0.386545836956145,"Enterovirus.nasal","comp_stroke",-18.2686064589341
"855","trajectory_group",4,193.917808834162,18.9505995532993,0.000803703857600947,"Enterovirus.nasal","comp_stroke",-18.2686064589341
"856","<none>",NA,506.315310622262,NA,NA,"Enterovirus.nasal","comp_afib",0.109205302710233
"857","binary",1,504.350792912025,0.0354822897625127,0.850588627501077,"Enterovirus.nasal","comp_afib",0.109205302710233
"858","sex",1,511.924611694386,7.60930107212391,0.00580679871715319,"Enterovirus.nasal","comp_afib",0.109205302710233
"859","discretized_admit_age_quantile",4,520.16989769883,21.8545870765681,0.00021422917821248,"Enterovirus.nasal","comp_afib",0.109205302710233
"860","trajectory_group",4,525.092863383107,26.777552760845,0.0000220471350157675,"Enterovirus.nasal","comp_afib",0.109205302710233
"861","<none>",NA,287.890138667323,NA,NA,"Enterovirus.nasal","comp_ventricular_arr",-0.354968716918392
"862","binary",1,286.01886536186,0.128726694536738,0.719755915759796,"Enterovirus.nasal","comp_ventricular_arr",-0.354968716918392
"863","sex",1,288.699649274066,2.809510606743,0.093706958410683,"Enterovirus.nasal","comp_ventricular_arr",-0.354968716918392
"864","discretized_admit_age_quantile",4,281.837830492493,1.94769182516978,0.745379322032878,"Enterovirus.nasal","comp_ventricular_arr",-0.354968716918392
"865","trajectory_group",4,305.325603414892,25.4354647475694,0.0000411188853667018,"Enterovirus.nasal","comp_ventricular_arr",-0.354968716918392
"866","<none>",NA,33.6771768776591,NA,NA,"Enterovirus.nasal","comp_endo",-19.5672868838115
"867","binary",1,31.840123722041,0.162946844381882,0.686457793961394,"Enterovirus.nasal","comp_endo",-19.5672868838115
"868","sex",1,32.6995940746609,1.02241719700183,0.311946328633462,"Enterovirus.nasal","comp_endo",-19.5672868838115
"869","discretized_admit_age_quantile",4,27.6646062527599,1.9874293751008,0.738071104302283,"Enterovirus.nasal","comp_endo",-19.5672868838115
"870","trajectory_group",4,28.79179369778,3.11461682012089,0.538831104445506,"Enterovirus.nasal","comp_endo",-19.5672868838115
"871","<none>",NA,66.3277268665736,NA,NA,"Enterovirus.nasal","comp_myocard",-19.8863668050301
"872","binary",1,64.7850054557576,0.457278589184,0.498898582061937,"Enterovirus.nasal","comp_myocard",-19.8863668050301
"873","sex",1,64.8166130609478,0.48888619437426,0.484424568710167,"Enterovirus.nasal","comp_myocard",-19.8863668050301
"874","discretized_admit_age_quantile",4,63.4412515796999,5.11352471312635,0.275846238358486,"Enterovirus.nasal","comp_myocard",-19.8863668050301
"875","trajectory_group",4,63.162929774322,4.83520290774843,0.304628438904867,"Enterovirus.nasal","comp_myocard",-19.8863668050301
"876","<none>",NA,179.616741717206,NA,NA,"Enterovirus.nasal","comp_cardarrest",-18.6628196119434
"877","binary",1,178.767349379618,1.1506076624126,0.283421980734403,"Enterovirus.nasal","comp_cardarrest",-18.6628196119434
"878","sex",1,179.520559763384,1.90381804617789,0.16765158010273,"Enterovirus.nasal","comp_cardarrest",-18.6628196119434
"879","discretized_admit_age_quantile",4,174.177927628707,2.56118591150098,0.63371403304153,"Enterovirus.nasal","comp_cardarrest",-18.6628196119434
"880","trajectory_group",4,291.254646398303,119.637904681097,0.000000000000000000000000638260576333837,"Enterovirus.nasal","comp_cardarrest",-18.6628196119434
"881","<none>",NA,134.52276541957,NA,NA,"Enterovirus.nasal","comp_stemi",-18.861027305291
"882","binary",1,133.68273685424,1.15997143466967,0.281471464708614,"Enterovirus.nasal","comp_stemi",-18.861027305291
"883","sex",1,132.937075509804,0.414310090234011,0.519789940666783,"Enterovirus.nasal","comp_stemi",-18.861027305291
"884","discretized_admit_age_quantile",4,130.287080862915,3.76431544334491,0.438840832877594,"Enterovirus.nasal","comp_stemi",-18.861027305291
"885","trajectory_group",4,138.923546154737,12.4007807351665,0.0146069895969332,"Enterovirus.nasal","comp_stemi",-18.861027305291
"886","<none>",NA,247.337286593671,NA,NA,"Enterovirus.nasal","comp_nstemi",-0.0103306621477804
"887","binary",1,245.33738407052,0.0000974768486514677,0.992122584629813,"Enterovirus.nasal","comp_nstemi",-0.0103306621477804
"888","sex",1,247.503953380684,2.16666678701284,0.141031629480931,"Enterovirus.nasal","comp_nstemi",-0.0103306621477804
"889","discretized_admit_age_quantile",4,243.343383948792,4.0060973551206,0.405181291359598,"Enterovirus.nasal","comp_nstemi",-0.0103306621477804
"890","trajectory_group",4,255.585917840223,16.2486312465518,0.00270305483058369,"Enterovirus.nasal","comp_nstemi",-0.0103306621477804
"891","<none>",NA,476.876880442144,NA,NA,"Enterovirus.nasal","comp_chf",0.389099875329397
"892","binary",1,475.332773197886,0.455892755741502,0.499549781198862,"Enterovirus.nasal","comp_chf",0.389099875329397
"893","sex",1,478.247036748821,3.37015630667713,0.0663874563917337,"Enterovirus.nasal","comp_chf",0.389099875329397
"894","discretized_admit_age_quantile",4,478.508209003412,9.63132856126748,0.0471175721648674,"Enterovirus.nasal","comp_chf",0.389099875329397
"895","trajectory_group",4,498.813048238192,29.9361677960474,0.00000504308820554474,"Enterovirus.nasal","comp_chf",0.389099875329397
"896","<none>",NA,1106.04888328113,NA,NA,"Enterovirus.nasal","comp_pneumonia",0.0671039246144868
"897","binary",1,1104.08582773232,0.0369444511864003,0.847578187661437,"Enterovirus.nasal","comp_pneumonia",0.0671039246144868
"898","sex",1,1104.16437698531,0.115493704178107,0.733974276739724,"Enterovirus.nasal","comp_pneumonia",0.0671039246144868
"899","discretized_admit_age_quantile",4,1102.08814659875,4.03926331761795,0.400718215914448,"Enterovirus.nasal","comp_pneumonia",0.0671039246144868
"900","trajectory_group",4,1159.74408611713,61.6952028360029,0.00000000000127683169146187,"Enterovirus.nasal","comp_pneumonia",0.0671039246144868
"901","<none>",NA,76.7494448465209,NA,NA,"Enterovirus.nasal","comp_bronch",1.34900440802032
"902","binary",1,75.7122899338282,0.962845087307244,0.326471099549166,"Enterovirus.nasal","comp_bronch",1.34900440802032
"903","sex",1,74.7551372644617,0.00569241794073605,0.939858178650636,"Enterovirus.nasal","comp_bronch",1.34900440802032
"904","discretized_admit_age_quantile",4,70.3238021453565,1.57435729883561,0.813393361842042,"Enterovirus.nasal","comp_bronch",1.34900440802032
"905","trajectory_group",4,73.8129735618195,5.0635287152986,0.280840947357072,"Enterovirus.nasal","comp_bronch",1.34900440802032
"906","<none>",NA,248.84834027994,NA,NA,"Enterovirus.nasal","comp_pneumo",0.781986012173854
"907","binary",1,248.045166319906,1.19682603996571,0.273956974695313,"Enterovirus.nasal","comp_pneumo",0.781986012173854
"908","sex",1,249.315974306734,2.46763402679363,0.116212739574477,"Enterovirus.nasal","comp_pneumo",0.781986012173854
"909","discretized_admit_age_quantile",4,251.742458859264,10.8941185793237,0.0277801043072442,"Enterovirus.nasal","comp_pneumo",0.781986012173854
"910","trajectory_group",4,266.617172337743,25.768832057803,0.0000352287176121891,"Enterovirus.nasal","comp_pneumo",0.781986012173854
"911","<none>",NA,119.466647481377,NA,NA,"Enterovirus.nasal","comp_pneumomed",0.574602021294076
"912","binary",1,117.697608690674,0.230961209297107,0.630812020456737,"Enterovirus.nasal","comp_pneumomed",0.574602021294076
"913","sex",1,118.945966072362,1.47931859098475,0.2238811654983,"Enterovirus.nasal","comp_pneumomed",0.574602021294076
"914","discretized_admit_age_quantile",4,114.854010859711,3.38736337833389,0.495210292335454,"Enterovirus.nasal","comp_pneumomed",0.574602021294076
"915","trajectory_group",4,142.16571422867,30.6990667472924,0.00000352604392520791,"Enterovirus.nasal","comp_pneumomed",0.574602021294076
"916","<none>",NA,94.2827626532729,NA,NA,"Enterovirus.nasal","comp_aat",-18.9968437595764
"917","binary",1,92.8776689438179,0.594906290545012,0.440528133362073,"Enterovirus.nasal","comp_aat",-18.9968437595764
"918","sex",1,92.6686016958164,0.385839042543523,0.53449472720044,"Enterovirus.nasal","comp_aat",-18.9968437595764
"919","discretized_admit_age_quantile",4,91.2852574086281,5.0024947553552,0.287041613473173,"Enterovirus.nasal","comp_aat",-18.9968437595764
"920","trajectory_group",4,92.2033876935149,5.92062504024196,0.205154981378991,"Enterovirus.nasal","comp_aat",-18.9968437595764
"921","<none>",NA,462.237810371704,NA,NA,"Enterovirus.nasal","comp_avthromb",-0.108064198211214
"922","binary",1,460.271630454178,0.0338200824738237,0.854090043861143,"Enterovirus.nasal","comp_avthromb",-0.108064198211214
"923","sex",1,462.66666533474,2.42885496303597,0.119119881408858,"Enterovirus.nasal","comp_avthromb",-0.108064198211214
"924","discretized_admit_age_quantile",4,463.438792385535,9.2009820138307,0.0562675811355395,"Enterovirus.nasal","comp_avthromb",-0.108064198211214
"925","trajectory_group",4,496.784263453498,42.5464530817936,0.000000012851038814469,"Enterovirus.nasal","comp_avthromb",-0.108064198211214
"926","<none>",NA,566.914364787061,NA,NA,"Enterovirus.nasal","comp_shock",-0.291190487889762
"927","binary",1,565.198326390771,0.283961603710054,0.594116319832131,"Enterovirus.nasal","comp_shock",-0.291190487889762
"928","sex",1,566.831317123035,1.91695233597397,0.166193022604319,"Enterovirus.nasal","comp_shock",-0.291190487889762
"929","discretized_admit_age_quantile",4,565.445656892186,6.53129210512475,0.162829375036209,"Enterovirus.nasal","comp_shock",-0.291190487889762
"930","trajectory_group",4,811.609861855096,252.695497068035,0.0000000000000000000000000000000000000000000000000000170946920616997,"Enterovirus.nasal","comp_shock",-0.291190487889762
"931","<none>",NA,665.855261209829,NA,NA,"Enterovirus.nasal","comp_bac",0.445059738482528
"932","binary",1,664.823973886529,0.968712676699965,0.325001443563198,"Enterovirus.nasal","comp_bac",0.445059738482528
"933","sex",1,665.052418115056,1.19715690522742,0.273890662666366,"Enterovirus.nasal","comp_bac",0.445059738482528
"934","discretized_admit_age_quantile",4,660.768254539205,2.91299332937695,0.572489748758768,"Enterovirus.nasal","comp_bac",0.445059738482528
"935","trajectory_group",4,719.341498033592,61.4862368237635,0.00000000000141280722238334,"Enterovirus.nasal","comp_bac",0.445059738482528
"936","<none>",NA,291.204684007801,NA,NA,"Enterovirus.nasal","comp_coag",0.725090881180633
"937","binary",1,289.908284171907,0.703600164105353,0.401576624715841,"Enterovirus.nasal","comp_coag",0.725090881180633
"938","sex",1,289.298679497123,0.0939954893216282,0.759157873129125,"Enterovirus.nasal","comp_coag",0.725090881180633
"939","discretized_admit_age_quantile",4,289.861012627914,6.65632862011279,0.15520308330071,"Enterovirus.nasal","comp_coag",0.725090881180633
"940","trajectory_group",4,293.025925928992,9.82124192119062,0.0435489334936611,"Enterovirus.nasal","comp_coag",0.725090881180633
"941","<none>",NA,169.572501703838,NA,NA,"Enterovirus.nasal","comp_hypogly",0.935554653557236
"942","binary",1,168.632440943834,1.0599392399962,0.303229043307814,"Enterovirus.nasal","comp_hypogly",0.935554653557236
"943","sex",1,167.626214429729,0.0537127258913017,0.816724379161575,"Enterovirus.nasal","comp_hypogly",0.935554653557236
"944","discretized_admit_age_quantile",4,165.281624780918,3.70912307708008,0.446800414571352,"Enterovirus.nasal","comp_hypogly",0.935554653557236
"945","trajectory_group",4,165.642117449668,4.06961574582965,0.396666360170522,"Enterovirus.nasal","comp_hypogly",0.935554653557236
"946","<none>",NA,391.835039041224,NA,NA,"Enterovirus.nasal","comp_bleed",0.633553467266041
"947","binary",1,391.037915319299,1.20287627807539,0.272747559939726,"Enterovirus.nasal","comp_bleed",0.633553467266041
"948","sex",1,389.835336659726,0.000297618502031582,0.986235878969364,"Enterovirus.nasal","comp_bleed",0.633553467266041
"949","discretized_admit_age_quantile",4,389.433174069825,5.59813502860055,0.231237058209568,"Enterovirus.nasal","comp_bleed",0.633553467266041
"950","trajectory_group",4,434.661839564529,50.8268005233045,0.00000000024261900234289,"Enterovirus.nasal","comp_bleed",0.633553467266041
"951","<none>",NA,761.513705810682,NA,NA,"Enterovirus.nasal","comp_anemia",-0.133253649972132
"952","binary",1,759.607653578175,0.0939477674928639,0.759217127868385,"Enterovirus.nasal","comp_anemia",-0.133253649972132
"953","sex",1,760.152203420935,0.638497610253012,0.424255358395205,"Enterovirus.nasal","comp_anemia",-0.133253649972132
"954","discretized_admit_age_quantile",4,754.028540459723,0.514834649041063,0.972040849083918,"Enterovirus.nasal","comp_anemia",-0.133253649972132
"955","trajectory_group",4,821.0564541033,67.5427482926178,0.0000000000000749032076125106,"Enterovirus.nasal","comp_anemia",-0.133253649972132
"956","<none>",NA,81.90788537085,NA,NA,"Enterovirus.nasal","comp_pancreas",-19.1608143179734
"957","binary",1,80.5668709460265,0.65898557517643,0.416918301950338,"Enterovirus.nasal","comp_pancreas",-19.1608143179734
"958","sex",1,81.3084163930713,1.40053102222127,0.236634680459523,"Enterovirus.nasal","comp_pancreas",-19.1608143179734
"959","discretized_admit_age_quantile",4,82.4335152126028,8.52562984175277,0.0741141444810224,"Enterovirus.nasal","comp_pancreas",-19.1608143179734
"960","trajectory_group",4,79.819288723637,5.91140335278693,0.20586314494539,"Enterovirus.nasal","comp_pancreas",-19.1608143179734
"961","<none>",NA,941.955310864089,NA,NA,"Enterovirus.nasal","comp_renal",0.121343739287236
"962","binary",1,940.056213139089,0.10090227500018,0.750749543797009,"Enterovirus.nasal","comp_renal",0.121343739287236
"963","sex",1,950.989219994381,11.0339091302924,0.000894603027348319,"Enterovirus.nasal","comp_renal",0.121343739287236
"964","discretized_admit_age_quantile",4,940.847809317917,6.89249845382858,0.141679423221913,"Enterovirus.nasal","comp_renal",0.121343739287236
"965","trajectory_group",4,1022.38743571039,88.4321248463058,0.00000000000000000283465897175921,"Enterovirus.nasal","comp_renal",0.121343739287236
"966","<none>",NA,771.192816679418,NA,NA,"Enterovirus.nasal","comp_liver",-0.148572670805886
"967","binary",1,769.299218254011,0.106401574592951,0.744278683545914,"Enterovirus.nasal","comp_liver",-0.148572670805886
"968","sex",1,772.267058256347,3.07424157692856,0.0795416859602133,"Enterovirus.nasal","comp_liver",-0.148572670805886
"969","discretized_admit_age_quantile",4,774.631071116812,11.4382544373938,0.0220560364915457,"Enterovirus.nasal","comp_liver",-0.148572670805886
"970","trajectory_group",4,766.414810115958,3.22199343653938,0.521385970379912,"Enterovirus.nasal","comp_liver",-0.148572670805886
"971","<none>",NA,358.3041316943,NA,NA,"Enterovirus.nasal","comp_othlab",-0.318612449661993
"972","binary",1,356.48502338973,0.180891695430262,0.670608048899573,"Enterovirus.nasal","comp_othlab",-0.318612449661993
"973","sex",1,358.441773784115,2.1376420898153,0.143722646656943,"Enterovirus.nasal","comp_othlab",-0.318612449661993
"974","discretized_admit_age_quantile",4,357.227954560868,6.92382286656823,0.139969017200136,"Enterovirus.nasal","comp_othlab",-0.318612449661993
"975","trajectory_group",4,353.300506664488,2.99637497018773,0.558432223629495,"Enterovirus.nasal","comp_othlab",-0.318612449661993
"976","<none>",NA,335.441976773792,NA,NA,"Enterovirus.nasal","comp_electrolyte",0.179236689842239
"977","binary",1,333.493091459602,0.0511146858100346,0.821134866062142,"Enterovirus.nasal","comp_electrolyte",0.179236689842239
"978","sex",1,333.575959206624,0.133982432831999,0.7143381316872,"Enterovirus.nasal","comp_electrolyte",0.179236689842239
"979","discretized_admit_age_quantile",4,338.165953996973,10.7239772231811,0.0298476965885801,"Enterovirus.nasal","comp_electrolyte",0.179236689842239
"980","trajectory_group",4,336.851324626229,9.4093478524365,0.0516436465673375,"Enterovirus.nasal","comp_electrolyte",0.179236689842239
"981","<none>",NA,298.904877681879,NA,NA,"Enterovirus.nasal","comp_othinf",0.605759995421069
"982","binary",1,297.657514828071,0.752637146191489,0.385642576967085,"Enterovirus.nasal","comp_othinf",0.605759995421069
"983","sex",1,296.914066475563,0.00918879368310854,0.923633196624797,"Enterovirus.nasal","comp_othinf",0.605759995421069
"984","discretized_admit_age_quantile",4,295.528352416286,4.62347473440633,0.328156571891734,"Enterovirus.nasal","comp_othinf",0.605759995421069
"985","trajectory_group",4,294.70312405944,3.79824637756025,0.433998220031181,"Enterovirus.nasal","comp_othinf",0.605759995421069
"986","<none>",NA,33.3012602657337,NA,NA,"Enterovirus.nasal","comp_othpulm",-20.4469089480926
"987","binary",1,31.45133848381,0.150078218076331,0.698460621523101,"Enterovirus.nasal","comp_othpulm",-20.4469089480926
"988","sex",1,32.6215832409555,1.32032297522179,0.250534094963925,"Enterovirus.nasal","comp_othpulm",-20.4469089480926
"989","discretized_admit_age_quantile",4,28.02792251265,2.7266622469163,0.604557189781882,"Enterovirus.nasal","comp_othpulm",-20.4469089480926
"990","trajectory_group",4,27.7024364790599,2.4011762133262,0.662414715444902,"Enterovirus.nasal","comp_othpulm",-20.4469089480926
"991","<none>",NA,156.011138164124,NA,NA,"Enterovirus.nasal","comp_unddisease",0.0799429963835629
"992","binary",1,154.016112036395,0.00497387227085255,0.943775257623896,"Enterovirus.nasal","comp_unddisease",0.0799429963835629
"993","sex",1,154.86961367164,0.858475507516488,0.354165661860833,"Enterovirus.nasal","comp_unddisease",0.0799429963835629
"994","discretized_admit_age_quantile",4,160.737789860728,12.7266516966042,0.0126916099706151,"Enterovirus.nasal","comp_unddisease",0.0799429963835629
"995","trajectory_group",4,149.362200296914,1.35106213279073,0.852654463990927,"Enterovirus.nasal","comp_unddisease",0.0799429963835629
"996","<none>",NA,223.023975167505,NA,NA,"Enterovirus.nasal","comp_enceph",0.419106865127062
"997","binary",1,221.274235864726,0.250260697220966,0.616891572336367,"Enterovirus.nasal","comp_enceph",0.419106865127062
"998","sex",1,221.785086903242,0.761111735736932,0.382980831597426,"Enterovirus.nasal","comp_enceph",0.419106865127062
"999","discretized_admit_age_quantile",4,222.12971112712,7.10573595961492,0.130404956507683,"Enterovirus.nasal","comp_enceph",0.419106865127062
"1000","trajectory_group",4,224.061036080222,9.03706091271712,0.0601797806198202,"Enterovirus.nasal","comp_enceph",0.419106865127062
"1001","<none>",NA,98.2444560611979,NA,NA,"Enterovirus.nasal","comp_othneuro",-18.6002546068494
"1002","binary",1,97.067558848634,0.823102787436113,0.364274542826453,"Enterovirus.nasal","comp_othneuro",-18.6002546068494
"1003","sex",1,96.247088904562,0.00263284336405434,0.959077511572812,"Enterovirus.nasal","comp_othneuro",-18.6002546068494
"1004","discretized_admit_age_quantile",4,96.6708751654663,6.42641910426843,0.169486020419461,"Enterovirus.nasal","comp_othneuro",-18.6002546068494
"1005","trajectory_group",4,92.30457188921,2.06011582801206,0.724702833998977,"Enterovirus.nasal","comp_othneuro",-18.6002546068494
"1006","<none>",NA,364.195003543634,NA,NA,"Enterovirus.nasal","comp_hypergly",-0.0754718092223987
"1007","binary",1,362.204852242727,0.00984869909314057,0.92094723018986,"Enterovirus.nasal","comp_hypergly",-0.0754718092223987
"1008","sex",1,362.234308441767,0.0393048981325137,0.842845847440712,"Enterovirus.nasal","comp_hypergly",-0.0754718092223987
"1009","discretized_admit_age_quantile",4,371.892643241737,15.697639698103,0.00345291751316953,"Enterovirus.nasal","comp_hypergly",-0.0754718092223987
"1010","trajectory_group",4,362.575257338996,6.38025379536145,0.172493473439015,"Enterovirus.nasal","comp_hypergly",-0.0754718092223987
"1011","<none>",NA,55.0148360544093,NA,NA,"Enterovirus.nasal","comp_psych",-17.7431585925021
"1012","binary",1,53.1659788969889,0.15114284257956,0.697445600716561,"Enterovirus.nasal","comp_psych",-17.7431585925021
"1013","sex",1,55.2482798066375,2.23344375222818,0.135052540281066,"Enterovirus.nasal","comp_psych",-17.7431585925021
"1014","discretized_admit_age_quantile",4,50.7429055452183,3.72806949080895,0.444056547864489,"Enterovirus.nasal","comp_psych",-17.7431585925021
"1015","trajectory_group",4,49.0347327491745,2.01989669476519,0.732099149935852,"Enterovirus.nasal","comp_psych",-17.7431585925021
"1016","<none>",NA,123.862772429801,NA,NA,"Enterovirus.nasal","comp_gastroent",0.247804922302694
"1017","binary",1,121.905683828344,0.0429113985434668,0.835892194166846,"Enterovirus.nasal","comp_gastroent",0.247804922302694
"1018","sex",1,123.832798722362,1.97002629256143,0.160445071185622,"Enterovirus.nasal","comp_gastroent",0.247804922302694
"1019","discretized_admit_age_quantile",4,118.065024144184,2.20225171438292,0.698617055100038,"Enterovirus.nasal","comp_gastroent",0.247804922302694
"1020","trajectory_group",4,121.92513009479,6.06235766498978,0.194539512969197,"Enterovirus.nasal","comp_gastroent",0.247804922302694
"1021","<none>",NA,31.6064145945737,NA,NA,"Enterovirus.nasal","comp_pulmvas",-1.12350815473915
"1022","binary",1,29.606414594574,0.00000000000035527136788005,0.999999524423742,"Enterovirus.nasal","comp_pulmvas",-1.12350815473915
"1023","sex",1,31.7630921726331,2.15667757805947,0.141951329626533,"Enterovirus.nasal","comp_pulmvas",-1.12350815473915
"1024","discretized_admit_age_quantile",4,26.567157273844,2.9607426792703,0.564416369000084,"Enterovirus.nasal","comp_pulmvas",-1.12350815473915
"1025","trajectory_group",4,26.9853870174531,3.37897242287939,0.496517755139311,"Enterovirus.nasal","comp_pulmvas",-1.12350815473915
"1026","<none>",NA,205.775883158382,NA,NA,"Enterovirus.nasal","comp_other2",-16.5842192890921
"1027","binary",1,205.856437108771,2.08055395038915,0.149186026876761,"Enterovirus.nasal","comp_other2",-16.5842192890921
"1028","sex",1,203.788794315862,0.0129111574804597,0.909533265553307,"Enterovirus.nasal","comp_other2",-16.5842192890921
"1029","discretized_admit_age_quantile",4,200.030884054964,2.255000896582,0.688973371942951,"Enterovirus.nasal","comp_other2",-16.5842192890921
"1030","trajectory_group",4,201.35253762318,3.57665446479834,0.466318979036445,"Enterovirus.nasal","comp_other2",-16.5842192890921
"1031","<none>",NA,1281.2967334818,NA,NA,"Human alphaherpesvirus 1 (HSV1).nasal","comorb_htn",-0.243628462798536
"1032","binary",1,1280.38613457634,1.08940109454238,0.296603945041559,"Human alphaherpesvirus 1 (HSV1).nasal","comorb_htn",-0.243628462798536
"1033","sex",1,1279.31862684344,0.021893361641105,0.882371135704882,"Human alphaherpesvirus 1 (HSV1).nasal","comorb_htn",-0.243628462798536
"1034","discretized_admit_age_quantile",4,1386.19332404554,112.896590563741,0.0000000000000000000000175426012665189,"Human alphaherpesvirus 1 (HSV1).nasal","comorb_htn",-0.243628462798536
"1035","trajectory_group",4,1276.67669061968,3.37995713788223,0.496364202588825,"Human alphaherpesvirus 1 (HSV1).nasal","comorb_htn",-0.243628462798536
"1036","<none>",NA,1303.68573548817,NA,NA,"Human alphaherpesvirus 1 (HSV1).nasal","comorb_isaric_dm",-0.262068331046333
"1037","binary",1,1302.97418439668,1.28844890851678,0.256333993922571,"Human alphaherpesvirus 1 (HSV1).nasal","comorb_isaric_dm",-0.262068331046333
"1038","sex",1,1309.90029651758,8.21456102941124,0.00415555666263949,"Human alphaherpesvirus 1 (HSV1).nasal","comorb_isaric_dm",-0.262068331046333
"1039","discretized_admit_age_quantile",4,1333.90559649464,38.2198610064761,0.000000100942301533318,"Human alphaherpesvirus 1 (HSV1).nasal","comorb_isaric_dm",-0.262068331046333
"1040","trajectory_group",4,1309.53638063377,13.8506451455999,0.00778731188894874,"Human alphaherpesvirus 1 (HSV1).nasal","comorb_isaric_dm",-0.262068331046333
"1041","<none>",NA,954.55274037463,NA,NA,"Human alphaherpesvirus 1 (HSV1).nasal","comorb_anyresp_noasthma",-0.265756563533034
"1042","binary",1,953.384473870845,0.831733496215747,0.361771749025202,"Human alphaherpesvirus 1 (HSV1).nasal","comorb_anyresp_noasthma",-0.265756563533034
"1043","sex",1,952.786365924119,0.233625549489147,0.62884847231513,"Human alphaherpesvirus 1 (HSV1).nasal","comorb_anyresp_noasthma",-0.265756563533034
"1044","discretized_admit_age_quantile",4,987.352995080748,40.8002547061187,0.0000000295633481816524,"Human alphaherpesvirus 1 (HSV1).nasal","comorb_anyresp_noasthma",-0.265756563533034
"1045","trajectory_group",4,966.68409208567,20.1313517110407,0.000470446740314834,"Human alphaherpesvirus 1 (HSV1).nasal","comorb_anyresp_noasthma",-0.265756563533034
"1046","<none>",NA,817.046795525301,NA,NA,"Human alphaherpesvirus 1 (HSV1).nasal","comorb_isaric_asthma",-0.00997549010980243
"1047","binary",1,815.047770237282,0.000974711981143628,0.975093788813247,"Human alphaherpesvirus 1 (HSV1).nasal","comorb_isaric_asthma",-0.00997549010980243
"1048","sex",1,848.362717961673,33.3159224363725,0.0000000078338596197012,"Human alphaherpesvirus 1 (HSV1).nasal","comorb_isaric_asthma",-0.00997549010980243
"1049","discretized_admit_age_quantile",4,815.760047360803,6.71325183550266,0.15183998664737,"Human alphaherpesvirus 1 (HSV1).nasal","comorb_isaric_asthma",-0.00997549010980243
"1050","trajectory_group",4,813.144577627136,4.09778210183561,0.392934197988167,"Human alphaherpesvirus 1 (HSV1).nasal","comorb_isaric_asthma",-0.00997549010980243
"1051","<none>",NA,1099.82453251647,NA,NA,"Human alphaherpesvirus 1 (HSV1).nasal","comorb_isaric_cardiac",-0.144456499242724
"1052","binary",1,1098.12370169698,0.299169180516174,0.584403739303201,"Human alphaherpesvirus 1 (HSV1).nasal","comorb_isaric_cardiac",-0.144456499242724
"1053","sex",1,1103.3008656285,5.47633311203026,0.01927565342047,"Human alphaherpesvirus 1 (HSV1).nasal","comorb_isaric_cardiac",-0.144456499242724
"1054","discretized_admit_age_quantile",4,1163.46818060752,71.6436480910579,0.0000000000000102066866914429,"Human alphaherpesvirus 1 (HSV1).nasal","comorb_isaric_cardiac",-0.144456499242724
"1055","trajectory_group",4,1099.75199087,7.92745835353298,0.0942719236179446,"Human alphaherpesvirus 1 (HSV1).nasal","comorb_isaric_cardiac",-0.144456499242724
"1056","<none>",NA,851.371028696297,NA,NA,"Human alphaherpesvirus 1 (HSV1).nasal","comorb_isaric_ckd",-0.15372389007148
"1057","binary",1,849.609414289913,0.238385593616385,0.625374563214991,"Human alphaherpesvirus 1 (HSV1).nasal","comorb_isaric_ckd",-0.15372389007148
"1058","sex",1,858.802802307771,9.43177361147366,0.00213257940732618,"Human alphaherpesvirus 1 (HSV1).nasal","comorb_isaric_ckd",-0.15372389007148
"1059","discretized_admit_age_quantile",4,858.406157760989,15.035129064692,0.0046289089556562,"Human alphaherpesvirus 1 (HSV1).nasal","comorb_isaric_ckd",-0.15372389007148
"1060","trajectory_group",4,855.125727380405,11.7546986841078,0.019271729794483,"Human alphaherpesvirus 1 (HSV1).nasal","comorb_isaric_ckd",-0.15372389007148
"1061","<none>",NA,619.334455315177,NA,NA,"Human alphaherpesvirus 1 (HSV1).nasal","comorb_isaric_neoplasm",0.635346821072895
"1062","binary",1,620.817468600854,3.48301328567709,0.0620017426297209,"Human alphaherpesvirus 1 (HSV1).nasal","comorb_isaric_neoplasm",0.635346821072895
"1063","sex",1,617.478850542548,0.144395227371547,0.703950076720926,"Human alphaherpesvirus 1 (HSV1).nasal","comorb_isaric_neoplasm",0.635346821072895
"1064","discretized_admit_age_quantile",4,649.307640705181,37.9731853900043,0.000000113492280960834,"Human alphaherpesvirus 1 (HSV1).nasal","comorb_isaric_neoplasm",0.635346821072895
"1065","trajectory_group",4,613.427538111039,2.09308279586219,0.718643298224004,"Human alphaherpesvirus 1 (HSV1).nasal","comorb_isaric_neoplasm",0.635346821072895
"1066","<none>",NA,702.697642985296,NA,NA,"Human alphaherpesvirus 1 (HSV1).nasal","comorb_neuro",-0.662657289145224
"1067","binary",1,703.408469172708,2.71082618741161,0.0996693602891545,"Human alphaherpesvirus 1 (HSV1).nasal","comorb_neuro",-0.662657289145224
"1068","sex",1,701.770941605762,1.07329862046606,0.300201552498862,"Human alphaherpesvirus 1 (HSV1).nasal","comorb_neuro",-0.662657289145224
"1069","discretized_admit_age_quantile",4,724.494384485462,29.7967415001659,0.00000538359541280637,"Human alphaherpesvirus 1 (HSV1).nasal","comorb_neuro",-0.662657289145224
"1070","trajectory_group",4,696.868237688125,2.17059470282823,0.704416208863939,"Human alphaherpesvirus 1 (HSV1).nasal","comorb_neuro",-0.662657289145224
"1071","<none>",NA,408.218793006159,NA,NA,"Human alphaherpesvirus 1 (HSV1).nasal","comorb_isaric_liver",-1.87947743240029
"1072","binary",1,412.405516234236,6.18672322807714,0.0128712299540655,"Human alphaherpesvirus 1 (HSV1).nasal","comorb_isaric_liver",-1.87947743240029
"1073","sex",1,406.371846305612,0.153053299453063,0.695634426823118,"Human alphaherpesvirus 1 (HSV1).nasal","comorb_isaric_liver",-1.87947743240029
"1074","discretized_admit_age_quantile",4,410.089799168851,9.87100616269134,0.0426575374902791,"Human alphaherpesvirus 1 (HSV1).nasal","comorb_isaric_liver",-1.87947743240029
"1075","trajectory_group",4,402.692107587454,2.4733145812948,0.649420520722454,"Human alphaherpesvirus 1 (HSV1).nasal","comorb_isaric_liver",-1.87947743240029
"1076","<none>",NA,361.143318823681,NA,NA,"Human alphaherpesvirus 1 (HSV1).nasal","comorb_hxtrans",-0.202009678988308
"1077","binary",1,359.26108200704,0.117763183359159,0.731473274700248,"Human alphaherpesvirus 1 (HSV1).nasal","comorb_hxtrans",-0.202009678988308
"1078","sex",1,362.767305880129,3.62398705644767,0.0569522316321877,"Human alphaherpesvirus 1 (HSV1).nasal","comorb_hxtrans",-0.202009678988308
"1079","discretized_admit_age_quantile",4,369.143943937565,16.0006251138842,0.00301832495642889,"Human alphaherpesvirus 1 (HSV1).nasal","comorb_hxtrans",-0.202009678988308
"1080","trajectory_group",4,358.147563867129,5.00424504344835,0.286862204486933,"Human alphaherpesvirus 1 (HSV1).nasal","comorb_hxtrans",-0.202009678988308
"1081","<none>",NA,132.025177662632,NA,NA,"Human alphaherpesvirus 1 (HSV1).nasal","comorb_hiv2",-0.0722317615544444
"1082","binary",1,130.029772888592,0.00459522595997441,0.945954319976364,"Human alphaherpesvirus 1 (HSV1).nasal","comorb_hiv2",-0.0722317615544444
"1083","sex",1,130.064708414043,0.0395307514108936,0.8424008770397,"Human alphaherpesvirus 1 (HSV1).nasal","comorb_hiv2",-0.0722317615544444
"1084","discretized_admit_age_quantile",4,138.474162039299,14.4489843766674,0.00599172676598909,"Human alphaherpesvirus 1 (HSV1).nasal","comorb_hiv2",-0.0722317615544444
"1085","trajectory_group",4,132.125692403073,8.1005147404411,0.0879648334876302,"Human alphaherpesvirus 1 (HSV1).nasal","comorb_hiv2",-0.0722317615544444
"1086","<none>",NA,1204.7580690691,NA,NA,"Human alphaherpesvirus 1 (HSV1).nasal","comorb_eversmkvape",-0.919332689409995
"1087","binary",1,1215.13439566814,12.3763265990367,0.000434811757379146,"Human alphaherpesvirus 1 (HSV1).nasal","comorb_eversmkvape",-0.919332689409995
"1088","sex",1,1213.68140503339,10.9233359642899,0.00094960459275285,"Human alphaherpesvirus 1 (HSV1).nasal","comorb_eversmkvape",-0.919332689409995
"1089","discretized_admit_age_quantile",4,1256.39902303652,59.6409539674169,0.00000000000345120497585396,"Human alphaherpesvirus 1 (HSV1).nasal","comorb_eversmkvape",-0.919332689409995
"1090","trajectory_group",4,1199.1630084473,2.40493937820088,0.661734823245536,"Human alphaherpesvirus 1 (HSV1).nasal","comorb_eversmkvape",-0.919332689409995
"1091","<none>",NA,527.370213072966,NA,NA,"Human alphaherpesvirus 1 (HSV1).nasal","comorb_anysubstance",-0.167117676035463
"1092","binary",1,525.524681089137,0.154468016170654,0.694301612932313,"Human alphaherpesvirus 1 (HSV1).nasal","comorb_anysubstance",-0.167117676035463
"1093","sex",1,534.066583690427,8.69637061746084,0.00318844272790125,"Human alphaherpesvirus 1 (HSV1).nasal","comorb_anysubstance",-0.167117676035463
"1094","discretized_admit_age_quantile",4,531.944954503697,12.5747414307305,0.0135519083430489,"Human alphaherpesvirus 1 (HSV1).nasal","comorb_anysubstance",-0.167117676035463
"1095","trajectory_group",4,522.650074537201,3.27986146423507,0.512129347948085,"Human alphaherpesvirus 1 (HSV1).nasal","comorb_anysubstance",-0.167117676035463
"1096","<none>",NA,485.643357538821,NA,NA,"Human alphaherpesvirus 1 (HSV1).nasal","comorb_count",-0.185476534423351
"1097","binary",1,483.820838639183,0.177481100362002,0.673546939575735,"Human alphaherpesvirus 1 (HSV1).nasal","comorb_count",-0.185476534423351
"1098","sex",1,491.668893545664,8.0255360068432,0.00461223742014693,"Human alphaherpesvirus 1 (HSV1).nasal","comorb_count",-0.185476534423351
"1099","discretized_admit_age_quantile",4,484.687270206406,7.04391266758506,0.133585759199917,"Human alphaherpesvirus 1 (HSV1).nasal","comorb_count",-0.185476534423351
"1100","trajectory_group",4,481.650793656965,4.00743611814454,0.405000415988482,"Human alphaherpesvirus 1 (HSV1).nasal","comorb_count",-0.185476534423351
"1101","<none>",NA,485.643357538821,NA,NA,"Human alphaherpesvirus 1 (HSV1).nasal","comorb_countcat",-0.185476534423351
"1102","binary",1,483.820838639183,0.177481100362002,0.673546939575735,"Human alphaherpesvirus 1 (HSV1).nasal","comorb_countcat",-0.185476534423351
"1103","sex",1,491.668893545664,8.0255360068432,0.00461223742014693,"Human alphaherpesvirus 1 (HSV1).nasal","comorb_countcat",-0.185476534423351
"1104","discretized_admit_age_quantile",4,484.687270206406,7.04391266758506,0.133585759199917,"Human alphaherpesvirus 1 (HSV1).nasal","comorb_countcat",-0.185476534423351
"1105","trajectory_group",4,481.650793656965,4.00743611814454,0.405000415988482,"Human alphaherpesvirus 1 (HSV1).nasal","comorb_countcat",-0.185476534423351
"1106","<none>",NA,1056.43042390061,NA,NA,"Human alphaherpesvirus 1 (HSV1).nasal","timesymptomcat",-0.0990742275932834
"1107","binary",1,1054.56849599289,0.138072092278435,0.710205185565993,"Human alphaherpesvirus 1 (HSV1).nasal","timesymptomcat",-0.0990742275932834
"1108","sex",1,1055.61512134838,1.18469744777121,0.276401759214334,"Human alphaherpesvirus 1 (HSV1).nasal","timesymptomcat",-0.0990742275932834
"1109","discretized_admit_age_quantile",4,1049.01968235637,0.589258455757545,0.964249804887431,"Human alphaherpesvirus 1 (HSV1).nasal","timesymptomcat",-0.0990742275932834
"1110","trajectory_group",4,1052.93606116355,4.50563726294376,0.341879569543886,"Human alphaherpesvirus 1 (HSV1).nasal","timesymptomcat",-0.0990742275932834
"1111","<none>",NA,789.016815484915,NA,NA,"Human alphaherpesvirus 1 (HSV1).nasal","symptom_allresp",-0.0953922788351099
"1112","binary",1,787.099005924209,0.0821904392942088,0.77435065248316,"Human alphaherpesvirus 1 (HSV1).nasal","symptom_allresp",-0.0953922788351099
"1113","sex",1,787.238701902415,0.221886417500059,0.637606306802528,"Human alphaherpesvirus 1 (HSV1).nasal","symptom_allresp",-0.0953922788351099
"1114","discretized_admit_age_quantile",4,788.37177701933,7.35496153441545,0.118277573413742,"Human alphaherpesvirus 1 (HSV1).nasal","symptom_allresp",-0.0953922788351099
"1115","trajectory_group",4,796.615210071163,15.5983945862486,0.00360823411011588,"Human alphaherpesvirus 1 (HSV1).nasal","symptom_allresp",-0.0953922788351099
"1116","<none>",NA,1356.10984961451,NA,NA,"Human alphaherpesvirus 1 (HSV1).nasal","symptom_cough",-0.195951309461482
"1117","binary",1,1354.86221790984,0.752368295321276,0.385727448801367,"Human alphaherpesvirus 1 (HSV1).nasal","symptom_cough",-0.195951309461482
"1118","sex",1,1354.20225698078,0.0924073662649789,0.76113870993955,"Human alphaherpesvirus 1 (HSV1).nasal","symptom_cough",-0.195951309461482
"1119","discretized_admit_age_quantile",4,1354.5010346445,6.39118502998485,0.171777036604415,"Human alphaherpesvirus 1 (HSV1).nasal","symptom_cough",-0.195951309461482
"1120","trajectory_group",4,1354.77493044372,6.66508082920336,0.154681619267689,"Human alphaherpesvirus 1 (HSV1).nasal","symptom_cough",-0.195951309461482
"1121","<none>",NA,843.859962702887,NA,NA,"Human alphaherpesvirus 1 (HSV1).nasal","symptom_cough_prod",-0.180668680986197
"1122","binary",1,842.150968683204,0.291005980316868,0.589576594547056,"Human alphaherpesvirus 1 (HSV1).nasal","symptom_cough_prod",-0.180668680986197
"1123","sex",1,843.056415972601,1.1964532697142,0.274031709451282,"Human alphaherpesvirus 1 (HSV1).nasal","symptom_cough_prod",-0.180668680986197
"1124","discretized_admit_age_quantile",4,840.139528961645,4.27956625875811,0.36949081422336,"Human alphaherpesvirus 1 (HSV1).nasal","symptom_cough_prod",-0.180668680986197
"1125","trajectory_group",4,842.925039694979,7.06507699209226,0.132488909479687,"Human alphaherpesvirus 1 (HSV1).nasal","symptom_cough_prod",-0.180668680986197
"1126","<none>",NA,223.363701719148,NA,NA,"Human alphaherpesvirus 1 (HSV1).nasal","symptom_haemoptysis",-0.678773504438479
"1127","binary",1,221.873915884135,0.510214164987104,0.475046160398158,"Human alphaherpesvirus 1 (HSV1).nasal","symptom_haemoptysis",-0.678773504438479
"1128","sex",1,221.701030466556,0.337328747408009,0.561375192760257,"Human alphaherpesvirus 1 (HSV1).nasal","symptom_haemoptysis",-0.678773504438479
"1129","discretized_admit_age_quantile",4,215.838864522196,0.475162803047851,0.975873404762207,"Human alphaherpesvirus 1 (HSV1).nasal","symptom_haemoptysis",-0.678773504438479
"1130","trajectory_group",4,217.510901959566,2.14720024041787,0.708706476203851,"Human alphaherpesvirus 1 (HSV1).nasal","symptom_haemoptysis",-0.678773504438479
"1131","<none>",NA,591.550873347599,NA,NA,"Human alphaherpesvirus 1 (HSV1).nasal","symptom_sorethroat",0.0460945665717484
"1132","binary",1,589.564879572493,0.0140062248938193,0.905792007146349,"Human alphaherpesvirus 1 (HSV1).nasal","symptom_sorethroat",0.0460945665717484
"1133","sex",1,590.048536484914,0.497663137315271,0.480528722891163,"Human alphaherpesvirus 1 (HSV1).nasal","symptom_sorethroat",0.0460945665717484
"1134","discretized_admit_age_quantile",4,585.369060225066,1.81818687746727,0.769153323674981,"Human alphaherpesvirus 1 (HSV1).nasal","symptom_sorethroat",0.0460945665717484
"1135","trajectory_group",4,586.777684036189,3.22681068859038,0.520611475533214,"Human alphaherpesvirus 1 (HSV1).nasal","symptom_sorethroat",0.0460945665717484
"1136","<none>",NA,417.068846415404,NA,NA,"Human alphaherpesvirus 1 (HSV1).nasal","symptom_rhinorrhea",0.262904195825763
"1137","binary",1,415.366410392418,0.297563977013908,0.585413633974022,"Human alphaherpesvirus 1 (HSV1).nasal","symptom_rhinorrhea",0.262904195825763
"1138","sex",1,415.102224307641,0.0333778922363877,0.855036417421765,"Human alphaherpesvirus 1 (HSV1).nasal","symptom_rhinorrhea",0.262904195825763
"1139","discretized_admit_age_quantile",4,415.601933285523,6.53308687011844,0.162717544745398,"Human alphaherpesvirus 1 (HSV1).nasal","symptom_rhinorrhea",0.262904195825763
"1140","trajectory_group",4,417.460037110603,8.39119069519865,0.0782548766968875,"Human alphaherpesvirus 1 (HSV1).nasal","symptom_rhinorrhea",0.262904195825763
"1141","<none>",NA,414.643736310192,NA,NA,"Human alphaherpesvirus 1 (HSV1).nasal","symptom_wheeze",0.996430061938067
"1142","binary",1,419.120137267413,6.4764009572213,0.010931611310163,"Human alphaherpesvirus 1 (HSV1).nasal","symptom_wheeze",0.996430061938067
"1143","sex",1,413.576439035828,0.932702725635636,0.334161606911928,"Human alphaherpesvirus 1 (HSV1).nasal","symptom_wheeze",0.996430061938067
"1144","discretized_admit_age_quantile",4,416.277532286387,9.6337959761949,0.0470694616817779,"Human alphaherpesvirus 1 (HSV1).nasal","symptom_wheeze",0.996430061938067
"1145","trajectory_group",4,408.059315944288,1.41557963409605,0.841482731051335,"Human alphaherpesvirus 1 (HSV1).nasal","symptom_wheeze",0.996430061938067
"1146","<none>",NA,974.316885813154,NA,NA,"Human alphaherpesvirus 1 (HSV1).nasal","symptom_chestpain",0.175438228793108
"1147","binary",1,972.712581884171,0.395696071017028,0.529320398002447,"Human alphaherpesvirus 1 (HSV1).nasal","symptom_chestpain",0.175438228793108
"1148","sex",1,972.398544804153,0.0816589909991308,0.775061660490387,"Human alphaherpesvirus 1 (HSV1).nasal","symptom_chestpain",0.175438228793108
"1149","discretized_admit_age_quantile",4,993.20189965559,26.8850138424358,0.0000209718143972583,"Human alphaherpesvirus 1 (HSV1).nasal","symptom_chestpain",0.175438228793108
"1150","trajectory_group",4,969.345814770455,3.02892895730088,0.552995934764818,"Human alphaherpesvirus 1 (HSV1).nasal","symptom_chestpain",0.175438228793108
"1151","<none>",NA,1195.7477357306,NA,NA,"Human alphaherpesvirus 1 (HSV1).nasal","symptom_dyspnea",0.0321056972321398
"1152","binary",1,1193.76367433801,0.0159386074044505,0.899535460357337,"Human alphaherpesvirus 1 (HSV1).nasal","symptom_dyspnea",0.0321056972321398
"1153","sex",1,1193.75296710268,0.00523137208097069,0.942340703491351,"Human alphaherpesvirus 1 (HSV1).nasal","symptom_dyspnea",0.0321056972321398
"1154","discretized_admit_age_quantile",4,1206.77730275598,19.0295670253813,0.000775500995101143,"Human alphaherpesvirus 1 (HSV1).nasal","symptom_dyspnea",0.0321056972321398
"1155","trajectory_group",4,1214.80737682582,27.0596410952157,0.0000193345400708463,"Human alphaherpesvirus 1 (HSV1).nasal","symptom_dyspnea",0.0321056972321398
"1156","<none>",NA,31.0509237024401,NA,NA,"Human alphaherpesvirus 1 (HSV1).nasal","symptom_chestwall",-22.1034916333007
"1157","binary",1,29.6064145893205,0.555490886880321,0.456082759640462,"Human alphaherpesvirus 1 (HSV1).nasal","symptom_chestwall",-22.1034916333007
"1158","sex",1,31.8439140092126,2.79299030677243,0.0946774031381134,"Human alphaherpesvirus 1 (HSV1).nasal","symptom_chestwall",-22.1034916333007
"1159","discretized_admit_age_quantile",4,25.6841782864487,2.63325458400856,0.62094366515681,"Human alphaherpesvirus 1 (HSV1).nasal","symptom_chestwall",-22.1034916333007
"1160","trajectory_group",4,26.8255843473925,3.77466064495239,0.43736026821622,"Human alphaherpesvirus 1 (HSV1).nasal","symptom_chestwall",-22.1034916333007
"1161","<none>",NA,58.015477947041,NA,NA,"Human alphaherpesvirus 1 (HSV1).nasal","symptom_earpain",1.51594083744209
"1162","binary",1,57.1585035134697,1.1430255664287,0.285013916715791,"Human alphaherpesvirus 1 (HSV1).nasal","symptom_earpain",1.51594083744209
"1163","sex",1,57.0344390741786,1.01896112713762,0.312765559500613,"Human alphaherpesvirus 1 (HSV1).nasal","symptom_earpain",1.51594083744209
"1164","discretized_admit_age_quantile",4,52.4663087395898,2.45083079254883,0.653461407253591,"Human alphaherpesvirus 1 (HSV1).nasal","symptom_earpain",1.51594083744209
"1165","trajectory_group",4,52.0074630259599,1.99198507891889,0.737233140733099,"Human alphaherpesvirus 1 (HSV1).nasal","symptom_earpain",1.51594083744209
"1166","<none>",NA,30.7019941444933,NA,NA,"Human alphaherpesvirus 1 (HSV1).nasal","symptom_conjunctivitis",-0.192749016383251
"1167","binary",1,28.7019941444948,0.00000000000148148160405981,0.999999028845799,"Human alphaherpesvirus 1 (HSV1).nasal","symptom_conjunctivitis",-0.192749016383251
"1168","sex",1,29.9406097478265,1.23861560333314,0.265738027713104,"Human alphaherpesvirus 1 (HSV1).nasal","symptom_conjunctivitis",-0.192749016383251
"1169","discretized_admit_age_quantile",4,27.7040472679158,5.00205312342244,0.287086896762272,"Human alphaherpesvirus 1 (HSV1).nasal","symptom_conjunctivitis",-0.192749016383251
"1170","trajectory_group",4,23.8352979295768,1.13330378508346,0.88895283147805,"Human alphaherpesvirus 1 (HSV1).nasal","symptom_conjunctivitis",-0.192749016383251
"1171","<none>",NA,1162.50218728244,NA,NA,"Human alphaherpesvirus 1 (HSV1).nasal","symptom_allsyst",0.13767816103563
"1172","binary",1,1160.79797266276,0.295785380317966,0.586536753085218,"Human alphaherpesvirus 1 (HSV1).nasal","symptom_allsyst",0.13767816103563
"1173","sex",1,1160.8654140918,0.363226809364278,0.546719586876624,"Human alphaherpesvirus 1 (HSV1).nasal","symptom_allsyst",0.13767816103563
"1174","discretized_admit_age_quantile",4,1171.04564332446,16.5434560420229,0.00237025378148552,"Human alphaherpesvirus 1 (HSV1).nasal","symptom_allsyst",0.13767816103563
"1175","trajectory_group",4,1165.59895829184,11.0967710094039,0.025497701369084,"Human alphaherpesvirus 1 (HSV1).nasal","symptom_allsyst",0.13767816103563
"1176","<none>",NA,1367.31034522379,NA,NA,"Human alphaherpesvirus 1 (HSV1).nasal","symptom_fever",0.171019446658091
"1177","binary",1,1365.87414393937,0.563798715576695,0.452733718701832,"Human alphaherpesvirus 1 (HSV1).nasal","symptom_fever",0.171019446658091
"1178","sex",1,1365.40250191366,0.0921566898653055,0.761453069206941,"Human alphaherpesvirus 1 (HSV1).nasal","symptom_fever",0.171019446658091
"1179","discretized_admit_age_quantile",4,1391.29354510012,31.9831998763332,0.00000192828251947669,"Human alphaherpesvirus 1 (HSV1).nasal","symptom_fever",0.171019446658091
"1180","trajectory_group",4,1363.44632869054,4.13598346675349,0.387915190536815,"Human alphaherpesvirus 1 (HSV1).nasal","symptom_fever",0.171019446658091
"1181","<none>",NA,1096.31924108266,NA,NA,"Human alphaherpesvirus 1 (HSV1).nasal","symptom_chills",0.325479696142208
"1182","binary",1,1095.89914578767,1.57990470501068,0.208774420501836,"Human alphaherpesvirus 1 (HSV1).nasal","symptom_chills",0.325479696142208
"1183","sex",1,1094.97063856575,0.651397483087749,0.419613485609699,"Human alphaherpesvirus 1 (HSV1).nasal","symptom_chills",0.325479696142208
"1184","discretized_admit_age_quantile",4,1101.92928111839,13.6100400357341,0.00864950747337408,"Human alphaherpesvirus 1 (HSV1).nasal","symptom_chills",0.325479696142208
"1185","trajectory_group",4,1099.41844237251,11.0992012898523,0.0254714625959389,"Human alphaherpesvirus 1 (HSV1).nasal","symptom_chills",0.325479696142208
"1186","<none>",NA,107.284597536828,NA,NA,"Human alphaherpesvirus 1 (HSV1).nasal","symptom_shaking",0.393842996850822
"1187","binary",1,105.400153323954,0.11555578712661,0.733905497239709,"Human alphaherpesvirus 1 (HSV1).nasal","symptom_shaking",0.393842996850822
"1188","sex",1,105.284758667671,0.000161130843423507,0.989872138847835,"Human alphaherpesvirus 1 (HSV1).nasal","symptom_shaking",0.393842996850822
"1189","discretized_admit_age_quantile",4,106.728177731422,7.44358019459473,0.114223055888173,"Human alphaherpesvirus 1 (HSV1).nasal","symptom_shaking",0.393842996850822
"1190","trajectory_group",4,101.658159230313,2.37356169348585,0.667410274932266,"Human alphaherpesvirus 1 (HSV1).nasal","symptom_shaking",0.393842996850822
"1191","<none>",NA,1374.54607807348,NA,NA,"Human alphaherpesvirus 1 (HSV1).nasal","symptom_fatigue",-0.0747822756120943
"1192","binary",1,1372.65516563099,0.109087557508246,0.741185339242638,"Human alphaherpesvirus 1 (HSV1).nasal","symptom_fatigue",-0.0747822756120943
"1193","sex",1,1372.54869933523,0.00262126174902733,0.959167538953991,"Human alphaherpesvirus 1 (HSV1).nasal","symptom_fatigue",-0.0747822756120943
"1194","discretized_admit_age_quantile",4,1372.12375622646,5.5776781529753,0.232985416713216,"Human alphaherpesvirus 1 (HSV1).nasal","symptom_fatigue",-0.0747822756120943
"1195","trajectory_group",4,1373.21943328706,6.67335521357359,0.154190091059671,"Human alphaherpesvirus 1 (HSV1).nasal","symptom_fatigue",-0.0747822756120943
"1196","<none>",NA,1074.36143606483,NA,NA,"Human alphaherpesvirus 1 (HSV1).nasal","symptom_myalgia",-0.613693467775968
"1197","binary",1,1076.64386289991,4.28242683508392,0.0385083292157022,"Human alphaherpesvirus 1 (HSV1).nasal","symptom_myalgia",-0.613693467775968
"1198","sex",1,1072.567168685,0.205732620169783,0.650132894064482,"Human alphaherpesvirus 1 (HSV1).nasal","symptom_myalgia",-0.613693467775968
"1199","discretized_admit_age_quantile",4,1077.43794771285,11.0765116480211,0.0257174536383902,"Human alphaherpesvirus 1 (HSV1).nasal","symptom_myalgia",-0.613693467775968
"1200","trajectory_group",4,1080.3857176808,14.0242816159719,0.00721796071297349,"Human alphaherpesvirus 1 (HSV1).nasal","symptom_myalgia",-0.613693467775968
"1201","<none>",NA,30.3059982881946,NA,NA,"Human alphaherpesvirus 1 (HSV1).nasal","symptom_lymphadenopathy",-21.8047036921535
"1202","binary",1,29.0509237021335,0.744925413938915,0.388087646181521,"Human alphaherpesvirus 1 (HSV1).nasal","symptom_lymphadenopathy",-21.8047036921535
"1203","sex",1,28.6743124654048,0.368314177210255,0.543924622982696,"Human alphaherpesvirus 1 (HSV1).nasal","symptom_lymphadenopathy",-21.8047036921535
"1204","discretized_admit_age_quantile",4,22.5890321038247,0.283033815630169,0.990882906039965,"Human alphaherpesvirus 1 (HSV1).nasal","symptom_lymphadenopathy",-21.8047036921535
"1205","trajectory_group",4,26.7724505262848,4.46645223809028,0.34654393154894,"Human alphaherpesvirus 1 (HSV1).nasal","symptom_lymphadenopathy",-21.8047036921535
"1206","<none>",NA,1269.23581533404,NA,NA,"Human alphaherpesvirus 1 (HSV1).nasal","symptom_allneuro",0.037517879714955
"1207","binary",1,1267.2608792307,0.0250638966599581,0.874207948271622,"Human alphaherpesvirus 1 (HSV1).nasal","symptom_allneuro",0.037517879714955
"1208","sex",1,1267.77524617903,0.539430844985418,0.462668698478676,"Human alphaherpesvirus 1 (HSV1).nasal","symptom_allneuro",0.037517879714955
"1209","discretized_admit_age_quantile",4,1264.08475681071,2.84894147667342,0.583414428563806,"Human alphaherpesvirus 1 (HSV1).nasal","symptom_allneuro",0.037517879714955
"1210","trajectory_group",4,1263.20411622265,1.96830088860929,0.741589361969842,"Human alphaherpesvirus 1 (HSV1).nasal","symptom_allneuro",0.037517879714955
"1211","<none>",NA,907.186317460972,NA,NA,"Human alphaherpesvirus 1 (HSV1).nasal","symptom_headache",0.0420041162588032
"1212","binary",1,905.205912522131,0.0195950611584976,0.888673927697246,"Human alphaherpesvirus 1 (HSV1).nasal","symptom_headache",0.0420041162588032
"1213","sex",1,905.675267568527,0.488950107554956,0.484396011538684,"Human alphaherpesvirus 1 (HSV1).nasal","symptom_headache",0.0420041162588032
"1214","discretized_admit_age_quantile",4,913.694882279768,14.508564818796,0.00583693024220056,"Human alphaherpesvirus 1 (HSV1).nasal","symptom_headache",0.0420041162588032
"1215","trajectory_group",4,913.560027008715,14.3737095477424,0.00619306610918049,"Human alphaherpesvirus 1 (HSV1).nasal","symptom_headache",0.0420041162588032
"1216","<none>",NA,413.512278733781,NA,NA,"Human alphaherpesvirus 1 (HSV1).nasal","symptom_confusion",-0.330155771997014
"1217","binary",1,412.014960870062,0.502682136280498,0.478323979570041,"Human alphaherpesvirus 1 (HSV1).nasal","symptom_confusion",-0.330155771997014
"1218","sex",1,411.536280660098,0.0240019263171689,0.876880010147764,"Human alphaherpesvirus 1 (HSV1).nasal","symptom_confusion",-0.330155771997014
"1219","discretized_admit_age_quantile",4,432.193622433318,26.6813436995374,0.0000230562848462057,"Human alphaherpesvirus 1 (HSV1).nasal","symptom_confusion",-0.330155771997014
"1220","trajectory_group",4,416.435857863912,10.9235791301306,0.0274364388743357,"Human alphaherpesvirus 1 (HSV1).nasal","symptom_confusion",-0.330155771997014
"1221","<none>",NA,45.2137927906909,NA,NA,"Human alphaherpesvirus 1 (HSV1).nasal","symptom_seizure",-20.1162561540784
"1222","binary",1,43.693941588881,0.480148798190108,0.488354924891589,"Human alphaherpesvirus 1 (HSV1).nasal","symptom_seizure",-20.1162561540784
"1223","sex",1,45.422783734157,2.20899094346615,0.137208391847285,"Human alphaherpesvirus 1 (HSV1).nasal","symptom_seizure",-20.1162561540784
"1224","discretized_admit_age_quantile",4,39.3774502623611,2.16365747167027,0.705688026139883,"Human alphaherpesvirus 1 (HSV1).nasal","symptom_seizure",-20.1162561540784
"1225","trajectory_group",4,40.3027376101624,3.08894481947153,0.543052604696562,"Human alphaherpesvirus 1 (HSV1).nasal","symptom_seizure",-20.1162561540784
"1226","<none>",NA,184.804737580541,NA,NA,"Human alphaherpesvirus 1 (HSV1).nasal","symptom_syncope",0.259983670362091
"1227","binary",1,182.907255940886,0.102518360345101,0.748828180863373,"Human alphaherpesvirus 1 (HSV1).nasal","symptom_syncope",0.259983670362091
"1228","sex",1,186.92354046998,4.11880288943902,0.0424090776165134,"Human alphaherpesvirus 1 (HSV1).nasal","symptom_syncope",0.259983670362091
"1229","discretized_admit_age_quantile",4,185.273311724166,8.46857414362498,0.0758455364709825,"Human alphaherpesvirus 1 (HSV1).nasal","symptom_syncope",0.259983670362091
"1230","trajectory_group",4,184.228873746344,7.42413616580296,0.115101470461478,"Human alphaherpesvirus 1 (HSV1).nasal","symptom_syncope",0.259983670362091
"1231","<none>",NA,701.640539849212,NA,NA,"Human alphaherpesvirus 1 (HSV1).nasal","symptom_anosmia",-0.0863656866765878
"1232","binary",1,699.694091050214,0.0535512010017101,0.816995268408031,"Human alphaherpesvirus 1 (HSV1).nasal","symptom_anosmia",-0.0863656866765878
"1233","sex",1,700.181251246138,0.540711396925303,0.462138049974865,"Human alphaherpesvirus 1 (HSV1).nasal","symptom_anosmia",-0.0863656866765878
"1234","discretized_admit_age_quantile",4,701.518714851901,7.87817500268909,0.0961441257426543,"Human alphaherpesvirus 1 (HSV1).nasal","symptom_anosmia",-0.0863656866765878
"1235","trajectory_group",4,696.203646134364,2.56310628515189,0.633372394647244,"Human alphaherpesvirus 1 (HSV1).nasal","symptom_anosmia",-0.0863656866765878
"1236","<none>",NA,1345.64502135835,NA,NA,"Human alphaherpesvirus 1 (HSV1).nasal","symptom_allGI",0.0203288401918144
"1237","binary",1,1343.65292385381,0.00790249545502775,0.929164577529173,"Human alphaherpesvirus 1 (HSV1).nasal","symptom_allGI",0.0203288401918144
"1238","sex",1,1349.37390743591,5.72888607755613,0.0166880648276618,"Human alphaherpesvirus 1 (HSV1).nasal","symptom_allGI",0.0203288401918144
"1239","discretized_admit_age_quantile",4,1343.0513908807,5.40636952234422,0.248083085812164,"Human alphaherpesvirus 1 (HSV1).nasal","symptom_allGI",0.0203288401918144
"1240","trajectory_group",4,1353.86302930683,16.2180079484729,0.00274015551696591,"Human alphaherpesvirus 1 (HSV1).nasal","symptom_allGI",0.0203288401918144
"1241","<none>",NA,632.993367610405,NA,NA,"Human alphaherpesvirus 1 (HSV1).nasal","symptom_abdpain",0.405963119103224
"1242","binary",1,632.293749897634,1.3003822872297,0.254143406257595,"Human alphaherpesvirus 1 (HSV1).nasal","symptom_abdpain",0.405963119103224
"1243","sex",1,632.000485035049,1.00711742464432,0.315594406588595,"Human alphaherpesvirus 1 (HSV1).nasal","symptom_abdpain",0.405963119103224
"1244","discretized_admit_age_quantile",4,630.016368081792,5.02300047138749,0.284945634811681,"Human alphaherpesvirus 1 (HSV1).nasal","symptom_abdpain",0.405963119103224
"1245","trajectory_group",4,627.25243884719,2.25907123678496,0.688230352797027,"Human alphaherpesvirus 1 (HSV1).nasal","symptom_abdpain",0.405963119103224
"1246","<none>",NA,1048.25331279933,NA,NA,"Human alphaherpesvirus 1 (HSV1).nasal","symptom_nausea",-0.292038116112263
"1247","binary",1,1047.2789317593,1.02561895997133,0.311189873803029,"Human alphaherpesvirus 1 (HSV1).nasal","symptom_nausea",-0.292038116112263
"1248","sex",1,1052.29247494489,6.03916214556057,0.0139919231453092,"Human alphaherpesvirus 1 (HSV1).nasal","symptom_nausea",-0.292038116112263
"1249","discretized_admit_age_quantile",4,1053.65666659207,13.4033537927362,0.00946420196236608,"Human alphaherpesvirus 1 (HSV1).nasal","symptom_nausea",-0.292038116112263
"1250","trajectory_group",4,1057.29726695512,17.0439541557942,0.00189530676097584,"Human alphaherpesvirus 1 (HSV1).nasal","symptom_nausea",-0.292038116112263
"1251","<none>",NA,1068.79668277504,NA,NA,"Human alphaherpesvirus 1 (HSV1).nasal","symptom_diarrhea",0.198639451624651
"1252","binary",1,1067.36600001568,0.569317240642249,0.450530354366219,"Human alphaherpesvirus 1 (HSV1).nasal","symptom_diarrhea",0.198639451624651
"1253","sex",1,1067.76938329204,0.97270051700184,0.324007600013581,"Human alphaherpesvirus 1 (HSV1).nasal","symptom_diarrhea",0.198639451624651
"1254","discretized_admit_age_quantile",4,1066.63191011969,5.83522734464987,0.211796163249051,"Human alphaherpesvirus 1 (HSV1).nasal","symptom_diarrhea",0.198639451624651
"1255","trajectory_group",4,1067.43190650277,6.63522372772672,0.15646711423703,"Human alphaherpesvirus 1 (HSV1).nasal","symptom_diarrhea",0.198639451624651
"1256","<none>",NA,115.367608705637,NA,NA,"Human alphaherpesvirus 1 (HSV1).nasal","symptom_allderm",0.779134034880865
"1257","binary",1,114.110281618426,0.742672912789075,0.388805991916204,"Human alphaherpesvirus 1 (HSV1).nasal","symptom_allderm",0.779134034880865
"1258","sex",1,113.406716672855,0.0391079672181007,0.843234921326083,"Human alphaherpesvirus 1 (HSV1).nasal","symptom_allderm",0.779134034880865
"1259","discretized_admit_age_quantile",4,115.234713940112,7.86710523447478,0.0965694078654822,"Human alphaherpesvirus 1 (HSV1).nasal","symptom_allderm",0.779134034880865
"1260","trajectory_group",4,110.710427974329,3.34281926869249,0.502176640180543,"Human alphaherpesvirus 1 (HSV1).nasal","symptom_allderm",0.779134034880865
"1261","<none>",NA,89.6392896394785,NA,NA,"Human alphaherpesvirus 1 (HSV1).nasal","symptom_skinrash",1.71661407614577
"1262","binary",1,90.4178057549994,2.77851611552093,0.0955366469705912,"Human alphaherpesvirus 1 (HSV1).nasal","symptom_skinrash",1.71661407614577
"1263","sex",1,88.0004692790372,0.361179639558728,0.547851822730702,"Human alphaherpesvirus 1 (HSV1).nasal","symptom_skinrash",1.71661407614577
"1264","discretized_admit_age_quantile",4,84.9874618313562,3.34817219187772,0.501336162263622,"Human alphaherpesvirus 1 (HSV1).nasal","symptom_skinrash",1.71661407614577
"1265","trajectory_group",4,83.0013365591916,1.36204691971308,0.850763880922097,"Human alphaherpesvirus 1 (HSV1).nasal","symptom_skinrash",1.71661407614577
"1266","<none>",NA,43.9408783179368,NA,NA,"Human alphaherpesvirus 1 (HSV1).nasal","symptom_skinulcer",-19.1692689435199
"1267","binary",1,43.367215807363,1.42633748942619,0.232363093358057,"Human alphaherpesvirus 1 (HSV1).nasal","symptom_skinulcer",-19.1692689435199
"1268","sex",1,43.9251500425017,1.98427172456498,0.158941111869136,"Human alphaherpesvirus 1 (HSV1).nasal","symptom_skinulcer",-19.1692689435199
"1269","discretized_admit_age_quantile",4,45.0367189341885,9.09584061625173,0.0587480587034744,"Human alphaherpesvirus 1 (HSV1).nasal","symptom_skinulcer",-19.1692689435199
"1270","trajectory_group",4,44.7092651615443,8.76838684360749,0.0671567456371565,"Human alphaherpesvirus 1 (HSV1).nasal","symptom_skinulcer",-19.1692689435199
"1271","<none>",NA,574.287753946324,NA,NA,"Human alphaherpesvirus 1 (HSV1).nasal","symptom_allother",-0.359378062499351
"1272","binary",1,573.060965151943,0.773211205619532,0.379225469787954,"Human alphaherpesvirus 1 (HSV1).nasal","symptom_allother",-0.359378062499351
"1273","sex",1,572.432816033007,0.145062086683652,0.703299587792353,"Human alphaherpesvirus 1 (HSV1).nasal","symptom_allother",-0.359378062499351
"1274","discretized_admit_age_quantile",4,569.162080909407,2.87432696308281,0.579071902004405,"Human alphaherpesvirus 1 (HSV1).nasal","symptom_allother",-0.359378062499351
"1275","trajectory_group",4,582.127043938447,15.8392899921236,0.00324257066413166,"Human alphaherpesvirus 1 (HSV1).nasal","symptom_allother",-0.359378062499351
"1276","<none>",NA,333.046974181902,NA,NA,"Human alphaherpesvirus 1 (HSV1).nasal","symptom_arthralgia",0.0925617443147221
"1277","binary",1,331.073437760039,0.0264635781372249,0.870773309330442,"Human alphaherpesvirus 1 (HSV1).nasal","symptom_arthralgia",0.0925617443147221
"1278","sex",1,331.510663642383,0.463689460481078,0.495904727986245,"Human alphaherpesvirus 1 (HSV1).nasal","symptom_arthralgia",0.0925617443147221
"1279","discretized_admit_age_quantile",4,326.831455645803,1.78448146390133,0.775320309329147,"Human alphaherpesvirus 1 (HSV1).nasal","symptom_arthralgia",0.0925617443147221
"1280","trajectory_group",4,339.433893706983,14.3869195250813,0.00615725931739454,"Human alphaherpesvirus 1 (HSV1).nasal","symptom_arthralgia",0.0925617443147221
"1281","<none>",NA,209.984890306832,NA,NA,"Human alphaherpesvirus 1 (HSV1).nasal","symptom_edema",-1.14622431757472
"1282","binary",1,209.670746364626,1.68585605779387,0.194148133945525,"Human alphaherpesvirus 1 (HSV1).nasal","symptom_edema",-1.14622431757472
"1283","sex",1,209.815559420381,1.83066911354979,0.176048533574456,"Human alphaherpesvirus 1 (HSV1).nasal","symptom_edema",-1.14622431757472
"1284","discretized_admit_age_quantile",4,204.076403538358,2.09151323152625,0.718931705307209,"Human alphaherpesvirus 1 (HSV1).nasal","symptom_edema",-1.14622431757472
"1285","trajectory_group",4,215.340794754908,13.3559044480764,0.0096615677600228,"Human alphaherpesvirus 1 (HSV1).nasal","symptom_edema",-1.14622431757472
"1286","<none>",NA,235.094339454684,NA,NA,"Human alphaherpesvirus 1 (HSV1).nasal","symptom_nonamb",-0.413568854558447
"1287","binary",1,233.417450886289,0.323111431604815,0.569743761048258,"Human alphaherpesvirus 1 (HSV1).nasal","symptom_nonamb",-0.413568854558447
"1288","sex",1,234.1741807256,1.0798412709166,0.298733067482804,"Human alphaherpesvirus 1 (HSV1).nasal","symptom_nonamb",-0.413568854558447
"1289","discretized_admit_age_quantile",4,230.866616346261,3.7722768915776,0.437701102879052,"Human alphaherpesvirus 1 (HSV1).nasal","symptom_nonamb",-0.413568854558447
"1290","trajectory_group",4,229.381769460266,2.28743000558231,0.683058551448637,"Human alphaherpesvirus 1 (HSV1).nasal","symptom_nonamb",-0.413568854558447
"1291","<none>",NA,54.1358256441581,NA,NA,"Human alphaherpesvirus 1 (HSV1).nasal","symptom_bleeding",-19.7412285536043
"1292","binary",1,52.9737248788045,0.837899234646422,0.359998282729265,"Human alphaherpesvirus 1 (HSV1).nasal","symptom_bleeding",-19.7412285536043
"1293","sex",1,52.1451480638394,0.00932241968128267,0.923081638102137,"Human alphaherpesvirus 1 (HSV1).nasal","symptom_bleeding",-19.7412285536043
"1294","discretized_admit_age_quantile",4,54.095600644371,7.95977500021294,0.0930628507413829,"Human alphaherpesvirus 1 (HSV1).nasal","symptom_bleeding",-19.7412285536043
"1295","trajectory_group",4,48.878666736964,2.74284109280587,0.601739059183576,"Human alphaherpesvirus 1 (HSV1).nasal","symptom_bleeding",-19.7412285536043
"1296","<none>",NA,725.079169258346,NA,NA,"Human alphaherpesvirus 1 (HSV1).nasal","ever_ever_esc",0.997865572305412
"1297","binary",1,736.000089620709,12.9209203623624,0.000324930056069749,"Human alphaherpesvirus 1 (HSV1).nasal","ever_ever_esc",0.997865572305412
"1298","sex",1,723.099090241682,0.0199209833355098,0.887757990734255,"Human alphaherpesvirus 1 (HSV1).nasal","ever_ever_esc",0.997865572305412
"1299","discretized_admit_age_quantile",4,721.355537506973,4.2763682486268,0.369893631896824,"Human alphaherpesvirus 1 (HSV1).nasal","ever_ever_esc",0.997865572305412
"1300","trajectory_group",4,835.410894792632,118.331725534285,0.00000000000000000000000121322802001073,"Human alphaherpesvirus 1 (HSV1).nasal","ever_ever_esc",0.997865572305412
"1301","<none>",NA,776.701264105069,NA,NA,"Human alphaherpesvirus 1 (HSV1).nasal","ever_icu",0.533033385677094
"1302","binary",1,777.23306908339,2.53180497832091,0.111572523639808,"Human alphaherpesvirus 1 (HSV1).nasal","ever_icu",0.533033385677094
"1303","sex",1,780.4562132545,5.75494914943022,0.0164422715253239,"Human alphaherpesvirus 1 (HSV1).nasal","ever_icu",0.533033385677094
"1304","discretized_admit_age_quantile",4,776.57989522975,7.87863112468074,0.0961266399337217,"Human alphaherpesvirus 1 (HSV1).nasal","ever_icu",0.533033385677094
"1305","trajectory_group",4,1159.5367634956,390.835499390529,0.0000000000000000000000000000000000000000000000000000000000000000000000000000000000265662571758532,"Human alphaherpesvirus 1 (HSV1).nasal","ever_icu",0.533033385677094
"1306","<none>",NA,361.410727212614,NA,NA,"Human alphaherpesvirus 1 (HSV1).nasal","diedever",1.1608234652148
"1307","binary",1,368.873000327764,9.46227311514974,0.00209740996149048,"Human alphaherpesvirus 1 (HSV1).nasal","diedever",1.1608234652148
"1308","sex",1,363.789172531609,4.37844531899492,0.0363961805126959,"Human alphaherpesvirus 1 (HSV1).nasal","diedever",1.1608234652148
"1309","discretized_admit_age_quantile",4,374.470216943283,21.0594897306689,0.000308183658400024,"Human alphaherpesvirus 1 (HSV1).nasal","diedever",1.1608234652148
"1310","trajectory_group",4,775.809947247244,422.39922003463,0.00000000000000000000000000000000000000000000000000000000000000000000000000000000000000000401716223039447,"Human alphaherpesvirus 1 (HSV1).nasal","diedever",1.1608234652148
"1311","<none>",NA,1271.65755462691,NA,NA,"Human alphaherpesvirus 1 (HSV1).nasal","ever_remdes",-0.196492522707256
"1312","binary",1,1270.34723935567,0.689684728766451,0.406271636842519,"Human alphaherpesvirus 1 (HSV1).nasal","ever_remdes",-0.196492522707256
"1313","sex",1,1270.75646863201,1.0989140050981,0.294504558353893,"Human alphaherpesvirus 1 (HSV1).nasal","ever_remdes",-0.196492522707256
"1314","discretized_admit_age_quantile",4,1268.61801378243,4.96045915551713,0.291378748883522,"Human alphaherpesvirus 1 (HSV1).nasal","ever_remdes",-0.196492522707256
"1315","trajectory_group",4,1307.36219961238,43.7046449854756,0.00000000738902726100665,"Human alphaherpesvirus 1 (HSV1).nasal","ever_remdes",-0.196492522707256
"1316","<none>",NA,1034.12644754852,NA,NA,"Human alphaherpesvirus 1 (HSV1).nasal","ever_steroids",0.0688777703061745
"1317","binary",1,1032.18080257358,0.0543550250622502,0.815651420351418,"Human alphaherpesvirus 1 (HSV1).nasal","ever_steroids",0.0688777703061745
"1318","sex",1,1039.25500575524,7.12855820671552,0.00758657074660352,"Human alphaherpesvirus 1 (HSV1).nasal","ever_steroids",0.0688777703061745
"1319","discretized_admit_age_quantile",4,1029.9870391357,3.86059158717853,0.425201365022616,"Human alphaherpesvirus 1 (HSV1).nasal","ever_steroids",0.0688777703061745
"1320","trajectory_group",4,1111.7096555075,85.5832079589784,0.00000000000000001140862677015,"Human alphaherpesvirus 1 (HSV1).nasal","ever_steroids",0.0688777703061745
"1321","<none>",NA,1197.99111236652,NA,NA,"Human alphaherpesvirus 1 (HSV1).nasal","ever_azithro",-0.0158908042991368
"1322","binary",1,1195.99545685648,0.00434448996929859,0.947447293511555,"Human alphaherpesvirus 1 (HSV1).nasal","ever_azithro",-0.0158908042991368
"1323","sex",1,1196.42133329919,0.430220932674047,0.511880559865572,"Human alphaherpesvirus 1 (HSV1).nasal","ever_azithro",-0.0158908042991368
"1324","discretized_admit_age_quantile",4,1191.68709822482,1.69598585830659,0.791446668551397,"Human alphaherpesvirus 1 (HSV1).nasal","ever_azithro",-0.0158908042991368
"1325","trajectory_group",4,1206.90097486833,16.9098625018105,0.00201246524173043,"Human alphaherpesvirus 1 (HSV1).nasal","ever_azithro",-0.0158908042991368
"1326","<none>",NA,1199.80064287865,NA,NA,"Human alphaherpesvirus 1 (HSV1).nasal","ever_otherabx",0.59736275796023
"1327","binary",1,1202.68254429756,4.88190141891005,0.0271397068048749,"Human alphaherpesvirus 1 (HSV1).nasal","ever_otherabx",0.59736275796023
"1328","sex",1,1198.03713110557,0.236488226919164,0.626754087891441,"Human alphaherpesvirus 1 (HSV1).nasal","ever_otherabx",0.59736275796023
"1329","discretized_admit_age_quantile",4,1194.06109699696,2.2604541183025,0.68797795441003,"Human alphaherpesvirus 1 (HSV1).nasal","ever_otherabx",0.59736275796023
"1330","trajectory_group",4,1291.27732472398,99.4766818453295,0.0000000000000000000127130355234374,"Human alphaherpesvirus 1 (HSV1).nasal","ever_otherabx",0.59736275796023
"1331","<none>",NA,453.051517559119,NA,NA,"Human alphaherpesvirus 1 (HSV1).nasal","ever_conplas",-0.00410306935333726
"1332","binary",1,451.05162134998,0.000103790860748632,0.991871468263308,"Human alphaherpesvirus 1 (HSV1).nasal","ever_conplas",-0.00410306935333726
"1333","sex",1,453.913878355826,2.86236079670618,0.0906743308600858,"Human alphaherpesvirus 1 (HSV1).nasal","ever_conplas",-0.00410306935333726
"1334","discretized_admit_age_quantile",4,459.092916889432,14.0413993303121,0.00716409161199267,"Human alphaherpesvirus 1 (HSV1).nasal","ever_conplas",-0.00410306935333726
"1335","trajectory_group",4,468.021201694472,22.9696841353524,0.000128404285154216,"Human alphaherpesvirus 1 (HSV1).nasal","ever_conplas",-0.00410306935333726
"1336","<none>",NA,73.6785733417393,NA,NA,"Human alphaherpesvirus 1 (HSV1).nasal","ever_monoclonal",-19.1576541540268
"1337","binary",1,72.8568703535335,1.17829701179419,0.27770296295581,"Human alphaherpesvirus 1 (HSV1).nasal","ever_monoclonal",-19.1576541540268
"1338","sex",1,71.701216609214,0.0226432674746917,0.880388452877842,"Human alphaherpesvirus 1 (HSV1).nasal","ever_monoclonal",-19.1576541540268
"1339","discretized_admit_age_quantile",4,68.5919547991171,2.91338145737784,0.572423877979567,"Human alphaherpesvirus 1 (HSV1).nasal","ever_monoclonal",-19.1576541540268
"1340","trajectory_group",4,69.7543568962991,4.07578355455985,0.39584680574433,"Human alphaherpesvirus 1 (HSV1).nasal","ever_monoclonal",-19.1576541540268
"1341","<none>",NA,446.058457182129,NA,NA,"Human alphaherpesvirus 1 (HSV1).nasal","ever_immsupp",-0.186835294133969
"1342","binary",1,444.208738403024,0.150281220895408,0.698266758310166,"Human alphaherpesvirus 1 (HSV1).nasal","ever_immsupp",-0.186835294133969
"1343","sex",1,446.36670545389,2.30824827176144,0.128689005036263,"Human alphaherpesvirus 1 (HSV1).nasal","ever_immsupp",-0.186835294133969
"1344","discretized_admit_age_quantile",4,448.645846364099,10.5873891819701,0.03161428140291,"Human alphaherpesvirus 1 (HSV1).nasal","ever_immsupp",-0.186835294133969
"1345","trajectory_group",4,440.078647030943,2.02018984881397,0.732045229951867,"Human alphaherpesvirus 1 (HSV1).nasal","ever_immsupp",-0.186835294133969
"1346","<none>",NA,729.814295258001,NA,NA,"Human alphaherpesvirus 1 (HSV1).nasal","anycomp",0.570574444888203
"1347","binary",1,729.708328353576,1.89403309557463,0.168747728954449,"Human alphaherpesvirus 1 (HSV1).nasal","anycomp",0.570574444888203
"1348","sex",1,731.166439455561,3.3521441975596,0.0671175337815306,"Human alphaherpesvirus 1 (HSV1).nasal","anycomp",0.570574444888203
"1349","discretized_admit_age_quantile",4,729.973268594936,8.15897333693454,0.0859253432495105,"Human alphaherpesvirus 1 (HSV1).nasal","anycomp",0.570574444888203
"1350","trajectory_group",4,758.614330475744,36.8000352177426,0.000000198050530329068,"Human alphaherpesvirus 1 (HSV1).nasal","anycomp",0.570574444888203
"1351","<none>",NA,729.814295258001,NA,NA,"Human alphaherpesvirus 1 (HSV1).nasal","ncomp",0.570574444888203
"1352","binary",1,729.708328353576,1.89403309557463,0.168747728954449,"Human alphaherpesvirus 1 (HSV1).nasal","ncomp",0.570574444888203
"1353","sex",1,731.166439455561,3.3521441975596,0.0671175337815306,"Human alphaherpesvirus 1 (HSV1).nasal","ncomp",0.570574444888203
"1354","discretized_admit_age_quantile",4,729.973268594936,8.15897333693454,0.0859253432495105,"Human alphaherpesvirus 1 (HSV1).nasal","ncomp",0.570574444888203
"1355","trajectory_group",4,758.614330475744,36.8000352177426,0.000000198050530329068,"Human alphaherpesvirus 1 (HSV1).nasal","ncomp",0.570574444888203
"1356","<none>",NA,77.108336781373,NA,NA,"Human alphaherpesvirus 1 (HSV1).nasal","comp_seizure",-19.6285785535411
"1357","binary",1,76.7537653515596,1.64542857018662,0.19958227091283,"Human alphaherpesvirus 1 (HSV1).nasal","comp_seizure",-19.6285785535411
"1358","sex",1,75.7072418481345,0.598905066761489,0.438996097916008,"Human alphaherpesvirus 1 (HSV1).nasal","comp_seizure",-19.6285785535411
"1359","discretized_admit_age_quantile",4,73.7465495021852,4.63821272081225,0.326472101115068,"Human alphaherpesvirus 1 (HSV1).nasal","comp_seizure",-19.6285785535411
"1360","trajectory_group",4,73.1973087896704,4.08897200829742,0.394098690642307,"Human alphaherpesvirus 1 (HSV1).nasal","comp_seizure",-19.6285785535411
"1361","<none>",NA,148.074419235459,NA,NA,"Human alphaherpesvirus 1 (HSV1).nasal","comp_meningitis",0.0855027399764498
"1362","binary",1,146.085695426285,0.0112761908269192,0.915432072919876,"Human alphaherpesvirus 1 (HSV1).nasal","comp_meningitis",0.0855027399764498
"1363","sex",1,146.928595102168,0.85417586670917,0.355373683230218,"Human alphaherpesvirus 1 (HSV1).nasal","comp_meningitis",0.0855027399764498
"1364","discretized_admit_age_quantile",4,143.517546042801,3.4431268073424,0.486578561317975,"Human alphaherpesvirus 1 (HSV1).nasal","comp_meningitis",0.0855027399764498
"1365","trajectory_group",4,149.283587667665,9.20916843220613,0.0560786929605677,"Human alphaherpesvirus 1 (HSV1).nasal","comp_meningitis",0.0855027399764498
"1366","<none>",NA,183.097769661134,NA,NA,"Human alphaherpesvirus 1 (HSV1).nasal","comp_stroke",0.68092607075853
"1367","binary",1,182.466850456747,1.36908079561323,0.241969878516721,"Human alphaherpesvirus 1 (HSV1).nasal","comp_stroke",0.68092607075853
"1368","sex",1,181.748395053238,0.650625392104416,0.419889174286981,"Human alphaherpesvirus 1 (HSV1).nasal","comp_stroke",0.68092607075853
"1369","discretized_admit_age_quantile",4,179.382782429833,4.28501276869926,0.368805567463459,"Human alphaherpesvirus 1 (HSV1).nasal","comp_stroke",0.68092607075853
"1370","trajectory_group",4,191.647889893178,16.5501202320443,0.00236321800800548,"Human alphaherpesvirus 1 (HSV1).nasal","comp_stroke",0.68092607075853
"1371","<none>",NA,504.827432945371,NA,NA,"Human alphaherpesvirus 1 (HSV1).nasal","comp_afib",0.0518383425140794
"1372","binary",1,502.846343512654,0.0189105672831147,0.89062318516163,"Human alphaherpesvirus 1 (HSV1).nasal","comp_afib",0.0518383425140794
"1373","sex",1,510.371274933898,7.54384198852682,0.00602155087358707,"Human alphaherpesvirus 1 (HSV1).nasal","comp_afib",0.0518383425140794
"1374","discretized_admit_age_quantile",4,518.619988969093,21.7925560237227,0.000220403096180178,"Human alphaherpesvirus 1 (HSV1).nasal","comp_afib",0.0518383425140794
"1375","trajectory_group",4,523.053312409477,26.2258794641065,0.0000284931273889863,"Human alphaherpesvirus 1 (HSV1).nasal","comp_afib",0.0518383425140794
"1376","<none>",NA,281.818751360857,NA,NA,"Human alphaherpesvirus 1 (HSV1).nasal","comp_ventricular_arr",1.02851700116116
"1377","binary",1,285.276513932663,5.45776257180597,0.0194815770094373,"Human alphaherpesvirus 1 (HSV1).nasal","comp_ventricular_arr",1.02851700116116
"1378","sex",1,282.524174258716,2.70542289785948,0.100007559431218,"Human alphaherpesvirus 1 (HSV1).nasal","comp_ventricular_arr",1.02851700116116
"1379","discretized_admit_age_quantile",4,275.601872685249,1.78312132439265,0.775568921509348,"Human alphaherpesvirus 1 (HSV1).nasal","comp_ventricular_arr",1.02851700116116
"1380","trajectory_group",4,295.420614860253,21.6018634993964,0.000240508948910156,"Human alphaherpesvirus 1 (HSV1).nasal","comp_ventricular_arr",1.02851700116116
"1381","<none>",NA,33.4025531592475,NA,NA,"Human alphaherpesvirus 1 (HSV1).nasal","comp_endo",-20.0127277423051
"1382","binary",1,31.8401237212188,0.437570561971306,0.508297378391112,"Human alphaherpesvirus 1 (HSV1).nasal","comp_endo",-20.0127277423051
"1383","sex",1,32.4430984771366,1.04054531788912,0.307694679314388,"Human alphaherpesvirus 1 (HSV1).nasal","comp_endo",-20.0127277423051
"1384","discretized_admit_age_quantile",4,27.3362826507896,1.93372949154214,0.747946393207635,"Human alphaherpesvirus 1 (HSV1).nasal","comp_endo",-20.0127277423051
"1385","trajectory_group",4,28.6702607671462,3.26770760789872,0.514064926372306,"Human alphaherpesvirus 1 (HSV1).nasal","comp_endo",-20.0127277423051
"1386","<none>",NA,66.0042832184378,NA,NA,"Human alphaherpesvirus 1 (HSV1).nasal","comp_myocard",-19.4668127366137
"1387","binary",1,64.7207542160875,0.716470997649694,0.397303931254713,"Human alphaherpesvirus 1 (HSV1).nasal","comp_myocard",-19.4668127366137
"1388","sex",1,64.5443252487186,0.540042030280887,0.462415308263252,"Human alphaherpesvirus 1 (HSV1).nasal","comp_myocard",-19.4668127366137
"1389","discretized_admit_age_quantile",4,62.9833066393599,4.9790234209221,0.289456603407952,"Human alphaherpesvirus 1 (HSV1).nasal","comp_myocard",-19.4668127366137
"1390","trajectory_group",4,62.742905708068,4.73862248963028,0.3151826711795,"Human alphaherpesvirus 1 (HSV1).nasal","comp_myocard",-19.4668127366137
"1391","<none>",NA,180.200603385434,NA,NA,"Human alphaherpesvirus 1 (HSV1).nasal","comp_cardarrest",0.414758230631025
"1392","binary",1,178.591249467331,0.390646081896733,0.531959989096045,"Human alphaherpesvirus 1 (HSV1).nasal","comp_cardarrest",0.414758230631025
"1393","sex",1,180.240985515747,2.04038213031336,0.153171163631087,"Human alphaherpesvirus 1 (HSV1).nasal","comp_cardarrest",0.414758230631025
"1394","discretized_admit_age_quantile",4,174.694695020394,2.49409163496034,0.645694088886807,"Human alphaherpesvirus 1 (HSV1).nasal","comp_cardarrest",0.414758230631025
"1395","trajectory_group",4,292.002177186124,119.80157380069,0.000000000000000000000000588900186306749,"Human alphaherpesvirus 1 (HSV1).nasal","comp_cardarrest",0.414758230631025
"1396","<none>",NA,135.418323354392,NA,NA,"Human alphaherpesvirus 1 (HSV1).nasal","comp_stemi",0.126392814082779
"1397","binary",1,133.442409694487,0.024086340094442,0.876665425874277,"Human alphaherpesvirus 1 (HSV1).nasal","comp_stemi",0.126392814082779
"1398","sex",1,133.740437794399,0.322114440006402,0.570339706251932,"Human alphaherpesvirus 1 (HSV1).nasal","comp_stemi",0.126392814082779
"1399","discretized_admit_age_quantile",4,131.232782631083,3.81445927669026,0.431697993243391,"Human alphaherpesvirus 1 (HSV1).nasal","comp_stemi",0.126392814082779
"1400","trajectory_group",4,139.43015243931,12.0118290849176,0.0172635175632856,"Human alphaherpesvirus 1 (HSV1).nasal","comp_stemi",0.126392814082779
"1401","<none>",NA,246.722123701622,NA,NA,"Human alphaherpesvirus 1 (HSV1).nasal","comp_nstemi",-0.205628806236587
"1402","binary",1,244.828371580627,0.106247879005394,0.7444569896607,"Human alphaherpesvirus 1 (HSV1).nasal","comp_nstemi",-0.205628806236587
"1403","sex",1,246.892491563816,2.17036786219475,0.140692575280053,"Human alphaherpesvirus 1 (HSV1).nasal","comp_nstemi",-0.205628806236587
"1404","discretized_admit_age_quantile",4,242.727229558663,4.00510585704168,0.405315288120764,"Human alphaherpesvirus 1 (HSV1).nasal","comp_nstemi",-0.205628806236587
"1405","trajectory_group",4,255.180935554126,16.4588118525045,0.00246143382494922,"Human alphaherpesvirus 1 (HSV1).nasal","comp_nstemi",-0.205628806236587
"1406","<none>",NA,471.808800764086,NA,NA,"Human alphaherpesvirus 1 (HSV1).nasal","comp_chf",0.7352179216897
"1407","binary",1,473.932027576417,4.12322681233024,0.0422983263587614,"Human alphaherpesvirus 1 (HSV1).nasal","comp_chf",0.7352179216897
"1408","sex",1,472.801716104172,2.99291534008586,0.0836294831097887,"Human alphaherpesvirus 1 (HSV1).nasal","comp_chf",0.7352179216897
"1409","discretized_admit_age_quantile",4,473.367887804001,9.55908703991435,0.0485471971955694,"Human alphaherpesvirus 1 (HSV1).nasal","comp_chf",0.7352179216897
"1410","trajectory_group",4,491.646481921008,27.8376811569213,0.000013454247588677,"Human alphaherpesvirus 1 (HSV1).nasal","comp_chf",0.7352179216897
"1411","<none>",NA,1092.42843390334,NA,NA,"Human alphaherpesvirus 1 (HSV1).nasal","comp_pneumonia",0.415469680576793
"1412","binary",1,1092.57533838748,2.14690448413467,0.142857662474068,"Human alphaherpesvirus 1 (HSV1).nasal","comp_pneumonia",0.415469680576793
"1413","sex",1,1090.56632569262,0.137891789272999,0.710385919430491,"Human alphaherpesvirus 1 (HSV1).nasal","comp_pneumonia",0.415469680576793
"1414","discretized_admit_age_quantile",4,1088.18339735996,3.75496345661577,0.440182345396172,"Human alphaherpesvirus 1 (HSV1).nasal","comp_pneumonia",0.415469680576793
"1415","trajectory_group",4,1141.51131949097,57.0828855876302,0.0000000000118861331610051,"Human alphaherpesvirus 1 (HSV1).nasal","comp_pneumonia",0.415469680576793
"1416","<none>",NA,77.2602460701464,NA,NA,"Human alphaherpesvirus 1 (HSV1).nasal","comp_bronch",0.821960009649376
"1417","binary",1,75.6406716737144,0.380425603568,0.537375548518122,"Human alphaherpesvirus 1 (HSV1).nasal","comp_bronch",0.821960009649376
"1418","sex",1,75.2623983295616,0.00215225941516906,0.962997454078442,"Human alphaherpesvirus 1 (HSV1).nasal","comp_bronch",0.821960009649376
"1419","discretized_admit_age_quantile",4,70.9421293804379,1.68188331029148,0.794005853708731,"Human alphaherpesvirus 1 (HSV1).nasal","comp_bronch",0.821960009649376
"1420","trajectory_group",4,74.2746053436327,5.01435927348626,0.285827314904982,"Human alphaherpesvirus 1 (HSV1).nasal","comp_bronch",0.821960009649376
"1421","<none>",NA,248.610297579767,NA,NA,"Human alphaherpesvirus 1 (HSV1).nasal","comp_pneumo",0.496767504297392
"1422","binary",1,247.544682568954,0.93438498918735,0.33372607463088,"Human alphaherpesvirus 1 (HSV1).nasal","comp_pneumo",0.496767504297392
"1423","sex",1,248.722590307956,2.1122927281892,0.146120252125395,"Human alphaherpesvirus 1 (HSV1).nasal","comp_pneumo",0.496767504297392
"1424","discretized_admit_age_quantile",4,252.139248471208,11.5289508914413,0.0212204333010541,"Human alphaherpesvirus 1 (HSV1).nasal","comp_pneumo",0.496767504297392
"1425","trajectory_group",4,264.450251554474,23.8399539747073,0.0000859966453383356,"Human alphaherpesvirus 1 (HSV1).nasal","comp_pneumo",0.496767504297392
"1426","<none>",NA,119.174435660811,NA,NA,"Human alphaherpesvirus 1 (HSV1).nasal","comp_pneumomed",0.409429614342046
"1427","binary",1,117.49980548182,0.325369821009303,0.568398309555054,"Human alphaherpesvirus 1 (HSV1).nasal","comp_pneumomed",0.409429614342046
"1428","sex",1,118.476767367418,1.30233170660694,0.253787749461859,"Human alphaherpesvirus 1 (HSV1).nasal","comp_pneumomed",0.409429614342046
"1429","discretized_admit_age_quantile",4,114.832512305296,3.65807664448529,0.454252765439735,"Human alphaherpesvirus 1 (HSV1).nasal","comp_pneumomed",0.409429614342046
"1430","trajectory_group",4,140.244243783715,29.0698081229035,0.00000756623710315567,"Human alphaherpesvirus 1 (HSV1).nasal","comp_pneumomed",0.409429614342046
"1431","<none>",NA,94.7420047678083,NA,NA,"Human alphaherpesvirus 1 (HSV1).nasal","comp_aat",-0.119165876737677
"1432","binary",1,92.7539340417296,0.0119292739212256,0.913027033415386,"Human alphaherpesvirus 1 (HSV1).nasal","comp_aat",-0.119165876737677
"1433","sex",1,93.085443437503,0.343438669694635,0.557851049777737,"Human alphaherpesvirus 1 (HSV1).nasal","comp_aat",-0.119165876737677
"1434","discretized_admit_age_quantile",4,91.7909190769964,5.04891430918808,0.282315305263408,"Human alphaherpesvirus 1 (HSV1).nasal","comp_aat",-0.119165876737677
"1435","trajectory_group",4,92.6519490609065,5.90994429309815,0.20597538905302,"Human alphaherpesvirus 1 (HSV1).nasal","comp_aat",-0.119165876737677
"1436","<none>",NA,446.595137566484,NA,NA,"Human alphaherpesvirus 1 (HSV1).nasal","comp_avthromb",1.01365306749434
"1437","binary",1,453.612660033543,9.01752246705865,0.00267403600255203,"Human alphaherpesvirus 1 (HSV1).nasal","comp_avthromb",1.01365306749434
"1438","sex",1,446.528595066082,1.93345749959832,0.164380672935603,"Human alphaherpesvirus 1 (HSV1).nasal","comp_avthromb",1.01365306749434
"1439","discretized_admit_age_quantile",4,448.661080853913,10.0659432874296,0.0393314059969103,"Human alphaherpesvirus 1 (HSV1).nasal","comp_avthromb",1.01365306749434
"1440","trajectory_group",4,475.46854397327,36.8734064067864,0.000000191277610306234,"Human alphaherpesvirus 1 (HSV1).nasal","comp_avthromb",1.01365306749434
"1441","<none>",NA,545.146566237806,NA,NA,"Human alphaherpesvirus 1 (HSV1).nasal","comp_shock",1.10710441272297
"1442","binary",1,556.034266630164,12.8877003923578,0.000330748573812211,"Human alphaherpesvirus 1 (HSV1).nasal","comp_shock",1.10710441272297
"1443","sex",1,544.365453973724,1.21888773591786,0.269579044771166,"Human alphaherpesvirus 1 (HSV1).nasal","comp_shock",1.10710441272297
"1444","discretized_admit_age_quantile",4,543.923213226005,6.77664698819865,0.148172783222559,"Human alphaherpesvirus 1 (HSV1).nasal","comp_shock",1.10710441272297
"1445","trajectory_group",4,777.517916698814,240.371350461008,0.00000000000000000000000000000000000000000000000000771748387260881,"Human alphaherpesvirus 1 (HSV1).nasal","comp_shock",1.10710441272297
"1446","<none>",NA,660.960161247505,NA,NA,"Human alphaherpesvirus 1 (HSV1).nasal","comp_bac",0.432832720723061
"1447","binary",1,661.059270777508,2.09910953000337,0.147384951652927,"Human alphaherpesvirus 1 (HSV1).nasal","comp_bac",0.432832720723061
"1448","sex",1,659.855620130313,0.895458882807702,0.34400227700879,"Human alphaherpesvirus 1 (HSV1).nasal","comp_bac",0.432832720723061
"1449","discretized_admit_age_quantile",4,655.839792545766,2.87963129826107,0.57816662904286,"Human alphaherpesvirus 1 (HSV1).nasal","comp_bac",0.432832720723061
"1450","trajectory_group",4,709.103199779806,56.1430385323014,0.0000000000187137926213364,"Human alphaherpesvirus 1 (HSV1).nasal","comp_bac",0.432832720723061
"1451","<none>",NA,290.813689051562,NA,NA,"Human alphaherpesvirus 1 (HSV1).nasal","comp_coag",0.164443265567745
"1452","binary",1,288.904612648294,0.0909235967324094,0.763006260979343,"Human alphaherpesvirus 1 (HSV1).nasal","comp_coag",0.164443265567745
"1453","sex",1,288.849770182229,0.0360811306670712,0.849348046943761,"Human alphaherpesvirus 1 (HSV1).nasal","comp_coag",0.164443265567745
"1454","discretized_admit_age_quantile",4,289.47386030948,6.66017125791848,0.154973939043997,"Human alphaherpesvirus 1 (HSV1).nasal","comp_coag",0.164443265567745
"1455","trajectory_group",4,292.26629769411,9.45260864254834,0.0507301957504074,"Human alphaherpesvirus 1 (HSV1).nasal","comp_coag",0.164443265567745
"1456","<none>",NA,166.005818770813,NA,NA,"Human alphaherpesvirus 1 (HSV1).nasal","comp_hypogly",1.32171954370503
"1457","binary",1,168.164108068623,4.15828929781028,0.0414312289852433,"Human alphaherpesvirus 1 (HSV1).nasal","comp_hypogly",1.32171954370503
"1458","sex",1,164.184512127059,0.178693356246072,0.67249856244393,"Human alphaherpesvirus 1 (HSV1).nasal","comp_hypogly",1.32171954370503
"1459","discretized_admit_age_quantile",4,161.780970959738,3.77515218892509,0.437290009847814,"Human alphaherpesvirus 1 (HSV1).nasal","comp_hypogly",1.32171954370503
"1460","trajectory_group",4,160.733287678439,2.72746890762608,0.604416535898622,"Human alphaherpesvirus 1 (HSV1).nasal","comp_hypogly",1.32171954370503
"1461","<none>",NA,391.65326638052,NA,NA,"Human alphaherpesvirus 1 (HSV1).nasal","comp_bleed",0.358152680799899
"1462","binary",1,390.36197629815,0.708709917630472,0.399872420911741,"Human alphaherpesvirus 1 (HSV1).nasal","comp_bleed",0.358152680799899
"1463","sex",1,389.666807206153,0.0135408256333562,0.907363230612831,"Human alphaherpesvirus 1 (HSV1).nasal","comp_bleed",0.358152680799899
"1464","discretized_admit_age_quantile",4,388.985142783881,5.33187640336178,0.25490766191022,"Human alphaherpesvirus 1 (HSV1).nasal","comp_bleed",0.358152680799899
"1465","trajectory_group",4,432.390939422928,48.7376730424086,0.000000000662291708966706,"Human alphaherpesvirus 1 (HSV1).nasal","comp_bleed",0.358152680799899
"1466","<none>",NA,758.833147542025,NA,NA,"Human alphaherpesvirus 1 (HSV1).nasal","comp_anemia",0.0957524542486887
"1467","binary",1,756.938698171484,0.105550629459458,0.74526768328268,"Human alphaherpesvirus 1 (HSV1).nasal","comp_anemia",0.0957524542486887
"1468","sex",1,757.364808490984,0.531660948959029,0.465909397969346,"Human alphaherpesvirus 1 (HSV1).nasal","comp_anemia",0.0957524542486887
"1469","discretized_admit_age_quantile",4,751.322737909768,0.489590367742835,0.974506413790026,"Human alphaherpesvirus 1 (HSV1).nasal","comp_anemia",0.0957524542486887
"1470","trajectory_group",4,816.046324862423,65.2131773203981,0.000000000000232040023885485,"Human alphaherpesvirus 1 (HSV1).nasal","comp_anemia",0.0957524542486887
"1471","<none>",NA,81.0239597530916,NA,NA,"Human alphaherpesvirus 1 (HSV1).nasal","comp_pancreas",-19.3481354742949
"1472","binary",1,80.5025615573805,1.47860180428883,0.223993411179737,"Human alphaherpesvirus 1 (HSV1).nasal","comp_pancreas",-19.3481354742949
"1473","sex",1,80.3990303648163,1.37507061172462,0.24094258931619,"Human alphaherpesvirus 1 (HSV1).nasal","comp_pancreas",-19.3481354742949
"1474","discretized_admit_age_quantile",4,81.5077584015279,8.48379864843629,0.0753798391420182,"Human alphaherpesvirus 1 (HSV1).nasal","comp_pancreas",-19.3481354742949
"1475","trajectory_group",4,78.8653720089394,5.8414122558478,0.211308874509715,"Human alphaherpesvirus 1 (HSV1).nasal","comp_pancreas",-19.3481354742949
"1476","<none>",NA,932.16333895092,NA,NA,"Human alphaherpesvirus 1 (HSV1).nasal","comp_renal",0.44593708250523
"1477","binary",1,933.080794682726,2.91745573180674,0.087625928596168,"Human alphaherpesvirus 1 (HSV1).nasal","comp_renal",0.44593708250523
"1478","sex",1,939.988167653295,9.82482870237516,0.00172171735074272,"Human alphaherpesvirus 1 (HSV1).nasal","comp_renal",0.44593708250523
"1479","discretized_admit_age_quantile",4,930.474051197089,6.31071224616926,0.177114654793663,"Human alphaherpesvirus 1 (HSV1).nasal","comp_renal",0.44593708250523
"1480","trajectory_group",4,1007.1654828047,83.0021438537814,0.0000000000000000402451316769429,"Human alphaherpesvirus 1 (HSV1).nasal","comp_renal",0.44593708250523
"1481","<none>",NA,755.431096732757,NA,NA,"Human alphaherpesvirus 1 (HSV1).nasal","comp_liver",0.530010056320929
"1482","binary",1,756.511542742179,3.0804460094223,0.0792387939976476,"Human alphaherpesvirus 1 (HSV1).nasal","comp_liver",0.530010056320929
"1483","sex",1,756.02606997311,2.59497324035294,0.107203250132192,"Human alphaherpesvirus 1 (HSV1).nasal","comp_liver",0.530010056320929
"1484","discretized_admit_age_quantile",4,757.234438474565,9.80334174180757,0.0438739134740501,"Human alphaherpesvirus 1 (HSV1).nasal","comp_liver",0.530010056320929
"1485","trajectory_group",4,749.670556249356,2.2394595165988,0.691811921364962,"Human alphaherpesvirus 1 (HSV1).nasal","comp_liver",0.530010056320929
"1486","<none>",NA,356.300246234565,NA,NA,"Human alphaherpesvirus 1 (HSV1).nasal","comp_othlab",0.517940310017653
"1487","binary",1,355.488216742837,1.18797050827192,0.275739311360312,"Human alphaherpesvirus 1 (HSV1).nasal","comp_othlab",0.517940310017653
"1488","sex",1,356.404346223198,2.10409998863332,0.146904756662251,"Human alphaherpesvirus 1 (HSV1).nasal","comp_othlab",0.517940310017653
"1489","discretized_admit_age_quantile",4,354.900838046771,6.60059181220578,0.158561607489774,"Human alphaherpesvirus 1 (HSV1).nasal","comp_othlab",0.517940310017653
"1490","trajectory_group",4,350.947486388968,2.64724015440248,0.618477955571896,"Human alphaherpesvirus 1 (HSV1).nasal","comp_othlab",0.517940310017653
"1491","<none>",NA,334.108219128869,NA,NA,"Human alphaherpesvirus 1 (HSV1).nasal","comp_electrolyte",0.387312633607924
"1492","binary",1,332.695308345399,0.587089216529876,0.443546913122804,"Human alphaherpesvirus 1 (HSV1).nasal","comp_electrolyte",0.387312633607924
"1493","sex",1,332.201198691783,0.0929795629136265,0.760422890911619,"Human alphaherpesvirus 1 (HSV1).nasal","comp_electrolyte",0.387312633607924
"1494","discretized_admit_age_quantile",4,337.022797876542,10.914578747673,0.0275409925597331,"Human alphaherpesvirus 1 (HSV1).nasal","comp_electrolyte",0.387312633607924
"1495","trajectory_group",4,334.843444809284,8.73522568041466,0.0680692597241201,"Human alphaherpesvirus 1 (HSV1).nasal","comp_electrolyte",0.387312633607924
"1496","<none>",NA,294.357907523291,NA,NA,"Human alphaherpesvirus 1 (HSV1).nasal","comp_othinf",1.0542344966906
"1497","binary",1,297.004796011,4.64688848770862,0.0311098892937967,"Human alphaherpesvirus 1 (HSV1).nasal","comp_othinf",1.0542344966906
"1498","sex",1,292.385351626343,0.0274441030518915,0.868422465882128,"Human alphaherpesvirus 1 (HSV1).nasal","comp_othinf",1.0542344966906
"1499","discretized_admit_age_quantile",4,290.751739424431,4.39383190113955,0.355322528519083,"Human alphaherpesvirus 1 (HSV1).nasal","comp_othinf",1.0542344966906
"1500","trajectory_group",4,289.084023205093,2.72611568180122,0.604652500532741,"Human alphaherpesvirus 1 (HSV1).nasal","comp_othinf",1.0542344966906
"1501","<none>",NA,33.35254795016,NA,NA,"Human alphaherpesvirus 1 (HSV1).nasal","comp_othpulm",-18.221769288204
"1502","binary",1,31.4513384835754,0.0987905334154675,0.753285897093644,"Human alphaherpesvirus 1 (HSV1).nasal","comp_othpulm",-18.221769288204
"1503","sex",1,32.674567255431,1.32201930527107,0.250229969860818,"Human alphaherpesvirus 1 (HSV1).nasal","comp_othpulm",-18.221769288204
"1504","discretized_admit_age_quantile",4,28.0411676438821,2.68861969372214,0.611207483868926,"Human alphaherpesvirus 1 (HSV1).nasal","comp_othpulm",-18.221769288204
"1505","trajectory_group",4,27.6273470317532,2.27479908159322,0.685360968274776,"Human alphaherpesvirus 1 (HSV1).nasal","comp_othpulm",-18.221769288204
"1506","<none>",NA,155.588888432484,NA,NA,"Human alphaherpesvirus 1 (HSV1).nasal","comp_unddisease",-0.244735662257773
"1507","binary",1,153.642727923261,0.0538394907774773,0.816512085466487,"Human alphaherpesvirus 1 (HSV1).nasal","comp_unddisease",-0.244735662257773
"1508","sex",1,154.33890053684,0.750012104356784,0.386472398487521,"Human alphaherpesvirus 1 (HSV1).nasal","comp_unddisease",-0.244735662257773
"1509","discretized_admit_age_quantile",4,160.48800389341,12.8991154609263,0.0117793996580391,"Human alphaherpesvirus 1 (HSV1).nasal","comp_unddisease",-0.244735662257773
"1510","trajectory_group",4,148.905278101955,1.31638966947153,0.858588709628811,"Human alphaherpesvirus 1 (HSV1).nasal","comp_unddisease",-0.244735662257773
"1511","<none>",NA,220.96759495179,NA,NA,"Human alphaherpesvirus 1 (HSV1).nasal","comp_enceph",0.77424337299562
"1512","binary",1,220.862930338743,1.89533538695301,0.168601368288647,"Human alphaherpesvirus 1 (HSV1).nasal","comp_enceph",0.77424337299562
"1513","sex",1,219.743888646295,0.776293694504574,0.37827706198647,"Human alphaherpesvirus 1 (HSV1).nasal","comp_enceph",0.77424337299562
"1514","discretized_admit_age_quantile",4,219.882233562894,6.91463861110438,0.140468533971119,"Human alphaherpesvirus 1 (HSV1).nasal","comp_enceph",0.77424337299562
"1515","trajectory_group",4,220.137674592713,7.17007964092295,0.127168661555669,"Human alphaherpesvirus 1 (HSV1).nasal","comp_enceph",0.77424337299562
"1516","<none>",NA,97.8329969482879,NA,NA,"Human alphaherpesvirus 1 (HSV1).nasal","comp_othneuro",-18.1427201670521
"1517","binary",1,96.9285635454716,1.09556659718363,0.295241113714206,"Human alphaherpesvirus 1 (HSV1).nasal","comp_othneuro",-18.1427201670521
"1518","sex",1,95.8362918380133,0.00329488972532488,0.95422566287807,"Human alphaherpesvirus 1 (HSV1).nasal","comp_othneuro",-18.1427201670521
"1519","discretized_admit_age_quantile",4,96.0983899966923,6.26539304840435,0.180185857549673,"Human alphaherpesvirus 1 (HSV1).nasal","comp_othneuro",-18.1427201670521
"1520","trajectory_group",4,91.6536578768454,1.82066092855743,0.768700217840361,"Human alphaherpesvirus 1 (HSV1).nasal","comp_othneuro",-18.1427201670521
"1521","<none>",NA,357.630297686899,NA,NA,"Human alphaherpesvirus 1 (HSV1).nasal","comp_hypergly",1.10135135056852
"1522","binary",1,361.41346658069,5.78316889379124,0.016180344339502,"Human alphaherpesvirus 1 (HSV1).nasal","comp_hypergly",1.10135135056852
"1523","sex",1,355.631341414697,0.00104372779793493,0.974227405283641,"Human alphaherpesvirus 1 (HSV1).nasal","comp_hypergly",1.10135135056852
"1524","discretized_admit_age_quantile",4,366.213193641652,16.5828959547523,0.0023289131659527,"Human alphaherpesvirus 1 (HSV1).nasal","comp_hypergly",1.10135135056852
"1525","trajectory_group",4,356.990765761146,7.36046807424719,0.118021800626124,"Human alphaherpesvirus 1 (HSV1).nasal","comp_hypergly",1.10135135056852
"1526","<none>",NA,54.8111922764514,NA,NA,"Human alphaherpesvirus 1 (HSV1).nasal","comp_psych",-17.7061702557839
"1527","binary",1,53.1306400762197,0.319447799768305,0.571939686162907,"Human alphaherpesvirus 1 (HSV1).nasal","comp_psych",-17.7061702557839
"1528","sex",1,55.0729332791218,2.26174100267041,0.13260490873104,"Human alphaherpesvirus 1 (HSV1).nasal","comp_psych",-17.7061702557839
"1529","discretized_admit_age_quantile",4,50.5707673371588,3.75957506070742,0.439520458650404,"Human alphaherpesvirus 1 (HSV1).nasal","comp_psych",-17.7061702557839
"1530","trajectory_group",4,48.3858221011803,1.57462982472894,0.813344542520864,"Human alphaherpesvirus 1 (HSV1).nasal","comp_psych",-17.7061702557839
"1531","<none>",NA,123.713346097409,NA,NA,"Human alphaherpesvirus 1 (HSV1).nasal","comp_gastroent",0.202570413190275
"1532","binary",1,121.744594666626,0.0312485692177376,0.859686974106069,"Human alphaherpesvirus 1 (HSV1).nasal","comp_gastroent",0.202570413190275
"1533","sex",1,123.853116679177,2.13977058176816,0.143523353506084,"Human alphaherpesvirus 1 (HSV1).nasal","comp_gastroent",0.202570413190275
"1534","discretized_admit_age_quantile",4,117.817782751188,2.10443665377996,0.71655733919828,"Human alphaherpesvirus 1 (HSV1).nasal","comp_gastroent",0.202570413190275
"1535","trajectory_group",4,121.653617717818,5.94027162040939,0.203653449435923,"Human alphaherpesvirus 1 (HSV1).nasal","comp_gastroent",0.202570413190275
"1536","<none>",NA,24.0000000000005,NA,NA,"Human alphaherpesvirus 1 (HSV1).nasal","comp_pulmvas",78.4081744861224
"1537","binary",1,29.6064145944997,7.60641459449925,0.00581610169053653,"Human alphaherpesvirus 1 (HSV1).nasal","comp_pulmvas",78.4081744861224
"1538","sex",1,26.4986811670738,4.49868116707338,0.033921005592369,"Human alphaherpesvirus 1 (HSV1).nasal","comp_pulmvas",78.4081744861224
"1539","discretized_admit_age_quantile",4,19.8190850136029,3.81908501360241,0.431043333514709,"Human alphaherpesvirus 1 (HSV1).nasal","comp_pulmvas",78.4081744861224
"1540","trajectory_group",4,22.5273779489184,6.52737794891799,0.163073504420604,"Human alphaherpesvirus 1 (HSV1).nasal","comp_pulmvas",78.4081744861224
"1541","<none>",NA,207.294564424877,NA,NA,"Human alphaherpesvirus 1 (HSV1).nasal","comp_other2",-0.121320530652542
"1542","binary",1,205.318724133918,0.0241597090406174,0.876479230731785,"Human alphaherpesvirus 1 (HSV1).nasal","comp_other2",-0.121320530652542
"1543","sex",1,205.30294782353,0.00838339865256899,0.927046917128546,"Human alphaherpesvirus 1 (HSV1).nasal","comp_other2",-0.121320530652542
"1544","discretized_admit_age_quantile",4,201.673458342475,2.37889391759757,0.666444790941687,"Human alphaherpesvirus 1 (HSV1).nasal","comp_other2",-0.121320530652542
"1545","trajectory_group",4,202.817291262927,3.52272683804983,0.474431103835936,"Human alphaherpesvirus 1 (HSV1).nasal","comp_other2",-0.121320530652542
"1546","<none>",NA,1293.87537360362,NA,NA,"Human alphaherpesvirus 2 (HSV2).nasal","comorb_htn",-0.487441136649551
"1547","binary",1,1292.08547813582,0.210104532207652,0.646685485081971,"Human alphaherpesvirus 2 (HSV2).nasal","comorb_htn",-0.487441136649551
"1548","sex",1,1291.89228684449,0.0169132408768746,0.896526143191137,"Human alphaherpesvirus 2 (HSV2).nasal","comorb_htn",-0.487441136649551
"1549","discretized_admit_age_quantile",4,1402.04751151043,116.172137906815,0.00000000000000000000000350772772191216,"Human alphaherpesvirus 2 (HSV2).nasal","comorb_htn",-0.487441136649551
"1550","trajectory_group",4,1289.17031598997,3.29494238635311,0.509733991053574,"Human alphaherpesvirus 2 (HSV2).nasal","comorb_htn",-0.487441136649551
"1551","<none>",NA,1315.20307148034,NA,NA,"Human alphaherpesvirus 2 (HSV2).nasal","comorb_isaric_dm",1.42221190470084
"1552","binary",1,1314.87108504098,1.66801356063888,0.196524813003241,"Human alphaherpesvirus 2 (HSV2).nasal","comorb_isaric_dm",1.42221190470084
"1553","sex",1,1321.92352113322,8.7204496528766,0.003146604256469,"Human alphaherpesvirus 2 (HSV2).nasal","comorb_isaric_dm",1.42221190470084
"1554","discretized_admit_age_quantile",4,1346.31597273179,39.1129012514468,0.0000000660221308659445,"Human alphaherpesvirus 2 (HSV2).nasal","comorb_isaric_dm",1.42221190470084
"1555","trajectory_group",4,1321.13281129787,13.9297398175283,0.0075227065034617,"Human alphaherpesvirus 2 (HSV2).nasal","comorb_isaric_dm",1.42221190470084
"1556","<none>",NA,962.879060735905,NA,NA,"Human alphaherpesvirus 2 (HSV2).nasal","comorb_anyresp_noasthma",-0.216654007771896
"1557","binary",1,960.913495005539,0.0344342696344029,0.852786113198053,"Human alphaherpesvirus 2 (HSV2).nasal","comorb_anyresp_noasthma",-0.216654007771896
"1558","sex",1,961.187582752764,0.308522016859001,0.578588554061919,"Human alphaherpesvirus 2 (HSV2).nasal","comorb_anyresp_noasthma",-0.216654007771896
"1559","discretized_admit_age_quantile",4,996.525138504231,41.6460777683258,0.0000000197507841444639,"Human alphaherpesvirus 2 (HSV2).nasal","comorb_anyresp_noasthma",-0.216654007771896
"1560","trajectory_group",4,974.466531065366,19.587470329461,0.000602291339990823,"Human alphaherpesvirus 2 (HSV2).nasal","comorb_anyresp_noasthma",-0.216654007771896
"1561","<none>",NA,825.67773969152,NA,NA,"Human alphaherpesvirus 2 (HSV2).nasal","comorb_isaric_asthma",0.474987537563337
"1562","binary",1,823.825042068252,0.147302376731545,0.701126749160526,"Human alphaherpesvirus 2 (HSV2).nasal","comorb_isaric_asthma",0.474987537563337
"1563","sex",1,858.185116198985,34.5073765074644,0.00000000424639015835917,"Human alphaherpesvirus 2 (HSV2).nasal","comorb_isaric_asthma",0.474987537563337
"1564","discretized_admit_age_quantile",4,824.750351934176,7.07261224265528,0.132100395949167,"Human alphaherpesvirus 2 (HSV2).nasal","comorb_isaric_asthma",0.474987537563337
"1565","trajectory_group",4,822.263869348814,4.5861296572939,0.332456538521876,"Human alphaherpesvirus 2 (HSV2).nasal","comorb_isaric_asthma",0.474987537563337
"1566","<none>",NA,1104.41931897169,NA,NA,"Human alphaherpesvirus 2 (HSV2).nasal","comorb_isaric_cardiac",1.01420553068589
"1567","binary",1,1103.32885097861,0.9095320069232,0.340238621542298,"Human alphaherpesvirus 2 (HSV2).nasal","comorb_isaric_cardiac",1.01420553068589
"1568","sex",1,1108.55936203925,6.14004306755805,0.0132154094647776,"Human alphaherpesvirus 2 (HSV2).nasal","comorb_isaric_cardiac",1.01420553068589
"1569","discretized_admit_age_quantile",4,1169.37832608249,72.9590071107993,0.00000000000000538203766822133,"Human alphaherpesvirus 2 (HSV2).nasal","comorb_isaric_cardiac",1.01420553068589
"1570","trajectory_group",4,1104.50496586751,8.08564689582204,0.0884907444638482,"Human alphaherpesvirus 2 (HSV2).nasal","comorb_isaric_cardiac",1.01420553068589
"1571","<none>",NA,853.540400799639,NA,NA,"Human alphaherpesvirus 2 (HSV2).nasal","comorb_isaric_ckd",0.685584653392389
"1572","binary",1,851.827617146729,0.287216347090407,0.592009907507023,"Human alphaherpesvirus 2 (HSV2).nasal","comorb_isaric_ckd",0.685584653392389
"1573","sex",1,861.438461028661,9.89806022902269,0.00165453079792979,"Human alphaherpesvirus 2 (HSV2).nasal","comorb_isaric_ckd",0.685584653392389
"1574","discretized_admit_age_quantile",4,860.887351867557,15.346951067918,0.00403315651798623,"Human alphaherpesvirus 2 (HSV2).nasal","comorb_isaric_ckd",0.685584653392389
"1575","trajectory_group",4,857.321632002677,11.7812312030379,0.0190544392438335,"Human alphaherpesvirus 2 (HSV2).nasal","comorb_isaric_ckd",0.685584653392389
"1576","<none>",NA,632.306849452367,NA,NA,"Human alphaherpesvirus 2 (HSV2).nasal","comorb_isaric_neoplasm",1.2685856008528
"1577","binary",1,631.177518833485,0.870669381118205,0.350770062309183,"Human alphaherpesvirus 2 (HSV2).nasal","comorb_isaric_neoplasm",1.2685856008528
"1578","sex",1,630.384312786458,0.0774633340906803,0.780764915891476,"Human alphaherpesvirus 2 (HSV2).nasal","comorb_isaric_neoplasm",1.2685856008528
"1579","discretized_admit_age_quantile",4,660.17768318277,35.870833730403,0.00000030762547366146,"Human alphaherpesvirus 2 (HSV2).nasal","comorb_isaric_neoplasm",1.2685856008528
"1580","trajectory_group",4,626.224816125496,1.9179666731286,0.750843750795328,"Human alphaherpesvirus 2 (HSV2).nasal","comorb_isaric_neoplasm",1.2685856008528
"1581","<none>",NA,706.370919733281,NA,NA,"Human alphaherpesvirus 2 (HSV2).nasal","comorb_neuro",-13.4308337788955
"1582","binary",1,705.281247030824,0.91032729754329,0.340027591967793,"Human alphaherpesvirus 2 (HSV2).nasal","comorb_neuro",-13.4308337788955
"1583","sex",1,705.436709574142,1.06578984086161,0.30189836115308,"Human alphaherpesvirus 2 (HSV2).nasal","comorb_neuro",-13.4308337788955
"1584","discretized_admit_age_quantile",4,728.798945982684,30.4280262494035,0.00000400431812179613,"Human alphaherpesvirus 2 (HSV2).nasal","comorb_neuro",-13.4308337788955
"1585","trajectory_group",4,700.859427174815,2.48850744153367,0.646694889361613,"Human alphaherpesvirus 2 (HSV2).nasal","comorb_neuro",-13.4308337788955
"1586","<none>",NA,414.900612486218,NA,NA,"Human alphaherpesvirus 2 (HSV2).nasal","comorb_isaric_liver",-13.4582996645758
"1587","binary",1,413.276334223148,0.375721736929904,0.539901831087508,"Human alphaherpesvirus 2 (HSV2).nasal","comorb_isaric_liver",-13.4582996645758
"1588","sex",1,413.075565505812,0.174953019594057,0.675746901362006,"Human alphaherpesvirus 2 (HSV2).nasal","comorb_isaric_liver",-13.4582996645758
"1589","discretized_admit_age_quantile",4,416.749352462033,9.84873997581468,0.0430541937225675,"Human alphaherpesvirus 2 (HSV2).nasal","comorb_isaric_liver",-13.4582996645758
"1590","trajectory_group",4,408.815321677971,1.91470919175231,0.751442391852785,"Human alphaherpesvirus 2 (HSV2).nasal","comorb_isaric_liver",-13.4582996645758
"1591","<none>",NA,361.4749032273,NA,NA,"Human alphaherpesvirus 2 (HSV2).nasal","comorb_hxtrans",-16.3171663184305
"1592","binary",1,359.812195202407,0.337291975107007,0.561396531561451,"Human alphaherpesvirus 2 (HSV2).nasal","comorb_hxtrans",-16.3171663184305
"1593","sex",1,362.948475385328,3.47357215802822,0.0623565151218117,"Human alphaherpesvirus 2 (HSV2).nasal","comorb_hxtrans",-16.3171663184305
"1594","discretized_admit_age_quantile",4,369.485318679802,16.0104154525026,0.00300521946612266,"Human alphaherpesvirus 2 (HSV2).nasal","comorb_hxtrans",-16.3171663184305
"1595","trajectory_group",4,358.77922633052,5.30432310322033,0.257472501884201,"Human alphaherpesvirus 2 (HSV2).nasal","comorb_hxtrans",-16.3171663184305
"1596","<none>",NA,140.410482172184,NA,NA,"Human alphaherpesvirus 2 (HSV2).nasal","comorb_hiv2",-18.7906026905993
"1597","binary",1,138.494191450511,0.0837092783264382,0.772332256054539,"Human alphaherpesvirus 2 (HSV2).nasal","comorb_hiv2",-18.7906026905993
"1598","sex",1,138.710734280563,0.30025210837843,0.583724414630688,"Human alphaherpesvirus 2 (HSV2).nasal","comorb_hiv2",-18.7906026905993
"1599","discretized_admit_age_quantile",4,145.372084161295,12.9616019891111,0.0114649454175988,"Human alphaherpesvirus 2 (HSV2).nasal","comorb_hiv2",-18.7906026905993
"1600","trajectory_group",4,142.266397846402,9.85591567421793,0.04292597915444,"Human alphaherpesvirus 2 (HSV2).nasal","comorb_hiv2",-18.7906026905993
"1601","<none>",NA,1228.91424390395,NA,NA,"Human alphaherpesvirus 2 (HSV2).nasal","comorb_eversmkvape",0.800319131994275
"1602","binary",1,1227.4767794112,0.562535507248867,0.45324044835627,"Human alphaherpesvirus 2 (HSV2).nasal","comorb_eversmkvape",0.800319131994275
"1603","sex",1,1237.54829105943,10.6340471554788,0.00111024473476755,"Human alphaherpesvirus 2 (HSV2).nasal","comorb_eversmkvape",0.800319131994275
"1604","discretized_admit_age_quantile",4,1278.37305603668,57.4588121327329,0.00000000000991205515507763,"Human alphaherpesvirus 2 (HSV2).nasal","comorb_eversmkvape",0.800319131994275
"1605","trajectory_group",4,1223.09441550142,2.18017159746614,0.702661028783856,"Human alphaherpesvirus 2 (HSV2).nasal","comorb_eversmkvape",0.800319131994275
"1606","<none>",NA,528.749640220063,NA,NA,"Human alphaherpesvirus 2 (HSV2).nasal","comorb_anysubstance",-13.500637356562
"1607","binary",1,527.16570687745,0.416066657386864,0.518906259609401,"Human alphaherpesvirus 2 (HSV2).nasal","comorb_anysubstance",-13.500637356562
"1608","sex",1,535.52448647367,8.77484625360705,0.00305412900258752,"Human alphaherpesvirus 2 (HSV2).nasal","comorb_anysubstance",-13.500637356562
"1609","discretized_admit_age_quantile",4,532.918541066008,12.1689008459446,0.016138490887082,"Human alphaherpesvirus 2 (HSV2).nasal","comorb_anysubstance",-13.500637356562
"1610","trajectory_group",4,524.24814525749,3.49850503742732,0.478105693244223,"Human alphaherpesvirus 2 (HSV2).nasal","comorb_anysubstance",-13.500637356562
"1611","<none>",NA,486.285255398248,NA,NA,"Human alphaherpesvirus 2 (HSV2).nasal","comorb_count",13.6550626134217
"1612","binary",1,484.747893293861,0.462637895613511,0.496393722817501,"Human alphaherpesvirus 2 (HSV2).nasal","comorb_count",13.6550626134217
"1613","sex",1,492.58820000804,8.30294460979167,0.00395808513553571,"Human alphaherpesvirus 2 (HSV2).nasal","comorb_count",13.6550626134217
"1614","discretized_admit_age_quantile",4,485.256012492536,6.97075709428782,0.137441672446335,"Human alphaherpesvirus 2 (HSV2).nasal","comorb_count",13.6550626134217
"1615","trajectory_group",4,482.314922720193,4.02966732194477,0.402005703438712,"Human alphaherpesvirus 2 (HSV2).nasal","comorb_count",13.6550626134217
"1616","<none>",NA,486.285255398248,NA,NA,"Human alphaherpesvirus 2 (HSV2).nasal","comorb_countcat",13.6550626134217
"1617","binary",1,484.747893293861,0.462637895613511,0.496393722817501,"Human alphaherpesvirus 2 (HSV2).nasal","comorb_countcat",13.6550626134217
"1618","sex",1,492.58820000804,8.30294460979167,0.00395808513553571,"Human alphaherpesvirus 2 (HSV2).nasal","comorb_countcat",13.6550626134217
"1619","discretized_admit_age_quantile",4,485.256012492536,6.97075709428782,0.137441672446335,"Human alphaherpesvirus 2 (HSV2).nasal","comorb_countcat",13.6550626134217
"1620","trajectory_group",4,482.314922720193,4.02966732194477,0.402005703438712,"Human alphaherpesvirus 2 (HSV2).nasal","comorb_countcat",13.6550626134217
"1621","<none>",NA,1059.12818305003,NA,NA,"Human alphaherpesvirus 2 (HSV2).nasal","timesymptomcat",14.1480633876509
"1622","binary",1,1058.9124027943,1.78421974427079,0.181632018710866,"Human alphaherpesvirus 2 (HSV2).nasal","timesymptomcat",14.1480633876509
"1623","sex",1,1058.18989195649,1.06170890646695,0.302825746427018,"Human alphaherpesvirus 2 (HSV2).nasal","timesymptomcat",14.1480633876509
"1624","discretized_admit_age_quantile",4,1051.63767599544,0.509492945414422,0.972570284316655,"Human alphaherpesvirus 2 (HSV2).nasal","timesymptomcat",14.1480633876509
"1625","trajectory_group",4,1055.9543521933,4.82616914326945,0.305603086251213,"Human alphaherpesvirus 2 (HSV2).nasal","timesymptomcat",14.1480633876509
"1626","<none>",NA,790.54677534471,NA,NA,"Human alphaherpesvirus 2 (HSV2).nasal","symptom_allresp",-0.90528164035229
"1627","binary",1,789.048315582317,0.501540237607514,0.478824135849831,"Human alphaherpesvirus 2 (HSV2).nasal","symptom_allresp",-0.90528164035229
"1628","sex",1,788.869424881629,0.32264953691913,0.570019704162771,"Human alphaherpesvirus 2 (HSV2).nasal","symptom_allresp",-0.90528164035229
"1629","discretized_admit_age_quantile",4,790.117728269753,7.57095292504334,0.10862096215981,"Human alphaherpesvirus 2 (HSV2).nasal","symptom_allresp",-0.90528164035229
"1630","trajectory_group",4,798.6526928108,16.1059174660903,0.00288028193094652,"Human alphaherpesvirus 2 (HSV2).nasal","symptom_allresp",-0.90528164035229
"1631","<none>",NA,1371.69802116958,NA,NA,"Human alphaherpesvirus 2 (HSV2).nasal","symptom_cough",0.7376295538283
"1632","binary",1,1370.13639771416,0.43837654457343,0.507907070705314,"Human alphaherpesvirus 2 (HSV2).nasal","symptom_cough",0.7376295538283
"1633","sex",1,1369.73407681613,0.0360556465504942,0.849400622531299,"Human alphaherpesvirus 2 (HSV2).nasal","symptom_cough",0.7376295538283
"1634","discretized_admit_age_quantile",4,1370.42380571854,6.72578454895688,0.151108512966335,"Human alphaherpesvirus 2 (HSV2).nasal","symptom_cough",0.7376295538283
"1635","trajectory_group",4,1368.86791084588,5.16988967629118,0.270305696534716,"Human alphaherpesvirus 2 (HSV2).nasal","symptom_cough",0.7376295538283
"1636","<none>",NA,860.633293199278,NA,NA,"Human alphaherpesvirus 2 (HSV2).nasal","symptom_cough_prod",-13.926754163267
"1637","binary",1,860.103415452483,1.47012225320486,0.225326405892317,"Human alphaherpesvirus 2 (HSV2).nasal","symptom_cough_prod",-13.926754163267
"1638","sex",1,860.416924079284,1.7836308800056,0.181704106627994,"Human alphaherpesvirus 2 (HSV2).nasal","symptom_cough_prod",-13.926754163267
"1639","discretized_admit_age_quantile",4,857.57143810824,4.93814490896216,0.293703301306116,"Human alphaherpesvirus 2 (HSV2).nasal","symptom_cough_prod",-13.926754163267
"1640","trajectory_group",4,858.64278348542,6.00949028614218,0.198440653322087,"Human alphaherpesvirus 2 (HSV2).nasal","symptom_cough_prod",-13.926754163267
"1641","<none>",NA,224.206081587253,NA,NA,"Human alphaherpesvirus 2 (HSV2).nasal","symptom_haemoptysis",-12.396181974414
"1642","binary",1,222.339914326633,0.133832739380381,0.714490759131909,"Human alphaherpesvirus 2 (HSV2).nasal","symptom_haemoptysis",-12.396181974414
"1643","sex",1,222.556039198295,0.349957611042441,0.554137126408972,"Human alphaherpesvirus 2 (HSV2).nasal","symptom_haemoptysis",-12.396181974414
"1644","discretized_admit_age_quantile",4,216.639776014334,0.433694427081548,0.979626452467817,"Human alphaherpesvirus 2 (HSV2).nasal","symptom_haemoptysis",-12.396181974414
"1645","trajectory_group",4,218.593125704994,2.38704411774131,0.664969861221076,"Human alphaherpesvirus 2 (HSV2).nasal","symptom_haemoptysis",-12.396181974414
"1646","<none>",NA,592.768127361664,NA,NA,"Human alphaherpesvirus 2 (HSV2).nasal","symptom_sorethroat",-12.7719276504916
"1647","binary",1,591.246274975465,0.478147613800957,0.489262571644952,"Human alphaherpesvirus 2 (HSV2).nasal","symptom_sorethroat",-12.7719276504916
"1648","sex",1,591.226028929427,0.457901567763201,0.49860631458424,"Human alphaherpesvirus 2 (HSV2).nasal","symptom_sorethroat",-12.7719276504916
"1649","discretized_admit_age_quantile",4,586.444239952624,1.67611259096032,0.795052090880651,"Human alphaherpesvirus 2 (HSV2).nasal","symptom_sorethroat",-12.7719276504916
"1650","trajectory_group",4,587.936203986568,3.1680766249043,0.530102497384925,"Human alphaherpesvirus 2 (HSV2).nasal","symptom_sorethroat",-12.7719276504916
"1651","<none>",NA,421.9840691296,NA,NA,"Human alphaherpesvirus 2 (HSV2).nasal","symptom_rhinorrhea",-13.7690974762357
"1652","binary",1,420.483631714439,0.499562584838202,0.479692381677209,"Human alphaherpesvirus 2 (HSV2).nasal","symptom_rhinorrhea",-13.7690974762357
"1653","sex",1,420.096880973219,0.112811843618999,0.736965323196775,"Human alphaherpesvirus 2 (HSV2).nasal","symptom_rhinorrhea",-13.7690974762357
"1654","discretized_admit_age_quantile",4,420.465637993622,6.48156886402182,0.165955404828442,"Human alphaherpesvirus 2 (HSV2).nasal","symptom_rhinorrhea",-13.7690974762357
"1655","trajectory_group",4,423.27144450169,9.2873753720894,0.0543044018931964,"Human alphaherpesvirus 2 (HSV2).nasal","symptom_rhinorrhea",-13.7690974762357
"1656","<none>",NA,421.753474332144,NA,NA,"Human alphaherpesvirus 2 (HSV2).nasal","symptom_wheeze",-14.6382170319784
"1657","binary",1,420.17663129784,0.423156965695625,0.515365968511873,"Human alphaherpesvirus 2 (HSV2).nasal","symptom_wheeze",-14.6382170319784
"1658","sex",1,420.500923992234,0.747449660090069,0.387284886652438,"Human alphaherpesvirus 2 (HSV2).nasal","symptom_wheeze",-14.6382170319784
"1659","discretized_admit_age_quantile",4,423.538049672194,9.78457534005031,0.0442171149500223,"Human alphaherpesvirus 2 (HSV2).nasal","symptom_wheeze",-14.6382170319784
"1660","trajectory_group",4,417.064781086965,3.31130675482075,0.507142799207944,"Human alphaherpesvirus 2 (HSV2).nasal","symptom_wheeze",-14.6382170319784
"1661","<none>",NA,985.967429895412,NA,NA,"Human alphaherpesvirus 2 (HSV2).nasal","symptom_chestpain",-13.9319881706054
"1662","binary",1,985.415326667084,1.44789677167194,0.22886573331052,"Human alphaherpesvirus 2 (HSV2).nasal","symptom_chestpain",-13.9319881706054
"1663","sex",1,984.172068309296,0.204638413884481,0.651002616943303,"Human alphaherpesvirus 2 (HSV2).nasal","symptom_chestpain",-13.9319881706054
"1664","discretized_admit_age_quantile",4,1006.28057956758,28.3131496721677,0.0000107765248380793,"Human alphaherpesvirus 2 (HSV2).nasal","symptom_chestpain",-13.9319881706054
"1665","trajectory_group",4,981.057850496006,3.09042060059437,0.542809406828615,"Human alphaherpesvirus 2 (HSV2).nasal","symptom_chestpain",-13.9319881706054
"1666","<none>",NA,1201.37546641947,NA,NA,"Human alphaherpesvirus 2 (HSV2).nasal","symptom_dyspnea",0.0520609821114936
"1667","binary",1,1199.37745587951,0.00198946003865785,0.964423461616519,"Human alphaherpesvirus 2 (HSV2).nasal","symptom_dyspnea",0.0520609821114936
"1668","sex",1,1199.40043575102,0.0249693315506647,0.874443504525198,"Human alphaherpesvirus 2 (HSV2).nasal","symptom_dyspnea",0.0520609821114936
"1669","discretized_admit_age_quantile",4,1212.95229359166,19.576827172189,0.000605206495104352,"Human alphaherpesvirus 2 (HSV2).nasal","symptom_dyspnea",0.0520609821114936
"1670","trajectory_group",4,1221.98116408555,28.6056976660809,0.00000939991582292049,"Human alphaherpesvirus 2 (HSV2).nasal","symptom_dyspnea",0.0520609821114936
"1671","<none>",NA,31.6064145893479,NA,NA,"Human alphaherpesvirus 2 (HSV2).nasal","symptom_chestwall",-2.07334235268469
"1672","binary",1,29.6064145893499,0.00000000000207833750209829,0.999998849734488,"Human alphaherpesvirus 2 (HSV2).nasal","symptom_chestwall",-2.07334235268469
"1673","sex",1,32.2936444734824,2.6872298841345,0.101155532952983,"Human alphaherpesvirus 2 (HSV2).nasal","symptom_chestwall",-2.07334235268469
"1674","discretized_admit_age_quantile",4,26.0025319971803,2.39611740783244,0.663329027994537,"Human alphaherpesvirus 2 (HSV2).nasal","symptom_chestwall",-2.07334235268469
"1675","trajectory_group",4,27.0759133511837,3.4694987618358,0.482531254914443,"Human alphaherpesvirus 2 (HSV2).nasal","symptom_chestwall",-2.07334235268469
"1676","<none>",NA,59.2198459241168,NA,NA,"Human alphaherpesvirus 2 (HSV2).nasal","symptom_earpain",-18.6302444800114
"1677","binary",1,57.2452717130108,0.025425788893962,0.873310676545782,"Human alphaherpesvirus 2 (HSV2).nasal","symptom_earpain",-18.6302444800114
"1678","sex",1,58.1755228527324,0.95567692861556,0.328278481225821,"Human alphaherpesvirus 2 (HSV2).nasal","symptom_earpain",-18.6302444800114
"1679","discretized_admit_age_quantile",4,53.8576135267122,2.6377676025954,0.6201475461926,"Human alphaherpesvirus 2 (HSV2).nasal","symptom_earpain",-18.6302444800114
"1680","trajectory_group",4,53.2069093397967,1.98706341567985,0.738138417401366,"Human alphaherpesvirus 2 (HSV2).nasal","symptom_earpain",-18.6302444800114
"1681","<none>",NA,30.7019941445191,NA,NA,"Human alphaherpesvirus 2 (HSV2).nasal","symptom_conjunctivitis",-1.29474550447351
"1682","binary",1,28.7019941445195,0.000000000000333955085807247,0.999999538911711,"Human alphaherpesvirus 2 (HSV2).nasal","symptom_conjunctivitis",-1.29474550447351
"1683","sex",1,29.9406097479798,1.23861560346067,0.265738027688495,"Human alphaherpesvirus 2 (HSV2).nasal","symptom_conjunctivitis",-1.29474550447351
"1684","discretized_admit_age_quantile",4,27.8549884586179,5.15299431409876,0.271956464255541,"Human alphaherpesvirus 2 (HSV2).nasal","symptom_conjunctivitis",-1.29474550447351
"1685","trajectory_group",4,23.9406097388277,1.23861559430861,0.871700807224931,"Human alphaherpesvirus 2 (HSV2).nasal","symptom_conjunctivitis",-1.29474550447351
"1686","<none>",NA,1172.98852056971,NA,NA,"Human alphaherpesvirus 2 (HSV2).nasal","symptom_allsyst",-0.79874144678589
"1687","binary",1,1171.57453875783,0.586018188119851,0.443963004500787,"Human alphaherpesvirus 2 (HSV2).nasal","symptom_allsyst",-0.79874144678589
"1688","sex",1,1171.21844381543,0.229923245718282,0.631580746468836,"Human alphaherpesvirus 2 (HSV2).nasal","symptom_allsyst",-0.79874144678589
"1689","discretized_admit_age_quantile",4,1181.12466038659,16.1361398168842,0.00284182034250123,"Human alphaherpesvirus 2 (HSV2).nasal","symptom_allsyst",-0.79874144678589
"1690","trajectory_group",4,1176.51670438584,11.5281838161336,0.0212273700625336,"Human alphaherpesvirus 2 (HSV2).nasal","symptom_allsyst",-0.79874144678589
"1691","<none>",NA,1380.38069456713,NA,NA,"Human alphaherpesvirus 2 (HSV2).nasal","symptom_fever",0.0843883900856555
"1692","binary",1,1378.38726165776,0.00656709062468508,0.935412060107404,"Human alphaherpesvirus 2 (HSV2).nasal","symptom_fever",0.0843883900856555
"1693","sex",1,1378.69973374084,0.319039173711872,0.572185639253881,"Human alphaherpesvirus 2 (HSV2).nasal","symptom_fever",0.0843883900856555
"1694","discretized_admit_age_quantile",4,1404.7335055789,32.3528110117629,0.00000162034926428811,"Human alphaherpesvirus 2 (HSV2).nasal","symptom_fever",0.0843883900856555
"1695","trajectory_group",4,1376.59763153321,4.21693696608031,0.377442014024311,"Human alphaherpesvirus 2 (HSV2).nasal","symptom_fever",0.0843883900856555
"1696","<none>",NA,1107.55156184057,NA,NA,"Human alphaherpesvirus 2 (HSV2).nasal","symptom_chills",0.320970272984185
"1697","binary",1,1105.61742412329,0.0658622827168074,0.79745941117758,"Human alphaherpesvirus 2 (HSV2).nasal","symptom_chills",0.320970272984185
"1698","sex",1,1106.15950256236,0.607940721790328,0.43556421995508,"Human alphaherpesvirus 2 (HSV2).nasal","symptom_chills",0.320970272984185
"1699","discretized_admit_age_quantile",4,1113.11700201656,13.5654401759834,0.00881928758236386,"Human alphaherpesvirus 2 (HSV2).nasal","symptom_chills",0.320970272984185
"1700","trajectory_group",4,1110.41930748515,10.8677456445757,0.0280912774974069,"Human alphaherpesvirus 2 (HSV2).nasal","symptom_chills",0.320970272984185
"1701","<none>",NA,117.081919002864,NA,NA,"Human alphaherpesvirus 2 (HSV2).nasal","symptom_shaking",-17.4784998948764
"1702","binary",1,115.140891240006,0.0589722371418731,0.808127797657577,"Human alphaherpesvirus 2 (HSV2).nasal","symptom_shaking",-17.4784998948764
"1703","sex",1,115.309519480344,0.227600477480166,0.633308774422079,"Human alphaherpesvirus 2 (HSV2).nasal","symptom_shaking",-17.4784998948764
"1704","discretized_admit_age_quantile",4,115.085894107148,6.00397510428478,0.19885160690013,"Human alphaherpesvirus 2 (HSV2).nasal","symptom_shaking",-17.4784998948764
"1705","trajectory_group",4,112.51751793731,3.43559893444645,0.487737984781613,"Human alphaherpesvirus 2 (HSV2).nasal","symptom_shaking",-17.4784998948764
"1706","<none>",NA,1387.75791383252,NA,NA,"Human alphaherpesvirus 2 (HSV2).nasal","symptom_fatigue",-0.632104481844097
"1707","binary",1,1386.07631468654,0.318400854022457,0.572570261619753,"Human alphaherpesvirus 2 (HSV2).nasal","symptom_fatigue",-0.632104481844097
"1708","sex",1,1385.76418425732,0.0062704248045975,0.936884668912828,"Human alphaherpesvirus 2 (HSV2).nasal","symptom_fatigue",-0.632104481844097
"1709","discretized_admit_age_quantile",4,1384.93614611106,5.17823227854478,0.269493726325583,"Human alphaherpesvirus 2 (HSV2).nasal","symptom_fatigue",-0.632104481844097
"1710","trajectory_group",4,1387.17552446061,7.41761062809292,0.115397673316342,"Human alphaherpesvirus 2 (HSV2).nasal","symptom_fatigue",-0.632104481844097
"1711","<none>",NA,1091.29879757232,NA,NA,"Human alphaherpesvirus 2 (HSV2).nasal","symptom_myalgia",0.631729193379236
"1712","binary",1,1089.53808674812,0.239289175796785,0.624719981424547,"Human alphaherpesvirus 2 (HSV2).nasal","symptom_myalgia",0.631729193379236
"1713","sex",1,1089.50912384716,0.210326274836234,0.646511793283541,"Human alphaherpesvirus 2 (HSV2).nasal","symptom_myalgia",0.631729193379236
"1714","discretized_admit_age_quantile",4,1094.87817011532,11.579372542999,0.0207692544868126,"Human alphaherpesvirus 2 (HSV2).nasal","symptom_myalgia",0.631729193379236
"1715","trajectory_group",4,1099.36980235535,16.0710047830253,0.00292535082892771,"Human alphaherpesvirus 2 (HSV2).nasal","symptom_myalgia",0.631729193379236
"1716","<none>",NA,30.8840635964495,NA,NA,"Human alphaherpesvirus 2 (HSV2).nasal","symptom_lymphadenopathy",-24.3421997736299
"1717","binary",1,29.0509237021578,0.166860105708302,0.682917541519747,"Human alphaherpesvirus 2 (HSV2).nasal","symptom_lymphadenopathy",-24.3421997736299
"1718","sex",1,31.7630921814916,2.8790285850421,0.0897401441219175,"Human alphaherpesvirus 2 (HSV2).nasal","symptom_lymphadenopathy",-24.3421997736299
"1719","discretized_admit_age_quantile",4,24.6282618186756,1.74419822222611,0.782674177339349,"Human alphaherpesvirus 2 (HSV2).nasal","symptom_lymphadenopathy",-24.3421997736299
"1720","trajectory_group",4,27.0759133703327,4.19184977388322,0.380663996147893,"Human alphaherpesvirus 2 (HSV2).nasal","symptom_lymphadenopathy",-24.3421997736299
"1721","<none>",NA,1282.19009943018,NA,NA,"Human alphaherpesvirus 2 (HSV2).nasal","symptom_allneuro",0.952933539510194
"1722","binary",1,1281.03359693616,0.843497505981986,0.358398394451897,"Human alphaherpesvirus 2 (HSV2).nasal","symptom_allneuro",0.952933539510194
"1723","sex",1,1280.8992479561,0.709148525922956,0.399726625636852,"Human alphaherpesvirus 2 (HSV2).nasal","symptom_allneuro",0.952933539510194
"1724","discretized_admit_age_quantile",4,1277.93931941915,3.74921998896684,0.441007682289828,"Human alphaherpesvirus 2 (HSV2).nasal","symptom_allneuro",0.952933539510194
"1725","trajectory_group",4,1276.51098642518,2.3208869950015,0.676968880451244,"Human alphaherpesvirus 2 (HSV2).nasal","symptom_allneuro",0.952933539510194
"1726","<none>",NA,921.288368362484,NA,NA,"Human alphaherpesvirus 2 (HSV2).nasal","symptom_headache",0.733702603661867
"1727","binary",1,919.619415656742,0.331047294257814,0.565043053065598,"Human alphaherpesvirus 2 (HSV2).nasal","symptom_headache",0.733702603661867
"1728","sex",1,919.957612039741,0.669243677256873,0.413315419865005,"Human alphaherpesvirus 2 (HSV2).nasal","symptom_headache",0.733702603661867
"1729","discretized_admit_age_quantile",4,928.596710226003,15.308341863519,0.00410261978084707,"Human alphaherpesvirus 2 (HSV2).nasal","symptom_headache",0.733702603661867
"1730","trajectory_group",4,928.11223542693,14.8238670644457,0.0050808222210249,"Human alphaherpesvirus 2 (HSV2).nasal","symptom_headache",0.733702603661867
"1731","<none>",NA,413.03712053148,NA,NA,"Human alphaherpesvirus 2 (HSV2).nasal","symptom_confusion",1.79769924102705
"1732","binary",1,412.63571133776,1.59859080627945,0.206103028391301,"Human alphaherpesvirus 2 (HSV2).nasal","symptom_confusion",1.79769924102705
"1733","sex",1,411.100789056442,0.0636685249613151,0.800788917427251,"Human alphaherpesvirus 2 (HSV2).nasal","symptom_confusion",1.79769924102705
"1734","discretized_admit_age_quantile",4,432.061169006584,27.024048475104,0.0000196575970900717,"Human alphaherpesvirus 2 (HSV2).nasal","symptom_confusion",1.79769924102705
"1735","trajectory_group",4,415.114411590839,10.0772910593591,0.0391456570812934,"Human alphaherpesvirus 2 (HSV2).nasal","symptom_confusion",1.79769924102705
"1736","<none>",NA,45.7090979556096,NA,NA,"Human alphaherpesvirus 2 (HSV2).nasal","symptom_seizure",-1.03359332526566
"1737","binary",1,43.7090979556091,-0.000000000000511590769747272,1,"Human alphaherpesvirus 2 (HSV2).nasal","symptom_seizure",-1.03359332526566
"1738","sex",1,45.9109503742065,2.2018524185969,0.137844999817238,"Human alphaherpesvirus 2 (HSV2).nasal","symptom_seizure",-1.03359332526566
"1739","discretized_admit_age_quantile",4,39.9297452120651,2.22064725645545,0.69525102318213,"Human alphaherpesvirus 2 (HSV2).nasal","symptom_seizure",-1.03359332526566
"1740","trajectory_group",4,40.7390073978803,3.02990944227064,0.552832663295723,"Human alphaherpesvirus 2 (HSV2).nasal","symptom_seizure",-1.03359332526566
"1741","<none>",NA,182.222950635756,NA,NA,"Human alphaherpesvirus 2 (HSV2).nasal","symptom_syncope",2.68349946612083
"1742","binary",1,183.166450758329,2.94350012257209,0.0862237088465681,"Human alphaherpesvirus 2 (HSV2).nasal","symptom_syncope",2.68349946612083
"1743","sex",1,183.593411365682,3.37046072992513,0.0663751904793839,"Human alphaherpesvirus 2 (HSV2).nasal","symptom_syncope",2.68349946612083
"1744","discretized_admit_age_quantile",4,182.575562667349,8.35261203159305,0.0794828234194319,"Human alphaherpesvirus 2 (HSV2).nasal","symptom_syncope",2.68349946612083
"1745","trajectory_group",4,181.867345617136,7.64439498137986,0.105508078494322,"Human alphaherpesvirus 2 (HSV2).nasal","symptom_syncope",2.68349946612083
"1746","<none>",NA,709.611340341687,NA,NA,"Human alphaherpesvirus 2 (HSV2).nasal","symptom_anosmia",1.24368748946761
"1747","binary",1,708.489732094823,0.878391753135929,0.348642543865794,"Human alphaherpesvirus 2 (HSV2).nasal","symptom_anosmia",1.24368748946761
"1748","sex",1,708.317899056536,0.70655871484928,0.400588607757253,"Human alphaherpesvirus 2 (HSV2).nasal","symptom_anosmia",1.24368748946761
"1749","discretized_admit_age_quantile",4,709.669292218213,8.0579518765262,0.089478262018095,"Human alphaherpesvirus 2 (HSV2).nasal","symptom_anosmia",1.24368748946761
"1750","trajectory_group",4,704.846298364576,3.23495802288858,0.519303199867686,"Human alphaherpesvirus 2 (HSV2).nasal","symptom_anosmia",1.24368748946761
"1751","<none>",NA,1358.47010766985,NA,NA,"Human alphaherpesvirus 2 (HSV2).nasal","symptom_allGI",-0.517501969724732
"1752","binary",1,1356.67857817331,0.208470503465605,0.647968857913789,"Human alphaherpesvirus 2 (HSV2).nasal","symptom_allGI",-0.517501969724732
"1753","sex",1,1362.90735269654,6.43724502668715,0.0111751828043244,"Human alphaherpesvirus 2 (HSV2).nasal","symptom_allGI",-0.517501969724732
"1754","discretized_admit_age_quantile",4,1356.68902517762,6.21891750776877,0.183385015925997,"Human alphaherpesvirus 2 (HSV2).nasal","symptom_allGI",-0.517501969724732
"1755","trajectory_group",4,1367.4407631312,16.9706554613554,0.0019584898735891,"Human alphaherpesvirus 2 (HSV2).nasal","symptom_allGI",-0.517501969724732
"1756","<none>",NA,647.854388321364,NA,NA,"Human alphaherpesvirus 2 (HSV2).nasal","symptom_abdpain",-13.10138434419
"1757","binary",1,646.511764198396,0.657375877031427,0.41748788876722,"Human alphaherpesvirus 2 (HSV2).nasal","symptom_abdpain",-13.10138434419
"1758","sex",1,647.130027421182,1.27563909981779,0.25871144824107,"Human alphaherpesvirus 2 (HSV2).nasal","symptom_abdpain",-13.10138434419
"1759","discretized_admit_age_quantile",4,645.433666713643,5.57927839227898,0.232848237115415,"Human alphaherpesvirus 2 (HSV2).nasal","symptom_abdpain",-13.10138434419
"1760","trajectory_group",4,641.514159895526,1.65977157416148,0.798011529528199,"Human alphaherpesvirus 2 (HSV2).nasal","symptom_abdpain",-13.10138434419
"1761","<none>",NA,1059.00681337425,NA,NA,"Human alphaherpesvirus 2 (HSV2).nasal","symptom_nausea",0.432124992443159
"1762","binary",1,1057.12922084607,0.122407471828865,0.726437919549387,"Human alphaherpesvirus 2 (HSV2).nasal","symptom_nausea",0.432124992443159
"1763","sex",1,1063.95839416816,6.95158079391717,0.00837452005273333,"Human alphaherpesvirus 2 (HSV2).nasal","symptom_nausea",0.432124992443159
"1764","discretized_admit_age_quantile",4,1064.75663087073,13.7498174964817,0.00813786717493789,"Human alphaherpesvirus 2 (HSV2).nasal","symptom_nausea",0.432124992443159
"1765","trajectory_group",4,1070.58165519338,19.5748418191306,0.000605751825376389,"Human alphaherpesvirus 2 (HSV2).nasal","symptom_nausea",0.432124992443159
"1766","<none>",NA,1084.9288400238,NA,NA,"Human alphaherpesvirus 2 (HSV2).nasal","symptom_diarrhea",-14.1349098136112
"1767","binary",1,1084.79021655234,1.86137652853313,0.172466013177627,"Human alphaherpesvirus 2 (HSV2).nasal","symptom_diarrhea",-14.1349098136112
"1768","sex",1,1084.06716498078,1.13832495697579,0.286006550937639,"Human alphaherpesvirus 2 (HSV2).nasal","symptom_diarrhea",-14.1349098136112
"1769","discretized_admit_age_quantile",4,1082.90978146445,5.98094144064839,0.200576106370757,"Human alphaherpesvirus 2 (HSV2).nasal","symptom_diarrhea",-14.1349098136112
"1770","trajectory_group",4,1082.85935037519,5.93051035138797,0.204398253414011,"Human alphaherpesvirus 2 (HSV2).nasal","symptom_diarrhea",-14.1349098136112
"1771","<none>",NA,116.246097325858,NA,NA,"Human alphaherpesvirus 2 (HSV2).nasal","symptom_allderm",-16.6294716273493
"1772","binary",1,114.305696575411,0.0595992495523632,0.807130467590395,"Human alphaherpesvirus 2 (HSV2).nasal","symptom_allderm",-16.6294716273493
"1773","sex",1,114.313868369094,0.0677710432356946,0.794610219608388,"Human alphaherpesvirus 2 (HSV2).nasal","symptom_allderm",-16.6294716273493
"1774","discretized_admit_age_quantile",4,115.854334690591,7.60823736473246,0.107030110929989,"Human alphaherpesvirus 2 (HSV2).nasal","symptom_allderm",-16.6294716273493
"1775","trajectory_group",4,112.285620615253,4.03952328939471,0.400683379035358,"Human alphaherpesvirus 2 (HSV2).nasal","symptom_allderm",-16.6294716273493
"1776","<none>",NA,92.5279486916989,NA,NA,"Human alphaherpesvirus 2 (HSV2).nasal","symptom_skinrash",-17.5480767255586
"1777","binary",1,90.5871633774914,0.0592146857924121,0.807741494393622,"Human alphaherpesvirus 2 (HSV2).nasal","symptom_skinrash",-17.5480767255586
"1778","sex",1,90.791664867148,0.263716175449076,0.607578510380887,"Human alphaherpesvirus 2 (HSV2).nasal","symptom_skinrash",-17.5480767255586
"1779","discretized_admit_age_quantile",4,87.5460782083357,3.01812951663672,0.554796066306724,"Human alphaherpesvirus 2 (HSV2).nasal","symptom_skinrash",-17.5480767255586
"1780","trajectory_group",4,86.0487880940364,1.52083940233746,0.82294372874815,"Human alphaherpesvirus 2 (HSV2).nasal","symptom_skinrash",-17.5480767255586
"1781","<none>",NA,45.3672158078431,NA,NA,"Human alphaherpesvirus 2 (HSV2).nasal","symptom_skinulcer",0.433383321554277
"1782","binary",1,43.3672158081352,0.000000000292118329525692,0.999986362980369,"Human alphaherpesvirus 2 (HSV2).nasal","symptom_skinulcer",0.433383321554277
"1783","sex",1,45.4236899195001,2.05647411165702,0.151560511099096,"Human alphaherpesvirus 2 (HSV2).nasal","symptom_skinulcer",0.433383321554277
"1784","discretized_admit_age_quantile",4,46.7018106902578,9.33459488241468,0.0532591808534656,"Human alphaherpesvirus 2 (HSV2).nasal","symptom_skinulcer",0.433383321554277
"1785","trajectory_group",4,45.4977886931755,8.13057288533241,0.0869105584253082,"Human alphaherpesvirus 2 (HSV2).nasal","symptom_skinulcer",0.433383321554277
"1786","<none>",NA,579.731167898536,NA,NA,"Human alphaherpesvirus 2 (HSV2).nasal","symptom_allother",1.58414751563539
"1787","binary",1,579.044384821036,1.31321692250037,0.251813039017819,"Human alphaherpesvirus 2 (HSV2).nasal","symptom_allother",1.58414751563539
"1788","sex",1,577.906386351371,0.17521845283477,0.675515044132266,"Human alphaherpesvirus 2 (HSV2).nasal","symptom_allother",1.58414751563539
"1789","discretized_admit_age_quantile",4,574.853874511603,3.12270661306729,0.537504819582222,"Human alphaherpesvirus 2 (HSV2).nasal","symptom_allother",1.58414751563539
"1790","trajectory_group",4,587.780152929175,16.0489850306387,0.00295413249342182,"Human alphaherpesvirus 2 (HSV2).nasal","symptom_allother",1.58414751563539
"1791","<none>",NA,330.460177944734,NA,NA,"Human alphaherpesvirus 2 (HSV2).nasal","symptom_arthralgia",2.86918605084408
"1792","binary",1,331.839038750586,3.37886080585258,0.0660376852286778,"Human alphaherpesvirus 2 (HSV2).nasal","symptom_arthralgia",2.86918605084408
"1793","sex",1,328.710174573132,0.249996628398378,0.617077451510033,"Human alphaherpesvirus 2 (HSV2).nasal","symptom_arthralgia",2.86918605084408
"1794","discretized_admit_age_quantile",4,324.194246481551,1.73406853681746,0.784520128637518,"Human alphaherpesvirus 2 (HSV2).nasal","symptom_arthralgia",2.86918605084408
"1795","trajectory_group",4,337.912525715474,15.4523477707402,0.00384936575353177,"Human alphaherpesvirus 2 (HSV2).nasal","symptom_arthralgia",2.86918605084408
"1796","<none>",NA,211.952601343277,NA,NA,"Human alphaherpesvirus 2 (HSV2).nasal","symptom_edema",-14.7336257897474
"1797","binary",1,210.16480259819,0.212201254913936,0.645047526847038,"Human alphaherpesvirus 2 (HSV2).nasal","symptom_edema",-14.7336257897474
"1798","sex",1,211.824514192409,1.87191284913251,0.171256159241014,"Human alphaherpesvirus 2 (HSV2).nasal","symptom_edema",-14.7336257897474
"1799","discretized_admit_age_quantile",4,206.0649122217,2.11231087842324,0.715111008463372,"Human alphaherpesvirus 2 (HSV2).nasal","symptom_edema",-14.7336257897474
"1800","trajectory_group",4,216.369943098004,12.4173417547278,0.014503195313378,"Human alphaherpesvirus 2 (HSV2).nasal","symptom_edema",-14.7336257897474
"1801","<none>",NA,242.902110587251,NA,NA,"Human alphaherpesvirus 2 (HSV2).nasal","symptom_nonamb",-16.7729565230233
"1802","binary",1,241.126472483506,0.224361896254379,0.635736283041942,"Human alphaherpesvirus 2 (HSV2).nasal","symptom_nonamb",-16.7729565230233
"1803","sex",1,241.465676579277,0.563565992026071,0.45282700784751,"Human alphaherpesvirus 2 (HSV2).nasal","symptom_nonamb",-16.7729565230233
"1804","discretized_admit_age_quantile",4,238.485007485682,3.58289689843116,0.465386130095716,"Human alphaherpesvirus 2 (HSV2).nasal","symptom_nonamb",-16.7729565230233
"1805","trajectory_group",4,238.12574214266,3.22363155540833,0.521122521949246,"Human alphaherpesvirus 2 (HSV2).nasal","symptom_nonamb",-16.7729565230233
"1806","<none>",NA,55.0684490907106,NA,NA,"Human alphaherpesvirus 2 (HSV2).nasal","symptom_bleeding",-18.2510949899084
"1807","binary",1,53.0761233875989,0.00767429688831101,0.93019216652484,"Human alphaherpesvirus 2 (HSV2).nasal","symptom_bleeding",-18.2510949899084
"1808","sex",1,53.0761139675773,0.00766487686671269,0.930234914009947,"Human alphaherpesvirus 2 (HSV2).nasal","symptom_bleeding",-18.2510949899084
"1809","discretized_admit_age_quantile",4,54.8528587226251,7.78440963191448,0.0998025313778741,"Human alphaherpesvirus 2 (HSV2).nasal","symptom_bleeding",-18.2510949899084
"1810","trajectory_group",4,49.5326274892179,2.46417839850731,0.651061486640022,"Human alphaherpesvirus 2 (HSV2).nasal","symptom_bleeding",-18.2510949899084
"1811","<none>",NA,738.542316741101,NA,NA,"Human alphaherpesvirus 2 (HSV2).nasal","ever_ever_esc",1.76009230426825
"1812","binary",1,738.038416362667,1.49609962156615,0.22127247552105,"Human alphaherpesvirus 2 (HSV2).nasal","ever_ever_esc",1.76009230426825
"1813","sex",1,736.548615669733,0.00629892863275927,0.936741678353229,"Human alphaherpesvirus 2 (HSV2).nasal","ever_ever_esc",1.76009230426825
"1814","discretized_admit_age_quantile",4,734.993548011831,4.45123127073009,0.348369420655832,"Human alphaherpesvirus 2 (HSV2).nasal","ever_ever_esc",1.76009230426825
"1815","trajectory_group",4,862.325177424618,131.782860683517,0.00000000000000000000000000161840003981665,"Human alphaherpesvirus 2 (HSV2).nasal","ever_ever_esc",1.76009230426825
"1816","<none>",NA,790.45137138533,NA,NA,"Human alphaherpesvirus 2 (HSV2).nasal","ever_icu",-0.285072082845878
"1817","binary",1,788.506422146634,0.0550507613037325,0.814496709519853,"Human alphaherpesvirus 2 (HSV2).nasal","ever_icu",-0.285072082845878
"1818","sex",1,795.836899096142,7.38552771081197,0.00657507754438541,"Human alphaherpesvirus 2 (HSV2).nasal","ever_icu",-0.285072082845878
"1819","discretized_admit_age_quantile",4,791.006483281479,8.55511189614901,0.0732341932526098,"Human alphaherpesvirus 2 (HSV2).nasal","ever_icu",-0.285072082845878
"1820","trajectory_group",4,1185.17825783786,402.726886452533,0.0000000000000000000000000000000000000000000000000000000000000000000000000000000000000716308014165678,"Human alphaherpesvirus 2 (HSV2).nasal","ever_icu",-0.285072082845878
"1821","<none>",NA,369.791626832052,NA,NA,"Human alphaherpesvirus 2 (HSV2).nasal","diedever",2.27003926893634
"1822","binary",1,369.48917625028,1.69754941822731,0.192608771836055,"Human alphaherpesvirus 2 (HSV2).nasal","diedever",2.27003926893634
"1823","sex",1,372.176744243929,4.38511741187642,0.0362539949869957,"Human alphaherpesvirus 2 (HSV2).nasal","diedever",2.27003926893634
"1824","discretized_admit_age_quantile",4,382.689107650281,20.8974808182292,0.000331838984511381,"Human alphaherpesvirus 2 (HSV2).nasal","diedever",2.27003926893634
"1825","trajectory_group",4,791.984027447138,430.192400615086,0.0000000000000000000000000000000000000000000000000000000000000000000000000000000000000000000830910522215293,"Human alphaherpesvirus 2 (HSV2).nasal","diedever",2.27003926893634
"1826","<none>",NA,1286.68014365436,NA,NA,"Human alphaherpesvirus 2 (HSV2).nasal","ever_remdes",-0.654761908724408
"1827","binary",1,1285.05504870557,0.374905051208543,0.540342659737351,"Human alphaherpesvirus 2 (HSV2).nasal","ever_remdes",-0.654761908724408
"1828","sex",1,1285.81412757083,1.13398391646251,0.286927154927191,"Human alphaherpesvirus 2 (HSV2).nasal","ever_remdes",-0.654761908724408
"1829","discretized_admit_age_quantile",4,1283.99895812856,5.31881447420028,0.256120802797038,"Human alphaherpesvirus 2 (HSV2).nasal","ever_remdes",-0.654761908724408
"1830","trajectory_group",4,1320.71112404072,42.0309803863588,0.0000000164367872709121,"Human alphaherpesvirus 2 (HSV2).nasal","ever_remdes",-0.654761908724408
"1831","<none>",NA,1041.44722609327,NA,NA,"Human alphaherpesvirus 2 (HSV2).nasal","ever_steroids",13.9517546234399
"1832","binary",1,1040.98162402046,1.53439792719769,0.215453592457053,"Human alphaherpesvirus 2 (HSV2).nasal","ever_steroids",13.9517546234399
"1833","sex",1,1046.45382229437,7.00659620109946,0.00812099335903656,"Human alphaherpesvirus 2 (HSV2).nasal","ever_steroids",13.9517546234399
"1834","discretized_admit_age_quantile",4,1038.40204208083,4.95481598755873,0.291965157667496,"Human alphaherpesvirus 2 (HSV2).nasal","ever_steroids",13.9517546234399
"1835","trajectory_group",4,1121.32834581532,87.8811197220568,0.00000000000000000371104139804032,"Human alphaherpesvirus 2 (HSV2).nasal","ever_steroids",13.9517546234399
"1836","<none>",NA,1204.87363460889,NA,NA,"Human alphaherpesvirus 2 (HSV2).nasal","ever_azithro",-13.6300389781564
"1837","binary",1,1205.58856726931,2.71493266041671,0.0994131658647353,"Human alphaherpesvirus 2 (HSV2).nasal","ever_azithro",-13.6300389781564
"1838","sex",1,1203.54529322089,0.671658611991006,0.412473936450568,"Human alphaherpesvirus 2 (HSV2).nasal","ever_azithro",-13.6300389781564
"1839","discretized_admit_age_quantile",4,1198.92361494112,2.04998033222705,0.726566459020287,"Human alphaherpesvirus 2 (HSV2).nasal","ever_azithro",-13.6300389781564
"1840","trajectory_group",4,1213.30046709236,16.42683248347,0.00249677461817136,"Human alphaherpesvirus 2 (HSV2).nasal","ever_azithro",-13.6300389781564
"1841","<none>",NA,1218.12382432496,NA,NA,"Human alphaherpesvirus 2 (HSV2).nasal","ever_otherabx",0.929137245500712
"1842","binary",1,1216.68351192004,0.55968759508346,0.454386142633637,"Human alphaherpesvirus 2 (HSV2).nasal","ever_otherabx",0.929137245500712
"1843","sex",1,1216.12716329099,0.00333896602614914,0.953920852794294,"Human alphaherpesvirus 2 (HSV2).nasal","ever_otherabx",0.929137245500712
"1844","discretized_admit_age_quantile",4,1212.85821186005,2.73438753508526,0.603210787729354,"Human alphaherpesvirus 2 (HSV2).nasal","ever_otherabx",0.929137245500712
"1845","trajectory_group",4,1316.1750719864,106.051247661443,0.000000000000000000000505666241834247,"Human alphaherpesvirus 2 (HSV2).nasal","ever_otherabx",0.929137245500712
"1846","<none>",NA,452.812283459255,NA,NA,"Human alphaherpesvirus 2 (HSV2).nasal","ever_conplas",-15.4357422851071
"1847","binary",1,451.898611051976,1.08632759272075,0.297286330334862,"Human alphaherpesvirus 2 (HSV2).nasal","ever_conplas",-15.4357422851071
"1848","sex",1,453.904823337605,3.09253987835029,0.078651952859288,"Human alphaherpesvirus 2 (HSV2).nasal","ever_conplas",-15.4357422851071
"1849","discretized_admit_age_quantile",4,458.464526530577,13.6522430713218,0.0084917983418265,"Human alphaherpesvirus 2 (HSV2).nasal","ever_conplas",-15.4357422851071
"1850","trajectory_group",4,468.970702837242,24.1584193779869,0.000074241611275354,"Human alphaherpesvirus 2 (HSV2).nasal","ever_conplas",-15.4357422851071
"1851","<none>",NA,74.9229456027656,NA,NA,"Human alphaherpesvirus 2 (HSV2).nasal","ever_monoclonal",-17.9072557911545
"1852","binary",1,72.9397422605773,0.0167966578117245,0.896881383681058,"Human alphaherpesvirus 2 (HSV2).nasal","ever_monoclonal",-17.9072557911545
"1853","sex",1,72.9389779093637,0.0160323065981203,0.899242159951107,"Human alphaherpesvirus 2 (HSV2).nasal","ever_monoclonal",-17.9072557911545
"1854","discretized_admit_age_quantile",4,69.7363566664508,2.81341106368515,0.589519949155145,"Human alphaherpesvirus 2 (HSV2).nasal","ever_monoclonal",-17.9072557911545
"1855","trajectory_group",4,70.6481070953257,3.72516149256006,0.444476910841876,"Human alphaherpesvirus 2 (HSV2).nasal","ever_monoclonal",-17.9072557911545
"1856","<none>",NA,446.65637624556,NA,NA,"Human alphaherpesvirus 2 (HSV2).nasal","ever_immsupp",-13.8526667948651
"1857","binary",1,445.188788728353,0.532412482793234,0.465594363890991,"Human alphaherpesvirus 2 (HSV2).nasal","ever_immsupp",-13.8526667948651
"1858","sex",1,446.89800803122,2.24163178566016,0.134339145235753,"Human alphaherpesvirus 2 (HSV2).nasal","ever_immsupp",-13.8526667948651
"1859","discretized_admit_age_quantile",4,449.273761032886,10.6173847873266,0.0312178895269511,"Human alphaherpesvirus 2 (HSV2).nasal","ever_immsupp",-13.8526667948651
"1860","trajectory_group",4,440.854734137676,2.19835789211623,0.699329922585181,"Human alphaherpesvirus 2 (HSV2).nasal","ever_immsupp",-13.8526667948651
"1861","<none>",NA,738.987300588968,NA,NA,"Human alphaherpesvirus 2 (HSV2).nasal","anycomp",-0.386534381709963
"1862","binary",1,737.076956222174,0.089655633206462,0.764615403942403,"Human alphaherpesvirus 2 (HSV2).nasal","anycomp",-0.386534381709963
"1863","sex",1,740.996707197515,4.00940660854769,0.0452470728369867,"Human alphaherpesvirus 2 (HSV2).nasal","anycomp",-0.386534381709963
"1864","discretized_admit_age_quantile",4,738.814160825206,7.82686023623876,0.0981304246034918,"Human alphaherpesvirus 2 (HSV2).nasal","anycomp",-0.386534381709963
"1865","trajectory_group",4,769.378828279971,38.3915276910031,0.0000000930349159709478,"Human alphaherpesvirus 2 (HSV2).nasal","anycomp",-0.386534381709963
"1866","<none>",NA,738.987300588968,NA,NA,"Human alphaherpesvirus 2 (HSV2).nasal","ncomp",-0.386534381709963
"1867","binary",1,737.076956222174,0.089655633206462,0.764615403942403,"Human alphaherpesvirus 2 (HSV2).nasal","ncomp",-0.386534381709963
"1868","sex",1,740.996707197515,4.00940660854769,0.0452470728369867,"Human alphaherpesvirus 2 (HSV2).nasal","ncomp",-0.386534381709963
"1869","discretized_admit_age_quantile",4,738.814160825206,7.82686023623876,0.0981304246034918,"Human alphaherpesvirus 2 (HSV2).nasal","ncomp",-0.386534381709963
"1870","trajectory_group",4,769.378828279971,38.3915276910031,0.0000000930349159709478,"Human alphaherpesvirus 2 (HSV2).nasal","ncomp",-0.386534381709963
"1871","<none>",NA,78.8260189110448,NA,NA,"Human alphaherpesvirus 2 (HSV2).nasal","comp_seizure",-18.8351982292296
"1872","binary",1,76.8546503897746,0.0286314787297783,0.865632731885403,"Human alphaherpesvirus 2 (HSV2).nasal","comp_seizure",-18.8351982292296
"1873","sex",1,77.393320058474,0.567301147429163,0.451333365954848,"Human alphaherpesvirus 2 (HSV2).nasal","comp_seizure",-18.8351982292296
"1874","discretized_admit_age_quantile",4,75.3342616898226,4.50824277877776,0.341571218149505,"Human alphaherpesvirus 2 (HSV2).nasal","comp_seizure",-18.8351982292296
"1875","trajectory_group",4,74.4114334944227,3.58541458337783,0.465010259172272,"Human alphaherpesvirus 2 (HSV2).nasal","comp_seizure",-18.8351982292296
"1876","<none>",NA,145.292254900348,NA,NA,"Human alphaherpesvirus 2 (HSV2).nasal","comp_meningitis",2.74069647558382
"1877","binary",1,146.271835857823,2.97958095747498,0.0843211008091287,"Human alphaherpesvirus 2 (HSV2).nasal","comp_meningitis",2.74069647558382
"1878","sex",1,143.793550042992,0.50129514264404,0.478931599889833,"Human alphaherpesvirus 2 (HSV2).nasal","comp_meningitis",2.74069647558382
"1879","discretized_admit_age_quantile",4,140.399173320686,3.10691842033845,0.540095006315299,"Human alphaherpesvirus 2 (HSV2).nasal","comp_meningitis",2.74069647558382
"1880","trajectory_group",4,146.058394581954,8.76613968160618,0.067218213968424,"Human alphaherpesvirus 2 (HSV2).nasal","comp_meningitis",2.74069647558382
"1881","<none>",NA,181.620360791127,NA,NA,"Human alphaherpesvirus 2 (HSV2).nasal","comp_stroke",2.76307293241607
"1882","binary",1,182.641809588636,3.02144879750963,0.082170028245682,"Human alphaherpesvirus 2 (HSV2).nasal","comp_stroke",2.76307293241607
"1883","sex",1,180.499964535038,0.879603743911787,0.348310233712553,"Human alphaherpesvirus 2 (HSV2).nasal","comp_stroke",2.76307293241607
"1884","discretized_admit_age_quantile",4,177.85081128798,4.23045049685325,0.375715230620182,"Human alphaherpesvirus 2 (HSV2).nasal","comp_stroke",2.76307293241607
"1885","trajectory_group",4,191.797338861536,18.1769780704098,0.00113958176033154,"Human alphaherpesvirus 2 (HSV2).nasal","comp_stroke",2.76307293241607
"1886","<none>",NA,504.833027388681,NA,NA,"Human alphaherpesvirus 2 (HSV2).nasal","comp_afib",1.35773406704339
"1887","binary",1,503.786094993481,0.953067604799969,0.328939692166387,"Human alphaherpesvirus 2 (HSV2).nasal","comp_afib",1.35773406704339
"1888","sex",1,510.861283235775,8.02825584709461,0.00460531653908388,"Human alphaherpesvirus 2 (HSV2).nasal","comp_afib",1.35773406704339
"1889","discretized_admit_age_quantile",4,518.555262011368,21.722234622687,0.000227615737235291,"Human alphaherpesvirus 2 (HSV2).nasal","comp_afib",1.35773406704339
"1890","trajectory_group",4,523.424962417657,26.5919350289758,0.0000240352270749857,"Human alphaherpesvirus 2 (HSV2).nasal","comp_afib",1.35773406704339
"1891","<none>",NA,287.283637149874,NA,NA,"Human alphaherpesvirus 2 (HSV2).nasal","comp_ventricular_arr",-14.3944243892975
"1892","binary",1,285.658455394008,0.374818244134417,0.540389555057785,"Human alphaherpesvirus 2 (HSV2).nasal","comp_ventricular_arr",-14.3944243892975
"1893","sex",1,288.123551804813,2.83991465493961,0.0919490975232815,"Human alphaherpesvirus 2 (HSV2).nasal","comp_ventricular_arr",-14.3944243892975
"1894","discretized_admit_age_quantile",4,281.318022361838,2.03438521196398,0.729434384984265,"Human alphaherpesvirus 2 (HSV2).nasal","comp_ventricular_arr",-14.3944243892975
"1895","trajectory_group",4,305.118744773798,25.8351076239244,0.0000341617860902014,"Human alphaherpesvirus 2 (HSV2).nasal","comp_ventricular_arr",-14.3944243892975
"1896","<none>",NA,33.8401237216841,NA,NA,"Human alphaherpesvirus 2 (HSV2).nasal","comp_endo",-0.364143158209746
"1897","binary",1,31.8401237212683,-0.000000000415852241530956,1,"Human alphaherpesvirus 2 (HSV2).nasal","comp_endo",-0.364143158209746
"1898","sex",1,32.8415341638817,1.00141044219756,0.316969462654774,"Human alphaherpesvirus 2 (HSV2).nasal","comp_endo",-0.364143158209746
"1899","discretized_admit_age_quantile",4,27.7731605692872,1.93303684760303,0.748073725675806,"Human alphaherpesvirus 2 (HSV2).nasal","comp_endo",-0.364143158209746
"1900","trajectory_group",4,28.9063626463766,3.06623892469243,0.546802320672477,"Human alphaherpesvirus 2 (HSV2).nasal","comp_endo",-0.364143158209746
"1901","<none>",NA,66.7600207262221,NA,NA,"Human alphaherpesvirus 2 (HSV2).nasal","comp_myocard",-18.5209149197113
"1902","binary",1,64.7850054557119,0.0249847294897734,0.874405118020112,"Human alphaherpesvirus 2 (HSV2).nasal","comp_myocard",-18.5209149197113
"1903","sex",1,65.2352371798565,0.475216453634346,0.490597093685482,"Human alphaherpesvirus 2 (HSV2).nasal","comp_myocard",-18.5209149197113
"1904","discretized_admit_age_quantile",4,63.7691724481524,5.00915172193026,0.286359759727719,"Human alphaherpesvirus 2 (HSV2).nasal","comp_myocard",-18.5209149197113
"1905","trajectory_group",4,63.6147331179481,4.85471239172601,0.302532363555567,"Human alphaherpesvirus 2 (HSV2).nasal","comp_myocard",-18.5209149197113
"1906","<none>",NA,180.16425286729,NA,NA,"Human alphaherpesvirus 2 (HSV2).nasal","comp_cardarrest",-19.5276106904503
"1907","binary",1,178.639971219827,0.475718352537399,0.490368154820919,"Human alphaherpesvirus 2 (HSV2).nasal","comp_cardarrest",-19.5276106904503
"1908","sex",1,179.989395530903,1.82514266361295,0.176702348879994,"Human alphaherpesvirus 2 (HSV2).nasal","comp_cardarrest",-19.5276106904503
"1909","discretized_admit_age_quantile",4,174.418258478399,2.25400561110945,0.689155082171824,"Human alphaherpesvirus 2 (HSV2).nasal","comp_cardarrest",-19.5276106904503
"1910","trajectory_group",4,292.856856207414,120.692603340124,0.000000000000000000000000379946604221457,"Human alphaherpesvirus 2 (HSV2).nasal","comp_cardarrest",-19.5276106904503
"1911","<none>",NA,132.466710981671,NA,NA,"Human alphaherpesvirus 2 (HSV2).nasal","comp_stemi",2.80777034041389
"1912","binary",1,133.564665695118,3.09795471344643,0.078390722604485,"Human alphaherpesvirus 2 (HSV2).nasal","comp_stemi",2.80777034041389
"1913","sex",1,130.587872135622,0.12116115395105,0.727778520835893,"Human alphaherpesvirus 2 (HSV2).nasal","comp_stemi",2.80777034041389
"1914","discretized_admit_age_quantile",4,127.942416976867,3.47570599519575,0.481581903311364,"Human alphaherpesvirus 2 (HSV2).nasal","comp_stemi",2.80777034041389
"1915","trajectory_group",4,135.976714322996,11.5100033413246,0.0213924237090093,"Human alphaherpesvirus 2 (HSV2).nasal","comp_stemi",2.80777034041389
"1916","<none>",NA,246.774501517666,NA,NA,"Human alphaherpesvirus 2 (HSV2).nasal","comp_nstemi",-17.0873869441749
"1917","binary",1,245.046601322647,0.272099804980797,0.601926670968449,"Human alphaherpesvirus 2 (HSV2).nasal","comp_nstemi",-17.0873869441749
"1918","sex",1,246.885491808249,2.11099029058295,0.146244651956426,"Human alphaherpesvirus 2 (HSV2).nasal","comp_nstemi",-17.0873869441749
"1919","discretized_admit_age_quantile",4,242.834939827515,4.06043830984871,0.397888203191304,"Human alphaherpesvirus 2 (HSV2).nasal","comp_nstemi",-17.0873869441749
"1920","trajectory_group",4,255.32981185242,16.5553103347544,0.00235775277296096,"Human alphaherpesvirus 2 (HSV2).nasal","comp_nstemi",-17.0873869441749
"1921","<none>",NA,475.865259009034,NA,NA,"Human alphaherpesvirus 2 (HSV2).nasal","comp_chf",-18.1761131132762
"1922","binary",1,474.661323532055,0.79606452302113,0.372272623337194,"Human alphaherpesvirus 2 (HSV2).nasal","comp_chf",-18.1761131132762
"1923","sex",1,476.94820675732,3.08294774828556,0.0791170142239535,"Human alphaherpesvirus 2 (HSV2).nasal","comp_chf",-18.1761131132762
"1924","discretized_admit_age_quantile",4,477.572762564698,9.70750355566423,0.0456537744675778,"Human alphaherpesvirus 2 (HSV2).nasal","comp_chf",-18.1761131132762
"1925","trajectory_group",4,498.343637016056,30.4783780070215,0.00000391082734864564,"Human alphaherpesvirus 2 (HSV2).nasal","comp_chf",-18.1761131132762
"1926","<none>",NA,1104.74655743515,NA,NA,"Human alphaherpesvirus 2 (HSV2).nasal","comp_pneumonia",-0.562523054775759
"1927","binary",1,1102.97935966054,0.232802225395517,0.629453760410915,"Human alphaherpesvirus 2 (HSV2).nasal","comp_pneumonia",-0.562523054775759
"1928","sex",1,1102.83587744797,0.0893200128214175,0.765043404755961,"Human alphaherpesvirus 2 (HSV2).nasal","comp_pneumonia",-0.562523054775759
"1929","discretized_admit_age_quantile",4,1100.78106974891,4.03451231376243,0.401355265183698,"Human alphaherpesvirus 2 (HSV2).nasal","comp_pneumonia",-0.562523054775759
"1930","trajectory_group",4,1158.44033107179,61.6937736366456,0.00000000000127771577090664,"Human alphaherpesvirus 2 (HSV2).nasal","comp_pneumonia",-0.562523054775759
"1931","<none>",NA,77.6803576519163,NA,NA,"Human alphaherpesvirus 2 (HSV2).nasal","comp_bronch",-17.896682739332
"1932","binary",1,75.7122899336702,0.0319322817539671,0.858176363286556,"Human alphaherpesvirus 2 (HSV2).nasal","comp_bronch",-17.896682739332
"1933","sex",1,75.6815240272392,0.00116637532295272,0.972755753292901,"Human alphaherpesvirus 2 (HSV2).nasal","comp_bronch",-17.896682739332
"1934","discretized_admit_age_quantile",4,71.2568774629833,1.57651981106703,0.81300592770614,"Human alphaherpesvirus 2 (HSV2).nasal","comp_bronch",-17.896682739332
"1935","trajectory_group",4,74.8915184380141,5.21116078609788,0.266309093654888,"Human alphaherpesvirus 2 (HSV2).nasal","comp_bronch",-17.896682739332
"1936","<none>",NA,249.809674448216,NA,NA,"Human alphaherpesvirus 2 (HSV2).nasal","comp_pneumo",-16.5936563430906
"1937","binary",1,247.978152144112,0.168477695895518,0.681468286250932,"Human alphaherpesvirus 2 (HSV2).nasal","comp_pneumo",-16.5936563430906
"1938","sex",1,250.145219130952,2.33554468273553,0.126450753332028,"Human alphaherpesvirus 2 (HSV2).nasal","comp_pneumo",-16.5936563430906
"1939","discretized_admit_age_quantile",4,252.793365150859,10.9836907026422,0.0267479211313588,"Human alphaherpesvirus 2 (HSV2).nasal","comp_pneumo",-16.5936563430906
"1940","trajectory_group",4,267.811142615971,26.0014681677542,0.0000316230484764924,"Human alphaherpesvirus 2 (HSV2).nasal","comp_pneumo",-16.5936563430906
"1941","<none>",NA,119.476744701022,NA,NA,"Human alphaherpesvirus 2 (HSV2).nasal","comp_pneumomed",-20.0848304926971
"1942","binary",1,117.587398339381,0.110653638358755,0.739401201525886,"Human alphaherpesvirus 2 (HSV2).nasal","comp_pneumomed",-20.0848304926971
"1943","sex",1,118.842750152818,1.3660054517957,0.242499389758308,"Human alphaherpesvirus 2 (HSV2).nasal","comp_pneumomed",-20.0848304926971
"1944","discretized_admit_age_quantile",4,115.046447993848,3.56970329282599,0.467359250868165,"Human alphaherpesvirus 2 (HSV2).nasal","comp_pneumomed",-20.0848304926971
"1945","trajectory_group",4,142.390141839682,30.9133971386597,0.00000318848088196433,"Human alphaherpesvirus 2 (HSV2).nasal","comp_pneumomed",-20.0848304926971
"1946","<none>",NA,94.7063022375172,NA,NA,"Human alphaherpesvirus 2 (HSV2).nasal","comp_aat",-20.1828277237134
"1947","binary",1,92.8285049664161,0.122202728898927,0.726657623831606,"Human alphaherpesvirus 2 (HSV2).nasal","comp_aat",-20.1828277237134
"1948","sex",1,93.0522967794667,0.345994541949565,0.556389327741767,"Human alphaherpesvirus 2 (HSV2).nasal","comp_aat",-20.1828277237134
"1949","discretized_admit_age_quantile",4,91.8591411251324,5.15283888761527,0.271971689929328,"Human alphaherpesvirus 2 (HSV2).nasal","comp_aat",-20.1828277237134
"1950","trajectory_group",4,92.7356800796438,6.02937784212666,0.196965034498338,"Human alphaherpesvirus 2 (HSV2).nasal","comp_aat",-20.1828277237134
"1951","<none>",NA,461.471339743753,NA,NA,"Human alphaherpesvirus 2 (HSV2).nasal","comp_avthromb",-16.8496511955349
"1952","binary",1,459.997474536466,0.52613479271281,0.468236421341389,"Human alphaherpesvirus 2 (HSV2).nasal","comp_avthromb",-16.8496511955349
"1953","sex",1,461.866676756556,2.39533701280294,0.121697520758228,"Human alphaherpesvirus 2 (HSV2).nasal","comp_avthromb",-16.8496511955349
"1954","discretized_admit_age_quantile",4,462.557869322381,9.08652957862751,0.058972670752185,"Human alphaherpesvirus 2 (HSV2).nasal","comp_avthromb",-16.8496511955349
"1955","trajectory_group",4,496.177136101785,42.705796358032,0.0000000119093480603377,"Human alphaherpesvirus 2 (HSV2).nasal","comp_avthromb",-16.8496511955349
"1956","<none>",NA,566.584039202333,NA,NA,"Human alphaherpesvirus 2 (HSV2).nasal","comp_shock",0.0850860255503475
"1957","binary",1,564.586728960047,0.00268975771393798,0.95863795658899,"Human alphaherpesvirus 2 (HSV2).nasal","comp_shock",0.0850860255503475
"1958","sex",1,566.558570534329,1.97453133199554,0.159967706968686,"Human alphaherpesvirus 2 (HSV2).nasal","comp_shock",0.0850860255503475
"1959","discretized_admit_age_quantile",4,565.08349000835,6.49945080601617,0.164824990236873,"Human alphaherpesvirus 2 (HSV2).nasal","comp_shock",0.0850860255503475
"1960","trajectory_group",4,809.689198117158,251.105158914824,0.000000000000000000000000000000000000000000000000000037625177247722,"Human alphaherpesvirus 2 (HSV2).nasal","comp_shock",0.0850860255503475
"1961","<none>",NA,655.458156386385,NA,NA,"Human alphaherpesvirus 2 (HSV2).nasal","comp_bac",3.58484926633008
"1962","binary",1,662.626845017468,9.16868863108277,0.00246190916428182,"Human alphaherpesvirus 2 (HSV2).nasal","comp_bac",3.58484926633008
"1963","sex",1,654.976682439644,1.51852605325917,0.217842681654301,"Human alphaherpesvirus 2 (HSV2).nasal","comp_bac",3.58484926633008
"1964","discretized_admit_age_quantile",4,650.683214673599,3.22505828721444,0.520893136302305,"Human alphaherpesvirus 2 (HSV2).nasal","comp_bac",3.58484926633008
"1965","trajectory_group",4,707.333520484947,59.8753640985618,0.00000000000308118416231456,"Human alphaherpesvirus 2 (HSV2).nasal","comp_bac",3.58484926633008
"1966","<none>",NA,291.780349849573,NA,NA,"Human alphaherpesvirus 2 (HSV2).nasal","comp_coag",-12.2048550310872
"1967","binary",1,289.882753734972,0.102403885399156,0.748963728461215,"Human alphaherpesvirus 2 (HSV2).nasal","comp_coag",-12.2048550310872
"1968","sex",1,289.86329801553,0.0829481659568501,0.773341202421119,"Human alphaherpesvirus 2 (HSV2).nasal","comp_coag",-12.2048550310872
"1969","discretized_admit_age_quantile",4,290.520931284476,6.74058143490288,0.15024902649475,"Human alphaherpesvirus 2 (HSV2).nasal","comp_coag",-12.2048550310872
"1970","trajectory_group",4,293.490248566755,9.709898717182,0.0456084619391157,"Human alphaherpesvirus 2 (HSV2).nasal","comp_coag",-12.2048550310872
"1971","<none>",NA,170.449714260376,NA,NA,"Human alphaherpesvirus 2 (HSV2).nasal","comp_hypogly",-16.5915915425056
"1972","binary",1,168.601167250307,0.151452989931101,0.697150678283907,"Human alphaherpesvirus 2 (HSV2).nasal","comp_hypogly",-16.5915915425056
"1973","sex",1,168.54201813561,0.0923038752347338,0.761268435740332,"Human alphaherpesvirus 2 (HSV2).nasal","comp_hypogly",-16.5915915425056
"1974","discretized_admit_age_quantile",4,166.027776236293,3.57806197591711,0.466108532973628,"Human alphaherpesvirus 2 (HSV2).nasal","comp_hypogly",-16.5915915425056
"1975","trajectory_group",4,166.710800648944,4.26108638856806,0.371823254365328,"Human alphaherpesvirus 2 (HSV2).nasal","comp_hypogly",-16.5915915425056
"1976","<none>",NA,385.728681788629,NA,NA,"Human alphaherpesvirus 2 (HSV2).nasal","comp_bleed",3.5843294141591
"1977","binary",1,390.836674104311,7.10799231568262,0.00767410115165778,"Human alphaherpesvirus 2 (HSV2).nasal","comp_bleed",3.5843294141591
"1978","sex",1,383.750966275441,0.0222844868125094,0.88133277960319,"Human alphaherpesvirus 2 (HSV2).nasal","comp_bleed",3.5843294141591
"1979","discretized_admit_age_quantile",4,383.519947850505,5.79126606187606,0.215288381386372,"Human alphaherpesvirus 2 (HSV2).nasal","comp_bleed",3.5843294141591
"1980","trajectory_group",4,427.569642391777,49.8409606031486,0.000000000389776779817019,"Human alphaherpesvirus 2 (HSV2).nasal","comp_bleed",3.5843294141591
"1981","<none>",NA,759.61099459003,NA,NA,"Human alphaherpesvirus 2 (HSV2).nasal","comp_anemia",-14.091167988906
"1982","binary",1,759.348891754734,1.73789716470378,0.187405490581816,"Human alphaherpesvirus 2 (HSV2).nasal","comp_anemia",-14.091167988906
"1983","sex",1,758.160713768402,0.549719178371674,0.4584324603933,"Human alphaherpesvirus 2 (HSV2).nasal","comp_anemia",-14.091167988906
"1984","discretized_admit_age_quantile",4,752.067451384744,0.456456794713745,0.977599117199834,"Human alphaherpesvirus 2 (HSV2).nasal","comp_anemia",-14.091167988906
"1985","trajectory_group",4,819.597073147336,67.9860785573057,0.0000000000000603937897058941,"Human alphaherpesvirus 2 (HSV2).nasal","comp_anemia",-14.091167988906
"1986","<none>",NA,82.4951325709451,NA,NA,"Human alphaherpesvirus 2 (HSV2).nasal","comp_pancreas",-18.9783056641956
"1987","binary",1,80.5285393616526,0.0334067907075166,0.854974371898436,"Human alphaherpesvirus 2 (HSV2).nasal","comp_pancreas",-18.9783056641956
"1988","sex",1,81.9061672872467,1.4110347163016,0.23488470039082,"Human alphaherpesvirus 2 (HSV2).nasal","comp_pancreas",-18.9783056641956
"1989","discretized_admit_age_quantile",4,82.8719743098898,8.37684173894472,0.0787094950112216,"Human alphaherpesvirus 2 (HSV2).nasal","comp_pancreas",-18.9783056641956
"1990","trajectory_group",4,80.2884812123738,5.79334864142868,0.215121806451175,"Human alphaherpesvirus 2 (HSV2).nasal","comp_pancreas",-18.9783056641956
"1991","<none>",NA,940.756477332073,NA,NA,"Human alphaherpesvirus 2 (HSV2).nasal","comp_renal",0.155044611412135
"1992","binary",1,938.769708190865,0.0132308587925536,0.908424933739862,"Human alphaherpesvirus 2 (HSV2).nasal","comp_renal",0.155044611412135
"1993","sex",1,949.573310967323,10.8168336352501,0.0010058135900095,"Human alphaherpesvirus 2 (HSV2).nasal","comp_renal",0.155044611412135
"1994","discretized_admit_age_quantile",4,939.629670499482,6.87319316740889,0.142743061668644,"Human alphaherpesvirus 2 (HSV2).nasal","comp_renal",0.155044611412135
"1995","trajectory_group",4,1019.93278064909,87.1763033170206,0.00000000000000000523752040526666,"Human alphaherpesvirus 2 (HSV2).nasal","comp_renal",0.155044611412135
"1996","<none>",NA,770.257387651636,NA,NA,"Human alphaherpesvirus 2 (HSV2).nasal","comp_liver",-13.3570316473322
"1997","binary",1,769.106250133413,0.848862481777701,0.356874335420944,"Human alphaherpesvirus 2 (HSV2).nasal","comp_liver",-13.3570316473322
"1998","sex",1,771.248063546891,2.99067589525509,0.0837452073543792,"Human alphaherpesvirus 2 (HSV2).nasal","comp_liver",-13.3570316473322
"1999","discretized_admit_age_quantile",4,773.431441927506,11.1740542758706,0.0246759792542265,"Human alphaherpesvirus 2 (HSV2).nasal","comp_liver",-13.3570316473322
"2000","trajectory_group",4,765.536432775369,3.27904512373368,0.512259211885781,"Human alphaherpesvirus 2 (HSV2).nasal","comp_liver",-13.3570316473322
"2001","<none>",NA,358.140507059276,NA,NA,"Human alphaherpesvirus 2 (HSV2).nasal","comp_othlab",-12.3110051740322
"2002","binary",1,356.45629723844,0.315790179164651,0.57414864511308,"Human alphaherpesvirus 2 (HSV2).nasal","comp_othlab",-12.3110051740322
"2003","sex",1,358.285438842829,2.14493178355286,0.143041394349047,"Human alphaherpesvirus 2 (HSV2).nasal","comp_othlab",-12.3110051740322
"2004","discretized_admit_age_quantile",4,357.058342721885,6.91783566260955,0.140294466458045,"Human alphaherpesvirus 2 (HSV2).nasal","comp_othlab",-12.3110051740322
"2005","trajectory_group",4,353.015461096648,2.87495403737267,0.57896484322451,"Human alphaherpesvirus 2 (HSV2).nasal","comp_othlab",-12.3110051740322
"2006","<none>",NA,334.90769282931,NA,NA,"Human alphaherpesvirus 2 (HSV2).nasal","comp_electrolyte",-16.6683057823961
"2007","binary",1,333.367336099658,0.459643270348067,0.49779073843641,"Human alphaherpesvirus 2 (HSV2).nasal","comp_electrolyte",-16.6683057823961
"2008","sex",1,333.003244141078,0.0955513117680766,0.757234998434623,"Human alphaherpesvirus 2 (HSV2).nasal","comp_electrolyte",-16.6683057823961
"2009","discretized_admit_age_quantile",4,337.760339182117,10.8526463528073,0.0282709465605773,"Human alphaherpesvirus 2 (HSV2).nasal","comp_electrolyte",-16.6683057823961
"2010","trajectory_group",4,336.518290191716,9.61059736240628,0.0475236586559528,"Human alphaherpesvirus 2 (HSV2).nasal","comp_electrolyte",-16.6683057823961
"2011","<none>",NA,299.447995636686,NA,NA,"Human alphaherpesvirus 2 (HSV2).nasal","comp_othinf",-12.794619470017
"2012","binary",1,297.632218864036,0.184223227350628,0.667768708107814,"Human alphaherpesvirus 2 (HSV2).nasal","comp_othinf",-12.794619470017
"2013","sex",1,297.462603967356,0.0146083306700575,0.903798022361881,"Human alphaherpesvirus 2 (HSV2).nasal","comp_othinf",-12.794619470017
"2014","discretized_admit_age_quantile",4,295.967802494833,4.51980685814749,0.340205355437541,"Human alphaherpesvirus 2 (HSV2).nasal","comp_othinf",-12.794619470017
"2015","trajectory_group",4,295.342479478192,3.89448384150592,0.420474211407774,"Human alphaherpesvirus 2 (HSV2).nasal","comp_othinf",-12.794619470017
"2016","<none>",NA,33.4513384837948,NA,NA,"Human alphaherpesvirus 2 (HSV2).nasal","comp_othpulm",-1.22601220050283
"2017","binary",1,31.451338483793,-0.00000000000183320025826106,1,"Human alphaherpesvirus 2 (HSV2).nasal","comp_othpulm",-1.22601220050283
"2018","sex",1,32.7005420103676,1.24920352657279,0.263704653919153,"Human alphaherpesvirus 2 (HSV2).nasal","comp_othpulm",-1.22601220050283
"2019","discretized_admit_age_quantile",4,28.1565846720456,2.70524618825078,0.608296909510978,"Human alphaherpesvirus 2 (HSV2).nasal","comp_othpulm",-1.22601220050283
"2020","trajectory_group",4,27.8096234512671,2.35828496747222,0.670178596348462,"Human alphaherpesvirus 2 (HSV2).nasal","comp_othpulm",-1.22601220050283
"2021","<none>",NA,155.96825698624,NA,NA,"Human alphaherpesvirus 2 (HSV2).nasal","comp_unddisease",-16.264955332921
"2022","binary",1,154.016112036831,0.0478550505909539,0.826838586872093,"Human alphaherpesvirus 2 (HSV2).nasal","comp_unddisease",-16.264955332921
"2023","sex",1,154.805650522669,0.837393536429005,0.360143286246435,"Human alphaherpesvirus 2 (HSV2).nasal","comp_unddisease",-16.264955332921
"2024","discretized_admit_age_quantile",4,160.730297451348,12.762040465108,0.012498978467632,"Human alphaherpesvirus 2 (HSV2).nasal","comp_unddisease",-16.264955332921
"2025","trajectory_group",4,149.342544806015,1.37428781977519,0.848651377038902,"Human alphaherpesvirus 2 (HSV2).nasal","comp_unddisease",-16.264955332921
"2026","<none>",NA,223.121453946075,NA,NA,"Human alphaherpesvirus 2 (HSV2).nasal","comp_enceph",-12.4287479500011
"2027","binary",1,221.252755633716,0.131301687641553,0.717086204153903,"Human alphaherpesvirus 2 (HSV2).nasal","comp_enceph",-12.4287479500011
"2028","sex",1,221.890739397524,0.769285451448752,0.38043819443518,"Human alphaherpesvirus 2 (HSV2).nasal","comp_enceph",-12.4287479500011
"2029","discretized_admit_age_quantile",4,222.134087102505,7.0126331564299,0.135222125091649,"Human alphaherpesvirus 2 (HSV2).nasal","comp_enceph",-12.4287479500011
"2030","trajectory_group",4,224.361399121926,9.23994517585118,0.055373961672647,"Human alphaherpesvirus 2 (HSV2).nasal","comp_enceph",-12.4287479500011
"2031","<none>",NA,99.0142568456917,NA,NA,"Human alphaherpesvirus 2 (HSV2).nasal","comp_othneuro",-18.3027635529527
"2032","binary",1,97.0675588482897,0.0533020025980164,0.81741403826423,"Human alphaherpesvirus 2 (HSV2).nasal","comp_othneuro",-18.3027635529527
"2033","sex",1,97.0192326170749,0.00497577138315819,0.943764542636086,"Human alphaherpesvirus 2 (HSV2).nasal","comp_othneuro",-18.3027635529527
"2034","discretized_admit_age_quantile",4,97.3480414140341,6.33378456834237,0.175569240381378,"Human alphaherpesvirus 2 (HSV2).nasal","comp_othneuro",-18.3027635529527
"2035","trajectory_group",4,93.0386590400585,2.02440219436683,0.731270460218026,"Human alphaherpesvirus 2 (HSV2).nasal","comp_othneuro",-18.3027635529527
"2036","<none>",NA,361.561788590928,NA,NA,"Human alphaherpesvirus 2 (HSV2).nasal","comp_hypergly",2.4550566820685
"2037","binary",1,362.163757825607,2.60196923467805,0.106731023813927,"Human alphaherpesvirus 2 (HSV2).nasal","comp_hypergly",2.4550566820685
"2038","sex",1,359.676985375755,0.115196784826253,0.734303508647319,"Human alphaherpesvirus 2 (HSV2).nasal","comp_hypergly",2.4550566820685
"2039","discretized_admit_age_quantile",4,369.427807146729,15.8660185558009,0.00320431815763051,"Human alphaherpesvirus 2 (HSV2).nasal","comp_hypergly",2.4550566820685
"2040","trajectory_group",4,359.674157335318,6.11236874438987,0.190912198511591,"Human alphaherpesvirus 2 (HSV2).nasal","comp_hypergly",2.4550566820685
"2041","<none>",NA,55.1659788963298,NA,NA,"Human alphaherpesvirus 2 (HSV2).nasal","comp_psych",0.136426617336916
"2042","binary",1,53.1659788968613,0.000000000531464650066482,0.999981605954646,"Human alphaherpesvirus 2 (HSV2).nasal","comp_psych",0.136426617336916
"2043","sex",1,55.37112768783,2.20514879150022,0.137550621470709,"Human alphaherpesvirus 2 (HSV2).nasal","comp_psych",0.136426617336916
"2044","discretized_admit_age_quantile",4,50.9683680632153,3.80238916688546,0.433409614624815,"Human alphaherpesvirus 2 (HSV2).nasal","comp_psych",0.136426617336916
"2045","trajectory_group",4,49.1810934065407,2.01511451021089,0.732978749921589,"Human alphaherpesvirus 2 (HSV2).nasal","comp_psych",0.136426617336916
"2046","<none>",NA,123.818638393639,NA,NA,"Human alphaherpesvirus 2 (HSV2).nasal","comp_gastroent",-17.7887681321692
"2047","binary",1,121.905683827413,0.0870454337744633,0.767967424467602,"Human alphaherpesvirus 2 (HSV2).nasal","comp_gastroent",-17.7887681321692
"2048","sex",1,123.92943184316,2.11079344952165,0.146263463239774,"Human alphaherpesvirus 2 (HSV2).nasal","comp_gastroent",-17.7887681321692
"2049","discretized_admit_age_quantile",4,117.992931420823,2.17429302718492,0.703738328075016,"Human alphaherpesvirus 2 (HSV2).nasal","comp_gastroent",-17.7887681321692
"2050","trajectory_group",4,121.839753122051,6.02111472841267,0.197576952230872,"Human alphaherpesvirus 2 (HSV2).nasal","comp_gastroent",-17.7887681321692
"2051","<none>",NA,31.606414594567,NA,NA,"Human alphaherpesvirus 2 (HSV2).nasal","comp_pulmvas",-0.931311046381789
"2052","binary",1,29.6064145945676,0.000000000000571986902286881,0.999999396561377,"Human alphaherpesvirus 2 (HSV2).nasal","comp_pulmvas",-0.931311046381789
"2053","sex",1,31.8039113326532,2.19749673808621,0.138235061972515,"Human alphaherpesvirus 2 (HSV2).nasal","comp_pulmvas",-0.931311046381789
"2054","discretized_admit_age_quantile",4,26.6745672461859,3.06815265161883,0.54648570794616,"Human alphaherpesvirus 2 (HSV2).nasal","comp_pulmvas",-0.931311046381789
"2055","trajectory_group",4,27.0718328629479,3.46541826838087,0.483156017346535,"Human alphaherpesvirus 2 (HSV2).nasal","comp_pulmvas",-0.931311046381789
"2056","<none>",NA,207.647428575142,NA,NA,"Human alphaherpesvirus 2 (HSV2).nasal","comp_other2",-14.6420260182405
"2057","binary",1,205.813627123687,0.16619854854514,0.683512615463527,"Human alphaherpesvirus 2 (HSV2).nasal","comp_other2",-14.6420260182405
"2058","sex",1,205.651868106346,0.00443953120392848,0.946876415773979,"Human alphaherpesvirus 2 (HSV2).nasal","comp_other2",-14.6420260182405
"2059","discretized_admit_age_quantile",4,201.93777080839,2.29034223324857,0.68252795519027,"Human alphaherpesvirus 2 (HSV2).nasal","comp_other2",-14.6420260182405
"2060","trajectory_group",4,203.096329401012,3.44890082586997,0.485690500356169,"Human alphaherpesvirus 2 (HSV2).nasal","comp_other2",-14.6420260182405
"2061","<none>",NA,1294.39246220029,NA,NA,"Human betaherpesvirus 5 (CMV).nasal","comorb_htn",0.190974815953664
"2062","binary",1,1292.5404681996,0.148005999311181,0.700448226134947,"Human betaherpesvirus 5 (CMV).nasal","comorb_htn",0.190974815953664
"2063","sex",1,1292.41641598058,0.0239537802988252,0.877002572933706,"Human betaherpesvirus 5 (CMV).nasal","comorb_htn",0.190974815953664
"2064","discretized_admit_age_quantile",4,1402.4157028541,116.023240653814,0.00000000000000000000000377407864044875,"Human betaherpesvirus 5 (CMV).nasal","comorb_htn",0.190974815953664
"2065","trajectory_group",4,1289.83438467752,3.44192247723481,0.486763926380048,"Human betaherpesvirus 5 (CMV).nasal","comorb_htn",0.190974815953664
"2066","<none>",NA,1317.0607585004,NA,NA,"Human betaherpesvirus 5 (CMV).nasal","comorb_isaric_dm",-0.503602833899797
"2067","binary",1,1316.22986766582,1.16910916542201,0.27958435864184,"Human betaherpesvirus 5 (CMV).nasal","comorb_isaric_dm",-0.503602833899797
"2068","sex",1,1324.16179114727,9.10103264687359,0.00255465224541491,"Human betaherpesvirus 5 (CMV).nasal","comorb_isaric_dm",-0.503602833899797
"2069","discretized_admit_age_quantile",4,1348.29293611519,39.232177614794,0.0000000623802557213127,"Human betaherpesvirus 5 (CMV).nasal","comorb_isaric_dm",-0.503602833899797
"2070","trajectory_group",4,1323.29111431158,14.2303558111789,0.00659501128408377,"Human betaherpesvirus 5 (CMV).nasal","comorb_isaric_dm",-0.503602833899797
"2071","<none>",NA,964.878854132223,NA,NA,"Human betaherpesvirus 5 (CMV).nasal","comorb_anyresp_noasthma",0.0171843361680118
"2072","binary",1,962.879837293166,0.000983160943064831,0.974986111402333,"Human betaherpesvirus 5 (CMV).nasal","comorb_anyresp_noasthma",0.0171843361680118
"2073","sex",1,963.142180033656,0.263325901432495,0.60784436807065,"Human betaherpesvirus 5 (CMV).nasal","comorb_anyresp_noasthma",0.0171843361680118
"2074","discretized_admit_age_quantile",4,998.826781327453,41.9479271952301,0.0000000171014032064208,"Human betaherpesvirus 5 (CMV).nasal","comorb_anyresp_noasthma",0.0171843361680118
"2075","trajectory_group",4,977.033104732654,20.1542506004304,0.000465572325348569,"Human betaherpesvirus 5 (CMV).nasal","comorb_anyresp_noasthma",0.0171843361680118
"2076","<none>",NA,831.425629950852,NA,NA,"Human betaherpesvirus 5 (CMV).nasal","comorb_isaric_asthma",0.23275999420443
"2077","binary",1,829.545316389799,0.119686438947497,0.729374820861777,"Human betaherpesvirus 5 (CMV).nasal","comorb_isaric_asthma",0.23275999420443
"2078","sex",1,863.52734352653,34.1017135756783,0.00000000523051848429301,"Human betaherpesvirus 5 (CMV).nasal","comorb_isaric_asthma",0.23275999420443
"2079","discretized_admit_age_quantile",4,830.670505697068,7.24487574621628,0.123499813995355,"Human betaherpesvirus 5 (CMV).nasal","comorb_isaric_asthma",0.23275999420443
"2080","trajectory_group",4,827.44422372101,4.01859377015796,0.403495305171588,"Human betaherpesvirus 5 (CMV).nasal","comorb_isaric_asthma",0.23275999420443
"2081","<none>",NA,1105.89589701638,NA,NA,"Human betaherpesvirus 5 (CMV).nasal","comorb_isaric_cardiac",-0.422116698571397
"2082","binary",1,1104.52605346766,0.630156451276662,0.427297932358483,"Human betaherpesvirus 5 (CMV).nasal","comorb_isaric_cardiac",-0.422116698571397
"2083","sex",1,1109.77944018196,5.88354316557479,0.015283036863131,"Human betaherpesvirus 5 (CMV).nasal","comorb_isaric_cardiac",-0.422116698571397
"2084","discretized_admit_age_quantile",4,1171.00789123471,73.1119942183248,0.00000000000000499587394705072,"Human betaherpesvirus 5 (CMV).nasal","comorb_isaric_cardiac",-0.422116698571397
"2085","trajectory_group",4,1105.87883929876,7.98294228237501,0.0922050426866813,"Human betaherpesvirus 5 (CMV).nasal","comorb_isaric_cardiac",-0.422116698571397
"2086","<none>",NA,854.380466159233,NA,NA,"Human betaherpesvirus 5 (CMV).nasal","comorb_isaric_ckd",-0.0138698933831867
"2087","binary",1,852.381011748919,0.00054558968577112,0.98136481761644,"Human betaherpesvirus 5 (CMV).nasal","comorb_isaric_ckd",-0.0138698933831867
"2088","sex",1,862.012792002507,9.63232584327409,0.00191182354828222,"Human betaherpesvirus 5 (CMV).nasal","comorb_isaric_ckd",-0.0138698933831867
"2089","discretized_admit_age_quantile",4,861.718450603112,15.3379844438787,0.0040491849084956,"Human betaherpesvirus 5 (CMV).nasal","comorb_isaric_ckd",-0.0138698933831867
"2090","trajectory_group",4,858.100708564277,11.7202424050441,0.0195575066783167,"Human betaherpesvirus 5 (CMV).nasal","comorb_isaric_ckd",-0.0138698933831867
"2091","<none>",NA,633.571694933806,NA,NA,"Human betaherpesvirus 5 (CMV).nasal","comorb_isaric_neoplasm",-0.269197733410303
"2092","binary",1,631.693812958954,0.122118025148666,0.726748577609128,"Human betaherpesvirus 5 (CMV).nasal","comorb_isaric_neoplasm",-0.269197733410303
"2093","sex",1,631.614104080616,0.042409146810428,0.836841832138213,"Human betaherpesvirus 5 (CMV).nasal","comorb_isaric_neoplasm",-0.269197733410303
"2094","discretized_admit_age_quantile",4,661.501554570679,35.9298596368728,0.000000299144726996612,"Human betaherpesvirus 5 (CMV).nasal","comorb_isaric_neoplasm",-0.269197733410303
"2095","trajectory_group",4,627.510711278286,1.93901634448014,0.746974433935095,"Human betaherpesvirus 5 (CMV).nasal","comorb_isaric_neoplasm",-0.269197733410303
"2096","<none>",NA,706.281677542127,NA,NA,"Human betaherpesvirus 5 (CMV).nasal","comorb_neuro",-1.05345921745574
"2097","binary",1,705.569877390701,1.2881998485741,0.256379960826613,"Human betaherpesvirus 5 (CMV).nasal","comorb_neuro",-1.05345921745574
"2098","sex",1,705.283678822079,1.00200127995254,0.316826740779596,"Human betaherpesvirus 5 (CMV).nasal","comorb_neuro",-1.05345921745574
"2099","discretized_admit_age_quantile",4,729.020963091035,30.7392855489084,0.00000346009606346461,"Human betaherpesvirus 5 (CMV).nasal","comorb_neuro",-1.05345921745574
"2100","trajectory_group",4,700.738146750718,2.45646920859156,0.652447247617796,"Human betaherpesvirus 5 (CMV).nasal","comorb_neuro",-1.05345921745574
"2101","<none>",NA,414.898900281134,NA,NA,"Human betaherpesvirus 5 (CMV).nasal","comorb_isaric_liver",0.556920898442076
"2102","binary",1,413.335009463294,0.43610918216018,0.509006390522792,"Human betaherpesvirus 5 (CMV).nasal","comorb_isaric_liver",0.556920898442076
"2103","sex",1,413.072179059773,0.17327877863903,0.67721414230839,"Human betaherpesvirus 5 (CMV).nasal","comorb_isaric_liver",0.556920898442076
"2104","discretized_admit_age_quantile",4,416.775353794532,9.87645351339836,0.0425610316774676,"Human betaherpesvirus 5 (CMV).nasal","comorb_isaric_liver",0.556920898442076
"2105","trajectory_group",4,408.933979355086,2.03507907395226,0.72930677522844,"Human betaherpesvirus 5 (CMV).nasal","comorb_isaric_liver",0.556920898442076
"2106","<none>",NA,361.518037889179,NA,NA,"Human betaherpesvirus 5 (CMV).nasal","comorb_hxtrans",-0.599007413694877
"2107","binary",1,359.834383031551,0.316345142371688,0.573812403812008,"Human betaherpesvirus 5 (CMV).nasal","comorb_hxtrans",-0.599007413694877
"2108","sex",1,363.198345227166,3.68030733798662,0.0550587003060321,"Human betaherpesvirus 5 (CMV).nasal","comorb_hxtrans",-0.599007413694877
"2109","discretized_admit_age_quantile",4,369.804537195081,16.2864993059022,0.00265786053817125,"Human betaherpesvirus 5 (CMV).nasal","comorb_hxtrans",-0.599007413694877
"2110","trajectory_group",4,358.476540289476,4.95850240029694,0.291581972959229,"Human betaherpesvirus 5 (CMV).nasal","comorb_hxtrans",-0.599007413694877
"2111","<none>",NA,140.086592761097,NA,NA,"Human betaherpesvirus 5 (CMV).nasal","comorb_hiv2",-18.6122062357739
"2112","binary",1,138.494191450634,0.407598689536655,0.523190838816608,"Human betaherpesvirus 5 (CMV).nasal","comorb_hiv2",-18.6122062357739
"2113","sex",1,138.358361790273,0.271769029175516,0.602147553783488,"Human betaherpesvirus 5 (CMV).nasal","comorb_hiv2",-18.6122062357739
"2114","discretized_admit_age_quantile",4,145.041513440302,12.954920679205,0.0114981729280188,"Human betaherpesvirus 5 (CMV).nasal","comorb_hiv2",-18.6122062357739
"2115","trajectory_group",4,141.870925901191,9.78433314009325,0.044221561093104,"Human betaherpesvirus 5 (CMV).nasal","comorb_hiv2",-18.6122062357739
"2116","<none>",NA,1227.97345170551,NA,NA,"Human betaherpesvirus 5 (CMV).nasal","comorb_eversmkvape",-0.942079581471133
"2117","binary",1,1229.00272944285,3.0292777373395,0.0817744107209538,"Human betaherpesvirus 5 (CMV).nasal","comorb_eversmkvape",-0.942079581471133
"2118","sex",1,1236.39070841806,10.4172567125474,0.00124843204510873,"Human betaherpesvirus 5 (CMV).nasal","comorb_eversmkvape",-0.942079581471133
"2119","discretized_admit_age_quantile",4,1277.80480782125,57.8313561157447,0.00000000000827902949510344,"Human betaherpesvirus 5 (CMV).nasal","comorb_eversmkvape",-0.942079581471133
"2120","trajectory_group",4,1222.11392639924,2.14047469373145,0.709940520897452,"Human betaherpesvirus 5 (CMV).nasal","comorb_eversmkvape",-0.942079581471133
"2121","<none>",NA,525.990751287613,NA,NA,"Human betaherpesvirus 5 (CMV).nasal","comorb_anysubstance",-14.954776218429
"2122","binary",1,527.357319515029,3.36656822741679,0.0665322109446718,"Human betaherpesvirus 5 (CMV).nasal","comorb_anysubstance",-14.954776218429
"2123","sex",1,533.115437234839,9.12468594722668,0.00252183172943813,"Human betaherpesvirus 5 (CMV).nasal","comorb_anysubstance",-14.954776218429
"2124","discretized_admit_age_quantile",4,530.14769660009,12.1569453124773,0.0162215528468737,"Human betaherpesvirus 5 (CMV).nasal","comorb_anysubstance",-14.954776218429
"2125","trajectory_group",4,521.61639967984,3.62564839222773,0.459032086793364,"Human betaherpesvirus 5 (CMV).nasal","comorb_anysubstance",-14.954776218429
"2126","<none>",NA,486.466547714903,NA,NA,"Human betaherpesvirus 5 (CMV).nasal","comorb_count",-0.478818933353441
"2127","binary",1,484.800905534948,0.334357820044943,0.563104243201747,"Human betaherpesvirus 5 (CMV).nasal","comorb_count",-0.478818933353441
"2128","sex",1,492.873946302504,8.40739858760088,0.00373697014056674,"Human betaherpesvirus 5 (CMV).nasal","comorb_count",-0.478818933353441
"2129","discretized_admit_age_quantile",4,485.49678674459,7.03023902968727,0.134298833978439,"Human betaherpesvirus 5 (CMV).nasal","comorb_count",-0.478818933353441
"2130","trajectory_group",4,482.554947965874,4.08840025097152,0.394174354522222,"Human betaherpesvirus 5 (CMV).nasal","comorb_count",-0.478818933353441
"2131","<none>",NA,486.466547714903,NA,NA,"Human betaherpesvirus 5 (CMV).nasal","comorb_countcat",-0.478818933353441
"2132","binary",1,484.800905534948,0.334357820044943,0.563104243201747,"Human betaherpesvirus 5 (CMV).nasal","comorb_countcat",-0.478818933353441
"2133","sex",1,492.873946302504,8.40739858760088,0.00373697014056674,"Human betaherpesvirus 5 (CMV).nasal","comorb_countcat",-0.478818933353441
"2134","discretized_admit_age_quantile",4,485.49678674459,7.03023902968727,0.134298833978439,"Human betaherpesvirus 5 (CMV).nasal","comorb_countcat",-0.478818933353441
"2135","trajectory_group",4,482.554947965874,4.08840025097152,0.394174354522222,"Human betaherpesvirus 5 (CMV).nasal","comorb_countcat",-0.478818933353441
"2136","<none>",NA,1051.32813696388,NA,NA,"Human betaherpesvirus 5 (CMV).nasal","timesymptomcat",15.218210558585
"2137","binary",1,1059.45090032618,10.122763362305,0.00146449265320408,"Human betaherpesvirus 5 (CMV).nasal","timesymptomcat",15.218210558585
"2138","sex",1,1050.25934036963,0.931203405753877,0.334550415971132,"Human betaherpesvirus 5 (CMV).nasal","timesymptomcat",15.218210558585
"2139","discretized_admit_age_quantile",4,1043.83232913146,0.504192167578367,0.97309158986272,"Human betaherpesvirus 5 (CMV).nasal","timesymptomcat",15.218210558585
"2140","trajectory_group",4,1048.15512999674,4.82699303286495,0.305514090378139,"Human betaherpesvirus 5 (CMV).nasal","timesymptomcat",15.218210558585
"2141","<none>",NA,790.46664175586,NA,NA,"Human betaherpesvirus 5 (CMV).nasal","symptom_allresp",-1.00012993929158
"2142","binary",1,791.592438829419,3.12579707355951,0.077062176712698,"Human betaherpesvirus 5 (CMV).nasal","symptom_allresp",-1.00012993929158
"2143","sex",1,788.785932674975,0.319290919115815,0.57203408848084,"Human betaherpesvirus 5 (CMV).nasal","symptom_allresp",-1.00012993929158
"2144","discretized_admit_age_quantile",4,790.134671174172,7.66802941831281,0.104524123845207,"Human betaherpesvirus 5 (CMV).nasal","symptom_allresp",-1.00012993929158
"2145","trajectory_group",4,799.901278567997,17.4346368121375,0.00159097425753833,"Human betaherpesvirus 5 (CMV).nasal","symptom_allresp",-1.00012993929158
"2146","<none>",NA,1370.37040682919,NA,NA,"Human betaherpesvirus 5 (CMV).nasal","symptom_cough",-0.7251276810149
"2147","binary",1,1370.74831888947,2.37791206028282,0.123061927741138,"Human betaherpesvirus 5 (CMV).nasal","symptom_cough",-0.7251276810149
"2148","sex",1,1368.4096154571,0.0392086279184696,0.843035920404238,"Human betaherpesvirus 5 (CMV).nasal","symptom_cough",-0.7251276810149
"2149","discretized_admit_age_quantile",4,1369.03225068334,6.66184385415113,0.154874294931923,"Human betaherpesvirus 5 (CMV).nasal","symptom_cough",-0.7251276810149
"2150","trajectory_group",4,1367.32438244836,4.95397561917366,0.292052568857938,"Human betaherpesvirus 5 (CMV).nasal","symptom_cough",-0.7251276810149
"2151","<none>",NA,860.726757768267,NA,NA,"Human betaherpesvirus 5 (CMV).nasal","symptom_cough_prod",-1.13600486355412
"2152","binary",1,860.411990646857,1.68523287858955,0.194230574629413,"Human betaherpesvirus 5 (CMV).nasal","symptom_cough_prod",-1.13600486355412
"2153","sex",1,860.342085138291,1.61532737002358,0.203744551985502,"Human betaherpesvirus 5 (CMV).nasal","symptom_cough_prod",-1.13600486355412
"2154","discretized_admit_age_quantile",4,857.607569863956,4.88081209568895,0.299746984174547,"Human betaherpesvirus 5 (CMV).nasal","symptom_cough_prod",-1.13600486355412
"2155","trajectory_group",4,858.150569743653,5.42381197538566,0.246508081836725,"Human betaherpesvirus 5 (CMV).nasal","symptom_cough_prod",-1.13600486355412
"2156","<none>",NA,223.652595916252,NA,NA,"Human betaherpesvirus 5 (CMV).nasal","symptom_haemoptysis",-14.3432285676186
"2157","binary",1,222.355212388512,0.702616472260019,0.401905915844782,"Human betaherpesvirus 5 (CMV).nasal","symptom_haemoptysis",-14.3432285676186
"2158","sex",1,222.035428313316,0.382832397064192,0.536091269968036,"Human betaherpesvirus 5 (CMV).nasal","symptom_haemoptysis",-14.3432285676186
"2159","discretized_admit_age_quantile",4,216.100655786906,0.448059870653367,0.978356364372024,"Human betaherpesvirus 5 (CMV).nasal","symptom_haemoptysis",-14.3432285676186
"2160","trajectory_group",4,217.869083494539,2.21648757828723,0.696011903786454,"Human betaherpesvirus 5 (CMV).nasal","symptom_haemoptysis",-14.3432285676186
"2161","<none>",NA,589.906008380657,NA,NA,"Human betaherpesvirus 5 (CMV).nasal","symptom_sorethroat",-15.0428015847357
"2162","binary",1,591.32658577141,3.42057739075233,0.0643884894219989,"Human betaherpesvirus 5 (CMV).nasal","symptom_sorethroat",-15.0428015847357
"2163","sex",1,588.341975010028,0.435966629370796,0.509075643625683,"Human betaherpesvirus 5 (CMV).nasal","symptom_sorethroat",-15.0428015847357
"2164","discretized_admit_age_quantile",4,583.572511529096,1.66650314843901,0.796792992324506,"Human betaherpesvirus 5 (CMV).nasal","symptom_sorethroat",-15.0428015847357
"2165","trajectory_group",4,584.882126236026,2.9761178553689,0.561829942482065,"Human betaherpesvirus 5 (CMV).nasal","symptom_sorethroat",-15.0428015847357
"2166","<none>",NA,422.600217565483,NA,NA,"Human betaherpesvirus 5 (CMV).nasal","symptom_rhinorrhea",-0.0153928198453664
"2167","binary",1,420.60042647468,0.000208909197112916,0.988468024253427,"Human betaherpesvirus 5 (CMV).nasal","symptom_rhinorrhea",-0.0153928198453664
"2168","sex",1,420.700461284318,0.100243718835145,0.751537357741838,"Human betaherpesvirus 5 (CMV).nasal","symptom_rhinorrhea",-0.0153928198453664
"2169","discretized_admit_age_quantile",4,420.994210222089,6.39399265660558,0.171593457555212,"Human betaherpesvirus 5 (CMV).nasal","symptom_rhinorrhea",-0.0153928198453664
"2170","trajectory_group",4,423.924762673758,9.32454510827483,0.0534800158072819,"Human betaherpesvirus 5 (CMV).nasal","symptom_rhinorrhea",-0.0153928198453664
"2171","<none>",NA,419.220196359763,NA,NA,"Human betaherpesvirus 5 (CMV).nasal","symptom_wheeze",-16.8686463568472
"2172","binary",1,420.284609780684,3.06441342092091,0.0800240393725148,"Human betaherpesvirus 5 (CMV).nasal","symptom_wheeze",-16.8686463568472
"2173","sex",1,417.953788755822,0.733592396059009,0.391721225696901,"Human betaherpesvirus 5 (CMV).nasal","symptom_wheeze",-16.8686463568472
"2174","discretized_admit_age_quantile",4,421.234458185257,10.0142618254936,0.0401881274617237,"Human betaherpesvirus 5 (CMV).nasal","symptom_wheeze",-16.8686463568472
"2175","trajectory_group",4,415.162908051181,3.94271169141757,0.413814495797207,"Human betaherpesvirus 5 (CMV).nasal","symptom_wheeze",-16.8686463568472
"2176","<none>",NA,986.487689503015,NA,NA,"Human betaherpesvirus 5 (CMV).nasal","symptom_chestpain",0.593481450743895
"2177","binary",1,985.566576363234,1.07888686021818,0.298946706455322,"Human betaherpesvirus 5 (CMV).nasal","symptom_chestpain",0.593481450743895
"2178","sex",1,984.676465916536,0.188776413520486,0.66393695487317,"Human betaherpesvirus 5 (CMV).nasal","symptom_chestpain",0.593481450743895
"2179","discretized_admit_age_quantile",4,1006.96912493501,28.4814354319943,0.00000996185685397375,"Human betaherpesvirus 5 (CMV).nasal","symptom_chestpain",0.593481450743895
"2180","trajectory_group",4,982.049929192077,3.5622396890617,0.468477981550641,"Human betaherpesvirus 5 (CMV).nasal","symptom_chestpain",0.593481450743895
"2181","<none>",NA,1203.21825796741,NA,NA,"Human betaherpesvirus 5 (CMV).nasal","symptom_dyspnea",-0.400444441513708
"2182","binary",1,1201.87511113007,0.656853162659672,0.41767309832022,"Human betaherpesvirus 5 (CMV).nasal","symptom_dyspnea",-0.400444441513708
"2183","sex",1,1201.25220722314,0.0339492557304766,0.85381479642036,"Human betaherpesvirus 5 (CMV).nasal","symptom_dyspnea",-0.400444441513708
"2184","discretized_admit_age_quantile",4,1214.91201029448,19.6937523270772,0.000573932343992171,"Human betaherpesvirus 5 (CMV).nasal","symptom_dyspnea",-0.400444441513708
"2185","trajectory_group",4,1224.13568233817,28.9174243707639,0.00000812520624985153,"Human betaherpesvirus 5 (CMV).nasal","symptom_dyspnea",-0.400444441513708
"2186","<none>",NA,31.3479008070253,NA,NA,"Human betaherpesvirus 5 (CMV).nasal","symptom_chestwall",-22.8761418549965
"2187","binary",1,29.6064145893523,0.258513782327043,0.61114304954164,"Human betaherpesvirus 5 (CMV).nasal","symptom_chestwall",-22.8761418549965
"2188","sex",1,32.136622152278,2.78872134525265,0.0949299471851947,"Human betaherpesvirus 5 (CMV).nasal","symptom_chestwall",-22.8761418549965
"2189","discretized_admit_age_quantile",4,25.9337181861721,2.58581737914675,0.629337558108313,"Human betaherpesvirus 5 (CMV).nasal","symptom_chestwall",-22.8761418549965
"2190","trajectory_group",4,27.0544075606559,3.70650675363059,0.447180260703299,"Human betaherpesvirus 5 (CMV).nasal","symptom_chestwall",-22.8761418549965
"2191","<none>",NA,54.7849627456986,NA,NA,"Human betaherpesvirus 5 (CMV).nasal","symptom_earpain",3.89436385600292
"2192","binary",1,57.2452717130634,4.46030896736475,0.0346912221789354,"Human betaherpesvirus 5 (CMV).nasal","symptom_earpain",3.89436385600292
"2193","sex",1,53.9592333519538,1.17427060625516,0.278525480356522,"Human betaherpesvirus 5 (CMV).nasal","symptom_earpain",3.89436385600292
"2194","discretized_admit_age_quantile",4,49.7438216564259,2.9588589107273,0.564733703616368,"Human betaherpesvirus 5 (CMV).nasal","symptom_earpain",3.89436385600292
"2195","trajectory_group",4,49.0168003325422,2.23183758684355,0.693204896489989,"Human betaherpesvirus 5 (CMV).nasal","symptom_earpain",3.89436385600292
"2196","<none>",NA,30.7019941445234,NA,NA,"Human betaherpesvirus 5 (CMV).nasal","symptom_conjunctivitis",-0.965693939920583
"2197","binary",1,28.7019941445241,0.000000000000714095449438901,0.999999325754286,"Human betaherpesvirus 5 (CMV).nasal","symptom_conjunctivitis",-0.965693939920583
"2198","sex",1,29.9406097479978,1.2386156034744,0.265738027685847,"Human betaherpesvirus 5 (CMV).nasal","symptom_conjunctivitis",-0.965693939920583
"2199","discretized_admit_age_quantile",4,27.8532924918901,5.15129834736678,0.27212264135301,"Human betaherpesvirus 5 (CMV).nasal","symptom_conjunctivitis",-0.965693939920583
"2200","trajectory_group",4,23.8352979291902,1.13330378466683,0.888952831545029,"Human betaherpesvirus 5 (CMV).nasal","symptom_conjunctivitis",-0.965693939920583
"2201","<none>",NA,1173.2294752128,NA,NA,"Human betaherpesvirus 5 (CMV).nasal","symptom_allsyst",-0.505338358453259
"2202","binary",1,1172.35019637038,1.12072115758519,0.289763223056803,"Human betaherpesvirus 5 (CMV).nasal","symptom_allsyst",-0.505338358453259
"2203","sex",1,1171.41718895326,0.187713740461504,0.664826302428094,"Human betaherpesvirus 5 (CMV).nasal","symptom_allsyst",-0.505338358453259
"2204","discretized_admit_age_quantile",4,1181.33865201602,16.1091768032288,0.002876109498422,"Human betaherpesvirus 5 (CMV).nasal","symptom_allsyst",-0.505338358453259
"2205","trajectory_group",4,1176.31651519145,11.0870399786568,0.0256030256767562,"Human betaherpesvirus 5 (CMV).nasal","symptom_allsyst",-0.505338358453259
"2206","<none>",NA,1380.69439025717,NA,NA,"Human betaherpesvirus 5 (CMV).nasal","symptom_fever",-0.124059956786921
"2207","binary",1,1378.76065910473,0.0662688475590585,0.796848881343399,"Human betaherpesvirus 5 (CMV).nasal","symptom_fever",-0.124059956786921
"2208","sex",1,1379.00999517213,0.315604914962933,0.57426097960517,"Human betaherpesvirus 5 (CMV).nasal","symptom_fever",-0.124059956786921
"2209","discretized_admit_age_quantile",4,1405.03789933668,32.3435090795142,0.00000162746220850984,"Human betaherpesvirus 5 (CMV).nasal","symptom_fever",-0.124059956786921
"2210","trajectory_group",4,1376.88125370828,4.18686345111655,0.381306921426452,"Human betaherpesvirus 5 (CMV).nasal","symptom_fever",-0.124059956786921
"2211","<none>",NA,1107.6034887702,NA,NA,"Human betaherpesvirus 5 (CMV).nasal","symptom_chills",-0.227911471702674
"2212","binary",1,1105.72971968772,0.126230917521525,0.722372416454906,"Human betaherpesvirus 5 (CMV).nasal","symptom_chills",-0.227911471702674
"2213","sex",1,1106.22318973936,0.61970096916798,0.431158429377664,"Human betaherpesvirus 5 (CMV).nasal","symptom_chills",-0.227911471702674
"2214","discretized_admit_age_quantile",4,1113.19119358735,13.5877048171583,0.00873412826438913,"Human betaherpesvirus 5 (CMV).nasal","symptom_chills",-0.227911471702674
"2215","trajectory_group",4,1110.25178187092,10.6482931007279,0.0308144526369241,"Human betaherpesvirus 5 (CMV).nasal","symptom_chills",-0.227911471702674
"2216","<none>",NA,116.82911615534,NA,NA,"Human betaherpesvirus 5 (CMV).nasal","symptom_shaking",-17.4033443637745
"2217","binary",1,115.140891240351,0.311775085011675,0.576592959567342,"Human betaherpesvirus 5 (CMV).nasal","symptom_shaking",-17.4033443637745
"2218","sex",1,115.054812048293,0.22569589295378,0.634733788930259,"Human betaherpesvirus 5 (CMV).nasal","symptom_shaking",-17.4033443637745
"2219","discretized_admit_age_quantile",4,114.822133457724,5.99301730238409,0.199670352770279,"Human betaherpesvirus 5 (CMV).nasal","symptom_shaking",-17.4033443637745
"2220","trajectory_group",4,112.283212044834,3.45409588949491,0.484892404261571,"Human betaherpesvirus 5 (CMV).nasal","symptom_shaking",-17.4033443637745
"2221","<none>",NA,1386.59992837839,NA,NA,"Human betaherpesvirus 5 (CMV).nasal","symptom_fatigue",-0.717998979491593
"2222","binary",1,1386.62990951525,2.02998113685931,0.154222521452099,"Human betaherpesvirus 5 (CMV).nasal","symptom_fatigue",-0.717998979491593
"2223","sex",1,1384.60107862712,0.00115024873571201,0.972944678915178,"Human betaherpesvirus 5 (CMV).nasal","symptom_fatigue",-0.717998979491593
"2224","discretized_admit_age_quantile",4,1383.79331688639,5.19338850800546,0.26802390808462,"Human betaherpesvirus 5 (CMV).nasal","symptom_fatigue",-0.717998979491593
"2225","trajectory_group",4,1385.44140204263,6.84147366424645,0.144506549698027,"Human betaherpesvirus 5 (CMV).nasal","symptom_fatigue",-0.717998979491593
"2226","<none>",NA,1090.73342322384,NA,NA,"Human betaherpesvirus 5 (CMV).nasal","symptom_myalgia",-0.676208167280252
"2227","binary",1,1089.6322242171,0.898800993258419,0.343103412464299,"Human betaherpesvirus 5 (CMV).nasal","symptom_myalgia",-0.676208167280252
"2228","sex",1,1088.93741029835,0.203987074508404,0.651521660591917,"Human betaherpesvirus 5 (CMV).nasal","symptom_myalgia",-0.676208167280252
"2229","discretized_admit_age_quantile",4,1094.26902911536,11.5356058915179,0.0211603434832029,"Human betaherpesvirus 5 (CMV).nasal","symptom_myalgia",-0.676208167280252
"2230","trajectory_group",4,1098.09108571024,15.3576624863972,0.00401409094066684,"Human betaherpesvirus 5 (CMV).nasal","symptom_myalgia",-0.676208167280252
"2231","<none>",NA,31.0509237021439,NA,NA,"Human betaherpesvirus 5 (CMV).nasal","symptom_lymphadenopathy",-1.46359310491485
"2232","binary",1,29.0509237021616,0.0000000000176925141204265,0.999996643900432,"Human betaherpesvirus 5 (CMV).nasal","symptom_lymphadenopathy",-1.46359310491485
"2233","sex",1,31.6762748984649,2.62535119632098,0.105169233254057,"Human betaherpesvirus 5 (CMV).nasal","symptom_lymphadenopathy",-1.46359310491485
"2234","discretized_admit_age_quantile",4,24.6282618188702,1.57733811672624,0.812859291263893,"Human betaherpesvirus 5 (CMV).nasal","symptom_lymphadenopathy",-1.46359310491485
"2235","trajectory_group",4,27.0544075800957,4.00348387795176,0.405534563427826,"Human betaherpesvirus 5 (CMV).nasal","symptom_lymphadenopathy",-1.46359310491485
"2236","<none>",NA,1281.93509595697,NA,NA,"Human betaherpesvirus 5 (CMV).nasal","symptom_allneuro",-0.670463785968003
"2237","binary",1,1281.49211721754,1.55702126056872,0.212101898511706,"Human betaherpesvirus 5 (CMV).nasal","symptom_allneuro",-0.670463785968003
"2238","sex",1,1280.71297119514,0.77787523816778,0.377791756180312,"Human betaherpesvirus 5 (CMV).nasal","symptom_allneuro",-0.670463785968003
"2239","discretized_admit_age_quantile",4,1277.70539467662,3.77029871964487,0.437984091503532,"Human betaherpesvirus 5 (CMV).nasal","symptom_allneuro",-0.670463785968003
"2240","trajectory_group",4,1276.23335043214,2.29825447516805,0.681086873196739,"Human betaherpesvirus 5 (CMV).nasal","symptom_allneuro",-0.670463785968003
"2241","<none>",NA,921.262513893968,NA,NA,"Human betaherpesvirus 5 (CMV).nasal","symptom_headache",-0.474607429703761
"2242","binary",1,919.690593550139,0.428079656171121,0.51293273918782,"Human betaherpesvirus 5 (CMV).nasal","symptom_headache",-0.474607429703761
"2243","sex",1,919.967487048267,0.704973154299068,0.401117670937349,"Human betaherpesvirus 5 (CMV).nasal","symptom_headache",-0.474607429703761
"2244","discretized_admit_age_quantile",4,928.606928115149,15.3444142211811,0.00403768494973089,"Human betaherpesvirus 5 (CMV).nasal","symptom_headache",-0.474607429703761
"2245","trajectory_group",4,927.745157756627,14.4826438626588,0.00590378757771278,"Human betaherpesvirus 5 (CMV).nasal","symptom_headache",-0.474607429703761
"2246","<none>",NA,413.803982254045,NA,NA,"Human betaherpesvirus 5 (CMV).nasal","symptom_confusion",-0.999215200414288
"2247","binary",1,412.89382612362,1.08984386957547,0.296505804906481,"Human betaherpesvirus 5 (CMV).nasal","symptom_confusion",-0.999215200414288
"2248","sex",1,411.828225923453,0.0242436694076673,0.876266511679033,"Human betaherpesvirus 5 (CMV).nasal","symptom_confusion",-0.999215200414288
"2249","discretized_admit_age_quantile",4,433.193894906129,27.389912652084,0.000016577702337901,"Human betaherpesvirus 5 (CMV).nasal","symptom_confusion",-0.999215200414288
"2250","trajectory_group",4,416.975768541522,11.1717862874768,0.0246997246131711,"Human betaherpesvirus 5 (CMV).nasal","symptom_confusion",-0.999215200414288
"2251","<none>",NA,45.6066756496831,NA,NA,"Human betaherpesvirus 5 (CMV).nasal","symptom_seizure",-20.0955705051677
"2252","binary",1,43.709097955627,0.102422305943811,0.748941911409284,"Human betaherpesvirus 5 (CMV).nasal","symptom_seizure",-20.0955705051677
"2253","sex",1,45.8168770135214,2.21020136383824,0.137100774533866,"Human betaherpesvirus 5 (CMV).nasal","symptom_seizure",-20.0955705051677
"2254","discretized_admit_age_quantile",4,39.811985296389,2.20530964670589,0.698057308684977,"Human betaherpesvirus 5 (CMV).nasal","symptom_seizure",-20.0955705051677
"2255","trajectory_group",4,40.6574226741877,3.05074702450461,0.549369218255348,"Human betaherpesvirus 5 (CMV).nasal","symptom_seizure",-20.0955705051677
"2256","<none>",NA,184.754948225679,NA,NA,"Human betaherpesvirus 5 (CMV).nasal","symptom_syncope",-16.8771667031941
"2257","binary",1,183.227785370935,0.472837145256619,0.491684836481754,"Human betaherpesvirus 5 (CMV).nasal","symptom_syncope",-16.8771667031941
"2258","sex",1,186.774797593104,4.01984936742568,0.0449677296381595,"Human betaherpesvirus 5 (CMV).nasal","symptom_syncope",-16.8771667031941
"2259","discretized_admit_age_quantile",4,185.226539397201,8.47159117152242,0.0757530343000782,"Human betaherpesvirus 5 (CMV).nasal","symptom_syncope",-16.8771667031941
"2260","trajectory_group",4,183.934215701022,7.17926747534344,0.126712629978744,"Human betaherpesvirus 5 (CMV).nasal","symptom_syncope",-16.8771667031941
"2261","<none>",NA,710.057564620333,NA,NA,"Human betaherpesvirus 5 (CMV).nasal","symptom_anosmia",-0.7006858860413
"2262","binary",1,708.608684386771,0.551119766438546,0.457860518838085,"Human betaherpesvirus 5 (CMV).nasal","symptom_anosmia",-0.7006858860413
"2263","sex",1,708.848486744951,0.790922124617964,0.373821440857251,"Human betaherpesvirus 5 (CMV).nasal","symptom_anosmia",-0.7006858860413
"2264","discretized_admit_age_quantile",4,710.026186661903,7.9686220415698,0.0927343952068736,"Human betaherpesvirus 5 (CMV).nasal","symptom_anosmia",-0.7006858860413
"2265","trajectory_group",4,704.982723810039,2.92515918970662,0.570426941400298,"Human betaherpesvirus 5 (CMV).nasal","symptom_anosmia",-0.7006858860413
"2266","<none>",NA,1355.70214331825,NA,NA,"Human betaherpesvirus 5 (CMV).nasal","symptom_allGI",-1.06668645018865
"2267","binary",1,1357.21837056986,3.51622725160587,0.0607706335920019,"Human betaherpesvirus 5 (CMV).nasal","symptom_allGI",-1.06668645018865
"2268","sex",1,1359.97478253461,6.27263921636268,0.0122616372655362,"Human betaherpesvirus 5 (CMV).nasal","symptom_allGI",-1.06668645018865
"2269","discretized_admit_age_quantile",4,1353.70862769241,6.00648437415475,0.19866453957017,"Human betaherpesvirus 5 (CMV).nasal","symptom_allGI",-1.06668645018865
"2270","trajectory_group",4,1363.28333452201,15.5811912037632,0.00363584717928738,"Human betaherpesvirus 5 (CMV).nasal","symptom_allGI",-1.06668645018865
"2271","<none>",NA,648.231937696101,NA,NA,"Human betaherpesvirus 5 (CMV).nasal","symptom_abdpain",-0.586969556178597
"2272","binary",1,646.603719733134,0.371782037032744,0.542034504097815,"Human betaherpesvirus 5 (CMV).nasal","symptom_abdpain",-0.586969556178597
"2273","sex",1,647.432691685376,1.20075398927509,0.27317103220296,"Human betaherpesvirus 5 (CMV).nasal","symptom_abdpain",-0.586969556178597
"2274","discretized_admit_age_quantile",4,645.797412859317,5.56547516321575,0.234033828890725,"Human betaherpesvirus 5 (CMV).nasal","symptom_abdpain",-0.586969556178597
"2275","trajectory_group",4,641.849113279481,1.61717558337989,0.805701883460273,"Human betaherpesvirus 5 (CMV).nasal","symptom_abdpain",-0.586969556178597
"2276","<none>",NA,1056.65824772244,NA,NA,"Human betaherpesvirus 5 (CMV).nasal","symptom_nausea",-1.37787293859233
"2277","binary",1,1057.31481759673,2.65656987428611,0.103122901852678,"Human betaherpesvirus 5 (CMV).nasal","symptom_nausea",-1.37787293859233
"2278","sex",1,1061.66004655847,7.00179883602868,0.00814278508436224,"Human betaherpesvirus 5 (CMV).nasal","symptom_nausea",-1.37787293859233
"2279","discretized_admit_age_quantile",4,1062.33540080567,13.6771530832339,0.00840003600100148,"Human betaherpesvirus 5 (CMV).nasal","symptom_nausea",-1.37787293859233
"2280","trajectory_group",4,1066.68816049061,18.0299127681742,0.00121759610468387,"Human betaherpesvirus 5 (CMV).nasal","symptom_nausea",-1.37787293859233
"2281","<none>",NA,1083.5471560609,NA,NA,"Human betaherpesvirus 5 (CMV).nasal","symptom_diarrhea",-1.54639765162961
"2282","binary",1,1085.12656702522,3.57941096431409,0.0584998910921943,"Human betaherpesvirus 5 (CMV).nasal","symptom_diarrhea",-1.54639765162961
"2283","sex",1,1082.56258055095,1.01542449004251,0.313606797037498,"Human betaherpesvirus 5 (CMV).nasal","symptom_diarrhea",-1.54639765162961
"2284","discretized_admit_age_quantile",4,1081.27837579228,5.73121973137836,0.220140256944949,"Human betaherpesvirus 5 (CMV).nasal","symptom_diarrhea",-1.54639765162961
"2285","trajectory_group",4,1080.68291569135,5.13575963044786,0.273649199915534,"Human betaherpesvirus 5 (CMV).nasal","symptom_diarrhea",-1.54639765162961
"2286","<none>",NA,115.139950714857,NA,NA,"Human betaherpesvirus 5 (CMV).nasal","symptom_allderm",1.42262378800257
"2287","binary",1,114.315631295152,1.1756805802942,0.27823710104876,"Human betaherpesvirus 5 (CMV).nasal","symptom_allderm",1.42262378800257
"2288","sex",1,113.209939460369,0.0699887455117931,0.791353167316302,"Human betaherpesvirus 5 (CMV).nasal","symptom_allderm",1.42262378800257
"2289","discretized_admit_age_quantile",4,114.871663951618,7.73171323676027,0.101915235014262,"Human betaherpesvirus 5 (CMV).nasal","symptom_allderm",1.42262378800257
"2290","trajectory_group",4,110.543866202912,3.40391548805489,0.492637759191805,"Human betaherpesvirus 5 (CMV).nasal","symptom_allderm",1.42262378800257
"2291","<none>",NA,90.1089144409975,NA,NA,"Human betaherpesvirus 5 (CMV).nasal","symptom_skinrash",2.29988924685512
"2292","binary",1,90.587163377826,2.47824893682854,0.115430700926935,"Human betaherpesvirus 5 (CMV).nasal","symptom_skinrash",2.29988924685512
"2293","sex",1,88.3377447957816,0.228830354784094,0.632392462205059,"Human betaherpesvirus 5 (CMV).nasal","symptom_skinrash",2.29988924685512
"2294","discretized_admit_age_quantile",4,85.0681931156805,2.95927867468302,0.564662982909983,"Human betaherpesvirus 5 (CMV).nasal","symptom_skinrash",2.29988924685512
"2295","trajectory_group",4,83.4271492925916,1.31823485159408,0.858274212107756,"Human betaherpesvirus 5 (CMV).nasal","symptom_skinrash",2.29988924685512
"2296","<none>",NA,45.1664796055201,NA,NA,"Human betaherpesvirus 5 (CMV).nasal","symptom_skinulcer",-19.8009836673684
"2297","binary",1,43.3672158081272,0.200736202607089,0.65412725960048,"Human betaherpesvirus 5 (CMV).nasal","symptom_skinulcer",-19.8009836673684
"2298","sex",1,45.2132623022642,2.04678269674404,0.152528217460438,"Human betaherpesvirus 5 (CMV).nasal","symptom_skinulcer",-19.8009836673684
"2299","discretized_admit_age_quantile",4,46.3330038242693,9.16652421874917,0.0570693036389969,"Human betaherpesvirus 5 (CMV).nasal","symptom_skinulcer",-19.8009836673684
"2300","trajectory_group",4,45.3780458616914,8.21156625617122,0.084128550731525,"Human betaherpesvirus 5 (CMV).nasal","symptom_skinulcer",-19.8009836673684
"2301","<none>",NA,577.013789160471,NA,NA,"Human betaherpesvirus 5 (CMV).nasal","symptom_allother",-15.1307247750032
"2302","binary",1,579.210964995262,4.19717583479098,0.0404913602382089,"Human betaherpesvirus 5 (CMV).nasal","symptom_allother",-15.1307247750032
"2303","sex",1,575.220478326529,0.206689166058027,0.649374871238998,"Human betaherpesvirus 5 (CMV).nasal","symptom_allother",-15.1307247750032
"2304","discretized_admit_age_quantile",4,572.299369021642,3.28557986117096,0.511220242064356,"Human betaherpesvirus 5 (CMV).nasal","symptom_allother",-15.1307247750032
"2305","trajectory_group",4,585.035736475126,16.021947314655,0.00298985458222547,"Human betaherpesvirus 5 (CMV).nasal","symptom_allother",-15.1307247750032
"2306","<none>",NA,332.904922932163,NA,NA,"Human betaherpesvirus 5 (CMV).nasal","symptom_arthralgia",-14.7267199836405
"2307","binary",1,331.883521994254,0.978599062091462,0.32254492006442,"Human betaherpesvirus 5 (CMV).nasal","symptom_arthralgia",-14.7267199836405
"2308","sex",1,331.293015975041,0.388093042878268,0.533303486268607,"Human betaherpesvirus 5 (CMV).nasal","symptom_arthralgia",-14.7267199836405
"2309","discretized_admit_age_quantile",4,326.761481235996,1.85655830383268,0.762120059071007,"Human betaherpesvirus 5 (CMV).nasal","symptom_arthralgia",-14.7267199836405
"2310","trajectory_group",4,338.806070504877,13.9011475727143,0.00761732755084446,"Human betaherpesvirus 5 (CMV).nasal","symptom_arthralgia",-14.7267199836405
"2311","<none>",NA,210.758709744849,NA,NA,"Human betaherpesvirus 5 (CMV).nasal","symptom_edema",-16.032420517341
"2312","binary",1,210.243598505008,1.48488876015901,0.223011194136081,"Human betaherpesvirus 5 (CMV).nasal","symptom_edema",-16.032420517341
"2313","sex",1,210.586885163053,1.82817541820407,0.176343208082245,"Human betaherpesvirus 5 (CMV).nasal","symptom_edema",-16.032420517341
"2314","discretized_admit_age_quantile",4,205.017739306422,2.25902956157378,0.688237959512582,"Human betaherpesvirus 5 (CMV).nasal","symptom_edema",-16.032420517341
"2315","trajectory_group",4,215.60867839517,12.8499686503215,0.0120326227949765,"Human betaherpesvirus 5 (CMV).nasal","symptom_edema",-16.032420517341
"2316","<none>",NA,241.519991850098,NA,NA,"Human betaherpesvirus 5 (CMV).nasal","symptom_nonamb",-18.1891208673464
"2317","binary",1,241.212474684624,1.6924828345258,0.193274000063952,"Human betaherpesvirus 5 (CMV).nasal","symptom_nonamb",-18.1891208673464
"2318","sex",1,240.108148313272,0.588156463173732,0.443132889692972,"Human betaherpesvirus 5 (CMV).nasal","symptom_nonamb",-18.1891208673464
"2319","discretized_admit_age_quantile",4,237.18631700987,3.6663251597721,0.453042665867388,"Human betaherpesvirus 5 (CMV).nasal","symptom_nonamb",-18.1891208673464
"2320","trajectory_group",4,237.155129617113,3.63513776701481,0.457629914514852,"Human betaherpesvirus 5 (CMV).nasal","symptom_nonamb",-18.1891208673464
"2321","<none>",NA,54.9256796837084,NA,NA,"Human betaherpesvirus 5 (CMV).nasal","symptom_bleeding",-19.4754248153763
"2322","binary",1,53.0761233876476,0.15044370393921,0.698111699080888,"Human betaherpesvirus 5 (CMV).nasal","symptom_bleeding",-19.4754248153763
"2323","sex",1,52.9385937871904,0.0129141034819327,0.90952298937284,"Human betaherpesvirus 5 (CMV).nasal","symptom_bleeding",-19.4754248153763
"2324","discretized_admit_age_quantile",4,54.727862399058,7.80218271534958,0.0990992454895924,"Human betaherpesvirus 5 (CMV).nasal","symptom_bleeding",-19.4754248153763
"2325","trajectory_group",4,49.428753556784,2.5030738730756,0.644085453048914,"Human betaherpesvirus 5 (CMV).nasal","symptom_bleeding",-19.4754248153763
"2326","<none>",NA,741.166631092902,NA,NA,"Human betaherpesvirus 5 (CMV).nasal","ever_ever_esc",0.210693869277198
"2327","binary",1,739.318563227306,0.151932134403978,0.696695737434713,"Human betaherpesvirus 5 (CMV).nasal","ever_ever_esc",0.210693869277198
"2328","sex",1,739.166898350492,0.000267257589712244,0.98695675233418,"Human betaherpesvirus 5 (CMV).nasal","ever_ever_esc",0.210693869277198
"2329","discretized_admit_age_quantile",4,737.576290141966,4.40965904906352,0.353394378528241,"Human betaherpesvirus 5 (CMV).nasal","ever_ever_esc",0.210693869277198
"2330","trajectory_group",4,862.343562749122,129.17693165622,0.000000000000000000000000005840004325042,"Human betaherpesvirus 5 (CMV).nasal","ever_ever_esc",0.210693869277198
"2331","<none>",NA,785.732388194457,NA,NA,"Human betaherpesvirus 5 (CMV).nasal","ever_icu",1.8582428171555
"2332","binary",1,788.521573698727,4.78918550426988,0.0286389660923642,"Human betaherpesvirus 5 (CMV).nasal","ever_icu",1.8582428171555
"2333","sex",1,790.648664575578,6.91627638112072,0.00854146509677801,"Human betaherpesvirus 5 (CMV).nasal","ever_icu",1.8582428171555
"2334","discretized_admit_age_quantile",4,786.200294777186,8.46790658272869,0.0758660183145487,"Human betaherpesvirus 5 (CMV).nasal","ever_icu",1.8582428171555
"2335","trajectory_group",4,1172.01811445,394.285726255547,0.00000000000000000000000000000000000000000000000000000000000000000000000000000000000477442231370565,"Human betaherpesvirus 5 (CMV).nasal","ever_icu",1.8582428171555
"2336","<none>",NA,357.327167834189,NA,NA,"Human betaherpesvirus 5 (CMV).nasal","diedever",2.35341871430355
"2337","binary",1,369.489176253078,14.1620084188887,0.000167723142389711,"Human betaherpesvirus 5 (CMV).nasal","diedever",2.35341871430355
"2338","sex",1,360.152681016403,4.82551318221374,0.0280415162568068,"Human betaherpesvirus 5 (CMV).nasal","diedever",2.35341871430355
"2339","discretized_admit_age_quantile",4,368.87145434291,19.544286508721,0.000614206245972148,"Human betaherpesvirus 5 (CMV).nasal","diedever",2.35341871430355
"2340","trajectory_group",4,775.231193571347,425.904025737158,0.000000000000000000000000000000000000000000000000000000000000000000000000000000000000000000702153843859011,"Human betaherpesvirus 5 (CMV).nasal","diedever",2.35341871430355
"2341","<none>",NA,1286.79060384955,NA,NA,"Human betaherpesvirus 5 (CMV).nasal","ever_remdes",-0.623160217181427
"2342","binary",1,1286.46663864893,1.67603479937611,0.195452168663042,"Human betaherpesvirus 5 (CMV).nasal","ever_remdes",-0.623160217181427
"2343","sex",1,1285.98168529167,1.19108144212146,0.275111525103767,"Human betaherpesvirus 5 (CMV).nasal","ever_remdes",-0.623160217181427
"2344","discretized_admit_age_quantile",4,1283.99088195416,5.20027810460761,0.267358030148856,"Human betaherpesvirus 5 (CMV).nasal","ever_remdes",-0.623160217181427
"2345","trajectory_group",4,1321.63783159092,42.8472277413648,0.0000000111313623422163,"Human betaherpesvirus 5 (CMV).nasal","ever_remdes",-0.623160217181427
"2346","<none>",NA,1040.88779637311,NA,NA,"Human betaherpesvirus 5 (CMV).nasal","ever_steroids",-0.899694970324897
"2347","binary",1,1041.38081605797,2.49301968486384,0.114352132840417,"Human betaherpesvirus 5 (CMV).nasal","ever_steroids",-0.899694970324897
"2348","sex",1,1045.84337842306,6.95558204995336,0.00835581102523874,"Human betaherpesvirus 5 (CMV).nasal","ever_steroids",-0.899694970324897
"2349","discretized_admit_age_quantile",4,1038.07112786758,5.18333149446903,0.268998451499787,"Human betaherpesvirus 5 (CMV).nasal","ever_steroids",-0.899694970324897
"2350","trajectory_group",4,1123.22159152481,90.3337951516962,0.00000000000000000111839781256496,"Human betaherpesvirus 5 (CMV).nasal","ever_steroids",-0.899694970324897
"2351","<none>",NA,1202.01784573023,NA,NA,"Human betaherpesvirus 5 (CMV).nasal","ever_azithro",-1.43426551650815
"2352","binary",1,1206.40351232245,6.38566659221306,0.0115045547637493,"Human betaherpesvirus 5 (CMV).nasal","ever_azithro",-1.43426551650815
"2353","sex",1,1200.81990098839,0.802055258152222,0.370479590680105,"Human betaherpesvirus 5 (CMV).nasal","ever_azithro",-1.43426551650815
"2354","discretized_admit_age_quantile",4,1196.29954544385,2.28169971361808,0.684102870458793,"Human betaherpesvirus 5 (CMV).nasal","ever_azithro",-1.43426551650815
"2355","trajectory_group",4,1211.96109243832,17.9432467080844,0.00126601645280638,"Human betaherpesvirus 5 (CMV).nasal","ever_azithro",-1.43426551650815
"2356","<none>",NA,1218.72095413196,NA,NA,"Human betaherpesvirus 5 (CMV).nasal","ever_otherabx",0.206509561917404
"2357","binary",1,1216.84136599036,0.120411858403713,0.728588224525702,"Human betaherpesvirus 5 (CMV).nasal","ever_otherabx",0.206509561917404
"2358","sex",1,1216.72951180617,0.00855767421876408,0.926294675202847,"Human betaherpesvirus 5 (CMV).nasal","ever_otherabx",0.206509561917404
"2359","discretized_admit_age_quantile",4,1213.44392297003,2.72296883807326,0.605201386184372,"Human betaherpesvirus 5 (CMV).nasal","ever_otherabx",0.206509561917404
"2360","trajectory_group",4,1315.3120996117,104.59114547974,0.00000000000000000000103517187702112,"Human betaherpesvirus 5 (CMV).nasal","ever_otherabx",0.206509561917404
"2361","<none>",NA,454.528004636749,NA,NA,"Human betaherpesvirus 5 (CMV).nasal","ever_conplas",0.211716962407834
"2362","binary",1,452.604645350268,0.0766407135193958,0.781902510700203,"Human betaherpesvirus 5 (CMV).nasal","ever_conplas",0.211716962407834
"2363","sex",1,455.517158525595,2.9891538888462,0.0838239564156283,"Human betaherpesvirus 5 (CMV).nasal","ever_conplas",0.211716962407834
"2364","discretized_admit_age_quantile",4,460.831420705236,14.303416068487,0.00638706419100141,"Human betaherpesvirus 5 (CMV).nasal","ever_conplas",0.211716962407834
"2365","trajectory_group",4,469.755360943054,23.2273563063048,0.000114047405271908,"Human betaherpesvirus 5 (CMV).nasal","ever_conplas",0.211716962407834
"2366","<none>",NA,74.6614718139649,NA,NA,"Human betaherpesvirus 5 (CMV).nasal","ever_monoclonal",-19.1585400049204
"2367","binary",1,72.9397422603394,0.278270446374506,0.597837074529427,"Human betaherpesvirus 5 (CMV).nasal","ever_monoclonal",-19.1585400049204
"2368","sex",1,72.6729554362262,0.0114836222612809,0.914660727834021,"Human betaherpesvirus 5 (CMV).nasal","ever_monoclonal",-19.1585400049204
"2369","discretized_admit_age_quantile",4,69.4524980758709,2.79102626190596,0.593382731721833,"Human betaherpesvirus 5 (CMV).nasal","ever_monoclonal",-19.1585400049204
"2370","trajectory_group",4,70.5275280869906,3.86605627302569,0.424436550376366,"Human betaherpesvirus 5 (CMV).nasal","ever_monoclonal",-19.1585400049204
"2371","<none>",NA,447.223297373138,NA,NA,"Human betaherpesvirus 5 (CMV).nasal","ever_immsupp",-0.0178640739390989
"2372","binary",1,445.223759409299,0.000462036160797652,0.982850770889576,"Human betaherpesvirus 5 (CMV).nasal","ever_immsupp",-0.0178640739390989
"2373","sex",1,447.608154790067,2.38485741692972,0.122516070311379,"Human betaherpesvirus 5 (CMV).nasal","ever_immsupp",-0.0178640739390989
"2374","discretized_admit_age_quantile",4,449.995682076508,10.7723847033707,0.0292447813383198,"Human betaherpesvirus 5 (CMV).nasal","ever_immsupp",-0.0178640739390989
"2375","trajectory_group",4,441.433764623706,2.21046725056846,0.697113404012746,"Human betaherpesvirus 5 (CMV).nasal","ever_immsupp",-0.0178640739390989
"2376","<none>",NA,735.763082657463,NA,NA,"Human betaherpesvirus 5 (CMV).nasal","anycomp",13.9490386050036
"2377","binary",1,737.139366932239,3.3762842747758,0.066141011939731,"Human betaherpesvirus 5 (CMV).nasal","anycomp",13.9490386050036
"2378","sex",1,737.79326481667,4.0301821592069,0.0446931149922336,"Human betaherpesvirus 5 (CMV).nasal","anycomp",13.9490386050036
"2379","discretized_admit_age_quantile",4,735.740343067055,7.97726040959196,0.0924147352382234,"Human betaherpesvirus 5 (CMV).nasal","anycomp",13.9490386050036
"2380","trajectory_group",4,764.35620249815,36.5931198406868,0.000000218466515173397,"Human betaherpesvirus 5 (CMV).nasal","anycomp",13.9490386050036
"2381","<none>",NA,735.763082657463,NA,NA,"Human betaherpesvirus 5 (CMV).nasal","ncomp",13.9490386050036
"2382","binary",1,737.139366932239,3.3762842747758,0.066141011939731,"Human betaherpesvirus 5 (CMV).nasal","ncomp",13.9490386050036
"2383","sex",1,737.79326481667,4.0301821592069,0.0446931149922336,"Human betaherpesvirus 5 (CMV).nasal","ncomp",13.9490386050036
"2384","discretized_admit_age_quantile",4,735.740343067055,7.97726040959196,0.0924147352382234,"Human betaherpesvirus 5 (CMV).nasal","ncomp",13.9490386050036
"2385","trajectory_group",4,764.35620249815,36.5931198406868,0.000000218466515173397,"Human betaherpesvirus 5 (CMV).nasal","ncomp",13.9490386050036
"2386","<none>",NA,78.5151086735552,NA,NA,"Human betaherpesvirus 5 (CMV).nasal","comp_seizure",-19.5889419352419
"2387","binary",1,76.8711243971986,0.356015723643353,0.550727370587219,"Human betaherpesvirus 5 (CMV).nasal","comp_seizure",-19.5889419352419
"2388","sex",1,77.1075848333154,0.592476159760196,0.441463197348125,"Human betaherpesvirus 5 (CMV).nasal","comp_seizure",-19.5889419352419
"2389","discretized_admit_age_quantile",4,75.0116865196431,4.4965778460879,0.342953451629156,"Human betaherpesvirus 5 (CMV).nasal","comp_seizure",-19.5889419352419
"2390","trajectory_group",4,74.2391005124104,3.72399183885521,0.444646068895899,"Human betaherpesvirus 5 (CMV).nasal","comp_seizure",-19.5889419352419
"2391","<none>",NA,147.938451395506,NA,NA,"Human betaherpesvirus 5 (CMV).nasal","comp_meningitis",0.798120484350023
"2392","binary",1,146.381104044937,0.442652649431068,0.50584490543725,"Human betaherpesvirus 5 (CMV).nasal","comp_meningitis",0.798120484350023
"2393","sex",1,146.849482817224,0.911031421718633,0.339840900238021,"Human betaherpesvirus 5 (CMV).nasal","comp_meningitis",0.798120484350023
"2394","discretized_admit_age_quantile",4,143.443941915025,3.50549051951924,0.477043990177684,"Human betaherpesvirus 5 (CMV).nasal","comp_meningitis",0.798120484350023
"2395","trajectory_group",4,148.781039420302,8.8425880247965,0.0651567432204446,"Human betaherpesvirus 5 (CMV).nasal","comp_meningitis",0.798120484350023
"2396","<none>",NA,183.673518765572,NA,NA,"Human betaherpesvirus 5 (CMV).nasal","comp_stroke",0.927230390721287
"2397","binary",1,182.767271868763,1.09375310319098,0.295641136108994,"Human betaherpesvirus 5 (CMV).nasal","comp_stroke",0.927230390721287
"2398","sex",1,182.330643822079,0.657125056507226,0.417576744931753,"Human betaherpesvirus 5 (CMV).nasal","comp_stroke",0.927230390721287
"2399","discretized_admit_age_quantile",4,179.880922902938,4.20740413736627,0.378663832119845,"Human betaherpesvirus 5 (CMV).nasal","comp_stroke",0.927230390721287
"2400","trajectory_group",4,192.797252131345,17.1237333657727,0.00182882112231601,"Human betaherpesvirus 5 (CMV).nasal","comp_stroke",0.927230390721287
"2401","<none>",NA,506.332554612619,NA,NA,"Human betaherpesvirus 5 (CMV).nasal","comp_afib",0.091961107234216
"2402","binary",1,504.350792912025,0.0182382994060504,0.892572936623354,"Human betaherpesvirus 5 (CMV).nasal","comp_afib",0.091961107234216
"2403","sex",1,511.876218900367,7.54366428774802,0.00602214475602515,"Human betaherpesvirus 5 (CMV).nasal","comp_afib",0.091961107234216
"2404","discretized_admit_age_quantile",4,520.090130936482,21.7575763238626,0.000223962067991756,"Human betaherpesvirus 5 (CMV).nasal","comp_afib",0.091961107234216
"2405","trajectory_group",4,524.71085198169,26.3782973690707,0.0000265449459205355,"Human betaherpesvirus 5 (CMV).nasal","comp_afib",0.091961107234216
"2406","<none>",NA,286.35791303247,NA,NA,"Human betaherpesvirus 5 (CMV).nasal","comp_ventricular_arr",0.955858685150085
"2407","binary",1,286.01886536186,1.66095232939017,0.197474791308197,"Human betaherpesvirus 5 (CMV).nasal","comp_ventricular_arr",0.955858685150085
"2408","sex",1,287.173791158728,2.81587812625816,0.0933358074056675,"Human betaherpesvirus 5 (CMV).nasal","comp_ventricular_arr",0.955858685150085
"2409","discretized_admit_age_quantile",4,280.415164042074,2.05725100960456,0.725229565405893,"Human betaherpesvirus 5 (CMV).nasal","comp_ventricular_arr",0.955858685150085
"2410","trajectory_group",4,301.578195117331,23.2202820848617,0.000114419423504758,"Human betaherpesvirus 5 (CMV).nasal","comp_ventricular_arr",0.955858685150085
"2411","<none>",NA,33.8027737632167,NA,NA,"Human betaherpesvirus 5 (CMV).nasal","comp_endo",-18.8985412209304
"2412","binary",1,31.840123722041,0.0373499588243114,0.846754274807665,"Human betaherpesvirus 5 (CMV).nasal","comp_endo",-18.8985412209304
"2413","sex",1,32.7881667954278,0.985393032211107,0.320870970456596,"Human betaherpesvirus 5 (CMV).nasal","comp_endo",-18.8985412209304
"2414","discretized_admit_age_quantile",4,27.6804794342867,1.87770567107002,0.758239212578917,"Human betaherpesvirus 5 (CMV).nasal","comp_endo",-18.8985412209304
"2415","trajectory_group",4,28.8542988878783,3.05152512466163,0.549240128639871,"Human betaherpesvirus 5 (CMV).nasal","comp_endo",-18.8985412209304
"2416","<none>",NA,66.471189504498,NA,NA,"Human betaherpesvirus 5 (CMV).nasal","comp_myocard",-20.2299941432869
"2417","binary",1,64.7850054557576,0.313815951259599,0.575347950880553,"Human betaherpesvirus 5 (CMV).nasal","comp_myocard",-20.2299941432869
"2418","sex",1,65.0116725157453,0.540483011247304,0.462232619856691,"Human betaherpesvirus 5 (CMV).nasal","comp_myocard",-20.2299941432869
"2419","discretized_admit_age_quantile",4,63.6287103153564,5.15752081085841,0.271513363332047,"Human betaherpesvirus 5 (CMV).nasal","comp_myocard",-20.2299941432869
"2420","trajectory_group",4,63.4596010146339,4.98841151013592,0.288488614877206,"Human betaherpesvirus 5 (CMV).nasal","comp_myocard",-20.2299941432869
"2421","<none>",NA,173.714735806299,NA,NA,"Human betaherpesvirus 5 (CMV).nasal","comp_cardarrest",2.90969368981793
"2422","binary",1,178.767349379618,7.05261357331915,0.00791496832058489,"Human betaherpesvirus 5 (CMV).nasal","comp_cardarrest",2.90969368981793
"2423","sex",1,173.19487920571,1.48014339941062,0.223752087483397,"Human betaherpesvirus 5 (CMV).nasal","comp_cardarrest",2.90969368981793
"2424","discretized_admit_age_quantile",4,169.127857626357,3.41312182005782,0.491210700521975,"Human betaherpesvirus 5 (CMV).nasal","comp_cardarrest",2.90969368981793
"2425","trajectory_group",4,284.840422856854,119.125687050555,0.000000000000000000000000821092316778168,"Human betaherpesvirus 5 (CMV).nasal","comp_cardarrest",2.90969368981793
"2426","<none>",NA,132.764611056654,NA,NA,"Human betaherpesvirus 5 (CMV).nasal","comp_stemi",1.6716441381244
"2427","binary",1,133.68273685424,2.91812579758565,0.0875895446147162,"Human betaherpesvirus 5 (CMV).nasal","comp_stemi",1.6716441381244
"2428","sex",1,131.232935715719,0.468324659065189,0.493758914982744,"Human betaherpesvirus 5 (CMV).nasal","comp_stemi",1.6716441381244
"2429","discretized_admit_age_quantile",4,128.711347228375,3.94673617172126,0.41326231600284,"Human betaherpesvirus 5 (CMV).nasal","comp_stemi",1.6716441381244
"2430","trajectory_group",4,135.250440718206,10.4858296615521,0.0329927434501979,"Human betaherpesvirus 5 (CMV).nasal","comp_stemi",1.6716441381244
"2431","<none>",NA,245.038504687319,NA,NA,"Human betaherpesvirus 5 (CMV).nasal","comp_nstemi",-18.5112749390755
"2432","binary",1,245.33738407052,2.29887938320044,0.129467375684726,"Human betaherpesvirus 5 (CMV).nasal","comp_nstemi",-18.5112749390755
"2433","sex",1,245.401661705947,2.36315701862796,0.124230551384971,"Human betaherpesvirus 5 (CMV).nasal","comp_nstemi",-18.5112749390755
"2434","discretized_admit_age_quantile",4,241.133101916688,4.0945972293689,0.393354862455268,"Human betaherpesvirus 5 (CMV).nasal","comp_nstemi",-18.5112749390755
"2435","trajectory_group",4,254.198323707133,17.1598190198139,0.0017995091176333,"Human betaherpesvirus 5 (CMV).nasal","comp_nstemi",-18.5112749390755
"2436","<none>",NA,475.936123761611,NA,NA,"Human betaherpesvirus 5 (CMV).nasal","comp_chf",-1.07474501953768
"2437","binary",1,475.332773197886,1.3966494362744,0.237285370693218,"Human betaherpesvirus 5 (CMV).nasal","comp_chf",-1.07474501953768
"2438","sex",1,477.250219253058,3.31409549144627,0.0686881098061856,"Human betaherpesvirus 5 (CMV).nasal","comp_chf",-1.07474501953768
"2439","discretized_admit_age_quantile",4,477.554367392403,9.61824363079165,0.0473734939295248,"Human betaherpesvirus 5 (CMV).nasal","comp_chf",-1.07474501953768
"2440","trajectory_group",4,498.708002354398,30.7718785927863,0.00000340755446623361,"Human betaherpesvirus 5 (CMV).nasal","comp_chf",-1.07474501953768
"2441","<none>",NA,1105.71188034836,NA,NA,"Human betaherpesvirus 5 (CMV).nasal","comp_pneumonia",-0.345497597684554
"2442","binary",1,1104.08582773232,0.373947383962559,0.540860428766873,"Human betaherpesvirus 5 (CMV).nasal","comp_pneumonia",-0.345497597684554
"2443","sex",1,1103.82524243603,0.113362087671248,0.736348439956432,"Human betaherpesvirus 5 (CMV).nasal","comp_pneumonia",-0.345497597684554
"2444","discretized_admit_age_quantile",4,1101.71754013524,4.00565978688746,0.405240422750568,"Human betaherpesvirus 5 (CMV).nasal","comp_pneumonia",-0.345497597684554
"2445","trajectory_group",4,1160.04622033983,62.3343399914793,0.000000000000936877714509811,"Human betaherpesvirus 5 (CMV).nasal","comp_pneumonia",-0.345497597684554
"2446","<none>",NA,77.3799009863177,NA,NA,"Human betaherpesvirus 5 (CMV).nasal","comp_bronch",-18.5894747128704
"2447","binary",1,75.7122899338282,0.332388947510509,0.564255763745723,"Human betaherpesvirus 5 (CMV).nasal","comp_bronch",-18.5894747128704
"2448","sex",1,75.3817643484429,0.00186336212524907,0.965568667091641,"Human betaherpesvirus 5 (CMV).nasal","comp_bronch",-18.5894747128704
"2449","discretized_admit_age_quantile",4,70.9765056224017,1.59660463608405,0.809402259609231,"Human betaherpesvirus 5 (CMV).nasal","comp_bronch",-18.5894747128704
"2450","trajectory_group",4,74.6727101999673,5.29280921364962,0.258550831553324,"Human betaherpesvirus 5 (CMV).nasal","comp_bronch",-18.5894747128704
"2451","<none>",NA,241.352194724834,NA,NA,"Human betaherpesvirus 5 (CMV).nasal","comp_pneumo",1.95633588410641
"2452","binary",1,248.045166319906,8.69297159507141,0.0031943940538453,"Human betaherpesvirus 5 (CMV).nasal","comp_pneumo",1.95633588410641
"2453","sex",1,241.681464913512,2.32927018867755,0.1269613890142,"Human betaherpesvirus 5 (CMV).nasal","comp_pneumo",1.95633588410641
"2454","discretized_admit_age_quantile",4,245.304834765011,11.9526400401771,0.0177069429350927,"Human betaherpesvirus 5 (CMV).nasal","comp_pneumo",1.95633588410641
"2455","trajectory_group",4,254.668682361599,21.3164876367652,0.000274041702370938,"Human betaherpesvirus 5 (CMV).nasal","comp_pneumo",1.95633588410641
"2456","<none>",NA,118.370191698381,NA,NA,"Human betaherpesvirus 5 (CMV).nasal","comp_pneumomed",-20.8798891062049
"2457","binary",1,117.697608690674,1.32741699229324,0.249265257847482,"Human betaherpesvirus 5 (CMV).nasal","comp_pneumomed",-20.8798891062049
"2458","sex",1,117.869368615133,1.49917691675225,0.220798050158656,"Human betaherpesvirus 5 (CMV).nasal","comp_pneumomed",-20.8798891062049
"2459","discretized_admit_age_quantile",4,113.848111569381,3.47791987100011,0.481243609348171,"Human betaherpesvirus 5 (CMV).nasal","comp_pneumomed",-20.8798891062049
"2460","trajectory_group",4,141.939495092965,31.5693033945839,0.00000234274598695617,"Human betaherpesvirus 5 (CMV).nasal","comp_pneumomed",-20.8798891062049
"2461","<none>",NA,94.2392883307542,NA,NA,"Human betaherpesvirus 5 (CMV).nasal","comp_aat",-20.0827117423192
"2462","binary",1,92.8776689438179,0.638380613063745,0.424297809643075,"Human betaherpesvirus 5 (CMV).nasal","comp_aat",-20.0827117423192
"2463","sex",1,92.5643260131962,0.325037682441973,0.568595794739767,"Human betaherpesvirus 5 (CMV).nasal","comp_aat",-20.0827117423192
"2464","discretized_admit_age_quantile",4,91.3910278371414,5.15173950638723,0.272079406662875,"Human betaherpesvirus 5 (CMV).nasal","comp_aat",-20.0827117423192
"2465","trajectory_group",4,92.4901060033032,6.25081767254902,0.181183724585619,"Human betaherpesvirus 5 (CMV).nasal","comp_aat",-20.0827117423192
"2466","<none>",NA,458.78624313694,NA,NA,"Human betaherpesvirus 5 (CMV).nasal","comp_avthromb",1.06367399661379
"2467","binary",1,460.271630454178,3.48538731723824,0.0619128715285933,"Human betaherpesvirus 5 (CMV).nasal","comp_avthromb",1.06367399661379
"2468","sex",1,459.111675265891,2.32543212895132,0.127274871379154,"Human betaherpesvirus 5 (CMV).nasal","comp_avthromb",1.06367399661379
"2469","discretized_admit_age_quantile",4,459.909766612672,9.12352347573182,0.0580850582913685,"Human betaherpesvirus 5 (CMV).nasal","comp_avthromb",1.06367399661379
"2470","trajectory_group",4,489.761073465399,38.9748303284592,0.000000070503438094217,"Human betaherpesvirus 5 (CMV).nasal","comp_avthromb",1.06367399661379
"2471","<none>",NA,561.696124163659,NA,NA,"Human betaherpesvirus 5 (CMV).nasal","comp_shock",1.33965859510814
"2472","binary",1,565.198326390771,5.50220222711209,0.0189925405995959,"Human betaherpesvirus 5 (CMV).nasal","comp_shock",1.33965859510814
"2473","sex",1,561.773982458262,2.07785829460227,0.149449740121985,"Human betaherpesvirus 5 (CMV).nasal","comp_shock",1.33965859510814
"2474","discretized_admit_age_quantile",4,560.558703461758,6.86257929809904,0.143330949543626,"Human betaherpesvirus 5 (CMV).nasal","comp_shock",1.33965859510814
"2475","trajectory_group",4,799.333209092356,245.637084928696,0.00000000000000000000000000000000000000000000000000056672245353475,"Human betaherpesvirus 5 (CMV).nasal","comp_shock",1.33965859510814
"2476","<none>",NA,665.230161547667,NA,NA,"Human betaherpesvirus 5 (CMV).nasal","comp_bac",0.653776307317568
"2477","binary",1,664.823973886529,1.59381233886154,0.206782301488582,"Human betaherpesvirus 5 (CMV).nasal","comp_bac",0.653776307317568
"2478","sex",1,664.342290062579,1.11212851491234,0.291619724266261,"Human betaherpesvirus 5 (CMV).nasal","comp_bac",0.653776307317568
"2479","discretized_admit_age_quantile",4,660.071865227274,2.84170367960667,0.584655577436978,"Human betaherpesvirus 5 (CMV).nasal","comp_bac",0.653776307317568
"2480","trajectory_group",4,716.157517048921,58.9273555012542,0.00000000000487382205649458,"Human betaherpesvirus 5 (CMV).nasal","comp_bac",0.653776307317568
"2481","<none>",NA,288.887476346669,NA,NA,"Human betaherpesvirus 5 (CMV).nasal","comp_coag",-15.8859458676676
"2482","binary",1,289.908284171907,3.0208078252374,0.0822025096688552,"Human betaherpesvirus 5 (CMV).nasal","comp_coag",-15.8859458676676
"2483","sex",1,287.060017543307,0.17254119663761,0.677863170688351,"Human betaherpesvirus 5 (CMV).nasal","comp_coag",-15.8859458676676
"2484","discretized_admit_age_quantile",4,287.949593434245,7.06211708757559,0.132641807912777,"Human betaherpesvirus 5 (CMV).nasal","comp_coag",-15.8859458676676
"2485","trajectory_group",4,291.607112981193,10.719636634524,0.0299023410164383,"Human betaherpesvirus 5 (CMV).nasal","comp_coag",-15.8859458676676
"2486","<none>",NA,169.634268950412,NA,NA,"Human betaherpesvirus 5 (CMV).nasal","comp_hypogly",-16.7614812862544
"2487","binary",1,168.632440943834,0.998171993422432,0.317753236594487,"Human betaherpesvirus 5 (CMV).nasal","comp_hypogly",-16.7614812862544
"2488","sex",1,167.715267539588,0.0809985891764029,0.775948687402436,"Human betaherpesvirus 5 (CMV).nasal","comp_hypogly",-16.7614812862544
"2489","discretized_admit_age_quantile",4,165.222676037564,3.58840708715238,0.464563773527261,"Human betaherpesvirus 5 (CMV).nasal","comp_hypogly",-16.7614812862544
"2490","trajectory_group",4,166.156074517387,4.52180556697456,0.339969728555516,"Human betaherpesvirus 5 (CMV).nasal","comp_hypogly",-16.7614812862544
"2491","<none>",NA,393.031297486617,NA,NA,"Human betaherpesvirus 5 (CMV).nasal","comp_bleed",-0.0661308193922995
"2492","binary",1,391.037915319299,0.00661783268259342,0.935163561700424,"Human betaherpesvirus 5 (CMV).nasal","comp_bleed",-0.0661308193922995
"2493","sex",1,391.036478400895,0.00518091427761647,0.942618963716005,"Human betaherpesvirus 5 (CMV).nasal","comp_bleed",-0.0661308193922995
"2494","discretized_admit_age_quantile",4,390.403878327642,5.37258084102461,0.251158824202998,"Human betaherpesvirus 5 (CMV).nasal","comp_bleed",-0.0661308193922995
"2495","trajectory_group",4,435.510009275898,50.4787117892809,0.000000000286840306732578,"Human betaherpesvirus 5 (CMV).nasal","comp_bleed",-0.0661308193922995
"2496","<none>",NA,761.530734739042,NA,NA,"Human betaherpesvirus 5 (CMV).nasal","comp_anemia",-0.154347776383291
"2497","binary",1,759.607653578175,0.0769188391332136,0.781517160754363,"Human betaherpesvirus 5 (CMV).nasal","comp_anemia",-0.154347776383291
"2498","sex",1,760.199224708525,0.668489969483289,0.413578568229463,"Human betaherpesvirus 5 (CMV).nasal","comp_anemia",-0.154347776383291
"2499","discretized_admit_age_quantile",4,754.050577420023,0.519842680981355,0.971540765487455,"Human betaherpesvirus 5 (CMV).nasal","comp_anemia",-0.154347776383291
"2500","trajectory_group",4,820.62651694095,67.0957822019082,0.0000000000000930588234353998,"Human betaherpesvirus 5 (CMV).nasal","comp_anemia",-0.154347776383291
"2501","<none>",NA,82.3575677317404,NA,NA,"Human betaherpesvirus 5 (CMV).nasal","comp_pancreas",-18.940318352867
"2502","binary",1,80.5668709460265,0.209303214286081,0.647314086428529,"Human betaherpesvirus 5 (CMV).nasal","comp_pancreas",-18.940318352867
"2503","sex",1,81.7917236201645,1.43415588842413,0.231087390974988,"Human betaherpesvirus 5 (CMV).nasal","comp_pancreas",-18.940318352867
"2504","discretized_admit_age_quantile",4,82.64837762743,8.29080989568961,0.0814878887076739,"Human betaherpesvirus 5 (CMV).nasal","comp_pancreas",-18.940318352867
"2505","trajectory_group",4,80.1496774195534,5.792109687813,0.215220890358945,"Human betaherpesvirus 5 (CMV).nasal","comp_pancreas",-18.940318352867
"2506","<none>",NA,940.844143816783,NA,NA,"Human betaherpesvirus 5 (CMV).nasal","comp_renal",0.558882893929148
"2507","binary",1,940.056213139089,1.21206932230598,0.270922684810214,"Human betaherpesvirus 5 (CMV).nasal","comp_renal",0.558882893929148
"2508","sex",1,949.718723768461,10.8745799516782,0.000974931380278846,"Human betaherpesvirus 5 (CMV).nasal","comp_renal",0.558882893929148
"2509","discretized_admit_age_quantile",4,939.408910331854,6.56476651507103,0.160755039401775,"Human betaherpesvirus 5 (CMV).nasal","comp_renal",0.558882893929148
"2510","trajectory_group",4,1018.41988202727,85.5757382104852,0.0000000000000000114503395731519,"Human betaherpesvirus 5 (CMV).nasal","comp_renal",0.558882893929148
"2511","<none>",NA,771.291615533022,NA,NA,"Human betaherpesvirus 5 (CMV).nasal","comp_liver",0.0572587021865888
"2512","binary",1,769.299218254011,0.00760272098932546,0.930517639623225,"Human betaherpesvirus 5 (CMV).nasal","comp_liver",0.0572587021865888
"2513","sex",1,772.382764110096,3.09114857707402,0.0787192252745561,"Human betaherpesvirus 5 (CMV).nasal","comp_liver",0.0572587021865888
"2514","discretized_admit_age_quantile",4,774.692157228597,11.4005416955749,0.0224128035319918,"Human betaherpesvirus 5 (CMV).nasal","comp_liver",0.0572587021865888
"2515","trajectory_group",4,766.414560950963,3.12294541794131,0.53746569786311,"Human betaherpesvirus 5 (CMV).nasal","comp_liver",0.0572587021865888
"2516","<none>",NA,358.386642216561,NA,NA,"Human betaherpesvirus 5 (CMV).nasal","comp_othlab",0.358294295902443
"2517","binary",1,356.48502338973,0.0983811731687751,0.753781006338522,"Human betaherpesvirus 5 (CMV).nasal","comp_othlab",0.358294295902443
"2518","sex",1,358.515655913329,2.12901369676752,0.144533730571679,"Human betaherpesvirus 5 (CMV).nasal","comp_othlab",0.358294295902443
"2519","discretized_admit_age_quantile",4,357.219662936478,6.83302071991631,0.144979853583463,"Human betaherpesvirus 5 (CMV).nasal","comp_othlab",0.358294295902443
"2520","trajectory_group",4,353.268222828859,2.88158061229763,0.577834130282264,"Human betaherpesvirus 5 (CMV).nasal","comp_othlab",0.358294295902443
"2521","<none>",NA,331.137889716092,NA,NA,"Human betaherpesvirus 5 (CMV).nasal","comp_electrolyte",1.74098953572922
"2522","binary",1,333.493091459602,4.35520174351018,0.0368960889265426,"Human betaherpesvirus 5 (CMV).nasal","comp_electrolyte",1.74098953572922
"2523","sex",1,329.1932666327,0.0553769166081111,0.813958041120819,"Human betaherpesvirus 5 (CMV).nasal","comp_electrolyte",1.74098953572922
"2524","discretized_admit_age_quantile",4,334.607979620173,11.4700899040809,0.0217591598449403,"Human betaherpesvirus 5 (CMV).nasal","comp_electrolyte",1.74098953572922
"2525","trajectory_group",4,331.519281377669,8.38139166157708,0.0785650707230981,"Human betaherpesvirus 5 (CMV).nasal","comp_electrolyte",1.74098953572922
"2526","<none>",NA,295.281066279837,NA,NA,"Human betaherpesvirus 5 (CMV).nasal","comp_othinf",1.72694292207447
"2527","binary",1,297.657514828071,4.37644854823401,0.0364388460613211,"Human betaherpesvirus 5 (CMV).nasal","comp_othinf",1.72694292207447
"2528","sex",1,293.302819873436,0.0217535935988735,0.882744486968786,"Human betaherpesvirus 5 (CMV).nasal","comp_othinf",1.72694292207447
"2529","discretized_admit_age_quantile",4,291.70586957924,4.42480329940287,0.351557212301274,"Human betaherpesvirus 5 (CMV).nasal","comp_othinf",1.72694292207447
"2530","trajectory_group",4,290.568910445038,3.28784416520091,0.510860545781435,"Human betaherpesvirus 5 (CMV).nasal","comp_othinf",1.72694292207447
"2531","<none>",NA,33.4025531473128,NA,NA,"Human betaherpesvirus 5 (CMV).nasal","comp_othpulm",-20.0819658010932
"2532","binary",1,31.45133848381,0.0487853364972395,0.82519052020882,"Human betaherpesvirus 5 (CMV).nasal","comp_othpulm",-20.0819658010932
"2533","sex",1,32.6482506976901,1.24569755037727,0.264375815627425,"Human betaherpesvirus 5 (CMV).nasal","comp_othpulm",-20.0819658010932
"2534","discretized_admit_age_quantile",4,28.1315058920919,2.72895274477906,0.604157845256216,"Human betaherpesvirus 5 (CMV).nasal","comp_othpulm",-20.0819658010932
"2535","trajectory_group",4,27.7809730752035,2.3784199278907,0.666530597787566,"Human betaherpesvirus 5 (CMV).nasal","comp_othpulm",-20.0819658010932
"2536","<none>",NA,154.185106271241,NA,NA,"Human betaherpesvirus 5 (CMV).nasal","comp_unddisease",1.91578132804819
"2537","binary",1,154.016112036395,1.83100576515395,0.176008795706295,"Human betaherpesvirus 5 (CMV).nasal","comp_unddisease",1.91578132804819
"2538","sex",1,153.01507329785,0.829967026609864,0.36228206377637,"Human betaherpesvirus 5 (CMV).nasal","comp_unddisease",1.91578132804819
"2539","discretized_admit_age_quantile",4,159.196972906202,13.0118666349615,0.0112179567792964,"Human betaherpesvirus 5 (CMV).nasal","comp_unddisease",1.91578132804819
"2540","trajectory_group",4,147.420189874274,1.23508360303362,0.872289241442812,"Human betaherpesvirus 5 (CMV).nasal","comp_unddisease",1.91578132804819
"2541","<none>",NA,221.781813369522,NA,NA,"Human betaherpesvirus 5 (CMV).nasal","comp_enceph",1.14990702152206
"2542","binary",1,221.274235864726,1.49242249520313,0.221840976137793,"Human betaherpesvirus 5 (CMV).nasal","comp_enceph",1.14990702152206
"2543","sex",1,220.575924868096,0.794111498573102,0.372859786928307,"Human betaherpesvirus 5 (CMV).nasal","comp_enceph",1.14990702152206
"2544","discretized_admit_age_quantile",4,220.82082154749,7.03900817796753,0.133841125106361,"Human betaherpesvirus 5 (CMV).nasal","comp_enceph",1.14990702152206
"2545","trajectory_group",4,221.831501685407,8.04968831588485,0.0897749121145365,"Human betaherpesvirus 5 (CMV).nasal","comp_enceph",1.14990702152206
"2546","<none>",NA,98.8508138035164,NA,NA,"Human betaherpesvirus 5 (CMV).nasal","comp_othneuro",-17.9499210248276
"2547","binary",1,97.067558848634,0.216745045117577,0.641531301705517,"Human betaherpesvirus 5 (CMV).nasal","comp_othneuro",-17.9499210248276
"2548","sex",1,96.854081101195,0.00326729767854772,0.954417517889684,"Human betaherpesvirus 5 (CMV).nasal","comp_othneuro",-17.9499210248276
"2549","discretized_admit_age_quantile",4,97.1982801886841,6.34746638516766,0.174658558143331,"Human betaherpesvirus 5 (CMV).nasal","comp_othneuro",-17.9499210248276
"2550","trajectory_group",4,92.7735553899108,1.92274158639435,0.749966170007568,"Human betaherpesvirus 5 (CMV).nasal","comp_othneuro",-17.9499210248276
"2551","<none>",NA,362.368986643152,NA,NA,"Human betaherpesvirus 5 (CMV).nasal","comp_hypergly",-16.334321274942
"2552","binary",1,362.204852242727,1.83586559957564,0.175436298307462,"Human betaherpesvirus 5 (CMV).nasal","comp_hypergly",-16.334321274942
"2553","sex",1,360.42723183355,0.058245190397713,0.809291298646025,"Human betaherpesvirus 5 (CMV).nasal","comp_hypergly",-16.334321274942
"2554","discretized_admit_age_quantile",4,370.13765034938,15.7686637062286,0.00334582294325784,"Human betaherpesvirus 5 (CMV).nasal","comp_hypergly",-16.334321274942
"2555","trajectory_group",4,360.892029521802,6.52304287865064,0.163344273622947,"Human betaherpesvirus 5 (CMV).nasal","comp_hypergly",-16.334321274942
"2556","<none>",NA,55.1559949330818,NA,NA,"Human betaherpesvirus 5 (CMV).nasal","comp_psych",-15.7721493664809
"2557","binary",1,53.1659788969889,0.0099839639070467,0.920408006920962,"Human betaherpesvirus 5 (CMV).nasal","comp_psych",-15.7721493664809
"2558","sex",1,55.3611525730029,2.20515763992106,0.137549832222664,"Human betaherpesvirus 5 (CMV).nasal","comp_psych",-15.7721493664809
"2559","discretized_admit_age_quantile",4,50.9460063206068,3.79001138752502,0.435169958074783,"Human betaherpesvirus 5 (CMV).nasal","comp_psych",-15.7721493664809
"2560","trajectory_group",4,49.12165860864,1.96566367555822,0.742074383329649,"Human betaherpesvirus 5 (CMV).nasal","comp_psych",-15.7721493664809
"2561","<none>",NA,123.792758895528,NA,NA,"Human betaherpesvirus 5 (CMV).nasal","comp_gastroent",-16.2597312123449
"2562","binary",1,121.905683828344,0.112924932816099,0.736838401467529,"Human betaherpesvirus 5 (CMV).nasal","comp_gastroent",-16.2597312123449
"2563","sex",1,123.864075865158,2.07131696962972,0.150091864907487,"Human betaherpesvirus 5 (CMV).nasal","comp_gastroent",-16.2597312123449
"2564","discretized_admit_age_quantile",4,117.978483847763,2.18572495223543,0.701643568275765,"Human betaherpesvirus 5 (CMV).nasal","comp_gastroent",-16.2597312123449
"2565","trajectory_group",4,121.694682148268,5.90192325274016,0.206593408516537,"Human betaherpesvirus 5 (CMV).nasal","comp_gastroent",-16.2597312123449
"2566","<none>",NA,31.6064145945737,NA,NA,"Human betaherpesvirus 5 (CMV).nasal","comp_pulmvas",-0.110981072218449
"2567","binary",1,29.606414594574,0.00000000000028421709430404,0.999999574631663,"Human betaherpesvirus 5 (CMV).nasal","comp_pulmvas",-0.110981072218449
"2568","sex",1,31.8039113326557,2.19749673808196,0.138235061972898,"Human betaherpesvirus 5 (CMV).nasal","comp_pulmvas",-0.110981072218449
"2569","discretized_admit_age_quantile",4,26.6745672461921,3.06815265161836,0.546485707946239,"Human betaherpesvirus 5 (CMV).nasal","comp_pulmvas",-0.110981072218449
"2570","trajectory_group",4,27.0486994676888,3.44228487311507,0.486708143120002,"Human betaherpesvirus 5 (CMV).nasal","comp_pulmvas",-0.110981072218449
"2571","<none>",NA,206.875067388263,NA,NA,"Human betaherpesvirus 5 (CMV).nasal","comp_other2",-15.6539205961541
"2572","binary",1,205.856437108771,0.981369720507331,0.321860878045,"Human betaherpesvirus 5 (CMV).nasal","comp_other2",-15.6539205961541
"2573","sex",1,204.877945319706,0.00287793144275383,0.957216923430246,"Human betaherpesvirus 5 (CMV).nasal","comp_other2",-15.6539205961541
"2574","discretized_admit_age_quantile",4,201.122906899132,2.24783951086894,0.690281058826155,"Human betaherpesvirus 5 (CMV).nasal","comp_other2",-15.6539205961541
"2575","trajectory_group",4,202.476682342539,3.60161495427593,0.462596675002862,"Human betaherpesvirus 5 (CMV).nasal","comp_other2",-15.6539205961541
"2576","<none>",NA,1377.83238332636,NA,NA,"Human betaherpesvirus 5 (CMV).pbmc","comorb_htn",-0.0107713511732753
"2577","binary",1,1375.83329197412,0.000908647760297754,0.975952381384959,"Human betaherpesvirus 5 (CMV).pbmc","comorb_htn",-0.0107713511732753
"2578","sex",1,1375.99268630117,0.160302974809838,0.688877728379184,"Human betaherpesvirus 5 (CMV).pbmc","comorb_htn",-0.0107713511732753
"2579","discretized_admit_age_quantile",4,1496.9768191501,127.144435823742,0.0000000000000000000000000158848186935833,"Human betaherpesvirus 5 (CMV).pbmc","comorb_htn",-0.0107713511732753
"2580","trajectory_group",4,1373.62362530676,3.79124198040108,0.434994714826544,"Human betaherpesvirus 5 (CMV).pbmc","comorb_htn",-0.0107713511732753
"2581","<none>",NA,1406.56995280988,NA,NA,"Human betaherpesvirus 5 (CMV).pbmc","comorb_isaric_dm",-0.0719970254656413
"2582","binary",1,1404.61413531354,0.0441825036607497,0.833514431723738,"Human betaherpesvirus 5 (CMV).pbmc","comorb_isaric_dm",-0.0719970254656413
"2583","sex",1,1416.67922487677,12.1092720668901,0.000501717176432333,"Human betaherpesvirus 5 (CMV).pbmc","comorb_isaric_dm",-0.0719970254656413
"2584","discretized_admit_age_quantile",4,1441.447056602,42.877103792124,0.0000000109736230337588,"Human betaherpesvirus 5 (CMV).pbmc","comorb_isaric_dm",-0.0719970254656413
"2585","trajectory_group",4,1409.70855180672,11.1385989968376,0.0250497284243848,"Human betaherpesvirus 5 (CMV).pbmc","comorb_isaric_dm",-0.0719970254656413
"2586","<none>",NA,1055.53565235169,NA,NA,"Human betaherpesvirus 5 (CMV).pbmc","comorb_anyresp_noasthma",-0.209535796269901
"2587","binary",1,1053.77798837308,0.242336021396568,0.622523984727871,"Human betaherpesvirus 5 (CMV).pbmc","comorb_anyresp_noasthma",-0.209535796269901
"2588","sex",1,1053.99190570094,0.456253349254666,0.499380200751709,"Human betaherpesvirus 5 (CMV).pbmc","comorb_anyresp_noasthma",-0.209535796269901
"2589","discretized_admit_age_quantile",4,1089.15046491387,41.6148125621853,0.0000000200475951840877,"Human betaherpesvirus 5 (CMV).pbmc","comorb_anyresp_noasthma",-0.209535796269901
"2590","trajectory_group",4,1064.62189424722,17.0862418955373,0.00185977387275338,"Human betaherpesvirus 5 (CMV).pbmc","comorb_anyresp_noasthma",-0.209535796269901
"2591","<none>",NA,910.180678294875,NA,NA,"Human betaherpesvirus 5 (CMV).pbmc","comorb_isaric_asthma",0.104843816161243
"2592","binary",1,908.234869258261,0.0541909633866453,0.815924846607089,"Human betaherpesvirus 5 (CMV).pbmc","comorb_isaric_asthma",0.104843816161243
"2593","sex",1,934.739805476433,26.5591271815587,0.000000255594322641248,"Human betaherpesvirus 5 (CMV).pbmc","comorb_isaric_asthma",0.104843816161243
"2594","discretized_admit_age_quantile",4,913.111303132215,10.9306248373404,0.0273548596274304,"Human betaherpesvirus 5 (CMV).pbmc","comorb_isaric_asthma",0.104843816161243
"2595","trajectory_group",4,905.718617379105,3.53793908423052,0.472133120792332,"Human betaherpesvirus 5 (CMV).pbmc","comorb_isaric_asthma",0.104843816161243
"2596","<none>",NA,1182.04555361539,NA,NA,"Human betaherpesvirus 5 (CMV).pbmc","comorb_isaric_cardiac",0.0908315347948878
"2597","binary",1,1180.09883006559,0.0532764501940619,0.817457036488179,"Human betaherpesvirus 5 (CMV).pbmc","comorb_isaric_cardiac",0.0908315347948878
"2598","sex",1,1184.4263966369,4.38084302150219,0.0363450172368135,"Human betaherpesvirus 5 (CMV).pbmc","comorb_isaric_cardiac",0.0908315347948878
"2599","discretized_admit_age_quantile",4,1255.82270415714,81.7771505417486,0.0000000000000000731834663705429,"Human betaherpesvirus 5 (CMV).pbmc","comorb_isaric_cardiac",0.0908315347948878
"2600","trajectory_group",4,1182.11188189111,8.06632827572139,0.089178500140149,"Human betaherpesvirus 5 (CMV).pbmc","comorb_isaric_cardiac",0.0908315347948878
"2601","<none>",NA,918.059700780564,NA,NA,"Human betaherpesvirus 5 (CMV).pbmc","comorb_isaric_ckd",0.342625699527525
"2602","binary",1,916.619319071389,0.559618290824687,0.454414079873768,"Human betaherpesvirus 5 (CMV).pbmc","comorb_isaric_ckd",0.342625699527525
"2603","sex",1,923.236594720505,7.1768939399409,0.00738484469297755,"Human betaherpesvirus 5 (CMV).pbmc","comorb_isaric_ckd",0.342625699527525
"2604","discretized_admit_age_quantile",4,929.107207542006,19.0475067614417,0.000769231608958343,"Human betaherpesvirus 5 (CMV).pbmc","comorb_isaric_ckd",0.342625699527525
"2605","trajectory_group",4,918.947801741022,8.88810096045768,0.06395809838039,"Human betaherpesvirus 5 (CMV).pbmc","comorb_isaric_ckd",0.342625699527525
"2606","<none>",NA,666.000771005997,NA,NA,"Human betaherpesvirus 5 (CMV).pbmc","comorb_isaric_neoplasm",-0.444771685845602
"2607","binary",1,664.529730622774,0.52895961677666,0.467044586851742,"Human betaherpesvirus 5 (CMV).pbmc","comorb_isaric_neoplasm",-0.444771685845602
"2608","sex",1,664.017138882501,0.016367876503864,0.898198828212485,"Human betaherpesvirus 5 (CMV).pbmc","comorb_isaric_neoplasm",-0.444771685845602
"2609","discretized_admit_age_quantile",4,686.778227417816,28.7774564118187,0.00000867475999179523,"Human betaherpesvirus 5 (CMV).pbmc","comorb_isaric_neoplasm",-0.444771685845602
"2610","trajectory_group",4,659.273083308404,1.27231230240704,0.866055338984363,"Human betaherpesvirus 5 (CMV).pbmc","comorb_isaric_neoplasm",-0.444771685845602
"2611","<none>",NA,771.909120966264,NA,NA,"Human betaherpesvirus 5 (CMV).pbmc","comorb_neuro",-1.94689484527324
"2612","binary",1,776.17855072233,6.26942975606607,0.0122838670221207,"Human betaherpesvirus 5 (CMV).pbmc","comorb_neuro",-1.94689484527324
"2613","sex",1,771.578317256681,1.66919629041752,0.196366219314073,"Human betaherpesvirus 5 (CMV).pbmc","comorb_neuro",-1.94689484527324
"2614","discretized_admit_age_quantile",4,798.296748795383,34.3876278291193,0.000000620504938729996,"Human betaherpesvirus 5 (CMV).pbmc","comorb_neuro",-1.94689484527324
"2615","trajectory_group",4,765.329339105194,1.42021813893007,0.840673504217911,"Human betaherpesvirus 5 (CMV).pbmc","comorb_neuro",-1.94689484527324
"2616","<none>",NA,445.961431809977,NA,NA,"Human betaherpesvirus 5 (CMV).pbmc","comorb_isaric_liver",0.71543298292987
"2617","binary",1,445.310513324842,1.34908151486502,0.24543875179985,"Human betaherpesvirus 5 (CMV).pbmc","comorb_isaric_liver",0.71543298292987
"2618","sex",1,444.050030855884,0.0885990459069035,0.765965790947952,"Human betaherpesvirus 5 (CMV).pbmc","comorb_isaric_liver",0.71543298292987
"2619","discretized_admit_age_quantile",4,446.130918478621,8.16948666864459,0.0855633038444907,"Human betaherpesvirus 5 (CMV).pbmc","comorb_isaric_liver",0.71543298292987
"2620","trajectory_group",4,440.089579239931,2.1281474299542,0.712203101469398,"Human betaherpesvirus 5 (CMV).pbmc","comorb_isaric_liver",0.71543298292987
"2621","<none>",NA,385.119624495333,NA,NA,"Human betaherpesvirus 5 (CMV).pbmc","comorb_hxtrans",-0.0128354718214558
"2622","binary",1,383.119874143079,0.000249647746102255,0.987393752877914,"Human betaherpesvirus 5 (CMV).pbmc","comorb_hxtrans",-0.0128354718214558
"2623","sex",1,384.580257380028,1.46063288469509,0.22682944902933,"Human betaherpesvirus 5 (CMV).pbmc","comorb_hxtrans",-0.0128354718214558
"2624","discretized_admit_age_quantile",4,397.089151654349,19.9695271590156,0.000506364194284568,"Human betaherpesvirus 5 (CMV).pbmc","comorb_hxtrans",-0.0128354718214558
"2625","trajectory_group",4,382.069941865161,4.95031736982844,0.292433338099809,"Human betaherpesvirus 5 (CMV).pbmc","comorb_hxtrans",-0.0128354718214558
"2626","<none>",NA,204.467683814308,NA,NA,"Human betaherpesvirus 5 (CMV).pbmc","comorb_hiv2",0.888783406178651
"2627","binary",1,203.006663413796,0.538979599488158,0.462855921388092,"Human betaherpesvirus 5 (CMV).pbmc","comorb_hiv2",0.888783406178651
"2628","sex",1,202.626882010915,0.159198196607719,0.689895792794859,"Human betaherpesvirus 5 (CMV).pbmc","comorb_hiv2",0.888783406178651
"2629","discretized_admit_age_quantile",4,210.570698697633,14.1030148833248,0.00697342970912345,"Human betaherpesvirus 5 (CMV).pbmc","comorb_hiv2",0.888783406178651
"2630","trajectory_group",4,201.23542997536,4.76774616105274,0.311968784692508,"Human betaherpesvirus 5 (CMV).pbmc","comorb_hiv2",0.888783406178651
"2631","<none>",NA,1317.22006935404,NA,NA,"Human betaherpesvirus 5 (CMV).pbmc","comorb_eversmkvape",-0.301285975159203
"2632","binary",1,1315.86172596941,0.6416566153639,0.423111548675045,"Human betaherpesvirus 5 (CMV).pbmc","comorb_eversmkvape",-0.301285975159203
"2633","sex",1,1331.63327119947,16.4132018454259,0.0000509292803172133,"Human betaherpesvirus 5 (CMV).pbmc","comorb_eversmkvape",-0.301285975159203
"2634","discretized_admit_age_quantile",4,1362.65384003264,53.4337706785968,0.0000000000691430525049154,"Human betaherpesvirus 5 (CMV).pbmc","comorb_eversmkvape",-0.301285975159203
"2635","trajectory_group",4,1312.44007149834,3.22000214429477,0.521706327698735,"Human betaherpesvirus 5 (CMV).pbmc","comorb_eversmkvape",-0.301285975159203
"2636","<none>",NA,575.232824570017,NA,NA,"Human betaherpesvirus 5 (CMV).pbmc","comorb_anysubstance",-0.394310344927687
"2637","binary",1,573.531376348885,0.298551778868386,0.584791752903232,"Human betaherpesvirus 5 (CMV).pbmc","comorb_anysubstance",-0.394310344927687
"2638","sex",1,581.084622923666,7.85179835364863,0.00507701801553159,"Human betaherpesvirus 5 (CMV).pbmc","comorb_anysubstance",-0.394310344927687
"2639","discretized_admit_age_quantile",4,581.475704845732,14.2428802757147,0.00655889823226304,"Human betaherpesvirus 5 (CMV).pbmc","comorb_anysubstance",-0.394310344927687
"2640","trajectory_group",4,571.386685376584,4.15386080656663,0.385583338845812,"Human betaherpesvirus 5 (CMV).pbmc","comorb_anysubstance",-0.394310344927687
"2641","<none>",NA,485.379587165647,NA,NA,"Human betaherpesvirus 5 (CMV).pbmc","comorb_count",-0.704736641084866
"2642","binary",1,484.665101302855,1.28551413720868,0.256876286746705,"Human betaherpesvirus 5 (CMV).pbmc","comorb_count",-0.704736641084866
"2643","sex",1,495.107582305296,11.727995139649,0.000615668819811457,"Human betaherpesvirus 5 (CMV).pbmc","comorb_count",-0.704736641084866
"2644","discretized_admit_age_quantile",4,484.959257366724,7.57967020107719,0.108247055273775,"Human betaherpesvirus 5 (CMV).pbmc","comorb_count",-0.704736641084866
"2645","trajectory_group",4,479.866372326258,2.48678516061125,0.647003667889398,"Human betaherpesvirus 5 (CMV).pbmc","comorb_count",-0.704736641084866
"2646","<none>",NA,485.379587165647,NA,NA,"Human betaherpesvirus 5 (CMV).pbmc","comorb_countcat",-0.704736641084866
"2647","binary",1,484.665101302855,1.28551413720868,0.256876286746705,"Human betaherpesvirus 5 (CMV).pbmc","comorb_countcat",-0.704736641084866
"2648","sex",1,495.107582305296,11.727995139649,0.000615668819811457,"Human betaherpesvirus 5 (CMV).pbmc","comorb_countcat",-0.704736641084866
"2649","discretized_admit_age_quantile",4,484.959257366724,7.57967020107719,0.108247055273775,"Human betaherpesvirus 5 (CMV).pbmc","comorb_countcat",-0.704736641084866
"2650","trajectory_group",4,479.866372326258,2.48678516061125,0.647003667889398,"Human betaherpesvirus 5 (CMV).pbmc","comorb_countcat",-0.704736641084866
"2651","<none>",NA,1132.89924157895,NA,NA,"Human betaherpesvirus 5 (CMV).pbmc","timesymptomcat",0.853692583106802
"2652","binary",1,1133.8912999366,2.99205835764792,0.08367374761423,"Human betaherpesvirus 5 (CMV).pbmc","timesymptomcat",0.853692583106802
"2653","sex",1,1132.31133416607,1.41209258712047,0.234709322300256,"Human betaherpesvirus 5 (CMV).pbmc","timesymptomcat",0.853692583106802
"2654","discretized_admit_age_quantile",4,1126.60800475486,1.70876317590523,0.789125172859658,"Human betaherpesvirus 5 (CMV).pbmc","timesymptomcat",0.853692583106802
"2655","trajectory_group",4,1128.42014933468,3.52090775573106,0.474706403874471,"Human betaherpesvirus 5 (CMV).pbmc","timesymptomcat",0.853692583106802
"2656","<none>",NA,852.557517938428,NA,NA,"Human betaherpesvirus 5 (CMV).pbmc","symptom_allresp",-1.07128309309886
"2657","binary",1,856.646998565199,6.08948062677177,0.0135989055498294,"Human betaherpesvirus 5 (CMV).pbmc","symptom_allresp",-1.07128309309886
"2658","sex",1,850.826074461844,0.268556523416351,0.604301716154089,"Human betaherpesvirus 5 (CMV).pbmc","symptom_allresp",-1.07128309309886
"2659","discretized_admit_age_quantile",4,854.491014346503,9.93349640807537,0.0415629507932591,"Human betaherpesvirus 5 (CMV).pbmc","symptom_allresp",-1.07128309309886
"2660","trajectory_group",4,861.086597765719,16.529079827291,0.00238550195450998,"Human betaherpesvirus 5 (CMV).pbmc","symptom_allresp",-1.07128309309886
"2661","<none>",NA,1466.73451748204,NA,NA,"Human betaherpesvirus 5 (CMV).pbmc","symptom_cough",-0.592559566271608
"2662","binary",1,1467.82167656314,3.08715908110617,0.0789124698176876,"Human betaherpesvirus 5 (CMV).pbmc","symptom_cough",-0.592559566271608
"2663","sex",1,1464.74962253123,0.0151050491890601,0.90218422640631,"Human betaherpesvirus 5 (CMV).pbmc","symptom_cough",-0.592559566271608
"2664","discretized_admit_age_quantile",4,1466.26031003511,7.52579255307319,0.110577313624087,"Human betaherpesvirus 5 (CMV).pbmc","symptom_cough",-0.592559566271608
"2665","trajectory_group",4,1463.95284619119,5.21832870914773,0.26562012570674,"Human betaherpesvirus 5 (CMV).pbmc","symptom_cough",-0.592559566271608
"2666","<none>",NA,902.291651773389,NA,NA,"Human betaherpesvirus 5 (CMV).pbmc","symptom_cough_prod",-1.75346112886551
"2667","binary",1,905.527082456773,5.23543068338358,0.0221313283627788,"Human betaherpesvirus 5 (CMV).pbmc","symptom_cough_prod",-1.75346112886551
"2668","sex",1,900.718344855939,0.426693082549264,0.513616079572053,"Human betaherpesvirus 5 (CMV).pbmc","symptom_cough_prod",-1.75346112886551
"2669","discretized_admit_age_quantile",4,898.960453333832,4.66880156044249,0.322998437545078,"Human betaherpesvirus 5 (CMV).pbmc","symptom_cough_prod",-1.75346112886551
"2670","trajectory_group",4,899.60131044321,5.30965866982035,0.256974110531276,"Human betaherpesvirus 5 (CMV).pbmc","symptom_cough_prod",-1.75346112886551
"2671","<none>",NA,252.584950741008,NA,NA,"Human betaherpesvirus 5 (CMV).pbmc","symptom_haemoptysis",-15.414502382187
"2672","binary",1,251.973812605211,1.38886186420265,0.238597397553477,"Human betaherpesvirus 5 (CMV).pbmc","symptom_haemoptysis",-15.414502382187
"2673","sex",1,251.473734798848,0.888784057839757,0.345807029496662,"Human betaherpesvirus 5 (CMV).pbmc","symptom_haemoptysis",-15.414502382187
"2674","discretized_admit_age_quantile",4,245.916801387791,1.33185064678341,0.85594889686531,"Human betaherpesvirus 5 (CMV).pbmc","symptom_haemoptysis",-15.414502382187
"2675","trajectory_group",4,248.322047424324,3.73709668331549,0.442753434943268,"Human betaherpesvirus 5 (CMV).pbmc","symptom_haemoptysis",-15.414502382187
"2676","<none>",NA,657.479272739093,NA,NA,"Human betaherpesvirus 5 (CMV).pbmc","symptom_sorethroat",-0.227672130471696
"2677","binary",1,655.615678718553,0.136405979459482,0.711880424509621,"Human betaherpesvirus 5 (CMV).pbmc","symptom_sorethroat",-0.227672130471696
"2678","sex",1,656.686604889294,1.20733215020061,0.271861127070491,"Human betaherpesvirus 5 (CMV).pbmc","symptom_sorethroat",-0.227672130471696
"2679","discretized_admit_age_quantile",4,651.269376872132,1.79010413303877,0.774292358442232,"Human betaherpesvirus 5 (CMV).pbmc","symptom_sorethroat",-0.227672130471696
"2680","trajectory_group",4,652.029372167474,2.55009942838092,0.635687740901088,"Human betaherpesvirus 5 (CMV).pbmc","symptom_sorethroat",-0.227672130471696
"2681","<none>",NA,426.836561444448,NA,NA,"Human betaherpesvirus 5 (CMV).pbmc","symptom_rhinorrhea",-0.610867289225774
"2682","binary",1,425.244472320565,0.407910876116944,0.523031771135915,"Human betaherpesvirus 5 (CMV).pbmc","symptom_rhinorrhea",-0.610867289225774
"2683","sex",1,424.928232586717,0.0916711422693197,0.762063298130985,"Human betaherpesvirus 5 (CMV).pbmc","symptom_rhinorrhea",-0.610867289225774
"2684","discretized_admit_age_quantile",4,424.857320603085,6.02075915863674,0.197603321559984,"Human betaherpesvirus 5 (CMV).pbmc","symptom_rhinorrhea",-0.610867289225774
"2685","trajectory_group",4,427.027823433053,8.19126198860488,0.0848180004285552,"Human betaherpesvirus 5 (CMV).pbmc","symptom_rhinorrhea",-0.610867289225774
"2686","<none>",NA,467.019956960877,NA,NA,"Human betaherpesvirus 5 (CMV).pbmc","symptom_wheeze",-0.199078165957865
"2687","binary",1,465.09327647138,0.0733195105031541,0.786563506764925,"Human betaherpesvirus 5 (CMV).pbmc","symptom_wheeze",-0.199078165957865
"2688","sex",1,465.548126317461,0.528169356584442,0.467377518365455,"Human betaherpesvirus 5 (CMV).pbmc","symptom_wheeze",-0.199078165957865
"2689","discretized_admit_age_quantile",4,468.469069864196,9.44911290331862,0.0508034313248982,"Human betaherpesvirus 5 (CMV).pbmc","symptom_wheeze",-0.199078165957865
"2690","trajectory_group",4,461.006529339979,1.98657237910226,0.738228736561511,"Human betaherpesvirus 5 (CMV).pbmc","symptom_wheeze",-0.199078165957865
"2691","<none>",NA,1061.89139998413,NA,NA,"Human betaherpesvirus 5 (CMV).pbmc","symptom_chestpain",-1.14409140169545
"2692","binary",1,1064.35987288133,4.46847289720017,0.0345258362605703,"Human betaherpesvirus 5 (CMV).pbmc","symptom_chestpain",-1.14409140169545
"2693","sex",1,1060.42463132984,0.533231345715876,0.465251493903523,"Human betaherpesvirus 5 (CMV).pbmc","symptom_chestpain",-1.14409140169545
"2694","discretized_admit_age_quantile",4,1079.11146745953,25.2200674754044,0.0000454350628214607,"Human betaherpesvirus 5 (CMV).pbmc","symptom_chestpain",-1.14409140169545
"2695","trajectory_group",4,1056.32039716684,2.42899718271224,0.657393448829051,"Human betaherpesvirus 5 (CMV).pbmc","symptom_chestpain",-1.14409140169545
"2696","<none>",NA,1269.56623579498,NA,NA,"Human betaherpesvirus 5 (CMV).pbmc","symptom_dyspnea",-0.641977556665404
"2697","binary",1,1270.63821331247,3.07197751748754,0.0796525247195595,"Human betaherpesvirus 5 (CMV).pbmc","symptom_dyspnea",-0.641977556665404
"2698","sex",1,1267.5810324617,0.0147966667225319,0.903182905550829,"Human betaherpesvirus 5 (CMV).pbmc","symptom_dyspnea",-0.641977556665404
"2699","discretized_admit_age_quantile",4,1289.63549662971,28.0692608347331,0.0000120761976061085,"Human betaherpesvirus 5 (CMV).pbmc","symptom_dyspnea",-0.641977556665404
"2700","trajectory_group",4,1291.54929569751,29.9830599025304,0.00000493345626672834,"Human betaherpesvirus 5 (CMV).pbmc","symptom_dyspnea",-0.641977556665404
"2701","<none>",NA,31.6064145896294,NA,NA,"Human betaherpesvirus 5 (CMV).pbmc","symptom_chestwall",-22.136393720841
"2702","binary",1,29.8352979273589,0.228883337729563,0.632353055640247,"Human betaherpesvirus 5 (CMV).pbmc","symptom_chestwall",-22.136393720841
"2703","sex",1,32.2628228567669,2.65640826713755,0.103133381998958,"Human betaherpesvirus 5 (CMV).pbmc","symptom_chestwall",-22.136393720841
"2704","discretized_admit_age_quantile",4,26.0192110925913,2.41279650296196,0.6603159701305,"Human betaherpesvirus 5 (CMV).pbmc","symptom_chestwall",-22.136393720841
"2705","trajectory_group",4,27.2003068754181,3.59389228578869,0.463746142028461,"Human betaherpesvirus 5 (CMV).pbmc","symptom_chestwall",-22.136393720841
"2706","<none>",NA,57.1861488507467,NA,NA,"Human betaherpesvirus 5 (CMV).pbmc","symptom_earpain",2.40340012529606
"2707","binary",1,57.6070131719051,2.42086432115846,0.119728853687883,"Human betaherpesvirus 5 (CMV).pbmc","symptom_earpain",2.40340012529606
"2708","sex",1,55.9932155390543,0.8070666883076,0.368988908727365,"Human betaherpesvirus 5 (CMV).pbmc","symptom_earpain",2.40340012529606
"2709","discretized_admit_age_quantile",4,51.8315008328176,2.64535198207091,0.618810603001061,"Human betaherpesvirus 5 (CMV).pbmc","symptom_earpain",2.40340012529606
"2710","trajectory_group",4,50.963103957466,1.77695510671931,0.776695749391971,"Human betaherpesvirus 5 (CMV).pbmc","symptom_earpain",2.40340012529606
"2711","<none>",NA,42.8535383088763,NA,NA,"Human betaherpesvirus 5 (CMV).pbmc","symptom_conjunctivitis",-18.2185576650478
"2712","binary",1,40.8908844051493,0.0373460962730263,0.846762100818924,"Human betaherpesvirus 5 (CMV).pbmc","symptom_conjunctivitis",-18.2185576650478
"2713","sex",1,40.9232392581537,0.0697009492774328,0.791772695954381,"Human betaherpesvirus 5 (CMV).pbmc","symptom_conjunctivitis",-18.2185576650478
"2714","discretized_admit_age_quantile",4,42.4089263061698,7.55538799729348,0.10929157200407,"Human betaherpesvirus 5 (CMV).pbmc","symptom_conjunctivitis",-18.2185576650478
"2715","trajectory_group",4,36.9589583405608,2.10542003168452,0.716376697343197,"Human betaherpesvirus 5 (CMV).pbmc","symptom_conjunctivitis",-18.2185576650478
"2716","<none>",NA,1270.08830018846,NA,NA,"Human betaherpesvirus 5 (CMV).pbmc","symptom_allsyst",-0.786428397322812
"2717","binary",1,1273.23950981881,5.15120963035065,0.0232301850529205,"Human betaherpesvirus 5 (CMV).pbmc","symptom_allsyst",-0.786428397322812
"2718","sex",1,1268.79264500322,0.704344814761726,0.401327613367632,"Human betaherpesvirus 5 (CMV).pbmc","symptom_allsyst",-0.786428397322812
"2719","discretized_admit_age_quantile",4,1277.38840742197,15.3001072335144,0.00411758646243291,"Human betaherpesvirus 5 (CMV).pbmc","symptom_allsyst",-0.786428397322812
"2720","trajectory_group",4,1272.43395387975,10.3456536912888,0.0349908054685799,"Human betaherpesvirus 5 (CMV).pbmc","symptom_allsyst",-0.786428397322812
"2721","<none>",NA,1474.16058957539,NA,NA,"Human betaherpesvirus 5 (CMV).pbmc","symptom_fever",-0.676058042022371
"2722","binary",1,1475.81872114514,3.65813156975491,0.0557961713082213,"Human betaherpesvirus 5 (CMV).pbmc","symptom_fever",-0.676058042022371
"2723","sex",1,1472.80322439981,0.642634824423567,0.422758296513164,"Human betaherpesvirus 5 (CMV).pbmc","symptom_fever",-0.676058042022371
"2724","discretized_admit_age_quantile",4,1501.05911367937,34.898524103982,0.000000487372226920757,"Human betaherpesvirus 5 (CMV).pbmc","symptom_fever",-0.676058042022371
"2725","trajectory_group",4,1470.19816863886,4.03757906347664,0.400943965637102,"Human betaherpesvirus 5 (CMV).pbmc","symptom_fever",-0.676058042022371
"2726","<none>",NA,1198.75965108822,NA,NA,"Human betaherpesvirus 5 (CMV).pbmc","symptom_chills",-0.279459384953852
"2727","binary",1,1197.18004995222,0.420398864007439,0.516738085968484,"Human betaherpesvirus 5 (CMV).pbmc","symptom_chills",-0.279459384953852
"2728","sex",1,1196.88025686188,0.120605773660827,0.72837840566833,"Human betaherpesvirus 5 (CMV).pbmc","symptom_chills",-0.279459384953852
"2729","discretized_admit_age_quantile",4,1206.63319455233,15.8735434641146,0.00319362925339771,"Human betaherpesvirus 5 (CMV).pbmc","symptom_chills",-0.279459384953852
"2730","trajectory_group",4,1201.41892057417,10.6592694859537,0.0306723951088794,"Human betaherpesvirus 5 (CMV).pbmc","symptom_chills",-0.279459384953852
"2731","<none>",NA,154.136294039438,NA,NA,"Human betaherpesvirus 5 (CMV).pbmc","symptom_shaking",-17.0078382602707
"2732","binary",1,153.077516307139,0.941222267701249,0.331963703800762,"Human betaherpesvirus 5 (CMV).pbmc","symptom_shaking",-17.0078382602707
"2733","sex",1,152.467917376697,0.331623337259174,0.564704768169046,"Human betaherpesvirus 5 (CMV).pbmc","symptom_shaking",-17.0078382602707
"2734","discretized_admit_age_quantile",4,150.75229795358,4.61600391414291,0.329013140497512,"Human betaherpesvirus 5 (CMV).pbmc","symptom_shaking",-17.0078382602707
"2735","trajectory_group",4,148.689988498432,2.55369445899441,0.635047463284362,"Human betaherpesvirus 5 (CMV).pbmc","symptom_shaking",-17.0078382602707
"2736","<none>",NA,1481.34242175424,NA,NA,"Human betaherpesvirus 5 (CMV).pbmc","symptom_fatigue",-0.735962778511358
"2737","binary",1,1483.44515887399,4.10273711975174,0.0428138488045968,"Human betaherpesvirus 5 (CMV).pbmc","symptom_fatigue",-0.735962778511358
"2738","sex",1,1480.08305456968,0.740632815448407,0.38945824015569,"Human betaherpesvirus 5 (CMV).pbmc","symptom_fatigue",-0.735962778511358
"2739","discretized_admit_age_quantile",4,1480.5286932695,7.18627151526698,0.126366003231927,"Human betaherpesvirus 5 (CMV).pbmc","symptom_fatigue",-0.735962778511358
"2740","trajectory_group",4,1481.10486211399,7.76244035975242,0.10067830399019,"Human betaherpesvirus 5 (CMV).pbmc","symptom_fatigue",-0.735962778511358
"2741","<none>",NA,1167.39660232577,NA,NA,"Human betaherpesvirus 5 (CMV).pbmc","symptom_myalgia",-1.28024258116874
"2742","binary",1,1171.28547079275,5.88886846698051,0.0152368877491144,"Human betaherpesvirus 5 (CMV).pbmc","symptom_myalgia",-1.28024258116874
"2743","sex",1,1166.32206763667,0.925465310901018,0.336044040098722,"Human betaherpesvirus 5 (CMV).pbmc","symptom_myalgia",-1.28024258116874
"2744","discretized_admit_age_quantile",4,1170.00652021573,10.6099178899683,0.0313161140795943,"Human betaherpesvirus 5 (CMV).pbmc","symptom_myalgia",-1.28024258116874
"2745","trajectory_group",4,1175.36800503867,15.9714027129,0.00305777796914697,"Human betaherpesvirus 5 (CMV).pbmc","symptom_myalgia",-1.28024258116874
"2746","<none>",NA,74.616946726041,NA,NA,"Human betaherpesvirus 5 (CMV).pbmc","symptom_lymphadenopathy",-17.9344413342972
"2747","binary",1,73.071993992222,0.455047266181055,0.499947782442998,"Human betaherpesvirus 5 (CMV).pbmc","symptom_lymphadenopathy",-17.9344413342972
"2748","sex",1,73.2158473732898,0.59890064724884,0.438997786630194,"Human betaherpesvirus 5 (CMV).pbmc","symptom_lymphadenopathy",-17.9344413342972
"2749","discretized_admit_age_quantile",4,70.8335727218285,4.2166259957875,0.377481822682832,"Human betaherpesvirus 5 (CMV).pbmc","symptom_lymphadenopathy",-17.9344413342972
"2750","trajectory_group",4,69.2114414804061,2.59449475436514,0.6277986634588,"Human betaherpesvirus 5 (CMV).pbmc","symptom_lymphadenopathy",-17.9344413342972
"2751","<none>",NA,1358.30283372773,NA,NA,"Human betaherpesvirus 5 (CMV).pbmc","symptom_allneuro",-1.24259800139278
"2752","binary",1,1364.63023250429,8.32739877655945,0.00390515363484659,"Human betaherpesvirus 5 (CMV).pbmc","symptom_allneuro",-1.24259800139278
"2753","sex",1,1356.32429484279,0.0214611150590827,0.883529747591902,"Human betaherpesvirus 5 (CMV).pbmc","symptom_allneuro",-1.24259800139278
"2754","discretized_admit_age_quantile",4,1354.1128514833,3.81001775557388,0.432327259906692,"Human betaherpesvirus 5 (CMV).pbmc","symptom_allneuro",-1.24259800139278
"2755","trajectory_group",4,1353.4420001433,3.13916641557512,0.534812266187162,"Human betaherpesvirus 5 (CMV).pbmc","symptom_allneuro",-1.24259800139278
"2756","<none>",NA,993.988975291136,NA,NA,"Human betaherpesvirus 5 (CMV).pbmc","symptom_headache",-1.43673082929751
"2757","binary",1,997.635886487498,5.64691119636132,0.0174861465224192,"Human betaherpesvirus 5 (CMV).pbmc","symptom_headache",-1.43673082929751
"2758","sex",1,992.020376762342,0.0314014712054131,0.859347680476563,"Human betaherpesvirus 5 (CMV).pbmc","symptom_headache",-1.43673082929751
"2759","discretized_admit_age_quantile",4,1004.96350051925,18.9745252281151,0.000795053477996668,"Human betaherpesvirus 5 (CMV).pbmc","symptom_headache",-1.43673082929751
"2760","trajectory_group",4,999.640287563575,13.6513122724384,0.00849524611920969,"Human betaherpesvirus 5 (CMV).pbmc","symptom_headache",-1.43673082929751
"2761","<none>",NA,428.033716918613,NA,NA,"Human betaherpesvirus 5 (CMV).pbmc","symptom_confusion",-0.629616566366385
"2762","binary",1,426.817758129837,0.784041211224746,0.375908036298066,"Human betaherpesvirus 5 (CMV).pbmc","symptom_confusion",-0.629616566366385
"2763","sex",1,426.143305169519,0.109588250906143,0.740613394015196,"Human betaherpesvirus 5 (CMV).pbmc","symptom_confusion",-0.629616566366385
"2764","discretized_admit_age_quantile",4,442.599675198432,22.5659582798191,0.000154585279096379,"Human betaherpesvirus 5 (CMV).pbmc","symptom_confusion",-0.629616566366385
"2765","trajectory_group",4,433.470165681638,13.4364487630256,0.00932888249897978,"Human betaherpesvirus 5 (CMV).pbmc","symptom_confusion",-0.629616566366385
"2766","<none>",NA,55.9643354220369,NA,NA,"Human betaherpesvirus 5 (CMV).pbmc","symptom_seizure",-19.8976112029896
"2767","binary",1,54.351185894663,0.386850472626179,0.533959590367515,"Human betaherpesvirus 5 (CMV).pbmc","symptom_seizure",-19.8976112029896
"2768","sex",1,57.0985264060516,3.13419098401474,0.0766664150739123,"Human betaherpesvirus 5 (CMV).pbmc","symptom_seizure",-19.8976112029896
"2769","discretized_admit_age_quantile",4,52.091576745067,4.12724132303019,0.389059409921977,"Human betaherpesvirus 5 (CMV).pbmc","symptom_seizure",-19.8976112029896
"2770","trajectory_group",4,49.9510523532345,1.98671693119767,0.738202148284938,"Human betaherpesvirus 5 (CMV).pbmc","symptom_seizure",-19.8976112029896
"2771","<none>",NA,188.921537779903,NA,NA,"Human betaherpesvirus 5 (CMV).pbmc","symptom_syncope",0.579372634098803
"2772","binary",1,187.1617765339,0.240238753997573,0.624033727227535,"Human betaherpesvirus 5 (CMV).pbmc","symptom_syncope",0.579372634098803
"2773","sex",1,190.509368921352,3.5878311414495,0.0582041597158882,"Human betaherpesvirus 5 (CMV).pbmc","symptom_syncope",0.579372634098803
"2774","discretized_admit_age_quantile",4,191.328491360059,10.4069535801563,0.0341031036533185,"Human betaherpesvirus 5 (CMV).pbmc","symptom_syncope",0.579372634098803
"2775","trajectory_group",4,185.172634396656,4.25109661675316,0.373088888074539,"Human betaherpesvirus 5 (CMV).pbmc","symptom_syncope",0.579372634098803
"2776","<none>",NA,725.260005071596,NA,NA,"Human betaherpesvirus 5 (CMV).pbmc","symptom_anosmia",-1.35222248241349
"2777","binary",1,725.91194782146,2.65194274986436,0.10342343030183,"Human betaherpesvirus 5 (CMV).pbmc","symptom_anosmia",-1.35222248241349
"2778","sex",1,723.335953039529,0.0759479679331889,0.78286561149961,"Human betaherpesvirus 5 (CMV).pbmc","symptom_anosmia",-1.35222248241349
"2779","discretized_admit_age_quantile",4,726.27089881653,9.01089374493415,0.0608277651958729,"Human betaherpesvirus 5 (CMV).pbmc","symptom_anosmia",-1.35222248241349
"2780","trajectory_group",4,719.148962617302,1.88895754570615,0.756173210365251,"Human betaherpesvirus 5 (CMV).pbmc","symptom_anosmia",-1.35222248241349
"2781","<none>",NA,1449.68997310098,NA,NA,"Human betaherpesvirus 5 (CMV).pbmc","symptom_allGI",-0.69209133871657
"2782","binary",1,1451.05221300517,3.36223990419239,0.0667072781397115,"Human betaherpesvirus 5 (CMV).pbmc","symptom_allGI",-0.69209133871657
"2783","sex",1,1452.71400415429,5.02403105330336,0.0249979087077879,"Human betaherpesvirus 5 (CMV).pbmc","symptom_allGI",-0.69209133871657
"2784","discretized_admit_age_quantile",4,1449.69532238961,8.00534928862294,0.0913824395869248,"Human betaherpesvirus 5 (CMV).pbmc","symptom_allGI",-0.69209133871657
"2785","trajectory_group",4,1456.95004579202,15.2600726910384,0.00419111852792637,"Human betaherpesvirus 5 (CMV).pbmc","symptom_allGI",-0.69209133871657
"2786","<none>",NA,731.609884740872,NA,NA,"Human betaherpesvirus 5 (CMV).pbmc","symptom_abdpain",-0.273322252649962
"2787","binary",1,729.816210692876,0.206325952004363,0.649662453593457,"Human betaherpesvirus 5 (CMV).pbmc","symptom_abdpain",-0.273322252649962
"2788","sex",1,732.504598813524,2.89471407265171,0.0888705421479053,"Human betaherpesvirus 5 (CMV).pbmc","symptom_abdpain",-0.273322252649962
"2789","discretized_admit_age_quantile",4,728.081932325046,4.47204758417456,0.345874792568701,"Human betaherpesvirus 5 (CMV).pbmc","symptom_abdpain",-0.273322252649962
"2790","trajectory_group",4,726.024395226638,2.41451048576607,0.660006582329195,"Human betaherpesvirus 5 (CMV).pbmc","symptom_abdpain",-0.273322252649962
"2791","<none>",NA,1127.75785976095,NA,NA,"Human betaherpesvirus 5 (CMV).pbmc","symptom_nausea",-0.828007767379378
"2792","binary",1,1128.50642877483,2.74856901388011,0.0973415119878403,"Human betaherpesvirus 5 (CMV).pbmc","symptom_nausea",-0.828007767379378
"2793","sex",1,1131.93875168522,6.18089192426532,0.0129137164792341,"Human betaherpesvirus 5 (CMV).pbmc","symptom_nausea",-0.828007767379378
"2794","discretized_admit_age_quantile",4,1136.50889339026,16.7510336293055,0.00216050104821621,"Human betaherpesvirus 5 (CMV).pbmc","symptom_nausea",-0.828007767379378
"2795","trajectory_group",4,1140.39411264975,20.6362528887973,0.00037382570680182,"Human betaherpesvirus 5 (CMV).pbmc","symptom_nausea",-0.828007767379378
"2796","<none>",NA,1160.3465226554,NA,NA,"Human betaherpesvirus 5 (CMV).pbmc","symptom_diarrhea",-0.87355292850764
"2797","binary",1,1161.56588252476,3.21935986936501,0.0727720829867009,"Human betaherpesvirus 5 (CMV).pbmc","symptom_diarrhea",-0.87355292850764
"2798","sex",1,1158.77491985262,0.428397197222921,0.512776468924266,"Human betaherpesvirus 5 (CMV).pbmc","symptom_diarrhea",-0.87355292850764
"2799","discretized_admit_age_quantile",4,1160.7132495233,8.36672686790803,0.0790314600884075,"Human betaherpesvirus 5 (CMV).pbmc","symptom_diarrhea",-0.87355292850764
"2800","trajectory_group",4,1157.18665842315,4.8401357677551,0.304097324049094,"Human betaherpesvirus 5 (CMV).pbmc","symptom_diarrhea",-0.87355292850764
"2801","<none>",NA,152.617811773589,NA,NA,"Human betaherpesvirus 5 (CMV).pbmc","symptom_allderm",0.361743344456423
"2802","binary",1,150.718011318873,0.100199545283829,0.751590303210628,"Human betaherpesvirus 5 (CMV).pbmc","symptom_allderm",0.361743344456423
"2803","sex",1,150.618000783089,0.00018900949950762,0.989030970695064,"Human betaherpesvirus 5 (CMV).pbmc","symptom_allderm",0.361743344456423
"2804","discretized_admit_age_quantile",4,154.074089423214,9.45627764962472,0.0506534386953372,"Human betaherpesvirus 5 (CMV).pbmc","symptom_allderm",0.361743344456423
"2805","trajectory_group",4,147.813336789496,3.19552501590633,0.525654036830953,"Human betaherpesvirus 5 (CMV).pbmc","symptom_allderm",0.361743344456423
"2806","<none>",NA,127.920424861923,NA,NA,"Human betaherpesvirus 5 (CMV).pbmc","symptom_skinrash",0.887001723844127
"2807","binary",1,126.444390839615,0.523965977691986,0.469154794493358,"Human betaherpesvirus 5 (CMV).pbmc","symptom_skinrash",0.887001723844127
"2808","sex",1,126.383800551591,0.46337568966787,0.496050551536672,"Human betaherpesvirus 5 (CMV).pbmc","symptom_skinrash",0.887001723844127
"2809","discretized_admit_age_quantile",4,125.867182248375,5.94675738645122,0.203159904272592,"Human betaherpesvirus 5 (CMV).pbmc","symptom_skinrash",0.887001723844127
"2810","trajectory_group",4,122.091932527848,2.17150766592495,0.704248858941134,"Human betaherpesvirus 5 (CMV).pbmc","symptom_skinrash",0.887001723844127
"2811","<none>",NA,45.3096546912942,NA,NA,"Human betaherpesvirus 5 (CMV).pbmc","symptom_skinulcer",-20.1985180675344
"2812","binary",1,43.9418735880611,0.632218896766929,0.426542574323176,"Human betaherpesvirus 5 (CMV).pbmc","symptom_skinulcer",-20.1985180675344
"2813","sex",1,45.848911809239,2.5392571179448,0.111047022602288,"Human betaherpesvirus 5 (CMV).pbmc","symptom_skinulcer",-20.1985180675344
"2814","discretized_admit_age_quantile",4,46.8070902612065,9.49743556991231,0.0497999674316634,"Human betaherpesvirus 5 (CMV).pbmc","symptom_skinulcer",-20.1985180675344
"2815","trajectory_group",4,45.7922395993584,8.48258490806424,0.0754168665580826,"Human betaherpesvirus 5 (CMV).pbmc","symptom_skinulcer",-20.1985180675344
"2816","<none>",NA,633.121638788362,NA,NA,"Human betaherpesvirus 5 (CMV).pbmc","symptom_allother",-0.747779028762021
"2817","binary",1,632.345764390492,1.22412560213036,0.268552517905813,"Human betaherpesvirus 5 (CMV).pbmc","symptom_allother",-0.747779028762021
"2818","sex",1,631.519505687572,0.397866899209816,0.528192940061072,"Human betaherpesvirus 5 (CMV).pbmc","symptom_allother",-0.747779028762021
"2819","discretized_admit_age_quantile",4,627.883451955027,2.76181316666521,0.598442249434218,"Human betaherpesvirus 5 (CMV).pbmc","symptom_allother",-0.747779028762021
"2820","trajectory_group",4,637.00895595934,11.8873171709776,0.0182091734498668,"Human betaherpesvirus 5 (CMV).pbmc","symptom_allother",-0.747779028762021
"2821","<none>",NA,335.077509278391,NA,NA,"Human betaherpesvirus 5 (CMV).pbmc","symptom_arthralgia",-14.8945049589283
"2822","binary",1,335.26116607228,2.1836567938891,0.139482703049466,"Human betaherpesvirus 5 (CMV).pbmc","symptom_arthralgia",-14.8945049589283
"2823","sex",1,333.224156123934,0.146646845542989,0.701760571339555,"Human betaherpesvirus 5 (CMV).pbmc","symptom_arthralgia",-14.8945049589283
"2824","discretized_admit_age_quantile",4,329.237547803679,2.16003852528831,0.706351628518125,"Human betaherpesvirus 5 (CMV).pbmc","symptom_arthralgia",-14.8945049589283
"2825","trajectory_group",4,338.029823641105,10.9523143627144,0.0271051949343882,"Human betaherpesvirus 5 (CMV).pbmc","symptom_arthralgia",-14.8945049589283
"2826","<none>",NA,290.147095120694,NA,NA,"Human betaherpesvirus 5 (CMV).pbmc","symptom_edema",0.471515529608606
"2827","binary",1,288.477400374216,0.330305253521828,0.565479399007249,"Human betaherpesvirus 5 (CMV).pbmc","symptom_edema",0.471515529608606
"2828","sex",1,288.679102331328,0.532007210633992,0.465764206829452,"Human betaherpesvirus 5 (CMV).pbmc","symptom_edema",0.471515529608606
"2829","discretized_admit_age_quantile",4,283.671970353063,1.52487523236886,0.822226186121425,"Human betaherpesvirus 5 (CMV).pbmc","symptom_edema",0.471515529608606
"2830","trajectory_group",4,288.323519016739,6.17642389604521,0.186354547550226,"Human betaherpesvirus 5 (CMV).pbmc","symptom_edema",0.471515529608606
"2831","<none>",NA,239.656208295933,NA,NA,"Human betaherpesvirus 5 (CMV).pbmc","symptom_nonamb",-18.1617069568428
"2832","binary",1,240.616659927926,2.96045163199346,0.0853241051109487,"Human betaherpesvirus 5 (CMV).pbmc","symptom_nonamb",-18.1617069568428
"2833","sex",1,238.216861887829,0.560653591896227,0.453997020291879,"Human betaherpesvirus 5 (CMV).pbmc","symptom_nonamb",-18.1617069568428
"2834","discretized_admit_age_quantile",4,236.181630733367,4.525422437434,0.339543671060123,"Human betaherpesvirus 5 (CMV).pbmc","symptom_nonamb",-18.1617069568428
"2835","trajectory_group",4,238.980417019621,7.32420872368829,0.119715469899402,"Human betaherpesvirus 5 (CMV).pbmc","symptom_nonamb",-18.1617069568428
"2836","<none>",NA,68.7364023908027,NA,NA,"Human betaherpesvirus 5 (CMV).pbmc","symptom_bleeding",-19.129312847514
"2837","binary",1,67.1510251890217,0.414622798218971,0.519632432123585,"Human betaherpesvirus 5 (CMV).pbmc","symptom_bleeding",-19.129312847514
"2838","sex",1,68.786602135574,2.05019974477136,0.152186222252524,"Human betaherpesvirus 5 (CMV).pbmc","symptom_bleeding",-19.129312847514
"2839","discretized_admit_age_quantile",4,62.9007869640751,2.16438457327243,0.705554709183777,"Human betaherpesvirus 5 (CMV).pbmc","symptom_bleeding",-19.129312847514
"2840","trajectory_group",4,64.2194221133997,3.48301972259699,0.480464925824626,"Human betaherpesvirus 5 (CMV).pbmc","symptom_bleeding",-19.129312847514
"2841","<none>",NA,768.636729101138,NA,NA,"Human betaherpesvirus 5 (CMV).pbmc","ever_ever_esc",0.492169060799688
"2842","binary",1,768.106953782934,1.4702246817958,0.22531024732463,"Human betaherpesvirus 5 (CMV).pbmc","ever_ever_esc",0.492169060799688
"2843","sex",1,766.636778235767,0.0000491346291937589,0.994407186383678,"Human betaherpesvirus 5 (CMV).pbmc","ever_ever_esc",0.492169060799688
"2844","discretized_admit_age_quantile",4,765.692462296776,5.05573319563814,0.281626579197108,"Human betaherpesvirus 5 (CMV).pbmc","ever_ever_esc",0.492169060799688
"2845","trajectory_group",4,902.644454011309,142.007724910171,0.0000000000000000000000000000104898707127468,"Human betaherpesvirus 5 (CMV).pbmc","ever_ever_esc",0.492169060799688
"2846","<none>",NA,825.522391533621,NA,NA,"Human betaherpesvirus 5 (CMV).pbmc","ever_icu",1.14336808946113
"2847","binary",1,828.743713378338,5.22132184471718,0.0223115852135949,"Human betaherpesvirus 5 (CMV).pbmc","ever_icu",1.14336808946113
"2848","sex",1,831.618277113684,8.09588558006271,0.00443658556868698,"Human betaherpesvirus 5 (CMV).pbmc","ever_icu",1.14336808946113
"2849","discretized_admit_age_quantile",4,824.615313741819,7.09292220819736,0.131058439384653,"Human betaherpesvirus 5 (CMV).pbmc","ever_icu",1.14336808946113
"2850","trajectory_group",4,1261.86682817019,444.34443663657,0.0000000000000000000000000000000000000000000000000000000000000000000000000000000000000000000000725223189450657,"Human betaherpesvirus 5 (CMV).pbmc","ever_icu",1.14336808946113
"2851","<none>",NA,370.153134787647,NA,NA,"Human betaherpesvirus 5 (CMV).pbmc","diedever",1.47379130380434
"2852","binary",1,377.589696368022,9.43656158037464,0.00212701900446402,"Human betaherpesvirus 5 (CMV).pbmc","diedever",1.47379130380434
"2853","sex",1,369.709580602193,1.55644581454624,0.212186381084302,"Human betaherpesvirus 5 (CMV).pbmc","diedever",1.47379130380434
"2854","discretized_admit_age_quantile",4,384.063186608743,21.9100518210959,0.000208854203090263,"Human betaherpesvirus 5 (CMV).pbmc","diedever",1.47379130380434
"2855","trajectory_group",4,815.78674154984,453.633606762192,0.000000000000000000000000000000000000000000000000000000000000000000000000000000000000000000000000711704386253841,"Human betaherpesvirus 5 (CMV).pbmc","diedever",1.47379130380434
"2856","<none>",NA,1371.79167078813,NA,NA,"Human betaherpesvirus 5 (CMV).pbmc","ever_remdes",0.0496182517617363
"2857","binary",1,1369.81006577407,0.0183949859458608,0.892115277192592,"Human betaherpesvirus 5 (CMV).pbmc","ever_remdes",0.0496182517617363
"2858","sex",1,1373.552132757,3.76046196887478,0.0524780777506961,"Human betaherpesvirus 5 (CMV).pbmc","ever_remdes",0.0496182517617363
"2859","discretized_admit_age_quantile",4,1372.08992839355,8.2982576054228,0.0812437595006607,"Human betaherpesvirus 5 (CMV).pbmc","ever_remdes",0.0496182517617363
"2860","trajectory_group",4,1404.75070426756,40.9590334794304,0.0000000274083817107479,"Human betaherpesvirus 5 (CMV).pbmc","ever_remdes",0.0496182517617363
"2861","<none>",NA,1110.70139158772,NA,NA,"Human betaherpesvirus 5 (CMV).pbmc","ever_steroids",-0.0400337799087184
"2862","binary",1,1108.70927060214,0.0078790144159484,0.929269617541606,"Human betaherpesvirus 5 (CMV).pbmc","ever_steroids",-0.0400337799087184
"2863","sex",1,1116.10348543092,7.40209384319996,0.00651480034543005,"Human betaherpesvirus 5 (CMV).pbmc","ever_steroids",-0.0400337799087184
"2864","discretized_admit_age_quantile",4,1105.51583832862,2.81444674090221,0.589341530339506,"Human betaherpesvirus 5 (CMV).pbmc","ever_steroids",-0.0400337799087184
"2865","trajectory_group",4,1192.61225139435,89.9108598066271,0.00000000000000000137544014069634,"Human betaherpesvirus 5 (CMV).pbmc","ever_steroids",-0.0400337799087184
"2866","<none>",NA,1292.22957353155,NA,NA,"Human betaherpesvirus 5 (CMV).pbmc","ever_azithro",-0.573353528356239
"2867","binary",1,1292.41241518267,2.18284165112459,0.139556579419744,"Human betaherpesvirus 5 (CMV).pbmc","ever_azithro",-0.573353528356239
"2868","sex",1,1290.83570405994,0.606130528385847,0.436248465577453,"Human betaherpesvirus 5 (CMV).pbmc","ever_azithro",-0.573353528356239
"2869","discretized_admit_age_quantile",4,1287.86657429415,3.63700076259602,0.457354984870161,"Human betaherpesvirus 5 (CMV).pbmc","ever_azithro",-0.573353528356239
"2870","trajectory_group",4,1303.84351739532,19.6139438637751,0.000595100382368317,"Human betaherpesvirus 5 (CMV).pbmc","ever_azithro",-0.573353528356239
"2871","<none>",NA,1310.27417279438,NA,NA,"Human betaherpesvirus 5 (CMV).pbmc","ever_otherabx",0.815847142678899
"2872","binary",1,1312.08827212046,3.81409932608426,0.0508229224093383,"Human betaherpesvirus 5 (CMV).pbmc","ever_otherabx",0.815847142678899
"2873","sex",1,1308.43501058303,0.160837788654817,0.688386353737631,"Human betaherpesvirus 5 (CMV).pbmc","ever_otherabx",0.815847142678899
"2874","discretized_admit_age_quantile",4,1308.80952709112,6.53535429674025,0.162576362826955,"Human betaherpesvirus 5 (CMV).pbmc","ever_otherabx",0.815847142678899
"2875","trajectory_group",4,1402.72956429391,100.455391499533,0.00000000000000000000786853205992554,"Human betaherpesvirus 5 (CMV).pbmc","ever_otherabx",0.815847142678899
"2876","<none>",NA,473.652593734651,NA,NA,"Human betaherpesvirus 5 (CMV).pbmc","ever_conplas",-0.832169032813155
"2877","binary",1,472.940413877535,1.28782014288385,0.256450059490561,"Human betaherpesvirus 5 (CMV).pbmc","ever_conplas",-0.832169032813155
"2878","sex",1,476.704150608288,5.05155687363725,0.024603821561727,"Human betaherpesvirus 5 (CMV).pbmc","ever_conplas",-0.832169032813155
"2879","discretized_admit_age_quantile",4,480.915433115303,15.262839380652,0.00418599565748296,"Human betaherpesvirus 5 (CMV).pbmc","ever_conplas",-0.832169032813155
"2880","trajectory_group",4,495.460461196205,29.8078674615547,0.0000053556030410391,"Human betaherpesvirus 5 (CMV).pbmc","ever_conplas",-0.832169032813155
"2881","<none>",NA,73.6755097564124,NA,NA,"Human betaherpesvirus 5 (CMV).pbmc","ever_monoclonal",2.14446412296883
"2882","binary",1,73.6345382284391,1.95902847202669,0.161617259748841,"Human betaherpesvirus 5 (CMV).pbmc","ever_monoclonal",2.14446412296883
"2883","sex",1,71.7310598838044,0.055550127391939,0.813672651839848,"Human betaherpesvirus 5 (CMV).pbmc","ever_monoclonal",2.14446412296883
"2884","discretized_admit_age_quantile",4,69.1921588916931,3.51664913528072,0.47535132681397,"Human betaherpesvirus 5 (CMV).pbmc","ever_monoclonal",2.14446412296883
"2885","trajectory_group",4,69.2841361610952,3.60862640468282,0.461554775935962,"Human betaherpesvirus 5 (CMV).pbmc","ever_monoclonal",2.14446412296883
"2886","<none>",NA,470.255653874135,NA,NA,"Human betaherpesvirus 5 (CMV).pbmc","ever_immsupp",0.933016611690917
"2887","binary",1,470.613547317242,2.35789344310786,0.124650412213814,"Human betaherpesvirus 5 (CMV).pbmc","ever_immsupp",0.933016611690917
"2888","sex",1,469.040627047912,0.78497317377753,0.375624468752568,"Human betaherpesvirus 5 (CMV).pbmc","ever_immsupp",0.933016611690917
"2889","discretized_admit_age_quantile",4,475.403966931928,13.148313057793,0.0105733929444973,"Human betaherpesvirus 5 (CMV).pbmc","ever_immsupp",0.933016611690917
"2890","trajectory_group",4,466.20851933964,3.95286546550562,0.412422397226438,"Human betaherpesvirus 5 (CMV).pbmc","ever_immsupp",0.933016611690917
"2891","<none>",NA,789.406459363494,NA,NA,"Human betaherpesvirus 5 (CMV).pbmc","anycomp",0.646342044690897
"2892","binary",1,788.546803662109,1.14034429861454,0.285579587250462,"Human betaherpesvirus 5 (CMV).pbmc","anycomp",0.646342044690897
"2893","sex",1,788.029113960738,0.622654597243468,0.430062528315929,"Human betaherpesvirus 5 (CMV).pbmc","anycomp",0.646342044690897
"2894","discretized_admit_age_quantile",4,793.785864355605,12.3794049921105,0.0147420296841622,"Human betaherpesvirus 5 (CMV).pbmc","anycomp",0.646342044690897
"2895","trajectory_group",4,815.537565003824,34.1311056403298,0.000000700447896548954,"Human betaherpesvirus 5 (CMV).pbmc","anycomp",0.646342044690897
"2896","<none>",NA,789.406459363494,NA,NA,"Human betaherpesvirus 5 (CMV).pbmc","ncomp",0.646342044690897
"2897","binary",1,788.546803662109,1.14034429861454,0.285579587250462,"Human betaherpesvirus 5 (CMV).pbmc","ncomp",0.646342044690897
"2898","sex",1,788.029113960738,0.622654597243468,0.430062528315929,"Human betaherpesvirus 5 (CMV).pbmc","ncomp",0.646342044690897
"2899","discretized_admit_age_quantile",4,793.785864355605,12.3794049921105,0.0147420296841622,"Human betaherpesvirus 5 (CMV).pbmc","ncomp",0.646342044690897
"2900","trajectory_group",4,815.537565003824,34.1311056403298,0.000000700447896548954,"Human betaherpesvirus 5 (CMV).pbmc","ncomp",0.646342044690897
"2901","<none>",NA,78.9487771802888,NA,NA,"Human betaherpesvirus 5 (CMV).pbmc","comp_seizure",-19.2452831706434
"2902","binary",1,77.4297847817155,0.481007601426768,0.487966268749309,"Human betaherpesvirus 5 (CMV).pbmc","comp_seizure",-19.2452831706434
"2903","sex",1,77.5383040376581,0.589526857369293,0.44260213837537,"Human betaherpesvirus 5 (CMV).pbmc","comp_seizure",-19.2452831706434
"2904","discretized_admit_age_quantile",4,75.3994001552256,4.45062297493681,0.348442534355585,"Human betaherpesvirus 5 (CMV).pbmc","comp_seizure",-19.2452831706434
"2905","trajectory_group",4,74.7193143412012,3.7705371609124,0.437949974170822,"Human betaherpesvirus 5 (CMV).pbmc","comp_seizure",-19.2452831706434
"2906","<none>",NA,138.862754348366,NA,NA,"Human betaherpesvirus 5 (CMV).pbmc","comp_meningitis",1.90063651522882
"2907","binary",1,141.922092995443,5.059338647077,0.0244935832086615,"Human betaherpesvirus 5 (CMV).pbmc","comp_meningitis",1.90063651522882
"2908","sex",1,136.93308005904,0.0703257106740409,0.790863134981914,"Human betaherpesvirus 5 (CMV).pbmc","comp_meningitis",1.90063651522882
"2909","discretized_admit_age_quantile",4,134.213565902492,3.35081155412544,0.500922081540982,"Human betaherpesvirus 5 (CMV).pbmc","comp_meningitis",1.90063651522882
"2910","trajectory_group",4,136.157059687156,5.29430533878934,0.258410493906235,"Human betaherpesvirus 5 (CMV).pbmc","comp_meningitis",1.90063651522882
"2911","<none>",NA,183.971915772136,NA,NA,"Human betaherpesvirus 5 (CMV).pbmc","comp_stroke",1.85577997842112
"2912","binary",1,189.631897668847,7.65998189671112,0.00564590712772274,"Human betaherpesvirus 5 (CMV).pbmc","comp_stroke",1.85577997842112
"2913","sex",1,183.678158308024,1.70624253588795,0.191473608907674,"Human betaherpesvirus 5 (CMV).pbmc","comp_stroke",1.85577997842112
"2914","discretized_admit_age_quantile",4,181.418524859386,5.44660908725032,0.244462598904898,"Human betaherpesvirus 5 (CMV).pbmc","comp_stroke",1.85577997842112
"2915","trajectory_group",4,192.792720458485,16.8208046863496,0.00209419377311201,"Human betaherpesvirus 5 (CMV).pbmc","comp_stroke",1.85577997842112
"2916","<none>",NA,539.992448377155,NA,NA,"Human betaherpesvirus 5 (CMV).pbmc","comp_afib",-0.856729589537893
"2917","binary",1,539.597631265874,1.60518288871845,0.205170263608639,"Human betaherpesvirus 5 (CMV).pbmc","comp_afib",-0.856729589537893
"2918","sex",1,543.721040935732,5.72859255857634,0.0166908543946075,"Human betaherpesvirus 5 (CMV).pbmc","comp_afib",-0.856729589537893
"2919","discretized_admit_age_quantile",4,555.792516961046,23.8000685838907,0.000087593451070045,"Human betaherpesvirus 5 (CMV).pbmc","comp_afib",-0.856729589537893
"2920","trajectory_group",4,551.521609337593,19.5291609604375,0.000618434470459855,"Human betaherpesvirus 5 (CMV).pbmc","comp_afib",-0.856729589537893
"2921","<none>",NA,321.713492468129,NA,NA,"Human betaherpesvirus 5 (CMV).pbmc","comp_ventricular_arr",0.481168338506188
"2922","binary",1,320.211740573722,0.498248105593461,0.48027090241929,"Human betaherpesvirus 5 (CMV).pbmc","comp_ventricular_arr",0.481168338506188
"2923","sex",1,320.677711076219,0.96421860808988,0.326126286228105,"Human betaherpesvirus 5 (CMV).pbmc","comp_ventricular_arr",0.481168338506188
"2924","discretized_admit_age_quantile",4,316.6036316933,2.89013922517137,0.576375443691515,"Human betaherpesvirus 5 (CMV).pbmc","comp_ventricular_arr",0.481168338506188
"2925","trajectory_group",4,346.439460427577,32.7259679594481,0.00000135916040648089,"Human betaherpesvirus 5 (CMV).pbmc","comp_ventricular_arr",0.481168338506188
"2926","<none>",NA,33.8036072353209,NA,NA,"Human betaherpesvirus 5 (CMV).pbmc","comp_endo",-20.043612635928
"2927","binary",1,31.9781113342562,0.174504098935312,0.676139506506221,"Human betaherpesvirus 5 (CMV).pbmc","comp_endo",-20.043612635928
"2928","sex",1,32.7919015710247,0.988294335703806,0.320159611354139,"Human betaherpesvirus 5 (CMV).pbmc","comp_endo",-20.043612635928
"2929","discretized_admit_age_quantile",4,27.7427415883982,1.93913435307736,0.746952737744878,"Human betaherpesvirus 5 (CMV).pbmc","comp_endo",-20.043612635928
"2930","trajectory_group",4,28.9571054046135,3.1534981692926,0.532474364177378,"Human betaherpesvirus 5 (CMV).pbmc","comp_endo",-20.043612635928
"2931","<none>",NA,78.7525284125521,NA,NA,"Human betaherpesvirus 5 (CMV).pbmc","comp_myocard",-17.7926493701209
"2932","binary",1,76.898769591548,0.146241178995865,0.702153617586405,"Human betaherpesvirus 5 (CMV).pbmc","comp_myocard",-17.7926493701209
"2933","sex",1,76.7525506047944,0.0000221922422554144,0.996241288026106,"Human betaherpesvirus 5 (CMV).pbmc","comp_myocard",-17.7926493701209
"2934","discretized_admit_age_quantile",4,77.034922601836,6.28239418928383,0.179028154946496,"Human betaherpesvirus 5 (CMV).pbmc","comp_myocard",-17.7926493701209
"2935","trajectory_group",4,73.6977757603934,2.94524734784123,0.56702954395509,"Human betaherpesvirus 5 (CMV).pbmc","comp_myocard",-17.7926493701209
"2936","<none>",NA,207.590401986511,NA,NA,"Human betaherpesvirus 5 (CMV).pbmc","comp_cardarrest",1.0353439179915
"2937","binary",1,207.01941782229,1.42901583577844,0.231925121757467,"Human betaherpesvirus 5 (CMV).pbmc","comp_cardarrest",1.0353439179915
"2938","sex",1,205.791506637017,0.201104650505755,0.653830677565901,"Human betaherpesvirus 5 (CMV).pbmc","comp_cardarrest",1.0353439179915
"2939","discretized_admit_age_quantile",4,204.807503179514,5.21710119300212,0.265738004360461,"Human betaherpesvirus 5 (CMV).pbmc","comp_cardarrest",1.0353439179915
"2940","trajectory_group",4,330.7067936297,131.116391643189,0.00000000000000000000000000224718512928581,"Human betaherpesvirus 5 (CMV).pbmc","comp_cardarrest",1.0353439179915
"2941","<none>",NA,145.239122980319,NA,NA,"Human betaherpesvirus 5 (CMV).pbmc","comp_stemi",1.2881863593099
"2942","binary",1,145.095181223736,1.85605824341647,0.173080425654453,"Human betaherpesvirus 5 (CMV).pbmc","comp_stemi",1.2881863593099
"2943","sex",1,143.63566177356,0.396538793241035,0.528882203616837,"Human betaherpesvirus 5 (CMV).pbmc","comp_stemi",1.2881863593099
"2944","discretized_admit_age_quantile",4,140.346996196819,3.10787321649971,0.539938156207968,"Human betaherpesvirus 5 (CMV).pbmc","comp_stemi",1.2881863593099
"2945","trajectory_group",4,149.557065260075,12.3179422797558,0.0151371261889671,"Human betaherpesvirus 5 (CMV).pbmc","comp_stemi",1.2881863593099
"2946","<none>",NA,267.858747486739,NA,NA,"Human betaherpesvirus 5 (CMV).pbmc","comp_nstemi",-18.0414577080906
"2947","binary",1,268.428174772318,2.5694272855784,0.108947168487742,"Human betaherpesvirus 5 (CMV).pbmc","comp_nstemi",-18.0414577080906
"2948","sex",1,268.029274718214,2.17052723147458,0.140677996092182,"Human betaherpesvirus 5 (CMV).pbmc","comp_nstemi",-18.0414577080906
"2949","discretized_admit_age_quantile",4,265.259410997231,5.40066351049177,0.248600204814229,"Human betaherpesvirus 5 (CMV).pbmc","comp_nstemi",-18.0414577080906
"2950","trajectory_group",4,275.238221627804,15.3794741410645,0.00397554120370479,"Human betaherpesvirus 5 (CMV).pbmc","comp_nstemi",-18.0414577080906
"2951","<none>",NA,539.083712579285,NA,NA,"Human betaherpesvirus 5 (CMV).pbmc","comp_chf",0.280726139138383
"2952","binary",1,537.315403994368,0.231691415083105,0.630272496036696,"Human betaherpesvirus 5 (CMV).pbmc","comp_chf",0.280726139138383
"2953","sex",1,538.02306095669,0.939348377404485,0.332445478667296,"Human betaherpesvirus 5 (CMV).pbmc","comp_chf",0.280726139138383
"2954","discretized_admit_age_quantile",4,538.700835336869,7.61712275758362,0.106654202626706,"Human betaherpesvirus 5 (CMV).pbmc","comp_chf",0.280726139138383
"2955","trajectory_group",4,555.863495720879,24.7797831415942,0.000055707737385974,"Human betaherpesvirus 5 (CMV).pbmc","comp_chf",0.280726139138383
"2956","<none>",NA,1201.70731823794,NA,NA,"Human betaherpesvirus 5 (CMV).pbmc","comp_pneumonia",0.322702450943504
"2957","binary",1,1200.31856470517,0.611246467228739,0.434318878860965,"Human betaherpesvirus 5 (CMV).pbmc","comp_pneumonia",0.322702450943504
"2958","sex",1,1200.41946925147,0.712151013524135,0.398730651090074,"Human betaherpesvirus 5 (CMV).pbmc","comp_pneumonia",0.322702450943504
"2959","discretized_admit_age_quantile",4,1201.09117672662,7.38385848867961,0.116941041063961,"Human betaherpesvirus 5 (CMV).pbmc","comp_pneumonia",0.322702450943504
"2960","trajectory_group",4,1252.50524403053,58.7979257925881,0.00000000000518861453298129,"Human betaherpesvirus 5 (CMV).pbmc","comp_pneumonia",0.322702450943504
"2961","<none>",NA,85.0131679549067,NA,NA,"Human betaherpesvirus 5 (CMV).pbmc","comp_bronch",1.39934499827687
"2962","binary",1,83.9552421551626,0.942074200255846,0.331744980708509,"Human betaherpesvirus 5 (CMV).pbmc","comp_bronch",1.39934499827687
"2963","sex",1,83.2618754454886,0.248707490581907,0.617986646959381,"Human betaherpesvirus 5 (CMV).pbmc","comp_bronch",1.39934499827687
"2964","discretized_admit_age_quantile",4,79.8475242037084,2.83435624880171,0.585916887943769,"Human betaherpesvirus 5 (CMV).pbmc","comp_bronch",1.39934499827687
"2965","trajectory_group",4,81.8089456506059,4.79577769569916,0.308900970834687,"Human betaherpesvirus 5 (CMV).pbmc","comp_bronch",1.39934499827687
"2966","<none>",NA,258.204176288696,NA,NA,"Human betaherpesvirus 5 (CMV).pbmc","comp_pneumo",0.546883484444294
"2967","binary",1,256.811395462496,0.607219173800218,0.435836765627745,"Human betaherpesvirus 5 (CMV).pbmc","comp_pneumo",0.546883484444294
"2968","sex",1,257.624139961326,1.41996367263079,0.233409382472654,"Human betaherpesvirus 5 (CMV).pbmc","comp_pneumo",0.546883484444294
"2969","discretized_admit_age_quantile",4,260.664943933009,10.4607676443133,0.0333417176909527,"Human betaherpesvirus 5 (CMV).pbmc","comp_pneumo",0.546883484444294
"2970","trajectory_group",4,270.031195171273,19.8270188825779,0.000540234085218621,"Human betaherpesvirus 5 (CMV).pbmc","comp_pneumo",0.546883484444294
"2971","<none>",NA,119.302767458045,NA,NA,"Human betaherpesvirus 5 (CMV).pbmc","comp_pneumomed",-20.4764960036254
"2972","binary",1,118.964851538452,1.66208408040681,0.197322170295077,"Human betaherpesvirus 5 (CMV).pbmc","comp_pneumomed",-20.4764960036254
"2973","sex",1,118.830212022896,1.52744456485107,0.216496375503912,"Human betaherpesvirus 5 (CMV).pbmc","comp_pneumomed",-20.4764960036254
"2974","discretized_admit_age_quantile",4,114.562703486156,3.25993602811097,0.515304995214668,"Human betaherpesvirus 5 (CMV).pbmc","comp_pneumomed",-20.4764960036254
"2975","trajectory_group",4,142.907363186621,31.6045957285757,0.00000230418802682451,"Human betaherpesvirus 5 (CMV).pbmc","comp_pneumomed",-20.4764960036254
"2976","<none>",NA,127.225986005452,NA,NA,"Human betaherpesvirus 5 (CMV).pbmc","comp_aat",0.469986542509258
"2977","binary",1,125.388077466947,0.16209146149437,0.687238213587914,"Human betaherpesvirus 5 (CMV).pbmc","comp_aat",0.469986542509258
"2978","sex",1,125.296320676996,0.0703346715434918,0.79085012078689,"Human betaherpesvirus 5 (CMV).pbmc","comp_aat",0.469986542509258
"2979","discretized_admit_age_quantile",4,122.479338762981,3.25335275752873,0.516356910252089,"Human betaherpesvirus 5 (CMV).pbmc","comp_aat",0.469986542509258
"2980","trajectory_group",4,124.310616280781,5.08463027532856,0.27872361076551,"Human betaherpesvirus 5 (CMV).pbmc","comp_aat",0.469986542509258
"2981","<none>",NA,511.746664989189,NA,NA,"Human betaherpesvirus 5 (CMV).pbmc","comp_avthromb",0.837707709205268
"2982","binary",1,513.027539666613,3.28087467742426,0.0700915649159186,"Human betaherpesvirus 5 (CMV).pbmc","comp_avthromb",0.837707709205268
"2983","sex",1,511.360187302943,1.61352231375469,0.203997379330769,"Human betaherpesvirus 5 (CMV).pbmc","comp_avthromb",0.837707709205268
"2984","discretized_admit_age_quantile",4,515.793414404735,12.0467494155463,0.0170069894102024,"Human betaherpesvirus 5 (CMV).pbmc","comp_avthromb",0.837707709205268
"2985","trajectory_group",4,539.474473456854,35.7278084676651,0.000000329182355823702,"Human betaherpesvirus 5 (CMV).pbmc","comp_avthromb",0.837707709205268
"2986","<none>",NA,597.31295887198,NA,NA,"Human betaherpesvirus 5 (CMV).pbmc","comp_shock",1.34287738612343
"2987","binary",1,605.466634341998,10.153675470018,0.00144013829058009,"Human betaherpesvirus 5 (CMV).pbmc","comp_shock",1.34287738612343
"2988","sex",1,595.861313318782,0.548354446802136,0.458990846836099,"Human betaherpesvirus 5 (CMV).pbmc","comp_shock",1.34287738612343
"2989","discretized_admit_age_quantile",4,597.142296710174,7.82933783819408,0.0980336463543083,"Human betaherpesvirus 5 (CMV).pbmc","comp_shock",1.34287738612343
"2990","trajectory_group",4,850.15117563421,260.83821676223,0.000000000000000000000000000000000000000000000000000000300856508908036,"Human betaherpesvirus 5 (CMV).pbmc","comp_shock",1.34287738612343
"2991","<none>",NA,711.157967860852,NA,NA,"Human betaherpesvirus 5 (CMV).pbmc","comp_bac",1.15349762704827
"2992","binary",1,717.277359278143,8.11939141729113,0.00437942579484863,"Human betaherpesvirus 5 (CMV).pbmc","comp_bac",1.15349762704827
"2993","sex",1,710.575387167751,1.41741930689864,0.233828639927254,"Human betaherpesvirus 5 (CMV).pbmc","comp_bac",1.15349762704827
"2994","discretized_admit_age_quantile",4,706.496457768988,3.33848990813567,0.502857066955246,"Human betaherpesvirus 5 (CMV).pbmc","comp_bac",1.15349762704827
"2995","trajectory_group",4,763.694281035868,60.5363131750162,0.00000000000223773623768468,"Human betaherpesvirus 5 (CMV).pbmc","comp_bac",1.15349762704827
"2996","<none>",NA,320.682274986213,NA,NA,"Human betaherpesvirus 5 (CMV).pbmc","comp_coag",0.697166154820532
"2997","binary",1,319.586719327876,0.904444341663009,0.341592808434369,"Human betaherpesvirus 5 (CMV).pbmc","comp_coag",0.697166154820532
"2998","sex",1,319.357408430364,0.675133444150731,0.411267559275787,"Human betaherpesvirus 5 (CMV).pbmc","comp_coag",0.697166154820532
"2999","discretized_admit_age_quantile",4,321.845389455005,9.16311446879149,0.0571492265410935,"Human betaherpesvirus 5 (CMV).pbmc","comp_coag",0.697166154820532
"3000","trajectory_group",4,320.140360842919,7.45808585670562,0.113571794991121,"Human betaherpesvirus 5 (CMV).pbmc","comp_coag",0.697166154820532
"3001","<none>",NA,161.635716176247,NA,NA,"Human betaherpesvirus 5 (CMV).pbmc","comp_hypogly",-0.0400057914880796
"3002","binary",1,159.637093595446,0.00137741919934342,0.970394429402346,"Human betaherpesvirus 5 (CMV).pbmc","comp_hypogly",-0.0400057914880796
"3003","sex",1,160.619747057182,0.984030880935023,0.321205668650398,"Human betaherpesvirus 5 (CMV).pbmc","comp_hypogly",-0.0400057914880796
"3004","discretized_admit_age_quantile",4,161.59914805212,7.96343187587357,0.0929269535270704,"Human betaherpesvirus 5 (CMV).pbmc","comp_hypogly",-0.0400057914880796
"3005","trajectory_group",4,163.132934717107,9.49721854086059,0.0498044316035589,"Human betaherpesvirus 5 (CMV).pbmc","comp_hypogly",-0.0400057914880796
"3006","<none>",NA,434.633035990725,NA,NA,"Human betaherpesvirus 5 (CMV).pbmc","comp_bleed",0.988952899331705
"3007","binary",1,436.208531813563,3.57549582283792,0.0586379411281373,"Human betaherpesvirus 5 (CMV).pbmc","comp_bleed",0.988952899331705
"3008","sex",1,432.633256901998,0.000220911273743241,0.988141411160008,"Human betaherpesvirus 5 (CMV).pbmc","comp_bleed",0.988952899331705
"3009","discretized_admit_age_quantile",4,429.761117899907,3.12808190918224,0.536624629571434,"Human betaherpesvirus 5 (CMV).pbmc","comp_bleed",0.988952899331705
"3010","trajectory_group",4,477.822197690135,51.1891616994109,0.000000000203801755339446,"Human betaherpesvirus 5 (CMV).pbmc","comp_bleed",0.988952899331705
"3011","<none>",NA,801.909747173058,NA,NA,"Human betaherpesvirus 5 (CMV).pbmc","comp_anemia",0.56553942734373
"3012","binary",1,801.860179840285,1.95043266722678,0.162540234342917,"Human betaherpesvirus 5 (CMV).pbmc","comp_anemia",0.56553942734373
"3013","sex",1,800.259124075162,0.349376902104041,0.554466062753091,"Human betaherpesvirus 5 (CMV).pbmc","comp_anemia",0.56553942734373
"3014","discretized_admit_age_quantile",4,795.204709151382,1.2949619783235,0.862229725401884,"Human betaherpesvirus 5 (CMV).pbmc","comp_anemia",0.56553942734373
"3015","trajectory_group",4,867.435913852977,73.5261666799189,0.00000000000000408378824535799,"Human betaherpesvirus 5 (CMV).pbmc","comp_anemia",0.56553942734373
"3016","<none>",NA,82.7315869570653,NA,NA,"Human betaherpesvirus 5 (CMV).pbmc","comp_pancreas",-18.8176072552695
"3017","binary",1,81.0835974330362,0.352010475970872,0.552977248892796,"Human betaherpesvirus 5 (CMV).pbmc","comp_pancreas",-18.8176072552695
"3018","sex",1,82.3845731240948,1.65298616702945,0.198552984641032,"Human betaherpesvirus 5 (CMV).pbmc","comp_pancreas",-18.8176072552695
"3019","discretized_admit_age_quantile",4,83.1540780695427,8.42249111247745,0.0772717647344945,"Human betaherpesvirus 5 (CMV).pbmc","comp_pancreas",-18.8176072552695
"3020","trajectory_group",4,80.6562381776878,5.92465122062251,0.204846475155245,"Human betaherpesvirus 5 (CMV).pbmc","comp_pancreas",-18.8176072552695
"3021","<none>",NA,1042.73366107851,NA,NA,"Human betaherpesvirus 5 (CMV).pbmc","comp_renal",0.940024251116447
"3022","binary",1,1047.40798118325,6.67432010473976,0.00978118161337242,"Human betaherpesvirus 5 (CMV).pbmc","comp_renal",0.940024251116447
"3023","sex",1,1044.59634800958,3.86268693106649,0.0493712027006963,"Human betaherpesvirus 5 (CMV).pbmc","comp_renal",0.940024251116447
"3024","discretized_admit_age_quantile",4,1044.59584679579,9.86218571728091,0.0428142465091815,"Human betaherpesvirus 5 (CMV).pbmc","comp_renal",0.940024251116447
"3025","trajectory_group",4,1116.5139058706,81.7802447920865,0.0000000000000000730730287298789,"Human betaherpesvirus 5 (CMV).pbmc","comp_renal",0.940024251116447
"3026","<none>",NA,807.457499521527,NA,NA,"Human betaherpesvirus 5 (CMV).pbmc","comp_liver",-0.0480490426133275
"3027","binary",1,805.466598728944,0.00909920741696624,0.924005244729353,"Human betaherpesvirus 5 (CMV).pbmc","comp_liver",-0.0480490426133275
"3028","sex",1,810.479002983333,5.02150346180565,0.0250344232126787,"Human betaherpesvirus 5 (CMV).pbmc","comp_liver",-0.0480490426133275
"3029","discretized_admit_age_quantile",4,810.973729618463,11.5162300969366,0.0213357536948439,"Human betaherpesvirus 5 (CMV).pbmc","comp_liver",-0.0480490426133275
"3030","trajectory_group",4,802.391589523791,2.93409000226461,0.568915181134829,"Human betaherpesvirus 5 (CMV).pbmc","comp_liver",-0.0480490426133275
"3031","<none>",NA,381.47843232724,NA,NA,"Human betaherpesvirus 5 (CMV).pbmc","comp_othlab",-0.821372108912475
"3032","binary",1,380.229886296468,0.75145396922801,0.386016285603802,"Human betaherpesvirus 5 (CMV).pbmc","comp_othlab",-0.821372108912475
"3033","sex",1,382.786713689016,3.30828136177553,0.0689315474229229,"Human betaherpesvirus 5 (CMV).pbmc","comp_othlab",-0.821372108912475
"3034","discretized_admit_age_quantile",4,381.1872620888,7.7088297615598,0.102845614332098,"Human betaherpesvirus 5 (CMV).pbmc","comp_othlab",-0.821372108912475
"3035","trajectory_group",4,378.982077488678,5.5036451614373,0.239409252648061,"Human betaherpesvirus 5 (CMV).pbmc","comp_othlab",-0.821372108912475
"3036","<none>",NA,349.172024751409,NA,NA,"Human betaherpesvirus 5 (CMV).pbmc","comp_electrolyte",1.11789262928719
"3037","binary",1,349.995921836297,2.82389708488762,0.0928706692858414,"Human betaherpesvirus 5 (CMV).pbmc","comp_electrolyte",1.11789262928719
"3038","sex",1,347.203764829839,0.031740078429948,0.858599321877242,"Human betaherpesvirus 5 (CMV).pbmc","comp_electrolyte",1.11789262928719
"3039","discretized_admit_age_quantile",4,349.001933459995,7.82990870858566,0.098011360088663,"Human betaherpesvirus 5 (CMV).pbmc","comp_electrolyte",1.11789262928719
"3040","trajectory_group",4,351.529294876563,10.3572701251534,0.0348208936834926,"Human betaherpesvirus 5 (CMV).pbmc","comp_electrolyte",1.11789262928719
"3041","<none>",NA,318.910766256339,NA,NA,"Human betaherpesvirus 5 (CMV).pbmc","comp_othinf",0.863019608946729
"3042","binary",1,318.327969537725,1.41720328138581,0.233864278249494,"Human betaherpesvirus 5 (CMV).pbmc","comp_othinf",0.863019608946729
"3043","sex",1,316.991248488495,0.0804822321557594,0.776644965451611,"Human betaherpesvirus 5 (CMV).pbmc","comp_othinf",0.863019608946729
"3044","discretized_admit_age_quantile",4,314.002208121917,3.09144186557728,0.54264114693804,"Human betaherpesvirus 5 (CMV).pbmc","comp_othinf",0.863019608946729
"3045","trajectory_group",4,314.438829605722,3.5280633493831,0.473624100360017,"Human betaherpesvirus 5 (CMV).pbmc","comp_othinf",0.863019608946729
"3046","<none>",NA,33.3525479383546,NA,NA,"Human betaherpesvirus 5 (CMV).pbmc","comp_othpulm",-20.1348302862111
"3047","binary",1,31.4513384852989,0.0987905469442794,0.753285880749583,"Human betaherpesvirus 5 (CMV).pbmc","comp_othpulm",-20.1348302862111
"3048","sex",1,32.6209502485748,1.26840231022023,0.26006661950472,"Human betaherpesvirus 5 (CMV).pbmc","comp_othpulm",-20.1348302862111
"3049","discretized_admit_age_quantile",4,28.2299876379261,2.87743969957151,0.578540573052421,"Human betaherpesvirus 5 (CMV).pbmc","comp_othpulm",-20.1348302862111
"3050","trajectory_group",4,27.8474309217435,2.4948829833889,0.645552307893959,"Human betaherpesvirus 5 (CMV).pbmc","comp_othpulm",-20.1348302862111
"3051","<none>",NA,167.575314317821,NA,NA,"Human betaherpesvirus 5 (CMV).pbmc","comp_unddisease",1.38433832339193
"3052","binary",1,166.657804077726,1.08248975990523,0.298141246705417,"Human betaherpesvirus 5 (CMV).pbmc","comp_unddisease",1.38433832339193
"3053","sex",1,166.072574839,0.497260521179783,0.48070630487747,"Human betaherpesvirus 5 (CMV).pbmc","comp_unddisease",1.38433832339193
"3054","discretized_admit_age_quantile",4,167.464398579151,7.88908426133031,0.0957267249186023,"Human betaherpesvirus 5 (CMV).pbmc","comp_unddisease",1.38433832339193
"3055","trajectory_group",4,161.511445845359,1.93613152753866,0.747504802380875,"Human betaherpesvirus 5 (CMV).pbmc","comp_unddisease",1.38433832339193
"3056","<none>",NA,241.079309825024,NA,NA,"Human betaherpesvirus 5 (CMV).pbmc","comp_enceph",0.75169584560687
"3057","binary",1,240.102918186764,1.02360836174074,0.311664622047686,"Human betaherpesvirus 5 (CMV).pbmc","comp_enceph",0.75169584560687
"3058","sex",1,240.425693445596,1.34638362057274,0.245911333457304,"Human betaherpesvirus 5 (CMV).pbmc","comp_enceph",0.75169584560687
"3059","discretized_admit_age_quantile",4,241.476075585111,8.39676576008694,0.0780789107485326,"Human betaherpesvirus 5 (CMV).pbmc","comp_enceph",0.75169584560687
"3060","trajectory_group",4,246.57124410119,13.4919342761665,0.00910624534292,"Human betaherpesvirus 5 (CMV).pbmc","comp_enceph",0.75169584560687
"3061","<none>",NA,99.6080259588734,NA,NA,"Human betaherpesvirus 5 (CMV).pbmc","comp_othneuro",-18.1195622398615
"3062","binary",1,98.040440855736,0.432414896862582,0.510806368071194,"Human betaherpesvirus 5 (CMV).pbmc","comp_othneuro",-18.1195622398615
"3063","sex",1,97.6101705283321,0.0021445694586788,0.963063570382646,"Human betaherpesvirus 5 (CMV).pbmc","comp_othneuro",-18.1195622398615
"3064","discretized_admit_age_quantile",4,97.9638751973693,6.35584923849591,0.174102687015062,"Human betaherpesvirus 5 (CMV).pbmc","comp_othneuro",-18.1195622398615
"3065","trajectory_group",4,93.6009154812041,1.99288952233064,0.737066778858467,"Human betaherpesvirus 5 (CMV).pbmc","comp_othneuro",-18.1195622398615
"3066","<none>",NA,394.272572056956,NA,NA,"Human betaherpesvirus 5 (CMV).pbmc","comp_hypergly",0.255628793789458
"3067","binary",1,392.375039430493,0.102467373536683,0.748888543059632,"Human betaherpesvirus 5 (CMV).pbmc","comp_hypergly",0.255628793789458
"3068","sex",1,392.273777460585,0.00120540362848942,0.972303871488037,"Human betaherpesvirus 5 (CMV).pbmc","comp_hypergly",0.255628793789458
"3069","discretized_admit_age_quantile",4,396.144000447324,9.87142839036761,0.0426500497663931,"Human betaherpesvirus 5 (CMV).pbmc","comp_hypergly",0.255628793789458
"3070","trajectory_group",4,393.196461965843,6.92388990888719,0.139965376869953,"Human betaherpesvirus 5 (CMV).pbmc","comp_hypergly",0.255628793789458
"3071","<none>",NA,55.3580720535447,NA,NA,"Human betaherpesvirus 5 (CMV).pbmc","comp_psych",-17.6060099483762
"3072","binary",1,53.4841846052085,0.126112551663759,0.722497228829997,"Human betaherpesvirus 5 (CMV).pbmc","comp_psych",-17.6060099483762
"3073","sex",1,55.6655440187809,2.30747196523615,0.12875330239171,"Human betaherpesvirus 5 (CMV).pbmc","comp_psych",-17.6060099483762
"3074","discretized_admit_age_quantile",4,51.1888107543864,3.83073870084168,0.429397235414193,"Human betaherpesvirus 5 (CMV).pbmc","comp_psych",-17.6060099483762
"3075","trajectory_group",4,49.287212686261,1.92914063271624,0.748789958921682,"Human betaherpesvirus 5 (CMV).pbmc","comp_psych",-17.6060099483762
"3076","<none>",NA,133.783589147806,NA,NA,"Human betaherpesvirus 5 (CMV).pbmc","comp_gastroent",1.14595676610203
"3077","binary",1,132.518123710686,0.734534562880185,0.391417297326692,"Human betaherpesvirus 5 (CMV).pbmc","comp_gastroent",1.14595676610203
"3078","sex",1,133.061884432733,1.27829528492657,0.258216238964396,"Human betaherpesvirus 5 (CMV).pbmc","comp_gastroent",1.14595676610203
"3079","discretized_admit_age_quantile",4,126.606632193507,0.823043045700615,0.935332398883448,"Human betaherpesvirus 5 (CMV).pbmc","comp_gastroent",1.14595676610203
"3080","trajectory_group",4,132.967996714064,7.1844075662583,0.126458163702121,"Human betaherpesvirus 5 (CMV).pbmc","comp_gastroent",1.14595676610203
"3081","<none>",NA,32.92232761243,NA,NA,"Human betaherpesvirus 5 (CMV).pbmc","comp_pulmvas",43.7993205696257
"3082","binary",1,38.9030110185261,7.98068340609618,0.00472790906754523,"Human betaherpesvirus 5 (CMV).pbmc","comp_pulmvas",43.7993205696257
"3083","sex",1,36.3862423088566,5.46391469642663,0.0194131071042097,"Human betaherpesvirus 5 (CMV).pbmc","comp_pulmvas",43.7993205696257
"3084","discretized_admit_age_quantile",4,33.8692018437417,8.94687423131177,0.0624411766493603,"Human betaherpesvirus 5 (CMV).pbmc","comp_pulmvas",43.7993205696257
"3085","trajectory_group",4,32.6070413905843,7.68471377815436,0.103834673113904,"Human betaherpesvirus 5 (CMV).pbmc","comp_pulmvas",43.7993205696257
"3086","<none>",NA,236.184819921208,NA,NA,"Human betaherpesvirus 5 (CMV).pbmc","comp_other2",0.0778715715747219
"3087","binary",1,234.190124286053,0.00530436484476127,0.941940545840749,"Human betaherpesvirus 5 (CMV).pbmc","comp_other2",0.0778715715747219
"3088","sex",1,234.190152496948,0.00533257574042523,0.94178663150806,"Human betaherpesvirus 5 (CMV).pbmc","comp_other2",0.0778715715747219
"3089","discretized_admit_age_quantile",4,229.201622118829,1.01680219762147,0.907237615161373,"Human betaherpesvirus 5 (CMV).pbmc","comp_other2",0.0778715715747219
"3090","trajectory_group",4,230.250570339377,2.06575041816873,0.723666911849041,"Human betaherpesvirus 5 (CMV).pbmc","comp_other2",0.0778715715747219
"3091","<none>",NA,1294.39266604593,NA,NA,"Human gammaherpesvirus 4 (EBV).nasal","comorb_htn",-0.10204311983236
"3092","binary",1,1292.5404681996,0.147802153669545,0.700644609406434,"Human gammaherpesvirus 4 (EBV).nasal","comorb_htn",-0.10204311983236
"3093","sex",1,1292.4104723323,0.0178062863737978,0.893845256448791,"Human gammaherpesvirus 4 (EBV).nasal","comorb_htn",-0.10204311983236
"3094","discretized_admit_age_quantile",4,1402.74944860898,116.356782563054,0.000000000000000000000003203382918551,"Human gammaherpesvirus 4 (EBV).nasal","comorb_htn",-0.10204311983236
"3095","trajectory_group",4,1289.73797884043,3.34531279449948,0.501785011939027,"Human gammaherpesvirus 4 (EBV).nasal","comorb_htn",-0.10204311983236
"3096","<none>",NA,1316.56619885252,NA,NA,"Human gammaherpesvirus 4 (EBV).nasal","comorb_isaric_dm",-0.334284124348373
"3097","binary",1,1316.22986766582,1.66366881329873,0.197108695231422,"Human gammaherpesvirus 4 (EBV).nasal","comorb_isaric_dm",-0.334284124348373
"3098","sex",1,1324.29200875268,9.72580990015558,0.00181698237110683,"Human gammaherpesvirus 4 (EBV).nasal","comorb_isaric_dm",-0.334284124348373
"3099","discretized_admit_age_quantile",4,1348.29583075652,39.7296319039954,0.0000000492305407594131,"Human gammaherpesvirus 4 (EBV).nasal","comorb_isaric_dm",-0.334284124348373
"3100","trajectory_group",4,1322.96253910687,14.3963402543486,0.00613184771332146,"Human gammaherpesvirus 4 (EBV).nasal","comorb_isaric_dm",-0.334284124348373
"3101","<none>",NA,963.789629367879,NA,NA,"Human gammaherpesvirus 4 (EBV).nasal","comorb_anyresp_noasthma",-0.335550472922556
"3102","binary",1,962.879837293166,1.09020792528713,0.296425143945135,"Human gammaherpesvirus 4 (EBV).nasal","comorb_anyresp_noasthma",-0.335550472922556
"3103","sex",1,962.146299985279,0.3566706173998,0.550361128864365,"Human gammaherpesvirus 4 (EBV).nasal","comorb_anyresp_noasthma",-0.335550472922556
"3104","discretized_admit_age_quantile",4,998.26471772124,42.4750883533612,0.0000000132965379900132,"Human gammaherpesvirus 4 (EBV).nasal","comorb_anyresp_noasthma",-0.335550472922556
"3105","trajectory_group",4,976.539618616075,20.7499892481956,0.000354934557033352,"Human gammaherpesvirus 4 (EBV).nasal","comorb_anyresp_noasthma",-0.335550472922556
"3106","<none>",NA,831.005250318271,NA,NA,"Human gammaherpesvirus 4 (EBV).nasal","comorb_isaric_asthma",0.25279636330839
"3107","binary",1,829.545316389799,0.54006607152769,0.46240534556007,"Human gammaherpesvirus 4 (EBV).nasal","comorb_isaric_asthma",0.25279636330839
"3108","sex",1,862.367730223114,33.3624799048422,0.00000000764854200577544,"Human gammaherpesvirus 4 (EBV).nasal","comorb_isaric_asthma",0.25279636330839
"3109","discretized_admit_age_quantile",4,830.402915736241,7.39766541796985,0.116307400236001,"Human gammaherpesvirus 4 (EBV).nasal","comorb_isaric_asthma",0.25279636330839
"3110","trajectory_group",4,827.144256066186,4.13900574791478,0.387520218111802,"Human gammaherpesvirus 4 (EBV).nasal","comorb_isaric_asthma",0.25279636330839
"3111","<none>",NA,1105.73519790031,NA,NA,"Human gammaherpesvirus 4 (EBV).nasal","comorb_isaric_cardiac",-0.266068319278624
"3112","binary",1,1104.52605346766,0.790855567345943,0.373841546063057,"Human gammaherpesvirus 4 (EBV).nasal","comorb_isaric_cardiac",-0.266068319278624
"3113","sex",1,1109.1496965744,5.41449867409142,0.0199701871133937,"Human gammaherpesvirus 4 (EBV).nasal","comorb_isaric_cardiac",-0.266068319278624
"3114","discretized_admit_age_quantile",4,1170.97505356353,73.2398556632181,0.00000000000000469445708356776,"Human gammaherpesvirus 4 (EBV).nasal","comorb_isaric_cardiac",-0.266068319278624
"3115","trajectory_group",4,1105.61610528027,7.88090737995299,0.096039422293439,"Human gammaherpesvirus 4 (EBV).nasal","comorb_isaric_cardiac",-0.266068319278624
"3116","<none>",NA,854.379823972888,NA,NA,"Human gammaherpesvirus 4 (EBV).nasal","comorb_isaric_ckd",0.0119198039254068
"3117","binary",1,852.381011748919,0.00118777603040598,0.972507048076409,"Human gammaherpesvirus 4 (EBV).nasal","comorb_isaric_ckd",0.0119198039254068
"3118","sex",1,861.970210436647,9.59038646375916,0.00195598772430696,"Human gammaherpesvirus 4 (EBV).nasal","comorb_isaric_ckd",0.0119198039254068
"3119","discretized_admit_age_quantile",4,861.693149811372,15.3133258384833,0.00409358724986213,"Human gammaherpesvirus 4 (EBV).nasal","comorb_isaric_ckd",0.0119198039254068
"3120","trajectory_group",4,858.105640742314,11.7258167694257,0.0195109960950419,"Human gammaherpesvirus 4 (EBV).nasal","comorb_isaric_ckd",0.0119198039254068
"3121","<none>",NA,633.264845550736,NA,NA,"Human gammaherpesvirus 4 (EBV).nasal","comorb_isaric_neoplasm",-0.296227511081906
"3122","binary",1,631.693812958954,0.428967408218455,0.512496060711667,"Human gammaherpesvirus 4 (EBV).nasal","comorb_isaric_neoplasm",-0.296227511081906
"3123","sex",1,631.283489529511,0.018643978775458,0.891392068705483,"Human gammaherpesvirus 4 (EBV).nasal","comorb_isaric_neoplasm",-0.296227511081906
"3124","discretized_admit_age_quantile",4,661.215521758871,35.9506762081355,0.000000296209766634499,"Human gammaherpesvirus 4 (EBV).nasal","comorb_isaric_neoplasm",-0.296227511081906
"3125","trajectory_group",4,627.24715475921,1.98230920847391,0.739012878971738,"Human gammaherpesvirus 4 (EBV).nasal","comorb_isaric_neoplasm",-0.296227511081906
"3126","<none>",NA,705.110097869851,NA,NA,"Human gammaherpesvirus 4 (EBV).nasal","comorb_neuro",-0.731604607562539
"3127","binary",1,705.569877390701,2.45977952085036,0.116795175218056,"Human gammaherpesvirus 4 (EBV).nasal","comorb_neuro",-0.731604607562539
"3128","sex",1,704.45113911478,1.34104124492944,0.246850426035348,"Human gammaherpesvirus 4 (EBV).nasal","comorb_neuro",-0.731604607562539
"3129","discretized_admit_age_quantile",4,728.195555409546,31.0854575396954,0.00000294093760608722,"Human gammaherpesvirus 4 (EBV).nasal","comorb_neuro",-0.731604607562539
"3130","trajectory_group",4,699.681455354831,2.57135748498069,0.631905311530739,"Human gammaherpesvirus 4 (EBV).nasal","comorb_neuro",-0.731604607562539
"3131","<none>",NA,414.58838270002,NA,NA,"Human gammaherpesvirus 4 (EBV).nasal","comorb_isaric_liver",0.428892887925331
"3132","binary",1,413.335009463294,0.746626763274605,0.387546323489207,"Human gammaherpesvirus 4 (EBV).nasal","comorb_isaric_liver",0.428892887925331
"3133","sex",1,412.704258815163,0.115876115143408,0.733550944301276,"Human gammaherpesvirus 4 (EBV).nasal","comorb_isaric_liver",0.428892887925331
"3134","discretized_admit_age_quantile",4,416.204494781348,9.61611208132859,0.0474153096367408,"Human gammaherpesvirus 4 (EBV).nasal","comorb_isaric_liver",0.428892887925331
"3135","trajectory_group",4,408.628310454964,2.03992775494424,0.728415065267115,"Human gammaherpesvirus 4 (EBV).nasal","comorb_isaric_liver",0.428892887925331
"3136","<none>",NA,359.876168748119,NA,NA,"Human gammaherpesvirus 4 (EBV).nasal","comorb_hxtrans",-0.880723953960005
"3137","binary",1,359.834383031551,1.9582142834318,0.161704426450998,"Human gammaherpesvirus 4 (EBV).nasal","comorb_hxtrans",-0.880723953960005
"3138","sex",1,361.465853064595,3.58968431647611,0.0581392864707695,"Human gammaherpesvirus 4 (EBV).nasal","comorb_hxtrans",-0.880723953960005
"3139","discretized_admit_age_quantile",4,368.898542147692,17.0223733995729,0.00191369749582787,"Human gammaherpesvirus 4 (EBV).nasal","comorb_hxtrans",-0.880723953960005
"3140","trajectory_group",4,356.333360584271,4.45719183615205,0.347653642278611,"Human gammaherpesvirus 4 (EBV).nasal","comorb_hxtrans",-0.880723953960005
"3141","<none>",NA,140.477261940442,NA,NA,"Human gammaherpesvirus 4 (EBV).nasal","comorb_hiv2",0.145151634175617
"3142","binary",1,138.494191450634,0.0169295101925968,0.896476668042943,"Human gammaherpesvirus 4 (EBV).nasal","comorb_hiv2",0.145151634175617
"3143","sex",1,138.757545301672,0.280283361230005,0.596515551895282,"Human gammaherpesvirus 4 (EBV).nasal","comorb_hiv2",0.145151634175617
"3144","discretized_admit_age_quantile",4,145.443572137662,12.9663101972202,0.011441586862063,"Human gammaherpesvirus 4 (EBV).nasal","comorb_hiv2",0.145151634175617
"3145","trajectory_group",4,142.347963624876,9.87070168443438,0.0426629378454476,"Human gammaherpesvirus 4 (EBV).nasal","comorb_hiv2",0.145151634175617
"3146","<none>",NA,1227.01758631005,NA,NA,"Human gammaherpesvirus 4 (EBV).nasal","comorb_eversmkvape",-0.582245437865363
"3147","binary",1,1229.00272944285,3.98514313280134,0.0459032005163876,"Human gammaherpesvirus 4 (EBV).nasal","comorb_eversmkvape",-0.582245437865363
"3148","sex",1,1234.20137361571,9.18378730566064,0.00244168255466082,"Human gammaherpesvirus 4 (EBV).nasal","comorb_eversmkvape",-0.582245437865363
"3149","discretized_admit_age_quantile",4,1277.06991918427,58.0523328742236,0.00000000000744039467305171,"Human gammaherpesvirus 4 (EBV).nasal","comorb_eversmkvape",-0.582245437865363
"3150","trajectory_group",4,1221.15748360634,2.13989729629611,0.710046478199558,"Human gammaherpesvirus 4 (EBV).nasal","comorb_eversmkvape",-0.582245437865363
"3151","<none>",NA,529.356954050661,NA,NA,"Human gammaherpesvirus 4 (EBV).nasal","comorb_anysubstance",0.0096399778982406
"3152","binary",1,527.357319515029,0.000365464368655921,0.984747672230297,"Human gammaherpesvirus 4 (EBV).nasal","comorb_anysubstance",0.0096399778982406
"3153","sex",1,536.260110837604,8.90315678694367,0.0028467808513203,"Human gammaherpesvirus 4 (EBV).nasal","comorb_anysubstance",0.0096399778982406
"3154","discretized_admit_age_quantile",4,533.577406374881,12.2204523242208,0.0157850480999355,"Human gammaherpesvirus 4 (EBV).nasal","comorb_anysubstance",0.0096399778982406
"3155","trajectory_group",4,524.800730355653,3.4437763049923,0.486478612982665,"Human gammaherpesvirus 4 (EBV).nasal","comorb_anysubstance",0.0096399778982406
"3156","<none>",NA,483.364974947536,NA,NA,"Human gammaherpesvirus 4 (EBV).nasal","comorb_count",-0.845153267348291
"3157","binary",1,484.800905534948,3.43593058741175,0.0637926373562536,"Human gammaherpesvirus 4 (EBV).nasal","comorb_count",-0.845153267348291
"3158","sex",1,490.644854490273,9.27987954273709,0.00231684664664518,"Human gammaherpesvirus 4 (EBV).nasal","comorb_count",-0.845153267348291
"3159","discretized_admit_age_quantile",4,482.579862788183,7.21488784064644,0.12495886432693,"Human gammaherpesvirus 4 (EBV).nasal","comorb_count",-0.845153267348291
"3160","trajectory_group",4,479.758479580151,4.39350463261508,0.355362486043067,"Human gammaherpesvirus 4 (EBV).nasal","comorb_count",-0.845153267348291
"3161","<none>",NA,483.364974947536,NA,NA,"Human gammaherpesvirus 4 (EBV).nasal","comorb_countcat",-0.845153267348291
"3162","binary",1,484.800905534948,3.43593058741175,0.0637926373562536,"Human gammaherpesvirus 4 (EBV).nasal","comorb_countcat",-0.845153267348291
"3163","sex",1,490.644854490273,9.27987954273709,0.00231684664664518,"Human gammaherpesvirus 4 (EBV).nasal","comorb_countcat",-0.845153267348291
"3164","discretized_admit_age_quantile",4,482.579862788183,7.21488784064644,0.12495886432693,"Human gammaherpesvirus 4 (EBV).nasal","comorb_countcat",-0.845153267348291
"3165","trajectory_group",4,479.758479580151,4.39350463261508,0.355362486043067,"Human gammaherpesvirus 4 (EBV).nasal","comorb_countcat",-0.845153267348291
"3166","<none>",NA,1061.12527021559,NA,NA,"Human gammaherpesvirus 4 (EBV).nasal","timesymptomcat",0.183787493481304
"3167","binary",1,1059.45090032618,0.325630110595739,0.568243638169165,"Human gammaherpesvirus 4 (EBV).nasal","timesymptomcat",0.183787493481304
"3168","sex",1,1060.1956550143,1.07038479870971,0.300858545073749,"Human gammaherpesvirus 4 (EBV).nasal","timesymptomcat",0.183787493481304
"3169","discretized_admit_age_quantile",4,1053.63513712598,0.509866910390883,0.97253335316292,"Human gammaherpesvirus 4 (EBV).nasal","timesymptomcat",0.183787493481304
"3170","trajectory_group",4,1057.66330309981,4.53803288422455,0.338061555006651,"Human gammaherpesvirus 4 (EBV).nasal","timesymptomcat",0.183787493481304
"3171","<none>",NA,790.994069637674,NA,NA,"Human gammaherpesvirus 4 (EBV).nasal","symptom_allresp",-0.578079497868542
"3172","binary",1,791.592438829419,2.59836919174461,0.106973739306953,"Human gammaherpesvirus 4 (EBV).nasal","symptom_allresp",-0.578079497868542
"3173","sex",1,789.514268876575,0.520199238900659,0.470756704727416,"Human gammaherpesvirus 4 (EBV).nasal","symptom_allresp",-0.578079497868542
"3174","discretized_admit_age_quantile",4,790.52106786829,7.52699823061585,0.110524660733364,"Human gammaherpesvirus 4 (EBV).nasal","symptom_allresp",-0.578079497868542
"3175","trajectory_group",4,800.81414387343,17.8200742357551,0.00133812081779706,"Human gammaherpesvirus 4 (EBV).nasal","symptom_allresp",-0.578079497868542
"3176","<none>",NA,1372.63757345225,NA,NA,"Human gammaherpesvirus 4 (EBV).nasal","symptom_cough",-0.0858674087263531
"3177","binary",1,1370.74831888947,0.110745437214291,0.739297057025767,"Human gammaherpesvirus 4 (EBV).nasal","symptom_cough",-0.0858674087263531
"3178","sex",1,1370.70445981112,0.0668863588621207,0.795925385431584,"Human gammaherpesvirus 4 (EBV).nasal","symptom_cough",-0.0858674087263531
"3179","discretized_admit_age_quantile",4,1371.35114147961,6.71356802735227,0.151821492453641,"Human gammaherpesvirus 4 (EBV).nasal","symptom_cough",-0.0858674087263531
"3180","trajectory_group",4,1369.78331054538,5.14573709312549,0.272668158723128,"Human gammaherpesvirus 4 (EBV).nasal","symptom_cough",-0.0858674087263531
"3181","<none>",NA,862.402724026225,NA,NA,"Human gammaherpesvirus 4 (EBV).nasal","symptom_cough_prod",-0.034810915294957
"3182","binary",1,860.411990646857,0.00926662063227468,0.923311467505193,"Human gammaherpesvirus 4 (EBV).nasal","symptom_cough_prod",-0.034810915294957
"3183","sex",1,862.075942872383,1.67321884615819,0.195827950688277,"Human gammaherpesvirus 4 (EBV).nasal","symptom_cough_prod",-0.034810915294957
"3184","discretized_admit_age_quantile",4,859.267684379915,4.86496035369009,0.301436139861311,"Human gammaherpesvirus 4 (EBV).nasal","symptom_cough_prod",-0.034810915294957
"3185","trajectory_group",4,860.136089519161,5.73336549293606,0.219965232664146,"Human gammaherpesvirus 4 (EBV).nasal","symptom_cough_prod",-0.034810915294957
"3186","<none>",NA,223.864978693832,NA,NA,"Human gammaherpesvirus 4 (EBV).nasal","symptom_haemoptysis",0.5880573643497
"3187","binary",1,222.355212388512,0.490233694679716,0.483823077129056,"Human gammaherpesvirus 4 (EBV).nasal","symptom_haemoptysis",0.5880573643497
"3188","sex",1,222.289642561928,0.424663868095394,0.514618991221235,"Human gammaherpesvirus 4 (EBV).nasal","symptom_haemoptysis",0.5880573643497
"3189","discretized_admit_age_quantile",4,216.297025365152,0.432046671319057,0.979770065595388,"Human gammaherpesvirus 4 (EBV).nasal","symptom_haemoptysis",0.5880573643497
"3190","trajectory_group",4,218.567024284007,2.70204559017435,0.608856707959053,"Human gammaherpesvirus 4 (EBV).nasal","symptom_haemoptysis",0.5880573643497
"3191","<none>",NA,593.091196493321,NA,NA,"Human gammaherpesvirus 4 (EBV).nasal","symptom_sorethroat",-0.234935497752407
"3192","binary",1,591.32658577141,0.23538927808886,0.627556236426299,"Human gammaherpesvirus 4 (EBV).nasal","symptom_sorethroat",-0.234935497752407
"3193","sex",1,591.578185892591,0.486989399270783,0.485273346871749,"Human gammaherpesvirus 4 (EBV).nasal","symptom_sorethroat",-0.234935497752407
"3194","discretized_admit_age_quantile",4,586.759324004391,1.66812751107068,0.796498829490079,"Human gammaherpesvirus 4 (EBV).nasal","symptom_sorethroat",-0.234935497752407
"3195","trajectory_group",4,588.243763451834,3.15256695851372,0.532626084632276,"Human gammaherpesvirus 4 (EBV).nasal","symptom_sorethroat",-0.234935497752407
"3196","<none>",NA,422.500447264117,NA,NA,"Human gammaherpesvirus 4 (EBV).nasal","symptom_rhinorrhea",0.180587293689881
"3197","binary",1,420.60042647468,0.0999792105633333,0.751854583606018,"Human gammaherpesvirus 4 (EBV).nasal","symptom_rhinorrhea",0.180587293689881
"3198","sex",1,420.583933335479,0.0834860713620742,0.772627627022114,"Human gammaherpesvirus 4 (EBV).nasal","symptom_rhinorrhea",0.180587293689881
"3199","discretized_admit_age_quantile",4,420.953935146931,6.45348788281444,0.16774471672386,"Human gammaherpesvirus 4 (EBV).nasal","symptom_rhinorrhea",0.180587293689881
"3200","trajectory_group",4,423.905259700399,9.40481243628182,0.0517403163072392,"Human gammaherpesvirus 4 (EBV).nasal","symptom_rhinorrhea",0.180587293689881
"3201","<none>",NA,422.227371684147,NA,NA,"Human gammaherpesvirus 4 (EBV).nasal","symptom_wheeze",0.123018139404399
"3202","binary",1,420.284609780684,0.0572380965377306,0.810915729752273,"Human gammaherpesvirus 4 (EBV).nasal","symptom_wheeze",0.123018139404399
"3203","sex",1,420.901801705656,0.674430021509579,0.41151135033946,"Human gammaherpesvirus 4 (EBV).nasal","symptom_wheeze",0.123018139404399
"3204","discretized_admit_age_quantile",4,424.128932324,9.90156063985324,0.0421189313851204,"Human gammaherpesvirus 4 (EBV).nasal","symptom_wheeze",0.123018139404399
"3205","trajectory_group",4,417.19432217614,2.96695049199343,0.563371304330792,"Human gammaherpesvirus 4 (EBV).nasal","symptom_wheeze",0.123018139404399
"3206","<none>",NA,987.114332686087,NA,NA,"Human gammaherpesvirus 4 (EBV).nasal","symptom_chestpain",0.218267760322672
"3207","binary",1,985.566576363234,0.452243677146612,0.501271389203193,"Human gammaherpesvirus 4 (EBV).nasal","symptom_chestpain",0.218267760322672
"3208","sex",1,985.255847192729,0.141514506641784,0.706780005917846,"Human gammaherpesvirus 4 (EBV).nasal","symptom_chestpain",0.218267760322672
"3209","discretized_admit_age_quantile",4,1007.64217510057,28.5278424144875,0.00000974818684805204,"Human gammaherpesvirus 4 (EBV).nasal","symptom_chestpain",0.218267760322672
"3210","trajectory_group",4,982.574842631414,3.46050994532709,0.483908242791375,"Human gammaherpesvirus 4 (EBV).nasal","symptom_chestpain",0.218267760322672
"3211","<none>",NA,1202.0374768859,NA,NA,"Human gammaherpesvirus 4 (EBV).nasal","symptom_dyspnea",-0.382582455394842
"3212","binary",1,1201.87511113007,1.83763424416861,0.175228481587559,"Human gammaherpesvirus 4 (EBV).nasal","symptom_dyspnea",-0.382582455394842
"3213","sex",1,1200.12937387096,0.0918969850670237,0.761779243351367,"Human gammaherpesvirus 4 (EBV).nasal","symptom_dyspnea",-0.382582455394842
"3214","discretized_admit_age_quantile",4,1213.56712223185,19.5296453459484,0.000618298619061794,"Human gammaherpesvirus 4 (EBV).nasal","symptom_dyspnea",-0.382582455394842
"3215","trajectory_group",4,1223.95082661241,29.9133497265145,0.00000509730986503661,"Human gammaherpesvirus 4 (EBV).nasal","symptom_dyspnea",-0.382582455394842
"3216","<none>",NA,28.4986811674409,NA,NA,"Human gammaherpesvirus 4 (EBV).nasal","symptom_chestwall",21.999231595651
"3217","binary",1,29.6064145893523,3.10773342191149,0.0779213276610643,"Human gammaherpesvirus 4 (EBV).nasal","symptom_chestwall",21.999231595651
"3218","sex",1,28.3059981020878,1.80731693464691,0.178830424245064,"Human gammaherpesvirus 4 (EBV).nasal","symptom_chestwall",21.999231595651
"3219","discretized_admit_age_quantile",4,22.7680966597151,2.26941549227428,0.686342849233079,"Human gammaherpesvirus 4 (EBV).nasal","symptom_chestwall",21.999231595651
"3220","trajectory_group",4,22.3059983377387,1.80731717029786,0.771143362302014,"Human gammaherpesvirus 4 (EBV).nasal","symptom_chestwall",21.999231595651
"3221","<none>",NA,58.5645032895164,NA,NA,"Human gammaherpesvirus 4 (EBV).nasal","symptom_earpain",-19.9506812712583
"3222","binary",1,57.2452717130634,0.680768423546951,0.409322245793024,"Human gammaherpesvirus 4 (EBV).nasal","symptom_earpain",-19.9506812712583
"3223","sex",1,57.6238678688493,1.05936457933289,0.303360154402307,"Human gammaherpesvirus 4 (EBV).nasal","symptom_earpain",-19.9506812712583
"3224","discretized_admit_age_quantile",4,53.246399857812,2.6818965682956,0.612386177041635,"Human gammaherpesvirus 4 (EBV).nasal","symptom_earpain",-19.9506812712583
"3225","trajectory_group",4,52.6293856959674,2.06488240645102,0.72382649036762,"Human gammaherpesvirus 4 (EBV).nasal","symptom_earpain",-19.9506812712583
"3226","<none>",NA,30.2789777282392,NA,NA,"Human gammaherpesvirus 4 (EBV).nasal","symptom_conjunctivitis",-22.1488450474564
"3227","binary",1,28.7019941445241,0.42301641628482,0.515435735874763,"Human gammaherpesvirus 4 (EBV).nasal","symptom_conjunctivitis",-22.1488450474564
"3228","sex",1,29.7241295919846,1.44515186374535,0.22930747292027,"Human gammaherpesvirus 4 (EBV).nasal","symptom_conjunctivitis",-22.1488450474564
"3229","discretized_admit_age_quantile",4,27.6911848273194,5.41220709908012,0.247555004560953,"Human gammaherpesvirus 4 (EBV).nasal","symptom_conjunctivitis",-22.1488450474564
"3230","trajectory_group",4,23.4813330840405,1.20235535580126,0.877710671726093,"Human gammaherpesvirus 4 (EBV).nasal","symptom_conjunctivitis",-22.1488450474564
"3231","<none>",NA,1172.47900271809,NA,NA,"Human gammaherpesvirus 4 (EBV).nasal","symptom_allsyst",-0.372387675070474
"3232","binary",1,1172.35019637038,1.87119365229501,0.171338431632737,"Human gammaherpesvirus 4 (EBV).nasal","symptom_allsyst",-0.372387675070474
"3233","sex",1,1170.79968585298,0.320683134891624,0.571197394872796,"Human gammaherpesvirus 4 (EBV).nasal","symptom_allsyst",-0.372387675070474
"3234","discretized_admit_age_quantile",4,1180.22265111038,15.7436483922897,0.0033831645101798,"Human gammaherpesvirus 4 (EBV).nasal","symptom_allsyst",-0.372387675070474
"3235","trajectory_group",4,1175.24768847534,10.7686857572542,0.0292904337084061,"Human gammaherpesvirus 4 (EBV).nasal","symptom_allsyst",-0.372387675070474
"3236","<none>",NA,1379.99128017381,NA,NA,"Human gammaherpesvirus 4 (EBV).nasal","symptom_fever",-0.227047834430655
"3237","binary",1,1378.76065910473,0.769378930914399,0.380409253605848,"Human gammaherpesvirus 4 (EBV).nasal","symptom_fever",-0.227047834430655
"3238","sex",1,1378.23453020964,0.243250035827259,0.621868559123736,"Human gammaherpesvirus 4 (EBV).nasal","symptom_fever",-0.227047834430655
"3239","discretized_admit_age_quantile",4,1403.95071439274,31.9594342189223,0.00000194996801334316,"Human gammaherpesvirus 4 (EBV).nasal","symptom_fever",-0.227047834430655
"3240","trajectory_group",4,1376.1606689151,4.16938874129164,0.383566685132312,"Human gammaherpesvirus 4 (EBV).nasal","symptom_fever",-0.227047834430655
"3241","<none>",NA,1107.16958435504,NA,NA,"Human gammaherpesvirus 4 (EBV).nasal","symptom_chills",0.22803922921511
"3242","binary",1,1105.72971968772,0.560135332674236,0.454205720120717,"Human gammaherpesvirus 4 (EBV).nasal","symptom_chills",0.22803922921511
"3243","sex",1,1105.72652027211,0.556935917064266,0.455497449309707,"Human gammaherpesvirus 4 (EBV).nasal","symptom_chills",0.22803922921511
"3244","discretized_admit_age_quantile",4,1112.92212505749,13.7525407024416,0.0081281993259397,"Human gammaherpesvirus 4 (EBV).nasal","symptom_chills",0.22803922921511
"3245","trajectory_group",4,1110.53030697183,11.3607226167876,0.0227955660317625,"Human gammaherpesvirus 4 (EBV).nasal","symptom_chills",0.22803922921511
"3246","<none>",NA,116.064384607707,NA,NA,"Human gammaherpesvirus 4 (EBV).nasal","symptom_shaking",-17.4141063606436
"3247","binary",1,115.140891240351,1.07650663264377,0.299480362614733,"Human gammaherpesvirus 4 (EBV).nasal","symptom_shaking",-17.4141063606436
"3248","sex",1,114.291601809596,0.227217201888578,0.633594952524919,"Human gammaherpesvirus 4 (EBV).nasal","symptom_shaking",-17.4141063606436
"3249","discretized_admit_age_quantile",4,113.810087704227,5.74570309651916,0.218961255931536,"Human gammaherpesvirus 4 (EBV).nasal","symptom_shaking",-17.4141063606436
"3250","trajectory_group",4,111.507648730397,3.44326412268978,0.486557429329218,"Human gammaherpesvirus 4 (EBV).nasal","symptom_shaking",-17.4141063606436
"3251","<none>",NA,1387.63920977012,NA,NA,"Human gammaherpesvirus 4 (EBV).nasal","symptom_fatigue",-0.261710761287026
"3252","binary",1,1386.62990951525,0.990699745120992,0.31957141079912,"Human gammaherpesvirus 4 (EBV).nasal","symptom_fatigue",-0.261710761287026
"3253","sex",1,1385.65714700809,0.0179372379691358,0.893457947880508,"Human gammaherpesvirus 4 (EBV).nasal","symptom_fatigue",-0.261710761287026
"3254","discretized_admit_age_quantile",4,1384.76175280299,5.12254303286454,0.274953340175576,"Human gammaherpesvirus 4 (EBV).nasal","symptom_fatigue",-0.261710761287026
"3255","trajectory_group",4,1386.5141965295,6.8749867593715,0.142643935297912,"Human gammaherpesvirus 4 (EBV).nasal","symptom_fatigue",-0.261710761287026
"3256","<none>",NA,1090.61660666706,NA,NA,"Human gammaherpesvirus 4 (EBV).nasal","symptom_myalgia",-0.344036956011192
"3257","binary",1,1089.6322242171,1.0156175500415,0.313560798892261,"Human gammaherpesvirus 4 (EBV).nasal","symptom_myalgia",-0.344036956011192
"3258","sex",1,1088.75638842408,0.139781757027322,0.708498071768273,"Human gammaherpesvirus 4 (EBV).nasal","symptom_myalgia",-0.344036956011192
"3259","discretized_admit_age_quantile",4,1094.05807915755,11.4414724904975,0.0220258495371474,"Human gammaherpesvirus 4 (EBV).nasal","symptom_myalgia",-0.344036956011192
"3260","trajectory_group",4,1097.708404999,15.0917983319475,0.0045145596478725,"Human gammaherpesvirus 4 (EBV).nasal","symptom_myalgia",-0.344036956011192
"3261","<none>",NA,27.8190850137826,NA,NA,"Human gammaherpesvirus 4 (EBV).nasal","symptom_lymphadenopathy",23.0383966725837
"3262","binary",1,29.0509237021616,3.231838688379,0.0722195608206504,"Human gammaherpesvirus 4 (EBV).nasal","symptom_lymphadenopathy",23.0383966725837
"3263","sex",1,27.7416284642304,1.92254345044781,0.165576542882453,"Human gammaherpesvirus 4 (EBV).nasal","symptom_lymphadenopathy",23.0383966725837
"3264","discretized_admit_age_quantile",4,21.0040242456328,1.18493923185016,0.880571996075799,"Human gammaherpesvirus 4 (EBV).nasal","symptom_lymphadenopathy",23.0383966725837
"3265","trajectory_group",4,22.3059980114773,2.48691299769465,0.646980746872787,"Human gammaherpesvirus 4 (EBV).nasal","symptom_lymphadenopathy",23.0383966725837
"3266","<none>",NA,1283.02215933172,NA,NA,"Human gammaherpesvirus 4 (EBV).nasal","symptom_allneuro",0.183883333729407
"3267","binary",1,1281.49211721754,0.469957885819213,0.493006543673878,"Human gammaherpesvirus 4 (EBV).nasal","symptom_allneuro",0.183883333729407
"3268","sex",1,1281.72948444017,0.707325108444593,0.400333243795121,"Human gammaherpesvirus 4 (EBV).nasal","symptom_allneuro",0.183883333729407
"3269","discretized_admit_age_quantile",4,1278.82194731938,3.79978798766138,0.433779121375085,"Human gammaherpesvirus 4 (EBV).nasal","symptom_allneuro",0.183883333729407
"3270","trajectory_group",4,1277.30456297242,2.2824036407012,0.683974562991872,"Human gammaherpesvirus 4 (EBV).nasal","symptom_allneuro",0.183883333729407
"3271","<none>",NA,921.140690070848,NA,NA,"Human gammaherpesvirus 4 (EBV).nasal","symptom_headache",-0.274120130715232
"3272","binary",1,919.690593550139,0.549903479291402,0.458357135120125,"Human gammaherpesvirus 4 (EBV).nasal","symptom_headache",-0.274120130715232
"3273","sex",1,919.921610193563,0.780920122715429,0.376859881219892,"Human gammaherpesvirus 4 (EBV).nasal","symptom_headache",-0.274120130715232
"3274","discretized_admit_age_quantile",4,928.278927723775,15.1382376529268,0.00442292551836759,"Human gammaherpesvirus 4 (EBV).nasal","symptom_headache",-0.274120130715232
"3275","trajectory_group",4,927.477150331714,14.3364602608658,0.00629513683058364,"Human gammaherpesvirus 4 (EBV).nasal","symptom_headache",-0.274120130715232
"3276","<none>",NA,414.577604802257,NA,NA,"Human gammaherpesvirus 4 (EBV).nasal","symptom_confusion",0.264701723635916
"3277","binary",1,412.89382612362,0.316221321363344,0.573887390865628,"Human gammaherpesvirus 4 (EBV).nasal","symptom_confusion",0.264701723635916
"3278","sex",1,412.635497661851,0.0578928595936645,0.809857902344022,"Human gammaherpesvirus 4 (EBV).nasal","symptom_confusion",0.264701723635916
"3279","discretized_admit_age_quantile",4,433.313934797606,26.7363299953488,0.000022474033036562,"Human gammaherpesvirus 4 (EBV).nasal","symptom_confusion",0.264701723635916
"3280","trajectory_group",4,415.949062650337,9.37145784807979,0.0524565754345953,"Human gammaherpesvirus 4 (EBV).nasal","symptom_confusion",0.264701723635916
"3281","<none>",NA,45.3670372987144,NA,NA,"Human gammaherpesvirus 4 (EBV).nasal","symptom_seizure",-20.0717966157908
"3282","binary",1,43.709097955627,0.342060656912516,0.558642179913103,"Human gammaherpesvirus 4 (EBV).nasal","symptom_seizure",-20.0717966157908
"3283","sex",1,45.5137657669952,2.14672846828076,0.142874045311379,"Human gammaherpesvirus 4 (EBV).nasal","symptom_seizure",-20.0717966157908
"3284","discretized_admit_age_quantile",4,39.6218850431629,2.25484774444851,0.689001332410911,"Human gammaherpesvirus 4 (EBV).nasal","symptom_seizure",-20.0717966157908
"3285","trajectory_group",4,40.482536127667,3.11549882895252,0.53868640967268,"Human gammaherpesvirus 4 (EBV).nasal","symptom_seizure",-20.0717966157908
"3286","<none>",NA,184.707892802091,NA,NA,"Human gammaherpesvirus 4 (EBV).nasal","symptom_syncope",0.62246698138296
"3287","binary",1,183.227785370935,0.519892568843886,0.470887512657377,"Human gammaherpesvirus 4 (EBV).nasal","symptom_syncope",0.62246698138296
"3288","sex",1,186.599226681092,3.89133387900105,0.0485358609323527,"Human gammaherpesvirus 4 (EBV).nasal","symptom_syncope",0.62246698138296
"3289","discretized_admit_age_quantile",4,185.243955959899,8.536063157808,0.0738016049321484,"Human gammaherpesvirus 4 (EBV).nasal","symptom_syncope",0.62246698138296
"3290","trajectory_group",4,184.555788178749,7.84789537665742,0.0973115974802524,"Human gammaherpesvirus 4 (EBV).nasal","symptom_syncope",0.62246698138296
"3291","<none>",NA,709.051737530967,NA,NA,"Human gammaherpesvirus 4 (EBV).nasal","symptom_anosmia",0.485926645824644
"3292","binary",1,708.608684386771,1.55694685580465,0.212112819801581,"Human gammaherpesvirus 4 (EBV).nasal","symptom_anosmia",0.485926645824644
"3293","sex",1,707.713069307917,0.661331776950306,0.416090169326761,"Human gammaherpesvirus 4 (EBV).nasal","symptom_anosmia",0.485926645824644
"3294","discretized_admit_age_quantile",4,709.261414865594,8.20967733462737,0.08419246769215,"Human gammaherpesvirus 4 (EBV).nasal","symptom_anosmia",0.485926645824644
"3295","trajectory_group",4,704.843788276075,3.79205074510867,0.434879569987064,"Human gammaherpesvirus 4 (EBV).nasal","symptom_anosmia",0.485926645824644
"3296","<none>",NA,1358.02272352633,NA,NA,"Human gammaherpesvirus 4 (EBV).nasal","symptom_allGI",-0.293952217153283
"3297","binary",1,1357.21837056986,1.19564704352888,0.274193433010823,"Human gammaherpesvirus 4 (EBV).nasal","symptom_allGI",-0.293952217153283
"3298","sex",1,1362.75876405103,6.73604052469932,0.00944841034224708,"Human gammaherpesvirus 4 (EBV).nasal","symptom_allGI",-0.293952217153283
"3299","discretized_admit_age_quantile",4,1355.96788554633,5.94516202000227,0.203281207870987,"Human gammaherpesvirus 4 (EBV).nasal","symptom_allGI",-0.293952217153283
"3300","trajectory_group",4,1365.82250198312,15.799778456796,0.00329994196184256,"Human gammaherpesvirus 4 (EBV).nasal","symptom_allGI",-0.293952217153283
"3301","<none>",NA,647.552768231305,NA,NA,"Human gammaherpesvirus 4 (EBV).nasal","symptom_abdpain",0.415974017931031
"3302","binary",1,646.603719733134,1.05095150182922,0.305288049202082,"Human gammaherpesvirus 4 (EBV).nasal","symptom_abdpain",0.415974017931031
"3303","sex",1,646.630987898167,1.07821966686208,0.29909617029181,"Human gammaherpesvirus 4 (EBV).nasal","symptom_abdpain",0.415974017931031
"3304","discretized_admit_age_quantile",4,645.283247152374,5.73047892106956,0.220200711342462,"Human gammaherpesvirus 4 (EBV).nasal","symptom_abdpain",0.415974017931031
"3305","trajectory_group",4,641.495810544543,1.94304231323861,0.746234226802581,"Human gammaherpesvirus 4 (EBV).nasal","symptom_abdpain",0.415974017931031
"3306","<none>",NA,1058.96631738123,NA,NA,"Human gammaherpesvirus 4 (EBV).nasal","symptom_nausea",-0.195957397299331
"3307","binary",1,1057.31481759673,0.348500215495278,0.554963351945633,"Human gammaherpesvirus 4 (EBV).nasal","symptom_nausea",-0.195957397299331
"3308","sex",1,1064.21182377635,7.24550639511949,0.00710786657357149,"Human gammaherpesvirus 4 (EBV).nasal","symptom_nausea",-0.195957397299331
"3309","discretized_admit_age_quantile",4,1064.66271462362,13.6963972423894,0.00832981034524012,"Human gammaherpesvirus 4 (EBV).nasal","symptom_nausea",-0.195957397299331
"3310","trajectory_group",4,1069.45747042838,18.4911530471463,0.000989084816843712,"Human gammaherpesvirus 4 (EBV).nasal","symptom_nausea",-0.195957397299331
"3311","<none>",NA,1083.95608081263,NA,NA,"Human gammaherpesvirus 4 (EBV).nasal","symptom_diarrhea",-0.620829756845916
"3312","binary",1,1085.12656702522,3.17048621258482,0.0749801218989268,"Human gammaherpesvirus 4 (EBV).nasal","symptom_diarrhea",-0.620829756845916
"3313","sex",1,1083.26570876672,1.30962795408641,0.252462027338953,"Human gammaherpesvirus 4 (EBV).nasal","symptom_diarrhea",-0.620829756845916
"3314","discretized_admit_age_quantile",4,1081.45373578725,5.49765497462045,0.239935686067633,"Human gammaherpesvirus 4 (EBV).nasal","symptom_diarrhea",-0.620829756845916
"3315","trajectory_group",4,1080.83394339841,4.87786258577376,0.30006068530216,"Human gammaherpesvirus 4 (EBV).nasal","symptom_diarrhea",-0.620829756845916
"3316","<none>",NA,116.275202996063,NA,NA,"Human gammaherpesvirus 4 (EBV).nasal","symptom_allderm",0.226995519446504
"3317","binary",1,114.315631295152,0.0404282990885036,0.840645484048533,"Human gammaherpesvirus 4 (EBV).nasal","symptom_allderm",0.226995519446504
"3318","sex",1,114.35250175154,0.0772987554764057,0.78099198766754,"Human gammaherpesvirus 4 (EBV).nasal","symptom_allderm",0.226995519446504
"3319","discretized_admit_age_quantile",4,115.948710123256,7.67350712719301,0.104297298428238,"Human gammaherpesvirus 4 (EBV).nasal","symptom_allderm",0.226995519446504
"3320","trajectory_group",4,112.095582791842,3.82037979577932,0.430860217930425,"Human gammaherpesvirus 4 (EBV).nasal","symptom_allderm",0.226995519446504
"3321","<none>",NA,92.0586745423615,NA,NA,"Human gammaherpesvirus 4 (EBV).nasal","symptom_skinrash",0.907876461127504
"3322","binary",1,90.587163377826,0.528488835464515,0.467242878162856,"Human gammaherpesvirus 4 (EBV).nasal","symptom_skinrash",0.907876461127504
"3323","sex",1,90.276496650384,0.21782210802256,0.640704396850734,"Human gammaherpesvirus 4 (EBV).nasal","symptom_skinrash",0.907876461127504
"3324","discretized_admit_age_quantile",4,87.1599229750366,3.10124843267513,0.541026998593038,"Human gammaherpesvirus 4 (EBV).nasal","symptom_skinrash",0.907876461127504
"3325","trajectory_group",4,85.4798191816813,1.42114463931982,0.840511776203237,"Human gammaherpesvirus 4 (EBV).nasal","symptom_skinrash",0.907876461127504
"3326","<none>",NA,44.6598842011932,NA,NA,"Human gammaherpesvirus 4 (EBV).nasal","symptom_skinulcer",-18.6956451450359
"3327","binary",1,43.3672158081272,0.707331606934019,0.400331079494689,"Human gammaherpesvirus 4 (EBV).nasal","symptom_skinulcer",-18.6956451450359
"3328","sex",1,44.5471591832261,1.88727498203289,0.169509597084601,"Human gammaherpesvirus 4 (EBV).nasal","symptom_skinulcer",-18.6956451450359
"3329","discretized_admit_age_quantile",4,45.8250160915173,9.16513189032413,0.0571019262814299,"Human gammaherpesvirus 4 (EBV).nasal","symptom_skinulcer",-18.6956451450359
"3330","trajectory_group",4,45.1743977346635,8.51451353347034,0.0744485196946397,"Human gammaherpesvirus 4 (EBV).nasal","symptom_skinulcer",-18.6956451450359
"3331","<none>",NA,581.170469041845,NA,NA,"Human gammaherpesvirus 4 (EBV).nasal","symptom_allother",-0.0917839660045488
"3332","binary",1,579.210964995262,0.0404959534172349,0.840513993328177,"Human gammaherpesvirus 4 (EBV).nasal","symptom_allother",-0.0917839660045488
"3333","sex",1,579.408882058516,0.238413016670847,0.625354674549279,"Human gammaherpesvirus 4 (EBV).nasal","symptom_allother",-0.0917839660045488
"3334","discretized_admit_age_quantile",4,576.313607927637,3.14313888579204,0.534163636159818,"Human gammaherpesvirus 4 (EBV).nasal","symptom_allother",-0.0917839660045488
"3335","trajectory_group",4,588.880111853913,15.7096428120683,0.00343458456046835,"Human gammaherpesvirus 4 (EBV).nasal","symptom_allother",-0.0917839660045488
"3336","<none>",NA,332.276247821612,NA,NA,"Human gammaherpesvirus 4 (EBV).nasal","symptom_arthralgia",0.797524430284814
"3337","binary",1,331.883521994254,1.60727417264269,0.204875393078492,"Human gammaherpesvirus 4 (EBV).nasal","symptom_arthralgia",0.797524430284814
"3338","sex",1,330.625360380586,0.349112558974184,0.554615919272987,"Human gammaherpesvirus 4 (EBV).nasal","symptom_arthralgia",0.797524430284814
"3339","discretized_admit_age_quantile",4,326.121170489378,1.84492266776687,0.76425404603338,"Human gammaherpesvirus 4 (EBV).nasal","symptom_arthralgia",0.797524430284814
"3340","trajectory_group",4,339.761643622721,15.4853958011093,0.00379345117394704,"Human gammaherpesvirus 4 (EBV).nasal","symptom_arthralgia",0.797524430284814
"3341","<none>",NA,212.221773182898,NA,NA,"Human gammaherpesvirus 4 (EBV).nasal","symptom_edema",-0.113675796449844
"3342","binary",1,210.243598505008,0.0218253221101463,0.882552731702882,"Human gammaherpesvirus 4 (EBV).nasal","symptom_edema",-0.113675796449844
"3343","sex",1,212.091172958337,1.86939977543975,0.171543839800382,"Human gammaherpesvirus 4 (EBV).nasal","symptom_edema",-0.113675796449844
"3344","discretized_admit_age_quantile",4,206.358891835215,2.13711865231735,0.710556410651401,"Human gammaherpesvirus 4 (EBV).nasal","symptom_edema",-0.113675796449844
"3345","trajectory_group",4,216.574878746055,12.3531055631574,0.0149098437799376,"Human gammaherpesvirus 4 (EBV).nasal","symptom_edema",-0.113675796449844
"3346","<none>",NA,242.158668680128,NA,NA,"Human gammaherpesvirus 4 (EBV).nasal","symptom_nonamb",-0.938740188334178
"3347","binary",1,241.212474684624,1.05380600449601,0.304632155369392,"Human gammaherpesvirus 4 (EBV).nasal","symptom_nonamb",-0.938740188334178
"3348","sex",1,240.616287590626,0.457618910498525,0.498738885976797,"Human gammaherpesvirus 4 (EBV).nasal","symptom_nonamb",-0.938740188334178
"3349","discretized_admit_age_quantile",4,237.837018059259,3.67834937913108,0.45128271114464,"Human gammaherpesvirus 4 (EBV).nasal","symptom_nonamb",-0.938740188334178
"3350","trajectory_group",4,237.885864614986,3.72719593485812,0.4441827941737,"Human gammaherpesvirus 4 (EBV).nasal","symptom_nonamb",-0.938740188334178
"3351","<none>",NA,54.504208153213,NA,NA,"Human gammaherpesvirus 4 (EBV).nasal","symptom_bleeding",-19.6053756560775
"3352","binary",1,53.0761233876476,0.57191523443462,0.449498855418643,"Human gammaherpesvirus 4 (EBV).nasal","symptom_bleeding",-19.6053756560775
"3353","sex",1,52.5043921788232,0.00018402561013886,0.989176546028252,"Human gammaherpesvirus 4 (EBV).nasal","symptom_bleeding",-19.6053756560775
"3354","discretized_admit_age_quantile",4,54.3528593213469,7.84865116813389,0.0972822962922529,"Human gammaherpesvirus 4 (EBV).nasal","symptom_bleeding",-19.6053756560775
"3355","trajectory_group",4,49.2217026002318,2.71749444701876,0.606156798542305,"Human gammaherpesvirus 4 (EBV).nasal","symptom_bleeding",-19.6053756560775
"3356","<none>",NA,740.414006471873,NA,NA,"Human gammaherpesvirus 4 (EBV).nasal","ever_ever_esc",0.302186233977607
"3357","binary",1,739.318563227306,0.90455675543285,0.341562808841375,"Human gammaherpesvirus 4 (EBV).nasal","ever_ever_esc",0.302186233977607
"3358","sex",1,738.423648467304,0.00964199543125233,0.921778514430458,"Human gammaherpesvirus 4 (EBV).nasal","ever_ever_esc",0.302186233977607
"3359","discretized_admit_age_quantile",4,736.920200568129,4.50619409625585,0.341813651984349,"Human gammaherpesvirus 4 (EBV).nasal","ever_ever_esc",0.302186233977607
"3360","trajectory_group",4,858.532385140748,126.118378668875,0.0000000000000000000000000263222783383285,"Human gammaherpesvirus 4 (EBV).nasal","ever_ever_esc",0.302186233977607
"3361","<none>",NA,781.820317365597,NA,NA,"Human gammaherpesvirus 4 (EBV).nasal","ever_icu",1.11503438837152
"3362","binary",1,788.521573698727,8.70125633312955,0.00317990809124098,"Human gammaherpesvirus 4 (EBV).nasal","ever_icu",1.11503438837152
"3363","sex",1,788.786407451227,8.96609008562928,0.00275036549546258,"Human gammaherpesvirus 4 (EBV).nasal","ever_icu",1.11503438837152
"3364","discretized_admit_age_quantile",4,782.238298555551,8.41798118995337,0.0774126943806573,"Human gammaherpesvirus 4 (EBV).nasal","ever_icu",1.11503438837152
"3365","trajectory_group",4,1160.78752012131,386.967202755717,0.000000000000000000000000000000000000000000000000000000000000000000000000000000000181979543328143,"Human gammaherpesvirus 4 (EBV).nasal","ever_icu",1.11503438837152
"3366","<none>",NA,362.634625341445,NA,NA,"Human gammaherpesvirus 4 (EBV).nasal","diedever",1.23911312775255
"3367","binary",1,369.489176253078,8.85455091163271,0.00292359040940011,"Human gammaherpesvirus 4 (EBV).nasal","diedever",1.23911312775255
"3368","sex",1,366.780282926129,6.14565758468353,0.0131735171160268,"Human gammaherpesvirus 4 (EBV).nasal","diedever",1.23911312775255
"3369","discretized_admit_age_quantile",4,374.249904095021,19.6152787535757,0.000594740047401304,"Human gammaherpesvirus 4 (EBV).nasal","diedever",1.23911312775255
"3370","trajectory_group",4,778.217684711832,423.583059370387,0.00000000000000000000000000000000000000000000000000000000000000000000000000000000000000000222875166407393,"Human gammaherpesvirus 4 (EBV).nasal","diedever",1.23911312775255
"3371","<none>",NA,1288.00927244328,NA,NA,"Human gammaherpesvirus 4 (EBV).nasal","ever_remdes",0.189979615410929
"3372","binary",1,1286.46663864893,0.457366205643666,0.498857459682643,"Human gammaherpesvirus 4 (EBV).nasal","ever_remdes",0.189979615410929
"3373","sex",1,1287.2790443899,1.26977194661322,0.259809466914854,"Human gammaherpesvirus 4 (EBV).nasal","ever_remdes",0.189979615410929
"3374","discretized_admit_age_quantile",4,1285.06596038677,5.0566879434848,0.281530260261567,"Human gammaherpesvirus 4 (EBV).nasal","ever_remdes",0.189979615410929
"3375","trajectory_group",4,1321.48386557456,41.4745931312768,0.0000000214344360999845,"Human gammaherpesvirus 4 (EBV).nasal","ever_remdes",0.189979615410929
"3376","<none>",NA,1042.31011919838,NA,NA,"Human gammaherpesvirus 4 (EBV).nasal","ever_steroids",-0.346300561218332
"3377","binary",1,1041.38081605797,1.07069685959186,0.300788094782154,"Human gammaherpesvirus 4 (EBV).nasal","ever_steroids",-0.346300561218332
"3378","sex",1,1046.61284382758,6.3027246291947,0.0120552543774637,"Human gammaherpesvirus 4 (EBV).nasal","ever_steroids",-0.346300561218332
"3379","discretized_admit_age_quantile",4,1039.36874918681,5.05862998842554,0.281334424437587,"Human gammaherpesvirus 4 (EBV).nasal","ever_steroids",-0.346300561218332
"3380","trajectory_group",4,1123.3983564004,89.0882372020185,0.00000000000000000205668315991842,"Human gammaherpesvirus 4 (EBV).nasal","ever_steroids",-0.346300561218332
"3381","<none>",NA,1208.34803459112,NA,NA,"Human gammaherpesvirus 4 (EBV).nasal","ever_azithro",0.0647751135879524
"3382","binary",1,1206.40351232245,0.0554777313243449,0.813791877403923,"Human gammaherpesvirus 4 (EBV).nasal","ever_azithro",0.0647751135879524
"3383","sex",1,1207.12290883877,0.774874247649677,0.378713375785968,"Human gammaherpesvirus 4 (EBV).nasal","ever_azithro",0.0647751135879524
"3384","discretized_admit_age_quantile",4,1202.37901599911,2.03098140798761,0.73006039696949,"Human gammaherpesvirus 4 (EBV).nasal","ever_azithro",0.0647751135879524
"3385","trajectory_group",4,1216.603518093,16.2554835018743,0.00269482117618396,"Human gammaherpesvirus 4 (EBV).nasal","ever_azithro",0.0647751135879524
"3386","<none>",NA,1213.89353306401,NA,NA,"Human gammaherpesvirus 4 (EBV).nasal","ever_otherabx",0.700533541640046
"3387","binary",1,1216.84136599036,4.94783292634384,0.0261233938954538,"Human gammaherpesvirus 4 (EBV).nasal","ever_otherabx",0.700533541640046
"3388","sex",1,1211.89878441492,0.00525135090833828,0.942230899012805,"Human gammaherpesvirus 4 (EBV).nasal","ever_otherabx",0.700533541640046
"3389","discretized_admit_age_quantile",4,1208.44153519046,2.54800212644318,0.636061386695883,"Human gammaherpesvirus 4 (EBV).nasal","ever_otherabx",0.700533541640046
"3390","trajectory_group",4,1304.84075100652,98.9472179425077,0.0000000000000000000164796879078844,"Human gammaherpesvirus 4 (EBV).nasal","ever_otherabx",0.700533541640046
"3391","<none>",NA,452.678119585238,NA,NA,"Human gammaherpesvirus 4 (EBV).nasal","ever_conplas",-0.836433747861042
"3392","binary",1,452.604645350268,1.92652576502996,0.165139045366483,"Human gammaherpesvirus 4 (EBV).nasal","ever_conplas",-0.836433747861042
"3393","sex",1,452.899286785837,2.22116720059887,0.136130109148235,"Human gammaherpesvirus 4 (EBV).nasal","ever_conplas",-0.836433747861042
"3394","discretized_admit_age_quantile",4,457.850830522178,13.1727109369397,0.0104620153395851,"Human gammaherpesvirus 4 (EBV).nasal","ever_conplas",-0.836433747861042
"3395","trajectory_group",4,469.47285976849,24.7947401832518,0.0000553235619159818,"Human gammaherpesvirus 4 (EBV).nasal","ever_conplas",-0.836433747861042
"3396","<none>",NA,74.2817982102459,NA,NA,"Human gammaherpesvirus 4 (EBV).nasal","ever_monoclonal",1.08956924095448
"3397","binary",1,72.9397422603394,0.657944050093477,0.41728671054198,"Human gammaherpesvirus 4 (EBV).nasal","ever_monoclonal",1.08956924095448
"3398","sex",1,72.3262241688231,0.0444259585771363,0.833063110357997,"Human gammaherpesvirus 4 (EBV).nasal","ever_monoclonal",1.08956924095448
"3399","discretized_admit_age_quantile",4,69.3711981727992,3.0893999625533,0.542977593716916,"Human gammaherpesvirus 4 (EBV).nasal","ever_monoclonal",1.08956924095448
"3400","trajectory_group",4,69.8515303073388,3.56973209709284,0.467354936905741,"Human gammaherpesvirus 4 (EBV).nasal","ever_monoclonal",1.08956924095448
"3401","<none>",NA,446.800044968093,NA,NA,"Human gammaherpesvirus 4 (EBV).nasal","ever_immsupp",-0.339055762306493
"3402","binary",1,445.223759409299,0.423714441205391,0.515089405396413,"Human gammaherpesvirus 4 (EBV).nasal","ever_immsupp",-0.339055762306493
"3403","sex",1,447.140584590318,2.34053962222492,0.126045883891496,"Human gammaherpesvirus 4 (EBV).nasal","ever_immsupp",-0.339055762306493
"3404","discretized_admit_age_quantile",4,449.756439712595,10.9563947445021,0.0270584731110846,"Human gammaherpesvirus 4 (EBV).nasal","ever_immsupp",-0.339055762306493
"3405","trajectory_group",4,440.679274807884,1.87922983979041,0.757959396481151,"Human gammaherpesvirus 4 (EBV).nasal","ever_immsupp",-0.339055762306493
"3406","<none>",NA,737.804961964631,NA,NA,"Human gammaherpesvirus 4 (EBV).nasal","anycomp",0.57867531475061
"3407","binary",1,737.139366932239,1.33440496760772,0.24802307878783,"Human gammaherpesvirus 4 (EBV).nasal","anycomp",0.57867531475061
"3408","sex",1,740.255767409354,4.45080544472296,0.0348847896459812,"Human gammaherpesvirus 4 (EBV).nasal","anycomp",0.57867531475061
"3409","discretized_admit_age_quantile",4,737.625116295192,7.82015433056017,0.0983928138417609,"Human gammaherpesvirus 4 (EBV).nasal","anycomp",0.57867531475061
"3410","trajectory_group",4,765.570274702129,35.7653127374977,0.000000323388153871955,"Human gammaherpesvirus 4 (EBV).nasal","anycomp",0.57867531475061
"3411","<none>",NA,737.804961964631,NA,NA,"Human gammaherpesvirus 4 (EBV).nasal","ncomp",0.57867531475061
"3412","binary",1,737.139366932239,1.33440496760772,0.24802307878783,"Human gammaherpesvirus 4 (EBV).nasal","ncomp",0.57867531475061
"3413","sex",1,740.255767409354,4.45080544472296,0.0348847896459812,"Human gammaherpesvirus 4 (EBV).nasal","ncomp",0.57867531475061
"3414","discretized_admit_age_quantile",4,737.625116295192,7.82015433056017,0.0983928138417609,"Human gammaherpesvirus 4 (EBV).nasal","ncomp",0.57867531475061
"3415","trajectory_group",4,765.570274702129,35.7653127374977,0.000000323388153871955,"Human gammaherpesvirus 4 (EBV).nasal","ncomp",0.57867531475061
"3416","<none>",NA,77.7541754125037,NA,NA,"Human gammaherpesvirus 4 (EBV).nasal","comp_seizure",-19.5427633126923
"3417","binary",1,76.8711243971986,1.1169489846949,0.290576366200884,"Human gammaherpesvirus 4 (EBV).nasal","comp_seizure",-19.5427633126923
"3418","sex",1,76.2382558336173,0.484080421113603,0.486579843858409,"Human gammaherpesvirus 4 (EBV).nasal","comp_seizure",-19.5427633126923
"3419","discretized_admit_age_quantile",4,74.3268845922055,4.5727091797018,0.334012899066779,"Human gammaherpesvirus 4 (EBV).nasal","comp_seizure",-19.5427633126923
"3420","trajectory_group",4,73.7563212813399,4.00214586883627,0.405715515841281,"Human gammaherpesvirus 4 (EBV).nasal","comp_seizure",-19.5427633126923
"3421","<none>",NA,145.096788189691,NA,NA,"Human gammaherpesvirus 4 (EBV).nasal","comp_meningitis",1.26486392280188
"3422","binary",1,146.381104044937,3.28431585524592,0.0699447730106226,"Human gammaherpesvirus 4 (EBV).nasal","comp_meningitis",1.26486392280188
"3423","sex",1,143.685045006921,0.588256817230132,0.443093989425481,"Human gammaherpesvirus 4 (EBV).nasal","comp_meningitis",1.26486392280188
"3424","discretized_admit_age_quantile",4,140.297219473111,3.20043128342019,0.524861289906133,"Human gammaherpesvirus 4 (EBV).nasal","comp_meningitis",1.26486392280188
"3425","trajectory_group",4,144.214440385913,7.11765219622177,0.129799939300442,"Human gammaherpesvirus 4 (EBV).nasal","comp_meningitis",1.26486392280188
"3426","<none>",NA,182.113227810326,NA,NA,"Human gammaherpesvirus 4 (EBV).nasal","comp_stroke",0.979752909216456
"3427","binary",1,182.767271868763,2.65404405843722,0.103286833145409,"Human gammaherpesvirus 4 (EBV).nasal","comp_stroke",0.979752909216456
"3428","sex",1,181.118525644555,1.00529783422962,0.316031973810669,"Human gammaherpesvirus 4 (EBV).nasal","comp_stroke",0.979752909216456
"3429","discretized_admit_age_quantile",4,177.993290063227,3.88006225290101,0.422480934803756,"Human gammaherpesvirus 4 (EBV).nasal","comp_stroke",0.979752909216456
"3430","trajectory_group",4,189.670811542166,15.5575837318399,0.00367407797690681,"Human gammaherpesvirus 4 (EBV).nasal","comp_stroke",0.979752909216456
"3431","<none>",NA,505.57729905226,NA,NA,"Human gammaherpesvirus 4 (EBV).nasal","comp_afib",-0.396646301444431
"3432","binary",1,504.350792912025,0.77349385976504,0.379138364343022,"Human gammaherpesvirus 4 (EBV).nasal","comp_afib",-0.396646301444431
"3433","sex",1,510.705038909285,7.12773985702466,0.00759003414707422,"Human gammaherpesvirus 4 (EBV).nasal","comp_afib",-0.396646301444431
"3434","discretized_admit_age_quantile",4,519.624967207073,22.0476681548136,0.000196088744266664,"Human gammaherpesvirus 4 (EBV).nasal","comp_afib",-0.396646301444431
"3435","trajectory_group",4,525.171225871698,27.5939268194383,0.0000150739657447306,"Human gammaherpesvirus 4 (EBV).nasal","comp_afib",-0.396646301444431
"3436","<none>",NA,286.119309223617,NA,NA,"Human gammaherpesvirus 4 (EBV).nasal","comp_ventricular_arr",0.724352293509186
"3437","binary",1,286.01886536186,1.89955613824276,0.168128009698441,"Human gammaherpesvirus 4 (EBV).nasal","comp_ventricular_arr",0.724352293509186
"3438","sex",1,287.478308939441,3.35899971582387,0.0668386557632317,"Human gammaherpesvirus 4 (EBV).nasal","comp_ventricular_arr",0.724352293509186
"3439","discretized_admit_age_quantile",4,280.212175146251,2.09286592263391,0.718683148033825,"Human gammaherpesvirus 4 (EBV).nasal","comp_ventricular_arr",0.724352293509186
"3440","trajectory_group",4,300.742728806925,22.6234195833079,0.000150558481693439,"Human gammaherpesvirus 4 (EBV).nasal","comp_ventricular_arr",0.724352293509186
"3441","<none>",NA,33.434742216986,NA,NA,"Human gammaherpesvirus 4 (EBV).nasal","comp_endo",-18.8845645908543
"3442","binary",1,31.840123722041,0.405381505055043,0.524323028630759,"Human gammaherpesvirus 4 (EBV).nasal","comp_endo",-18.8845645908543
"3443","sex",1,32.4137002531694,0.978958036183407,0.322456185689938,"Human gammaherpesvirus 4 (EBV).nasal","comp_endo",-18.8845645908543
"3444","discretized_admit_age_quantile",4,27.5157764334684,2.08103421648244,0.720857467791915,"Human gammaherpesvirus 4 (EBV).nasal","comp_endo",-18.8845645908543
"3445","trajectory_group",4,28.7551793398333,3.32043712284739,0.505700705370793,"Human gammaherpesvirus 4 (EBV).nasal","comp_endo",-18.8845645908543
"3446","<none>",NA,66.0438419609259,NA,NA,"Human gammaherpesvirus 4 (EBV).nasal","comp_myocard",-19.8483598630943
"3447","binary",1,64.7850054557576,0.741163494831696,0.389288423983854,"Human gammaherpesvirus 4 (EBV).nasal","comp_myocard",-19.8483598630943
"3448","sex",1,64.5111357773445,0.467293816418575,0.494234780956687,"Human gammaherpesvirus 4 (EBV).nasal","comp_myocard",-19.8483598630943
"3449","discretized_admit_age_quantile",4,63.2591500444373,5.21530808351146,0.265910277273247,"Human gammaherpesvirus 4 (EBV).nasal","comp_myocard",-19.8483598630943
"3450","trajectory_group",4,63.006338208789,4.96249624786312,0.291167307214044,"Human gammaherpesvirus 4 (EBV).nasal","comp_myocard",-19.8483598630943
"3451","<none>",NA,178.305284573338,NA,NA,"Human gammaherpesvirus 4 (EBV).nasal","comp_cardarrest",1.03320271741217
"3452","binary",1,178.767349379618,2.4620648062803,0.116625382455561,"Human gammaherpesvirus 4 (EBV).nasal","comp_cardarrest",1.03320271741217
"3453","sex",1,178.696834113123,2.39154953978462,0.12199265431593,"Human gammaherpesvirus 4 (EBV).nasal","comp_cardarrest",1.03320271741217
"3454","discretized_admit_age_quantile",4,172.513482023599,2.20819745026091,0.697528777017233,"Human gammaherpesvirus 4 (EBV).nasal","comp_cardarrest",1.03320271741217
"3455","trajectory_group",4,287.500162791709,117.194878218371,0.00000000000000000000000212169591300751,"Human gammaherpesvirus 4 (EBV).nasal","comp_cardarrest",1.03320271741217
"3456","<none>",NA,134.40037203371,NA,NA,"Human gammaherpesvirus 4 (EBV).nasal","comp_stemi",0.854635797187232
"3457","binary",1,133.68273685424,1.28236482052921,0.257459799568892,"Human gammaherpesvirus 4 (EBV).nasal","comp_stemi",0.854635797187232
"3458","sex",1,132.612685626754,0.212313593043746,0.644960045653195,"Human gammaherpesvirus 4 (EBV).nasal","comp_stemi",0.854635797187232
"3459","discretized_admit_age_quantile",4,129.967440649509,3.56706861579855,0.467753957157152,"Human gammaherpesvirus 4 (EBV).nasal","comp_stemi",0.854635797187232
"3460","trajectory_group",4,137.009452992301,10.6090809585904,0.0313271421930886,"Human gammaherpesvirus 4 (EBV).nasal","comp_stemi",0.854635797187232
"3461","<none>",NA,247.052844025812,NA,NA,"Human gammaherpesvirus 4 (EBV).nasal","comp_nstemi",-0.397412747734789
"3462","binary",1,245.33738407052,0.284540044707882,0.593740833569899,"Human gammaherpesvirus 4 (EBV).nasal","comp_nstemi",-0.397412747734789
"3463","sex",1,247.120896145951,2.06805212013879,0.150413523378112,"Human gammaherpesvirus 4 (EBV).nasal","comp_nstemi",-0.397412747734789
"3464","discretized_admit_age_quantile",4,243.174266577352,4.12142255153967,0.389822432916091,"Human gammaherpesvirus 4 (EBV).nasal","comp_nstemi",-0.397412747734789
"3465","trajectory_group",4,255.617912575372,16.5650685495603,0.00234751096654162,"Human gammaherpesvirus 4 (EBV).nasal","comp_nstemi",-0.397412747734789
"3466","<none>",NA,476.918327642056,NA,NA,"Human gammaherpesvirus 4 (EBV).nasal","comp_chf",0.277248466162934
"3467","binary",1,475.332773197886,0.414445555829275,0.519721697397477,"Human gammaherpesvirus 4 (EBV).nasal","comp_chf",0.277248466162934
"3468","sex",1,478.322046475405,3.40371883334888,0.0650496095202779,"Human gammaherpesvirus 4 (EBV).nasal","comp_chf",0.277248466162934
"3469","discretized_admit_age_quantile",4,478.436187590406,9.51785994834916,0.0493815559867725,"Human gammaherpesvirus 4 (EBV).nasal","comp_chf",0.277248466162934
"3470","trajectory_group",4,497.597610583767,28.6792829417107,0.00000908213693875113,"Human gammaherpesvirus 4 (EBV).nasal","comp_chf",0.277248466162934
"3471","<none>",NA,1105.81316171048,NA,NA,"Human gammaherpesvirus 4 (EBV).nasal","comp_pneumonia",0.170953053883631
"3472","binary",1,1104.08582773232,0.272666021833402,0.601548963302458,"Human gammaherpesvirus 4 (EBV).nasal","comp_pneumonia",0.170953053883631
"3473","sex",1,1103.96063511208,0.147473401600109,0.700961654290638,"Human gammaherpesvirus 4 (EBV).nasal","comp_pneumonia",0.170953053883631
"3474","discretized_admit_age_quantile",4,1101.83473441954,4.0215727090565,0.403094173765303,"Human gammaherpesvirus 4 (EBV).nasal","comp_pneumonia",0.170953053883631
"3475","trajectory_group",4,1157.51619601943,59.7030343089459,0.0000000000033490940921891,"Human gammaherpesvirus 4 (EBV).nasal","comp_pneumonia",0.170953053883631
"3476","<none>",NA,77.2609970548999,NA,NA,"Human gammaherpesvirus 4 (EBV).nasal","comp_bronch",0.86344452880005
"3477","binary",1,75.7122899338282,0.451292878928285,0.501721625398636,"Human gammaherpesvirus 4 (EBV).nasal","comp_bronch",0.86344452880005
"3478","sex",1,75.2610808288641,0.0000837739642065571,0.992697214725161,"Human gammaherpesvirus 4 (EBV).nasal","comp_bronch",0.86344452880005
"3479","discretized_admit_age_quantile",4,70.8749486215574,1.61395156665753,0.806282442116689,"Human gammaherpesvirus 4 (EBV).nasal","comp_bronch",0.86344452880005
"3480","trajectory_group",4,74.1780524871343,4.91705543223439,0.295914495430176,"Human gammaherpesvirus 4 (EBV).nasal","comp_bronch",0.86344452880005
"3481","<none>",NA,249.128409389273,NA,NA,"Human gammaherpesvirus 4 (EBV).nasal","comp_pneumo",0.532549870476651
"3482","binary",1,248.045166319906,0.916756930632175,0.338327939657932,"Human gammaherpesvirus 4 (EBV).nasal","comp_pneumo",0.532549870476651
"3483","sex",1,249.688024060979,2.55961467170545,0.109625300063055,"Human gammaherpesvirus 4 (EBV).nasal","comp_pneumo",0.532549870476651
"3484","discretized_admit_age_quantile",4,252.291453190575,11.1630438013016,0.0247914637134747,"Human gammaherpesvirus 4 (EBV).nasal","comp_pneumo",0.532549870476651
"3485","trajectory_group",4,264.752840148971,23.6244307596971,0.0000949826478314969,"Human gammaherpesvirus 4 (EBV).nasal","comp_pneumo",0.532549870476651
"3486","<none>",NA,118.419709579643,NA,NA,"Human gammaherpesvirus 4 (EBV).nasal","comp_pneumomed",0.854838376192616
"3487","binary",1,117.697608690674,1.27789911103162,0.258290025768884,"Human gammaherpesvirus 4 (EBV).nasal","comp_pneumomed",0.854838376192616
"3488","sex",1,117.932216570934,1.51250699129116,0.218756939941142,"Human gammaherpesvirus 4 (EBV).nasal","comp_pneumomed",0.854838376192616
"3489","discretized_admit_age_quantile",4,114.150381761794,3.73067218215159,0.443680558416621,"Human gammaherpesvirus 4 (EBV).nasal","comp_pneumomed",0.854838376192616
"3490","trajectory_group",4,138.408513660631,27.9888040809884,0.0000125382685513474,"Human gammaherpesvirus 4 (EBV).nasal","comp_pneumomed",0.854838376192616
"3491","<none>",NA,92.8365509536393,NA,NA,"Human gammaherpesvirus 4 (EBV).nasal","comp_aat",-20.0567713366393
"3492","binary",1,92.8776689438179,2.04111799017863,0.153097089419968,"Human gammaherpesvirus 4 (EBV).nasal","comp_aat",-20.0567713366393
"3493","sex",1,91.2963244043318,0.459773450692495,0.497729870317501,"Human gammaherpesvirus 4 (EBV).nasal","comp_aat",-20.0567713366393
"3494","discretized_admit_age_quantile",4,90.1707388233346,5.33418786969531,0.254693496872808,"Human gammaherpesvirus 4 (EBV).nasal","comp_aat",-20.0567713366393
"3495","trajectory_group",4,91.5484723489312,6.71192139529191,0.1519178271468,"Human gammaherpesvirus 4 (EBV).nasal","comp_aat",-20.0567713366393
"3496","<none>",NA,459.102622427723,NA,NA,"Human gammaherpesvirus 4 (EBV).nasal","comp_avthromb",0.674894416339617
"3497","binary",1,460.271630454178,3.16900802645517,0.0750480149081385,"Human gammaherpesvirus 4 (EBV).nasal","comp_avthromb",0.674894416339617
"3498","sex",1,460.008002104246,2.90537967652284,0.0882844621736306,"Human gammaherpesvirus 4 (EBV).nasal","comp_avthromb",0.674894416339617
"3499","discretized_admit_age_quantile",4,459.865198797371,8.76257636964789,0.0673157932983495,"Human gammaherpesvirus 4 (EBV).nasal","comp_avthromb",0.674894416339617
"3500","trajectory_group",4,488.313383139291,37.2107607115681,0.000000162990108949896,"Human gammaherpesvirus 4 (EBV).nasal","comp_avthromb",0.674894416339617
"3501","<none>",NA,557.888211203655,NA,NA,"Human gammaherpesvirus 4 (EBV).nasal","comp_shock",1.0562039700815
"3502","binary",1,565.198326390771,9.31011518711603,0.00227892154130395,"Human gammaherpesvirus 4 (EBV).nasal","comp_shock",1.0562039700815
"3503","sex",1,558.719799769763,2.83158856610783,0.0924268929909723,"Human gammaherpesvirus 4 (EBV).nasal","comp_shock",1.0562039700815
"3504","discretized_admit_age_quantile",4,555.879332127568,5.99112092391215,0.199812350227996,"Human gammaherpesvirus 4 (EBV).nasal","comp_shock",1.0562039700815
"3505","trajectory_group",4,789.658902117268,239.770690913612,0.0000000000000000000000000000000000000000000000000103951237298404,"Human gammaherpesvirus 4 (EBV).nasal","comp_shock",1.0562039700815
"3506","<none>",NA,665.035942430593,NA,NA,"Human gammaherpesvirus 4 (EBV).nasal","comp_bac",0.444318118004483
"3507","binary",1,664.823973886529,1.78803145593588,0.181166194491805,"Human gammaherpesvirus 4 (EBV).nasal","comp_bac",0.444318118004483
"3508","sex",1,664.438053447376,1.40211101678358,0.236370437216036,"Human gammaherpesvirus 4 (EBV).nasal","comp_bac",0.444318118004483
"3509","discretized_admit_age_quantile",4,659.95039633159,2.91445390099705,0.572241890055789,"Human gammaherpesvirus 4 (EBV).nasal","comp_bac",0.444318118004483
"3510","trajectory_group",4,714.492842085683,57.4568996550904,0.00000000000992121885645743,"Human gammaherpesvirus 4 (EBV).nasal","comp_bac",0.444318118004483
"3511","<none>",NA,290.18646079084,NA,NA,"Human gammaherpesvirus 4 (EBV).nasal","comp_coag",-1.19132229077894
"3512","binary",1,289.908284171907,1.72182338106666,0.189458504898705,"Human gammaherpesvirus 4 (EBV).nasal","comp_coag",-1.19132229077894
"3513","sex",1,288.25757108761,0.0711102967702573,0.789726996657257,"Human gammaherpesvirus 4 (EBV).nasal","comp_coag",-1.19132229077894
"3514","discretized_admit_age_quantile",4,288.870169693735,6.68370890289509,0.153577047213475,"Human gammaherpesvirus 4 (EBV).nasal","comp_coag",-1.19132229077894
"3515","trajectory_group",4,292.656849238322,10.4703884474818,0.0332073349731961,"Human gammaherpesvirus 4 (EBV).nasal","comp_coag",-1.19132229077894
"3516","<none>",NA,170.486702862676,NA,NA,"Human gammaherpesvirus 4 (EBV).nasal","comp_hypogly",0.31490369627531
"3517","binary",1,168.632440943834,0.145738081158214,0.702641933013674,"Human gammaherpesvirus 4 (EBV).nasal","comp_hypogly",0.31490369627531
"3518","sex",1,168.556944822399,0.0702419597231483,0.790984812450485,"Human gammaherpesvirus 4 (EBV).nasal","comp_hypogly",0.31490369627531
"3519","discretized_admit_age_quantile",4,166.072054267855,3.58535140517867,0.465019688631359,"Human gammaherpesvirus 4 (EBV).nasal","comp_hypogly",0.31490369627531
"3520","trajectory_group",4,166.433122705303,3.94641984262694,0.4133056981769,"Human gammaherpesvirus 4 (EBV).nasal","comp_hypogly",0.31490369627531
"3521","<none>",NA,393.01770949236,NA,NA,"Human gammaherpesvirus 4 (EBV).nasal","comp_bleed",0.0677509829634556
"3522","binary",1,391.037915319299,0.0202058269391046,0.88696373515306,"Human gammaherpesvirus 4 (EBV).nasal","comp_bleed",0.0677509829634556
"3523","sex",1,391.021085072754,0.00337558039319674,0.953669177346785,"Human gammaherpesvirus 4 (EBV).nasal","comp_bleed",0.0677509829634556
"3524","discretized_admit_age_quantile",4,390.412710683595,5.39500119123511,0.249114283251927,"Human gammaherpesvirus 4 (EBV).nasal","comp_bleed",0.0677509829634556
"3525","trajectory_group",4,434.507236122942,49.4895266305817,0.000000000461503224385452,"Human gammaherpesvirus 4 (EBV).nasal","comp_bleed",0.0677509829634556
"3526","<none>",NA,761.502421311084,NA,NA,"Human gammaherpesvirus 4 (EBV).nasal","comp_anemia",0.103127909024359
"3527","binary",1,759.607653578175,0.105232267091083,0.745638828421978,"Human gammaherpesvirus 4 (EBV).nasal","comp_anemia",0.103127909024359
"3528","sex",1,760.190609039297,0.688187728212938,0.406781486365812,"Human gammaherpesvirus 4 (EBV).nasal","comp_anemia",0.103127909024359
"3529","discretized_admit_age_quantile",4,753.987155259667,0.484733948583425,0.974970013366287,"Human gammaherpesvirus 4 (EBV).nasal","comp_anemia",0.103127909024359
"3530","trajectory_group",4,818.747331023539,65.2449097124551,0.000000000000228495309262592,"Human gammaherpesvirus 4 (EBV).nasal","comp_anemia",0.103127909024359
"3531","<none>",NA,82.02526155243,NA,NA,"Human gammaherpesvirus 4 (EBV).nasal","comp_pancreas",-18.6042437585465
"3532","binary",1,80.5668709460265,0.541609393596502,0.46176650588474,"Human gammaherpesvirus 4 (EBV).nasal","comp_pancreas",-18.6042437585465
"3533","sex",1,81.3803998775099,1.35513832507999,0.244381832624845,"Human gammaherpesvirus 4 (EBV).nasal","comp_pancreas",-18.6042437585465
"3534","discretized_admit_age_quantile",4,82.1672868923872,8.1420253399572,0.0865120010113625,"Human gammaherpesvirus 4 (EBV).nasal","comp_pancreas",-18.6042437585465
"3535","trajectory_group",4,79.7865394830656,5.76127793063569,0.217699601017955,"Human gammaherpesvirus 4 (EBV).nasal","comp_pancreas",-18.6042437585465
"3536","<none>",NA,937.538715140831,NA,NA,"Human gammaherpesvirus 4 (EBV).nasal","comp_renal",0.620197438433834
"3537","binary",1,940.056213139089,4.5174979982578,0.0335498605876419,"Human gammaherpesvirus 4 (EBV).nasal","comp_renal",0.620197438433834
"3538","sex",1,947.68977006174,12.1510549209088,0.000490601070771031,"Human gammaherpesvirus 4 (EBV).nasal","comp_renal",0.620197438433834
"3539","discretized_admit_age_quantile",4,935.84550271288,6.30678757204885,0.177378749265614,"Human gammaherpesvirus 4 (EBV).nasal","comp_renal",0.620197438433834
"3540","trajectory_group",4,1012.05062599244,82.5119108516099,0.0000000000000000511274507058778,"Human gammaherpesvirus 4 (EBV).nasal","comp_renal",0.620197438433834
"3541","<none>",NA,767.161226293696,NA,NA,"Human gammaherpesvirus 4 (EBV).nasal","comp_liver",0.678780442510964
"3542","binary",1,769.299218254011,4.13799196031573,0.0419308816383647,"Human gammaherpesvirus 4 (EBV).nasal","comp_liver",0.678780442510964
"3543","sex",1,768.784364525815,3.623138232119,0.0569812928207751,"Human gammaherpesvirus 4 (EBV).nasal","comp_liver",0.678780442510964
"3544","discretized_admit_age_quantile",4,770.896235655851,11.7350093621558,0.0194345307323295,"Human gammaherpesvirus 4 (EBV).nasal","comp_liver",0.678780442510964
"3545","trajectory_group",4,761.460483203422,2.29925690972607,0.680904349020566,"Human gammaherpesvirus 4 (EBV).nasal","comp_liver",0.678780442510964
"3546","<none>",NA,357.965970406047,NA,NA,"Human gammaherpesvirus 4 (EBV).nasal","comp_othlab",0.393791050404652
"3547","binary",1,356.48502338973,0.519052983682855,0.471245931963297,"Human gammaherpesvirus 4 (EBV).nasal","comp_othlab",0.393791050404652
"3548","sex",1,357.93401482364,1.96804441759298,0.160655589079296,"Human gammaherpesvirus 4 (EBV).nasal","comp_othlab",0.393791050404652
"3549","discretized_admit_age_quantile",4,356.770988015344,6.80501760929644,0.146557967917833,"Human gammaherpesvirus 4 (EBV).nasal","comp_othlab",0.393791050404652
"3550","trajectory_group",4,352.610086246191,2.6441158401434,0.619028420944973,"Human gammaherpesvirus 4 (EBV).nasal","comp_othlab",0.393791050404652
"3551","<none>",NA,334.568724016265,NA,NA,"Human gammaherpesvirus 4 (EBV).nasal","comp_electrolyte",0.533088418077226
"3552","binary",1,333.493091459602,0.924367443337758,0.336330831272885,"Human gammaherpesvirus 4 (EBV).nasal","comp_electrolyte",0.533088418077226
"3553","sex",1,332.727609227257,0.158885210992082,0.690184956330221,"Human gammaherpesvirus 4 (EBV).nasal","comp_electrolyte",0.533088418077226
"3554","discretized_admit_age_quantile",4,337.530006723722,10.9612827074572,0.0270026066803491,"Human gammaherpesvirus 4 (EBV).nasal","comp_electrolyte",0.533088418077226
"3555","trajectory_group",4,335.481845998659,8.9131219823949,0.0633080836005719,"Human gammaherpesvirus 4 (EBV).nasal","comp_electrolyte",0.533088418077226
"3556","<none>",NA,295.888225552963,NA,NA,"Human gammaherpesvirus 4 (EBV).nasal","comp_othinf",1.07817224603429
"3557","binary",1,297.657514828071,3.76928927510778,0.052201809356774,"Human gammaherpesvirus 4 (EBV).nasal","comp_othinf",1.07817224603429
"3558","sex",1,293.901731389105,0.013505836142258,0.90748245617867,"Human gammaherpesvirus 4 (EBV).nasal","comp_othinf",1.07817224603429
"3559","discretized_admit_age_quantile",4,292.290574020592,4.40234846762883,0.35428395902674,"Human gammaherpesvirus 4 (EBV).nasal","comp_othinf",1.07817224603429
"3560","trajectory_group",4,290.793641583346,2.9054160303827,0.573776524437443,"Human gammaherpesvirus 4 (EBV).nasal","comp_othinf",1.07817224603429
"3561","<none>",NA,33.4025531596299,NA,NA,"Human gammaherpesvirus 4 (EBV).nasal","comp_othpulm",-17.7691818682967
"3562","binary",1,31.45133848381,0.0487853241800948,0.825190541919923,"Human gammaherpesvirus 4 (EBV).nasal","comp_othpulm",-17.7691818682967
"3563","sex",1,32.567157274237,1.16460411460709,0.280512730057951,"Human gammaherpesvirus 4 (EBV).nasal","comp_othpulm",-17.7691818682967
"3564","discretized_admit_age_quantile",4,28.1061086418848,2.70355548225488,0.608592592252937,"Human gammaherpesvirus 4 (EBV).nasal","comp_othpulm",-17.7691818682967
"3565","trajectory_group",4,27.7149394240161,2.31238626438615,0.678514856251392,"Human gammaherpesvirus 4 (EBV).nasal","comp_othpulm",-17.7691818682967
"3566","<none>",NA,154.528626519009,NA,NA,"Human gammaherpesvirus 4 (EBV).nasal","comp_unddisease",-16.8606848688142
"3567","binary",1,154.016112036395,1.48748551738572,0.222607006204816,"Human gammaherpesvirus 4 (EBV).nasal","comp_unddisease",-16.8606848688142
"3568","sex",1,153.23611039013,0.707483871121042,0.400280373268103,"Human gammaherpesvirus 4 (EBV).nasal","comp_unddisease",-16.8606848688142
"3569","discretized_admit_age_quantile",4,159.211705580594,12.6830790615851,0.0129327688858502,"Human gammaherpesvirus 4 (EBV).nasal","comp_unddisease",-16.8606848688142
"3570","trajectory_group",4,147.992001662218,1.46337514320899,0.83310869124102,"Human gammaherpesvirus 4 (EBV).nasal","comp_unddisease",-16.8606848688142
"3571","<none>",NA,222.522372125087,NA,NA,"Human gammaherpesvirus 4 (EBV).nasal","comp_enceph",0.555618046440802
"3572","binary",1,221.274235864726,0.751863739638196,0.385886800552896,"Human gammaherpesvirus 4 (EBV).nasal","comp_enceph",0.555618046440802
"3573","sex",1,221.10433905587,0.581966930782215,0.445542378005753,"Human gammaherpesvirus 4 (EBV).nasal","comp_enceph",0.555618046440802
"3574","discretized_admit_age_quantile",4,221.497666719062,6.97529459397489,0.137199566972763,"Human gammaherpesvirus 4 (EBV).nasal","comp_enceph",0.555618046440802
"3575","trajectory_group",4,222.370425310761,7.84805318567336,0.0973054787201056,"Human gammaherpesvirus 4 (EBV).nasal","comp_enceph",0.555618046440802
"3576","<none>",NA,98.5133747450192,NA,NA,"Human gammaherpesvirus 4 (EBV).nasal","comp_othneuro",0.936645756824724
"3577","binary",1,97.067558848634,0.554184103614844,0.456613093564276,"Human gammaherpesvirus 4 (EBV).nasal","comp_othneuro",0.936645756824724
"3578","sex",1,96.514070587501,0.000695842481817976,0.978955182364399,"Human gammaherpesvirus 4 (EBV).nasal","comp_othneuro",0.936645756824724
"3579","discretized_admit_age_quantile",4,96.6867077054028,6.17333296038363,0.186572218557417,"Human gammaherpesvirus 4 (EBV).nasal","comp_othneuro",0.936645756824724
"3580","trajectory_group",4,92.691349308348,2.17797456332885,0.703063624253732,"Human gammaherpesvirus 4 (EBV).nasal","comp_othneuro",0.936645756824724
"3581","<none>",NA,364.064946832084,NA,NA,"Human gammaherpesvirus 4 (EBV).nasal","comp_hypergly",0.215467019763424
"3582","binary",1,362.204852242727,0.139905410643621,0.708375065008523,"Human gammaherpesvirus 4 (EBV).nasal","comp_hypergly",0.215467019763424
"3583","sex",1,362.111587634861,0.0466408027767216,0.829015171284327,"Human gammaherpesvirus 4 (EBV).nasal","comp_hypergly",0.215467019763424
"3584","discretized_admit_age_quantile",4,371.769820637188,15.7048738051046,0.00344185700844437,"Human gammaherpesvirus 4 (EBV).nasal","comp_hypergly",0.215467019763424
"3585","trajectory_group",4,362.464788407756,6.39984157567244,0.171211589350092,"Human gammaherpesvirus 4 (EBV).nasal","comp_hypergly",0.215467019763424
"3586","<none>",NA,51.3544826533201,NA,NA,"Human gammaherpesvirus 4 (EBV).nasal","comp_psych",3.54157344015817
"3587","binary",1,53.1659788969889,3.81149624366876,0.050901960716804,"Human gammaherpesvirus 4 (EBV).nasal","comp_psych",3.54157344015817
"3588","sex",1,52.4616513242166,3.1071686708965,0.077948354205417,"Human gammaherpesvirus 4 (EBV).nasal","comp_psych",3.54157344015817
"3589","discretized_admit_age_quantile",4,47.7697245603222,4.41524190700213,0.352716229730921,"Human gammaherpesvirus 4 (EBV).nasal","comp_psych",3.54157344015817
"3590","trajectory_group",4,46.0496133887337,2.69513073541363,0.610066939880971,"Human gammaherpesvirus 4 (EBV).nasal","comp_psych",3.54157344015817
"3591","<none>",NA,122.063853469031,NA,NA,"Human gammaherpesvirus 4 (EBV).nasal","comp_gastroent",-18.8792745982123
"3592","binary",1,121.905683828344,1.84183035931338,0.174736569392341,"Human gammaherpesvirus 4 (EBV).nasal","comp_gastroent",-18.8792745982123
"3593","sex",1,122.349389844275,2.28553637524377,0.130584990529482,"Human gammaherpesvirus 4 (EBV).nasal","comp_gastroent",-18.8792745982123
"3594","discretized_admit_age_quantile",4,116.314024676632,2.25017120760093,0.689855227864549,"Human gammaherpesvirus 4 (EBV).nasal","comp_gastroent",-18.8792745982123
"3595","trajectory_group",4,119.608827476037,5.54497400700664,0.23580442222698,"Human gammaherpesvirus 4 (EBV).nasal","comp_gastroent",-18.8792745982123
"3596","<none>",NA,31.6064145945592,NA,NA,"Human gammaherpesvirus 4 (EBV).nasal","comp_pulmvas",-1.10165626410794
"3597","binary",1,29.606414594574,0.0000000000147934997585253,0.999996931150957,"Human gammaherpesvirus 4 (EBV).nasal","comp_pulmvas",-1.10165626410794
"3598","sex",1,31.7214224914859,2.11500789692667,0.145861301434041,"Human gammaherpesvirus 4 (EBV).nasal","comp_pulmvas",-1.10165626410794
"3599","discretized_admit_age_quantile",4,26.5945553911485,2.98814079658931,0.55981196726832,"Human gammaherpesvirus 4 (EBV).nasal","comp_pulmvas",-1.10165626410794
"3600","trajectory_group",4,26.8073339079293,3.20091931337004,0.524782474649993,"Human gammaherpesvirus 4 (EBV).nasal","comp_pulmvas",-1.10165626410794
"3601","<none>",NA,206.544301932854,NA,NA,"Human gammaherpesvirus 4 (EBV).nasal","comp_other2",0.831371259197808
"3602","binary",1,205.856437108771,1.31213517591672,0.25200843375301,"Human gammaherpesvirus 4 (EBV).nasal","comp_other2",0.831371259197808
"3603","sex",1,204.548015054091,0.00371312123732537,0.951410668037246,"Human gammaherpesvirus 4 (EBV).nasal","comp_other2",0.831371259197808
"3604","discretized_admit_age_quantile",4,200.986553780112,2.44225184725809,0.655005475717594,"Human gammaherpesvirus 4 (EBV).nasal","comp_other2",0.831371259197808
"3605","trajectory_group",4,201.49112594206,2.94682400920655,0.566763353233694,"Human gammaherpesvirus 4 (EBV).nasal","comp_other2",0.831371259197808
"3606","<none>",NA,1377.80775102172,NA,NA,"Human gammaherpesvirus 4 (EBV).pbmc","comorb_htn",-0.0247446680241398
"3607","binary",1,1375.83329197412,0.0255409524033894,0.873026516404841,"Human gammaherpesvirus 4 (EBV).pbmc","comorb_htn",-0.0247446680241398
"3608","sex",1,1375.9636270759,0.155876054183409,0.692982069224699,"Human gammaherpesvirus 4 (EBV).pbmc","comorb_htn",-0.0247446680241398
"3609","discretized_admit_age_quantile",4,1496.80288735571,126.995136333993,0.000000000000000000000000017096211069879,"Human gammaherpesvirus 4 (EBV).pbmc","comorb_htn",-0.0247446680241398
"3610","trajectory_group",4,1373.56303938556,3.75528836384569,0.440135689272136,"Human gammaherpesvirus 4 (EBV).pbmc","comorb_htn",-0.0247446680241398
"3611","<none>",NA,1406.59698507392,NA,NA,"Human gammaherpesvirus 4 (EBV).pbmc","comorb_isaric_dm",0.019656712252826
"3612","binary",1,1404.61413531354,0.0171502396187861,0.895807801857637,"Human gammaherpesvirus 4 (EBV).pbmc","comorb_isaric_dm",0.019656712252826
"3613","sex",1,1416.68794249572,12.0909574217942,0.000506669500956605,"Human gammaherpesvirus 4 (EBV).pbmc","comorb_isaric_dm",0.019656712252826
"3614","discretized_admit_age_quantile",4,1441.39629585039,42.7993107764692,0.0000000113890916329423,"Human gammaherpesvirus 4 (EBV).pbmc","comorb_isaric_dm",0.019656712252826
"3615","trajectory_group",4,1409.58790951137,10.9909244374514,0.0266662007282524,"Human gammaherpesvirus 4 (EBV).pbmc","comorb_isaric_dm",0.019656712252826
"3616","<none>",NA,1054.88971474351,NA,NA,"Human gammaherpesvirus 4 (EBV).pbmc","comorb_anyresp_noasthma",-0.17350486393169
"3617","binary",1,1053.77798837308,0.888273629571586,0.345945567026599,"Human gammaherpesvirus 4 (EBV).pbmc","comorb_anyresp_noasthma",-0.17350486393169
"3618","sex",1,1053.30394156366,0.414226820149679,0.519831897324667,"Human gammaherpesvirus 4 (EBV).pbmc","comorb_anyresp_noasthma",-0.17350486393169
"3619","discretized_admit_age_quantile",4,1088.8090675086,41.9193527650896,0.0000000173362092471646,"Human gammaherpesvirus 4 (EBV).pbmc","comorb_anyresp_noasthma",-0.17350486393169
"3620","trajectory_group",4,1064.50018589671,17.6104711531939,0.00147025548927237,"Human gammaherpesvirus 4 (EBV).pbmc","comorb_anyresp_noasthma",-0.17350486393169
"3621","<none>",NA,909.079423201516,NA,NA,"Human gammaherpesvirus 4 (EBV).pbmc","comorb_isaric_asthma",-0.228000603601708
"3622","binary",1,908.234869258261,1.1554460567454,0.282411994297273,"Human gammaherpesvirus 4 (EBV).pbmc","comorb_isaric_asthma",-0.228000603601708
"3623","sex",1,933.449900826802,26.3704776252864,0.000000281815159251927,"Human gammaherpesvirus 4 (EBV).pbmc","comorb_isaric_asthma",-0.228000603601708
"3624","discretized_admit_age_quantile",4,911.761247925794,10.6818247242783,0.0303824634157266,"Human gammaherpesvirus 4 (EBV).pbmc","comorb_isaric_asthma",-0.228000603601708
"3625","trajectory_group",4,904.557134826502,3.47771162498611,0.48127542385398,"Human gammaherpesvirus 4 (EBV).pbmc","comorb_isaric_asthma",-0.228000603601708
"3626","<none>",NA,1181.04024680459,NA,NA,"Human gammaherpesvirus 4 (EBV).pbmc","comorb_isaric_cardiac",-0.175472665754156
"3627","binary",1,1180.09883006559,1.05858326100065,0.30353853277524,"Human gammaherpesvirus 4 (EBV).pbmc","comorb_isaric_cardiac",-0.175472665754156
"3628","sex",1,1183.47147947242,4.43123266783641,0.0352870145299645,"Human gammaherpesvirus 4 (EBV).pbmc","comorb_isaric_cardiac",-0.175472665754156
"3629","discretized_admit_age_quantile",4,1255.59776155024,82.5575147456552,0.0000000000000000500018033216245,"Human gammaherpesvirus 4 (EBV).pbmc","comorb_isaric_cardiac",-0.175472665754156
"3630","trajectory_group",4,1180.93435335856,7.89410655397228,0.095535136734246,"Human gammaherpesvirus 4 (EBV).pbmc","comorb_isaric_cardiac",-0.175472665754156
"3631","<none>",NA,918.056425827668,NA,NA,"Human gammaherpesvirus 4 (EBV).pbmc","comorb_isaric_ckd",0.148693342729693
"3632","binary",1,916.619319071389,0.562893243720509,0.453096853985781,"Human gammaherpesvirus 4 (EBV).pbmc","comorb_isaric_ckd",0.148693342729693
"3633","sex",1,923.011581520997,6.95515569332917,0.00835780254141277,"Human gammaherpesvirus 4 (EBV).pbmc","comorb_isaric_ckd",0.148693342729693
"3634","discretized_admit_age_quantile",4,928.909077174936,18.852651347268,0.000840098214367958,"Human gammaherpesvirus 4 (EBV).pbmc","comorb_isaric_ckd",0.148693342729693
"3635","trajectory_group",4,918.672213215503,8.61578738783476,0.0714541991996699,"Human gammaherpesvirus 4 (EBV).pbmc","comorb_isaric_ckd",0.148693342729693
"3636","<none>",NA,663.81390872481,NA,NA,"Human gammaherpesvirus 4 (EBV).pbmc","comorb_isaric_neoplasm",-0.435215451390592
"3637","binary",1,664.529730622774,2.71582189796391,0.0993577829139131,"Human gammaherpesvirus 4 (EBV).pbmc","comorb_isaric_neoplasm",-0.435215451390592
"3638","sex",1,661.819688233369,0.00577950855949894,0.939400736843138,"Human gammaherpesvirus 4 (EBV).pbmc","comorb_isaric_neoplasm",-0.435215451390592
"3639","discretized_admit_age_quantile",4,685.534344593827,29.7204358690176,0.00000557954136693427,"Human gammaherpesvirus 4 (EBV).pbmc","comorb_isaric_neoplasm",-0.435215451390592
"3640","trajectory_group",4,657.195442512488,1.38153378767856,0.847398098685423,"Human gammaherpesvirus 4 (EBV).pbmc","comorb_isaric_neoplasm",-0.435215451390592
"3641","<none>",NA,776.705166059599,NA,NA,"Human gammaherpesvirus 4 (EBV).pbmc","comorb_neuro",-0.284173837113027
"3642","binary",1,776.17855072233,1.4733846627305,0.224812428534632,"Human gammaherpesvirus 4 (EBV).pbmc","comorb_neuro",-0.284173837113027
"3643","sex",1,776.037030595346,1.33186453574672,0.248473785660986,"Human gammaherpesvirus 4 (EBV).pbmc","comorb_neuro",-0.284173837113027
"3644","discretized_admit_age_quantile",4,803.71896455356,35.0137984939601,0.000000461512982572183,"Human gammaherpesvirus 4 (EBV).pbmc","comorb_neuro",-0.284173837113027
"3645","trajectory_group",4,770.468636869284,1.76347080968401,0.779158361094827,"Human gammaherpesvirus 4 (EBV).pbmc","comorb_neuro",-0.284173837113027
"3646","<none>",NA,446.634503766867,NA,NA,"Human gammaherpesvirus 4 (EBV).pbmc","comorb_isaric_liver",0.260516007087376
"3647","binary",1,445.310513324842,0.676009557974453,0.410964214522667,"Human gammaherpesvirus 4 (EBV).pbmc","comorb_isaric_liver",0.260516007087376
"3648","sex",1,444.746075630032,0.111571863165238,0.738361639732742,"Human gammaherpesvirus 4 (EBV).pbmc","comorb_isaric_liver",0.260516007087376
"3649","discretized_admit_age_quantile",4,446.63792612284,8.00342235597236,0.0914529095866703,"Human gammaherpesvirus 4 (EBV).pbmc","comorb_isaric_liver",0.260516007087376
"3650","trajectory_group",4,441.007415203226,2.37291143635849,0.667528042142503,"Human gammaherpesvirus 4 (EBV).pbmc","comorb_isaric_liver",0.260516007087376
"3651","<none>",NA,380.629075616212,NA,NA,"Human gammaherpesvirus 4 (EBV).pbmc","comorb_hxtrans",0.726756168775169
"3652","binary",1,383.119874143079,4.49079852686742,0.0340777563257,"Human gammaherpesvirus 4 (EBV).pbmc","comorb_hxtrans",0.726756168775169
"3653","sex",1,379.838961519163,1.20988590295133,0.271354719697741,"Human gammaherpesvirus 4 (EBV).pbmc","comorb_hxtrans",0.726756168775169
"3654","discretized_admit_age_quantile",4,394.58880985977,21.959734243558,0.000204153249966128,"Human gammaherpesvirus 4 (EBV).pbmc","comorb_hxtrans",0.726756168775169
"3655","trajectory_group",4,378.465989122925,5.83691350671364,0.21166321786594,"Human gammaherpesvirus 4 (EBV).pbmc","comorb_hxtrans",0.726756168775169
"3656","<none>",NA,204.991357057357,NA,NA,"Human gammaherpesvirus 4 (EBV).pbmc","comorb_hiv2",-0.0707098172302975
"3657","binary",1,203.006663413796,0.0153063564392539,0.901537877884581,"Human gammaherpesvirus 4 (EBV).pbmc","comorb_hiv2",-0.0707098172302975
"3658","sex",1,203.164314038531,0.17295698117448,0.677497105342847,"Human gammaherpesvirus 4 (EBV).pbmc","comorb_hiv2",-0.0707098172302975
"3659","discretized_admit_age_quantile",4,210.958918312058,13.967561254701,0.00739930971223778,"Human gammaherpesvirus 4 (EBV).pbmc","comorb_hiv2",-0.0707098172302975
"3660","trajectory_group",4,201.185930713254,4.19457365589699,0.380313138669302,"Human gammaherpesvirus 4 (EBV).pbmc","comorb_hiv2",-0.0707098172302975
"3661","<none>",NA,1317.81695989476,NA,NA,"Human gammaherpesvirus 4 (EBV).pbmc","comorb_eversmkvape",-0.0336101569085688
"3662","binary",1,1315.86172596941,0.0447660746481233,0.832434753880473,"Human gammaherpesvirus 4 (EBV).pbmc","comorb_eversmkvape",-0.0336101569085688
"3663","sex",1,1332.47446989936,16.657510004605,0.0000447726944254932,"Human gammaherpesvirus 4 (EBV).pbmc","comorb_eversmkvape",-0.0336101569085688
"3664","discretized_admit_age_quantile",4,1363.10562059991,53.2886607051541,0.0000000000741515832061894,"Human gammaherpesvirus 4 (EBV).pbmc","comorb_eversmkvape",-0.0336101569085688
"3665","trajectory_group",4,1313.32282050648,3.5058606117243,0.476987785314952,"Human gammaherpesvirus 4 (EBV).pbmc","comorb_eversmkvape",-0.0336101569085688
"3666","<none>",NA,574.88933358756,NA,NA,"Human gammaherpesvirus 4 (EBV).pbmc","comorb_anysubstance",-0.231585541499572
"3667","binary",1,573.531376348885,0.642042761325911,0.422972050342969,"Human gammaherpesvirus 4 (EBV).pbmc","comorb_anysubstance",-0.231585541499572
"3668","sex",1,581.028204793863,8.13887120630375,0.00433262469855857,"Human gammaherpesvirus 4 (EBV).pbmc","comorb_anysubstance",-0.231585541499572
"3669","discretized_admit_age_quantile",4,580.830360659709,13.9410270721493,0.00748567105582151,"Human gammaherpesvirus 4 (EBV).pbmc","comorb_anysubstance",-0.231585541499572
"3670","trajectory_group",4,570.955096369673,4.06576278211378,0.397178979758789,"Human gammaherpesvirus 4 (EBV).pbmc","comorb_anysubstance",-0.231585541499572
"3671","<none>",NA,480.591924936744,NA,NA,"Human gammaherpesvirus 4 (EBV).pbmc","comorb_count",-0.705144418947681
"3672","binary",1,484.665101302855,6.07317636611145,0.0137249924405728,"Human gammaherpesvirus 4 (EBV).pbmc","comorb_count",-0.705144418947681
"3673","sex",1,489.713762212604,11.1218372758597,0.000853172321936379,"Human gammaherpesvirus 4 (EBV).pbmc","comorb_count",-0.705144418947681
"3674","discretized_admit_age_quantile",4,480.835660617882,8.24373568113759,0.0830469926053816,"Human gammaherpesvirus 4 (EBV).pbmc","comorb_count",-0.705144418947681
"3675","trajectory_group",4,475.225146280796,2.63322134405223,0.620949530456431,"Human gammaherpesvirus 4 (EBV).pbmc","comorb_count",-0.705144418947681
"3676","<none>",NA,480.591924936744,NA,NA,"Human gammaherpesvirus 4 (EBV).pbmc","comorb_countcat",-0.705144418947681
"3677","binary",1,484.665101302855,6.07317636611145,0.0137249924405728,"Human gammaherpesvirus 4 (EBV).pbmc","comorb_countcat",-0.705144418947681
"3678","sex",1,489.713762212604,11.1218372758597,0.000853172321936379,"Human gammaherpesvirus 4 (EBV).pbmc","comorb_countcat",-0.705144418947681
"3679","discretized_admit_age_quantile",4,480.835660617882,8.24373568113759,0.0830469926053816,"Human gammaherpesvirus 4 (EBV).pbmc","comorb_countcat",-0.705144418947681
"3680","trajectory_group",4,475.225146280796,2.63322134405223,0.620949530456431,"Human gammaherpesvirus 4 (EBV).pbmc","comorb_countcat",-0.705144418947681
"3681","<none>",NA,1134.8757775527,NA,NA,"Human gammaherpesvirus 4 (EBV).pbmc","timesymptomcat",0.182904047854408
"3682","binary",1,1133.8912999366,1.015522383904,0.313583471912105,"Human gammaherpesvirus 4 (EBV).pbmc","timesymptomcat",0.182904047854408
"3683","sex",1,1134.09028669475,1.21450914205661,0.270440933001596,"Human gammaherpesvirus 4 (EBV).pbmc","timesymptomcat",0.182904047854408
"3684","discretized_admit_age_quantile",4,1128.72508388081,1.84930632811256,0.763450196425394,"Human gammaherpesvirus 4 (EBV).pbmc","timesymptomcat",0.182904047854408
"3685","trajectory_group",4,1130.74953018074,3.87375262803994,0.423361110191746,"Human gammaherpesvirus 4 (EBV).pbmc","timesymptomcat",0.182904047854408
"3686","<none>",NA,855.663739315363,NA,NA,"Human gammaherpesvirus 4 (EBV).pbmc","symptom_allresp",0.393289291825328
"3687","binary",1,856.646998565199,2.98325924983635,0.0841297026763611,"Human gammaherpesvirus 4 (EBV).pbmc","symptom_allresp",0.393289291825328
"3688","sex",1,853.857975751462,0.194236436098777,0.659413811910707,"Human gammaherpesvirus 4 (EBV).pbmc","symptom_allresp",0.393289291825328
"3689","discretized_admit_age_quantile",4,857.902283690424,10.2385443750612,0.0365955356904778,"Human gammaherpesvirus 4 (EBV).pbmc","symptom_allresp",0.393289291825328
"3690","trajectory_group",4,859.887452527224,12.2237132118612,0.0157629462032545,"Human gammaherpesvirus 4 (EBV).pbmc","symptom_allresp",0.393289291825328
"3691","<none>",NA,1465.40810554275,NA,NA,"Human gammaherpesvirus 4 (EBV).pbmc","symptom_cough",0.31726020982113
"3692","binary",1,1467.82167656314,4.41357102039206,0.035654129490309,"Human gammaherpesvirus 4 (EBV).pbmc","symptom_cough",0.31726020982113
"3693","sex",1,1463.42389037753,0.0157848347757863,0.900018709297173,"Human gammaherpesvirus 4 (EBV).pbmc","symptom_cough",0.31726020982113
"3694","discretized_admit_age_quantile",4,1465.60646479091,8.19835924815652,0.0845764047182189,"Human gammaherpesvirus 4 (EBV).pbmc","symptom_cough",0.31726020982113
"3695","trajectory_group",4,1462.02109047571,4.61298493295749,0.32935979736931,"Human gammaherpesvirus 4 (EBV).pbmc","symptom_cough",0.31726020982113
"3696","<none>",NA,907.130783894325,NA,NA,"Human gammaherpesvirus 4 (EBV).pbmc","symptom_cough_prod",-0.131821133534666
"3697","binary",1,905.527082456773,0.396298562448237,0.529007051295105,"Human gammaherpesvirus 4 (EBV).pbmc","symptom_cough_prod",-0.131821133534666
"3698","sex",1,905.468625954658,0.337842060333514,0.561077481859884,"Human gammaherpesvirus 4 (EBV).pbmc","symptom_cough_prod",-0.131821133534666
"3699","discretized_admit_age_quantile",4,903.735240143485,4.60445624915997,0.330340712613713,"Human gammaherpesvirus 4 (EBV).pbmc","symptom_cough_prod",-0.131821133534666
"3700","trajectory_group",4,905.366797135768,6.23601324144317,0.182202348535005,"Human gammaherpesvirus 4 (EBV).pbmc","symptom_cough_prod",-0.131821133534666
"3701","<none>",NA,249.94261184319,NA,NA,"Human gammaherpesvirus 4 (EBV).pbmc","symptom_haemoptysis",0.893773215877791
"3702","binary",1,251.973812605211,4.03120076202106,0.0446661393596368,"Human gammaherpesvirus 4 (EBV).pbmc","symptom_haemoptysis",0.893773215877791
"3703","sex",1,248.70670360427,0.764091761080181,0.382051042151542,"Human gammaherpesvirus 4 (EBV).pbmc","symptom_haemoptysis",0.893773215877791
"3704","discretized_admit_age_quantile",4,243.378883145483,1.43627130229342,0.837867025445805,"Human gammaherpesvirus 4 (EBV).pbmc","symptom_haemoptysis",0.893773215877791
"3705","trajectory_group",4,247.442680168889,5.50006832569912,0.239723473706198,"Human gammaherpesvirus 4 (EBV).pbmc","symptom_haemoptysis",0.893773215877791
"3706","<none>",NA,654.652572292332,NA,NA,"Human gammaherpesvirus 4 (EBV).pbmc","symptom_sorethroat",-0.475733154617379
"3707","binary",1,655.615678718553,2.96310642622029,0.0851841391199837,"Human gammaherpesvirus 4 (EBV).pbmc","symptom_sorethroat",-0.475733154617379
"3708","sex",1,653.74265238334,1.09008009100774,0.296453463974167,"Human gammaherpesvirus 4 (EBV).pbmc","symptom_sorethroat",-0.475733154617379
"3709","discretized_admit_age_quantile",4,648.32183589788,1.66926360554794,0.796293060975406,"Human gammaherpesvirus 4 (EBV).pbmc","symptom_sorethroat",-0.475733154617379
"3710","trajectory_group",4,648.742628372585,2.09005608025245,0.719199465384626,"Human gammaherpesvirus 4 (EBV).pbmc","symptom_sorethroat",-0.475733154617379
"3711","<none>",NA,427.16722796859,NA,NA,"Human gammaherpesvirus 4 (EBV).pbmc","symptom_rhinorrhea",0.0936250481365851
"3712","binary",1,425.244472320565,0.0772443519746275,0.781067106322064,"Human gammaherpesvirus 4 (EBV).pbmc","symptom_rhinorrhea",0.0936250481365851
"3713","sex",1,425.265137754645,0.0979097860549132,0.754352538844068,"Human gammaherpesvirus 4 (EBV).pbmc","symptom_rhinorrhea",0.0936250481365851
"3714","discretized_admit_age_quantile",4,425.096365027395,5.92913705880432,0.204503231828959,"Human gammaherpesvirus 4 (EBV).pbmc","symptom_rhinorrhea",0.0936250481365851
"3715","trajectory_group",4,427.555390854317,8.38816288572656,0.0783506002115674,"Human gammaherpesvirus 4 (EBV).pbmc","symptom_rhinorrhea",0.0936250481365851
"3716","<none>",NA,463.432838337424,NA,NA,"Human gammaherpesvirus 4 (EBV).pbmc","symptom_wheeze",0.568853225031343
"3717","binary",1,465.09327647138,3.66043813395567,0.0557189790160284,"Human gammaherpesvirus 4 (EBV).pbmc","symptom_wheeze",0.568853225031343
"3718","sex",1,461.956061587848,0.523223250423825,0.469469964414296,"Human gammaherpesvirus 4 (EBV).pbmc","symptom_wheeze",0.568853225031343
"3719","discretized_admit_age_quantile",4,464.825300184896,9.39246184747122,0.0520044384590478,"Human gammaherpesvirus 4 (EBV).pbmc","symptom_wheeze",0.568853225031343
"3720","trajectory_group",4,456.542833734087,1.10999539666261,0.892683099494685,"Human gammaherpesvirus 4 (EBV).pbmc","symptom_wheeze",0.568853225031343
"3721","<none>",NA,1066.13824276654,NA,NA,"Human gammaherpesvirus 4 (EBV).pbmc","symptom_chestpain",-0.0886529250509574
"3722","binary",1,1064.35987288133,0.221630114785512,0.63780064993052,"Human gammaherpesvirus 4 (EBV).pbmc","symptom_chestpain",-0.0886529250509574
"3723","sex",1,1064.61451984441,0.476277077862733,0.490113504384781,"Human gammaherpesvirus 4 (EBV).pbmc","symptom_chestpain",-0.0886529250509574
"3724","discretized_admit_age_quantile",4,1082.81717607917,24.6789333126296,0.0000583681847992071,"Human gammaherpesvirus 4 (EBV).pbmc","symptom_chestpain",-0.0886529250509574
"3725","trajectory_group",4,1060.9430755189,2.80483275236088,0.590998782335157,"Human gammaherpesvirus 4 (EBV).pbmc","symptom_chestpain",-0.0886529250509574
"3726","<none>",NA,1268.30240913428,NA,NA,"Human gammaherpesvirus 4 (EBV).pbmc","symptom_dyspnea",0.352945481874355
"3727","binary",1,1270.63821331247,4.33580417818894,0.0373187828857605,"Human gammaherpesvirus 4 (EBV).pbmc","symptom_dyspnea",0.352945481874355
"3728","sex",1,1266.31585622009,0.0134470858126861,0.907682998634017,"Human gammaherpesvirus 4 (EBV).pbmc","symptom_dyspnea",0.352945481874355
"3729","discretized_admit_age_quantile",4,1289.5947167334,29.2923075991212,0.00000681810709705085,"Human gammaherpesvirus 4 (EBV).pbmc","symptom_dyspnea",0.352945481874355
"3730","trajectory_group",4,1283.30783156781,23.0054224335288,0.000126310714480166,"Human gammaherpesvirus 4 (EBV).pbmc","symptom_dyspnea",0.352945481874355
"3731","<none>",NA,30.7019941469278,NA,NA,"Human gammaherpesvirus 4 (EBV).pbmc","symptom_chestwall",20.8452378206398
"3732","binary",1,29.8352979273589,1.1333037804311,0.287071732159847,"Human gammaherpesvirus 4 (EBV).pbmc","symptom_chestwall",20.8452378206398
"3733","sex",1,31.2486226069266,2.54662845999871,0.110529897192525,"Human gammaherpesvirus 4 (EBV).pbmc","symptom_chestwall",20.8452378206398
"3734","discretized_admit_age_quantile",4,24.889700513754,2.18770636682613,0.70128060022976,"Human gammaherpesvirus 4 (EBV).pbmc","symptom_chestwall",20.8452378206398
"3735","trajectory_group",4,24.8353637869503,2.13336964002246,0.711244495480539,"Human gammaherpesvirus 4 (EBV).pbmc","symptom_chestwall",20.8452378206398
"3736","<none>",NA,57.6916631748663,NA,NA,"Human gammaherpesvirus 4 (EBV).pbmc","symptom_earpain",1.67499009874325
"3737","binary",1,57.6070131719051,1.91534999703882,0.16637018137653,"Human gammaherpesvirus 4 (EBV).pbmc","symptom_earpain",1.67499009874325
"3738","sex",1,56.6494596843953,0.95779650952894,0.327742670706922,"Human gammaherpesvirus 4 (EBV).pbmc","symptom_earpain",1.67499009874325
"3739","discretized_admit_age_quantile",4,52.3557047003612,2.66404152549492,0.615521384359775,"Human gammaherpesvirus 4 (EBV).pbmc","symptom_earpain",1.67499009874325
"3740","trajectory_group",4,51.5368721735926,1.84520899872629,0.76420154483358,"Human gammaherpesvirus 4 (EBV).pbmc","symptom_earpain",1.67499009874325
"3741","<none>",NA,42.234521414231,NA,NA,"Human gammaherpesvirus 4 (EBV).pbmc","symptom_conjunctivitis",1.24187340210747
"3742","binary",1,40.8908844051493,0.656362990918304,0.417846888249137,"Human gammaherpesvirus 4 (EBV).pbmc","symptom_conjunctivitis",1.24187340210747
"3743","sex",1,40.2771375433767,0.0426161291456708,0.836449771583496,"Human gammaherpesvirus 4 (EBV).pbmc","symptom_conjunctivitis",1.24187340210747
"3744","discretized_admit_age_quantile",4,41.7714194586352,7.53689804440415,0.110093208415723,"Human gammaherpesvirus 4 (EBV).pbmc","symptom_conjunctivitis",1.24187340210747
"3745","trajectory_group",4,36.557105948961,2.32258453472996,0.67666026744702,"Human gammaherpesvirus 4 (EBV).pbmc","symptom_conjunctivitis",1.24187340210747
"3746","<none>",NA,1274.18032844525,NA,NA,"Human gammaherpesvirus 4 (EBV).pbmc","symptom_allsyst",0.169787428182874
"3747","binary",1,1273.23950981881,1.05918137355843,0.303401968918285,"Human gammaherpesvirus 4 (EBV).pbmc","symptom_allsyst",0.169787428182874
"3748","sex",1,1272.77007219199,0.589743746740623,0.442518227370715,"Human gammaherpesvirus 4 (EBV).pbmc","symptom_allsyst",0.169787428182874
"3749","discretized_admit_age_quantile",4,1281.4915645116,15.3112360663472,0.00409737219235195,"Human gammaherpesvirus 4 (EBV).pbmc","symptom_allsyst",0.169787428182874
"3750","trajectory_group",4,1278.31426716023,12.1339387149787,0.0163825647971876,"Human gammaherpesvirus 4 (EBV).pbmc","symptom_allsyst",0.169787428182874
"3751","<none>",NA,1476.88663668238,NA,NA,"Human gammaherpesvirus 4 (EBV).pbmc","symptom_fever",0.14383590326306
"3752","binary",1,1475.81872114514,0.932084462762759,0.334321863874758,"Human gammaherpesvirus 4 (EBV).pbmc","symptom_fever",0.14383590326306
"3753","sex",1,1475.53757797257,0.650941290187347,0.419776344689039,"Human gammaherpesvirus 4 (EBV).pbmc","symptom_fever",0.14383590326306
"3754","discretized_admit_age_quantile",4,1504.1035642433,35.2169275609172,0.000000419229530603208,"Human gammaherpesvirus 4 (EBV).pbmc","symptom_fever",0.14383590326306
"3755","trajectory_group",4,1473.18393529845,4.29729861607552,0.367263487750573,"Human gammaherpesvirus 4 (EBV).pbmc","symptom_fever",0.14383590326306
"3756","<none>",NA,1199.01217938738,NA,NA,"Human gammaherpesvirus 4 (EBV).pbmc","symptom_chills",0.0701500459151171
"3757","binary",1,1197.18004995222,0.167870564845316,0.682011279668423,"Human gammaherpesvirus 4 (EBV).pbmc","symptom_chills",0.0701500459151171
"3758","sex",1,1197.14057266444,0.128393277059558,0.720103795528299,"Human gammaherpesvirus 4 (EBV).pbmc","symptom_chills",0.0701500459151171
"3759","discretized_admit_age_quantile",4,1206.98529884081,15.9731194534299,0.00305544623703552,"Human gammaherpesvirus 4 (EBV).pbmc","symptom_chills",0.0701500459151171
"3760","trajectory_group",4,1202.34843409518,11.3362547078057,0.0230338987382513,"Human gammaherpesvirus 4 (EBV).pbmc","symptom_chills",0.0701500459151171
"3761","<none>",NA,155.077183596353,NA,NA,"Human gammaherpesvirus 4 (EBV).pbmc","symptom_shaking",0.0123762815858457
"3762","binary",1,153.077516307139,0.000332710785386325,0.985447104213917,"Human gammaherpesvirus 4 (EBV).pbmc","symptom_shaking",0.0123762815858457
"3763","sex",1,153.392614146988,0.315430550634233,0.574366744616837,"Human gammaherpesvirus 4 (EBV).pbmc","symptom_shaking",0.0123762815858457
"3764","discretized_admit_age_quantile",4,151.663873857104,4.58669026075006,0.332391653809611,"Human gammaherpesvirus 4 (EBV).pbmc","symptom_shaking",0.0123762815858457
"3765","trajectory_group",4,149.709215523298,2.63203192694499,0.621159422437444,"Human gammaherpesvirus 4 (EBV).pbmc","symptom_shaking",0.0123762815858457
"3766","<none>",NA,1485.43399315901,NA,NA,"Human gammaherpesvirus 4 (EBV).pbmc","symptom_fatigue",-0.0156325742602463
"3767","binary",1,1483.44515887399,0.0111657149786879,0.915845812688564,"Human gammaherpesvirus 4 (EBV).pbmc","symptom_fatigue",-0.0156325742602463
"3768","sex",1,1484.10918674278,0.67519358376785,0.411246726058278,"Human gammaherpesvirus 4 (EBV).pbmc","symptom_fatigue",-0.0156325742602463
"3769","discretized_admit_age_quantile",4,1484.495909662,7.06191650299183,0.132652175288637,"Human gammaherpesvirus 4 (EBV).pbmc","symptom_fatigue",-0.0156325742602463
"3770","trajectory_group",4,1485.4818797598,8.04788660079294,0.0898397135463879,"Human gammaherpesvirus 4 (EBV).pbmc","symptom_fatigue",-0.0156325742602463
"3771","<none>",NA,1173.27214226302,NA,NA,"Human gammaherpesvirus 4 (EBV).pbmc","symptom_myalgia",0.0203310468362716
"3772","binary",1,1171.28547079275,0.0133285297242764,0.908089042675877,"Human gammaherpesvirus 4 (EBV).pbmc","symptom_myalgia",0.0203310468362716
"3773","sex",1,1172.18999043909,0.917848176065263,0.338040605986873,"Human gammaherpesvirus 4 (EBV).pbmc","symptom_myalgia",0.0203310468362716
"3774","discretized_admit_age_quantile",4,1175.82251035102,10.5503680879976,0.0321102100383159,"Human gammaherpesvirus 4 (EBV).pbmc","symptom_myalgia",0.0203310468362716
"3775","trajectory_group",4,1181.57467545022,16.3025331871941,0.00263894965654414,"Human gammaherpesvirus 4 (EBV).pbmc","symptom_myalgia",0.0203310468362716
"3776","<none>",NA,74.2411374856731,NA,NA,"Human gammaherpesvirus 4 (EBV).pbmc","symptom_lymphadenopathy",1.02421463764642
"3777","binary",1,73.071993992222,0.83085650654894,0.362024978100184,"Human gammaherpesvirus 4 (EBV).pbmc","symptom_lymphadenopathy",1.02421463764642
"3778","sex",1,72.7913425156675,0.55020502999443,0.458233931097106,"Human gammaherpesvirus 4 (EBV).pbmc","symptom_lymphadenopathy",1.02421463764642
"3779","discretized_admit_age_quantile",4,71.0319372444058,4.79079975873267,0.309443938025556,"Human gammaherpesvirus 4 (EBV).pbmc","symptom_lymphadenopathy",1.02421463764642
"3780","trajectory_group",4,69.1972776419932,2.95614015632012,0.565191868496671,"Human gammaherpesvirus 4 (EBV).pbmc","symptom_lymphadenopathy",1.02421463764642
"3781","<none>",NA,1366.42268368848,NA,NA,"Human gammaherpesvirus 4 (EBV).pbmc","symptom_allneuro",-0.0715065572800937
"3782","binary",1,1364.63023250429,0.20754881580433,0.648695438302078,"Human gammaherpesvirus 4 (EBV).pbmc","symptom_allneuro",-0.0715065572800937
"3783","sex",1,1364.43179705246,0.00911336398007734,0.923946330542532,"Human gammaherpesvirus 4 (EBV).pbmc","symptom_allneuro",-0.0715065572800937
"3784","discretized_admit_age_quantile",4,1362.09514560145,3.67246191297249,0.452143842695072,"Human gammaherpesvirus 4 (EBV).pbmc","symptom_allneuro",-0.0715065572800937
"3785","trajectory_group",4,1360.63172885376,2.20904516527412,0.697373640115028,"Human gammaherpesvirus 4 (EBV).pbmc","symptom_allneuro",-0.0715065572800937
"3786","<none>",NA,999.430709668374,NA,NA,"Human gammaherpesvirus 4 (EBV).pbmc","symptom_headache",-0.089027991385945
"3787","binary",1,997.635886487498,0.205176819123949,0.650574319702271,"Human gammaherpesvirus 4 (EBV).pbmc","symptom_headache",-0.089027991385945
"3788","sex",1,997.456716195884,0.0260065275100487,0.871884377552483,"Human gammaherpesvirus 4 (EBV).pbmc","symptom_headache",-0.089027991385945
"3789","discretized_admit_age_quantile",4,1010.08873642207,18.6580267536972,0.000917317774419629,"Human gammaherpesvirus 4 (EBV).pbmc","symptom_headache",-0.089027991385945
"3790","trajectory_group",4,1004.70038900151,13.2696793331316,0.0100305712157144,"Human gammaherpesvirus 4 (EBV).pbmc","symptom_headache",-0.089027991385945
"3791","<none>",NA,428.403699523317,NA,NA,"Human gammaherpesvirus 4 (EBV).pbmc","symptom_confusion",0.197257432975687
"3792","binary",1,426.817758129837,0.414058606519859,0.519916672030484,"Human gammaherpesvirus 4 (EBV).pbmc","symptom_confusion",0.197257432975687
"3793","sex",1,426.549326524044,0.145627000727018,0.702749879700156,"Human gammaherpesvirus 4 (EBV).pbmc","symptom_confusion",0.197257432975687
"3794","discretized_admit_age_quantile",4,442.282153386853,21.8784538635352,0.000211899686538183,"Human gammaherpesvirus 4 (EBV).pbmc","symptom_confusion",0.197257432975687
"3795","trajectory_group",4,431.827646024726,11.4239465014085,0.0221907383888837,"Human gammaherpesvirus 4 (EBV).pbmc","symptom_confusion",0.197257432975687
"3796","<none>",NA,54.4388673957066,NA,NA,"Human gammaherpesvirus 4 (EBV).pbmc","symptom_seizure",-19.6382005321878
"3797","binary",1,54.351185894663,1.91231849895641,0.166705943339442,"Human gammaherpesvirus 4 (EBV).pbmc","symptom_seizure",-19.6382005321878
"3798","sex",1,55.7432949062188,3.30442751051217,0.069093416799587,"Human gammaherpesvirus 4 (EBV).pbmc","symptom_seizure",-19.6382005321878
"3799","discretized_admit_age_quantile",4,50.3777536466497,3.93888625094308,0.414339874076267,"Human gammaherpesvirus 4 (EBV).pbmc","symptom_seizure",-19.6382005321878
"3800","trajectory_group",4,48.4234343741778,1.98456697847121,0.738597599729771,"Human gammaherpesvirus 4 (EBV).pbmc","symptom_seizure",-19.6382005321878
"3801","<none>",NA,188.402185808647,NA,NA,"Human gammaherpesvirus 4 (EBV).pbmc","symptom_syncope",0.476571842608791
"3802","binary",1,187.1617765339,0.759590725253304,0.383456634478202,"Human gammaherpesvirus 4 (EBV).pbmc","symptom_syncope",0.476571842608791
"3803","sex",1,190.204031428625,3.80184561997771,0.0511961219375829,"Human gammaherpesvirus 4 (EBV).pbmc","symptom_syncope",0.476571842608791
"3804","discretized_admit_age_quantile",4,190.708579298238,10.3063934895909,0.0355709849789274,"Human gammaherpesvirus 4 (EBV).pbmc","symptom_syncope",0.476571842608791
"3805","trajectory_group",4,184.850432906279,4.44824709763233,0.348728218638814,"Human gammaherpesvirus 4 (EBV).pbmc","symptom_syncope",0.476571842608791
"3806","<none>",NA,727.816776998122,NA,NA,"Human gammaherpesvirus 4 (EBV).pbmc","symptom_anosmia",-0.0754812057376013
"3807","binary",1,725.91194782146,0.0951708233378668,0.757703659425939,"Human gammaherpesvirus 4 (EBV).pbmc","symptom_anosmia",-0.0754812057376013
"3808","sex",1,725.877844722961,0.0610677248383809,0.804816247726059,"Human gammaherpesvirus 4 (EBV).pbmc","symptom_anosmia",-0.0754812057376013
"3809","discretized_admit_age_quantile",4,728.650200025102,8.83342302697952,0.065400680589693,"Human gammaherpesvirus 4 (EBV).pbmc","symptom_anosmia",-0.0754812057376013
"3810","trajectory_group",4,722.17040909745,2.35363209932757,0.67102239423396,"Human gammaherpesvirus 4 (EBV).pbmc","symptom_anosmia",-0.0754812057376013
"3811","<none>",NA,1452.9918351665,NA,NA,"Human gammaherpesvirus 4 (EBV).pbmc","symptom_allGI",0.0368939106173062
"3812","binary",1,1451.05221300517,0.060377838673503,0.805899744724241,"Human gammaherpesvirus 4 (EBV).pbmc","symptom_allGI",0.0368939106173062
"3813","sex",1,1455.85612622767,4.86429106116611,0.0274180614689467,"Human gammaherpesvirus 4 (EBV).pbmc","symptom_allGI",0.0368939106173062
"3814","discretized_admit_age_quantile",4,1452.96424913832,7.97241397181961,0.0925939487024876,"Human gammaherpesvirus 4 (EBV).pbmc","symptom_allGI",0.0368939106173062
"3815","trajectory_group",4,1461.39572005758,16.4038848910752,0.0025224418755913,"Human gammaherpesvirus 4 (EBV).pbmc","symptom_allGI",0.0368939106173062
"3816","<none>",NA,731.217467502373,NA,NA,"Human gammaherpesvirus 4 (EBV).pbmc","symptom_abdpain",0.183232769958937
"3817","binary",1,729.816210692876,0.598743190502773,0.439057958009608,"Human gammaherpesvirus 4 (EBV).pbmc","symptom_abdpain",0.183232769958937
"3818","sex",1,732.171231250853,2.95376374847922,0.085677807365562,"Human gammaherpesvirus 4 (EBV).pbmc","symptom_abdpain",0.183232769958937
"3819","discretized_admit_age_quantile",4,727.890788181591,4.67332067921711,0.322487813462795,"Human gammaherpesvirus 4 (EBV).pbmc","symptom_abdpain",0.183232769958937
"3820","trajectory_group",4,725.979486460131,2.76201895775739,0.598406535754153,"Human gammaherpesvirus 4 (EBV).pbmc","symptom_abdpain",0.183232769958937
"3821","<none>",NA,1130.50558657897,NA,NA,"Human gammaherpesvirus 4 (EBV).pbmc","symptom_nausea",-0.00524306319809874
"3822","binary",1,1128.50642877483,0.000842195861423534,0.976848152334459,"Human gammaherpesvirus 4 (EBV).pbmc","symptom_nausea",-0.00524306319809874
"3823","sex",1,1134.53029072709,6.02470414812046,0.0141069962011718,"Human gammaherpesvirus 4 (EBV).pbmc","symptom_nausea",-0.00524306319809874
"3824","discretized_admit_age_quantile",4,1139.28893945192,16.7833528729495,0.0021295328875001,"Human gammaherpesvirus 4 (EBV).pbmc","symptom_nausea",-0.00524306319809874
"3825","trajectory_group",4,1143.9097477575,21.4041611785303,0.000263274344332577,"Human gammaherpesvirus 4 (EBV).pbmc","symptom_nausea",-0.00524306319809874
"3826","<none>",NA,1162.77979599641,NA,NA,"Human gammaherpesvirus 4 (EBV).pbmc","symptom_diarrhea",0.153579020877851
"3827","binary",1,1161.56588252476,0.786086528355099,0.375286102824162,"Human gammaherpesvirus 4 (EBV).pbmc","symptom_diarrhea",0.153579020877851
"3828","sex",1,1161.1960511959,0.416255199491616,0.518811566239738,"Human gammaherpesvirus 4 (EBV).pbmc","symptom_diarrhea",0.153579020877851
"3829","discretized_admit_age_quantile",4,1163.12068702978,8.34089103337919,0.0798594824215114,"Human gammaherpesvirus 4 (EBV).pbmc","symptom_diarrhea",0.153579020877851
"3830","trajectory_group",4,1161.01743770389,6.23764170748018,0.182090050393053,"Human gammaherpesvirus 4 (EBV).pbmc","symptom_diarrhea",0.153579020877851
"3831","<none>",NA,151.803304914438,NA,NA,"Human gammaherpesvirus 4 (EBV).pbmc","symptom_allderm",0.577092820010191
"3832","binary",1,150.718011318873,0.914706404435577,0.338868747268777,"Human gammaherpesvirus 4 (EBV).pbmc","symptom_allderm",0.577092820010191
"3833","sex",1,149.803756118116,0.000451203678608181,0.983052965283356,"Human gammaherpesvirus 4 (EBV).pbmc","symptom_allderm",0.577092820010191
"3834","discretized_admit_age_quantile",4,153.678260603732,9.87495568929464,0.0425875463894694,"Human gammaherpesvirus 4 (EBV).pbmc","symptom_allderm",0.577092820010191
"3835","trajectory_group",4,146.936721689346,3.13341677490828,0.53575190303345,"Human gammaherpesvirus 4 (EBV).pbmc","symptom_allderm",0.577092820010191
"3836","<none>",NA,128.272205568033,NA,NA,"Human gammaherpesvirus 4 (EBV).pbmc","symptom_skinrash",0.299515972671566
"3837","binary",1,126.444390839615,0.172185271582791,0.678176945569417,"Human gammaherpesvirus 4 (EBV).pbmc","symptom_skinrash",0.299515972671566
"3838","sex",1,126.744591076491,0.472385508458771,0.491891765355465,"Human gammaherpesvirus 4 (EBV).pbmc","symptom_skinrash",0.299515972671566
"3839","discretized_admit_age_quantile",4,126.338421404372,6.06621583633924,0.194257507107332,"Human gammaherpesvirus 4 (EBV).pbmc","symptom_skinrash",0.299515972671566
"3840","trajectory_group",4,122.66334153727,2.39113596923755,0.664229731186463,"Human gammaherpesvirus 4 (EBV).pbmc","symptom_skinrash",0.299515972671566
"3841","<none>",NA,44.0319420829143,NA,NA,"Human gammaherpesvirus 4 (EBV).pbmc","symptom_skinulcer",2.60096067849165
"3842","binary",1,43.9418735880611,1.90993150514679,0.166970867376282,"Human gammaherpesvirus 4 (EBV).pbmc","symptom_skinulcer",2.60096067849165
"3843","sex",1,44.7065848232708,2.6746427403565,0.101958204073207,"Human gammaherpesvirus 4 (EBV).pbmc","symptom_skinulcer",2.60096067849165
"3844","discretized_admit_age_quantile",4,46.2932948575829,10.2613527746686,0.0362479916142206,"Human gammaherpesvirus 4 (EBV).pbmc","symptom_skinulcer",2.60096067849165
"3845","trajectory_group",4,43.8221229837971,7.79018090088277,0.099573651107814,"Human gammaherpesvirus 4 (EBV).pbmc","symptom_skinulcer",2.60096067849165
"3846","<none>",NA,631.87441233245,NA,NA,"Human gammaherpesvirus 4 (EBV).pbmc","symptom_allother",-0.427863841022427
"3847","binary",1,632.345764390492,2.47135205804273,0.115938155249578,"Human gammaherpesvirus 4 (EBV).pbmc","symptom_allother",-0.427863841022427
"3848","sex",1,630.192653507236,0.318241174786067,0.572666556529862,"Human gammaherpesvirus 4 (EBV).pbmc","symptom_allother",-0.427863841022427
"3849","discretized_admit_age_quantile",4,626.946261661343,3.07184932889356,0.545874417232313,"Human gammaherpesvirus 4 (EBV).pbmc","symptom_allother",-0.427863841022427
"3850","trajectory_group",4,635.724464134571,11.8500518021209,0.0185018581987047,"Human gammaherpesvirus 4 (EBV).pbmc","symptom_allother",-0.427863841022427
"3851","<none>",NA,336.727221772981,NA,NA,"Human gammaherpesvirus 4 (EBV).pbmc","symptom_arthralgia",-0.313383700073763
"3852","binary",1,335.26116607228,0.53394429929881,0.464953298270816,"Human gammaherpesvirus 4 (EBV).pbmc","symptom_arthralgia",-0.313383700073763
"3853","sex",1,334.828417734032,0.10119596105045,0.750399127168889,"Human gammaherpesvirus 4 (EBV).pbmc","symptom_arthralgia",-0.313383700073763
"3854","discretized_admit_age_quantile",4,330.935830265295,2.20860849231332,0.697453553094995,"Human gammaherpesvirus 4 (EBV).pbmc","symptom_arthralgia",-0.313383700073763
"3855","trajectory_group",4,339.329062188666,10.6018404156852,0.0314227061885437,"Human gammaherpesvirus 4 (EBV).pbmc","symptom_arthralgia",-0.313383700073763
"3856","<none>",NA,290.08384490188,NA,NA,"Human gammaherpesvirus 4 (EBV).pbmc","symptom_edema",-0.279534150792783
"3857","binary",1,288.477400374216,0.393555472335834,0.530436390371184,"Human gammaherpesvirus 4 (EBV).pbmc","symptom_edema",-0.279534150792783
"3858","sex",1,288.647389557119,0.563544655239014,0.45283556238092,"Human gammaherpesvirus 4 (EBV).pbmc","symptom_edema",-0.279534150792783
"3859","discretized_admit_age_quantile",4,283.627727183531,1.54388228165101,0.818840875321596,"Human gammaherpesvirus 4 (EBV).pbmc","symptom_edema",-0.279534150792783
"3860","trajectory_group",4,288.662527558179,6.57868265629872,0.159899762641886,"Human gammaherpesvirus 4 (EBV).pbmc","symptom_edema",-0.279534150792783
"3861","<none>",NA,242.189721272679,NA,NA,"Human gammaherpesvirus 4 (EBV).pbmc","symptom_nonamb",-0.314716746449398
"3862","binary",1,240.616659927926,0.426938655246545,0.513494939456128,"Human gammaherpesvirus 4 (EBV).pbmc","symptom_nonamb",-0.314716746449398
"3863","sex",1,240.815268811891,0.625547539211453,0.428993224909183,"Human gammaherpesvirus 4 (EBV).pbmc","symptom_nonamb",-0.314716746449398
"3864","discretized_admit_age_quantile",4,238.59504906754,4.40532779486074,0.353921208320782,"Human gammaherpesvirus 4 (EBV).pbmc","symptom_nonamb",-0.314716746449398
"3865","trajectory_group",4,240.908104041342,6.7183827686622,0.151540129718161,"Human gammaherpesvirus 4 (EBV).pbmc","symptom_nonamb",-0.314716746449398
"3866","<none>",NA,66.3796371607044,NA,NA,"Human gammaherpesvirus 4 (EBV).pbmc","symptom_bleeding",-19.1993598425284
"3867","binary",1,67.1510251890217,2.77138802831723,0.095962914866804,"Human gammaherpesvirus 4 (EBV).pbmc","symptom_bleeding",-19.1993598425284
"3868","sex",1,66.5700590246122,2.1904218639078,0.138871275454531,"Human gammaherpesvirus 4 (EBV).pbmc","symptom_bleeding",-19.1993598425284
"3869","discretized_admit_age_quantile",4,60.7983220623206,2.41868490161617,0.659253257116672,"Human gammaherpesvirus 4 (EBV).pbmc","symptom_bleeding",-19.1993598425284
"3870","trajectory_group",4,61.9532444921161,3.57360733141169,0.466774799277271,"Human gammaherpesvirus 4 (EBV).pbmc","symptom_bleeding",-19.1993598425284
"3871","<none>",NA,767.714165107561,NA,NA,"Human gammaherpesvirus 4 (EBV).pbmc","ever_ever_esc",0.320516536329592
"3872","binary",1,768.106953782934,2.3927886753728,0.121896009168707,"Human gammaherpesvirus 4 (EBV).pbmc","ever_ever_esc",0.320516536329592
"3873","sex",1,765.716663979399,0.0024988718377017,0.960131379528296,"Human gammaherpesvirus 4 (EBV).pbmc","ever_ever_esc",0.320516536329592
"3874","discretized_admit_age_quantile",4,764.408394496898,4.69422938933644,0.320133876977516,"Human gammaherpesvirus 4 (EBV).pbmc","ever_ever_esc",0.320516536329592
"3875","trajectory_group",4,898.125575926919,138.411410819357,0.0000000000000000000000000000617613004197443,"Human gammaherpesvirus 4 (EBV).pbmc","ever_ever_esc",0.320516536329592
"3876","<none>",NA,824.764106836789,NA,NA,"Human gammaherpesvirus 4 (EBV).pbmc","ever_icu",0.505467742402647
"3877","binary",1,828.743713378338,5.97960654154929,0.0144722304565686,"Human gammaherpesvirus 4 (EBV).pbmc","ever_icu",0.505467742402647
"3878","sex",1,830.016306324083,7.25219948729352,0.00708142215144804,"Human gammaherpesvirus 4 (EBV).pbmc","ever_icu",0.505467742402647
"3879","discretized_admit_age_quantile",4,823.91456894473,7.15046210794105,0.128147433598181,"Human gammaherpesvirus 4 (EBV).pbmc","ever_icu",0.505467742402647
"3880","trajectory_group",4,1252.70768569945,435.943578862662,0.00000000000000000000000000000000000000000000000000000000000000000000000000000000000000000000474725769163822,"Human gammaherpesvirus 4 (EBV).pbmc","ever_icu",0.505467742402647
"3881","<none>",NA,375.12708017618,NA,NA,"Human gammaherpesvirus 4 (EBV).pbmc","diedever",0.649310377055131
"3882","binary",1,377.589696368022,4.46261619184207,0.0346443983377926,"Human gammaherpesvirus 4 (EBV).pbmc","diedever",0.649310377055131
"3883","sex",1,374.757846258214,1.63076608203431,0.201597121387399,"Human gammaherpesvirus 4 (EBV).pbmc","diedever",0.649310377055131
"3884","discretized_admit_age_quantile",4,386.817045802934,19.6899656267539,0.000574919657020659,"Human gammaherpesvirus 4 (EBV).pbmc","diedever",0.649310377055131
"3885","trajectory_group",4,811.830838125998,444.703757949819,0.0000000000000000000000000000000000000000000000000000000000000000000000000000000000000000000000606450740605481,"Human gammaherpesvirus 4 (EBV).pbmc","diedever",0.649310377055131
"3886","<none>",NA,1369.28938409385,NA,NA,"Human gammaherpesvirus 4 (EBV).pbmc","ever_remdes",0.251804868452112
"3887","binary",1,1369.81006577407,2.52068168022493,0.112362002579476,"Human gammaherpesvirus 4 (EBV).pbmc","ever_remdes",0.251804868452112
"3888","sex",1,1370.92126983389,3.63188574004198,0.0566825576343016,"Human gammaherpesvirus 4 (EBV).pbmc","ever_remdes",0.251804868452112
"3889","discretized_admit_age_quantile",4,1369.62614037228,8.33675627843331,0.079992755387905,"Human gammaherpesvirus 4 (EBV).pbmc","ever_remdes",0.251804868452112
"3890","trajectory_group",4,1400.08844030101,38.7990562071629,0.0000000766499920630733,"Human gammaherpesvirus 4 (EBV).pbmc","ever_remdes",0.251804868452112
"3891","<none>",NA,1110.51646372394,NA,NA,"Human gammaherpesvirus 4 (EBV).pbmc","ever_steroids",0.0819414942823426
"3892","binary",1,1108.70927060214,0.192806878195142,0.660590672938121,"Human gammaherpesvirus 4 (EBV).pbmc","ever_steroids",0.0819414942823426
"3893","sex",1,1115.8801963641,7.36373264016152,0.00665524913102059,"Human gammaherpesvirus 4 (EBV).pbmc","ever_steroids",0.0819414942823426
"3894","discretized_admit_age_quantile",4,1105.36769925445,2.85123553050971,0.583021319465028,"Human gammaherpesvirus 4 (EBV).pbmc","ever_steroids",0.0819414942823426
"3895","trajectory_group",4,1190.3396616069,87.8231978829579,0.00000000000000000381762622393901,"Human gammaherpesvirus 4 (EBV).pbmc","ever_steroids",0.0819414942823426
"3896","<none>",NA,1290.89793035118,NA,NA,"Human gammaherpesvirus 4 (EBV).pbmc","ever_azithro",0.297298230918677
"3897","binary",1,1292.41241518267,3.5144848314917,0.0608345670864155,"Human gammaherpesvirus 4 (EBV).pbmc","ever_azithro",0.297298230918677
"3898","sex",1,1289.49252115709,0.594590805904545,0.440649353169638,"Human gammaherpesvirus 4 (EBV).pbmc","ever_azithro",0.297298230918677
"3899","discretized_admit_age_quantile",4,1286.24829232083,3.35036196964757,0.500992599789074,"Human gammaherpesvirus 4 (EBV).pbmc","ever_azithro",0.297298230918677
"3900","trajectory_group",4,1298.34631806917,15.4483877179914,0.00385611997233554,"Human gammaherpesvirus 4 (EBV).pbmc","ever_azithro",0.297298230918677
"3901","<none>",NA,1313.24109828355,NA,NA,"Human gammaherpesvirus 4 (EBV).pbmc","ever_otherabx",0.151258435577325
"3902","binary",1,1312.08827212046,0.847173836908269,0.357353076956099,"Human gammaherpesvirus 4 (EBV).pbmc","ever_otherabx",0.151258435577325
"3903","sex",1,1311.43137260948,0.190274325926794,0.662688396471957,"Human gammaherpesvirus 4 (EBV).pbmc","ever_otherabx",0.151258435577325
"3904","discretized_admit_age_quantile",4,1311.61667317273,6.37557488917651,0.172800953219791,"Human gammaherpesvirus 4 (EBV).pbmc","ever_otherabx",0.151258435577325
"3905","trajectory_group",4,1406.13429926617,100.893200982619,0.00000000000000000000634857797978961,"Human gammaherpesvirus 4 (EBV).pbmc","ever_otherabx",0.151258435577325
"3906","<none>",NA,474.815570092725,NA,NA,"Human gammaherpesvirus 4 (EBV).pbmc","ever_conplas",0.101853037810229
"3907","binary",1,472.940413877535,0.124843784809457,0.723839258378553,"Human gammaherpesvirus 4 (EBV).pbmc","ever_conplas",0.101853037810229
"3908","sex",1,478.155720277766,5.34015018504135,0.0208396775931323,"Human gammaherpesvirus 4 (EBV).pbmc","ever_conplas",0.101853037810229
"3909","discretized_admit_age_quantile",4,482.654142990679,15.8385728979536,0.00324360309699052,"Human gammaherpesvirus 4 (EBV).pbmc","ever_conplas",0.101853037810229
"3910","trajectory_group",4,493.209881130153,26.3943110374278,0.0000263481132289232,"Human gammaherpesvirus 4 (EBV).pbmc","ever_conplas",0.101853037810229
"3911","<none>",NA,75.0377297002506,NA,NA,"Human gammaherpesvirus 4 (EBV).pbmc","ever_monoclonal",0.804487062614146
"3912","binary",1,73.6345382284391,0.59680852818849,0.439798314501324,"Human gammaherpesvirus 4 (EBV).pbmc","ever_monoclonal",0.804487062614146
"3913","sex",1,73.0922707586878,0.0545410584371382,0.815341901774073,"Human gammaherpesvirus 4 (EBV).pbmc","ever_monoclonal",0.804487062614146
"3914","discretized_admit_age_quantile",4,69.9633612836786,2.92563158342796,0.570346923498315,"Human gammaherpesvirus 4 (EBV).pbmc","ever_monoclonal",0.804487062614146
"3915","trajectory_group",4,71.1700013174359,4.13227161718528,0.388400702414637,"Human gammaherpesvirus 4 (EBV).pbmc","ever_monoclonal",0.804487062614146
"3916","<none>",NA,469.697583856688,NA,NA,"Human gammaherpesvirus 4 (EBV).pbmc","ever_immsupp",0.50893534835762
"3917","binary",1,470.613547317242,2.91596346055417,0.0877070164530521,"Human gammaherpesvirus 4 (EBV).pbmc","ever_immsupp",0.50893534835762
"3918","sex",1,468.396264470188,0.698680613499334,0.403227382655046,"Human gammaherpesvirus 4 (EBV).pbmc","ever_immsupp",0.50893534835762
"3919","discretized_admit_age_quantile",4,475.318821734469,13.6212378777805,0.00860738495387655,"Human gammaherpesvirus 4 (EBV).pbmc","ever_immsupp",0.50893534835762
"3920","trajectory_group",4,465.19843824199,3.50085438530198,0.477748445216266,"Human gammaherpesvirus 4 (EBV).pbmc","ever_immsupp",0.50893534835762
"3921","<none>",NA,782.964544727421,NA,NA,"Human gammaherpesvirus 4 (EBV).pbmc","anycomp",0.693979486842842
"3922","binary",1,788.546803662109,7.58225893468773,0.00589455264677767,"Human gammaherpesvirus 4 (EBV).pbmc","anycomp",0.693979486842842
"3923","sex",1,781.506346003446,0.541801276025467,0.461687176533882,"Human gammaherpesvirus 4 (EBV).pbmc","anycomp",0.693979486842842
"3924","discretized_admit_age_quantile",4,788.018824614593,13.0542798871722,0.0110135957126468,"Human gammaherpesvirus 4 (EBV).pbmc","anycomp",0.693979486842842
"3925","trajectory_group",4,803.567484127141,28.60293939972,0.00000941204018780665,"Human gammaherpesvirus 4 (EBV).pbmc","anycomp",0.693979486842842
"3926","<none>",NA,782.964544727421,NA,NA,"Human gammaherpesvirus 4 (EBV).pbmc","ncomp",0.693979486842842
"3927","binary",1,788.546803662109,7.58225893468773,0.00589455264677767,"Human gammaherpesvirus 4 (EBV).pbmc","ncomp",0.693979486842842
"3928","sex",1,781.506346003446,0.541801276025467,0.461687176533882,"Human gammaherpesvirus 4 (EBV).pbmc","ncomp",0.693979486842842
"3929","discretized_admit_age_quantile",4,788.018824614593,13.0542798871722,0.0110135957126468,"Human gammaherpesvirus 4 (EBV).pbmc","ncomp",0.693979486842842
"3930","trajectory_group",4,803.567484127141,28.60293939972,0.00000941204018780665,"Human gammaherpesvirus 4 (EBV).pbmc","ncomp",0.693979486842842
"3931","<none>",NA,79.1190917466036,NA,NA,"Human gammaherpesvirus 4 (EBV).pbmc","comp_seizure",-0.604206280667536
"3932","binary",1,77.4297847817155,0.310693035111896,0.577255222399172,"Human gammaherpesvirus 4 (EBV).pbmc","comp_seizure",-0.604206280667536
"3933","sex",1,77.7122073550143,0.593115608410685,0.441216854938961,"Human gammaherpesvirus 4 (EBV).pbmc","comp_seizure",-0.604206280667536
"3934","discretized_admit_age_quantile",4,75.6039927938983,4.48490104729466,0.344341581341351,"Human gammaherpesvirus 4 (EBV).pbmc","comp_seizure",-0.604206280667536
"3935","trajectory_group",4,74.9760306233214,3.85693887671773,0.425713145114643,"Human gammaherpesvirus 4 (EBV).pbmc","comp_seizure",-0.604206280667536
"3936","<none>",NA,143.496866194247,NA,NA,"Human gammaherpesvirus 4 (EBV).pbmc","comp_meningitis",-0.438504401537721
"3937","binary",1,141.922092995443,0.425226801196118,0.514340427443063,"Human gammaherpesvirus 4 (EBV).pbmc","comp_meningitis",-0.438504401537721
"3938","sex",1,141.714887986564,0.218021792316648,0.640551364817733,"Human gammaherpesvirus 4 (EBV).pbmc","comp_meningitis",-0.438504401537721
"3939","discretized_admit_age_quantile",4,139.348611931265,3.85174573701784,0.426441529276982,"Human gammaherpesvirus 4 (EBV).pbmc","comp_meningitis",-0.438504401537721
"3940","trajectory_group",4,142.692645085858,7.19577889161138,0.125896887060727,"Human gammaherpesvirus 4 (EBV).pbmc","comp_meningitis",-0.438504401537721
"3941","<none>",NA,189.229518738935,NA,NA,"Human gammaherpesvirus 4 (EBV).pbmc","comp_stroke",0.76394407818958
"3942","binary",1,189.631897668847,2.40237892991138,0.121150890277144,"Human gammaherpesvirus 4 (EBV).pbmc","comp_stroke",0.76394407818958
"3943","sex",1,188.51549490447,1.28597616553441,0.256790818417914,"Human gammaherpesvirus 4 (EBV).pbmc","comp_stroke",0.76394407818958
"3944","discretized_admit_age_quantile",4,186.543937938914,5.31441919997826,0.256530131963616,"Human gammaherpesvirus 4 (EBV).pbmc","comp_stroke",0.76394407818958
"3945","trajectory_group",4,200.162411275328,18.9328925363923,0.000810165734000434,"Human gammaherpesvirus 4 (EBV).pbmc","comp_stroke",0.76394407818958
"3946","<none>",NA,540.084000004008,NA,NA,"Human gammaherpesvirus 4 (EBV).pbmc","comp_afib",-0.334939051493344
"3947","binary",1,539.597631265874,1.51363126186584,0.218585823097977,"Human gammaherpesvirus 4 (EBV).pbmc","comp_afib",-0.334939051493344
"3948","sex",1,544.283689420994,6.19968941698573,0.0127772731931611,"Human gammaherpesvirus 4 (EBV).pbmc","comp_afib",-0.334939051493344
"3949","discretized_admit_age_quantile",4,556.382460764618,24.2984607606103,0.0000695915678456278,"Human gammaherpesvirus 4 (EBV).pbmc","comp_afib",-0.334939051493344
"3950","trajectory_group",4,552.00927652075,19.9252765167417,0.000516649796693026,"Human gammaherpesvirus 4 (EBV).pbmc","comp_afib",-0.334939051493344
"3951","<none>",NA,319.225687853128,NA,NA,"Human gammaherpesvirus 4 (EBV).pbmc","comp_ventricular_arr",0.602235196510539
"3952","binary",1,320.211740573722,2.98605272059422,0.0839846594962357,"Human gammaherpesvirus 4 (EBV).pbmc","comp_ventricular_arr",0.602235196510539
"3953","sex",1,318.102220666961,0.876532813832853,0.349153075485001,"Human gammaherpesvirus 4 (EBV).pbmc","comp_ventricular_arr",0.602235196510539
"3954","discretized_admit_age_quantile",4,314.011082964284,2.78539511115639,0.594356398674466,"Human gammaherpesvirus 4 (EBV).pbmc","comp_ventricular_arr",0.602235196510539
"3955","trajectory_group",4,340.832183299794,29.6064954466659,0.00000588542117473511,"Human gammaherpesvirus 4 (EBV).pbmc","comp_ventricular_arr",0.602235196510539
"3956","<none>",NA,33.2262481631026,NA,NA,"Human gammaherpesvirus 4 (EBV).pbmc","comp_endo",-19.5502757231804
"3957","binary",1,31.9781113342562,0.751863171153563,0.385886980147892,"Human gammaherpesvirus 4 (EBV).pbmc","comp_endo",-19.5502757231804
"3958","sex",1,32.1835117896767,0.957263626574097,0.327877269349539,"Human gammaherpesvirus 4 (EBV).pbmc","comp_endo",-19.5502757231804
"3959","discretized_admit_age_quantile",4,27.0326679958163,1.80641983271369,0.771307597371891,"Human gammaherpesvirus 4 (EBV).pbmc","comp_endo",-19.5502757231804
"3960","trajectory_group",4,28.4675553516493,3.24130718854667,0.518285078170394,"Human gammaherpesvirus 4 (EBV).pbmc","comp_endo",-19.5502757231804
"3961","<none>",NA,78.8830339279377,NA,NA,"Human gammaherpesvirus 4 (EBV).pbmc","comp_myocard",-0.14021150441719
"3962","binary",1,76.898769591548,0.0157356636103003,0.900173739696971,"Human gammaherpesvirus 4 (EBV).pbmc","comp_myocard",-0.14021150441719
"3963","sex",1,76.8832965259889,0.000262598051165241,0.98707094438223,"Human gammaherpesvirus 4 (EBV).pbmc","comp_myocard",-0.14021150441719
"3964","discretized_admit_age_quantile",4,77.1997483884313,6.31671446049361,0.176711445073327,"Human gammaherpesvirus 4 (EBV).pbmc","comp_myocard",-0.14021150441719
"3965","trajectory_group",4,74.0123805994268,3.12934667148915,0.536417652064916,"Human gammaherpesvirus 4 (EBV).pbmc","comp_myocard",-0.14021150441719
"3966","<none>",NA,209.005416590246,NA,NA,"Human gammaherpesvirus 4 (EBV).pbmc","comp_cardarrest",-0.0525177457932714
"3967","binary",1,207.01941782229,0.0140012320435403,0.905808721742927,"Human gammaherpesvirus 4 (EBV).pbmc","comp_cardarrest",-0.0525177457932714
"3968","sex",1,207.091672556838,0.0862559665917502,0.768991998496751,"Human gammaherpesvirus 4 (EBV).pbmc","comp_cardarrest",-0.0525177457932714
"3969","discretized_admit_age_quantile",4,205.78088264074,4.77546605049358,0.311121411700409,"Human gammaherpesvirus 4 (EBV).pbmc","comp_cardarrest",-0.0525177457932714
"3970","trajectory_group",4,329.602102001299,128.596685411053,0.00000000000000000000000000777117566812208,"Human gammaherpesvirus 4 (EBV).pbmc","comp_cardarrest",-0.0525177457932714
"3971","<none>",NA,146.397076808955,NA,NA,"Human gammaherpesvirus 4 (EBV).pbmc","comp_stemi",-0.552892992539298
"3972","binary",1,145.095181223736,0.698104414780971,0.403421372311281,"Human gammaherpesvirus 4 (EBV).pbmc","comp_stemi",-0.552892992539298
"3973","sex",1,145.018769335553,0.621692526598054,0.430419027081956,"Human gammaherpesvirus 4 (EBV).pbmc","comp_stemi",-0.552892992539298
"3974","discretized_admit_age_quantile",4,141.75281047018,3.35573366122506,0.500150457032864,"Human gammaherpesvirus 4 (EBV).pbmc","comp_stemi",-0.552892992539298
"3975","trajectory_group",4,152.098858804527,13.7017819955728,0.0083102634360324,"Human gammaherpesvirus 4 (EBV).pbmc","comp_stemi",-0.552892992539298
"3976","<none>",NA,270.160475293732,NA,NA,"Human gammaherpesvirus 4 (EBV).pbmc","comp_nstemi",-0.225656238856429
"3977","binary",1,268.428174772318,0.267699478585314,0.604879172863503,"Human gammaherpesvirus 4 (EBV).pbmc","comp_nstemi",-0.225656238856429
"3978","sex",1,270.670050841531,2.50957554779853,0.1131564055172,"Human gammaherpesvirus 4 (EBV).pbmc","comp_nstemi",-0.225656238856429
"3979","discretized_admit_age_quantile",4,267.444796677762,5.28432138402923,0.259348233422027,"Human gammaherpesvirus 4 (EBV).pbmc","comp_nstemi",-0.225656238856429
"3980","trajectory_group",4,277.817411603885,15.6569363101529,0.00351580543619352,"Human gammaherpesvirus 4 (EBV).pbmc","comp_nstemi",-0.225656238856429
"3981","<none>",NA,538.464617113595,NA,NA,"Human gammaherpesvirus 4 (EBV).pbmc","comp_chf",-0.257977270563171
"3982","binary",1,537.315403994368,0.850786880773285,0.356329828306828,"Human gammaherpesvirus 4 (EBV).pbmc","comp_chf",-0.257977270563171
"3983","sex",1,537.392062002387,0.927444888792252,0.335527750445481,"Human gammaherpesvirus 4 (EBV).pbmc","comp_chf",-0.257977270563171
"3984","discretized_admit_age_quantile",4,538.372306141548,7.90768902795321,0.0950187945711845,"Human gammaherpesvirus 4 (EBV).pbmc","comp_chf",-0.257977270563171
"3985","trajectory_group",4,556.041786494582,25.5771693809868,0.0000385041843951923,"Human gammaherpesvirus 4 (EBV).pbmc","comp_chf",-0.257977270563171
"3986","<none>",NA,1198.5816013468,NA,NA,"Human gammaherpesvirus 4 (EBV).pbmc","comp_pneumonia",0.343337851349092
"3987","binary",1,1200.31856470517,3.73696335837462,0.0532210847824173,"Human gammaherpesvirus 4 (EBV).pbmc","comp_pneumonia",0.343337851349092
"3988","sex",1,1197.21788773867,0.636286391868907,0.425058756380287,"Human gammaherpesvirus 4 (EBV).pbmc","comp_pneumonia",0.343337851349092
"3989","discretized_admit_age_quantile",4,1198.51263777424,7.93103642743995,0.0941373353765136,"Human gammaherpesvirus 4 (EBV).pbmc","comp_pneumonia",0.343337851349092
"3990","trajectory_group",4,1244.86193137382,54.280330027018,0.0000000000459729885282296,"Human gammaherpesvirus 4 (EBV).pbmc","comp_pneumonia",0.343337851349092
"3991","<none>",NA,84.8264494010125,NA,NA,"Human gammaherpesvirus 4 (EBV).pbmc","comp_bronch",-1.16192059813249
"3992","binary",1,83.9552421551626,1.12879275415008,0.288032993140425,"Human gammaherpesvirus 4 (EBV).pbmc","comp_bronch",-1.16192059813249
"3993","sex",1,83.4005148723079,0.574065471295398,0.448647913880088,"Human gammaherpesvirus 4 (EBV).pbmc","comp_bronch",-1.16192059813249
"3994","discretized_admit_age_quantile",4,79.6542682806462,2.82781887963378,0.587040285275277,"Human gammaherpesvirus 4 (EBV).pbmc","comp_bronch",-1.16192059813249
"3995","trajectory_group",4,83.488348686261,6.66189928524858,0.154870993649263,"Human gammaherpesvirus 4 (EBV).pbmc","comp_bronch",-1.16192059813249
"3996","<none>",NA,258.66973225949,NA,NA,"Human gammaherpesvirus 4 (EBV).pbmc","comp_pneumo",-0.161921794854088
"3997","binary",1,256.811395462496,0.141663203005407,0.706633130110618,"Human gammaherpesvirus 4 (EBV).pbmc","comp_pneumo",-0.161921794854088
"3998","sex",1,258.064995590299,1.39526333080863,0.23751825615329,"Human gammaherpesvirus 4 (EBV).pbmc","comp_pneumo",-0.161921794854088
"3999","discretized_admit_age_quantile",4,260.822472761487,10.1527405019964,0.0379319038225895,"Human gammaherpesvirus 4 (EBV).pbmc","comp_pneumo",-0.161921794854088
"4000","trajectory_group",4,272.540048222806,21.8703159633159,0.000212691141365827,"Human gammaherpesvirus 4 (EBV).pbmc","comp_pneumo",-0.161921794854088
"4001","<none>",NA,120.861485620381,NA,NA,"Human gammaherpesvirus 4 (EBV).pbmc","comp_pneumomed",-0.204096792828257
"4002","binary",1,118.964851538452,0.103365918071077,0.747827189931157,"Human gammaherpesvirus 4 (EBV).pbmc","comp_pneumomed",-0.204096792828257
"4003","sex",1,120.489566620403,1.62808100002245,0.201968678783741,"Human gammaherpesvirus 4 (EBV).pbmc","comp_pneumomed",-0.204096792828257
"4004","discretized_admit_age_quantile",4,116.261059520416,3.39957390003489,0.493311683071256,"Human gammaherpesvirus 4 (EBV).pbmc","comp_pneumomed",-0.204096792828257
"4005","trajectory_group",4,143.545780894837,30.684295274456,0.00000355057810205345,"Human gammaherpesvirus 4 (EBV).pbmc","comp_pneumomed",-0.204096792828257
"4006","<none>",NA,126.403601925969,NA,NA,"Human gammaherpesvirus 4 (EBV).pbmc","comp_aat",-0.763634550049603
"4007","binary",1,125.388077466947,0.984475540977698,0.321096359407235,"Human gammaherpesvirus 4 (EBV).pbmc","comp_aat",-0.763634550049603
"4008","sex",1,124.49302181729,0.0894198913211568,0.764915943001214,"Human gammaherpesvirus 4 (EBV).pbmc","comp_aat",-0.763634550049603
"4009","discretized_admit_age_quantile",4,121.763084193834,3.35948226786473,0.499563313140904,"Human gammaherpesvirus 4 (EBV).pbmc","comp_aat",-0.763634550049603
"4010","trajectory_group",4,124.555637921825,6.15203599585587,0.18807819589996,"Human gammaherpesvirus 4 (EBV).pbmc","comp_aat",-0.763634550049603
"4011","<none>",NA,514.187942145928,NA,NA,"Human gammaherpesvirus 4 (EBV).pbmc","comp_avthromb",0.24597697896498
"4012","binary",1,513.027539666613,0.839597520684492,0.359511905468843,"Human gammaherpesvirus 4 (EBV).pbmc","comp_avthromb",0.24597697896498
"4013","sex",1,513.605905883369,1.41796373744023,0.233738852841094,"Human gammaherpesvirus 4 (EBV).pbmc","comp_avthromb",0.24597697896498
"4014","discretized_admit_age_quantile",4,518.553598384331,12.3656562384025,0.0148295283779908,"Human gammaherpesvirus 4 (EBV).pbmc","comp_avthromb",0.24597697896498
"4015","trajectory_group",4,544.327160061123,38.1392179151941,0.000000104884899959753,"Human gammaherpesvirus 4 (EBV).pbmc","comp_avthromb",0.24597697896498
"4016","<none>",NA,600.077224766544,NA,NA,"Human gammaherpesvirus 4 (EBV).pbmc","comp_shock",0.630037209835972
"4017","binary",1,605.466634341998,7.38940957545367,0.00656090217824652,"Human gammaherpesvirus 4 (EBV).pbmc","comp_shock",0.630037209835972
"4018","sex",1,598.396904921643,0.319680155098808,0.571799923434591,"Human gammaherpesvirus 4 (EBV).pbmc","comp_shock",0.630037209835972
"4019","discretized_admit_age_quantile",4,600.119593030577,8.04236826403223,0.0900384621017399,"Human gammaherpesvirus 4 (EBV).pbmc","comp_shock",0.630037209835972
"4020","trajectory_group",4,851.281827201976,259.204602435432,0.000000000000000000000000000000000000000000000000000000676685029357975,"Human gammaherpesvirus 4 (EBV).pbmc","comp_shock",0.630037209835972
"4021","<none>",NA,719.136702877035,NA,NA,"Human gammaherpesvirus 4 (EBV).pbmc","comp_bac",0.0831996732016422
"4022","binary",1,717.277359278143,0.140656401108117,0.707629330871669,"Human gammaherpesvirus 4 (EBV).pbmc","comp_bac",0.0831996732016422
"4023","sex",1,718.188143733604,1.05144085656946,0.305175477914223,"Human gammaherpesvirus 4 (EBV).pbmc","comp_bac",0.0831996732016422
"4024","discretized_admit_age_quantile",4,714.362678632475,3.22597575544046,0.520745661352653,"Human gammaherpesvirus 4 (EBV).pbmc","comp_bac",0.0831996732016422
"4025","trajectory_group",4,775.083051870372,63.9463489933373,0.000000000000428931072171707,"Human gammaherpesvirus 4 (EBV).pbmc","comp_bac",0.0831996732016422
"4026","<none>",NA,321.564233220123,NA,NA,"Human gammaherpesvirus 4 (EBV).pbmc","comp_coag",0.057825158178314
"4027","binary",1,319.586719327876,0.0224861077531386,0.880801155722582,"Human gammaherpesvirus 4 (EBV).pbmc","comp_coag",0.057825158178314
"4028","sex",1,320.200373539646,0.636140319523292,0.425111909003682,"Human gammaherpesvirus 4 (EBV).pbmc","comp_coag",0.057825158178314
"4029","discretized_admit_age_quantile",4,322.740128610686,9.17589539056337,0.0568501958297702,"Human gammaherpesvirus 4 (EBV).pbmc","comp_coag",0.057825158178314
"4030","trajectory_group",4,321.452056597289,7.88782337716549,0.0957748809964623,"Human gammaherpesvirus 4 (EBV).pbmc","comp_coag",0.057825158178314
"4031","<none>",NA,159.976228232573,NA,NA,"Human gammaherpesvirus 4 (EBV).pbmc","comp_hypogly",0.720609388392501
"4032","binary",1,159.637093595446,1.66086536287281,0.197486524805348,"Human gammaherpesvirus 4 (EBV).pbmc","comp_hypogly",0.720609388392501
"4033","sex",1,159.121971474941,1.14574324236759,0.284442014180009,"Human gammaherpesvirus 4 (EBV).pbmc","comp_hypogly",0.720609388392501
"4034","discretized_admit_age_quantile",4,160.192992929554,8.21676469698116,0.0839528824906131,"Human gammaherpesvirus 4 (EBV).pbmc","comp_hypogly",0.720609388392501
"4035","trajectory_group",4,160.296419707143,8.32019147457029,0.0805287831162025,"Human gammaherpesvirus 4 (EBV).pbmc","comp_hypogly",0.720609388392501
"4036","<none>",NA,437.694475515773,NA,NA,"Human gammaherpesvirus 4 (EBV).pbmc","comp_bleed",0.217618238171036
"4037","binary",1,436.208531813563,0.51405629778958,0.473388168323803,"Human gammaherpesvirus 4 (EBV).pbmc","comp_bleed",0.217618238171036
"4038","sex",1,435.710364692136,0.0158891763628048,0.899690544038506,"Human gammaherpesvirus 4 (EBV).pbmc","comp_bleed",0.217618238171036
"4039","discretized_admit_age_quantile",4,432.620884962585,2.92640944681182,0.570215175683359,"Human gammaherpesvirus 4 (EBV).pbmc","comp_bleed",0.217618238171036
"4040","trajectory_group",4,480.935503121625,51.2410276058525,0.000000000198778159629792,"Human gammaherpesvirus 4 (EBV).pbmc","comp_bleed",0.217618238171036
"4041","<none>",NA,802.932609950878,NA,NA,"Human gammaherpesvirus 4 (EBV).pbmc","comp_anemia",0.199181191815372
"4042","binary",1,801.860179840285,0.927569889406982,0.335495184937613,"Human gammaherpesvirus 4 (EBV).pbmc","comp_anemia",0.199181191815372
"4043","sex",1,801.222315172916,0.28970522203781,0.590409492846739,"Human gammaherpesvirus 4 (EBV).pbmc","comp_anemia",0.199181191815372
"4044","discretized_admit_age_quantile",4,796.278634832014,1.34602488113626,0.853519762372896,"Human gammaherpesvirus 4 (EBV).pbmc","comp_anemia",0.199181191815372
"4045","trajectory_group",4,869.444278093573,74.5116681426948,0.00000000000000252751952509817,"Human gammaherpesvirus 4 (EBV).pbmc","comp_anemia",0.199181191815372
"4046","<none>",NA,82.9246274196022,NA,NA,"Human gammaherpesvirus 4 (EBV).pbmc","comp_pancreas",0.377181062067405
"4047","binary",1,81.0835974330362,0.158970013433986,0.690106575825372,"Human gammaherpesvirus 4 (EBV).pbmc","comp_pancreas",0.377181062067405
"4048","sex",1,82.6106788570586,1.68605143745646,0.19412229549961,"Human gammaherpesvirus 4 (EBV).pbmc","comp_pancreas",0.377181062067405
"4049","discretized_admit_age_quantile",4,83.2025726015963,8.27794518199413,0.0819112105506869,"Human gammaherpesvirus 4 (EBV).pbmc","comp_pancreas",0.377181062067405
"4050","trajectory_group",4,80.9133345015188,5.98870708191666,0.199993224228483,"Human gammaherpesvirus 4 (EBV).pbmc","comp_pancreas",0.377181062067405
"4051","<none>",NA,1048.14761697005,NA,NA,"Human gammaherpesvirus 4 (EBV).pbmc","comp_renal",0.200084775474851
"4052","binary",1,1047.40798118325,1.26036421319918,0.261582161262975,"Human gammaherpesvirus 4 (EBV).pbmc","comp_renal",0.200084775474851
"4053","sex",1,1049.59448828864,3.44687131858836,0.0633716209235753,"Human gammaherpesvirus 4 (EBV).pbmc","comp_renal",0.200084775474851
"4054","discretized_admit_age_quantile",4,1049.58682242249,9.43920545243418,0.0510115410533009,"Human gammaherpesvirus 4 (EBV).pbmc","comp_renal",0.200084775474851
"4055","trajectory_group",4,1121.5275915197,81.3799745496458,0.0000000000000000888371915190907,"Human gammaherpesvirus 4 (EBV).pbmc","comp_renal",0.200084775474851
"4056","<none>",NA,794.664755116888,NA,NA,"Human gammaherpesvirus 4 (EBV).pbmc","comp_liver",0.748736467736068
"4057","binary",1,805.466598728944,12.8018436120561,0.000346277942776393,"Human gammaherpesvirus 4 (EBV).pbmc","comp_liver",0.748736467736068
"4058","sex",1,797.103539868577,4.43878475168935,0.0351312458500215,"Human gammaherpesvirus 4 (EBV).pbmc","comp_liver",0.748736467736068
"4059","discretized_admit_age_quantile",4,800.20900396288,13.5442488459921,0.00890109583340996,"Human gammaherpesvirus 4 (EBV).pbmc","comp_liver",0.748736467736068
"4060","trajectory_group",4,788.125608913483,1.46085379659507,0.833552360934697,"Human gammaherpesvirus 4 (EBV).pbmc","comp_liver",0.748736467736068
"4061","<none>",NA,382.12729331821,NA,NA,"Human gammaherpesvirus 4 (EBV).pbmc","comp_othlab",-0.118002589130325
"4062","binary",1,380.229886296468,0.102592978258087,0.748739872130296,"Human gammaherpesvirus 4 (EBV).pbmc","comp_othlab",-0.118002589130325
"4063","sex",1,383.205086713321,3.07779339511109,0.0793681386871302,"Human gammaherpesvirus 4 (EBV).pbmc","comp_othlab",-0.118002589130325
"4064","discretized_admit_age_quantile",4,381.858045941808,7.73075262359754,0.101954132488521,"Human gammaherpesvirus 4 (EBV).pbmc","comp_othlab",-0.118002589130325
"4065","trajectory_group",4,379.470553750738,5.34326043252804,0.253854387931688,"Human gammaherpesvirus 4 (EBV).pbmc","comp_othlab",-0.118002589130325
"4066","<none>",NA,350.271732822946,NA,NA,"Human gammaherpesvirus 4 (EBV).pbmc","comp_electrolyte",0.465915959110142
"4067","binary",1,349.995921836297,1.72418901335124,0.189154718781526,"Human gammaherpesvirus 4 (EBV).pbmc","comp_electrolyte",0.465915959110142
"4068","sex",1,348.271984196572,0.000251373626724671,0.987350256415544,"Human gammaherpesvirus 4 (EBV).pbmc","comp_electrolyte",0.465915959110142
"4069","discretized_admit_age_quantile",4,350.441788435504,8.1700556125586,0.0855437525240384,"Human gammaherpesvirus 4 (EBV).pbmc","comp_electrolyte",0.465915959110142
"4070","trajectory_group",4,351.707720726679,9.43598790373312,0.051079301849204,"Human gammaherpesvirus 4 (EBV).pbmc","comp_electrolyte",0.465915959110142
"4071","<none>",NA,313.322826660889,NA,NA,"Human gammaherpesvirus 4 (EBV).pbmc","comp_othinf",0.994396755475036
"4072","binary",1,318.327969537725,7.00514287683643,0.00812758868612863,"Human gammaherpesvirus 4 (EBV).pbmc","comp_othinf",0.994396755475036
"4073","sex",1,311.417385309338,0.0945586484496062,0.758459855054443,"Human gammaherpesvirus 4 (EBV).pbmc","comp_othinf",0.994396755475036
"4074","discretized_admit_age_quantile",4,308.15843185474,2.83560519385139,0.585702388976842,"Human gammaherpesvirus 4 (EBV).pbmc","comp_othinf",0.994396755475036
"4075","trajectory_group",4,309.317034239498,3.99420757860878,0.406790336297688,"Human gammaherpesvirus 4 (EBV).pbmc","comp_othinf",0.994396755475036
"4076","<none>",NA,32.6129854170106,NA,NA,"Human gammaherpesvirus 4 (EBV).pbmc","comp_othpulm",-20.4932791385517
"4077","binary",1,31.4513384852989,0.838353068288221,0.359868219275642,"Human gammaherpesvirus 4 (EBV).pbmc","comp_othpulm",-20.4932791385517
"4078","sex",1,32.1227311242273,1.50974570721666,0.219177893293797,"Human gammaherpesvirus 4 (EBV).pbmc","comp_othpulm",-20.4932791385517
"4079","discretized_admit_age_quantile",4,27.680479420799,3.06749400378835,0.546594664723104,"Human gammaherpesvirus 4 (EBV).pbmc","comp_othpulm",-20.4932791385517
"4080","trajectory_group",4,27.3223805746959,2.70939515768524,0.607571584435466,"Human gammaherpesvirus 4 (EBV).pbmc","comp_othpulm",-20.4932791385517
"4081","<none>",NA,166.864014207609,NA,NA,"Human gammaherpesvirus 4 (EBV).pbmc","comp_unddisease",-0.982222783163258
"4082","binary",1,166.657804077726,1.79378987011685,0.180465086121402,"Human gammaherpesvirus 4 (EBV).pbmc","comp_unddisease",-0.982222783163258
"4083","sex",1,165.369400058192,0.505385850583025,0.477143137236535,"Human gammaherpesvirus 4 (EBV).pbmc","comp_unddisease",-0.982222783163258
"4084","discretized_admit_age_quantile",4,167.194668052739,8.33065384512963,0.0801898343212163,"Human gammaherpesvirus 4 (EBV).pbmc","comp_unddisease",-0.982222783163258
"4085","trajectory_group",4,161.121918630257,2.25790442264824,0.688443330941908,"Human gammaherpesvirus 4 (EBV).pbmc","comp_unddisease",-0.982222783163258
"4086","<none>",NA,241.810811974784,NA,NA,"Human gammaherpesvirus 4 (EBV).pbmc","comp_enceph",0.239980178152784
"4087","binary",1,240.102918186764,0.292106211980808,0.58887397087659,"Human gammaherpesvirus 4 (EBV).pbmc","comp_enceph",0.239980178152784
"4088","sex",1,241.329083062485,1.51827108770169,0.217881316806763,"Human gammaherpesvirus 4 (EBV).pbmc","comp_enceph",0.239980178152784
"4089","discretized_admit_age_quantile",4,241.84112318037,8.03031120558583,0.0904741454810621,"Human gammaherpesvirus 4 (EBV).pbmc","comp_enceph",0.239980178152784
"4090","trajectory_group",4,247.46909723209,13.6582852573061,0.00846945071642623,"Human gammaherpesvirus 4 (EBV).pbmc","comp_enceph",0.239980178152784
"4091","<none>",NA,99.71944292579,NA,NA,"Human gammaherpesvirus 4 (EBV).pbmc","comp_othneuro",-0.581708413928713
"4092","binary",1,98.040440855736,0.320997929946017,0.571008541940575,"Human gammaherpesvirus 4 (EBV).pbmc","comp_othneuro",-0.581708413928713
"4093","sex",1,97.7209803341059,0.00153740831596849,0.968723121393496,"Human gammaherpesvirus 4 (EBV).pbmc","comp_othneuro",-0.581708413928713
"4094","discretized_admit_age_quantile",4,98.0307650872569,6.31132216146695,0.177073644873269,"Human gammaherpesvirus 4 (EBV).pbmc","comp_othneuro",-0.581708413928713
"4095","trajectory_group",4,93.6754643614702,1.95602143568027,0.743847628050919,"Human gammaherpesvirus 4 (EBV).pbmc","comp_othneuro",-0.581708413928713
"4096","<none>",NA,391.101407591364,NA,NA,"Human gammaherpesvirus 4 (EBV).pbmc","comp_hypergly",0.598535912003973
"4097","binary",1,392.375039430493,3.2736318391286,0.070401604966142,"Human gammaherpesvirus 4 (EBV).pbmc","comp_hypergly",0.598535912003973
"4098","sex",1,389.114403492272,0.0129959009071854,0.909238137973884,"Human gammaherpesvirus 4 (EBV).pbmc","comp_hypergly",0.598535912003973
"4099","discretized_admit_age_quantile",4,393.669547015692,10.5681394243278,0.0318712191246882,"Human gammaherpesvirus 4 (EBV).pbmc","comp_hypergly",0.598535912003973
"4100","trajectory_group",4,389.655334873458,6.55392728209409,0.161424084333822,"Human gammaherpesvirus 4 (EBV).pbmc","comp_hypergly",0.598535912003973
"4101","<none>",NA,54.8744555611343,NA,NA,"Human gammaherpesvirus 4 (EBV).pbmc","comp_psych",1.18452217422423
"4102","binary",1,53.4841846052085,0.609729044074186,0.434889848072356,"Human gammaherpesvirus 4 (EBV).pbmc","comp_psych",1.18452217422423
"4103","sex",1,55.0983940383303,2.22393847719601,0.135886023208574,"Human gammaherpesvirus 4 (EBV).pbmc","comp_psych",1.18452217422423
"4104","discretized_admit_age_quantile",4,50.9368173306454,4.06236176951113,0.397631886405968,"Human gammaherpesvirus 4 (EBV).pbmc","comp_psych",1.18452217422423
"4105","trajectory_group",4,49.4009154363429,2.52645987520862,0.639904092908071,"Human gammaherpesvirus 4 (EBV).pbmc","comp_psych",1.18452217422423
"4106","<none>",NA,134.45394807286,NA,NA,"Human gammaherpesvirus 4 (EBV).pbmc","comp_gastroent",0.183824729388781
"4107","binary",1,132.518123710686,0.0641756378263381,0.800013903283296,"Human gammaherpesvirus 4 (EBV).pbmc","comp_gastroent",0.183824729388781
"4108","sex",1,134.035212363866,1.58126429100611,0.208578676548483,"Human gammaherpesvirus 4 (EBV).pbmc","comp_gastroent",0.183824729388781
"4109","discretized_admit_age_quantile",4,127.317167627657,0.863219554797283,0.929777240553734,"Human gammaherpesvirus 4 (EBV).pbmc","comp_gastroent",0.183824729388781
"4110","trajectory_group",4,133.363637490465,6.90968941760525,0.140738389412187,"Human gammaherpesvirus 4 (EBV).pbmc","comp_gastroent",0.183824729388781
"4111","<none>",NA,40.0836433285985,NA,NA,"Human gammaherpesvirus 4 (EBV).pbmc","comp_pulmvas",-20.464385359894
"4112","binary",1,38.9030110185261,0.819367689927688,0.36536510329979,"Human gammaherpesvirus 4 (EBV).pbmc","comp_pulmvas",-20.464385359894
"4113","sex",1,41.5197936509515,3.43615032235309,0.0637841523268903,"Human gammaherpesvirus 4 (EBV).pbmc","comp_pulmvas",-20.464385359894
"4114","discretized_admit_age_quantile",4,38.0097434786166,5.92610015001814,0.204735551507109,"Human gammaherpesvirus 4 (EBV).pbmc","comp_pulmvas",-20.464385359894
"4115","trajectory_group",4,34.4435499161917,2.35990658759322,0.669884585362241,"Human gammaherpesvirus 4 (EBV).pbmc","comp_pulmvas",-20.464385359894
"4116","<none>",NA,235.930766627378,NA,NA,"Human gammaherpesvirus 4 (EBV).pbmc","comp_other2",0.246485441532841
"4117","binary",1,234.190124286053,0.259357658674077,0.610561795625386,"Human gammaherpesvirus 4 (EBV).pbmc","comp_other2",0.246485441532841
"4118","sex",1,233.934561535675,0.00379490829627116,0.950879125588088,"Human gammaherpesvirus 4 (EBV).pbmc","comp_other2",0.246485441532841
"4119","discretized_admit_age_quantile",4,228.960872249257,1.03010562187899,0.905197149840152,"Human gammaherpesvirus 4 (EBV).pbmc","comp_other2",0.246485441532841
"4120","trajectory_group",4,229.886526289615,1.95575966223606,0.743895766700981,"Human gammaherpesvirus 4 (EBV).pbmc","comp_other2",0.246485441532841
"4121","<none>",NA,224.120911797592,NA,NA,"Human alphaherpesvirus 1 (HSV1).ea","comorb_htn",-0.279895233190275
"4122","binary",1,222.770286812266,0.649375014674519,0.420336216746288,"Human alphaherpesvirus 1 (HSV1).ea","comorb_htn",-0.279895233190275
"4123","sex",1,222.431921269449,0.31100947185729,0.577061392759327,"Human alphaherpesvirus 1 (HSV1).ea","comorb_htn",-0.279895233190275
"4124","discretized_admit_age_quantile",4,223.313676361894,7.19276456430225,0.126045446761448,"Human alphaherpesvirus 1 (HSV1).ea","comorb_htn",-0.279895233190275
"4125","trajectory_group",4,220.452001204147,4.33108940655546,0.363048240231165,"Human alphaherpesvirus 1 (HSV1).ea","comorb_htn",-0.279895233190275
"4126","<none>",NA,233.354585070987,NA,NA,"Human alphaherpesvirus 1 (HSV1).ea","comorb_isaric_dm",-0.586113347489957
"4127","binary",1,234.185767800814,2.83118272982691,0.092450250893518,"Human alphaherpesvirus 1 (HSV1).ea","comorb_isaric_dm",-0.586113347489957
"4128","sex",1,231.678821175065,0.324236104077926,0.569072953842508,"Human alphaherpesvirus 1 (HSV1).ea","comorb_isaric_dm",-0.586113347489957
"4129","discretized_admit_age_quantile",4,229.374760544338,4.0201754733506,0.403282282275068,"Human alphaherpesvirus 1 (HSV1).ea","comorb_isaric_dm",-0.586113347489957
"4130","trajectory_group",4,227.056124853037,1.70153978204965,0.790437901659835,"Human alphaherpesvirus 1 (HSV1).ea","comorb_isaric_dm",-0.586113347489957
"4131","<none>",NA,174.849650941761,NA,NA,"Human alphaherpesvirus 1 (HSV1).ea","comorb_anyresp_noasthma",-0.493347459281266
"4132","binary",1,174.19358994032,1.34393899855982,0.246340510660512,"Human alphaherpesvirus 1 (HSV1).ea","comorb_anyresp_noasthma",-0.493347459281266
"4133","sex",1,172.916566692244,0.0669157504839006,0.795881543492194,"Human alphaherpesvirus 1 (HSV1).ea","comorb_anyresp_noasthma",-0.493347459281266
"4134","discretized_admit_age_quantile",4,172.248154495399,5.39850355363834,0.248796197871705,"Human alphaherpesvirus 1 (HSV1).ea","comorb_anyresp_noasthma",-0.493347459281266
"4135","trajectory_group",4,174.056344370852,7.20669342909133,0.12536031991792,"Human alphaherpesvirus 1 (HSV1).ea","comorb_anyresp_noasthma",-0.493347459281266
"4136","<none>",NA,141.962465729556,NA,NA,"Human alphaherpesvirus 1 (HSV1).ea","comorb_isaric_asthma",0.164328887617238
"4137","binary",1,140.076570712803,0.114104983247501,0.735518212158831,"Human alphaherpesvirus 1 (HSV1).ea","comorb_isaric_asthma",0.164328887617238
"4138","sex",1,146.613870913478,6.65140518392187,0.0099077656688846,"Human alphaherpesvirus 1 (HSV1).ea","comorb_isaric_asthma",0.164328887617238
"4139","discretized_admit_age_quantile",4,144.146015321385,10.1835495918286,0.0374467509890581,"Human alphaherpesvirus 1 (HSV1).ea","comorb_isaric_asthma",0.164328887617238
"4140","trajectory_group",4,136.511212688184,2.54874695862853,0.635928681111346,"Human alphaherpesvirus 1 (HSV1).ea","comorb_isaric_asthma",0.164328887617238
"4141","<none>",NA,165.517091710418,NA,NA,"Human alphaherpesvirus 1 (HSV1).ea","comorb_isaric_cardiac",-0.464946608106091
"4142","binary",1,164.667059392162,1.1499676817435,0.283555915062783,"Human alphaherpesvirus 1 (HSV1).ea","comorb_isaric_cardiac",-0.464946608106091
"4143","sex",1,168.031455092778,4.51436338235987,0.0336113922920032,"Human alphaherpesvirus 1 (HSV1).ea","comorb_isaric_cardiac",-0.464946608106091
"4144","discretized_admit_age_quantile",4,171.015664156841,13.4985724464231,0.00907996006670516,"Human alphaherpesvirus 1 (HSV1).ea","comorb_isaric_cardiac",-0.464946608106091
"4145","trajectory_group",4,158.828534902073,1.31144319165512,0.85943105513619,"Human alphaherpesvirus 1 (HSV1).ea","comorb_isaric_cardiac",-0.464946608106091
"4146","<none>",NA,138.887984017248,NA,NA,"Human alphaherpesvirus 1 (HSV1).ea","comorb_isaric_ckd",-0.541970476017649
"4147","binary",1,137.964061445333,1.07607742808531,0.299576722325803,"Human alphaherpesvirus 1 (HSV1).ea","comorb_isaric_ckd",-0.541970476017649
"4148","sex",1,138.620256891001,1.73227287375346,0.188120890672363,"Human alphaherpesvirus 1 (HSV1).ea","comorb_isaric_ckd",-0.541970476017649
"4149","discretized_admit_age_quantile",4,133.583818239354,2.69583422210647,0.609943766794478,"Human alphaherpesvirus 1 (HSV1).ea","comorb_isaric_ckd",-0.541970476017649
"4150","trajectory_group",4,133.224000396732,2.33601637948408,0.674219651575861,"Human alphaherpesvirus 1 (HSV1).ea","comorb_isaric_ckd",-0.541970476017649
"4151","<none>",NA,81.3513051465405,NA,NA,"Human alphaherpesvirus 1 (HSV1).ea","comorb_isaric_neoplasm",0.0796435942391397
"4152","binary",1,79.3631008864009,0.0117957398603892,0.913513261125987,"Human alphaherpesvirus 1 (HSV1).ea","comorb_isaric_neoplasm",0.0796435942391397
"4153","sex",1,81.7401011765341,2.38879602999359,0.122207715829385,"Human alphaherpesvirus 1 (HSV1).ea","comorb_isaric_neoplasm",0.0796435942391397
"4154","discretized_admit_age_quantile",4,81.4146212855355,8.06331613899503,0.089286185240541,"Human alphaherpesvirus 1 (HSV1).ea","comorb_isaric_neoplasm",0.0796435942391397
"4155","trajectory_group",4,81.6297626831234,8.27845753658291,0.0818943116660852,"Human alphaherpesvirus 1 (HSV1).ea","comorb_isaric_neoplasm",0.0796435942391397
"4156","<none>",NA,134.264321309168,NA,NA,"Human alphaherpesvirus 1 (HSV1).ea","comorb_neuro",-0.979818412808768
"4157","binary",1,135.381173584239,3.11685227507084,0.077486331934838,"Human alphaherpesvirus 1 (HSV1).ea","comorb_neuro",-0.979818412808768
"4158","sex",1,132.392045898315,0.127724589147107,0.72080302763012,"Human alphaherpesvirus 1 (HSV1).ea","comorb_neuro",-0.979818412808768
"4159","discretized_admit_age_quantile",4,130.998724205118,4.73440289594959,0.315650566494799,"Human alphaherpesvirus 1 (HSV1).ea","comorb_neuro",-0.979818412808768
"4160","trajectory_group",4,128.233030918792,1.96870960962357,0.741514191360819,"Human alphaherpesvirus 1 (HSV1).ea","comorb_neuro",-0.979818412808768
"4161","<none>",NA,108.107553059456,NA,NA,"Human alphaherpesvirus 1 (HSV1).ea","comorb_isaric_liver",-0.20287404367543
"4162","binary",1,106.219958032178,0.112404972722516,0.737422547038155,"Human alphaherpesvirus 1 (HSV1).ea","comorb_isaric_liver",-0.20287404367543
"4163","sex",1,106.108129186048,0.000576126592648052,0.98085050513121,"Human alphaherpesvirus 1 (HSV1).ea","comorb_isaric_liver",-0.20287404367543
"4164","discretized_admit_age_quantile",4,103.747449502325,3.63989644286988,0.456927886630457,"Human alphaherpesvirus 1 (HSV1).ea","comorb_isaric_liver",-0.20287404367543
"4165","trajectory_group",4,101.790735206273,1.68318214681722,0.79377029418232,"Human alphaherpesvirus 1 (HSV1).ea","comorb_isaric_liver",-0.20287404367543
"4166","<none>",NA,74.7648338683573,NA,NA,"Human alphaherpesvirus 1 (HSV1).ea","comorb_hxtrans",0.101276274040621
"4167","binary",1,72.7787393630888,0.0139054947315032,0.906129808618303,"Human alphaherpesvirus 1 (HSV1).ea","comorb_hxtrans",0.101276274040621
"4168","sex",1,73.1240762861485,0.359242417791222,0.548927278555495,"Human alphaherpesvirus 1 (HSV1).ea","comorb_hxtrans",0.101276274040621
"4169","discretized_admit_age_quantile",4,67.3011987550918,0.536364886734518,0.969865657091137,"Human alphaherpesvirus 1 (HSV1).ea","comorb_hxtrans",0.101276274040621
"4170","trajectory_group",4,72.8104561712572,6.04562230289987,0.195766980543122,"Human alphaherpesvirus 1 (HSV1).ea","comorb_hxtrans",0.101276274040621
"4171","<none>",NA,29.4067345151116,NA,NA,"Human alphaherpesvirus 1 (HSV1).ea","comorb_hiv2",-21.0841263045443
"4172","binary",1,29.0509237050038,1.64418918989217,0.199751662268795,"Human alphaherpesvirus 1 (HSV1).ea","comorb_hiv2",-21.0841263045443
"4173","sex",1,30.3138499285568,2.90711541344514,0.0881894795726836,"Human alphaherpesvirus 1 (HSV1).ea","comorb_hiv2",-21.0841263045443
"4174","discretized_admit_age_quantile",4,23.9406097390529,2.53387522394127,0.638580355557401,"Human alphaherpesvirus 1 (HSV1).ea","comorb_hiv2",-21.0841263045443
"4175","trajectory_group",4,22.5016594856874,1.09492497057575,0.895076578188785,"Human alphaherpesvirus 1 (HSV1).ea","comorb_hiv2",-21.0841263045443
"4176","<none>",NA,191.931706236983,NA,NA,"Human alphaherpesvirus 1 (HSV1).ea","comorb_eversmkvape",-0.0784000295518888
"4177","binary",1,189.973173113432,0.0414668764494195,0.838639386371641,"Human alphaherpesvirus 1 (HSV1).ea","comorb_eversmkvape",-0.0784000295518888
"4178","sex",1,190.426285953122,0.494579716139498,0.481891479403581,"Human alphaherpesvirus 1 (HSV1).ea","comorb_eversmkvape",-0.0784000295518888
"4179","discretized_admit_age_quantile",4,190.70074996986,6.76904373287795,0.148608301280206,"Human alphaherpesvirus 1 (HSV1).ea","comorb_eversmkvape",-0.0784000295518888
"4180","trajectory_group",4,191.724784650968,7.79307841398511,0.0994589248428219,"Human alphaherpesvirus 1 (HSV1).ea","comorb_eversmkvape",-0.0784000295518888
"4181","<none>",NA,75.8060221760442,NA,NA,"Human alphaherpesvirus 1 (HSV1).ea","comorb_anysubstance",0.168607246127312
"4182","binary",1,73.8492291372315,0.0432069611873089,0.835336063034343,"Human alphaherpesvirus 1 (HSV1).ea","comorb_anysubstance",0.168607246127312
"4183","sex",1,74.7945507918724,0.988528615828187,0.320102259719745,"Human alphaherpesvirus 1 (HSV1).ea","comorb_anysubstance",0.168607246127312
"4184","discretized_admit_age_quantile",4,70.2828521444996,2.47682996845541,0.648789496680519,"Human alphaherpesvirus 1 (HSV1).ea","comorb_anysubstance",0.168607246127312
"4185","trajectory_group",4,73.9977302216433,6.19170804559917,0.185281539671173,"Human alphaherpesvirus 1 (HSV1).ea","comorb_anysubstance",0.168607246127312
"4186","<none>",NA,87.4596187432425,NA,NA,"Human alphaherpesvirus 1 (HSV1).ea","comorb_count",-0.14783767522926
"4187","binary",1,85.4999733629643,0.040354619721839,0.840788815114161,"Human alphaherpesvirus 1 (HSV1).ea","comorb_count",-0.14783767522926
"4188","sex",1,87.622887429075,2.16326868583253,0.141343736848581,"Human alphaherpesvirus 1 (HSV1).ea","comorb_count",-0.14783767522926
"4189","discretized_admit_age_quantile",4,81.3242312258594,1.86461248261686,0.760642347890001,"Human alphaherpesvirus 1 (HSV1).ea","comorb_count",-0.14783767522926
"4190","trajectory_group",4,80.7510238105567,1.29140506731423,0.862832093297034,"Human alphaherpesvirus 1 (HSV1).ea","comorb_count",-0.14783767522926
"4191","<none>",NA,87.4596187432425,NA,NA,"Human alphaherpesvirus 1 (HSV1).ea","comorb_countcat",-0.14783767522926
"4192","binary",1,85.4999733629643,0.040354619721839,0.840788815114161,"Human alphaherpesvirus 1 (HSV1).ea","comorb_countcat",-0.14783767522926
"4193","sex",1,87.622887429075,2.16326868583253,0.141343736848581,"Human alphaherpesvirus 1 (HSV1).ea","comorb_countcat",-0.14783767522926
"4194","discretized_admit_age_quantile",4,81.3242312258594,1.86461248261686,0.760642347890001,"Human alphaherpesvirus 1 (HSV1).ea","comorb_countcat",-0.14783767522926
"4195","trajectory_group",4,80.7510238105567,1.29140506731423,0.862832093297034,"Human alphaherpesvirus 1 (HSV1).ea","comorb_countcat",-0.14783767522926
"4196","<none>",NA,165.961369983751,NA,NA,"Human alphaherpesvirus 1 (HSV1).ea","timesymptomcat",-0.231454079929905
"4197","binary",1,164.252146521357,0.290776537605808,0.589723335985439,"Human alphaherpesvirus 1 (HSV1).ea","timesymptomcat",-0.231454079929905
"4198","sex",1,165.90015682804,1.93878684428898,0.163800317210187,"Human alphaherpesvirus 1 (HSV1).ea","timesymptomcat",-0.231454079929905
"4199","discretized_admit_age_quantile",4,163.404537862968,5.44316787921704,0.244770419326681,"Human alphaherpesvirus 1 (HSV1).ea","timesymptomcat",-0.231454079929905
"4200","trajectory_group",4,161.848929866178,3.88755988242721,0.421436784027814,"Human alphaherpesvirus 1 (HSV1).ea","timesymptomcat",-0.231454079929905
"4201","<none>",NA,124.108624314636,NA,NA,"Human alphaherpesvirus 1 (HSV1).ea","symptom_allresp",0.263939618144691
"4202","binary",1,122.312824413548,0.204200098912324,0.651351794614141,"Human alphaherpesvirus 1 (HSV1).ea","symptom_allresp",0.263939618144691
"4203","sex",1,122.117584528291,0.0089602136549729,0.92458615749433,"Human alphaherpesvirus 1 (HSV1).ea","symptom_allresp",0.263939618144691
"4204","discretized_admit_age_quantile",4,118.802913596015,2.6942892813793,0.610214284267865,"Human alphaherpesvirus 1 (HSV1).ea","symptom_allresp",0.263939618144691
"4205","trajectory_group",4,121.436135060512,5.3275107458764,0.255312576732864,"Human alphaherpesvirus 1 (HSV1).ea","symptom_allresp",0.263939618144691
"4206","<none>",NA,217.11979111052,NA,NA,"Human alphaherpesvirus 1 (HSV1).ea","symptom_cough",-0.497769910575703
"4207","binary",1,216.813636659563,1.6938455490432,0.193094815949273,"Human alphaherpesvirus 1 (HSV1).ea","symptom_cough",-0.497769910575703
"4208","sex",1,215.12380981872,0.0040187082004195,0.949453336695044,"Human alphaherpesvirus 1 (HSV1).ea","symptom_cough",-0.497769910575703
"4209","discretized_admit_age_quantile",4,215.95295171002,6.83316059950042,0.144972009815458,"Human alphaherpesvirus 1 (HSV1).ea","symptom_cough",-0.497769910575703
"4210","trajectory_group",4,214.565120682099,5.44532957157881,0.244577014071443,"Human alphaherpesvirus 1 (HSV1).ea","symptom_cough",-0.497769910575703
"4211","<none>",NA,115.753107152899,NA,NA,"Human alphaherpesvirus 1 (HSV1).ea","symptom_cough_prod",-0.255131881839475
"4212","binary",1,113.949730579932,0.196623427032762,0.657460234885399,"Human alphaherpesvirus 1 (HSV1).ea","symptom_cough_prod",-0.255131881839475
"4213","sex",1,113.789205196135,0.0360980432364357,0.849313165701005,"Human alphaherpesvirus 1 (HSV1).ea","symptom_cough_prod",-0.255131881839475
"4214","discretized_admit_age_quantile",4,108.881147412612,1.1280402597135,0.889798170169233,"Human alphaherpesvirus 1 (HSV1).ea","symptom_cough_prod",-0.255131881839475
"4215","trajectory_group",4,113.160267549379,5.40716039648039,0.248011484533241,"Human alphaherpesvirus 1 (HSV1).ea","symptom_cough_prod",-0.255131881839475
"4216","<none>",NA,31.7241295921545,NA,NA,"Human alphaherpesvirus 1 (HSV1).ea","symptom_haemoptysis",-20.6693060018498
"4217","binary",1,30.6691462047773,0.945016612622808,0.330991027882871,"Human alphaherpesvirus 1 (HSV1).ea","symptom_haemoptysis",-20.6693060018498
"4218","sex",1,30.2988234636621,0.574693871507517,0.448399702367177,"Human alphaherpesvirus 1 (HSV1).ea","symptom_haemoptysis",-20.6693060018498
"4219","discretized_admit_age_quantile",4,25.2970553131767,1.57292572102221,0.813649780040335,"Human alphaherpesvirus 1 (HSV1).ea","symptom_haemoptysis",-20.6693060018498
"4220","trajectory_group",4,24.3120968204886,0.58796722833403,0.964391370177956,"Human alphaherpesvirus 1 (HSV1).ea","symptom_haemoptysis",-20.6693060018498
"4221","<none>",NA,89.0535374748217,NA,NA,"Human alphaherpesvirus 1 (HSV1).ea","symptom_sorethroat",-1.28522243415611
"4222","binary",1,89.6448272372116,2.59128976238989,0.10745280420175,"Human alphaherpesvirus 1 (HSV1).ea","symptom_sorethroat",-1.28522243415611
"4223","sex",1,87.9338709601724,0.880333485350675,0.348110356748824,"Human alphaherpesvirus 1 (HSV1).ea","symptom_sorethroat",-1.28522243415611
"4224","discretized_admit_age_quantile",4,85.7549021500069,4.70136467518512,0.319333799575258,"Human alphaherpesvirus 1 (HSV1).ea","symptom_sorethroat",-1.28522243415611
"4225","trajectory_group",4,82.1159664851459,1.06242901032414,0.90018652203747,"Human alphaherpesvirus 1 (HSV1).ea","symptom_sorethroat",-1.28522243415611
"4226","<none>",NA,90.9927125144228,NA,NA,"Human alphaherpesvirus 1 (HSV1).ea","symptom_rhinorrhea",-0.175842670767713
"4227","binary",1,89.0584535888491,0.0657410744262705,0.797641815573684,"Human alphaherpesvirus 1 (HSV1).ea","symptom_rhinorrhea",-0.175842670767713
"4228","sex",1,91.74510424641,2.75239173198719,0.097109067645222,"Human alphaherpesvirus 1 (HSV1).ea","symptom_rhinorrhea",-0.175842670767713
"4229","discretized_admit_age_quantile",4,86.0187971136694,3.02608459924653,0.553469734313497,"Human alphaherpesvirus 1 (HSV1).ea","symptom_rhinorrhea",-0.175842670767713
"4230","trajectory_group",4,84.8963228245142,1.90361031009137,0.753481743493957,"Human alphaherpesvirus 1 (HSV1).ea","symptom_rhinorrhea",-0.175842670767713
"4231","<none>",NA,97.2892861688095,NA,NA,"Human alphaherpesvirus 1 (HSV1).ea","symptom_wheeze",-0.0449763656150986
"4232","binary",1,95.2937562727763,0.00447010396683822,0.946694083696091,"Human alphaherpesvirus 1 (HSV1).ea","symptom_wheeze",-0.0449763656150986
"4233","sex",1,95.675882765568,0.38659659675848,0.534093822115096,"Human alphaherpesvirus 1 (HSV1).ea","symptom_wheeze",-0.0449763656150986
"4234","discretized_admit_age_quantile",4,99.1926871365802,9.90340096777071,0.0420866997115373,"Human alphaherpesvirus 1 (HSV1).ea","symptom_wheeze",-0.0449763656150986
"4235","trajectory_group",4,90.221765950306,0.932479781496511,0.919855520306412,"Human alphaherpesvirus 1 (HSV1).ea","symptom_wheeze",-0.0449763656150986
"4236","<none>",NA,166.237644888702,NA,NA,"Human alphaherpesvirus 1 (HSV1).ea","symptom_chestpain",0.110093653957064
"4237","binary",1,164.301833129038,0.0641882403350564,0.799994684595804,"Human alphaherpesvirus 1 (HSV1).ea","symptom_chestpain",0.110093653957064
"4238","sex",1,166.99849753818,2.76085264947773,0.0965967413043337,"Human alphaherpesvirus 1 (HSV1).ea","symptom_chestpain",0.110093653957064
"4239","discretized_admit_age_quantile",4,165.851825412825,7.61418052412239,0.106778541373495,"Human alphaherpesvirus 1 (HSV1).ea","symptom_chestpain",0.110093653957064
"4240","trajectory_group",4,164.338024541283,6.10037965258081,0.191776226128009,"Human alphaherpesvirus 1 (HSV1).ea","symptom_chestpain",0.110093653957064
"4241","<none>",NA,179.141829742965,NA,NA,"Human alphaherpesvirus 1 (HSV1).ea","symptom_dyspnea",0.0615967004170093
"4242","binary",1,177.16447538257,0.0226456396054573,0.880382234879682,"Human alphaherpesvirus 1 (HSV1).ea","symptom_dyspnea",0.0615967004170093
"4243","sex",1,177.662525653632,0.520695910667285,0.470544977209031,"Human alphaherpesvirus 1 (HSV1).ea","symptom_dyspnea",0.0615967004170093
"4244","discretized_admit_age_quantile",4,172.979401935256,1.83757219229156,0.765601597960125,"Human alphaherpesvirus 1 (HSV1).ea","symptom_dyspnea",0.0615967004170093
"4245","trajectory_group",4,182.321817793156,11.179988050191,0.0246139583774713,"Human alphaherpesvirus 1 (HSV1).ea","symptom_dyspnea",0.0615967004170093
"4246","<none>",NA,27.8190850201974,NA,NA,"Human alphaherpesvirus 1 (HSV1).ea","symptom_earpain",21.7125916691602
"4247","binary",1,28.5016594847699,2.6825744645725,0.101451597068706,"Human alphaherpesvirus 1 (HSV1).ea","symptom_earpain",21.7125916691602
"4248","sex",1,29.0509237047954,3.231838684598,0.0722195609873777,"Human alphaherpesvirus 1 (HSV1).ea","symptom_earpain",21.7125916691602
"4249","discretized_admit_age_quantile",4,22.8840635993885,3.06497857919107,0.54701089356641,"Human alphaherpesvirus 1 (HSV1).ea","symptom_earpain",21.7125916691602
"4250","trajectory_group",4,21.7416284639344,1.922543443737,0.75000258833663,"Human alphaherpesvirus 1 (HSV1).ea","symptom_earpain",21.7125916691602
"4251","<none>",NA,225.679444279131,NA,NA,"Human alphaherpesvirus 1 (HSV1).ea","symptom_allsyst",0.12713334631388
"4252","binary",1,223.81068322892,0.131238949788241,0.717150896286241,"Human alphaherpesvirus 1 (HSV1).ea","symptom_allsyst",0.12713334631388
"4253","sex",1,223.729331513133,0.049887234001261,0.823259611229612,"Human alphaherpesvirus 1 (HSV1).ea","symptom_allsyst",0.12713334631388
"4254","discretized_admit_age_quantile",4,219.216750067556,1.53730578842479,0.820013304292314,"Human alphaherpesvirus 1 (HSV1).ea","symptom_allsyst",0.12713334631388
"4255","trajectory_group",4,221.419618849741,3.7401745706093,0.442309753313668,"Human alphaherpesvirus 1 (HSV1).ea","symptom_allsyst",0.12713334631388
"4256","<none>",NA,227.210824813364,NA,NA,"Human alphaherpesvirus 1 (HSV1).ea","symptom_fever",-0.0579328470105651
"4257","binary",1,225.236726289763,0.02590147639836,0.872141164496163,"Human alphaherpesvirus 1 (HSV1).ea","symptom_fever",-0.0579328470105651
"4258","sex",1,226.31816437254,1.1073395591753,0.292661001311722,"Human alphaherpesvirus 1 (HSV1).ea","symptom_fever",-0.0579328470105651
"4259","discretized_admit_age_quantile",4,222.133698818593,2.92287400522838,0.570814108961041,"Human alphaherpesvirus 1 (HSV1).ea","symptom_fever",-0.0579328470105651
"4260","trajectory_group",4,224.227586399663,5.01676158629897,0.28558197175905,"Human alphaherpesvirus 1 (HSV1).ea","symptom_fever",-0.0579328470105651
"4261","<none>",NA,152.995722271546,NA,NA,"Human alphaherpesvirus 1 (HSV1).ea","symptom_chills",0.574608295420383
"4262","binary",1,152.426823913708,1.43110164216216,0.2315847340354,"Human alphaherpesvirus 1 (HSV1).ea","symptom_chills",0.574608295420383
"4263","sex",1,151.070630087226,0.074907815680092,0.784320617392408,"Human alphaherpesvirus 1 (HSV1).ea","symptom_chills",0.574608295420383
"4264","discretized_admit_age_quantile",4,149.00521975413,4.00949748258492,0.404722031153432,"Human alphaherpesvirus 1 (HSV1).ea","symptom_chills",0.574608295420383
"4265","trajectory_group",4,148.510289256864,3.51456698531877,0.475666862055828,"Human alphaherpesvirus 1 (HSV1).ea","symptom_chills",0.574608295420383
"4266","<none>",NA,40.7769346110972,NA,NA,"Human alphaherpesvirus 1 (HSV1).ea","symptom_shaking",0.261049628562464
"4267","binary",1,38.8093362100551,0.0324015989578186,0.857149081346589,"Human alphaherpesvirus 1 (HSV1).ea","symptom_shaking",0.261049628562464
"4268","sex",1,40.2942849118517,1.51735030075447,0.218020912501738,"Human alphaherpesvirus 1 (HSV1).ea","symptom_shaking",0.261049628562464
"4269","discretized_admit_age_quantile",4,34.1272238338748,1.35028922277752,0.852787302661203,"Human alphaherpesvirus 1 (HSV1).ea","symptom_shaking",0.261049628562464
"4270","trajectory_group",4,34.6681244897893,1.89118987869205,0.755763239107616,"Human alphaherpesvirus 1 (HSV1).ea","symptom_shaking",0.261049628562464
"4271","<none>",NA,212.28983099677,NA,NA,"Human alphaherpesvirus 1 (HSV1).ea","symptom_fatigue",0.439901066579003
"4272","binary",1,211.75431939785,1.46448840107936,0.226217317255708,"Human alphaherpesvirus 1 (HSV1).ea","symptom_fatigue",0.439901066579003
"4273","sex",1,210.362951496929,0.0731205001590638,0.786846366689697,"Human alphaherpesvirus 1 (HSV1).ea","symptom_fatigue",0.439901066579003
"4274","discretized_admit_age_quantile",4,210.784381016595,6.49455001982514,0.165134100187972,"Human alphaherpesvirus 1 (HSV1).ea","symptom_fatigue",0.439901066579003
"4275","trajectory_group",4,207.006806183704,2.71697518693384,0.606247457782579,"Human alphaherpesvirus 1 (HSV1).ea","symptom_fatigue",0.439901066579003
"4276","<none>",NA,122.078996994971,NA,NA,"Human alphaherpesvirus 1 (HSV1).ea","symptom_myalgia",1.20783857181505
"4277","binary",1,124.424953299043,4.34595630407209,0.0370969281286484,"Human alphaherpesvirus 1 (HSV1).ea","symptom_myalgia",1.20783857181505
"4278","sex",1,122.348449398677,2.26945240370621,0.131946516581621,"Human alphaherpesvirus 1 (HSV1).ea","symptom_myalgia",1.20783857181505
"4279","discretized_admit_age_quantile",4,118.75872445789,4.67972746291927,0.321765028726683,"Human alphaherpesvirus 1 (HSV1).ea","symptom_myalgia",1.20783857181505
"4280","trajectory_group",4,117.441695700345,3.36269870537468,0.499059877687212,"Human alphaherpesvirus 1 (HSV1).ea","symptom_myalgia",1.20783857181505
"4281","<none>",NA,38.9057270213793,NA,NA,"Human alphaherpesvirus 1 (HSV1).ea","symptom_lymphadenopathy",2.2466459793859
"4282","binary",1,37.6909832423369,0.78525622095755,0.375538405677967,"Human alphaherpesvirus 1 (HSV1).ea","symptom_lymphadenopathy",2.2466459793859
"4283","sex",1,38.5039125624728,1.59818554109344,0.206160535648608,"Human alphaherpesvirus 1 (HSV1).ea","symptom_lymphadenopathy",2.2466459793859
"4284","discretized_admit_age_quantile",4,35.4096046256615,4.5038776042822,0.342087943868199,"Human alphaherpesvirus 1 (HSV1).ea","symptom_lymphadenopathy",2.2466459793859
"4285","trajectory_group",4,32.8794094171278,1.97368239574844,0.740599594490376,"Human alphaherpesvirus 1 (HSV1).ea","symptom_lymphadenopathy",2.2466459793859
"4286","<none>",NA,202.377679356547,NA,NA,"Human alphaherpesvirus 1 (HSV1).ea","symptom_allneuro",-0.0189455444487853
"4287","binary",1,200.380248889803,0.00256953325600762,0.959572095999043,"Human alphaherpesvirus 1 (HSV1).ea","symptom_allneuro",-0.0189455444487853
"4288","sex",1,202.480825471402,2.10314611485515,0.146996404259754,"Human alphaherpesvirus 1 (HSV1).ea","symptom_allneuro",-0.0189455444487853
"4289","discretized_admit_age_quantile",4,205.448080791255,11.0704014347083,0.0257840896750548,"Human alphaherpesvirus 1 (HSV1).ea","symptom_allneuro",-0.0189455444487853
"4290","trajectory_group",4,201.010898402362,6.63321904581483,0.156587665725677,"Human alphaherpesvirus 1 (HSV1).ea","symptom_allneuro",-0.0189455444487853
"4291","<none>",NA,127.804830776689,NA,NA,"Human alphaherpesvirus 1 (HSV1).ea","symptom_headache",0.911005600907033
"4292","binary",1,128.807872642041,3.0030418653524,0.0831083431222353,"Human alphaherpesvirus 1 (HSV1).ea","symptom_headache",0.911005600907033
"4293","sex",1,127.576903927147,1.77207315045848,0.183125718321459,"Human alphaherpesvirus 1 (HSV1).ea","symptom_headache",0.911005600907033
"4294","discretized_admit_age_quantile",4,127.443549702052,7.63871892536375,0.105745667093106,"Human alphaherpesvirus 1 (HSV1).ea","symptom_headache",0.911005600907033
"4295","trajectory_group",4,126.295878059279,6.49104728259009,0.165355351681492,"Human alphaherpesvirus 1 (HSV1).ea","symptom_headache",0.911005600907033
"4296","<none>",NA,112.870038803995,NA,NA,"Human alphaherpesvirus 1 (HSV1).ea","symptom_confusion",-0.800884857441513
"4297","binary",1,112.723180646027,1.85314184203152,0.173418421264866,"Human alphaherpesvirus 1 (HSV1).ea","symptom_confusion",-0.800884857441513
"4298","sex",1,110.877856022831,0.00781721883639364,0.929546809993716,"Human alphaherpesvirus 1 (HSV1).ea","symptom_confusion",-0.800884857441513
"4299","discretized_admit_age_quantile",4,118.19107992381,13.321041119815,0.00980914053600508,"Human alphaherpesvirus 1 (HSV1).ea","symptom_confusion",-0.800884857441513
"4300","trajectory_group",4,112.303825918028,7.43378711403261,0.11466469344068,"Human alphaherpesvirus 1 (HSV1).ea","symptom_confusion",-0.800884857441513
"4301","<none>",NA,34.5229551860349,NA,NA,"Human alphaherpesvirus 1 (HSV1).ea","symptom_syncope",1.43070519159384
"4302","binary",1,33.4572550606088,0.934299874573895,0.333748092296909,"Human alphaherpesvirus 1 (HSV1).ea","symptom_syncope",1.43070519159384
"4303","sex",1,37.9518815203613,5.42892633432645,0.0198058524409592,"Human alphaherpesvirus 1 (HSV1).ea","symptom_syncope",1.43070519159384
"4304","discretized_admit_age_quantile",4,36.0483150842395,9.52535989820463,0.0492287580193122,"Human alphaherpesvirus 1 (HSV1).ea","symptom_syncope",1.43070519159384
"4305","trajectory_group",4,38.663221569895,12.1402663838601,0.0163381261770924,"Human alphaherpesvirus 1 (HSV1).ea","symptom_syncope",1.43070519159384
"4306","<none>",NA,110.103262248477,NA,NA,"Human alphaherpesvirus 1 (HSV1).ea","symptom_anosmia",0.244461996120981
"4307","binary",1,108.264744563292,0.161482314815188,0.687795436447061,"Human alphaherpesvirus 1 (HSV1).ea","symptom_anosmia",0.244461996120981
"4308","sex",1,108.747301165902,0.644038917424837,0.422252019750957,"Human alphaherpesvirus 1 (HSV1).ea","symptom_anosmia",0.244461996120981
"4309","discretized_admit_age_quantile",4,103.78676096798,1.68349871950275,0.793712875572565,"Human alphaherpesvirus 1 (HSV1).ea","symptom_anosmia",0.244461996120981
"4310","trajectory_group",4,103.675870562247,1.57260831377043,0.813706625950875,"Human alphaherpesvirus 1 (HSV1).ea","symptom_anosmia",0.244461996120981
"4311","<none>",NA,196.723234194068,NA,NA,"Human alphaherpesvirus 1 (HSV1).ea","symptom_allGI",0.750793027507658
"4312","binary",1,198.736822951787,4.01358875771825,0.0451349818245985,"Human alphaherpesvirus 1 (HSV1).ea","symptom_allGI",0.750793027507658
"4313","sex",1,197.749039756585,3.02580556251692,0.0819496148667319,"Human alphaherpesvirus 1 (HSV1).ea","symptom_allGI",0.750793027507658
"4314","discretized_admit_age_quantile",4,190.491814502728,1.76858030866015,0.778225477227342,"Human alphaherpesvirus 1 (HSV1).ea","symptom_allGI",0.750793027507658
"4315","trajectory_group",4,190.998788695092,2.27555450102378,0.685223217216481,"Human alphaherpesvirus 1 (HSV1).ea","symptom_allGI",0.750793027507658
"4316","<none>",NA,100.591526566558,NA,NA,"Human alphaherpesvirus 1 (HSV1).ea","symptom_abdpain",0.158619470239987
"4317","binary",1,98.645633855299,0.0541072887404823,0.816064467343644,"Human alphaherpesvirus 1 (HSV1).ea","symptom_abdpain",0.158619470239987
"4318","sex",1,99.8242712074532,1.23274464089475,0.266873934051444,"Human alphaherpesvirus 1 (HSV1).ea","symptom_abdpain",0.158619470239987
"4319","discretized_admit_age_quantile",4,95.4625569693192,2.87103040276068,0.579634883107943,"Human alphaherpesvirus 1 (HSV1).ea","symptom_abdpain",0.158619470239987
"4320","trajectory_group",4,94.5071459877459,1.91561942118737,0.751275119458168,"Human alphaherpesvirus 1 (HSV1).ea","symptom_abdpain",0.158619470239987
"4321","<none>",NA,138.920260624652,NA,NA,"Human alphaherpesvirus 1 (HSV1).ea","symptom_nausea",0.332378127528102
"4322","binary",1,137.342091771536,0.421831146884188,0.516024748960059,"Human alphaherpesvirus 1 (HSV1).ea","symptom_nausea",0.332378127528102
"4323","sex",1,138.580140713418,1.65988008876684,0.197619514808938,"Human alphaherpesvirus 1 (HSV1).ea","symptom_nausea",0.332378127528102
"4324","discretized_admit_age_quantile",4,136.261292789579,5.34103216492707,0.254060256861929,"Human alphaherpesvirus 1 (HSV1).ea","symptom_nausea",0.332378127528102
"4325","trajectory_group",4,132.422385325663,1.5021247010117,0.826265036641583,"Human alphaherpesvirus 1 (HSV1).ea","symptom_nausea",0.332378127528102
"4326","<none>",NA,138.154201781968,NA,NA,"Human alphaherpesvirus 1 (HSV1).ea","symptom_diarrhea",0.763673493580078
"4327","binary",1,138.26133550879,2.10713372682216,0.146613705251922,"Human alphaherpesvirus 1 (HSV1).ea","symptom_diarrhea",0.763673493580078
"4328","sex",1,136.508413676244,0.354211894275835,0.551738508053181,"Human alphaherpesvirus 1 (HSV1).ea","symptom_diarrhea",0.763673493580078
"4329","discretized_admit_age_quantile",4,133.756568793588,3.60236701161995,0.462484841692029,"Human alphaherpesvirus 1 (HSV1).ea","symptom_diarrhea",0.763673493580078
"4330","trajectory_group",4,132.65487524375,2.50067346178184,0.644515203228185,"Human alphaherpesvirus 1 (HSV1).ea","symptom_diarrhea",0.763673493580078
"4331","<none>",NA,34.8536591021278,NA,NA,"Human alphaherpesvirus 1 (HSV1).ea","symptom_allderm",4.29840469255519
"4332","binary",1,34.5938620866693,1.74020298454148,0.18711310931506,"Human alphaherpesvirus 1 (HSV1).ea","symptom_allderm",4.29840469255519
"4333","sex",1,34.8623013479781,2.0086422458503,0.15640524073182,"Human alphaherpesvirus 1 (HSV1).ea","symptom_allderm",4.29840469255519
"4334","discretized_admit_age_quantile",4,35.2832717936679,8.42961269154005,0.0770497168516869,"Human alphaherpesvirus 1 (HSV1).ea","symptom_allderm",4.29840469255519
"4335","trajectory_group",4,27.0165137213765,0.162854619248709,0.996859384059564,"Human alphaherpesvirus 1 (HSV1).ea","symptom_allderm",4.29840469255519
"4336","<none>",NA,28.4986811653334,NA,NA,"Human alphaherpesvirus 1 (HSV1).ea","symptom_skinrash",-20.2368437211518
"4337","binary",1,26.2382916207068,-0.260389544626534,1,"Human alphaherpesvirus 1 (HSV1).ea","symptom_skinrash",-20.2368437211518
"4338","sex",1,29.481333094214,2.98265192888064,0.0841612719337545,"Human alphaherpesvirus 1 (HSV1).ea","symptom_skinrash",-20.2368437211518
"4339","discretized_admit_age_quantile",4,23.9406097392997,3.4419285739663,0.48676298788083,"Human alphaherpesvirus 1 (HSV1).ea","symptom_skinrash",-20.2368437211518
"4340","trajectory_group",4,20.4986811655901,0.000000000256751064853233,1,"Human alphaherpesvirus 1 (HSV1).ea","symptom_skinrash",-20.2368437211518
"4341","<none>",NA,28.4986811655341,NA,NA,"Human alphaherpesvirus 1 (HSV1).ea","symptom_skinulcer",21.9836718135704
"4342","binary",1,29.4813330924722,2.98265192693809,0.0841612720347508,"Human alphaherpesvirus 1 (HSV1).ea","symptom_skinulcer",21.9836718135704
"4343","sex",1,27.4067345128473,0.908053347313164,0.340631451058115,"Human alphaherpesvirus 1 (HSV1).ea","symptom_skinulcer",21.9836718135704
"4344","discretized_admit_age_quantile",4,24.6282618161876,4.12958065065348,0.388752973115016,"Human alphaherpesvirus 1 (HSV1).ea","symptom_skinulcer",21.9836718135704
"4345","trajectory_group",4,21.0040242422319,0.505343076697777,0.972978749729117,"Human alphaherpesvirus 1 (HSV1).ea","symptom_skinulcer",21.9836718135704
"4346","<none>",NA,111.834704936319,NA,NA,"Human alphaherpesvirus 1 (HSV1).ea","symptom_allother",-0.370920138276579
"4347","binary",1,110.228669210052,0.393964273732635,0.530222937078809,"Human alphaherpesvirus 1 (HSV1).ea","symptom_allother",-0.370920138276579
"4348","sex",1,110.834825549182,1.00012061286284,0.317281324841029,"Human alphaherpesvirus 1 (HSV1).ea","symptom_allother",-0.370920138276579
"4349","discretized_admit_age_quantile",4,107.31846314874,3.48375821242071,0.480352237689441,"Human alphaherpesvirus 1 (HSV1).ea","symptom_allother",-0.370920138276579
"4350","trajectory_group",4,105.705205200738,1.87050026441949,0.759561833530288,"Human alphaherpesvirus 1 (HSV1).ea","symptom_allother",-0.370920138276579
"4351","<none>",NA,45.1947992732526,NA,NA,"Human alphaherpesvirus 1 (HSV1).ea","symptom_arthralgia",0.810618847366008
"4352","binary",1,43.6187158190637,0.42391654581111,0.514989205447312,"Human alphaherpesvirus 1 (HSV1).ea","symptom_arthralgia",0.810618847366008
"4353","sex",1,43.2078559467205,0.0130566734679221,0.909027091085486,"Human alphaherpesvirus 1 (HSV1).ea","symptom_arthralgia",0.810618847366008
"4354","discretized_admit_age_quantile",4,43.2410933302909,6.04629405703835,0.195717577652453,"Human alphaherpesvirus 1 (HSV1).ea","symptom_arthralgia",0.810618847366008
"4355","trajectory_group",4,38.4655441221785,1.27074484892594,0.866319185794653,"Human alphaherpesvirus 1 (HSV1).ea","symptom_arthralgia",0.810618847366008
"4356","<none>",NA,60.8835188078273,NA,NA,"Human alphaherpesvirus 1 (HSV1).ea","symptom_edema",0.608238877013006
"4357","binary",1,59.3003252562132,0.41680644838592,0.518534881162148,"Human alphaherpesvirus 1 (HSV1).ea","symptom_edema",0.608238877013006
"4358","sex",1,60.6851415092039,1.80162270137658,0.179516441929408,"Human alphaherpesvirus 1 (HSV1).ea","symptom_edema",0.608238877013006
"4359","discretized_admit_age_quantile",4,56.8138071449199,3.93028833709258,0.415522500293067,"Human alphaherpesvirus 1 (HSV1).ea","symptom_edema",0.608238877013006
"4360","trajectory_group",4,53.7934670676799,0.909948259852577,0.923129261262105,"Human alphaherpesvirus 1 (HSV1).ea","symptom_edema",0.608238877013006
"4361","<none>",NA,66.2227871584019,NA,NA,"Human alphaherpesvirus 1 (HSV1).ea","symptom_nonamb",-19.0462917204339
"4362","binary",1,72.3391561502112,8.11636899180934,0.00438673329971813,"Human alphaherpesvirus 1 (HSV1).ea","symptom_nonamb",-19.0462917204339
"4363","sex",1,64.771957474902,0.549170316500096,0.458656900633037,"Human alphaherpesvirus 1 (HSV1).ea","symptom_nonamb",-19.0462917204339
"4364","discretized_admit_age_quantile",4,62.5197478679293,4.29696070952737,0.367305833051614,"Human alphaherpesvirus 1 (HSV1).ea","symptom_nonamb",-19.0462917204339
"4365","trajectory_group",4,60.4997016406624,2.27691448226052,0.68497523994381,"Human alphaherpesvirus 1 (HSV1).ea","symptom_nonamb",-19.0462917204339
"4366","<none>",NA,206.578377816892,NA,NA,"Human alphaherpesvirus 1 (HSV1).ea","ever_ever_esc",0.218319344825292
"4367","binary",1,204.885141240096,0.30676342320416,0.579673102684166,"Human alphaherpesvirus 1 (HSV1).ea","ever_ever_esc",0.218319344825292
"4368","sex",1,205.495096165047,0.916718348155001,0.338338104733071,"Human alphaherpesvirus 1 (HSV1).ea","ever_ever_esc",0.218319344825292
"4369","discretized_admit_age_quantile",4,208.450519262539,9.87214144564683,0.042637407409799,"Human alphaherpesvirus 1 (HSV1).ea","ever_ever_esc",0.218319344825292
"4370","trajectory_group",4,206.57728297977,7.99890516287795,0.0916183079603026,"Human alphaherpesvirus 1 (HSV1).ea","ever_ever_esc",0.218319344825292
"4371","<none>",NA,41.0427049484031,NA,NA,"Human alphaherpesvirus 1 (HSV1).ea","ever_icu",39.3919413747817
"4372","binary",1,44.3684162429273,5.32571129452415,0.0210130304956017,"Human alphaherpesvirus 1 (HSV1).ea","ever_icu",39.3919413747817
"4373","sex",1,39.2666284206252,0.223923472222083,0.636066553880179,"Human alphaherpesvirus 1 (HSV1).ea","ever_icu",39.3919413747817
"4374","discretized_admit_age_quantile",4,36.8799015656399,3.83719661723676,0.428487017529009,"Human alphaherpesvirus 1 (HSV1).ea","ever_icu",39.3919413747817
"4375","trajectory_group",4,38.2570150976035,5.21431014920036,0.266006195020206,"Human alphaherpesvirus 1 (HSV1).ea","ever_icu",39.3919413747817
"4376","<none>",NA,120.945333679894,NA,NA,"Human alphaherpesvirus 1 (HSV1).ea","diedever",-0.243642619926117
"4377","binary",1,119.162156878613,0.216823198718942,0.641471215987619,"Human alphaherpesvirus 1 (HSV1).ea","diedever",-0.243642619926117
"4378","sex",1,119.371226693354,0.425893013459813,0.514011095981965,"Human alphaherpesvirus 1 (HSV1).ea","diedever",-0.243642619926117
"4379","discretized_admit_age_quantile",4,124.828508467774,11.8831747878798,0.0182414844293217,"Human alphaherpesvirus 1 (HSV1).ea","diedever",-0.243642619926117
"4380","trajectory_group",4,210.43033327152,97.4849995916256,0.0000000000000000000337387440286213,"Human alphaherpesvirus 1 (HSV1).ea","diedever",-0.243642619926117
"4381","<none>",NA,194.428582028587,NA,NA,"Human alphaherpesvirus 1 (HSV1).ea","ever_remdes",-0.0950762285511685
"4382","binary",1,192.481719563602,0.0531375350147982,0.817690985792265,"Human alphaherpesvirus 1 (HSV1).ea","ever_remdes",-0.0950762285511685
"4383","sex",1,193.198593117319,0.770011088731707,0.380213621958902,"Human alphaherpesvirus 1 (HSV1).ea","ever_remdes",-0.0950762285511685
"4384","discretized_admit_age_quantile",4,189.055152589226,2.62657056063924,0.62212355351286,"Human alphaherpesvirus 1 (HSV1).ea","ever_remdes",-0.0950762285511685
"4385","trajectory_group",4,199.25374463692,12.8251626083331,0.0121624423509662,"Human alphaherpesvirus 1 (HSV1).ea","ever_remdes",-0.0950762285511685
"4386","<none>",NA,137.695238753704,NA,NA,"Human alphaherpesvirus 1 (HSV1).ea","ever_steroids",0.430212023665507
"4387","binary",1,136.415739711495,0.720500957790648,0.395979635077442,"Human alphaherpesvirus 1 (HSV1).ea","ever_steroids",0.430212023665507
"4388","sex",1,136.046414587823,0.351175834118692,0.553448272454632,"Human alphaherpesvirus 1 (HSV1).ea","ever_steroids",0.430212023665507
"4389","discretized_admit_age_quantile",4,135.099219070174,5.40398031647047,0.248299499398196,"Human alphaherpesvirus 1 (HSV1).ea","ever_steroids",0.430212023665507
"4390","trajectory_group",4,137.188926134228,7.49368738052374,0.111987975019911,"Human alphaherpesvirus 1 (HSV1).ea","ever_steroids",0.430212023665507
"4391","<none>",NA,217.877018224253,NA,NA,"Human alphaherpesvirus 1 (HSV1).ea","ever_azithro",0.37122342265596
"4392","binary",1,216.858343609851,0.981325385597387,0.32187180873458,"Human alphaherpesvirus 1 (HSV1).ea","ever_azithro",0.37122342265596
"4393","sex",1,216.283927413239,0.406909188986219,0.523542462418586,"Human alphaherpesvirus 1 (HSV1).ea","ever_azithro",0.37122342265596
"4394","discretized_admit_age_quantile",4,211.367143364343,1.49012514009033,0.828389223568993,"Human alphaherpesvirus 1 (HSV1).ea","ever_azithro",0.37122342265596
"4395","trajectory_group",4,217.672137956685,7.79511973243174,0.0993781735302155,"Human alphaherpesvirus 1 (HSV1).ea","ever_azithro",0.37122342265596
"4396","<none>",NA,91.7924550141235,NA,NA,"Human alphaherpesvirus 1 (HSV1).ea","ever_otherabx",0.412588397196325
"4397","binary",1,90.1263435149667,0.333888500843159,0.563378319329711,"Human alphaherpesvirus 1 (HSV1).ea","ever_otherabx",0.412588397196325
"4398","sex",1,92.9245382861828,3.13208327205926,0.076765584906353,"Human alphaherpesvirus 1 (HSV1).ea","ever_otherabx",0.412588397196325
"4399","discretized_admit_age_quantile",4,86.6079240820793,2.81546906795575,0.589165437611079,"Human alphaherpesvirus 1 (HSV1).ea","ever_otherabx",0.412588397196325
"4400","trajectory_group",4,89.6443302113673,5.85187519724381,0.210486787029739,"Human alphaherpesvirus 1 (HSV1).ea","ever_otherabx",0.412588397196325
"4401","<none>",NA,120.985197202638,NA,NA,"Human alphaherpesvirus 1 (HSV1).ea","ever_conplas",1.49883707290059
"4402","binary",1,124.979601184384,5.99440398174586,0.0143513289898278,"Human alphaherpesvirus 1 (HSV1).ea","ever_conplas",1.49883707290059
"4403","sex",1,120.288808826856,1.30361162421777,0.253554571273154,"Human alphaherpesvirus 1 (HSV1).ea","ever_conplas",1.49883707290059
"4404","discretized_admit_age_quantile",4,113.891426314469,0.906229111831152,0.923665456029135,"Human alphaherpesvirus 1 (HSV1).ea","ever_conplas",1.49883707290059
"4405","trajectory_group",4,117.800501173302,4.81530397066405,0.306778742849699,"Human alphaherpesvirus 1 (HSV1).ea","ever_conplas",1.49883707290059
"4406","<none>",NA,27.8190850137262,NA,NA,"Human alphaherpesvirus 1 (HSV1).ea","ever_monoclonal",-0.387346351766348
"4407","binary",1,25.8190850137548,0.0000000000286668466742412,0.999995728012008,"Human alphaherpesvirus 1 (HSV1).ea","ever_monoclonal",-0.387346351766348
"4408","sex",1,25.8190850139775,0.000000000251322518352026,0.999987351012514,"Human alphaherpesvirus 1 (HSV1).ea","ever_monoclonal",-0.387346351766348
"4409","discretized_admit_age_quantile",4,19.8190850138823,0.000000000156124002614888,1,"Human alphaherpesvirus 1 (HSV1).ea","ever_monoclonal",-0.387346351766348
"4410","trajectory_group",4,23.6041470636785,3.7850620499523,0.435875285518118,"Human alphaherpesvirus 1 (HSV1).ea","ever_monoclonal",-0.387346351766348
"4411","<none>",NA,98.0631612728608,NA,NA,"Human alphaherpesvirus 1 (HSV1).ea","ever_immsupp",0.225680941913521
"4412","binary",1,96.1699437655831,0.106782492722303,0.743837384127681,"Human alphaherpesvirus 1 (HSV1).ea","ever_immsupp",0.225680941913521
"4413","sex",1,98.4559846090564,2.3928233361956,0.121893307052846,"Human alphaherpesvirus 1 (HSV1).ea","ever_immsupp",0.225680941913521
"4414","discretized_admit_age_quantile",4,92.9118398767903,2.84867860392959,0.583459483026818,"Human alphaherpesvirus 1 (HSV1).ea","ever_immsupp",0.225680941913521
"4415","trajectory_group",4,93.5986653621134,3.53550408925265,0.472500445053384,"Human alphaherpesvirus 1 (HSV1).ea","ever_immsupp",0.225680941913521
"4416","<none>",NA,50.1844299714892,NA,NA,"Human alphaherpesvirus 1 (HSV1).ea","anycomp",-0.98813165072242
"4417","binary",1,48.3941104827246,0.209680511235426,0.647017931304512,"Human alphaherpesvirus 1 (HSV1).ea","anycomp",-0.98813165072242
"4418","sex",1,49.1118756135325,0.927445642043267,0.335527554193763,"Human alphaherpesvirus 1 (HSV1).ea","anycomp",-0.98813165072242
"4419","discretized_admit_age_quantile",4,48.5229324332226,6.33850246173342,0.175254728474437,"Human alphaherpesvirus 1 (HSV1).ea","anycomp",-0.98813165072242
"4420","trajectory_group",4,51.782586693796,9.59815672230678,0.047768953471242,"Human alphaherpesvirus 1 (HSV1).ea","anycomp",-0.98813165072242
"4421","<none>",NA,50.1844299714892,NA,NA,"Human alphaherpesvirus 1 (HSV1).ea","ncomp",-0.98813165072242
"4422","binary",1,48.3941104827246,0.209680511235426,0.647017931304512,"Human alphaherpesvirus 1 (HSV1).ea","ncomp",-0.98813165072242
"4423","sex",1,49.1118756135325,0.927445642043267,0.335527554193763,"Human alphaherpesvirus 1 (HSV1).ea","ncomp",-0.98813165072242
"4424","discretized_admit_age_quantile",4,48.5229324332226,6.33850246173342,0.175254728474437,"Human alphaherpesvirus 1 (HSV1).ea","ncomp",-0.98813165072242
"4425","trajectory_group",4,51.782586693796,9.59815672230678,0.047768953471242,"Human alphaherpesvirus 1 (HSV1).ea","ncomp",-0.98813165072242
"4426","<none>",NA,48.9850870178119,NA,NA,"Human alphaherpesvirus 1 (HSV1).ea","comp_seizure",-0.569201582704159
"4427","binary",1,47.2004614754883,0.215374457676468,0.642587179683811,"Human alphaherpesvirus 1 (HSV1).ea","comp_seizure",-0.569201582704159
"4428","sex",1,49.3345729286029,2.34948591079102,0.12532433098787,"Human alphaherpesvirus 1 (HSV1).ea","comp_seizure",-0.569201582704159
"4429","discretized_admit_age_quantile",4,42.9723459681989,1.98725895038706,0.738102451546221,"Human alphaherpesvirus 1 (HSV1).ea","comp_seizure",-0.569201582704159
"4430","trajectory_group",4,41.1955435697166,0.210456551904691,0.994836996610401,"Human alphaherpesvirus 1 (HSV1).ea","comp_seizure",-0.569201582704159
"4431","<none>",NA,68.7163204683068,NA,NA,"Human alphaherpesvirus 1 (HSV1).ea","comp_meningitis",0.156359759950548
"4432","binary",1,66.7488598965494,0.0325394282425862,0.856848849776992,"Human alphaherpesvirus 1 (HSV1).ea","comp_meningitis",0.156359759950548
"4433","sex",1,67.4874843535594,0.771163885252662,0.37985723578102,"Human alphaherpesvirus 1 (HSV1).ea","comp_meningitis",0.156359759950548
"4434","discretized_admit_age_quantile",4,65.4260062111274,4.70968574282061,0.318402830198091,"Human alphaherpesvirus 1 (HSV1).ea","comp_meningitis",0.156359759950548
"4435","trajectory_group",4,61.2835662472026,0.567245778895774,0.966632954319911,"Human alphaherpesvirus 1 (HSV1).ea","comp_meningitis",0.156359759950548
"4436","<none>",NA,91.2381473191058,NA,NA,"Human alphaherpesvirus 1 (HSV1).ea","comp_stroke",0.154861503238121
"4437","binary",1,89.2921617251153,0.0540144060094434,0.816219586164816,"Human alphaherpesvirus 1 (HSV1).ea","comp_stroke",0.154861503238121
"4438","sex",1,89.255873783592,0.0177264644861737,0.894082052796589,"Human alphaherpesvirus 1 (HSV1).ea","comp_stroke",0.154861503238121
"4439","discretized_admit_age_quantile",4,88.7873124945434,5.54916517543751,0.235441504733821,"Human alphaherpesvirus 1 (HSV1).ea","comp_stroke",0.154861503238121
"4440","trajectory_group",4,84.2957248906351,1.05757757152927,0.900943251588057,"Human alphaherpesvirus 1 (HSV1).ea","comp_stroke",0.154861503238121
"4441","<none>",NA,149.022868633525,NA,NA,"Human alphaherpesvirus 1 (HSV1).ea","comp_afib",-0.360102813364941
"4442","binary",1,147.604463486388,0.581594852862793,0.445687867666155,"Human alphaherpesvirus 1 (HSV1).ea","comp_afib",-0.360102813364941
"4443","sex",1,147.540705326977,0.517836693451954,0.471765948611536,"Human alphaherpesvirus 1 (HSV1).ea","comp_afib",-0.360102813364941
"4444","discretized_admit_age_quantile",4,143.529530918362,2.5066622848372,0.643443206304624,"Human alphaherpesvirus 1 (HSV1).ea","comp_afib",-0.360102813364941
"4445","trajectory_group",4,145.965594680498,4.94272604697304,0.29322480708081,"Human alphaherpesvirus 1 (HSV1).ea","comp_afib",-0.360102813364941
"4446","<none>",NA,123.58361054045,NA,NA,"Human alphaherpesvirus 1 (HSV1).ea","comp_ventricular_arr",-0.213220377964567
"4447","binary",1,121.727238511118,0.143627970667396,0.704700628614425,"Human alphaherpesvirus 1 (HSV1).ea","comp_ventricular_arr",-0.213220377964567
"4448","sex",1,121.584164517608,0.000553977157622398,0.981222148787141,"Human alphaherpesvirus 1 (HSV1).ea","comp_ventricular_arr",-0.213220377964567
"4449","discretized_admit_age_quantile",4,118.127666738734,2.54405619828366,0.636764603610494,"Human alphaherpesvirus 1 (HSV1).ea","comp_ventricular_arr",-0.213220377964567
"4450","trajectory_group",4,116.505953082094,0.922342541643218,0.921333762976371,"Human alphaherpesvirus 1 (HSV1).ea","comp_ventricular_arr",-0.213220377964567
"4451","<none>",NA,29.4067345145999,NA,NA,"Human alphaherpesvirus 1 (HSV1).ea","comp_myocard",-21.2361853030467
"4452","binary",1,29.0509237048129,1.64418919021297,0.199751662224927,"Human alphaherpesvirus 1 (HSV1).ea","comp_myocard",-21.2361853030467
"4453","sex",1,28.5016594844316,1.09492496983168,0.29538256521184,"Human alphaherpesvirus 1 (HSV1).ea","comp_myocard",-21.2361853030467
"4454","discretized_admit_age_quantile",4,23.3479008089237,1.94116629432378,0.746579153781072,"Human alphaherpesvirus 1 (HSV1).ea","comp_myocard",-21.2361853030467
"4455","trajectory_group",4,24.313849928308,2.90711541370815,0.573487802958968,"Human alphaherpesvirus 1 (HSV1).ea","comp_myocard",-21.2361853030467
"4456","<none>",NA,99.847753895493,NA,NA,"Human alphaherpesvirus 1 (HSV1).ea","comp_cardarrest",0.38710093184918
"4457","binary",1,98.1064660139983,0.258712118505258,0.611006330252182,"Human alphaherpesvirus 1 (HSV1).ea","comp_cardarrest",0.38710093184918
"4458","sex",1,97.8478149085125,0.0000610130194615977,0.993767720752845,"Human alphaherpesvirus 1 (HSV1).ea","comp_cardarrest",0.38710093184918
"4459","discretized_admit_age_quantile",4,95.3460880861722,3.49833419067919,0.478131679664496,"Human alphaherpesvirus 1 (HSV1).ea","comp_cardarrest",0.38710093184918
"4460","trajectory_group",4,113.070333085843,21.2225791903503,0.000286059213206256,"Human alphaherpesvirus 1 (HSV1).ea","comp_cardarrest",0.38710093184918
"4461","<none>",NA,55.1816586336977,NA,NA,"Human alphaherpesvirus 1 (HSV1).ea","comp_stemi",0.072402224017764
"4462","binary",1,53.1865007407356,0.00484210703788079,0.944523777158875,"Human alphaherpesvirus 1 (HSV1).ea","comp_stemi",0.072402224017764
"4463","sex",1,53.7312132711836,0.549554637485876,0.458499726116624,"Human alphaherpesvirus 1 (HSV1).ea","comp_stemi",0.072402224017764
"4464","discretized_admit_age_quantile",4,48.7430216345522,1.56136300085451,0.815719001697222,"Human alphaherpesvirus 1 (HSV1).ea","comp_stemi",0.072402224017764
"4465","trajectory_group",4,50.3147438093798,3.13308517568215,0.535806124579401,"Human alphaherpesvirus 1 (HSV1).ea","comp_stemi",0.072402224017764
"4466","<none>",NA,75.5525664964323,NA,NA,"Human alphaherpesvirus 1 (HSV1).ea","comp_nstemi",-0.13312201435331
"4467","binary",1,73.5798002373902,0.0272337409578682,0.868923135346797,"Human alphaherpesvirus 1 (HSV1).ea","comp_nstemi",-0.13312201435331
"4468","sex",1,74.6598432107718,1.10727671433951,0.292674697398826,"Human alphaherpesvirus 1 (HSV1).ea","comp_nstemi",-0.13312201435331
"4469","discretized_admit_age_quantile",4,69.1786542888001,1.62608779236778,0.804095888348748,"Human alphaherpesvirus 1 (HSV1).ea","comp_nstemi",-0.13312201435331
"4470","trajectory_group",4,70.6757865136067,3.1232200171744,0.537420714282632,"Human alphaherpesvirus 1 (HSV1).ea","comp_nstemi",-0.13312201435331
"4471","<none>",NA,113.895069927663,NA,NA,"Human alphaherpesvirus 1 (HSV1).ea","comp_chf",0.0764657333200413
"4472","binary",1,111.913078467024,0.0180085393609204,0.893247668550768,"Human alphaherpesvirus 1 (HSV1).ea","comp_chf",0.0764657333200413
"4473","sex",1,112.05223502383,0.157165096167347,0.691780069346191,"Human alphaherpesvirus 1 (HSV1).ea","comp_chf",0.0764657333200413
"4474","discretized_admit_age_quantile",4,109.525361275059,3.63029134739668,0.458345659547932,"Human alphaherpesvirus 1 (HSV1).ea","comp_chf",0.0764657333200413
"4475","trajectory_group",4,110.861476112714,4.9664061850512,0.290761832136355,"Human alphaherpesvirus 1 (HSV1).ea","comp_chf",0.0764657333200413
"4476","<none>",NA,122.030519390021,NA,NA,"Human alphaherpesvirus 1 (HSV1).ea","comp_pneumonia",-0.222170026065784
"4477","binary",1,120.160754424845,0.13023503482404,0.718188471160212,"Human alphaherpesvirus 1 (HSV1).ea","comp_pneumonia",-0.222170026065784
"4478","sex",1,120.031082286089,0.000562896067449969,0.981071620854446,"Human alphaherpesvirus 1 (HSV1).ea","comp_pneumonia",-0.222170026065784
"4479","discretized_admit_age_quantile",4,117.022134511311,2.99161512128936,0.559229568958208,"Human alphaherpesvirus 1 (HSV1).ea","comp_pneumonia",-0.222170026065784
"4480","trajectory_group",4,120.339248712741,6.3087293227195,0.177248043065461,"Human alphaherpesvirus 1 (HSV1).ea","comp_pneumonia",-0.222170026065784
"4481","<none>",NA,30.8840636007749,NA,NA,"Human alphaherpesvirus 1 (HSV1).ea","comp_bronch",-19.8324829960701
"4482","binary",1,29.4813330924722,0.59726949169729,0.439621739224057,"Human alphaherpesvirus 1 (HSV1).ea","comp_bronch",-19.8324829960701
"4483","sex",1,29.481333094214,0.597269493439089,0.439621738557054,"Human alphaherpesvirus 1 (HSV1).ea","comp_bronch",-19.8324829960701
"4484","discretized_admit_age_quantile",4,25.4989620234634,2.61489842268847,0.624186214509329,"Human alphaherpesvirus 1 (HSV1).ea","comp_bronch",-19.8324829960701
"4485","trajectory_group",4,23.606414601272,0.722351000497131,0.948544252540197,"Human alphaherpesvirus 1 (HSV1).ea","comp_bronch",-19.8324829960701
"4486","<none>",NA,114.140733896046,NA,NA,"Human alphaherpesvirus 1 (HSV1).ea","comp_pneumo",0.272060195099915
"4487","binary",1,112.369776178798,0.229042282752431,0.632234872400613,"Human alphaherpesvirus 1 (HSV1).ea","comp_pneumo",0.272060195099915
"4488","sex",1,112.228741799684,0.0880079036376884,0.766725135660331,"Human alphaherpesvirus 1 (HSV1).ea","comp_pneumo",0.272060195099915
"4489","discretized_admit_age_quantile",4,112.90779680258,6.76706290653404,0.148721955636262,"Human alphaherpesvirus 1 (HSV1).ea","comp_pneumo",0.272060195099915
"4490","trajectory_group",4,108.030202621599,1.88946872555267,0.756079333783594,"Human alphaherpesvirus 1 (HSV1).ea","comp_pneumo",0.272060195099915
"4491","<none>",NA,75.0467675986767,NA,NA,"Human alphaherpesvirus 1 (HSV1).ea","comp_pneumomed",0.374503295152191
"4492","binary",1,73.2477290907365,0.200961492059818,0.65394587412802,"Human alphaherpesvirus 1 (HSV1).ea","comp_pneumomed",0.374503295152191
"4493","sex",1,73.0467731063956,0.00000550771895291291,0.998127483952326,"Human alphaherpesvirus 1 (HSV1).ea","comp_pneumomed",0.374503295152191
"4494","discretized_admit_age_quantile",4,69.94837326027,2.90160566159329,0.574424175494189,"Human alphaherpesvirus 1 (HSV1).ea","comp_pneumomed",0.374503295152191
"4495","trajectory_group",4,70.0910737596681,3.04430616099143,0.550438444373669,"Human alphaherpesvirus 1 (HSV1).ea","comp_pneumomed",0.374503295152191
"4496","<none>",NA,69.894727731023,NA,NA,"Human alphaherpesvirus 1 (HSV1).ea","comp_aat",-0.648144228236534
"4497","binary",1,68.3592747178091,0.464546986786175,0.495506564639181,"Human alphaherpesvirus 1 (HSV1).ea","comp_aat",-0.648144228236534
"4498","sex",1,69.1656261700268,1.27089843900389,0.259598201013623,"Human alphaherpesvirus 1 (HSV1).ea","comp_aat",-0.648144228236534
"4499","discretized_admit_age_quantile",4,63.7757014281762,1.88097369715329,0.757639231816572,"Human alphaherpesvirus 1 (HSV1).ea","comp_aat",-0.648144228236534
"4500","trajectory_group",4,62.9634039460672,1.06867621504421,0.899209693477566,"Human alphaherpesvirus 1 (HSV1).ea","comp_aat",-0.648144228236534
"4501","<none>",NA,178.999991767728,NA,NA,"Human alphaherpesvirus 1 (HSV1).ea","comp_avthromb",-0.0258853329099895
"4502","binary",1,177.00386642381,0.00387465608235971,0.950366345063242,"Human alphaherpesvirus 1 (HSV1).ea","comp_avthromb",-0.0258853329099895
"4503","sex",1,177.925286463884,0.925294696156044,0.336088587549651,"Human alphaherpesvirus 1 (HSV1).ea","comp_avthromb",-0.0258853329099895
"4504","discretized_admit_age_quantile",4,174.709467015605,3.70947524787709,0.44674930277658,"Human alphaherpesvirus 1 (HSV1).ea","comp_avthromb",-0.0258853329099895
"4505","trajectory_group",4,175.756967690783,4.75697592305522,0.313154155286097,"Human alphaherpesvirus 1 (HSV1).ea","comp_avthromb",-0.0258853329099895
"4506","<none>",NA,204.965406682812,NA,NA,"Human alphaherpesvirus 1 (HSV1).ea","comp_shock",0.318853074917361
"4507","binary",1,203.597192134542,0.631785451730082,0.42670115391497,"Human alphaherpesvirus 1 (HSV1).ea","comp_shock",0.318853074917361
"4508","sex",1,203.697656915236,0.732250232424349,0.392154771605661,"Human alphaherpesvirus 1 (HSV1).ea","comp_shock",0.318853074917361
"4509","discretized_admit_age_quantile",4,198.408605729642,1.44319904683036,0.836653134753526,"Human alphaherpesvirus 1 (HSV1).ea","comp_shock",0.318853074917361
"4510","trajectory_group",4,209.960004832591,12.994598149779,0.0113022185287599,"Human alphaherpesvirus 1 (HSV1).ea","comp_shock",0.318853074917361
"4511","<none>",NA,206.868914179109,NA,NA,"Human alphaherpesvirus 1 (HSV1).ea","comp_bac",0.469249608227594
"4512","binary",1,206.364305228449,1.49539104933996,0.221381888388043,"Human alphaherpesvirus 1 (HSV1).ea","comp_bac",0.469249608227594
"4513","sex",1,205.929051352065,1.06013717295676,0.303183901072918,"Human alphaherpesvirus 1 (HSV1).ea","comp_bac",0.469249608227594
"4514","discretized_admit_age_quantile",4,204.872303229169,6.00338905006043,0.198895320089829,"Human alphaherpesvirus 1 (HSV1).ea","comp_bac",0.469249608227594
"4515","trajectory_group",4,202.525833941872,3.65691976276372,0.454422667030562,"Human alphaherpesvirus 1 (HSV1).ea","comp_bac",0.469249608227594
"4516","<none>",NA,75.9380040460712,NA,NA,"Human alphaherpesvirus 1 (HSV1).ea","comp_coag",-0.0391380606880056
"4517","binary",1,73.9404823235417,0.0024782774705443,0.960295871127934,"Human alphaherpesvirus 1 (HSV1).ea","comp_coag",-0.0391380606880056
"4518","sex",1,75.2607120410759,1.32270799500475,0.250106627966424,"Human alphaherpesvirus 1 (HSV1).ea","comp_coag",-0.0391380606880056
"4519","discretized_admit_age_quantile",4,76.5509442089353,8.61294016286418,0.0715368029363096,"Human alphaherpesvirus 1 (HSV1).ea","comp_coag",-0.0391380606880056
"4520","trajectory_group",4,69.2000846381608,1.26208059208966,0.867775475667141,"Human alphaherpesvirus 1 (HSV1).ea","comp_coag",-0.0391380606880056
"4521","<none>",NA,61.023093189099,NA,NA,"Human alphaherpesvirus 1 (HSV1).ea","comp_hypogly",0.0562192715271142
"4522","binary",1,59.0261981527439,0.00310496364490831,0.955563113418665,"Human alphaherpesvirus 1 (HSV1).ea","comp_hypogly",0.0562192715271142
"4523","sex",1,59.1266454432967,0.103552254197638,0.747607729108731,"Human alphaherpesvirus 1 (HSV1).ea","comp_hypogly",0.0562192715271142
"4524","discretized_admit_age_quantile",4,55.36841698961,2.34532380051098,0.672529836251162,"Human alphaherpesvirus 1 (HSV1).ea","comp_hypogly",0.0562192715271142
"4525","trajectory_group",4,56.3445751014865,3.32148191238745,0.505535852995655,"Human alphaherpesvirus 1 (HSV1).ea","comp_hypogly",0.0562192715271142
"4526","<none>",NA,134.096461964361,NA,NA,"Human alphaherpesvirus 1 (HSV1).ea","comp_bleed",0.887293178931374
"4527","binary",1,134.99937648045,2.9029145160888,0.0884195507038458,"Human alphaherpesvirus 1 (HSV1).ea","comp_bleed",0.887293178931374
"4528","sex",1,135.201777845093,3.10531588073144,0.0780370916115801,"Human alphaherpesvirus 1 (HSV1).ea","comp_bleed",0.887293178931374
"4529","discretized_admit_age_quantile",4,128.653501151266,2.55703918690517,0.634451988780813,"Human alphaherpesvirus 1 (HSV1).ea","comp_bleed",0.887293178931374
"4530","trajectory_group",4,132.259389296752,6.16292733239112,0.187306680948095,"Human alphaherpesvirus 1 (HSV1).ea","comp_bleed",0.887293178931374
"4531","<none>",NA,210.232344249825,NA,NA,"Human alphaherpesvirus 1 (HSV1).ea","comp_anemia",0.1650350593673
"4532","binary",1,208.411796229952,0.179451980126743,0.671844623709266,"Human alphaherpesvirus 1 (HSV1).ea","comp_anemia",0.1650350593673
"4533","sex",1,208.36908187596,0.136737626134305,0.711546037737029,"Human alphaherpesvirus 1 (HSV1).ea","comp_anemia",0.1650350593673
"4534","discretized_admit_age_quantile",4,203.423497863657,1.19115361383226,0.87955295908745,"Human alphaherpesvirus 1 (HSV1).ea","comp_anemia",0.1650350593673
"4535","trajectory_group",4,208.150302565635,5.9179583158099,0.205359545772873,"Human alphaherpesvirus 1 (HSV1).ea","comp_anemia",0.1650350593673
"4536","<none>",NA,28.2352669347446,NA,NA,"Human alphaherpesvirus 1 (HSV1).ea","comp_pancreas",-67.3304098117031
"4537","binary",1,27.3554436120841,1.12017667733951,0.289880413926904,"Human alphaherpesvirus 1 (HSV1).ea","comp_pancreas",-67.3304098117031
"4538","sex",1,28.1796858011027,1.9444188663581,0.163189542684395,"Human alphaherpesvirus 1 (HSV1).ea","comp_pancreas",-67.3304098117031
"4539","discretized_admit_age_quantile",4,23.3465144294192,3.11124749467456,0.53938405714495,"Human alphaherpesvirus 1 (HSV1).ea","comp_pancreas",-67.3304098117031
"4540","trajectory_group",4,23.0365805425345,2.80131360778989,0.591605982557841,"Human alphaherpesvirus 1 (HSV1).ea","comp_pancreas",-67.3304098117031
"4541","<none>",NA,212.087510270431,NA,NA,"Human alphaherpesvirus 1 (HSV1).ea","comp_renal",0.00931000511870273
"4542","binary",1,210.088089333357,0.00057906292562393,0.98080177712139,"Human alphaherpesvirus 1 (HSV1).ea","comp_renal",0.00931000511870273
"4543","sex",1,213.91386858415,3.82635831371931,0.0504524387888936,"Human alphaherpesvirus 1 (HSV1).ea","comp_renal",0.00931000511870273
"4544","discretized_admit_age_quantile",4,208.966803591773,4.87929332134155,0.299908482415046,"Human alphaherpesvirus 1 (HSV1).ea","comp_renal",0.00931000511870273
"4545","trajectory_group",4,217.925022414482,13.8375121440512,0.00783212087693695,"Human alphaherpesvirus 1 (HSV1).ea","comp_renal",0.00931000511870273
"4546","<none>",NA,148.262771560966,NA,NA,"Human alphaherpesvirus 1 (HSV1).ea","comp_liver",0.466615371961498
"4547","binary",1,147.264622710035,1.00185114906841,0.316862998185257,"Human alphaherpesvirus 1 (HSV1).ea","comp_liver",0.466615371961498
"4548","sex",1,146.799499433535,0.536727872568434,0.463791974695614,"Human alphaherpesvirus 1 (HSV1).ea","comp_liver",0.466615371961498
"4549","discretized_admit_age_quantile",4,144.81033544462,4.54756388365328,0.336944831061202,"Human alphaherpesvirus 1 (HSV1).ea","comp_liver",0.466615371961498
"4550","trajectory_group",4,145.178068084847,4.91529652388104,0.296099540105792,"Human alphaherpesvirus 1 (HSV1).ea","comp_liver",0.466615371961498
"4551","<none>",NA,66.9268075299667,NA,NA,"Human alphaherpesvirus 1 (HSV1).ea","comp_othlab",0.712061874553731
"4552","binary",1,65.4419008038646,0.515093273897861,0.472942290216267,"Human alphaherpesvirus 1 (HSV1).ea","comp_othlab",0.712061874553731
"4553","sex",1,65.00675247314,0.0799449431732739,0.777372035934615,"Human alphaherpesvirus 1 (HSV1).ea","comp_othlab",0.712061874553731
"4554","discretized_admit_age_quantile",4,63.664885538955,4.73807800898828,0.315243014600712,"Human alphaherpesvirus 1 (HSV1).ea","comp_othlab",0.712061874553731
"4555","trajectory_group",4,59.9082474318721,0.981439901905375,0.912597126550516,"Human alphaherpesvirus 1 (HSV1).ea","comp_othlab",0.712061874553731
"4556","<none>",NA,107.946307608751,NA,NA,"Human alphaherpesvirus 1 (HSV1).ea","comp_electrolyte",-0.291548579840118
"4557","binary",1,106.177348522154,0.231040913403007,0.630753078773886,"Human alphaherpesvirus 1 (HSV1).ea","comp_electrolyte",-0.291548579840118
"4558","sex",1,106.366240636621,0.419933027869888,0.516970463943723,"Human alphaherpesvirus 1 (HSV1).ea","comp_electrolyte",-0.291548579840118
"4559","discretized_admit_age_quantile",4,102.088284735914,2.14197712716225,0.709664821111013,"Human alphaherpesvirus 1 (HSV1).ea","comp_electrolyte",-0.291548579840118
"4560","trajectory_group",4,102.932430789223,2.98612318047172,0.560150332307345,"Human alphaherpesvirus 1 (HSV1).ea","comp_electrolyte",-0.291548579840118
"4561","<none>",NA,82.6004008713846,NA,NA,"Human alphaherpesvirus 1 (HSV1).ea","comp_othinf",0.652107516482357
"4562","binary",1,81.2880732604054,0.68767238902079,0.406957217613785,"Human alphaherpesvirus 1 (HSV1).ea","comp_othinf",0.652107516482357
"4563","sex",1,80.6042567559961,0.00385588461149666,0.950486565809677,"Human alphaherpesvirus 1 (HSV1).ea","comp_othinf",0.652107516482357
"4564","discretized_admit_age_quantile",4,81.6294311362195,7.02903026483489,0.134362038597813,"Human alphaherpesvirus 1 (HSV1).ea","comp_othinf",0.652107516482357
"4565","trajectory_group",4,79.2146011798584,4.61420030847376,0.329220205273377,"Human alphaherpesvirus 1 (HSV1).ea","comp_othinf",0.652107516482357
"4566","<none>",NA,27.9520782563114,NA,NA,"Human alphaherpesvirus 1 (HSV1).ea","comp_unddisease",-74.2635974547891
"4567","binary",1,26.7871725306312,0.835094274319736,0.360803590648086,"Human alphaherpesvirus 1 (HSV1).ea","comp_unddisease",-74.2635974547891
"4568","sex",1,31.0266915494315,5.07461329312006,0.0242786871045094,"Human alphaherpesvirus 1 (HSV1).ea","comp_unddisease",-74.2635974547891
"4569","discretized_admit_age_quantile",4,32.8854103536175,12.9333320973061,0.0116061811940992,"Human alphaherpesvirus 1 (HSV1).ea","comp_unddisease",-74.2635974547891
"4570","trajectory_group",4,25.6753955943616,5.7233173380502,0.220785889947452,"Human alphaherpesvirus 1 (HSV1).ea","comp_unddisease",-74.2635974547891
"4571","<none>",NA,78.0999857138203,NA,NA,"Human alphaherpesvirus 1 (HSV1).ea","comp_enceph",0.185696229784207
"4572","binary",1,76.1665974407848,0.0666117269644246,0.796335537014555,"Human alphaherpesvirus 1 (HSV1).ea","comp_enceph",0.185696229784207
"4573","sex",1,78.7455453266835,2.64555961286318,0.103839585229268,"Human alphaherpesvirus 1 (HSV1).ea","comp_enceph",0.185696229784207
"4574","discretized_admit_age_quantile",4,92.9288373258406,22.8288516120203,0.00013699493027143,"Human alphaherpesvirus 1 (HSV1).ea","comp_enceph",0.185696229784207
"4575","trajectory_group",4,76.6185516913264,6.51856597750603,0.163624329075865,"Human alphaherpesvirus 1 (HSV1).ea","comp_enceph",0.185696229784207
"4576","<none>",NA,28.4986811653065,NA,NA,"Human alphaherpesvirus 1 (HSV1).ea","comp_othneuro",-20.2222542974652
"4577","binary",1,27.4067345205737,0.908053355267292,0.340631448943333,"Human alphaherpesvirus 1 (HSV1).ea","comp_othneuro",-20.2222542974652
"4578","sex",1,27.3352516965739,0.83657053126749,0.36037944619251,"Human alphaherpesvirus 1 (HSV1).ea","comp_othneuro",-20.2222542974652
"4579","discretized_admit_age_quantile",4,23.9406097390529,3.44192857374645,0.486762987914673,"Human alphaherpesvirus 1 (HSV1).ea","comp_othneuro",-20.2222542974652
"4580","trajectory_group",4,20.4986811656247,0.000000000318273407629022,1,"Human alphaherpesvirus 1 (HSV1).ea","comp_othneuro",-20.2222542974652
"4581","<none>",NA,88.9636030285788,NA,NA,"Human alphaherpesvirus 1 (HSV1).ea","comp_hypergly",0.633770048263809
"4582","binary",1,87.6649803165662,0.701377287987384,0.402321292180669,"Human alphaherpesvirus 1 (HSV1).ea","comp_hypergly",0.633770048263809
"4583","sex",1,87.1765062553403,0.212903226761483,0.644501339096842,"Human alphaherpesvirus 1 (HSV1).ea","comp_hypergly",0.633770048263809
"4584","discretized_admit_age_quantile",4,85.8374462786748,4.87384325009599,0.300488609542124,"Human alphaherpesvirus 1 (HSV1).ea","comp_hypergly",0.633770048263809
"4585","trajectory_group",4,88.495574713912,7.53197168533325,0.110307712251792,"Human alphaherpesvirus 1 (HSV1).ea","comp_hypergly",0.633770048263809
"4586","<none>",NA,27.8190850137262,NA,NA,"Human alphaherpesvirus 1 (HSV1).ea","comp_psych",-0.387346351766348
"4587","binary",1,25.8190850137548,0.0000000000286668466742412,0.999995728012008,"Human alphaherpesvirus 1 (HSV1).ea","comp_psych",-0.387346351766348
"4588","sex",1,25.8190850139775,0.000000000251322518352026,0.999987351012514,"Human alphaherpesvirus 1 (HSV1).ea","comp_psych",-0.387346351766348
"4589","discretized_admit_age_quantile",4,19.8190850138823,0.000000000156124002614888,1,"Human alphaherpesvirus 1 (HSV1).ea","comp_psych",-0.387346351766348
"4590","trajectory_group",4,23.6041470636785,3.7850620499523,0.435875285518118,"Human alphaherpesvirus 1 (HSV1).ea","comp_psych",-0.387346351766348
"4591","<none>",NA,27.9016849391382,NA,NA,"Human alphaherpesvirus 1 (HSV1).ea","comp_gastroent",-27.5108770088096
"4592","binary",1,25.9732063928979,0.0715214537597113,0.789134291013427,"Human alphaherpesvirus 1 (HSV1).ea","comp_gastroent",-27.5108770088096
"4593","sex",1,28.4621057308972,2.56042079175903,0.109569416057963,"Human alphaherpesvirus 1 (HSV1).ea","comp_gastroent",-27.5108770088096
"4594","discretized_admit_age_quantile",4,23.9406097389562,4.03892479981795,0.400763581587069,"Human alphaherpesvirus 1 (HSV1).ea","comp_gastroent",-27.5108770088096
"4595","trajectory_group",4,20.6231840141721,0.721499075033872,0.948651421660788,"Human alphaherpesvirus 1 (HSV1).ea","comp_gastroent",-27.5108770088096
"4596","<none>",NA,224.69372837926,NA,NA,"Human betaherpesvirus 5 (CMV).ea","comorb_htn",0.187466528162486
"4597","binary",1,222.770286812266,0.0765584330059426,0.782016656652157,"Human betaherpesvirus 5 (CMV).ea","comorb_htn",0.187466528162486
"4598","sex",1,222.996093612366,0.302365233106229,0.58240341754802,"Human betaherpesvirus 5 (CMV).ea","comorb_htn",0.187466528162486
"4599","discretized_admit_age_quantile",4,223.778643219799,7.084914840539,0.131468332657392,"Human betaherpesvirus 5 (CMV).ea","comorb_htn",0.187466528162486
"4600","trajectory_group",4,220.809556193101,4.11582781384121,0.390557156395039,"Human betaherpesvirus 5 (CMV).ea","comorb_htn",0.187466528162486
"4601","<none>",NA,236.088133664169,NA,NA,"Human betaherpesvirus 5 (CMV).ea","comorb_isaric_dm",0.204504646608484
"4602","binary",1,234.185767800814,0.0976341366451834,0.754687449659422,"Human betaherpesvirus 5 (CMV).ea","comorb_isaric_dm",0.204504646608484
"4603","sex",1,234.431496464702,0.343362800533043,0.557894551476736,"Human betaherpesvirus 5 (CMV).ea","comorb_isaric_dm",0.204504646608484
"4604","discretized_admit_age_quantile",4,231.379883888837,3.29175022466782,0.510240423142676,"Human betaherpesvirus 5 (CMV).ea","comorb_isaric_dm",0.204504646608484
"4605","trajectory_group",4,230.022117175046,1.93398351087677,0.747899695084753,"Human betaherpesvirus 5 (CMV).ea","comorb_isaric_dm",0.204504646608484
"4606","<none>",NA,173.625791767049,NA,NA,"Human betaherpesvirus 5 (CMV).ea","comorb_anyresp_noasthma",1.19445725059537
"4607","binary",1,174.19358994032,2.5677981732712,0.109059433553406,"Human betaherpesvirus 5 (CMV).ea","comorb_anyresp_noasthma",1.19445725059537
"4608","sex",1,171.780045451051,0.154253684002214,0.694503082678446,"Human betaherpesvirus 5 (CMV).ea","comorb_anyresp_noasthma",1.19445725059537
"4609","discretized_admit_age_quantile",4,170.977187733095,5.35139596604554,0.253103966207368,"Human betaherpesvirus 5 (CMV).ea","comorb_anyresp_noasthma",1.19445725059537
"4610","trajectory_group",4,173.599330954698,7.97353918764838,0.0925523110279355,"Human betaherpesvirus 5 (CMV).ea","comorb_anyresp_noasthma",1.19445725059537
"4611","<none>",NA,141.152071291291,NA,NA,"Human betaherpesvirus 5 (CMV).ea","comorb_isaric_asthma",0.781663670576609
"4612","binary",1,140.076570712803,0.924499421512337,0.336296337857966,"Human betaherpesvirus 5 (CMV).ea","comorb_isaric_asthma",0.781663670576609
"4613","sex",1,145.478593392701,6.32652210140969,0.0118945352030433,"Human betaherpesvirus 5 (CMV).ea","comorb_isaric_asthma",0.781663670576609
"4614","discretized_admit_age_quantile",4,143.928288290024,10.7762169987332,0.0291975556366531,"Human betaherpesvirus 5 (CMV).ea","comorb_isaric_asthma",0.781663670576609
"4615","trajectory_group",4,135.518315691299,2.36624440000747,0.668735845910854,"Human betaherpesvirus 5 (CMV).ea","comorb_isaric_asthma",0.781663670576609
"4616","<none>",NA,166.635779441599,NA,NA,"Human betaherpesvirus 5 (CMV).ea","comorb_isaric_cardiac",0.154391056204444
"4617","binary",1,164.667059392162,0.031279950562606,0.859617268355559,"Human betaherpesvirus 5 (CMV).ea","comorb_isaric_cardiac",0.154391056204444
"4618","sex",1,169.107145677884,4.47136623628529,0.0344674206521007,"Human betaherpesvirus 5 (CMV).ea","comorb_isaric_cardiac",0.154391056204444
"4619","discretized_admit_age_quantile",4,171.938010116407,13.3022306748075,0.00988967589907309,"Human betaherpesvirus 5 (CMV).ea","comorb_isaric_cardiac",0.154391056204444
"4620","trajectory_group",4,159.960285922924,1.32450648132473,0.85720414078544,"Human betaherpesvirus 5 (CMV).ea","comorb_isaric_cardiac",0.154391056204444
"4621","<none>",NA,137.954192125963,NA,NA,"Human betaherpesvirus 5 (CMV).ea","comorb_isaric_ckd",1.21633283335433
"4622","binary",1,137.964061445333,2.00986931936993,0.156278779122116,"Human betaherpesvirus 5 (CMV).ea","comorb_isaric_ckd",1.21633283335433
"4623","sex",1,137.934532153943,1.98034002797971,0.159354590118726,"Human betaherpesvirus 5 (CMV).ea","comorb_isaric_ckd",1.21633283335433
"4624","discretized_admit_age_quantile",4,132.26960394585,2.31541181988638,0.677964514177712,"Human betaherpesvirus 5 (CMV).ea","comorb_isaric_ckd",1.21633283335433
"4625","trajectory_group",4,132.311185034169,2.35699290820565,0.670412881596406,"Human betaherpesvirus 5 (CMV).ea","comorb_isaric_ckd",1.21633283335433
"4626","<none>",NA,79.3281642822979,NA,NA,"Human betaherpesvirus 5 (CMV).ea","comorb_isaric_neoplasm",1.57492634142854
"4627","binary",1,79.3631008864009,2.03493660410304,0.153720593643678,"Human betaherpesvirus 5 (CMV).ea","comorb_isaric_neoplasm",1.57492634142854
"4628","sex",1,79.001158809055,1.67299452675715,0.195857921919558,"Human betaherpesvirus 5 (CMV).ea","comorb_isaric_neoplasm",1.57492634142854
"4629","discretized_admit_age_quantile",4,79.430931024238,8.10276674194016,0.0878854312498288,"Human betaherpesvirus 5 (CMV).ea","comorb_isaric_neoplasm",1.57492634142854
"4630","trajectory_group",4,79.928654270509,8.60048998821118,0.0718990699753597,"Human betaherpesvirus 5 (CMV).ea","comorb_isaric_neoplasm",1.57492634142854
"4631","<none>",NA,134.132627506585,NA,NA,"Human betaherpesvirus 5 (CMV).ea","comorb_neuro",-17.781731327378
"4632","binary",1,135.381173584239,3.24854607765448,0.0714868428789668,"Human betaherpesvirus 5 (CMV).ea","comorb_neuro",-17.781731327378
"4633","sex",1,132.136525525014,0.0038980184295383,0.950217129926695,"Human betaherpesvirus 5 (CMV).ea","comorb_neuro",-17.781731327378
"4634","discretized_admit_age_quantile",4,130.763432659768,4.63080515318342,0.327317863883329,"Human betaherpesvirus 5 (CMV).ea","comorb_neuro",-17.781731327378
"4635","trajectory_group",4,128.905325943571,2.77269843698676,0.596554578308405,"Human betaherpesvirus 5 (CMV).ea","comorb_neuro",-17.781731327378
"4636","<none>",NA,107.724586909442,NA,NA,"Human betaherpesvirus 5 (CMV).ea","comorb_isaric_liver",0.651341216018068
"4637","binary",1,106.219958032178,0.495371122735719,0.481541102542443,"Human betaherpesvirus 5 (CMV).ea","comorb_isaric_liver",0.651341216018068
"4638","sex",1,105.727447542248,0.00286063280573501,0.957345574310746,"Human betaherpesvirus 5 (CMV).ea","comorb_isaric_liver",0.651341216018068
"4639","discretized_admit_age_quantile",4,102.960432044591,3.23584513514818,0.519160872552914,"Human betaherpesvirus 5 (CMV).ea","comorb_isaric_liver",0.651341216018068
"4640","trajectory_group",4,101.191929286326,1.46734237688368,0.832410180609849,"Human betaherpesvirus 5 (CMV).ea","comorb_isaric_liver",0.651341216018068
"4641","<none>",NA,73.6410378305197,NA,NA,"Human betaherpesvirus 5 (CMV).ea","comorb_hxtrans",-18.9396148454718
"4642","binary",1,72.7787393630888,1.13770153256914,0.286138529617753,"Human betaherpesvirus 5 (CMV).ea","comorb_hxtrans",-18.9396148454718
"4643","sex",1,71.8276438841403,0.186606053620693,0.665756510167125,"Human betaherpesvirus 5 (CMV).ea","comorb_hxtrans",-18.9396148454718
"4644","discretized_admit_age_quantile",4,66.427167722974,0.786129892454383,0.940297815179216,"Human betaherpesvirus 5 (CMV).ea","comorb_hxtrans",-18.9396148454718
"4645","trajectory_group",4,71.4090670638512,5.76802923333152,0.217154694195262,"Human betaherpesvirus 5 (CMV).ea","comorb_hxtrans",-18.9396148454718
"4646","<none>",NA,30.5016594742009,NA,NA,"Human betaherpesvirus 5 (CMV).ea","comorb_hiv2",-21.6358979799351
"4647","binary",1,29.0509237050038,0.549264230802883,0.458618484937967,"Human betaherpesvirus 5 (CMV).ea","comorb_hiv2",-21.6358979799351
"4648","sex",1,31.1389992725421,2.63733979834118,0.104378187355567,"Human betaherpesvirus 5 (CMV).ea","comorb_hiv2",-21.6358979799351
"4649","discretized_admit_age_quantile",4,24.5541707905296,2.05251131632865,0.72610106077984,"Human betaherpesvirus 5 (CMV).ea","comorb_hiv2",-21.6358979799351
"4650","trajectory_group",4,23.6064145909068,1.10475511670583,0.893517021640485,"Human betaherpesvirus 5 (CMV).ea","comorb_hiv2",-21.6358979799351
"4651","<none>",NA,191.811107722828,NA,NA,"Human betaherpesvirus 5 (CMV).ea","comorb_eversmkvape",-0.327899194523078
"4652","binary",1,189.973173113432,0.1620653906038,0.687262037245841,"Human betaherpesvirus 5 (CMV).ea","comorb_eversmkvape",-0.327899194523078
"4653","sex",1,190.24441817839,0.433310455562008,0.510369012971064,"Human betaherpesvirus 5 (CMV).ea","comorb_eversmkvape",-0.327899194523078
"4654","discretized_admit_age_quantile",4,190.62862217881,6.81751445598152,0.1458517789009,"Human betaherpesvirus 5 (CMV).ea","comorb_eversmkvape",-0.327899194523078
"4655","trajectory_group",4,191.292374606617,7.48126688378838,0.11253818670165,"Human betaherpesvirus 5 (CMV).ea","comorb_eversmkvape",-0.327899194523078
"4656","<none>",NA,73.3134330971548,NA,NA,"Human betaherpesvirus 5 (CMV).ea","comorb_anysubstance",1.6994737881079
"4657","binary",1,73.8492291372315,2.53579604007663,0.11129074720033,"Human betaherpesvirus 5 (CMV).ea","comorb_anysubstance",1.6994737881079
"4658","sex",1,72.584907013653,1.27147391649817,0.259490356200006,"Human betaherpesvirus 5 (CMV).ea","comorb_anysubstance",1.6994737881079
"4659","discretized_admit_age_quantile",4,67.395810153557,2.08237705640218,0.72061066678499,"Human betaherpesvirus 5 (CMV).ea","comorb_anysubstance",1.6994737881079
"4660","trajectory_group",4,71.6624448785094,6.34901178135458,0.174555962121409,"Human betaherpesvirus 5 (CMV).ea","comorb_anysubstance",1.6994737881079
"4661","<none>",NA,86.9484405019924,NA,NA,"Human betaherpesvirus 5 (CMV).ea","comorb_count",-0.9954862355488
"4662","binary",1,85.4999733629643,0.551532860971932,0.457692043562094,"Human betaherpesvirus 5 (CMV).ea","comorb_count",-0.9954862355488
"4663","sex",1,87.337387736806,2.38894723481356,0.122195895150738,"Human betaherpesvirus 5 (CMV).ea","comorb_count",-0.9954862355488
"4664","discretized_admit_age_quantile",4,80.8915275741179,1.94308707212546,0.746225997265448,"Human betaherpesvirus 5 (CMV).ea","comorb_count",-0.9954862355488
"4665","trajectory_group",4,80.2987752638395,1.35033476184709,0.852779476626616,"Human betaherpesvirus 5 (CMV).ea","comorb_count",-0.9954862355488
"4666","<none>",NA,86.9484405019924,NA,NA,"Human betaherpesvirus 5 (CMV).ea","comorb_countcat",-0.9954862355488
"4667","binary",1,85.4999733629643,0.551532860971932,0.457692043562094,"Human betaherpesvirus 5 (CMV).ea","comorb_countcat",-0.9954862355488
"4668","sex",1,87.337387736806,2.38894723481356,0.122195895150738,"Human betaherpesvirus 5 (CMV).ea","comorb_countcat",-0.9954862355488
"4669","discretized_admit_age_quantile",4,80.8915275741179,1.94308707212546,0.746225997265448,"Human betaherpesvirus 5 (CMV).ea","comorb_countcat",-0.9954862355488
"4670","trajectory_group",4,80.2987752638395,1.35033476184709,0.852779476626616,"Human betaherpesvirus 5 (CMV).ea","comorb_countcat",-0.9954862355488
"4671","<none>",NA,159.651716718249,NA,NA,"Human betaherpesvirus 5 (CMV).ea","timesymptomcat",18.5563800593901
"4672","binary",1,164.252146521357,6.60042980310706,0.0101954153766501,"Human betaherpesvirus 5 (CMV).ea","timesymptomcat",18.5563800593901
"4673","sex",1,160.207413314194,2.55569659594488,0.109897365987873,"Human betaherpesvirus 5 (CMV).ea","timesymptomcat",18.5563800593901
"4674","discretized_admit_age_quantile",4,157.789654855759,6.13793813750917,0.189081072391219,"Human betaherpesvirus 5 (CMV).ea","timesymptomcat",18.5563800593901
"4675","trajectory_group",4,156.125258394365,4.47354167611596,0.345696291312156,"Human betaherpesvirus 5 (CMV).ea","timesymptomcat",18.5563800593901
"4676","<none>",NA,124.311702349994,NA,NA,"Human betaherpesvirus 5 (CMV).ea","symptom_allresp",0.0396552317821682
"4677","binary",1,122.312824413548,0.00112206355348121,0.973278085020185,"Human betaherpesvirus 5 (CMV).ea","symptom_allresp",0.0396552317821682
"4678","sex",1,122.315027394542,0.00332504454723903,0.954016907644796,"Human betaherpesvirus 5 (CMV).ea","symptom_allresp",0.0396552317821682
"4679","discretized_admit_age_quantile",4,118.980718127651,2.66901577765701,0.614647236970257,"Human betaherpesvirus 5 (CMV).ea","symptom_allresp",0.0396552317821682
"4680","trajectory_group",4,121.391500625478,5.07979827548364,0.279207260670456,"Human betaherpesvirus 5 (CMV).ea","symptom_allresp",0.0396552317821682
"4681","<none>",NA,218.460843469214,NA,NA,"Human betaherpesvirus 5 (CMV).ea","symptom_cough",-0.448017829355392
"4682","binary",1,216.813636659563,0.352793190348535,0.552536215678516,"Human betaherpesvirus 5 (CMV).ea","symptom_cough",-0.448017829355392
"4683","sex",1,216.46146356544,0.000620096225276257,0.980133346229159,"Human betaherpesvirus 5 (CMV).ea","symptom_cough",-0.448017829355392
"4684","discretized_admit_age_quantile",4,216.979030131098,6.51818666188325,0.163648077387291,"Human betaherpesvirus 5 (CMV).ea","symptom_cough",-0.448017829355392
"4685","trajectory_group",4,216.089595504906,5.62875203569197,0.228641746385498,"Human betaherpesvirus 5 (CMV).ea","symptom_cough",-0.448017829355392
"4686","<none>",NA,114.23811458681,NA,NA,"Human betaherpesvirus 5 (CMV).ea","symptom_cough_prod",-17.9670491949275
"4687","binary",1,113.949730579932,1.71161599312184,0.190775837833379,"Human betaherpesvirus 5 (CMV).ea","symptom_cough_prod",-17.9670491949275
"4688","sex",1,112.252400073007,0.0142854861967692,0.904861885348067,"Human betaherpesvirus 5 (CMV).ea","symptom_cough_prod",-17.9670491949275
"4689","discretized_admit_age_quantile",4,107.50944381285,1.27132922604019,0.866220832429267,"Human betaherpesvirus 5 (CMV).ea","symptom_cough_prod",-17.9670491949275
"4690","trajectory_group",4,110.828258384717,4.5901437979069,0.331992164710458,"Human betaherpesvirus 5 (CMV).ea","symptom_cough_prod",-17.9670491949275
"4691","<none>",NA,32.4286022334229,NA,NA,"Human betaherpesvirus 5 (CMV).ea","symptom_haemoptysis",-20.0391402782072
"4692","binary",1,30.6691462047773,0.240543971354406,0.62381350580286,"Human betaherpesvirus 5 (CMV).ea","symptom_haemoptysis",-20.0391402782072
"4693","sex",1,30.8962913038305,0.467689070407562,0.494052229614408,"Human betaherpesvirus 5 (CMV).ea","symptom_haemoptysis",-20.0391402782072
"4694","discretized_admit_age_quantile",4,25.7827639331019,1.35416169967893,0.852121499592035,"Human betaherpesvirus 5 (CMV).ea","symptom_haemoptysis",-20.0391402782072
"4695","trajectory_group",4,25.1406142043294,0.712011970906413,0.949839380448913,"Human betaherpesvirus 5 (CMV).ea","symptom_haemoptysis",-20.0391402782072
"4696","<none>",NA,91.6140353730783,NA,NA,"Human betaherpesvirus 5 (CMV).ea","symptom_sorethroat",-0.216060578579373
"4697","binary",1,89.6448272372116,0.0307918641332918,0.860705543325922,"Human betaherpesvirus 5 (CMV).ea","symptom_sorethroat",-0.216060578579373
"4698","sex",1,90.3151690955489,0.701133722470516,0.402403009108514,"Human betaherpesvirus 5 (CMV).ea","symptom_sorethroat",-0.216060578579373
"4699","discretized_admit_age_quantile",4,86.8147962196936,3.20076084661522,0.524808065726625,"Human betaherpesvirus 5 (CMV).ea","symptom_sorethroat",-0.216060578579373
"4700","trajectory_group",4,84.8534335497118,1.23939817663344,0.871570341380217,"Human betaherpesvirus 5 (CMV).ea","symptom_sorethroat",-0.216060578579373
"4701","<none>",NA,90.9735928694611,NA,NA,"Human betaherpesvirus 5 (CMV).ea","symptom_rhinorrhea",0.348776358094173
"4702","binary",1,89.0584535888491,0.0848607193879616,0.770815285809641,"Human betaherpesvirus 5 (CMV).ea","symptom_rhinorrhea",0.348776358094173
"4703","sex",1,91.7846543686379,2.81106149917674,0.0936164121251371,"Human betaherpesvirus 5 (CMV).ea","symptom_rhinorrhea",0.348776358094173
"4704","discretized_admit_age_quantile",4,85.9290080754496,2.9554152059885,0.565314071268801,"Human betaherpesvirus 5 (CMV).ea","symptom_rhinorrhea",0.348776358094173
"4705","trajectory_group",4,84.7524797145079,1.77888684504676,0.776342785643092,"Human betaherpesvirus 5 (CMV).ea","symptom_rhinorrhea",0.348776358094173
"4706","<none>",NA,97.0125688439712,NA,NA,"Human betaherpesvirus 5 (CMV).ea","symptom_wheeze",0.656343138556565
"4707","binary",1,95.2937562727763,0.281187428805183,0.595923988044122,"Human betaherpesvirus 5 (CMV).ea","symptom_wheeze",0.656343138556565
"4708","sex",1,95.4605118818406,0.447943037869436,0.503313394878343,"Human betaherpesvirus 5 (CMV).ea","symptom_wheeze",0.656343138556565
"4709","discretized_admit_age_quantile",4,99.1641411973581,10.1515723533869,0.0379504171146155,"Human betaherpesvirus 5 (CMV).ea","symptom_wheeze",0.656343138556565
"4710","trajectory_group",4,89.8658418545057,0.853273010534508,0.931166734658685,"Human betaherpesvirus 5 (CMV).ea","symptom_wheeze",0.656343138556565
"4711","<none>",NA,161.287147924707,NA,NA,"Human betaherpesvirus 5 (CMV).ea","symptom_chestpain",-17.1129666667766
"4712","binary",1,164.301833129038,5.0146852043307,0.0251331986662101,"Human betaherpesvirus 5 (CMV).ea","symptom_chestpain",-17.1129666667766
"4713","sex",1,161.750082711682,2.46293478697493,0.116560816058749,"Human betaherpesvirus 5 (CMV).ea","symptom_chestpain",-17.1129666667766
"4714","discretized_admit_age_quantile",4,161.516550414453,8.2294024897466,0.0835272582052771,"Human betaherpesvirus 5 (CMV).ea","symptom_chestpain",-17.1129666667766
"4715","trajectory_group",4,158.878291765569,5.59114384086229,0.231833272829353,"Human betaherpesvirus 5 (CMV).ea","symptom_chestpain",-17.1129666667766
"4716","<none>",NA,179.070876688673,NA,NA,"Human betaherpesvirus 5 (CMV).ea","symptom_dyspnea",-0.229017100990226
"4717","binary",1,177.16447538257,0.0935986938969506,0.759651063415759,"Human betaherpesvirus 5 (CMV).ea","symptom_dyspnea",-0.229017100990226
"4718","sex",1,177.560669840695,0.489793152022116,0.4840195890935,"Human betaherpesvirus 5 (CMV).ea","symptom_dyspnea",-0.229017100990226
"4719","discretized_admit_age_quantile",4,172.865891720788,1.79501503211489,0.773394257574958,"Human betaherpesvirus 5 (CMV).ea","symptom_dyspnea",-0.229017100990226
"4720","trajectory_group",4,182.284581039616,11.2137043509429,0.0242644040473939,"Human betaherpesvirus 5 (CMV).ea","symptom_dyspnea",-0.229017100990226
"4721","<none>",NA,26.7725887308617,NA,NA,"Human betaherpesvirus 5 (CMV).ea","symptom_earpain",22.8736973840529
"4722","binary",1,28.5016594847699,3.72907075390821,0.0534731346983485,"Human betaherpesvirus 5 (CMV).ea","symptom_earpain",22.8736973840529
"4723","sex",1,25.8190850150601,1.04649628419844,0.306315406272448,"Human betaherpesvirus 5 (CMV).ea","symptom_earpain",22.8736973840529
"4724","discretized_admit_age_quantile",4,21.0040242409838,2.2314355101221,0.693278395025254,"Human betaherpesvirus 5 (CMV).ea","symptom_earpain",22.8736973840529
"4725","trajectory_group",4,18.7725887310395,0.00000000017779910876925,1,"Human betaherpesvirus 5 (CMV).ea","symptom_earpain",22.8736973840529
"4726","<none>",NA,225.220248340211,NA,NA,"Human betaherpesvirus 5 (CMV).ea","symptom_allsyst",-0.51251691621597
"4727","binary",1,223.81068322892,0.590434888708671,0.442250999214244,"Human betaherpesvirus 5 (CMV).ea","symptom_allsyst",-0.51251691621597
"4728","sex",1,223.245388549559,0.0251402093477111,0.874018189665976,"Human betaherpesvirus 5 (CMV).ea","symptom_allsyst",-0.51251691621597
"4729","discretized_admit_age_quantile",4,218.611525422208,1.391277081997,0.845709676080887,"Human betaherpesvirus 5 (CMV).ea","symptom_allsyst",-0.51251691621597
"4730","trajectory_group",4,221.175120399976,3.95487205976474,0.412147702620774,"Human betaherpesvirus 5 (CMV).ea","symptom_allsyst",-0.51251691621597
"4731","<none>",NA,226.711288390722,NA,NA,"Human betaherpesvirus 5 (CMV).ea","symptom_fever",-0.509434769318825
"4732","binary",1,225.236726289763,0.525437899040242,0.468531201952854,"Human betaherpesvirus 5 (CMV).ea","symptom_fever",-0.509434769318825
"4733","sex",1,225.685334411983,0.974046021260904,0.323673181612527,"Human betaherpesvirus 5 (CMV).ea","symptom_fever",-0.509434769318825
"4734","discretized_admit_age_quantile",4,221.495567089193,2.78427869847056,0.594549526514887,"Human betaherpesvirus 5 (CMV).ea","symptom_fever",-0.509434769318825
"4735","trajectory_group",4,224.292813691189,5.58152530046607,0.232655741008251,"Human betaherpesvirus 5 (CMV).ea","symptom_fever",-0.509434769318825
"4736","<none>",NA,153.64893511829,NA,NA,"Human betaherpesvirus 5 (CMV).ea","symptom_chills",-0.898471184828683
"4737","binary",1,152.426823913708,0.777888795417311,0.377787599851901,"Human betaherpesvirus 5 (CMV).ea","symptom_chills",-0.898471184828683
"4738","sex",1,151.749906233228,0.100971114937124,0.75066735589935,"Human betaherpesvirus 5 (CMV).ea","symptom_chills",-0.898471184828683
"4739","discretized_admit_age_quantile",4,149.130267894889,3.48133277659863,0.480722407882279,"Human betaherpesvirus 5 (CMV).ea","symptom_chills",-0.898471184828683
"4740","trajectory_group",4,148.92393346472,3.27499834642956,0.51290328087854,"Human betaherpesvirus 5 (CMV).ea","symptom_chills",-0.898471184828683
"4741","<none>",NA,40.4178384755409,NA,NA,"Human betaherpesvirus 5 (CMV).ea","symptom_shaking",-20.3856415704774
"4742","binary",1,38.8093362100551,0.391497734514203,0.531513177804669,"Human betaherpesvirus 5 (CMV).ea","symptom_shaking",-20.3856415704774
"4743","sex",1,39.7672610841453,1.34942260860446,0.245379082504587,"Human betaherpesvirus 5 (CMV).ea","symptom_shaking",-20.3856415704774
"4744","discretized_admit_age_quantile",4,33.8627808549686,1.44494237942777,0.836347408507069,"Human betaherpesvirus 5 (CMV).ea","symptom_shaking",-20.3856415704774
"4745","trajectory_group",4,34.42556977145,2.00773129590914,0.734336793468531,"Human betaherpesvirus 5 (CMV).ea","symptom_shaking",-20.3856415704774
"4746","<none>",NA,213.279451059362,NA,NA,"Human betaherpesvirus 5 (CMV).ea","symptom_fatigue",-0.49436678457168
"4747","binary",1,211.75431939785,0.474868338487852,0.490755989575807,"Human betaherpesvirus 5 (CMV).ea","symptom_fatigue",-0.49436678457168
"4748","sex",1,211.366751085058,0.0873000256962086,0.767638091530566,"Human betaherpesvirus 5 (CMV).ea","symptom_fatigue",-0.49436678457168
"4749","discretized_admit_age_quantile",4,212.414292249358,7.13484118999602,0.128931764663584,"Human betaherpesvirus 5 (CMV).ea","symptom_fatigue",-0.49436678457168
"4750","trajectory_group",4,207.903445246078,2.62399418671595,0.622578596144404,"Human betaherpesvirus 5 (CMV).ea","symptom_fatigue",-0.49436678457168
"4751","<none>",NA,126.416385355505,NA,NA,"Human betaherpesvirus 5 (CMV).ea","symptom_myalgia",-0.102731909557407
"4752","binary",1,124.424953299043,0.00856794353782675,0.926250590875643,"Human betaherpesvirus 5 (CMV).ea","symptom_myalgia",-0.102731909557407
"4753","sex",1,126.860304780659,2.44391942515429,0.117981105757904,"Human betaherpesvirus 5 (CMV).ea","symptom_myalgia",-0.102731909557407
"4754","discretized_admit_age_quantile",4,122.618944129381,4.20255877387596,0.379286032597181,"Human betaherpesvirus 5 (CMV).ea","symptom_myalgia",-0.102731909557407
"4755","trajectory_group",4,120.700058864428,2.28367350892277,0.683743113420786,"Human betaherpesvirus 5 (CMV).ea","symptom_myalgia",-0.102731909557407
"4756","<none>",NA,39.6575147769569,NA,NA,"Human betaherpesvirus 5 (CMV).ea","symptom_lymphadenopathy",-16.8099980799465
"4757","binary",1,37.6909832423369,0.0334684653800466,0.8548420479823,"Human betaherpesvirus 5 (CMV).ea","symptom_lymphadenopathy",-16.8099980799465
"4758","sex",1,38.6147446219618,0.957229845004925,0.32788580456424,"Human betaherpesvirus 5 (CMV).ea","symptom_lymphadenopathy",-16.8099980799465
"4759","discretized_admit_age_quantile",4,35.0186641599556,3.36114938299872,0.499302336049045,"Human betaherpesvirus 5 (CMV).ea","symptom_lymphadenopathy",-16.8099980799465
"4760","trajectory_group",4,33.281075622031,1.62356084507416,0.804551417781307,"Human betaherpesvirus 5 (CMV).ea","symptom_lymphadenopathy",-16.8099980799465
"4761","<none>",NA,199.266234444246,NA,NA,"Human betaherpesvirus 5 (CMV).ea","symptom_allneuro",-1.60378469602549
"4762","binary",1,200.380248889803,3.11401444555688,0.0776214238773272,"Human betaherpesvirus 5 (CMV).ea","symptom_allneuro",-1.60378469602549
"4763","sex",1,198.923097459572,1.65686301532645,0.198027406028593,"Human betaherpesvirus 5 (CMV).ea","symptom_allneuro",-1.60378469602549
"4764","discretized_admit_age_quantile",4,202.179953027689,10.9137185834431,0.0275510048627369,"Human betaherpesvirus 5 (CMV).ea","symptom_allneuro",-1.60378469602549
"4765","trajectory_group",4,198.116755984318,6.85052154007178,0.14400150008106,"Human betaherpesvirus 5 (CMV).ea","symptom_allneuro",-1.60378469602549
"4766","<none>",NA,127.047437432543,NA,NA,"Human betaherpesvirus 5 (CMV).ea","symptom_headache",-18.8873336578315
"4767","binary",1,128.807872642041,3.76043520949789,0.0524789175880725,"Human betaherpesvirus 5 (CMV).ea","symptom_headache",-18.8873336578315
"4768","sex",1,126.712788729309,1.66535129676608,0.196882348651991,"Human betaherpesvirus 5 (CMV).ea","symptom_headache",-18.8873336578315
"4769","discretized_admit_age_quantile",4,127.899355953168,8.85191852062427,0.0649092879150669,"Human betaherpesvirus 5 (CMV).ea","symptom_headache",-18.8873336578315
"4770","trajectory_group",4,125.567284965531,6.51984753298797,0.163544116138752,"Human betaherpesvirus 5 (CMV).ea","symptom_headache",-18.8873336578315
"4771","<none>",NA,114.717965776245,NA,NA,"Human betaherpesvirus 5 (CMV).ea","symptom_confusion",-0.0814779413257708
"4772","binary",1,112.723180646027,0.00521486978152552,0.942431559873255,"Human betaherpesvirus 5 (CMV).ea","symptom_confusion",-0.0814779413257708
"4773","sex",1,112.723785986949,0.00582021070404437,0.93918813850561,"Human betaherpesvirus 5 (CMV).ea","symptom_confusion",-0.0814779413257708
"4774","discretized_admit_age_quantile",4,120.027619325441,13.3096535491963,0.00985781857406418,"Human betaherpesvirus 5 (CMV).ea","symptom_confusion",-0.0814779413257708
"4775","trajectory_group",4,113.441770838307,6.7238050620623,0.151223832013644,"Human betaherpesvirus 5 (CMV).ea","symptom_confusion",-0.0814779413257708
"4776","<none>",NA,35.4572550592243,NA,NA,"Human betaherpesvirus 5 (CMV).ea","symptom_syncope",18.8391937071755
"4777","binary",1,33.4572550606088,0.00000000138444278263705,0.999970312230654,"Human betaherpesvirus 5 (CMV).ea","symptom_syncope",18.8391937071755
"4778","sex",1,38.6059238281727,5.14866876894836,0.02326420196962,"Human betaherpesvirus 5 (CMV).ea","symptom_syncope",18.8391937071755
"4779","discretized_admit_age_quantile",4,36.3831480276644,8.92589296844012,0.0629787323772863,"Human betaherpesvirus 5 (CMV).ea","symptom_syncope",18.8391937071755
"4780","trajectory_group",4,39.3915418340088,11.9342867747845,0.0178466745002766,"Human betaherpesvirus 5 (CMV).ea","symptom_syncope",18.8391937071755
"4781","<none>",NA,108.425177658835,NA,NA,"Human betaherpesvirus 5 (CMV).ea","symptom_anosmia",-18.1132886268357
"4782","binary",1,108.264744563292,1.83956690445736,0.175001717173795,"Human betaherpesvirus 5 (CMV).ea","symptom_anosmia",-18.1132886268357
"4783","sex",1,106.913478847301,0.488301188466494,0.484686085541464,"Human betaherpesvirus 5 (CMV).ea","symptom_anosmia",-18.1132886268357
"4784","discretized_admit_age_quantile",4,102.151074636629,1.72589697779389,0.786008205370195,"Human betaherpesvirus 5 (CMV).ea","symptom_anosmia",-18.1132886268357
"4785","trajectory_group",4,101.934451599976,1.50927394114086,0.82499744516187,"Human betaherpesvirus 5 (CMV).ea","symptom_anosmia",-18.1132886268357
"4786","<none>",NA,199.321093643132,NA,NA,"Human betaherpesvirus 5 (CMV).ea","symptom_allGI",-0.930252796816771
"4787","binary",1,198.736822951787,1.41572930865502,0.234107618910177,"Human betaherpesvirus 5 (CMV).ea","symptom_allGI",-0.930252796816771
"4788","sex",1,200.521622664729,3.20052902159767,0.0736144544985297,"Human betaherpesvirus 5 (CMV).ea","symptom_allGI",-0.930252796816771
"4789","discretized_admit_age_quantile",4,194.132202923698,2.81110928056609,0.589916578971026,"Human betaherpesvirus 5 (CMV).ea","symptom_allGI",-0.930252796816771
"4790","trajectory_group",4,193.520032916323,2.19893927319129,0.699223477345382,"Human betaherpesvirus 5 (CMV).ea","symptom_allGI",-0.930252796816771
"4791","<none>",NA,98.2736100673483,NA,NA,"Human betaherpesvirus 5 (CMV).ea","symptom_abdpain",-16.4621339437314
"4792","binary",1,98.645633855299,2.37202378795067,0.123526819363233,"Human betaherpesvirus 5 (CMV).ea","symptom_abdpain",-16.4621339437314
"4793","sex",1,97.6608278842765,1.38721781692819,0.238875506159741,"Human betaherpesvirus 5 (CMV).ea","symptom_abdpain",-16.4621339437314
"4794","discretized_admit_age_quantile",4,92.881402098479,2.60779203113073,0.625443421825499,"Human betaherpesvirus 5 (CMV).ea","symptom_abdpain",-16.4621339437314
"4795","trajectory_group",4,92.0449304201194,1.77132035277107,0.777725075536502,"Human betaherpesvirus 5 (CMV).ea","symptom_abdpain",-16.4621339437314
"4796","<none>",NA,139.334271012392,NA,NA,"Human betaherpesvirus 5 (CMV).ea","symptom_nausea",0.0775155944735424
"4797","binary",1,137.342091771536,0.00782075914412417,0.929530899710544,"Human betaherpesvirus 5 (CMV).ea","symptom_nausea",0.0775155944735424
"4798","sex",1,138.943628349338,1.60935733694583,0.204582164246335,"Human betaherpesvirus 5 (CMV).ea","symptom_nausea",0.0775155944735424
"4799","discretized_admit_age_quantile",4,136.634095696595,5.29982468420286,0.257893339931148,"Human betaherpesvirus 5 (CMV).ea","symptom_nausea",0.0775155944735424
"4800","trajectory_group",4,132.608404926723,1.27413391433163,0.865748561512407,"Human betaherpesvirus 5 (CMV).ea","symptom_nausea",0.0775155944735424
"4801","<none>",NA,136.390580861218,NA,NA,"Human betaherpesvirus 5 (CMV).ea","symptom_diarrhea",-18.8673034567146
"4802","binary",1,138.26133550879,3.8707546475724,0.0491344243216974,"Human betaherpesvirus 5 (CMV).ea","symptom_diarrhea",-18.8673034567146
"4803","sex",1,134.954952813514,0.564371952295971,0.452504060420561,"Human betaherpesvirus 5 (CMV).ea","symptom_diarrhea",-18.8673034567146
"4804","discretized_admit_age_quantile",4,132.725146198099,4.33456533688172,0.362616799689613,"Human betaherpesvirus 5 (CMV).ea","symptom_diarrhea",-18.8673034567146
"4805","trajectory_group",4,130.948264485004,2.55768362378603,0.634337282148887,"Human betaherpesvirus 5 (CMV).ea","symptom_diarrhea",-18.8673034567146
"4806","<none>",NA,36.5304883774725,NA,NA,"Human betaherpesvirus 5 (CMV).ea","symptom_allderm",-17.3014392348511
"4807","binary",1,34.5938620866693,0.063373709196803,0.801240990432559,"Human betaherpesvirus 5 (CMV).ea","symptom_allderm",-17.3014392348511
"4808","sex",1,35.2086724649205,0.678184087447995,0.410212729215158,"Human betaherpesvirus 5 (CMV).ea","symptom_allderm",-17.3014392348511
"4809","discretized_admit_age_quantile",4,34.7818423359445,6.25135395847204,0.181146921364614,"Human betaherpesvirus 5 (CMV).ea","symptom_allderm",-17.3014392348511
"4810","trajectory_group",4,28.9463992942622,0.415910916789713,0.981153624526959,"Human betaherpesvirus 5 (CMV).ea","symptom_allderm",-17.3014392348511
"4811","<none>",NA,28.2753982568771,NA,NA,"Human betaherpesvirus 5 (CMV).ea","symptom_skinrash",-17.4882091142435
"4812","binary",1,26.2382916207068,-0.0371066361702574,1,"Human betaherpesvirus 5 (CMV).ea","symptom_skinrash",-17.4882091142435
"4813","sex",1,30.0406514527353,3.76525319585821,0.052327935141071,"Human betaherpesvirus 5 (CMV).ea","symptom_skinrash",-17.4882091142435
"4814","discretized_admit_age_quantile",4,24.5541707905607,4.27877253368364,0.36959075892137,"Human betaherpesvirus 5 (CMV).ea","symptom_skinrash",-17.4882091142435
"4815","trajectory_group",4,20.2367747973468,-0.0386234595303065,1,"Human betaherpesvirus 5 (CMV).ea","symptom_skinrash",-17.4882091142435
"4816","<none>",NA,31.3479008186942,NA,NA,"Human betaherpesvirus 5 (CMV).ea","symptom_skinulcer",-19.021185973092
"4817","binary",1,29.4813330924722,0.13343227377803,0.714899550230536,"Human betaherpesvirus 5 (CMV).ea","symptom_skinulcer",-19.021185973092
"4818","sex",1,30.0406514527353,0.692750634041097,0.405230360985127,"Human betaherpesvirus 5 (CMV).ea","symptom_skinulcer",-19.021185973092
"4819","discretized_admit_age_quantile",4,26.3333104319177,2.98540961322352,0.560270028354076,"Human betaherpesvirus 5 (CMV).ea","symptom_skinulcer",-19.021185973092
"4820","trajectory_group",4,24.0406514526765,0.692750633982353,0.952219897721688,"Human betaherpesvirus 5 (CMV).ea","symptom_skinulcer",-19.021185973092
"4821","<none>",NA,112.21832573963,NA,NA,"Human betaherpesvirus 5 (CMV).ea","symptom_allother",-0.114562387157811
"4822","binary",1,110.228669210052,0.0103434704215317,0.918992537082963,"Human betaherpesvirus 5 (CMV).ea","symptom_allother",-0.114562387157811
"4823","sex",1,111.264851138199,1.04652539856862,0.306308678076087,"Human betaherpesvirus 5 (CMV).ea","symptom_allother",-0.114562387157811
"4824","discretized_admit_age_quantile",4,107.695710691099,3.47738495146851,0.481325333798919,"Human betaherpesvirus 5 (CMV).ea","symptom_allother",-0.114562387157811
"4825","trajectory_group",4,106.043956843264,1.82563110363378,0.767789797634351,"Human betaherpesvirus 5 (CMV).ea","symptom_allother",-0.114562387157811
"4826","<none>",NA,45.4035469261801,NA,NA,"Human betaherpesvirus 5 (CMV).ea","symptom_arthralgia",-18.6950339573753
"4827","binary",1,43.6187158190637,0.215168892883597,0.64274589532192,"Human betaherpesvirus 5 (CMV).ea","symptom_arthralgia",-18.6950339573753
"4828","sex",1,43.4151006101883,0.0115536840081774,0.914401793619871,"Human betaherpesvirus 5 (CMV).ea","symptom_arthralgia",-18.6950339573753
"4829","discretized_admit_age_quantile",4,43.471006208566,6.06745928238585,0.194166697397824,"Human betaherpesvirus 5 (CMV).ea","symptom_arthralgia",-18.6950339573753
"4830","trajectory_group",4,38.6941622659947,1.29061533981456,0.862965755198449,"Human betaherpesvirus 5 (CMV).ea","symptom_arthralgia",-18.6950339573753
"4831","<none>",NA,61.1646965184777,NA,NA,"Human betaherpesvirus 5 (CMV).ea","symptom_edema",0.473360200749376
"4832","binary",1,59.3003252562132,0.135628737735544,0.712665901912965,"Human betaherpesvirus 5 (CMV).ea","symptom_edema",0.473360200749376
"4833","sex",1,60.8651012042353,1.70040468575765,0.192235061546776,"Human betaherpesvirus 5 (CMV).ea","symptom_edema",0.473360200749376
"4834","discretized_admit_age_quantile",4,57.1255627150698,3.96086619659213,0.411327940724816,"Human betaherpesvirus 5 (CMV).ea","symptom_edema",0.473360200749376
"4835","trajectory_group",4,53.8145643990557,0.649867880578086,0.957364254744687,"Human betaherpesvirus 5 (CMV).ea","symptom_edema",0.473360200749376
"4836","<none>",NA,73.5211176991331,NA,NA,"Human betaherpesvirus 5 (CMV).ea","symptom_nonamb",-17.2893397429722
"4837","binary",1,72.3391561502112,0.818038451078181,0.365754301508243,"Human betaherpesvirus 5 (CMV).ea","symptom_nonamb",-17.2893397429722
"4838","sex",1,72.5078660657913,0.986748366658247,0.3205384027816,"Human betaherpesvirus 5 (CMV).ea","symptom_nonamb",-17.2893397429722
"4839","discretized_admit_age_quantile",4,70.1841907769862,4.66307307785311,0.323646658568745,"Human betaherpesvirus 5 (CMV).ea","symptom_nonamb",-17.2893397429722
"4840","trajectory_group",4,66.984748521365,1.46363082223191,0.833063689109642,"Human betaherpesvirus 5 (CMV).ea","symptom_nonamb",-17.2893397429722
"4841","<none>",NA,205.599270890386,NA,NA,"Human betaherpesvirus 5 (CMV).ea","ever_ever_esc",0.821431603459855
"4842","binary",1,204.885141240096,1.28587034971056,0.256810389663675,"Human betaherpesvirus 5 (CMV).ea","ever_ever_esc",0.821431603459855
"4843","sex",1,204.324247022115,0.724976131729676,0.394516482697579,"Human betaherpesvirus 5 (CMV).ea","ever_ever_esc",0.821431603459855
"4844","discretized_admit_age_quantile",4,207.745835041862,10.1465641514764,0.0380298876082894,"Human betaherpesvirus 5 (CMV).ea","ever_ever_esc",0.821431603459855
"4845","trajectory_group",4,206.618692467095,9.01942157670882,0.060615862964593,"Human betaherpesvirus 5 (CMV).ea","ever_ever_esc",0.821431603459855
"4846","<none>",NA,46.0312148772224,NA,NA,"Human betaherpesvirus 5 (CMV).ea","ever_icu",18.5140837639181
"4847","binary",1,44.3684162429273,0.337201365704871,0.561449118430293,"Human betaherpesvirus 5 (CMV).ea","ever_icu",18.5140837639181
"4848","sex",1,44.3642600566136,0.333045179391149,0.563871454061885,"Human betaherpesvirus 5 (CMV).ea","ever_icu",18.5140837639181
"4849","discretized_admit_age_quantile",4,40.1422508818101,2.11103600458769,0.715345156168934,"Human betaherpesvirus 5 (CMV).ea","ever_icu",18.5140837639181
"4850","trajectory_group",4,41.2397155887689,3.20850071154645,0.523559030776338,"Human betaherpesvirus 5 (CMV).ea","ever_icu",18.5140837639181
"4851","<none>",NA,110.211536782512,NA,NA,"Human betaherpesvirus 5 (CMV).ea","diedever",2.42037760501162
"4852","binary",1,119.162156878613,10.9506200961007,0.000935722945660564,"Human betaherpesvirus 5 (CMV).ea","diedever",2.42037760501162
"4853","sex",1,109.748046060006,1.53650927749383,0.215138140977122,"Human betaherpesvirus 5 (CMV).ea","diedever",2.42037760501162
"4854","discretized_admit_age_quantile",4,114.337611284002,12.1260745014895,0.0164379583295966,"Human betaherpesvirus 5 (CMV).ea","diedever",2.42037760501162
"4855","trajectory_group",4,208.02754056425,105.816003781738,0.00000000000000000000056754455992854,"Human betaherpesvirus 5 (CMV).ea","diedever",2.42037760501162
"4856","<none>",NA,193.419225376613,NA,NA,"Human betaherpesvirus 5 (CMV).ea","ever_remdes",-0.808661630235827
"4857","binary",1,192.481719563602,1.0624941869884,0.302647007368817,"Human betaherpesvirus 5 (CMV).ea","ever_remdes",-0.808661630235827
"4858","sex",1,192.028837754003,0.609612377389652,0.434933794233536,"Human betaherpesvirus 5 (CMV).ea","ever_remdes",-0.808661630235827
"4859","discretized_admit_age_quantile",4,188.332698062955,2.91347268634141,0.572408395723338,"Human betaherpesvirus 5 (CMV).ea","ever_remdes",-0.808661630235827
"4860","trajectory_group",4,199.361482419431,13.9422570428176,0.00748164611416436,"Human betaherpesvirus 5 (CMV).ea","ever_remdes",-0.808661630235827
"4861","<none>",NA,138.20169771883,NA,NA,"Human betaherpesvirus 5 (CMV).ea","ever_steroids",-0.411366926655272
"4862","binary",1,136.415739711495,0.214041992664505,0.643617610517781,"Human betaherpesvirus 5 (CMV).ea","ever_steroids",-0.411366926655272
"4863","sex",1,136.508011355034,0.306313636203697,0.579951144726843,"Human betaherpesvirus 5 (CMV).ea","ever_steroids",-0.411366926655272
"4864","discretized_admit_age_quantile",4,135.926525483698,5.72482776486834,0.220662358290136,"Human betaherpesvirus 5 (CMV).ea","ever_steroids",-0.411366926655272
"4865","trajectory_group",4,137.408606890226,7.20690917139547,0.125349735161916,"Human betaherpesvirus 5 (CMV).ea","ever_steroids",-0.411366926655272
"4866","<none>",NA,217.605033007467,NA,NA,"Human betaherpesvirus 5 (CMV).ea","ever_azithro",-0.790469965383848
"4867","binary",1,216.858343609851,1.25331060238369,0.262921110911692,"Human betaherpesvirus 5 (CMV).ea","ever_azithro",-0.790469965383848
"4868","sex",1,216.127293536814,0.522260529347562,0.46987899426231,"Human betaherpesvirus 5 (CMV).ea","ever_azithro",-0.790469965383848
"4869","discretized_admit_age_quantile",4,211.098304801415,1.49327179394803,0.82783261262381,"Human betaherpesvirus 5 (CMV).ea","ever_azithro",-0.790469965383848
"4870","trajectory_group",4,217.360420030808,7.75538702334114,0.100960993007324,"Human betaherpesvirus 5 (CMV).ea","ever_azithro",-0.790469965383848
"4871","<none>",NA,90.7715116570364,NA,NA,"Human betaherpesvirus 5 (CMV).ea","ever_otherabx",17.655880086978
"4872","binary",1,90.1263435149667,1.35483185793025,0.244435177839162,"Human betaherpesvirus 5 (CMV).ea","ever_otherabx",17.655880086978
"4873","sex",1,91.4269058760138,2.65539421897739,0.103199169148444,"Human betaherpesvirus 5 (CMV).ea","ever_otherabx",17.655880086978
"4874","discretized_admit_age_quantile",4,85.2724552820687,2.50094362503225,0.644466830225076,"Human betaherpesvirus 5 (CMV).ea","ever_otherabx",17.655880086978
"4875","trajectory_group",4,88.2538261614583,5.48231450442191,0.241288428356942,"Human betaherpesvirus 5 (CMV).ea","ever_otherabx",17.655880086978
"4876","<none>",NA,125.965767743279,NA,NA,"Human betaherpesvirus 5 (CMV).ea","ever_conplas",-1.10622906976059
"4877","binary",1,124.979601184384,1.01383344110504,0.313986213492906,"Human betaherpesvirus 5 (CMV).ea","ever_conplas",-1.10622906976059
"4878","sex",1,124.675163995734,0.709396252455463,0.399644314325075,"Human betaherpesvirus 5 (CMV).ea","ever_conplas",-1.10622906976059
"4879","discretized_admit_age_quantile",4,119.792984934382,1.827217191103,0.767499217577016,"Human betaherpesvirus 5 (CMV).ea","ever_conplas",-1.10622906976059
"4880","trajectory_group",4,122.185876668168,4.22010892488922,0.377036143654575,"Human betaherpesvirus 5 (CMV).ea","ever_conplas",-1.10622906976059
"4881","<none>",NA,27.8190850137517,NA,NA,"Human betaherpesvirus 5 (CMV).ea","ever_monoclonal",0.291742085829973
"4882","binary",1,25.8190850137548,0.00000000000310862446895044,0.999998593226457,"Human betaherpesvirus 5 (CMV).ea","ever_monoclonal",0.291742085829973
"4883","sex",1,25.8190850140222,0.000000000270478750508119,0.999986877800468,"Human betaherpesvirus 5 (CMV).ea","ever_monoclonal",0.291742085829973
"4884","discretized_admit_age_quantile",4,19.819085013924,0.000000000172331482417576,1,"Human betaherpesvirus 5 (CMV).ea","ever_monoclonal",0.291742085829973
"4885","trajectory_group",4,24.0088507618157,4.18976574806403,0.380932603874769,"Human betaherpesvirus 5 (CMV).ea","ever_monoclonal",0.291742085829973
"4886","<none>",NA,98.0230715381729,NA,NA,"Human betaherpesvirus 5 (CMV).ea","ever_immsupp",0.401554867044174
"4887","binary",1,96.1699437655831,0.146872227410114,0.701542470428645,"Human betaherpesvirus 5 (CMV).ea","ever_immsupp",0.401554867044174
"4888","sex",1,98.2447753707816,2.22170383260864,0.136082805874881,"Human betaherpesvirus 5 (CMV).ea","ever_immsupp",0.401554867044174
"4889","discretized_admit_age_quantile",4,92.7417134850336,2.71864194686066,0.605956475005333,"Human betaherpesvirus 5 (CMV).ea","ever_immsupp",0.401554867044174
"4890","trajectory_group",4,93.6808043500507,3.65773281187775,0.454303256622003,"Human betaherpesvirus 5 (CMV).ea","ever_immsupp",0.401554867044174
"4891","<none>",NA,50.086488122102,NA,NA,"Human betaherpesvirus 5 (CMV).ea","anycomp",20.4364694065991
"4892","binary",1,48.3941104827246,0.307622360622666,0.579142877868849,"Human betaherpesvirus 5 (CMV).ea","anycomp",20.4364694065991
"4893","sex",1,48.801504613089,0.715016490986997,0.397783471778583,"Human betaherpesvirus 5 (CMV).ea","anycomp",20.4364694065991
"4894","discretized_admit_age_quantile",4,48.2017964038876,6.11530828178565,0.190700883762571,"Human betaherpesvirus 5 (CMV).ea","anycomp",20.4364694065991
"4895","trajectory_group",4,52.2521239107408,10.1656357886389,0.0377281101047053,"Human betaherpesvirus 5 (CMV).ea","anycomp",20.4364694065991
"4896","<none>",NA,50.086488122102,NA,NA,"Human betaherpesvirus 5 (CMV).ea","ncomp",20.4364694065991
"4897","binary",1,48.3941104827246,0.307622360622666,0.579142877868849,"Human betaherpesvirus 5 (CMV).ea","ncomp",20.4364694065991
"4898","sex",1,48.801504613089,0.715016490986997,0.397783471778583,"Human betaherpesvirus 5 (CMV).ea","ncomp",20.4364694065991
"4899","discretized_admit_age_quantile",4,48.2017964038876,6.11530828178565,0.190700883762571,"Human betaherpesvirus 5 (CMV).ea","ncomp",20.4364694065991
"4900","trajectory_group",4,52.2521239107408,10.1656357886389,0.0377281101047053,"Human betaherpesvirus 5 (CMV).ea","ncomp",20.4364694065991
"4901","<none>",NA,48.7340238012292,NA,NA,"Human betaherpesvirus 5 (CMV).ea","comp_seizure",-19.5554793322141
"4902","binary",1,47.2004614754883,0.466437674259176,0.494630586068768,"Human betaherpesvirus 5 (CMV).ea","comp_seizure",-19.5554793322141
"4903","sex",1,48.9143635984695,2.18033979724035,0.139783596761545,"Human betaherpesvirus 5 (CMV).ea","comp_seizure",-19.5554793322141
"4904","discretized_admit_age_quantile",4,42.7626719638529,2.02864816262376,0.730489526229428,"Human betaherpesvirus 5 (CMV).ea","comp_seizure",-19.5554793322141
"4905","trajectory_group",4,41.0055289801019,0.27150517887268,0.991578576688322,"Human betaherpesvirus 5 (CMV).ea","comp_seizure",-19.5554793322141
"4906","<none>",NA,63.7891095462396,NA,NA,"Human betaherpesvirus 5 (CMV).ea","comp_meningitis",2.88572555020684
"4907","binary",1,66.7488598965494,4.95975035030976,0.0259439526058914,"Human betaherpesvirus 5 (CMV).ea","comp_meningitis",2.88572555020684
"4908","sex",1,63.5426089990573,1.7534994528177,0.185437406542211,"Human betaherpesvirus 5 (CMV).ea","comp_meningitis",2.88572555020684
"4909","discretized_admit_age_quantile",4,60.9202052449036,5.13109569866399,0.274108810490719,"Human betaherpesvirus 5 (CMV).ea","comp_meningitis",2.88572555020684
"4910","trajectory_group",4,56.2090732314665,0.41996368522689,0.980810028317577,"Human betaherpesvirus 5 (CMV).ea","comp_meningitis",2.88572555020684
"4911","<none>",NA,89.5364277496094,NA,NA,"Human betaherpesvirus 5 (CMV).ea","comp_stroke",-19.0223117267519
"4912","binary",1,89.2921617251153,1.75573397550589,0.185157512537943,"Human betaherpesvirus 5 (CMV).ea","comp_stroke",-19.0223117267519
"4913","sex",1,87.5365811706754,0.000153421065974158,0.990117394607091,"Human betaherpesvirus 5 (CMV).ea","comp_stroke",-19.0223117267519
"4914","discretized_admit_age_quantile",4,87.5404115232878,6.00398377367843,0.198850960322971,"Human betaherpesvirus 5 (CMV).ea","comp_stroke",-19.0223117267519
"4915","trajectory_group",4,82.5721277003646,1.0356999507552,0.904335253464344,"Human betaherpesvirus 5 (CMV).ea","comp_stroke",-19.0223117267519
"4916","<none>",NA,149.471822737212,NA,NA,"Human betaherpesvirus 5 (CMV).ea","comp_afib",-0.386018007291049
"4917","binary",1,147.604463486388,0.132640749175664,0.71570958017624,"Human betaherpesvirus 5 (CMV).ea","comp_afib",-0.386018007291049
"4918","sex",1,147.940269611795,0.468446874583179,0.493702547855927,"Human betaherpesvirus 5 (CMV).ea","comp_afib",-0.386018007291049
"4919","discretized_admit_age_quantile",4,144.121895462361,2.65007272514953,0.617979073442904,"Human betaherpesvirus 5 (CMV).ea","comp_afib",-0.386018007291049
"4920","trajectory_group",4,145.960975707967,4.4891529707555,0.343835595220513,"Human betaherpesvirus 5 (CMV).ea","comp_afib",-0.386018007291049
"4921","<none>",NA,119.750415064138,NA,NA,"Human betaherpesvirus 5 (CMV).ea","comp_ventricular_arr",1.76311985741945
"4922","binary",1,121.727238511118,3.97682344697964,0.0461304813464254,"Human betaherpesvirus 5 (CMV).ea","comp_ventricular_arr",1.76311985741945
"4923","sex",1,117.761780396207,0.0113653320690474,0.915099724587858,"Human betaherpesvirus 5 (CMV).ea","comp_ventricular_arr",1.76311985741945
"4924","discretized_admit_age_quantile",4,114.999695770451,3.24928070631225,0.517008235696299,"Human betaherpesvirus 5 (CMV).ea","comp_ventricular_arr",1.76311985741945
"4925","trajectory_group",4,113.28803088873,1.53761582459214,0.819958058265649,"Human betaherpesvirus 5 (CMV).ea","comp_ventricular_arr",1.76311985741945
"4926","<none>",NA,31.0509237048128,NA,NA,"Human betaherpesvirus 5 (CMV).ea","comp_myocard",-0.313691375180903
"4927","binary",1,29.0509237048129,0.0000000000000888178419700125,0.999999762211871,"Human betaherpesvirus 5 (CMV).ea","comp_myocard",-0.313691375180903
"4928","sex",1,29.9406097379316,0.889686033118775,0.345562404121527,"Human betaherpesvirus 5 (CMV).ea","comp_myocard",-0.313691375180903
"4929","discretized_admit_age_quantile",4,24.8998911093694,1.84896740455666,0.763512351393924,"Human betaherpesvirus 5 (CMV).ea","comp_myocard",-0.313691375180903
"4930","trajectory_group",4,25.4025531486299,2.35162944381714,0.671385666914084,"Human betaherpesvirus 5 (CMV).ea","comp_myocard",-0.313691375180903
"4931","<none>",NA,99.8191978296309,NA,NA,"Human betaherpesvirus 5 (CMV).ea","comp_cardarrest",-16.1157943873292
"4932","binary",1,98.1064660139983,0.287268184367335,0.591976483831349,"Human betaherpesvirus 5 (CMV).ea","comp_cardarrest",-16.1157943873292
"4933","sex",1,97.8209317809926,0.0017339513617145,0.966785094285885,"Human betaherpesvirus 5 (CMV).ea","comp_cardarrest",-16.1157943873292
"4934","discretized_admit_age_quantile",4,95.2502332702961,3.43103544066514,0.488441730927184,"Human betaherpesvirus 5 (CMV).ea","comp_cardarrest",-16.1157943873292
"4935","trajectory_group",4,113.341056365376,21.5218585357451,0.000249476381857545,"Human betaherpesvirus 5 (CMV).ea","comp_cardarrest",-16.1157943873292
"4936","<none>",NA,51.3073250670994,NA,NA,"Human betaherpesvirus 5 (CMV).ea","comp_stemi",19.7425330653819
"4937","binary",1,53.1865007407356,3.87917567363617,0.0488885553452035,"Human betaherpesvirus 5 (CMV).ea","comp_stemi",19.7425330653819
"4938","sex",1,49.5902281276193,0.282903060519864,0.5948047305679,"Human betaherpesvirus 5 (CMV).ea","comp_stemi",19.7425330653819
"4939","discretized_admit_age_quantile",4,44.4173828166129,1.11005774951353,0.892673166264682,"Human betaherpesvirus 5 (CMV).ea","comp_stemi",19.7425330653819
"4940","trajectory_group",4,49.4551601202325,6.14783505313313,0.188376538883373,"Human betaherpesvirus 5 (CMV).ea","comp_stemi",19.7425330653819
"4941","<none>",NA,74.8656635832772,NA,NA,"Human betaherpesvirus 5 (CMV).ea","comp_nstemi",-18.0923297918673
"4942","binary",1,73.5798002373902,0.714136654113005,0.398073953989207,"Human betaherpesvirus 5 (CMV).ea","comp_nstemi",-18.0923297918673
"4943","sex",1,73.8876650245872,1.02200144130997,0.312044731652438,"Human betaherpesvirus 5 (CMV).ea","comp_nstemi",-18.0923297918673
"4944","discretized_admit_age_quantile",4,68.6211810448432,1.75551746156599,0.780609831425398,"Human betaherpesvirus 5 (CMV).ea","comp_nstemi",-18.0923297918673
"4945","trajectory_group",4,69.5611261293785,2.6954625461013,0.610008841942811,"Human betaherpesvirus 5 (CMV).ea","comp_nstemi",-18.0923297918673
"4946","<none>",NA,112.272420242141,NA,NA,"Human betaherpesvirus 5 (CMV).ea","comp_chf",1.28234911016243
"4947","binary",1,111.913078467024,1.64065822488215,0.20023518098378,"Human betaherpesvirus 5 (CMV).ea","comp_chf",1.28234911016243
"4948","sex",1,110.507697749116,0.235277506974853,0.627637950314155,"Human betaherpesvirus 5 (CMV).ea","comp_chf",1.28234911016243
"4949","discretized_admit_age_quantile",4,107.541950985673,3.2695307435315,0.513774288856266,"Human betaherpesvirus 5 (CMV).ea","comp_chf",1.28234911016243
"4950","trajectory_group",4,110.336460129568,6.06403988742613,0.19441650921837,"Human betaherpesvirus 5 (CMV).ea","comp_chf",1.28234911016243
"4951","<none>",NA,122.10865227881,NA,NA,"Human betaherpesvirus 5 (CMV).ea","comp_pneumonia",0.293391764445058
"4952","binary",1,120.160754424845,0.0521021460354376,0.819444939112793,"Human betaherpesvirus 5 (CMV).ea","comp_pneumonia",0.293391764445058
"4953","sex",1,120.112671455249,0.00401917643853267,0.949450396011859,"Human betaherpesvirus 5 (CMV).ea","comp_pneumonia",0.293391764445058
"4954","discretized_admit_age_quantile",4,117.184717836283,3.07606555747341,0.54517769349788,"Human betaherpesvirus 5 (CMV).ea","comp_pneumonia",0.293391764445058
"4955","trajectory_group",4,120.362857320412,6.25420504160192,0.180951375246302,"Human betaherpesvirus 5 (CMV).ea","comp_pneumonia",0.293391764445058
"4956","<none>",NA,31.3479008186942,NA,NA,"Human betaherpesvirus 5 (CMV).ea","comp_bronch",-19.0211840476649
"4957","binary",1,29.4813330924722,0.133432273778041,0.714899550230525,"Human betaherpesvirus 5 (CMV).ea","comp_bronch",-19.0211840476649
"4958","sex",1,30.0406514527353,0.692750634041179,0.4052303609851,"Human betaherpesvirus 5 (CMV).ea","comp_bronch",-19.0211840476649
"4959","discretized_admit_age_quantile",4,26.3333104319177,2.98540961322357,0.560270028354068,"Human betaherpesvirus 5 (CMV).ea","comp_bronch",-19.0211840476649
"4960","trajectory_group",4,24.0406514526765,0.69275063398236,0.952219897721687,"Human betaherpesvirus 5 (CMV).ea","comp_bronch",-19.0211840476649
"4961","<none>",NA,111.835288197109,NA,NA,"Human betaherpesvirus 5 (CMV).ea","comp_pneumo",1.36644313397258
"4962","binary",1,112.369776178798,2.53448798168961,0.111383012197735,"Human betaherpesvirus 5 (CMV).ea","comp_pneumo",1.36644313397258
"4963","sex",1,109.993559667972,0.158271470863099,0.690752942849806,"Human betaherpesvirus 5 (CMV).ea","comp_pneumo",1.36644313397258
"4964","discretized_admit_age_quantile",4,110.073884512297,6.238596315188,0.182024250032884,"Human betaherpesvirus 5 (CMV).ea","comp_pneumo",1.36644313397258
"4965","trajectory_group",4,105.627761468114,1.79247327100566,0.773859124457378,"Human betaherpesvirus 5 (CMV).ea","comp_pneumo",1.36644313397258
"4966","<none>",NA,74.7063372125328,NA,NA,"Human betaherpesvirus 5 (CMV).ea","comp_pneumomed",-17.896324808531
"4967","binary",1,73.2477290907365,0.54139187820364,0.461856458793295,"Human betaherpesvirus 5 (CMV).ea","comp_pneumomed",-17.896324808531
"4968","sex",1,72.7069214508478,0.000584238314928598,0.980716192297155,"Human betaherpesvirus 5 (CMV).ea","comp_pneumomed",-17.896324808531
"4969","discretized_admit_age_quantile",4,69.5951821031807,2.88884489064787,0.576595920451396,"Human betaherpesvirus 5 (CMV).ea","comp_pneumomed",-17.896324808531
"4970","trajectory_group",4,69.6333871190821,2.92704990654926,0.570106712292397,"Human betaherpesvirus 5 (CMV).ea","comp_pneumomed",-17.896324808531
"4971","<none>",NA,70.2137412834474,NA,NA,"Human betaherpesvirus 5 (CMV).ea","comp_aat",0.505990229216989
"4972","binary",1,68.3592747178091,0.145533434361695,0.702840843020927,"Human betaherpesvirus 5 (CMV).ea","comp_aat",0.505990229216989
"4973","sex",1,69.3144603530929,1.10071906964544,0.294108352734444,"Human betaherpesvirus 5 (CMV).ea","comp_aat",0.505990229216989
"4974","discretized_admit_age_quantile",4,63.9874918826183,1.77375059917088,0.777281176674699,"Human betaherpesvirus 5 (CMV).ea","comp_aat",0.505990229216989
"4975","trajectory_group",4,63.1777043102738,0.963963026826399,0.915210248155201,"Human betaherpesvirus 5 (CMV).ea","comp_aat",0.505990229216989
"4976","<none>",NA,175.387272815195,NA,NA,"Human betaherpesvirus 5 (CMV).ea","comp_avthromb",1.34889791524105
"4977","binary",1,177.00386642381,3.61659360861555,0.0572058903318244,"Human betaherpesvirus 5 (CMV).ea","comp_avthromb",1.34889791524105
"4978","sex",1,174.740743469429,1.35347065423488,0.244672287594385,"Human betaherpesvirus 5 (CMV).ea","comp_avthromb",1.34889791524105
"4979","discretized_admit_age_quantile",4,171.439369256706,4.05209644151182,0.399001273631334,"Human betaherpesvirus 5 (CMV).ea","comp_avthromb",1.34889791524105
"4980","trajectory_group",4,171.892342072296,4.50506925710138,0.341946820216282,"Human betaherpesvirus 5 (CMV).ea","comp_avthromb",1.34889791524105
"4981","<none>",NA,203.15029843392,NA,NA,"Human betaherpesvirus 5 (CMV).ea","comp_shock",1.26221388262674
"4982","binary",1,203.597192134542,2.44689370062176,0.117757695802043,"Human betaherpesvirus 5 (CMV).ea","comp_shock",1.26221388262674
"4983","sex",1,202.194022704666,1.04372427074622,0.306956884209069,"Human betaherpesvirus 5 (CMV).ea","comp_shock",1.26221388262674
"4984","discretized_admit_age_quantile",4,196.483872621931,1.33357418801094,0.855653977508632,"Human betaherpesvirus 5 (CMV).ea","comp_shock",1.26221388262674
"4985","trajectory_group",4,209.662563790583,14.5122653566631,0.00582744631654349,"Human betaherpesvirus 5 (CMV).ea","comp_shock",1.26221388262674
"4986","<none>",NA,205.394414889571,NA,NA,"Human betaherpesvirus 5 (CMV).ea","comp_bac",1.27382409944857
"4987","binary",1,206.364305228449,2.96989033887769,0.0848276044759324,"Human betaherpesvirus 5 (CMV).ea","comp_bac",1.27382409944857
"4988","sex",1,204.983246520337,1.58883163076612,0.207493140627226,"Human betaherpesvirus 5 (CMV).ea","comp_bac",1.27382409944857
"4989","discretized_admit_age_quantile",4,203.987029578863,6.59261468929233,0.159047648119308,"Human betaherpesvirus 5 (CMV).ea","comp_bac",1.27382409944857
"4990","trajectory_group",4,201.179856161564,3.78544127199302,0.435821213648801,"Human betaherpesvirus 5 (CMV).ea","comp_bac",1.27382409944857
"4991","<none>",NA,75.7169880888769,NA,NA,"Human betaherpesvirus 5 (CMV).ea","comp_coag",0.59528175389391
"4992","binary",1,73.9404823235417,0.223494234664813,0.636390288013705,"Human betaherpesvirus 5 (CMV).ea","comp_coag",0.59528175389391
"4993","sex",1,75.0856000603661,1.36861197148916,0.242050509405841,"Human betaherpesvirus 5 (CMV).ea","comp_coag",0.59528175389391
"4994","discretized_admit_age_quantile",4,76.3010716752857,8.58408358640879,0.0723791033110563,"Human betaherpesvirus 5 (CMV).ea","comp_coag",0.59528175389391
"4995","trajectory_group",4,68.9446455213031,1.22765743242617,0.873524347952914,"Human betaherpesvirus 5 (CMV).ea","comp_coag",0.59528175389391
"4996","<none>",NA,60.1290087086457,NA,NA,"Human betaherpesvirus 5 (CMV).ea","comp_hypogly",-18.4282882473536
"4997","binary",1,59.0261981527439,0.897189444098231,0.34353644398421,"Human betaherpesvirus 5 (CMV).ea","comp_hypogly",-18.4282882473536
"4998","sex",1,58.1927674435001,0.0637587348543533,0.800650811331205,"Human betaherpesvirus 5 (CMV).ea","comp_hypogly",-18.4282882473536
"4999","discretized_admit_age_quantile",4,54.140662529337,2.01165382069129,0.73361529391613,"Human betaherpesvirus 5 (CMV).ea","comp_hypogly",-18.4282882473536
"5000","trajectory_group",4,55.693948611538,3.56493990289228,0.468073030829537,"Human betaherpesvirus 5 (CMV).ea","comp_hypogly",-18.4282882473536
"5001","<none>",NA,136.586434945975,NA,NA,"Human betaherpesvirus 5 (CMV).ea","comp_bleed",0.619126495966637
"5002","binary",1,134.99937648045,0.412941534474925,0.520480261912861,"Human betaherpesvirus 5 (CMV).ea","comp_bleed",0.619126495966637
"5003","sex",1,137.500598175212,2.91416322923729,0.0878049466092843,"Human betaherpesvirus 5 (CMV).ea","comp_bleed",0.619126495966637
"5004","discretized_admit_age_quantile",4,130.844758237503,2.2583232915274,0.688366873327242,"Human betaherpesvirus 5 (CMV).ea","comp_bleed",0.619126495966637
"5005","trajectory_group",4,135.908265147168,7.32183020119245,0.119827352872952,"Human betaherpesvirus 5 (CMV).ea","comp_bleed",0.619126495966637
"5006","<none>",NA,209.252269667993,NA,NA,"Human betaherpesvirus 5 (CMV).ea","comp_anemia",0.782924812538123
"5007","binary",1,208.411796229952,1.15952656195876,0.281563748948279,"Human betaherpesvirus 5 (CMV).ea","comp_anemia",0.782924812538123
"5008","sex",1,207.331524286084,0.0792546180911984,0.77831008161504,"Human betaherpesvirus 5 (CMV).ea","comp_anemia",0.782924812538123
"5009","discretized_admit_age_quantile",4,202.42320150847,1.17093184047692,0.882860919256906,"Human betaherpesvirus 5 (CMV).ea","comp_anemia",0.782924812538123
"5010","trajectory_group",4,206.77799994071,5.52573027271714,0.237477008909711,"Human betaherpesvirus 5 (CMV).ea","comp_anemia",0.782924812538123
"5011","<none>",NA,29.3940669748222,NA,NA,"Human betaherpesvirus 5 (CMV).ea","comp_pancreas",-3.9819303162038
"5012","binary",1,27.3554436120841,-0.0386233627380648,1,"Human betaherpesvirus 5 (CMV).ea","comp_pancreas",-3.9819303162038
"5013","sex",1,29.8352979286324,2.4412309538102,0.118183451057142,"Human betaherpesvirus 5 (CMV).ea","comp_pancreas",-3.9819303162038
"5014","discretized_admit_age_quantile",4,24.899891109541,3.50582413471881,0.476993324776786,"Human betaherpesvirus 5 (CMV).ea","comp_pancreas",-3.9819303162038
"5015","trajectory_group",4,24.9151862610439,3.52111928622172,0.47467438527682,"Human betaherpesvirus 5 (CMV).ea","comp_pancreas",-3.9819303162038
"5016","<none>",NA,209.27766746121,NA,NA,"Human betaherpesvirus 5 (CMV).ea","comp_renal",1.27984481520784
"5017","binary",1,210.088089333357,2.81042187214649,0.0936537441553622,"Human betaherpesvirus 5 (CMV).ea","comp_renal",1.27984481520784
"5018","sex",1,211.753698788248,4.47603132703762,0.0343734514362427,"Human betaherpesvirus 5 (CMV).ea","comp_renal",1.27984481520784
"5019","discretized_admit_age_quantile",4,205.306376118961,4.02870865775097,0.402134497841874,"Human betaherpesvirus 5 (CMV).ea","comp_renal",1.27984481520784
"5020","trajectory_group",4,216.522506716212,15.2448392550017,0.00421943568855214,"Human betaherpesvirus 5 (CMV).ea","comp_renal",1.27984481520784
"5021","<none>",NA,149.254930909872,NA,NA,"Human betaherpesvirus 5 (CMV).ea","comp_liver",-0.0825892571576459
"5022","binary",1,147.264622710035,0.00969180016247151,0.921577402272816,"Human betaherpesvirus 5 (CMV).ea","comp_liver",-0.0825892571576459
"5023","sex",1,147.738732734783,0.483801824910813,0.486705274175819,"Human betaherpesvirus 5 (CMV).ea","comp_liver",-0.0825892571576459
"5024","discretized_admit_age_quantile",4,145.622431052207,4.36750014233462,0.358548873133287,"Human betaherpesvirus 5 (CMV).ea","comp_liver",-0.0825892571576459
"5025","trajectory_group",4,145.736195382213,4.48126447234068,0.344774813076776,"Human betaherpesvirus 5 (CMV).ea","comp_liver",-0.0825892571576459
"5026","<none>",NA,65.9632145105131,NA,NA,"Human betaherpesvirus 5 (CMV).ea","comp_othlab",-17.9867427853816
"5027","binary",1,65.4419008038646,1.47868629335147,0.22398017705382,"Human betaherpesvirus 5 (CMV).ea","comp_othlab",-17.9867427853816
"5028","sex",1,64.0821549627986,0.118940452285472,0.730186507551237,"Human betaherpesvirus 5 (CMV).ea","comp_othlab",-17.9867427853816
"5029","discretized_admit_age_quantile",4,63.5668948633081,5.60368035279499,0.230765099773996,"Human betaherpesvirus 5 (CMV).ea","comp_othlab",-17.9867427853816
"5030","trajectory_group",4,59.0031552720721,1.039940761559,0.903680389591819,"Human betaherpesvirus 5 (CMV).ea","comp_othlab",-17.9867427853816
"5031","<none>",NA,108.092756220863,NA,NA,"Human betaherpesvirus 5 (CMV).ea","comp_electrolyte",0.344590135269122
"5032","binary",1,106.177348522154,0.0845923012911101,0.77116791171582,"Human betaherpesvirus 5 (CMV).ea","comp_electrolyte",0.344590135269122
"5033","sex",1,106.528071448278,0.435315227415089,0.509392306100738,"Human betaherpesvirus 5 (CMV).ea","comp_electrolyte",0.344590135269122
"5034","discretized_admit_age_quantile",4,102.214874512478,2.12211829161446,0.713310016951857,"Human betaherpesvirus 5 (CMV).ea","comp_electrolyte",0.344590135269122
"5035","trajectory_group",4,102.988905653768,2.89614943290501,0.575352242069187,"Human betaherpesvirus 5 (CMV).ea","comp_electrolyte",0.344590135269122
"5036","<none>",NA,83.0862655209579,NA,NA,"Human betaherpesvirus 5 (CMV).ea","comp_othinf",0.553330625305325
"5037","binary",1,81.2880732604054,0.20180773944756,0.653265630593057,"Human betaherpesvirus 5 (CMV).ea","comp_othinf",0.553330625305325
"5038","sex",1,81.0956234118111,0.00935789085328054,0.922935897498463,"Human betaherpesvirus 5 (CMV).ea","comp_othinf",0.553330625305325
"5039","discretized_admit_age_quantile",4,81.6980665899414,6.61180106898355,0.157880914615558,"Human betaherpesvirus 5 (CMV).ea","comp_othinf",0.553330625305325
"5040","trajectory_group",4,78.9165668047962,3.83030128383834,0.429458938453306,"Human betaherpesvirus 5 (CMV).ea","comp_othinf",0.553330625305325
"5041","<none>",NA,28.7099274672863,NA,NA,"Human betaherpesvirus 5 (CMV).ea","comp_unddisease",-6.26502166167924
"5042","binary",1,26.7871725306312,0.0772450633448791,0.781066123900417,"Human betaherpesvirus 5 (CMV).ea","comp_unddisease",-6.26502166167924
"5043","sex",1,31.7770097171512,5.06708224986485,0.0243843943378243,"Human betaherpesvirus 5 (CMV).ea","comp_unddisease",-6.26502166167924
"5044","discretized_admit_age_quantile",4,34.0679982322943,13.358070765008,0.00965246993595056,"Human betaherpesvirus 5 (CMV).ea","comp_unddisease",-6.26502166167924
"5045","trajectory_group",4,26.2229895677268,5.5130621004405,0.238583694065917,"Human betaherpesvirus 5 (CMV).ea","comp_unddisease",-6.26502166167924
"5046","<none>",NA,77.1387525560581,NA,NA,"Human betaherpesvirus 5 (CMV).ea","comp_enceph",1.06322124814091
"5047","binary",1,76.1665974407848,1.02784488472669,0.310665380269056,"Human betaherpesvirus 5 (CMV).ea","comp_enceph",1.06322124814091
"5048","sex",1,77.4910296677895,2.35227711173145,0.125100150170256,"Human betaherpesvirus 5 (CMV).ea","comp_enceph",1.06322124814091
"5049","discretized_admit_age_quantile",4,92.4621960080538,23.3234434519957,0.000109111711849258,"Human betaherpesvirus 5 (CMV).ea","comp_enceph",1.06322124814091
"5050","trajectory_group",4,75.6096987466659,6.47094619060788,0.166630238415719,"Human betaherpesvirus 5 (CMV).ea","comp_enceph",1.06322124814091
"5051","<none>",NA,29.4067345205448,NA,NA,"Human betaherpesvirus 5 (CMV).ea","comp_othneuro",-1.02404527677052
"5052","binary",1,27.4067345205737,0.0000000000289581691959029,0.999995706360159,"Human betaherpesvirus 5 (CMV).ea","comp_othneuro",-1.02404527677052
"5053","sex",1,29.9937227042392,2.5869881836944,0.107745041778993,"Human betaherpesvirus 5 (CMV).ea","comp_othneuro",-1.02404527677052
"5054","discretized_admit_age_quantile",4,24.5541707905296,3.14743626998481,0.533462481203735,"Human betaherpesvirus 5 (CMV).ea","comp_othneuro",-1.02404527677052
"5055","trajectory_group",4,21.4067345210209,0.000000000476067185672946,1,"Human betaherpesvirus 5 (CMV).ea","comp_othneuro",-1.02404527677052
"5056","<none>",NA,88.876294015466,NA,NA,"Human betaherpesvirus 5 (CMV).ea","comp_hypergly",1.2342176518253
"5057","binary",1,87.6649803165662,0.788686301100199,0.37449765499403,"Human betaherpesvirus 5 (CMV).ea","comp_hypergly",1.2342176518253
"5058","sex",1,87.0862364866964,0.20994247123042,0.646812498193979,"Human betaherpesvirus 5 (CMV).ea","comp_hypergly",1.2342176518253
"5059","discretized_admit_age_quantile",4,85.5830242025518,4.70673018708578,0.318733245716561,"Human betaherpesvirus 5 (CMV).ea","comp_hypergly",1.2342176518253
"5060","trajectory_group",4,88.7152237997989,7.8389297843329,0.0976598135688603,"Human betaherpesvirus 5 (CMV).ea","comp_hypergly",1.2342176518253
"5061","<none>",NA,27.8190850137517,NA,NA,"Human betaherpesvirus 5 (CMV).ea","comp_psych",0.291742085829973
"5062","binary",1,25.8190850137548,0.00000000000310862446895044,0.999998593226457,"Human betaherpesvirus 5 (CMV).ea","comp_psych",0.291742085829973
"5063","sex",1,25.8190850140222,0.000000000270478750508119,0.999986877800468,"Human betaherpesvirus 5 (CMV).ea","comp_psych",0.291742085829973
"5064","discretized_admit_age_quantile",4,19.819085013924,0.000000000172331482417576,1,"Human betaherpesvirus 5 (CMV).ea","comp_psych",0.291742085829973
"5065","trajectory_group",4,24.0088507618157,4.18976574806403,0.380932603874769,"Human betaherpesvirus 5 (CMV).ea","comp_psych",0.291742085829973
"5066","<none>",NA,27.9506724509664,NA,NA,"Human betaherpesvirus 5 (CMV).ea","comp_gastroent",-10.4578396267534
"5067","binary",1,25.9732063928979,0.0225339419314778,0.88067538705224,"Human betaherpesvirus 5 (CMV).ea","comp_gastroent",-10.4578396267534
"5068","sex",1,30.896291329223,4.94561887825657,0.0261568727309971,"Human betaherpesvirus 5 (CMV).ea","comp_gastroent",-10.4578396267534
"5069","discretized_admit_age_quantile",4,24.5541707904961,4.60349833952965,0.330451033249214,"Human betaherpesvirus 5 (CMV).ea","comp_gastroent",-10.4578396267534
"5070","trajectory_group",4,23.6064145908882,3.65574213992177,0.4545956604367,"Human betaherpesvirus 5 (CMV).ea","comp_gastroent",-10.4578396267534
"5071","<none>",NA,222.366773804155,NA,NA,"Human gammaherpesvirus 4 (EBV).ea","comorb_htn",1.15050171289386
"5072","binary",1,222.770286812266,2.40351300811156,0.121063111810192,"Human gammaherpesvirus 4 (EBV).ea","comorb_htn",1.15050171289386
"5073","sex",1,220.637044541472,0.270270737317816,0.60315021724355,"Human gammaherpesvirus 4 (EBV).ea","comorb_htn",1.15050171289386
"5074","discretized_admit_age_quantile",4,221.09335357248,6.72657976832559,0.151062208414408,"Human gammaherpesvirus 4 (EBV).ea","comorb_htn",1.15050171289386
"5075","trajectory_group",4,218.674016639606,4.3072428354514,0.366019023990239,"Human gammaherpesvirus 4 (EBV).ea","comorb_htn",1.15050171289386
"5076","<none>",NA,235.406953888052,NA,NA,"Human gammaherpesvirus 4 (EBV).ea","comorb_isaric_dm",0.573854202166867
"5077","binary",1,234.185767800814,0.778813912761706,0.377504133032719,"Human gammaherpesvirus 4 (EBV).ea","comorb_isaric_dm",0.573854202166867
"5078","sex",1,233.748368733206,0.341414845153736,0.559013682795097,"Human gammaherpesvirus 4 (EBV).ea","comorb_isaric_dm",0.573854202166867
"5079","discretized_admit_age_quantile",4,230.543501581272,3.13654769321934,0.535240110348213,"Human gammaherpesvirus 4 (EBV).ea","comorb_isaric_dm",0.573854202166867
"5080","trajectory_group",4,229.276093277055,1.86913938900264,0.759811598721395,"Human gammaherpesvirus 4 (EBV).ea","comorb_isaric_dm",0.573854202166867
"5081","<none>",NA,175.555932610469,NA,NA,"Human gammaherpesvirus 4 (EBV).ea","comorb_anyresp_noasthma",0.572282834396518
"5082","binary",1,174.19358994032,0.637657329850953,0.424560387211799,"Human gammaherpesvirus 4 (EBV).ea","comorb_anyresp_noasthma",0.572282834396518
"5083","sex",1,173.619626111991,0.0636935015211577,0.800750669355128,"Human gammaherpesvirus 4 (EBV).ea","comorb_anyresp_noasthma",0.572282834396518
"5084","discretized_admit_age_quantile",4,172.600914315674,5.04498170520449,0.282713154229456,"Human gammaherpesvirus 4 (EBV).ea","comorb_anyresp_noasthma",0.572282834396518
"5085","trajectory_group",4,174.222662437662,6.66672982719223,0.154583549232654,"Human gammaherpesvirus 4 (EBV).ea","comorb_anyresp_noasthma",0.572282834396518
"5086","<none>",NA,137.398282392037,NA,NA,"Human gammaherpesvirus 4 (EBV).ea","comorb_isaric_asthma",1.72367637436631
"5087","binary",1,140.076570712803,4.67828832076603,0.0305461703277639,"Human gammaherpesvirus 4 (EBV).ea","comorb_isaric_asthma",1.72367637436631
"5088","sex",1,141.733849091175,6.33556669913753,0.0118340299150102,"Human gammaherpesvirus 4 (EBV).ea","comorb_isaric_asthma",1.72367637436631
"5089","discretized_admit_age_quantile",4,141.528157064454,12.129874672417,0.0164111681736303,"Human gammaherpesvirus 4 (EBV).ea","comorb_isaric_asthma",1.72367637436631
"5090","trajectory_group",4,131.707781865639,2.30949947360202,0.67904006219508,"Human gammaherpesvirus 4 (EBV).ea","comorb_isaric_asthma",1.72367637436631
"5091","<none>",NA,163.510419087612,NA,NA,"Human gammaherpesvirus 4 (EBV).ea","comorb_isaric_cardiac",1.26199946247326
"5092","binary",1,164.667059392162,3.15664030454923,0.07561865863702,"Human gammaherpesvirus 4 (EBV).ea","comorb_isaric_cardiac",1.26199946247326
"5093","sex",1,166.159386669343,4.64896758173049,0.0310722302074143,"Human gammaherpesvirus 4 (EBV).ea","comorb_isaric_cardiac",1.26199946247326
"5094","discretized_admit_age_quantile",4,167.991139486188,12.4807203985759,0.0141125720679421,"Human gammaherpesvirus 4 (EBV).ea","comorb_isaric_cardiac",1.26199946247326
"5095","trajectory_group",4,156.925887435549,1.41546834793681,0.84150213639185,"Human gammaherpesvirus 4 (EBV).ea","comorb_isaric_cardiac",1.26199946247326
"5096","<none>",NA,136.359752325337,NA,NA,"Human gammaherpesvirus 4 (EBV).ea","comorb_isaric_ckd",1.47770775521776
"5097","binary",1,137.964061445333,3.60430911999606,0.0576300096594635,"Human gammaherpesvirus 4 (EBV).ea","comorb_isaric_ckd",1.47770775521776
"5098","sex",1,136.251424145706,1.8916718203684,0.169013477364792,"Human gammaherpesvirus 4 (EBV).ea","comorb_isaric_ckd",1.47770775521776
"5099","discretized_admit_age_quantile",4,130.379296599112,2.0195442737747,0.73216397102368,"Human gammaherpesvirus 4 (EBV).ea","comorb_isaric_ckd",1.47770775521776
"5100","trajectory_group",4,130.255196597264,1.89544427192644,0.754981841064172,"Human gammaherpesvirus 4 (EBV).ea","comorb_isaric_ckd",1.47770775521776
"5101","<none>",NA,79.3023500431649,NA,NA,"Human gammaherpesvirus 4 (EBV).ea","comorb_isaric_neoplasm",1.46549208772096
"5102","binary",1,79.3631008864009,2.06075084323595,0.151135683267373,"Human gammaherpesvirus 4 (EBV).ea","comorb_isaric_neoplasm",1.46549208772096
"5103","sex",1,79.9102684220704,2.60791837890542,0.106331254571329,"Human gammaherpesvirus 4 (EBV).ea","comorb_isaric_neoplasm",1.46549208772096
"5104","discretized_admit_age_quantile",4,79.4285821434213,8.12623210025636,0.0870620726336379,"Human gammaherpesvirus 4 (EBV).ea","comorb_isaric_neoplasm",1.46549208772096
"5105","trajectory_group",4,80.2133770382818,8.91102699511684,0.0633622671973904,"Human gammaherpesvirus 4 (EBV).ea","comorb_isaric_neoplasm",1.46549208772096
"5106","<none>",NA,137.092111131398,NA,NA,"Human gammaherpesvirus 4 (EBV).ea","comorb_neuro",0.505195069575975
"5107","binary",1,135.381173584239,0.289062452841193,0.590821959806827,"Human gammaherpesvirus 4 (EBV).ea","comorb_neuro",0.505195069575975
"5108","sex",1,135.197699542056,0.105588410657845,0.745223679258632,"Human gammaherpesvirus 4 (EBV).ea","comorb_neuro",0.505195069575975
"5109","discretized_admit_age_quantile",4,133.278414887969,4.18630375657096,0.381379139479008,"Human gammaherpesvirus 4 (EBV).ea","comorb_neuro",0.505195069575975
"5110","trajectory_group",4,131.688384092304,2.59627296090616,0.627483494556134,"Human gammaherpesvirus 4 (EBV).ea","comorb_neuro",0.505195069575975
"5111","<none>",NA,104.985979642636,NA,NA,"Human gammaherpesvirus 4 (EBV).ea","comorb_isaric_liver",1.52670959701862
"5112","binary",1,106.219958032178,3.23397838954159,0.0721252743565457,"Human gammaherpesvirus 4 (EBV).ea","comorb_isaric_liver",1.52670959701862
"5113","sex",1,102.993076130299,0.00709648766247994,0.932865096411244,"Human gammaherpesvirus 4 (EBV).ea","comorb_isaric_liver",1.52670959701862
"5114","discretized_admit_age_quantile",4,100.087063733804,3.10108409116789,0.54105402589087,"Human gammaherpesvirus 4 (EBV).ea","comorb_isaric_liver",1.52670959701862
"5115","trajectory_group",4,98.4983031396686,1.51232349703206,0.82445629552522,"Human gammaherpesvirus 4 (EBV).ea","comorb_isaric_liver",1.52670959701862
"5116","<none>",NA,73.7822434389933,NA,NA,"Human gammaherpesvirus 4 (EBV).ea","comorb_hxtrans",1.59349476567738
"5117","binary",1,72.7787393630888,0.996495924095484,0.318159879780899,"Human gammaherpesvirus 4 (EBV).ea","comorb_hxtrans",1.59349476567738
"5118","sex",1,72.4480595976664,0.665816158673096,0.414514098616187,"Human gammaherpesvirus 4 (EBV).ea","comorb_hxtrans",1.59349476567738
"5119","discretized_admit_age_quantile",4,66.1579433024945,0.375699863501211,0.984417642181899,"Human gammaherpesvirus 4 (EBV).ea","comorb_hxtrans",1.59349476567738
"5120","trajectory_group",4,72.3215548822778,6.53931144328445,0.162330235988558,"Human gammaherpesvirus 4 (EBV).ea","comorb_hxtrans",1.59349476567738
"5121","<none>",NA,30.7019941481486,NA,NA,"Human gammaherpesvirus 4 (EBV).ea","comorb_hiv2",-20.963101564898
"5122","binary",1,29.0509237050038,0.348929556855165,0.554719708293658,"Human gammaherpesvirus 4 (EBV).ea","comorb_hiv2",-20.963101564898
"5123","sex",1,31.2486226116543,2.54662846350568,0.11052989694713,"Human gammaherpesvirus 4 (EBV).ea","comorb_hiv2",-20.963101564898
"5124","discretized_admit_age_quantile",4,24.768684764007,2.06669061585835,0.723494064879446,"Human gammaherpesvirus 4 (EBV).ea","comorb_hiv2",-20.963101564898
"5125","trajectory_group",4,23.6064145909392,0.904420442790602,0.923925780318626,"Human gammaherpesvirus 4 (EBV).ea","comorb_hiv2",-20.963101564898
"5126","<none>",NA,190.947297396368,NA,NA,"Human gammaherpesvirus 4 (EBV).ea","comorb_eversmkvape",-0.794275922640274
"5127","binary",1,189.973173113432,1.02587571706411,0.311129315441927,"Human gammaherpesvirus 4 (EBV).ea","comorb_eversmkvape",-0.794275922640274
"5128","sex",1,189.415791996056,0.468494599688228,0.493680539449528,"Human gammaherpesvirus 4 (EBV).ea","comorb_eversmkvape",-0.794275922640274
"5129","discretized_admit_age_quantile",4,190.156601801447,7.20930440507959,0.125232275533859,"Human gammaherpesvirus 4 (EBV).ea","comorb_eversmkvape",-0.794275922640274
"5130","trajectory_group",4,190.776973242066,7.82967584569849,0.0980204502739757,"Human gammaherpesvirus 4 (EBV).ea","comorb_eversmkvape",-0.794275922640274
"5131","<none>",NA,75.2895691919233,NA,NA,"Human gammaherpesvirus 4 (EBV).ea","comorb_anysubstance",0.972779130519409
"5132","binary",1,73.8492291372315,0.559659945308127,0.45439728821126,"Human gammaherpesvirus 4 (EBV).ea","comorb_anysubstance",0.972779130519409
"5133","sex",1,74.3464649113297,1.05689571940638,0.303924268668373,"Human gammaherpesvirus 4 (EBV).ea","comorb_anysubstance",0.972779130519409
"5134","discretized_admit_age_quantile",4,69.8056855602232,2.51611636829985,0.641752251570392,"Human gammaherpesvirus 4 (EBV).ea","comorb_anysubstance",0.972779130519409
"5135","trajectory_group",4,73.7907776724588,6.50120848053542,0.164714255161741,"Human gammaherpesvirus 4 (EBV).ea","comorb_anysubstance",0.972779130519409
"5136","<none>",NA,87.2920633789941,NA,NA,"Human gammaherpesvirus 4 (EBV).ea","comorb_count",-0.570863940014086
"5137","binary",1,85.4999733629643,0.207909983970225,0.648410492195317,"Human gammaherpesvirus 4 (EBV).ea","comorb_count",-0.570863940014086
"5138","sex",1,87.5010684881407,2.2090051091466,0.137207131843017,"Human gammaherpesvirus 4 (EBV).ea","comorb_count",-0.570863940014086
"5139","discretized_admit_age_quantile",4,81.117373316697,1.82530993770287,0.767848634349004,"Human gammaherpesvirus 4 (EBV).ea","comorb_count",-0.570863940014086
"5140","trajectory_group",4,80.5737917283188,1.28172834932468,0.864467874065551,"Human gammaherpesvirus 4 (EBV).ea","comorb_count",-0.570863940014086
"5141","<none>",NA,87.2920633789941,NA,NA,"Human gammaherpesvirus 4 (EBV).ea","comorb_countcat",-0.570863940014086
"5142","binary",1,85.4999733629643,0.207909983970225,0.648410492195317,"Human gammaherpesvirus 4 (EBV).ea","comorb_countcat",-0.570863940014086
"5143","sex",1,87.5010684881407,2.2090051091466,0.137207131843017,"Human gammaherpesvirus 4 (EBV).ea","comorb_countcat",-0.570863940014086
"5144","discretized_admit_age_quantile",4,81.117373316697,1.82530993770287,0.767848634349004,"Human gammaherpesvirus 4 (EBV).ea","comorb_countcat",-0.570863940014086
"5145","trajectory_group",4,80.5737917283188,1.28172834932468,0.864467874065551,"Human gammaherpesvirus 4 (EBV).ea","comorb_countcat",-0.570863940014086
"5146","<none>",NA,166.221138513552,NA,NA,"Human gammaherpesvirus 4 (EBV).ea","timesymptomcat",0.146398351015271
"5147","binary",1,164.252146521357,0.0310080078041608,0.860222523851295,"Human gammaherpesvirus 4 (EBV).ea","timesymptomcat",0.146398351015271
"5148","sex",1,166.212363759667,1.99122524611479,0.158212828050406,"Human gammaherpesvirus 4 (EBV).ea","timesymptomcat",0.146398351015271
"5149","discretized_admit_age_quantile",4,163.654890503461,5.43375198990844,0.245614396737321,"Human gammaherpesvirus 4 (EBV).ea","timesymptomcat",0.146398351015271
"5150","trajectory_group",4,162.086334389991,3.86519587643866,0.424556901040976,"Human gammaherpesvirus 4 (EBV).ea","timesymptomcat",0.146398351015271
"5151","<none>",NA,122.119513941416,NA,NA,"Human gammaherpesvirus 4 (EBV).ea","symptom_allresp",17.3231971785209
"5152","binary",1,122.312824413548,2.19331047213144,0.138611119304277,"Human gammaherpesvirus 4 (EBV).ea","symptom_allresp",17.3231971785209
"5153","sex",1,120.126102207116,0.00658826569998894,0.935308242614753,"Human gammaherpesvirus 4 (EBV).ea","symptom_allresp",17.3231971785209
"5154","discretized_admit_age_quantile",4,116.991107838104,2.87159389668763,0.579538630579816,"Human gammaherpesvirus 4 (EBV).ea","symptom_allresp",17.3231971785209
"5155","trajectory_group",4,119.170209292953,5.05069535153697,0.282135278254915,"Human gammaherpesvirus 4 (EBV).ea","symptom_allresp",17.3231971785209
"5156","<none>",NA,215.579544161061,NA,NA,"Human gammaherpesvirus 4 (EBV).ea","symptom_cough",1.4846673833776
"5157","binary",1,216.813636659563,3.23409249850189,0.0721202498252821,"Human gammaherpesvirus 4 (EBV).ea","symptom_cough",1.4846673833776
"5158","sex",1,213.581185902266,0.00164174120450866,0.967679833423934,"Human gammaherpesvirus 4 (EBV).ea","symptom_cough",1.4846673833776
"5159","discretized_admit_age_quantile",4,213.841895738921,6.26235157786024,0.180393675924529,"Human gammaherpesvirus 4 (EBV).ea","symptom_cough",1.4846673833776
"5160","trajectory_group",4,212.677162296506,5.09761813544475,0.277427124583019,"Human gammaherpesvirus 4 (EBV).ea","symptom_cough",1.4846673833776
"5161","<none>",NA,113.566592739361,NA,NA,"Human gammaherpesvirus 4 (EBV).ea","symptom_cough_prod",-18.273854440194
"5162","binary",1,113.949730579932,2.38313784057114,0.122650966645002,"Human gammaherpesvirus 4 (EBV).ea","symptom_cough_prod",-18.273854440194
"5163","sex",1,111.581694012977,0.0151012736166649,0.902196390487975,"Human gammaherpesvirus 4 (EBV).ea","symptom_cough_prod",-18.273854440194
"5164","discretized_admit_age_quantile",4,106.740862377906,1.17426963854571,0.882316513016712,"Human gammaherpesvirus 4 (EBV).ea","symptom_cough_prod",-18.273854440194
"5165","trajectory_group",4,110.760898310709,5.19430557134815,0.26793519269907,"Human gammaherpesvirus 4 (EBV).ea","symptom_cough_prod",-18.273854440194
"5166","<none>",NA,32.4861613064519,NA,NA,"Human gammaherpesvirus 4 (EBV).ea","symptom_haemoptysis",-19.44707573663
"5167","binary",1,30.6691462047773,0.182984898325429,0.668820516323857,"Human gammaherpesvirus 4 (EBV).ea","symptom_haemoptysis",-19.44707573663
"5168","sex",1,30.972433027153,0.486271720701129,0.485595134922127,"Human gammaherpesvirus 4 (EBV).ea","symptom_haemoptysis",-19.44707573663
"5169","discretized_admit_age_quantile",4,25.7876936340965,1.30153232764457,0.861115495898668,"Human gammaherpesvirus 4 (EBV).ea","symptom_haemoptysis",-19.44707573663
"5170","trajectory_group",4,25.1911269049845,0.704965598532628,0.950715152639378,"Human gammaherpesvirus 4 (EBV).ea","symptom_haemoptysis",-19.44707573663
"5171","<none>",NA,91.6442318706379,NA,NA,"Human gammaherpesvirus 4 (EBV).ea","symptom_sorethroat",0.0294545993302455
"5172","binary",1,89.6448272372116,0.000595366573776346,0.980533440877115,"Human gammaherpesvirus 4 (EBV).ea","symptom_sorethroat",0.0294545993302455
"5173","sex",1,90.377326357592,0.733094486954158,0.391881980120674,"Human gammaherpesvirus 4 (EBV).ea","symptom_sorethroat",0.0294545993302455
"5174","discretized_admit_age_quantile",4,86.7733878827445,3.12915601210665,0.536448850322737,"Human gammaherpesvirus 4 (EBV).ea","symptom_sorethroat",0.0294545993302455
"5175","trajectory_group",4,84.849586491289,1.20535462065112,0.877216229993751,"Human gammaherpesvirus 4 (EBV).ea","symptom_sorethroat",0.0294545993302455
"5176","<none>",NA,91.0331861960722,NA,NA,"Human gammaherpesvirus 4 (EBV).ea","symptom_rhinorrhea",0.183735716791865
"5177","binary",1,89.0584535888491,0.0252673927769109,0.873702591122329,"Human gammaherpesvirus 4 (EBV).ea","symptom_rhinorrhea",0.183735716791865
"5178","sex",1,91.758263380956,2.72507718488382,0.0987833460104818,"Human gammaherpesvirus 4 (EBV).ea","symptom_rhinorrhea",0.183735716791865
"5179","discretized_admit_age_quantile",4,85.8973341670947,2.86414797102248,0.580811160339254,"Human gammaherpesvirus 4 (EBV).ea","symptom_rhinorrhea",0.183735716791865
"5180","trajectory_group",4,84.9679096519883,1.93472345591606,0.747763664743699,"Human gammaherpesvirus 4 (EBV).ea","symptom_rhinorrhea",0.183735716791865
"5181","<none>",NA,97.1323369671075,NA,NA,"Human gammaherpesvirus 4 (EBV).ea","symptom_wheeze",0.478926279219055
"5182","binary",1,95.2937562727763,0.161419305668858,0.687853144304652,"Human gammaherpesvirus 4 (EBV).ea","symptom_wheeze",0.478926279219055
"5183","sex",1,95.5167347423034,0.384397775195893,0.53525896818199,"Human gammaherpesvirus 4 (EBV).ea","symptom_wheeze",0.478926279219055
"5184","discretized_admit_age_quantile",4,99.1896802329692,10.0573432658617,0.0394727412788445,"Human gammaherpesvirus 4 (EBV).ea","symptom_wheeze",0.478926279219055
"5185","trajectory_group",4,90.0409816057006,0.908644638593088,0.923317342596306,"Human gammaherpesvirus 4 (EBV).ea","symptom_wheeze",0.478926279219055
"5186","<none>",NA,165.527401499014,NA,NA,"Human gammaherpesvirus 4 (EBV).ea","symptom_chestpain",0.681139746775531
"5187","binary",1,164.301833129038,0.774431630023457,0.378849574009612,"Human gammaherpesvirus 4 (EBV).ea","symptom_chestpain",0.681139746775531
"5188","sex",1,166.416744829093,2.88934333007944,0.0891672624874104,"Human gammaherpesvirus 4 (EBV).ea","symptom_chestpain",0.681139746775531
"5189","discretized_admit_age_quantile",4,165.343253808149,7.81585230913541,0.0985614888027305,"Human gammaherpesvirus 4 (EBV).ea","symptom_chestpain",0.681139746775531
"5190","trajectory_group",4,163.628777239389,6.10137574037455,0.191704307534063,"Human gammaherpesvirus 4 (EBV).ea","symptom_chestpain",0.681139746775531
"5191","<none>",NA,177.664799223696,NA,NA,"Human gammaherpesvirus 4 (EBV).ea","symptom_dyspnea",1.15550445706949
"5192","binary",1,177.16447538257,1.4996761588738,0.220721196887422,"Human gammaherpesvirus 4 (EBV).ea","symptom_dyspnea",1.15550445706949
"5193","sex",1,176.270288177318,0.60548895362129,0.436491372181503,"Human gammaherpesvirus 4 (EBV).ea","symptom_dyspnea",1.15550445706949
"5194","discretized_admit_age_quantile",4,171.516309338375,1.85151011467886,0.763046024610999,"Human gammaherpesvirus 4 (EBV).ea","symptom_dyspnea",1.15550445706949
"5195","trajectory_group",4,180.553498264876,10.8886990411801,0.0278437760968205,"Human gammaherpesvirus 4 (EBV).ea","symptom_dyspnea",1.15550445706949
"5196","<none>",NA,30.5016594847319,NA,NA,"Human gammaherpesvirus 4 (EBV).ea","symptom_earpain",-1.22718769244863
"5197","binary",1,28.5016594847699,0.0000000000380424580725958,0.999995078762249,"Human gammaherpesvirus 4 (EBV).ea","symptom_earpain",-1.22718769244863
"5198","sex",1,30.6997055727058,2.19804608797394,0.13818579817906,"Human gammaherpesvirus 4 (EBV).ea","symptom_earpain",-1.22718769244863
"5199","discretized_admit_age_quantile",4,24.7686847639707,2.2670252792388,0.686778886943193,"Human gammaherpesvirus 4 (EBV).ea","symptom_earpain",-1.22718769244863
"5200","trajectory_group",4,23.6064145910961,1.10475510636423,0.893517023284475,"Human gammaherpesvirus 4 (EBV).ea","symptom_earpain",-1.22718769244863
"5201","<none>",NA,224.808830932288,NA,NA,"Human gammaherpesvirus 4 (EBV).ea","symptom_allsyst",-0.648985107209367
"5202","binary",1,223.81068322892,1.00185229663202,0.316862721021927,"Human gammaherpesvirus 4 (EBV).ea","symptom_allsyst",-0.648985107209367
"5203","sex",1,222.849879062286,0.0410481299987282,0.839445047143332,"Human gammaherpesvirus 4 (EBV).ea","symptom_allsyst",-0.648985107209367
"5204","discretized_admit_age_quantile",4,218.083040013467,1.27420908117941,0.865735899247146,"Human gammaherpesvirus 4 (EBV).ea","symptom_allsyst",-0.648985107209367
"5205","trajectory_group",4,220.403361237616,3.59453030532816,0.46365110244456,"Human gammaherpesvirus 4 (EBV).ea","symptom_allsyst",-0.648985107209367
"5206","<none>",NA,227.144750084456,NA,NA,"Human gammaherpesvirus 4 (EBV).ea","symptom_fever",-0.210262255843655
"5207","binary",1,225.236726289763,0.091976205306338,0.761679694044472,"Human gammaherpesvirus 4 (EBV).ea","symptom_fever",-0.210262255843655
"5208","sex",1,226.237550695543,1.09280061108711,0.295851516055929,"Human gammaherpesvirus 4 (EBV).ea","symptom_fever",-0.210262255843655
"5209","discretized_admit_age_quantile",4,221.975547442366,2.83079735790955,0.586528322690695,"Human gammaherpesvirus 4 (EBV).ea","symptom_fever",-0.210262255843655
"5210","trajectory_group",4,224.371383782206,5.2266336977498,0.264823767199637,"Human gammaherpesvirus 4 (EBV).ea","symptom_fever",-0.210262255843655
"5211","<none>",NA,154.335119352986,NA,NA,"Human gammaherpesvirus 4 (EBV).ea","symptom_chills",0.268258782782608
"5212","binary",1,152.426823913708,0.0917045607217801,0.762021241862121,"Human gammaherpesvirus 4 (EBV).ea","symptom_chills",0.268258782782608
"5213","sex",1,152.405378850536,0.0702594975495856,0.790959326216495,"Human gammaherpesvirus 4 (EBV).ea","symptom_chills",0.268258782782608
"5214","discretized_admit_age_quantile",4,150.087013591297,3.75189423831068,0.440623254691447,"Human gammaherpesvirus 4 (EBV).ea","symptom_chills",0.268258782782608
"5215","trajectory_group",4,149.554527996235,3.21940864324893,0.521801833002244,"Human gammaherpesvirus 4 (EBV).ea","symptom_chills",0.268258782782608
"5216","<none>",NA,40.3894687192378,NA,NA,"Human gammaherpesvirus 4 (EBV).ea","symptom_shaking",-20.3999594657663
"5217","binary",1,38.8093362100551,0.419867490817296,0.517003171170181,"Human gammaherpesvirus 4 (EBV).ea","symptom_shaking",-20.3999594657663
"5218","sex",1,39.9483281872549,1.55885946801713,0.211832294236458,"Human gammaherpesvirus 4 (EBV).ea","symptom_shaking",-20.3999594657663
"5219","discretized_admit_age_quantile",4,33.9248025715198,1.53533385228201,0.820364627509298,"Human gammaherpesvirus 4 (EBV).ea","symptom_shaking",-20.3999594657663
"5220","trajectory_group",4,34.2867022579159,1.8972335386781,0.7546531814974,"Human gammaherpesvirus 4 (EBV).ea","symptom_shaking",-20.3999594657663
"5221","<none>",NA,209.113541191173,NA,NA,"Human gammaherpesvirus 4 (EBV).ea","symptom_fatigue",-1.87746792438665
"5222","binary",1,211.75431939785,4.64077820667643,0.0312208419246855,"Human gammaherpesvirus 4 (EBV).ea","symptom_fatigue",-1.87746792438665
"5223","sex",1,207.172566314366,0.059025123192356,0.808043460557531,"Human gammaherpesvirus 4 (EBV).ea","symptom_fatigue",-1.87746792438665
"5224","discretized_admit_age_quantile",4,209.03235407018,7.91881287900668,0.0945978646695607,"Human gammaherpesvirus 4 (EBV).ea","symptom_fatigue",-1.87746792438665
"5225","trajectory_group",4,203.409154940871,2.29561374969742,0.681567755585303,"Human gammaherpesvirus 4 (EBV).ea","symptom_fatigue",-1.87746792438665
"5226","<none>",NA,126.419589464378,NA,NA,"Human gammaherpesvirus 4 (EBV).ea","symptom_myalgia",0.0827618334821552
"5227","binary",1,124.424953299043,0.00536383466504731,0.941616564846994,"Human gammaherpesvirus 4 (EBV).ea","symptom_myalgia",0.0827618334821552
"5228","sex",1,126.892293793731,2.47270432935342,0.115838464902616,"Human gammaherpesvirus 4 (EBV).ea","symptom_myalgia",0.0827618334821552
"5229","discretized_admit_age_quantile",4,122.704046431828,4.28445696745081,0.36887544943124,"Human gammaherpesvirus 4 (EBV).ea","symptom_myalgia",0.0827618334821552
"5230","trajectory_group",4,120.701031950872,2.28144248649424,0.684149757616633,"Human gammaherpesvirus 4 (EBV).ea","symptom_myalgia",0.0827618334821552
"5231","<none>",NA,39.5046416777951,NA,NA,"Human gammaherpesvirus 4 (EBV).ea","symptom_lymphadenopathy",-18.473732877991
"5232","binary",1,37.6909832423369,0.186341564541806,0.665979105803638,"Human gammaherpesvirus 4 (EBV).ea","symptom_lymphadenopathy",-18.473732877991
"5233","sex",1,38.4798172214643,0.975175543669181,0.32339279627136,"Human gammaherpesvirus 4 (EBV).ea","symptom_lymphadenopathy",-18.473732877991
"5234","discretized_admit_age_quantile",4,35.0663565297406,3.56171485194555,0.468556719147612,"Human gammaherpesvirus 4 (EBV).ea","symptom_lymphadenopathy",-18.473732877991
"5235","trajectory_group",4,33.2980315910091,1.79338991321399,0.773691486088516,"Human gammaherpesvirus 4 (EBV).ea","symptom_lymphadenopathy",-18.473732877991
"5236","<none>",NA,198.759927284256,NA,NA,"Human gammaherpesvirus 4 (EBV).ea","symptom_allneuro",-1.6886845121461
"5237","binary",1,200.380248889803,3.62032160554654,0.0570778384710757,"Human gammaherpesvirus 4 (EBV).ea","symptom_allneuro",-1.6886845121461
"5238","sex",1,198.865888664616,2.10596138035999,0.146726100884627,"Human gammaherpesvirus 4 (EBV).ea","symptom_allneuro",-1.6886845121461
"5239","discretized_admit_age_quantile",4,202.226452302598,11.4665250183414,0.0217922100124349,"Human gammaherpesvirus 4 (EBV).ea","symptom_allneuro",-1.6886845121461
"5240","trajectory_group",4,196.961125648614,6.20119836435782,0.184618069488349,"Human gammaherpesvirus 4 (EBV).ea","symptom_allneuro",-1.6886845121461
"5241","<none>",NA,127.507082367862,NA,NA,"Human gammaherpesvirus 4 (EBV).ea","symptom_headache",-18.649286263752
"5242","binary",1,128.807872642041,3.30079027417949,0.0692465610572916,"Human gammaherpesvirus 4 (EBV).ea","symptom_headache",-18.649286263752
"5243","sex",1,127.607377148332,2.10029478047032,0.147270743570213,"Human gammaherpesvirus 4 (EBV).ea","symptom_headache",-18.649286263752
"5244","discretized_admit_age_quantile",4,128.631674726238,9.12459235837679,0.0580596020624565,"Human gammaherpesvirus 4 (EBV).ea","symptom_headache",-18.649286263752
"5245","trajectory_group",4,125.16689731184,5.65981494397835,0.226034682784037,"Human gammaherpesvirus 4 (EBV).ea","symptom_headache",-18.649286263752
"5246","<none>",NA,114.645568863565,NA,NA,"Human gammaherpesvirus 4 (EBV).ea","symptom_confusion",-0.295869562259672
"5247","binary",1,112.723180646027,0.077611782461787,0.780560322110841,"Human gammaherpesvirus 4 (EBV).ea","symptom_confusion",-0.295869562259672
"5248","sex",1,112.652791014605,0.00722215104067914,0.932274715232423,"Human gammaherpesvirus 4 (EBV).ea","symptom_confusion",-0.295869562259672
"5249","discretized_admit_age_quantile",4,119.98973006272,13.3441611991548,0.00971103164818638,"Human gammaherpesvirus 4 (EBV).ea","symptom_confusion",-0.295869562259672
"5250","trajectory_group",4,113.313031475588,6.66746261202275,0.15453998684718,"Human gammaherpesvirus 4 (EBV).ea","symptom_confusion",-0.295869562259672
"5251","<none>",NA,34.5492016920808,NA,NA,"Human gammaherpesvirus 4 (EBV).ea","symptom_syncope",-22.0128362101267
"5252","binary",1,33.4572550606088,0.908053368527938,0.340631445417694,"Human gammaherpesvirus 4 (EBV).ea","symptom_syncope",-22.0128362101267
"5253","sex",1,37.8757302028075,5.32652851072667,0.0210031792912642,"Human gammaherpesvirus 4 (EBV).ea","symptom_syncope",-22.0128362101267
"5254","discretized_admit_age_quantile",4,35.5821537901672,9.03295209808636,0.0602810920239933,"Human gammaherpesvirus 4 (EBV).ea","symptom_syncope",-22.0128362101267
"5255","trajectory_group",4,39.5051090384035,12.9559073463227,0.0114932601227005,"Human gammaherpesvirus 4 (EBV).ea","symptom_syncope",-22.0128362101267
"5256","<none>",NA,108.232279555626,NA,NA,"Human gammaherpesvirus 4 (EBV).ea","symptom_anosmia",-18.2137522479748
"5257","binary",1,108.264744563292,2.0324650076663,0.153970703986688,"Human gammaherpesvirus 4 (EBV).ea","symptom_anosmia",-18.2137522479748
"5258","sex",1,106.848408859302,0.616129303675876,0.432489308332675,"Human gammaherpesvirus 4 (EBV).ea","symptom_anosmia",-18.2137522479748
"5259","discretized_admit_age_quantile",4,102.037537846983,1.80525829135691,0.771520176563813,"Human gammaherpesvirus 4 (EBV).ea","symptom_anosmia",-18.2137522479748
"5260","trajectory_group",4,101.735319647262,1.50304009163582,0.82610281711222,"Human gammaherpesvirus 4 (EBV).ea","symptom_anosmia",-18.2137522479748
"5261","<none>",NA,199.554398153582,NA,NA,"Human gammaherpesvirus 4 (EBV).ea","symptom_allGI",-0.830985165101775
"5262","binary",1,198.736822951787,1.18242479820455,0.276862907156715,"Human gammaherpesvirus 4 (EBV).ea","symptom_allGI",-0.830985165101775
"5263","sex",1,200.485017798717,2.9306196451349,0.0869141277896604,"Human gammaherpesvirus 4 (EBV).ea","symptom_allGI",-0.830985165101775
"5264","discretized_admit_age_quantile",4,194.33190805234,2.77750989875841,0.595721108105213,"Human gammaherpesvirus 4 (EBV).ea","symptom_allGI",-0.830985165101775
"5265","trajectory_group",4,193.621382521261,2.066984367679,0.723440061759978,"Human gammaherpesvirus 4 (EBV).ea","symptom_allGI",-0.830985165101775
"5266","<none>",NA,98.287811774038,NA,NA,"Human gammaherpesvirus 4 (EBV).ea","symptom_abdpain",-16.4225665422093
"5267","binary",1,98.645633855299,2.35782208126095,0.124656115367019,"Human gammaherpesvirus 4 (EBV).ea","symptom_abdpain",-16.4225665422093
"5268","sex",1,97.5622072756552,1.27439550161716,0.258943703552056,"Human gammaherpesvirus 4 (EBV).ea","symptom_abdpain",-16.4225665422093
"5269","discretized_admit_age_quantile",4,93.1189860550733,2.8311742810353,0.586463550329874,"Human gammaherpesvirus 4 (EBV).ea","symptom_abdpain",-16.4225665422093
"5270","trajectory_group",4,92.4231771851074,2.13536541106943,0.710878186221731,"Human gammaherpesvirus 4 (EBV).ea","symptom_abdpain",-16.4225665422093
"5271","<none>",NA,139.213264846963,NA,NA,"Human gammaherpesvirus 4 (EBV).ea","symptom_nausea",0.318117993165676
"5272","binary",1,137.342091771536,0.128826924572422,0.719651437579405,"Human gammaherpesvirus 4 (EBV).ea","symptom_nausea",0.318117993165676
"5273","sex",1,138.803966661769,1.59070181480539,0.207225892723095,"Human gammaherpesvirus 4 (EBV).ea","symptom_nausea",0.318117993165676
"5274","discretized_admit_age_quantile",4,136.4859072797,5.27264243273652,0.260448873340397,"Human gammaherpesvirus 4 (EBV).ea","symptom_nausea",0.318117993165676
"5275","trajectory_group",4,132.495825668008,1.28256082104437,0.864327323585197,"Human gammaherpesvirus 4 (EBV).ea","symptom_nausea",0.318117993165676
"5276","<none>",NA,135.730205696988,NA,NA,"Human gammaherpesvirus 4 (EBV).ea","symptom_diarrhea",-18.0958568219688
"5277","binary",1,138.26133550879,4.5311298118022,0.0332836370855773,"Human gammaherpesvirus 4 (EBV).ea","symptom_diarrhea",-18.0958568219688
"5278","sex",1,134.003372397644,0.273166700656049,0.601215389817447,"Human gammaherpesvirus 4 (EBV).ea","symptom_diarrhea",-18.0958568219688
"5279","discretized_admit_age_quantile",4,132.289256225597,4.55905052860928,0.3356029249388,"Human gammaherpesvirus 4 (EBV).ea","symptom_diarrhea",-18.0958568219688
"5280","trajectory_group",4,130.171956537978,2.44175084099027,0.6550956858274,"Human gammaherpesvirus 4 (EBV).ea","symptom_diarrhea",-18.0958568219688
"5281","<none>",NA,36.5938620854638,NA,NA,"Human gammaherpesvirus 4 (EBV).ea","symptom_allderm",0.23257587535465
"5282","binary",1,34.5938620866693,0.0000000012055210163453,0.999972296958385,"Human gammaherpesvirus 4 (EBV).ea","symptom_allderm",0.23257587535465
"5283","sex",1,35.4027162171035,0.808854131639706,0.368459244002504,"Human gammaherpesvirus 4 (EBV).ea","symptom_allderm",0.23257587535465
"5284","discretized_admit_age_quantile",4,35.0611347816889,6.46727269622507,0.166864183887546,"Human gammaherpesvirus 4 (EBV).ea","symptom_allderm",0.23257587535465
"5285","trajectory_group",4,28.9920868851383,0.398224799674558,0.982621986622108,"Human gammaherpesvirus 4 (EBV).ea","symptom_allderm",0.23257587535465
"5286","<none>",NA,28.2382920271157,NA,NA,"Human gammaherpesvirus 4 (EBV).ea","symptom_skinrash",-22.2597340482445
"5287","binary",1,26.2382916207068,-0.000000406408879882747,1,"Human gammaherpesvirus 4 (EBV).ea","symptom_skinrash",-22.2597340482445
"5288","sex",1,30.1359255730665,3.89763354595081,0.0483541727735583,"Human gammaherpesvirus 4 (EBV).ea","symptom_skinrash",-22.2597340482445
"5289","discretized_admit_age_quantile",4,24.7686847640115,4.53039273689581,0.338958884352756,"Human gammaherpesvirus 4 (EBV).ea","symptom_skinrash",-22.2597340482445
"5290","trajectory_group",4,20.2367747916299,-0.0015172354857711,1,"Human gammaherpesvirus 4 (EBV).ea","symptom_skinrash",-22.2597340482445
"5291","<none>",NA,31.4813330924712,NA,NA,"Human gammaherpesvirus 4 (EBV).ea","symptom_skinulcer",-0.0224005112429121
"5292","binary",1,29.4813330924722,0.00000000000101962882581574,0.999999194322725,"Human gammaherpesvirus 4 (EBV).ea","symptom_skinulcer",-0.0224005112429121
"5293","sex",1,30.1359255730665,0.654592480595337,0.418475517421712,"Human gammaherpesvirus 4 (EBV).ea","symptom_skinulcer",-0.0224005112429121
"5294","discretized_admit_age_quantile",4,26.3640808767345,2.88274778426328,0.577635090645944,"Human gammaherpesvirus 4 (EBV).ea","symptom_skinulcer",-0.0224005112429121
"5295","trajectory_group",4,24.1359255728875,0.654592480416337,0.956808253930067,"Human gammaherpesvirus 4 (EBV).ea","symptom_skinulcer",-0.0224005112429121
"5296","<none>",NA,109.556060399547,NA,NA,"Human gammaherpesvirus 4 (EBV).ea","symptom_allother",1.35834962779553
"5297","binary",1,110.228669210052,2.67260881050439,0.10208855835667,"Human gammaherpesvirus 4 (EBV).ea","symptom_allother",1.35834962779553
"5298","sex",1,108.57235140125,1.01629100170315,0.313400412411717,"Human gammaherpesvirus 4 (EBV).ea","symptom_allother",1.35834962779553
"5299","discretized_admit_age_quantile",4,104.649776900079,3.09371650053215,0.542266495415584,"Human gammaherpesvirus 4 (EBV).ea","symptom_allother",1.35834962779553
"5300","trajectory_group",4,103.110072966286,1.55401256673908,0.817032669101746,"Human gammaherpesvirus 4 (EBV).ea","symptom_allother",1.35834962779553
"5301","<none>",NA,44.7548256093736,NA,NA,"Human gammaherpesvirus 4 (EBV).ea","symptom_arthralgia",-20.0802507931657
"5302","binary",1,43.6187158190637,0.863890209690084,0.352652329054498,"Human gammaherpesvirus 4 (EBV).ea","symptom_arthralgia",-20.0802507931657
"5303","sex",1,42.7563507464457,0.00152513707207191,0.968848130239351,"Human gammaherpesvirus 4 (EBV).ea","symptom_arthralgia",-20.0802507931657
"5304","discretized_admit_age_quantile",4,43.1776462238011,6.42282061442749,0.169718732683255,"Human gammaherpesvirus 4 (EBV).ea","symptom_arthralgia",-20.0802507931657
"5305","trajectory_group",4,38.437874417904,1.68304880853039,0.793794478002835,"Human gammaherpesvirus 4 (EBV).ea","symptom_arthralgia",-20.0802507931657
"5306","<none>",NA,53.0634661610216,NA,NA,"Human gammaherpesvirus 4 (EBV).ea","symptom_edema",3.04779405160286
"5307","binary",1,59.3003252562132,8.23685909519158,0.00410481049960739,"Human gammaherpesvirus 4 (EBV).ea","symptom_edema",3.04779405160286
"5308","sex",1,52.6540126419002,1.5905464808786,0.207248074327549,"Human gammaherpesvirus 4 (EBV).ea","symptom_edema",3.04779405160286
"5309","discretized_admit_age_quantile",4,47.2057977103541,2.14233154933251,0.709599785871761,"Human gammaherpesvirus 4 (EBV).ea","symptom_edema",3.04779405160286
"5310","trajectory_group",4,45.7906390060768,0.727172845055193,0.94793616226808,"Human gammaherpesvirus 4 (EBV).ea","symptom_edema",3.04779405160286
"5311","<none>",NA,73.2586332955179,NA,NA,"Human gammaherpesvirus 4 (EBV).ea","symptom_nonamb",-17.5352909845749
"5312","binary",1,72.3391561502112,1.08052285469333,0.29858061928782,"Human gammaherpesvirus 4 (EBV).ea","symptom_nonamb",-17.5352909845749
"5313","sex",1,72.1224872380211,0.863853942503141,0.352662435810497,"Human gammaherpesvirus 4 (EBV).ea","symptom_nonamb",-17.5352909845749
"5314","discretized_admit_age_quantile",4,70.1141010646433,4.85546776912537,0.302451448027552,"Human gammaherpesvirus 4 (EBV).ea","symptom_nonamb",-17.5352909845749
"5315","trajectory_group",4,67.0783762012524,1.81974290573447,0.768868354039503,"Human gammaherpesvirus 4 (EBV).ea","symptom_nonamb",-17.5352909845749
"5316","<none>",NA,206.864388065772,NA,NA,"Human gammaherpesvirus 4 (EBV).ea","ever_ever_esc",-0.106151747246515
"5317","binary",1,204.885141240096,0.0207531743243692,0.885453390042531,"Human gammaherpesvirus 4 (EBV).ea","ever_ever_esc",-0.106151747246515
"5318","sex",1,205.800987012494,0.936598946721602,0.333154043102068,"Human gammaherpesvirus 4 (EBV).ea","ever_ever_esc",-0.106151747246515
"5319","discretized_admit_age_quantile",4,208.431059332114,9.56667126634213,0.0483951818978453,"Human gammaherpesvirus 4 (EBV).ea","ever_ever_esc",-0.106151747246515
"5320","trajectory_group",4,207.243616108302,8.37922804252997,0.078633717433367,"Human gammaherpesvirus 4 (EBV).ea","ever_ever_esc",-0.106151747246515
"5321","<none>",NA,45.9228362987612,NA,NA,"Human gammaherpesvirus 4 (EBV).ea","ever_icu",18.6850739801307
"5322","binary",1,44.3684162429273,0.445579944166099,0.504441476790874,"Human gammaherpesvirus 4 (EBV).ea","ever_icu",18.6850739801307
"5323","sex",1,44.2239054129883,0.301069114227069,0.583212957233276,"Human gammaherpesvirus 4 (EBV).ea","ever_icu",18.6850739801307
"5324","discretized_admit_age_quantile",4,40.0429988966272,2.12016259786602,0.713669112871667,"Human gammaherpesvirus 4 (EBV).ea","ever_icu",18.6850739801307
"5325","trajectory_group",4,41.3098374841998,3.38700118543857,0.49526668222156,"Human gammaherpesvirus 4 (EBV).ea","ever_icu",18.6850739801307
"5326","<none>",NA,117.677231920736,NA,NA,"Human gammaherpesvirus 4 (EBV).ea","diedever",1.56017968047055
"5327","binary",1,119.162156878613,3.4849249578774,0.0619301691569889,"Human gammaherpesvirus 4 (EBV).ea","diedever",1.56017968047055
"5328","sex",1,116.063286951984,0.386055031248574,0.534380368312804,"Human gammaherpesvirus 4 (EBV).ea","diedever",1.56017968047055
"5329","discretized_admit_age_quantile",4,120.751554030334,11.0743221095983,0.0257413128702566,"Human gammaherpesvirus 4 (EBV).ea","diedever",1.56017968047055
"5330","trajectory_group",4,207.739202870138,98.0619709494018,0.0000000000000000000254303667470245,"Human gammaherpesvirus 4 (EBV).ea","diedever",1.56017968047055
"5331","<none>",NA,190.169651679574,NA,NA,"Human gammaherpesvirus 4 (EBV).ea","ever_remdes",2.00086663665502
"5332","binary",1,192.481719563602,4.31206788402775,0.0378429342357494,"Human gammaherpesvirus 4 (EBV).ea","ever_remdes",2.00086663665502
"5333","sex",1,188.904413335726,0.734761656152159,0.391344091130241,"Human gammaherpesvirus 4 (EBV).ea","ever_remdes",2.00086663665502
"5334","discretized_admit_age_quantile",4,184.025851076452,1.85619939687834,0.762185897725651,"Human gammaherpesvirus 4 (EBV).ea","ever_remdes",2.00086663665502
"5335","trajectory_group",4,195.576828669121,13.4071769895464,0.00944847207066021,"Human gammaherpesvirus 4 (EBV).ea","ever_remdes",2.00086663665502
"5336","<none>",NA,138.268365888723,NA,NA,"Human gammaherpesvirus 4 (EBV).ea","ever_steroids",0.401025358617741
"5337","binary",1,136.415739711495,0.147373822771954,0.701057767024173,"Human gammaherpesvirus 4 (EBV).ea","ever_steroids",0.401025358617741
"5338","sex",1,136.631085293093,0.362719404369955,0.5469998132488,"Human gammaherpesvirus 4 (EBV).ea","ever_steroids",0.401025358617741
"5339","discretized_admit_age_quantile",4,135.877329929626,5.60896404090352,0.230316191226448,"Human gammaherpesvirus 4 (EBV).ea","ever_steroids",0.401025358617741
"5340","trajectory_group",4,137.353085438549,7.0847195498265,0.131478344217081,"Human gammaherpesvirus 4 (EBV).ea","ever_steroids",0.401025358617741
"5341","<none>",NA,218.821432418729,NA,NA,"Human gammaherpesvirus 4 (EBV).ea","ever_azithro",0.134862442858044
"5342","binary",1,216.858343609851,0.0369111911212485,0.847645973278887,"Human gammaherpesvirus 4 (EBV).ea","ever_azithro",0.134862442858044
"5343","sex",1,217.202302659572,0.380870240842484,0.537137865814208,"Human gammaherpesvirus 4 (EBV).ea","ever_azithro",0.134862442858044
"5344","discretized_admit_age_quantile",4,212.099716344156,1.27828392542622,0.865049064876721,"Human gammaherpesvirus 4 (EBV).ea","ever_azithro",0.134862442858044
"5345","trajectory_group",4,218.191351847614,7.36991942888474,0.117583989366682,"Human gammaherpesvirus 4 (EBV).ea","ever_azithro",0.134862442858044
"5346","<none>",NA,90.4530297800883,NA,NA,"Human gammaherpesvirus 4 (EBV).ea","ever_otherabx",17.9068768476774
"5347","binary",1,90.1263435149667,1.67331373487835,0.195815274258188,"Human gammaherpesvirus 4 (EBV).ea","ever_otherabx",17.9068768476774
"5348","sex",1,91.3532119803995,2.90018220031121,0.0885695409085502,"Human gammaherpesvirus 4 (EBV).ea","ever_otherabx",17.9068768476774
"5349","discretized_admit_age_quantile",4,85.1497520663789,2.69672228629061,0.60978829210879,"Human gammaherpesvirus 4 (EBV).ea","ever_otherabx",17.9068768476774
"5350","trajectory_group",4,87.921047249684,5.46801746959571,0.242555106669956,"Human gammaherpesvirus 4 (EBV).ea","ever_otherabx",17.9068768476774
"5351","<none>",NA,125.724713485939,NA,NA,"Human gammaherpesvirus 4 (EBV).ea","ever_conplas",-1.27045594245958
"5352","binary",1,124.979601184384,1.25488769844455,0.262621002508364,"Human gammaherpesvirus 4 (EBV).ea","ever_conplas",-1.27045594245958
"5353","sex",1,124.824501256539,1.09978777059973,0.294312684499432,"Human gammaherpesvirus 4 (EBV).ea","ever_conplas",-1.27045594245958
"5354","discretized_admit_age_quantile",4,119.650750676886,1.92603719094664,0.749360421773134,"Human gammaherpesvirus 4 (EBV).ea","ever_conplas",-1.27045594245958
"5355","trajectory_group",4,122.195727267834,4.47101378189468,0.345998345530093,"Human gammaherpesvirus 4 (EBV).ea","ever_conplas",-1.27045594245958
"5356","<none>",NA,27.8190850137399,NA,NA,"Human gammaherpesvirus 4 (EBV).ea","ever_monoclonal",1.18377504834055
"5357","binary",1,25.8190850137548,0.0000000000149391610193561,0.999996916079559,"Human gammaherpesvirus 4 (EBV).ea","ever_monoclonal",1.18377504834055
"5358","sex",1,25.8190850140177,0.000000000277822209682199,0.999986700860484,"Human gammaherpesvirus 4 (EBV).ea","ever_monoclonal",1.18377504834055
"5359","discretized_admit_age_quantile",4,19.8190850139247,0.000000000184829929139596,1,"Human gammaherpesvirus 4 (EBV).ea","ever_monoclonal",1.18377504834055
"5360","trajectory_group",4,24.105801061429,4.2867160476891,0.368591475386812,"Human gammaherpesvirus 4 (EBV).ea","ever_monoclonal",1.18377504834055
"5361","<none>",NA,98.1152531954055,NA,NA,"Human gammaherpesvirus 4 (EBV).ea","ever_immsupp",-0.283748988808323
"5362","binary",1,96.1699437655831,0.0546905701775842,0.815093550387875,"Human gammaherpesvirus 4 (EBV).ea","ever_immsupp",-0.283748988808323
"5363","sex",1,98.501050358631,2.38579716322549,0.122442419172035,"Human gammaherpesvirus 4 (EBV).ea","ever_immsupp",-0.283748988808323
"5364","discretized_admit_age_quantile",4,93.3822762508758,3.26702305547033,0.514174081729042,"Human gammaherpesvirus 4 (EBV).ea","ever_immsupp",-0.283748988808323
"5365","trajectory_group",4,93.5840566997251,3.46880350431962,0.482637667335481,"Human gammaherpesvirus 4 (EBV).ea","ever_immsupp",-0.283748988808323
"5366","<none>",NA,48.9119092069597,NA,NA,"Human gammaherpesvirus 4 (EBV).ea","anycomp",22.5467875789761
"5367","binary",1,48.3941104827246,1.48220127576493,0.223430429650764,"Human gammaherpesvirus 4 (EBV).ea","anycomp",22.5467875789761
"5368","sex",1,47.5633331371916,0.6514239302319,0.419604046970951,"Human gammaherpesvirus 4 (EBV).ea","anycomp",22.5467875789761
"5369","discretized_admit_age_quantile",4,48.4013062547864,7.48939704782666,0.112177748065497,"Human gammaherpesvirus 4 (EBV).ea","anycomp",22.5467875789761
"5370","trajectory_group",4,51.5447087375383,10.6327995305786,0.0310160527823176,"Human gammaherpesvirus 4 (EBV).ea","anycomp",22.5467875789761
"5371","<none>",NA,48.9119092069597,NA,NA,"Human gammaherpesvirus 4 (EBV).ea","ncomp",22.5467875789761
"5372","binary",1,48.3941104827246,1.48220127576493,0.223430429650764,"Human gammaherpesvirus 4 (EBV).ea","ncomp",22.5467875789761
"5373","sex",1,47.5633331371916,0.6514239302319,0.419604046970951,"Human gammaherpesvirus 4 (EBV).ea","ncomp",22.5467875789761
"5374","discretized_admit_age_quantile",4,48.4013062547864,7.48939704782666,0.112177748065497,"Human gammaherpesvirus 4 (EBV).ea","ncomp",22.5467875789761
"5375","trajectory_group",4,51.5447087375383,10.6327995305786,0.0310160527823176,"Human gammaherpesvirus 4 (EBV).ea","ncomp",22.5467875789761
"5376","<none>",NA,48.6494699806706,NA,NA,"Human gammaherpesvirus 4 (EBV).ea","comp_seizure",-19.787679192206
"5377","binary",1,47.2004614754883,0.550991494817715,0.457912852691957,"Human gammaherpesvirus 4 (EBV).ea","comp_seizure",-19.787679192206
"5378","sex",1,48.9187827796412,2.2693127989706,0.131958403415284,"Human gammaherpesvirus 4 (EBV).ea","comp_seizure",-19.787679192206
"5379","discretized_admit_age_quantile",4,42.6934873392838,2.04401735861316,0.727662988189459,"Human gammaherpesvirus 4 (EBV).ea","comp_seizure",-19.787679192206
"5380","trajectory_group",4,40.9166666761191,0.267196695448433,0.991832143815387,"Human gammaherpesvirus 4 (EBV).ea","comp_seizure",-19.787679192206
"5381","<none>",NA,68.4738245594132,NA,NA,"Human gammaherpesvirus 4 (EBV).ea","comp_meningitis",0.661985456731559
"5382","binary",1,66.7488598965494,0.275035337136131,0.599973851734322,"Human gammaherpesvirus 4 (EBV).ea","comp_meningitis",0.661985456731559
"5383","sex",1,67.2439764496513,0.770151890238083,0.380170067968123,"Human gammaherpesvirus 4 (EBV).ea","comp_meningitis",0.661985456731559
"5384","discretized_admit_age_quantile",4,64.8644260131585,4.39060145374528,0.355717102741743,"Human gammaherpesvirus 4 (EBV).ea","comp_meningitis",0.661985456731559
"5385","trajectory_group",4,60.9988566142687,0.525032054855437,0.971018799074199,"Human gammaherpesvirus 4 (EBV).ea","comp_meningitis",0.661985456731559
"5386","<none>",NA,90.2351929477271,NA,NA,"Human gammaherpesvirus 4 (EBV).ea","comp_stroke",0.957103127445805
"5387","binary",1,89.2921617251153,1.05696877738824,0.303907556059827,"Human gammaherpesvirus 4 (EBV).ea","comp_stroke",0.957103127445805
"5388","sex",1,88.2653984176354,0.0302054699083243,0.862024837791562,"Human gammaherpesvirus 4 (EBV).ea","comp_stroke",0.957103127445805
"5389","discretized_admit_age_quantile",4,87.1644296984007,4.92923675067367,0.294635616112607,"Human gammaherpesvirus 4 (EBV).ea","comp_stroke",0.957103127445805
"5390","trajectory_group",4,83.1624129900232,0.927220042296142,0.920623592985846,"Human gammaherpesvirus 4 (EBV).ea","comp_stroke",0.957103127445805
"5391","<none>",NA,148.72928367305,NA,NA,"Human gammaherpesvirus 4 (EBV).ea","comp_afib",0.723358250880344
"5392","binary",1,147.604463486388,0.875179813337922,0.349525297337689,"Human gammaherpesvirus 4 (EBV).ea","comp_afib",0.723358250880344
"5393","sex",1,147.301558710984,0.57227503793473,0.449356290572586,"Human gammaherpesvirus 4 (EBV).ea","comp_afib",0.723358250880344
"5394","discretized_admit_age_quantile",4,143.300779484024,2.57149581097389,0.631880728255473,"Human gammaherpesvirus 4 (EBV).ea","comp_afib",0.723358250880344
"5395","trajectory_group",4,145.282100832791,4.55281715974121,0.336330590468926,"Human gammaherpesvirus 4 (EBV).ea","comp_afib",0.723358250880344
"5396","<none>",NA,123.72397689393,NA,NA,"Human gammaherpesvirus 4 (EBV).ea","comp_ventricular_arr",-0.0626717586496046
"5397","binary",1,121.727238511118,0.00326161718760432,0.954457116651441,"Human gammaherpesvirus 4 (EBV).ea","comp_ventricular_arr",-0.0626717586496046
"5398","sex",1,121.726125707625,0.00214881369484488,0.963027064850259,"Human gammaherpesvirus 4 (EBV).ea","comp_ventricular_arr",-0.0626717586496046
"5399","discretized_admit_age_quantile",4,118.256011617827,2.53203472389708,0.638908813008059,"Human gammaherpesvirus 4 (EBV).ea","comp_ventricular_arr",-0.0626717586496046
"5400","trajectory_group",4,116.65077848692,0.926801592989236,0.920684598602253,"Human gammaherpesvirus 4 (EBV).ea","comp_ventricular_arr",-0.0626717586496046
"5401","<none>",NA,31.0509237048032,NA,NA,"Human gammaherpesvirus 4 (EBV).ea","comp_myocard",-1.14831580005091
"5402","binary",1,29.0509237048129,0.00000000000970246105680417,0.999997514687434,"Human gammaherpesvirus 4 (EBV).ea","comp_myocard",-1.14831580005091
"5403","sex",1,29.8352979285011,0.784374223697913,0.37580667632827,"Human gammaherpesvirus 4 (EBV).ea","comp_myocard",-1.14831580005091
"5404","discretized_admit_age_quantile",4,24.7686847638783,1.71776105907518,0.787488832884958,"Human gammaherpesvirus 4 (EBV).ea","comp_myocard",-1.14831580005091
"5405","trajectory_group",4,25.4513384740673,2.40041476926412,0.662552311841611,"Human gammaherpesvirus 4 (EBV).ea","comp_myocard",-1.14831580005091
"5406","<none>",NA,100.023586226952,NA,NA,"Human gammaherpesvirus 4 (EBV).ea","comp_cardarrest",0.415133969189679
"5407","binary",1,98.1064660139983,0.0828797870466502,0.773432091946832,"Human gammaherpesvirus 4 (EBV).ea","comp_cardarrest",0.415133969189679
"5408","sex",1,98.0311605796314,0.00757435267975382,0.930647064232012,"Human gammaherpesvirus 4 (EBV).ea","comp_cardarrest",0.415133969189679
"5409","discretized_admit_age_quantile",4,95.6297600347565,3.60617380780489,0.461919046023786,"Human gammaherpesvirus 4 (EBV).ea","comp_cardarrest",0.415133969189679
"5410","trajectory_group",4,114.421031191759,22.3974449648073,0.000167020958953879,"Human gammaherpesvirus 4 (EBV).ea","comp_cardarrest",0.415133969189679
"5411","<none>",NA,54.510588965791,NA,NA,"Human gammaherpesvirus 4 (EBV).ea","comp_stemi",1.1154559816123
"5412","binary",1,53.1865007407356,0.675911774944623,0.410998054483342,"Human gammaherpesvirus 4 (EBV).ea","comp_stemi",1.1154559816123
"5413","sex",1,52.9497147423669,0.439125776575921,0.507544707831044,"Human gammaherpesvirus 4 (EBV).ea","comp_stemi",1.1154559816123
"5414","discretized_admit_age_quantile",4,47.8114441364602,1.30085517066928,0.861230422535143,"Human gammaherpesvirus 4 (EBV).ea","comp_stemi",1.1154559816123
"5415","trajectory_group",4,49.4925208257243,2.98193185993336,0.560853599467939,"Human gammaherpesvirus 4 (EBV).ea","comp_stemi",1.1154559816123
"5416","<none>",NA,74.4917187719608,NA,NA,"Human gammaherpesvirus 4 (EBV).ea","comp_nstemi",-18.5479445459919
"5417","binary",1,73.5798002373902,1.08808146542944,0.296896685323232,"Human gammaherpesvirus 4 (EBV).ea","comp_nstemi",-18.5479445459919
"5418","sex",1,73.4535159371191,0.961797165158345,0.326734498311147,"Human gammaherpesvirus 4 (EBV).ea","comp_nstemi",-18.5479445459919
"5419","discretized_admit_age_quantile",4,68.1424184766877,1.65069970472689,0.799652369581854,"Human gammaherpesvirus 4 (EBV).ea","comp_nstemi",-18.5479445459919
"5420","trajectory_group",4,69.5445421337817,3.05282336182094,0.549024784950503,"Human gammaherpesvirus 4 (EBV).ea","comp_nstemi",-18.5479445459919
"5421","<none>",NA,101.744535126984,NA,NA,"Human gammaherpesvirus 4 (EBV).ea","comp_chf",2.83399123307157
"5422","binary",1,111.913078467024,12.1685433400395,0.000486022475809022,"Human gammaherpesvirus 4 (EBV).ea","comp_chf",2.83399123307157
"5423","sex",1,100.292374269611,0.547839142627183,0.459201965878141,"Human gammaherpesvirus 4 (EBV).ea","comp_chf",2.83399123307157
"5424","discretized_admit_age_quantile",4,98.9813229044057,5.23678777742163,0.263852870875593,"Human gammaherpesvirus 4 (EBV).ea","comp_chf",2.83399123307157
"5425","trajectory_group",4,99.6328536607396,5.88831853375557,0.207645402684264,"Human gammaherpesvirus 4 (EBV).ea","comp_chf",2.83399123307157
"5426","<none>",NA,121.824150092569,NA,NA,"Human gammaherpesvirus 4 (EBV).ea","comp_pneumonia",-0.650368617703997
"5427","binary",1,120.160754424845,0.336604332276153,0.561795854404326,"Human gammaherpesvirus 4 (EBV).ea","comp_pneumonia",-0.650368617703997
"5428","sex",1,119.824161262532,0.0000111699631730744,0.997333355491248,"Human gammaherpesvirus 4 (EBV).ea","comp_pneumonia",-0.650368617703997
"5429","discretized_admit_age_quantile",4,116.85698668168,3.03283658911099,0.552345393379233,"Human gammaherpesvirus 4 (EBV).ea","comp_pneumonia",-0.650368617703997
"5430","trajectory_group",4,120.236820199765,6.41267010719557,0.170376715742869,"Human gammaherpesvirus 4 (EBV).ea","comp_pneumonia",-0.650368617703997
"5431","<none>",NA,31.4813330924712,NA,NA,"Human gammaherpesvirus 4 (EBV).ea","comp_bronch",-0.0224032688696748
"5432","binary",1,29.4813330924722,0.00000000000099475983006414,0.99999920420871,"Human gammaherpesvirus 4 (EBV).ea","comp_bronch",-0.0224032688696748
"5433","sex",1,30.1359255730666,0.654592480595355,0.418475517421705,"Human gammaherpesvirus 4 (EBV).ea","comp_bronch",-0.0224032688696748
"5434","discretized_admit_age_quantile",4,26.3640808767344,2.88274778426324,0.577635090645951,"Human gammaherpesvirus 4 (EBV).ea","comp_bronch",-0.0224032688696748
"5435","trajectory_group",4,24.1359255728875,0.654592480416316,0.956808253930069,"Human gammaherpesvirus 4 (EBV).ea","comp_bronch",-0.0224032688696748
"5436","<none>",NA,114.367683191335,NA,NA,"Human gammaherpesvirus 4 (EBV).ea","comp_pneumo",-0.051003786265624
"5437","binary",1,112.369776178798,0.0020929874637261,0.963510164907526,"Human gammaherpesvirus 4 (EBV).ea","comp_pneumo",-0.051003786265624
"5438","sex",1,112.444402166037,0.0767189747027714,0.781794001874381,"Human gammaherpesvirus 4 (EBV).ea","comp_pneumo",-0.051003786265624
"5439","discretized_admit_age_quantile",4,113.019998576211,6.65231538487618,0.155442729642454,"Human gammaherpesvirus 4 (EBV).ea","comp_pneumo",-0.051003786265624
"5440","trajectory_group",4,108.243971436982,1.87628824564709,0.758499419638136,"Human gammaherpesvirus 4 (EBV).ea","comp_pneumo",-0.051003786265624
"5441","<none>",NA,74.8501885027037,NA,NA,"Human gammaherpesvirus 4 (EBV).ea","comp_pneumomed",0.822479679331215
"5442","binary",1,73.2477290907365,0.397540588032783,0.52836214066837,"Human gammaherpesvirus 4 (EBV).ea","comp_pneumomed",0.822479679331215
"5443","sex",1,72.8622807983136,0.0120922956099037,0.912437152734646,"Human gammaherpesvirus 4 (EBV).ea","comp_pneumomed",0.822479679331215
"5444","discretized_admit_age_quantile",4,69.9261237178502,3.07593521514653,0.545199224630058,"Human gammaherpesvirus 4 (EBV).ea","comp_pneumomed",0.822479679331215
"5445","trajectory_group",4,69.9543189116534,3.10413040894969,0.540553162371326,"Human gammaherpesvirus 4 (EBV).ea","comp_pneumomed",0.822479679331215
"5446","<none>",NA,69.7705483896706,NA,NA,"Human gammaherpesvirus 4 (EBV).ea","comp_aat",1.0319486106528
"5447","binary",1,68.3592747178091,0.588726328138492,0.442912062776365,"Human gammaherpesvirus 4 (EBV).ea","comp_aat",1.0319486106528
"5448","sex",1,69.0956919729317,1.32514358326111,0.249671020417666,"Human gammaherpesvirus 4 (EBV).ea","comp_aat",1.0319486106528
"5449","discretized_admit_age_quantile",4,63.6072699083993,1.83672151872869,0.765757522849197,"Human gammaherpesvirus 4 (EBV).ea","comp_aat",1.0319486106528
"5450","trajectory_group",4,62.8795808265897,1.10903243691907,0.892836473937422,"Human gammaherpesvirus 4 (EBV).ea","comp_aat",1.0319486106528
"5451","<none>",NA,178.823650263129,NA,NA,"Human gammaherpesvirus 4 (EBV).ea","comp_avthromb",0.315712683686389
"5452","binary",1,177.00386642381,0.180216160681255,0.671187541262135,"Human gammaherpesvirus 4 (EBV).ea","comp_avthromb",0.315712683686389
"5453","sex",1,177.770435176347,0.946784913218465,0.330539022380337,"Human gammaherpesvirus 4 (EBV).ea","comp_avthromb",0.315712683686389
"5454","discretized_admit_age_quantile",4,174.646155628971,3.82250536584198,0.430559729982412,"Human gammaherpesvirus 4 (EBV).ea","comp_avthromb",0.315712683686389
"5455","trajectory_group",4,175.500056868258,4.67640660512964,0.322139507654971,"Human gammaherpesvirus 4 (EBV).ea","comp_avthromb",0.315712683686389
"5456","<none>",NA,204.516107667789,NA,NA,"Human gammaherpesvirus 4 (EBV).ea","comp_shock",0.849000279503021
"5457","binary",1,203.597192134542,1.08108446675348,0.298455080028365,"Human gammaherpesvirus 4 (EBV).ea","comp_shock",0.849000279503021
"5458","sex",1,203.318722036733,0.802614368944262,0.370312863907658,"Human gammaherpesvirus 4 (EBV).ea","comp_shock",0.849000279503021
"5459","discretized_admit_age_quantile",4,197.929008881299,1.41290121351022,0.841949652220361,"Human gammaherpesvirus 4 (EBV).ea","comp_shock",0.849000279503021
"5460","trajectory_group",4,209.72860300119,13.212495333401,0.0102828512783283,"Human gammaherpesvirus 4 (EBV).ea","comp_shock",0.849000279503021
"5461","<none>",NA,206.684713674914,NA,NA,"Human gammaherpesvirus 4 (EBV).ea","comp_bac",0.925903317565171
"5462","binary",1,206.364305228449,1.67959155353461,0.19497873427729,"Human gammaherpesvirus 4 (EBV).ea","comp_bac",0.925903317565171
"5463","sex",1,205.902885111888,1.21817143697447,0.269719806959599,"Human gammaherpesvirus 4 (EBV).ea","comp_bac",0.925903317565171
"5464","discretized_admit_age_quantile",4,205.183778765066,6.49906509015156,0.164849299699191,"Human gammaherpesvirus 4 (EBV).ea","comp_bac",0.925903317565171
"5465","trajectory_group",4,202.245021191164,3.56030751624996,0.468767896477719,"Human gammaherpesvirus 4 (EBV).ea","comp_bac",0.925903317565171
"5466","<none>",NA,75.0513422162864,NA,NA,"Human gammaherpesvirus 4 (EBV).ea","comp_coag",-19.2279515472286
"5467","binary",1,73.9404823235417,0.889140107255344,0.345710437072631,"Human gammaherpesvirus 4 (EBV).ea","comp_coag",-19.2279515472286
"5468","sex",1,74.2298167602754,1.17847454398904,0.277666766985587,"Human gammaherpesvirus 4 (EBV).ea","comp_coag",-19.2279515472286
"5469","discretized_admit_age_quantile",4,75.440362563636,8.38902034734964,0.0783234805522734,"Human gammaherpesvirus 4 (EBV).ea","comp_coag",-19.2279515472286
"5470","trajectory_group",4,68.3448384534206,1.29349623713428,0.862478021653756,"Human gammaherpesvirus 4 (EBV).ea","comp_coag",-19.2279515472286
"5471","<none>",NA,60.4750050708225,NA,NA,"Human gammaherpesvirus 4 (EBV).ea","comp_hypogly",-17.782581990105
"5472","binary",1,59.0261981527439,0.551193081921468,0.457830610916591,"Human gammaherpesvirus 4 (EBV).ea","comp_hypogly",-17.782581990105
"5473","sex",1,58.5884592686499,0.113454197827444,0.736245337453157,"Human gammaherpesvirus 4 (EBV).ea","comp_hypogly",-17.782581990105
"5474","discretized_admit_age_quantile",4,54.5692392792697,2.09423420844728,0.718431732819289,"Human gammaherpesvirus 4 (EBV).ea","comp_hypogly",-17.782581990105
"5475","trajectory_group",4,55.7930877962475,3.31808272542502,0.506072320087856,"Human gammaherpesvirus 4 (EBV).ea","comp_hypogly",-17.782581990105
"5476","<none>",NA,136.153525382053,NA,NA,"Human gammaherpesvirus 4 (EBV).ea","comp_bleed",0.778019169225166
"5477","binary",1,134.99937648045,0.845851098397418,0.357728697724981,"Human gammaherpesvirus 4 (EBV).ea","comp_bleed",0.778019169225166
"5478","sex",1,137.172018593488,3.01849321143516,0.0823199187076807,"Human gammaherpesvirus 4 (EBV).ea","comp_bleed",0.778019169225166
"5479","discretized_admit_age_quantile",4,130.305251276562,2.1517258945095,0.707876240706181,"Human gammaherpesvirus 4 (EBV).ea","comp_bleed",0.778019169225166
"5480","trajectory_group",4,134.90157891315,6.74805353109696,0.149816701207884,"Human gammaherpesvirus 4 (EBV).ea","comp_bleed",0.778019169225166
"5481","<none>",NA,205.962372128253,NA,NA,"Human gammaherpesvirus 4 (EBV).ea","comp_anemia",1.56682467961078
"5482","binary",1,208.411796229952,4.44942410169918,0.0349130186702702,"Human gammaherpesvirus 4 (EBV).ea","comp_anemia",1.56682467961078
"5483","sex",1,204.051973761632,0.0896016333789191,0.76468420837954,"Human gammaherpesvirus 4 (EBV).ea","comp_anemia",1.56682467961078
"5484","discretized_admit_age_quantile",4,199.297747992375,1.33537586412211,0.855345552503868,"Human gammaherpesvirus 4 (EBV).ea","comp_anemia",1.56682467961078
"5485","trajectory_group",4,203.744998354227,5.78262622597438,0.215980651621057,"Human gammaherpesvirus 4 (EBV).ea","comp_anemia",1.56682467961078
"5486","<none>",NA,30.4206651368699,NA,NA,"Human gammaherpesvirus 4 (EBV).ea","comp_pancreas",-20.932296617543
"5487","binary",1,27.3554436120841,-1.06522152478581,1,"Human gammaherpesvirus 4 (EBV).ea","comp_pancreas",-20.932296617543
"5488","sex",1,29.4813330835418,1.06066794667189,0.303062891255213,"Human gammaherpesvirus 4 (EBV).ea","comp_pancreas",-20.932296617543
"5489","discretized_admit_age_quantile",4,24.7686847639504,2.34801962708047,0.672040608611444,"Human gammaherpesvirus 4 (EBV).ea","comp_pancreas",-20.932296617543
"5490","trajectory_group",4,24.7587128650357,2.33804772816579,0.673850751216293,"Human gammaherpesvirus 4 (EBV).ea","comp_pancreas",-20.932296617543
"5491","<none>",NA,211.406569158182,NA,NA,"Human gammaherpesvirus 4 (EBV).ea","comp_renal",0.592502125020064
"5492","binary",1,210.088089333357,0.681520175174541,0.409063748320544,"Human gammaherpesvirus 4 (EBV).ea","comp_renal",0.592502125020064
"5493","sex",1,213.351733315825,3.94516415764238,0.0470062672721307,"Human gammaherpesvirus 4 (EBV).ea","comp_renal",0.592502125020064
"5494","discretized_admit_age_quantile",4,207.89904347411,4.49247431592744,0.343440764199072,"Human gammaherpesvirus 4 (EBV).ea","comp_renal",0.592502125020064
"5495","trajectory_group",4,217.132105419307,13.7255362611244,0.00822456882118644,"Human gammaherpesvirus 4 (EBV).ea","comp_renal",0.592502125020064
"5496","<none>",NA,148.347881025636,NA,NA,"Human gammaherpesvirus 4 (EBV).ea","comp_liver",0.744076213973642
"5497","binary",1,147.264622710035,0.916741684398971,0.338331956435159,"Human gammaherpesvirus 4 (EBV).ea","comp_liver",0.744076213973642
"5498","sex",1,146.891917507695,0.544036482059568,0.460764674877994,"Human gammaherpesvirus 4 (EBV).ea","comp_liver",0.744076213973642
"5499","discretized_admit_age_quantile",4,144.530818026155,4.18293700051919,0.381813778742822,"Human gammaherpesvirus 4 (EBV).ea","comp_liver",0.744076213973642
"5500","trajectory_group",4,144.737511490966,4.38963046533064,0.355835769336718,"Human gammaherpesvirus 4 (EBV).ea","comp_liver",0.744076213973642
"5501","<none>",NA,66.1547181695653,NA,NA,"Human gammaherpesvirus 4 (EBV).ea","comp_othlab",-17.7465267976832
"5502","binary",1,65.4419008038646,1.28718263429923,0.256567805143905,"Human gammaherpesvirus 4 (EBV).ea","comp_othlab",-17.7465267976832
"5503","sex",1,64.2143291055825,0.0596109360171369,0.807111931913303,"Human gammaherpesvirus 4 (EBV).ea","comp_othlab",-17.7465267976832
"5504","discretized_admit_age_quantile",4,63.8456898205066,5.69097165094122,0.223445916630671,"Human gammaherpesvirus 4 (EBV).ea","comp_othlab",-17.7465267976832
"5505","trajectory_group",4,58.9921846597761,0.837466490210801,0.93335575128181,"Human gammaherpesvirus 4 (EBV).ea","comp_othlab",-17.7465267976832
"5506","<none>",NA,108.173465513914,NA,NA,"Human gammaherpesvirus 4 (EBV).ea","comp_electrolyte",-0.0687068953480843
"5507","binary",1,106.177348522154,0.00388300824057808,0.9503129481601,"Human gammaherpesvirus 4 (EBV).ea","comp_electrolyte",-0.0687068953480843
"5508","sex",1,106.575278203583,0.4018126896692,0.526154590272187,"Human gammaherpesvirus 4 (EBV).ea","comp_electrolyte",-0.0687068953480843
"5509","discretized_admit_age_quantile",4,102.357149149572,2.18368363565824,0.702017541499402,"Human gammaherpesvirus 4 (EBV).ea","comp_electrolyte",-0.0687068953480843
"5510","trajectory_group",4,103.020085632018,2.84662011810404,0.583812353396301,"Human gammaherpesvirus 4 (EBV).ea","comp_electrolyte",-0.0687068953480843
"5511","<none>",NA,82.6840066227668,NA,NA,"Human gammaherpesvirus 4 (EBV).ea","comp_othinf",1.00839091718909
"5512","binary",1,81.2880732604054,0.604066637638653,0.437030612705447,"Human gammaherpesvirus 4 (EBV).ea","comp_othinf",1.00839091718909
"5513","sex",1,80.7039988983774,0.0199922756106048,0.88755865939185,"Human gammaherpesvirus 4 (EBV).ea","comp_othinf",1.00839091718909
"5514","discretized_admit_age_quantile",4,81.4625357179906,6.77852909522385,0.148065155300573,"Human gammaherpesvirus 4 (EBV).ea","comp_othinf",1.00839091718909
"5515","trajectory_group",4,78.7946826534804,4.11067603071365,0.391234644364313,"Human gammaherpesvirus 4 (EBV).ea","comp_othinf",1.00839091718909
"5516","<none>",NA,28.6713049843589,NA,NA,"Human gammaherpesvirus 4 (EBV).ea","comp_unddisease",-13.63970903575
"5517","binary",1,26.7871725306312,0.115867546272252,0.733560421576567,"Human gammaherpesvirus 4 (EBV).ea","comp_unddisease",-13.63970903575
"5518","sex",1,31.8342956714033,5.1629906870444,0.0230731334402994,"Human gammaherpesvirus 4 (EBV).ea","comp_unddisease",-13.63970903575
"5519","discretized_admit_age_quantile",4,34.0465489483473,13.3752439639883,0.00958064385117201,"Human gammaherpesvirus 4 (EBV).ea","comp_unddisease",-13.63970903575
"5520","trajectory_group",4,26.2768016087389,5.60549662438001,0.2306107010862,"Human gammaherpesvirus 4 (EBV).ea","comp_unddisease",-13.63970903575
"5521","<none>",NA,76.4232947686195,NA,NA,"Human gammaherpesvirus 4 (EBV).ea","comp_enceph",1.4116434179666
"5522","binary",1,76.1665974407848,1.74330267216523,0.186720899869866,"Human gammaherpesvirus 4 (EBV).ea","comp_enceph",1.4116434179666
"5523","sex",1,76.6635666640064,2.24027189538685,0.134457335358358,"Human gammaherpesvirus 4 (EBV).ea","comp_enceph",1.4116434179666
"5524","discretized_admit_age_quantile",4,91.6524159124914,23.2291211438719,0.000113954783499031,"Human gammaherpesvirus 4 (EBV).ea","comp_enceph",1.4116434179666
"5525","trajectory_group",4,75.1905307429867,6.76723597436714,0.148712022319108,"Human gammaherpesvirus 4 (EBV).ea","comp_enceph",1.4116434179666
"5526","<none>",NA,29.4067345205714,NA,NA,"Human gammaherpesvirus 4 (EBV).ea","comp_othneuro",-0.126974578634323
"5527","binary",1,27.4067345205737,0.00000000000231636931857793,0.999998785649759,"Human gammaherpesvirus 4 (EBV).ea","comp_othneuro",-0.126974578634323
"5528","sex",1,30.0914744996576,2.68473997908614,0.101313762253808,"Human gammaherpesvirus 4 (EBV).ea","comp_othneuro",-0.126974578634323
"5529","discretized_admit_age_quantile",4,24.768684764007,3.36195024343555,0.499176997364669,"Human gammaherpesvirus 4 (EBV).ea","comp_othneuro",-0.126974578634323
"5530","trajectory_group",4,21.4067345210357,0.000000000464233096408861,1,"Human gammaherpesvirus 4 (EBV).ea","comp_othneuro",-0.126974578634323
"5531","<none>",NA,88.5840628077588,NA,NA,"Human gammaherpesvirus 4 (EBV).ea","comp_hypergly",-16.5477708180854
"5532","binary",1,87.6649803165662,1.08091750880739,0.298492393678279,"Human gammaherpesvirus 4 (EBV).ea","comp_hypergly",-16.5477708180854
"5533","sex",1,86.7758935693274,0.191830761568653,0.661397238697184,"Human gammaherpesvirus 4 (EBV).ea","comp_hypergly",-16.5477708180854
"5534","discretized_admit_age_quantile",4,84.6383014566896,4.05423864893078,0.398715210469268,"Human gammaherpesvirus 4 (EBV).ea","comp_hypergly",-16.5477708180854
"5535","trajectory_group",4,87.6175351679849,7.03347236022607,0.134129901940973,"Human gammaherpesvirus 4 (EBV).ea","comp_hypergly",-16.5477708180854
"5536","<none>",NA,27.8190850137399,NA,NA,"Human gammaherpesvirus 4 (EBV).ea","comp_psych",1.18377504834055
"5537","binary",1,25.8190850137548,0.0000000000149391610193561,0.999996916079559,"Human gammaherpesvirus 4 (EBV).ea","comp_psych",1.18377504834055
"5538","sex",1,25.8190850140177,0.000000000277822209682199,0.999986700860484,"Human gammaherpesvirus 4 (EBV).ea","comp_psych",1.18377504834055
"5539","discretized_admit_age_quantile",4,19.8190850139247,0.000000000184829929139596,1,"Human gammaherpesvirus 4 (EBV).ea","comp_psych",1.18377504834055
"5540","trajectory_group",4,24.105801061429,4.2867160476891,0.368591475386812,"Human gammaherpesvirus 4 (EBV).ea","comp_psych",1.18377504834055
"5541","<none>",NA,27.958984751201,NA,NA,"Human gammaherpesvirus 4 (EBV).ea","comp_gastroent",-12.0276998256439
"5542","binary",1,25.9732063928979,0.0142216416969347,0.905073710230187,"Human gammaherpesvirus 4 (EBV).ea","comp_gastroent",-12.0276998256439
"5543","sex",1,28.1113402829479,2.15235553174693,0.142351345712773,"Human gammaherpesvirus 4 (EBV).ea","comp_gastroent",-12.0276998256439
"5544","discretized_admit_age_quantile",4,24.7686847639512,4.80970001275022,0.307386575871552,"Human gammaherpesvirus 4 (EBV).ea","comp_gastroent",-12.0276998256439
"5545","trajectory_group",4,23.5992316198451,3.64024686864414,0.456876219485212,"Human gammaherpesvirus 4 (EBV).ea","comp_gastroent",-12.0276998256439
