""," Clinical Variable","TG1 Percent Difference","TG1 Rate of Clinical Event in Virus Negative Participants","TG1 Rate of Clinical Event in Virus Positive Participants","TG2 Percent Difference","TG2 Rate of Clinical Event in Virus Negative Participants","TG2 Rate of Clinical Event in Virus Positive Participants","TG3 Percent Difference","TG3 Rate of Clinical Event in Virus Negative Participants","TG3 Rate of Clinical Event in Virus Positive Participants","TG4 Percent Difference","TG4 Rate of Clinical Event in Virus Negative Participants","TG4 Rate of Clinical Event in Virus Positive Participants","TG5 Percent Difference","TG5 Rate of Clinical Event in Virus Negative Participants","TG5 Rate of Clinical Event in Virus Positive Participants","virus"
"1","comorb_htn",10.2,"54.8% (103/188)","65% (13/20)",38.3,"52.2% (109/209)","90.5% (38/42)",10.2,"53.5% (147/275)","63.6% (28/44)",14.4,"56.6% (90/159)","71% (44/62)",-15,"74.1% (60/81)","59.1% (13/22)","Anelloviridae.pbmc"
"2","comorb_isaric_dm",5.6,"39.4% (74/188)","45% (9/20)",3.2,"30.1% (63/209)","33.3% (14/42)",12.3,"30.9% (85/275)","43.2% (19/44)",9.1,"40.9% (65/159)","50% (31/62)",-7.2,"48.1% (39/81)","40.9% (9/22)","Anelloviridae.pbmc"
"3","comorb_anyresp_noasthma",-2.8,"12.8% (24/188)","10% (2/20)",0.4,"18.7% (39/209)","19% (8/42)",14.5,"21.8% (60/275)","36.4% (16/44)",-2.1,"18.2% (29/159)","16.1% (10/62)",-12.2,"39.5% (32/81)","27.3% (6/22)","Anelloviridae.pbmc"
"4","comorb_isaric_asthma",-2.6,"17.6% (33/188)","15% (3/20)",-1,"17.7% (37/209)","16.7% (7/42)",3.2,"12.7% (35/275)","15.9% (7/44)",0.1,"14.5% (23/159)","14.5% (9/62)",-2,"11.1% (9/81)","9.1% (2/22)","Anelloviridae.pbmc"
"5","comorb_isaric_cardiac",-5,"25% (47/188)","20% (4/20)",15.6,"22.5% (47/209)","38.1% (16/42)",23.4,"24.4% (67/275)","47.7% (21/44)",2.2,"22% (35/159)","24.2% (15/62)",-22.1,"49.4% (40/81)","27.3% (6/22)","Anelloviridae.pbmc"
"6","comorb_isaric_ckd",17.8,"12.2% (23/188)","30% (6/20)",15.2,"11% (23/209)","26.2% (11/42)",10.5,"14.5% (40/275)","25% (11/44)",7.7,"10.1% (16/159)","17.7% (11/62)",-3.2,"25.9% (21/81)","22.7% (5/22)","Anelloviridae.pbmc"
"7","comorb_isaric_neoplasm",-4,"9% (17/188)","5% (1/20)",5.7,"8.6% (18/209)","14.3% (6/42)",2.6,"8.7% (24/275)","11.4% (5/44)",4.4,"6.9% (11/159)","11.3% (7/62)",-1.2,"14.8% (12/81)","13.6% (3/22)","Anelloviridae.pbmc"
"8","comorb_neuro",-6.2,"11.2% (21/188)","5% (1/20)",6.1,"10.5% (22/209)","16.7% (7/42)",14.5,"12.7% (35/275)","27.3% (12/44)",-5.5,"11.9% (19/159)","6.5% (4/62)",-1.2,"14.8% (12/81)","13.6% (3/22)","Anelloviridae.pbmc"
"9","comorb_isaric_liver",0.7,"4.3% (8/188)","5% (1/20)",10,"4.3% (9/209)","14.3% (6/42)",5.8,"3.3% (9/275)","9.1% (4/44)",2.4,"5.7% (9/159)","8.1% (5/62)",-4.9,"4.9% (4/81)","0% (0/22)","Anelloviridae.pbmc"
"10","comorb_hxtrans",0.7,"4.3% (8/188)","5% (1/20)",18.6,"2.9% (6/209)","21.4% (9/42)",10.5,"5.5% (15/275)","15.9% (7/44)",13.6,"2.5% (4/159)","16.1% (10/62)",-0.4,"4.9% (4/81)","4.5% (1/22)","Anelloviridae.pbmc"
"11","comorb_hiv2",1.8,"3.2% (6/188)","5% (1/20)",1.4,"1% (2/209)","2.4% (1/42)",2.7,"1.8% (5/275)","4.5% (2/44)",-1.3,"1.3% (2/159)","0% (0/62)",4.5,"0% (0/81)","4.5% (1/22)","Anelloviridae.pbmc"
"12","comorb_eversmkvape",-3,"33% (62/188)","30% (6/20)",13.2,"27.3% (57/209)","40.5% (17/42)",16.7,"28.7% (79/275)","45.5% (20/44)",-8.5,"32.7% (52/159)","24.2% (15/62)",-23.3,"50.6% (41/81)","27.3% (6/22)","Anelloviridae.pbmc"
"13","comorb_anysubstance",4.9,"10.1% (19/188)","15% (3/20)",-1.9,"6.7% (14/209)","4.8% (2/42)",4.8,"6.5% (18/275)","11.4% (5/44)",-4.3,"7.5% (12/159)","3.2% (2/62)",-2.9,"7.4% (6/81)","4.5% (1/22)","Anelloviridae.pbmc"
"14","comorb_count",-11,"16% (30/188)","5% (1/20)",-16.7,"16.7% (35/209)","0% (0/42)",-14.4,"18.9% (52/275)","4.5% (2/44)",-5.8,"13.8% (22/159)","8.1% (5/62)",9.9,"3.7% (3/81)","13.6% (3/22)","Anelloviridae.pbmc"
"15","comorb_countcat",-11,"16% (30/188)","5% (1/20)",-16.7,"16.7% (35/209)","0% (0/42)",-14.4,"18.9% (52/275)","4.5% (2/44)",-5.8,"13.8% (22/159)","8.1% (5/62)",9.9,"3.7% (3/81)","13.6% (3/22)","Anelloviridae.pbmc"
"16","timesymptomcat",1.1,"23.9% (45/188)","25% (5/20)",16.1,"17.2% (36/209)","33.3% (14/42)",18.2,"18.2% (50/275)","36.4% (16/44)",8.1,"14.5% (23/159)","22.6% (14/62)",2.6,"24.7% (20/81)","27.3% (6/22)","Anelloviridae.pbmc"
"17","symptom_allresp",-13.5,"83.5% (157/188)","70% (14/20)",0.5,"90% (188/209)","90.5% (38/42)",-14.5,"87.3% (240/275)","72.7% (32/44)",-1.5,"91.8% (146/159)","90.3% (56/62)",0.3,"81.5% (66/81)","81.8% (18/22)","Anelloviridae.pbmc"
"18","symptom_cough",-0.1,"60.1% (113/188)","60% (12/20)",-7.9,"67.5% (141/209)","59.5% (25/42)",-13,"60.7% (167/275)","47.7% (21/44)",2.5,"60.4% (96/159)","62.9% (39/62)",-14.6,"55.6% (45/81)","40.9% (9/22)","Anelloviridae.pbmc"
"19","symptom_cough_prod",0.1,"14.9% (28/188)","15% (3/20)",13.8,"12.4% (26/209)","26.2% (11/42)",-0.5,"16.4% (45/275)","15.9% (7/44)",3.1,"8.2% (13/159)","11.3% (7/62)",4.6,"13.6% (11/81)","18.2% (4/22)","Anelloviridae.pbmc"
"20","symptom_haemoptysis",0.7,"4.3% (8/188)","5% (1/20)",3.3,"1.4% (3/209)","4.8% (2/42)",0.1,"2.2% (6/275)","2.3% (1/44)",-1.9,"1.9% (3/159)","0% (0/62)",-1.2,"1.2% (1/81)","0% (0/22)","Anelloviridae.pbmc"
"21","symptom_sorethroat",-5.6,"10.6% (20/188)","5% (1/20)",-2.4,"9.6% (20/209)","7.1% (3/42)",-1.5,"8.4% (23/275)","6.8% (3/44)",0.9,"8.8% (14/159)","9.7% (6/62)",-0.4,"4.9% (4/81)","4.5% (1/22)","Anelloviridae.pbmc"
"22","symptom_rhinorrhea",3.6,"6.4% (12/188)","10% (2/20)",0.5,"1.9% (4/209)","2.4% (1/42)",-6.9,"6.9% (19/275)","0% (0/44)",2.7,"3.8% (6/159)","6.5% (4/62)",0.8,"3.7% (3/81)","4.5% (1/22)","Anelloviridae.pbmc"
"23","symptom_wheeze",0.2,"4.8% (9/188)","5% (1/20)",-2.9,"5.3% (11/209)","2.4% (1/42)",2.5,"4.4% (12/275)","6.8% (3/44)",0.2,"6.3% (10/159)","6.5% (4/62)",8.7,"4.9% (4/81)","13.6% (3/22)","Anelloviridae.pbmc"
"24","symptom_chestpain",-5,"25% (47/188)","20% (4/20)",-5.8,"22.5% (47/209)","16.7% (7/42)",-1.1,"19.3% (53/275)","18.2% (8/44)",-5.3,"18.2% (29/159)","12.9% (8/62)",12.9,"9.9% (8/81)","22.7% (5/22)","Anelloviridae.pbmc"
"25","symptom_dyspnea",-3.3,"63.3% (119/188)","60% (12/20)",-10.8,"75.1% (157/209)","64.3% (27/42)",-17.8,"72.4% (199/275)","54.5% (24/44)",3.4,"80.5% (128/159)","83.9% (52/62)",-14.1,"77.8% (63/81)","63.6% (14/22)","Anelloviridae.pbmc"
"26","symptom_chestwall",0,"0% (0/188)","0% (0/20)",0,"0% (0/208)","0% (0/42)",0,"0% (0/274)","0% (0/44)",-0.6,"0.6% (1/159)","0% (0/62)",0,"0% (0/81)","0% (0/22)","Anelloviridae.pbmc"
"27","symptom_earpain",0,"0% (0/188)","0% (0/20)",-0.5,"0.5% (1/209)","0% (0/42)",-0.4,"0.4% (1/275)","0% (0/44)",1.6,"0% (0/159)","1.6% (1/62)",0,"0% (0/81)","0% (0/22)","Anelloviridae.pbmc"
"28","symptom_conjunctivitis",0,"0% (0/188)","0% (0/20)",-0.5,"0.5% (1/209)","0% (0/42)",-0.4,"0.4% (1/275)","0% (0/44)",0,"0% (0/159)","0% (0/62)",0,"0% (0/81)","0% (0/22)","Anelloviridae.pbmc"
"29","symptom_allsyst",-17.1,"77.1% (145/188)","60% (12/20)",-0.4,"78.9% (165/209)","78.6% (33/42)",4.5,"70.5% (194/275)","75% (33/44)",-5.4,"66.7% (106/159)","61.3% (38/62)",-2.6,"61.7% (50/81)","59.1% (13/22)","Anelloviridae.pbmc"
"30","symptom_fever",0.5,"49.5% (93/188)","50% (10/20)",-9.8,"57.4% (120/209)","47.6% (20/42)",2,"48% (132/275)","50% (22/44)",-4.6,"46.5% (74/159)","41.9% (26/62)",-1.1,"42% (34/81)","40.9% (9/22)","Anelloviridae.pbmc"
"31","symptom_chills",0,"25% (47/188)","25% (5/20)",-1.6,"30.1% (63/209)","28.6% (12/42)",-10.9,"29.1% (80/275)","18.2% (8/44)",-1.1,"18.9% (30/159)","17.7% (11/62)",5.8,"12.3% (10/81)","18.2% (4/22)","Anelloviridae.pbmc"
"32","symptom_shaking",-1.1,"1.1% (2/188)","0% (0/20)",-2.4,"2.4% (5/209)","0% (0/42)",-1.5,"1.5% (4/274)","0% (0/44)",1,"0.6% (1/159)","1.6% (1/62)",0,"0% (0/81)","0% (0/22)","Anelloviridae.pbmc"
"33","symptom_fatigue",-3.1,"43.1% (81/188)","40% (8/20)",-3.1,"48.3% (101/209)","45.2% (19/42)",-5.1,"41.5% (114/275)","36.4% (16/44)",-2.3,"37.7% (60/159)","35.5% (22/62)",5.5,"30.9% (25/81)","36.4% (8/22)","Anelloviridae.pbmc"
"34","symptom_myalgia",-10.9,"30.9% (58/188)","20% (4/20)",-8.7,"32.5% (68/209)","23.8% (10/42)",0.1,"20.4% (56/275)","20.5% (9/44)",-1.8,"19.5% (31/159)","17.7% (11/62)",-3.3,"12.3% (10/81)","9.1% (2/22)","Anelloviridae.pbmc"
"35","symptom_lymphadenopathy",-0.5,"0.5% (1/188)","0% (0/20)",-0.5,"0.5% (1/209)","0% (0/42)",2.3,"0% (0/275)","2.3% (1/44)",-0.6,"0.6% (1/159)","0% (0/62)",4.5,"0% (0/81)","4.5% (1/22)","Anelloviridae.pbmc"
"36","symptom_allneuro",-3.5,"33.5% (63/188)","30% (6/20)",-14.4,"33.5% (70/209)","19% (8/42)",3.8,"28% (77/275)","31.8% (14/44)",9.1,"29.6% (47/159)","38.7% (24/62)",-9,"27.2% (22/81)","18.2% (4/22)","Anelloviridae.pbmc"
"37","symptom_headache",-20,"25% (47/188)","5% (1/20)",-9.1,"21.1% (44/209)","11.9% (5/42)",0.3,"15.6% (43/275)","15.9% (7/44)",6.9,"15.7% (25/159)","22.6% (14/62)",-0.4,"4.9% (4/81)","4.5% (1/22)","Anelloviridae.pbmc"
"38","symptom_confusion",3.9,"1.1% (2/188)","5% (1/20)",1.9,"2.9% (6/209)","4.8% (2/42)",2.1,"4.7% (13/275)","6.8% (3/44)",0.9,"8.8% (14/159)","9.7% (6/62)",-7.8,"12.3% (10/81)","4.5% (1/22)","Anelloviridae.pbmc"
"39","symptom_seizure",0,"0% (0/188)","0% (0/20)",-0.5,"0.5% (1/209)","0% (0/42)",-0.4,"0.4% (1/275)","0% (0/44)",-0.6,"0.6% (1/159)","0% (0/62)",0,"0% (0/81)","0% (0/22)","Anelloviridae.pbmc"
"40","symptom_syncope",-3.2,"3.2% (6/188)","0% (0/20)",-1,"1% (2/209)","0% (0/42)",0.8,"1.5% (4/275)","2.3% (1/44)",-1.3,"1.3% (2/159)","0% (0/62)",-3.7,"3.7% (3/81)","0% (0/22)","Anelloviridae.pbmc"
"41","symptom_anosmia",8.3,"11.7% (22/188)","20% (4/20)",-8.2,"12.9% (27/209)","4.8% (2/42)",1.9,"9.5% (26/275)","11.4% (5/44)",3.4,"6.3% (10/159)","9.7% (6/62)",0.4,"8.6% (7/81)","9.1% (2/22)","Anelloviridae.pbmc"
"42","symptom_allGI",-16.8,"46.8% (88/188)","30% (6/20)",11.2,"45.9% (96/209)","57.1% (24/42)",-10.2,"37.5% (103/275)","27.3% (12/44)",-1.8,"30.8% (49/159)","29% (18/62)",-15.2,"33.3% (27/81)","18.2% (4/22)","Anelloviridae.pbmc"
"43","symptom_abdpain",-3.8,"13.8% (26/188)","10% (2/20)",13.3,"8.1% (17/209)","21.4% (9/42)",2.6,"8.7% (24/275)","11.4% (5/44)",-0.7,"8.8% (14/159)","8.1% (5/62)",6.2,"7.4% (6/81)","13.6% (3/22)","Anelloviridae.pbmc"
"44","symptom_nausea",-19.8,"29.8% (56/188)","10% (2/20)",8.4,"29.7% (62/209)","38.1% (16/42)",-6.7,"20.4% (56/275)","13.6% (6/44)",-4.4,"15.7% (25/159)","11.3% (7/62)",-10.3,"14.8% (12/81)","4.5% (1/22)","Anelloviridae.pbmc"
"45","symptom_diarrhea",-5.5,"25.5% (48/188)","20% (4/20)",1.3,"24.9% (52/209)","26.2% (11/42)",-13,"24.4% (67/275)","11.4% (5/44)",-2.1,"18.2% (29/159)","16.1% (10/62)",-12.7,"17.3% (14/81)","4.5% (1/22)","Anelloviridae.pbmc"
"46","symptom_allderm",-0.5,"0.5% (1/188)","0% (0/20)",-1.4,"1.4% (3/209)","0% (0/42)",1.5,"0.7% (2/275)","2.3% (1/44)",-3.1,"3.1% (5/159)","0% (0/62)",4.5,"0% (0/81)","4.5% (1/22)","Anelloviridae.pbmc"
"47","symptom_skinrash",-0.5,"0.5% (1/188)","0% (0/20)",-1.4,"1.4% (3/209)","0% (0/42)",1.5,"0.7% (2/275)","2.3% (1/44)",-1.9,"1.9% (3/159)","0% (0/62)",0,"0% (0/81)","0% (0/22)","Anelloviridae.pbmc"
"48","symptom_skinulcer",0,"0% (0/188)","0% (0/20)",0,"0% (0/209)","0% (0/42)",0,"0% (0/275)","0% (0/44)",-1.3,"1.3% (2/159)","0% (0/62)",4.5,"0% (0/81)","4.5% (1/22)","Anelloviridae.pbmc"
"49","symptom_allother",1,"9% (17/188)","10% (2/20)",-1,"10.5% (22/209)","9.5% (4/42)",3.2,"3.6% (10/275)","6.8% (3/44)",-2,"10.1% (16/159)","8.1% (5/62)",2.5,"11.1% (9/81)","13.6% (3/22)","Anelloviridae.pbmc"
"50","symptom_arthralgia",3.6,"6.4% (12/188)","10% (2/20)",-2.9,"5.3% (11/209)","2.4% (1/42)",0.8,"1.5% (4/275)","2.3% (1/44)",2,"1.3% (2/159)","3.2% (2/62)",2.1,"2.5% (2/81)","4.5% (1/22)","Anelloviridae.pbmc"
"51","symptom_edema",-2.7,"2.7% (5/188)","0% (0/20)",-3.8,"3.8% (8/209)","0% (0/42)",1.2,"1.1% (3/275)","2.3% (1/44)",2.3,"2.5% (4/159)","4.8% (3/62)",4.2,"4.9% (4/81)","9.1% (2/22)","Anelloviridae.pbmc"
"52","symptom_nonamb",-1.1,"1.1% (2/188)","0% (0/20)",3.3,"1.4% (3/209)","4.8% (2/42)",-1.5,"1.5% (4/275)","0% (0/44)",-5.7,"5.7% (9/159)","0% (0/62)",0.8,"3.7% (3/81)","4.5% (1/22)","Anelloviridae.pbmc"
"53","symptom_bleeding",0,"0% (0/188)","0% (0/20)",1.9,"0.5% (1/209)","2.4% (1/42)",2.3,"0% (0/275)","2.3% (1/44)",-0.6,"0.6% (1/159)","0% (0/62)",0,"0% (0/81)","0% (0/22)","Anelloviridae.pbmc"
"54","ever_ever_esc",7.9,"2.1% (4/188)","10% (2/20)",4.2,"7.7% (16/209)","11.9% (5/42)",15.4,"5.1% (14/275)","20.5% (9/44)",11.1,"30.8% (49/159)","41.9% (26/62)",8.9,"45.7% (37/81)","54.5% (12/22)","Anelloviridae.pbmc"
"55","ever_icu",13.4,"1.6% (3/188)","15% (3/20)",9.9,"21.1% (44/209)","31% (13/42)",10.9,"16.4% (45/275)","27.3% (12/44)",6,"84.3% (134/159)","90.3% (56/62)",4.5,"86.4% (70/81)","90.9% (20/22)","Anelloviridae.pbmc"
"56","diedever",2.9,"2.1% (4/188)","5% (1/20)",2.8,"1.9% (4/209)","4.8% (2/42)",2,"2.5% (7/275)","4.5% (2/44)",9.4,"13.2% (21/159)","22.6% (14/62)",0,"100% (81/81)","100% (22/22)","Anelloviridae.pbmc"
"57","ever_remdes",-3.6,"43.6% (82/188)","40% (8/20)",-2.7,"71.8% (150/209)","69% (29/42)",-14.5,"62.2% (171/275)","47.7% (21/44)",1.2,"73% (116/159)","74.2% (46/62)",13.5,"59.3% (48/81)","72.7% (16/22)","Anelloviridae.pbmc"
"58","ever_steroids",6.6,"48.4% (91/188)","55% (11/20)",-0.3,"62.2% (130/209)","61.9% (26/42)",-10.7,"69.8% (192/275)","59.1% (26/44)",2.9,"87.4% (139/159)","90.3% (56/62)",-18.2,"86.4% (70/81)","68.2% (15/22)","Anelloviridae.pbmc"
"59","ever_azithro",-14.5,"24.5% (46/188)","10% (2/20)",16.1,"29.2% (61/209)","45.2% (19/42)",-0.6,"30.2% (83/275)","29.5% (13/44)",-5,"45.3% (72/159)","40.3% (25/62)",-5.2,"37% (30/81)","31.8% (7/22)","Anelloviridae.pbmc"
"60","ever_otherabx",-11.3,"46.3% (87/188)","35% (7/20)",18.4,"45.9% (96/209)","64.3% (27/42)",13.6,"45.5% (125/275)","59.1% (26/44)",6.9,"78.6% (125/159)","85.5% (53/62)",2,"88.9% (72/81)","90.9% (20/22)","Anelloviridae.pbmc"
"61","ever_conplas",1.8,"3.2% (6/188)","5% (1/20)",-8.1,"8.1% (17/209)","0% (0/42)",-4.6,"6.9% (19/275)","2.3% (1/44)",-2.9,"12.6% (20/159)","9.7% (6/62)",10.4,"12.3% (10/81)","22.7% (5/22)","Anelloviridae.pbmc"
"62","ever_monoclonal",0,"0% (0/188)","0% (0/20)",-1,"1% (2/209)","0% (0/42)",-0.4,"0.4% (1/275)","0% (0/44)",1,"0.6% (1/159)","1.6% (1/62)",0,"0% (0/81)","0% (0/22)","Anelloviridae.pbmc"
"63","ever_immsupp",9.7,"5.3% (10/188)","15% (3/20)",20.9,"2.9% (6/209)","23.8% (10/42)",7.1,"6.5% (18/275)","13.6% (6/44)",16.2,"3.1% (5/159)","19.4% (12/62)",4.2,"4.9% (4/81)","9.1% (2/22)","Anelloviridae.pbmc"
"64","anycomp",14.5,"75.5% (142/188)","90% (18/20)",11,"81.8% (171/209)","92.9% (39/42)",-7.4,"86.9% (239/275)","79.5% (35/44)",3.3,"91.8% (146/159)","95.2% (59/62)",3.7,"96.3% (78/81)","100% (22/22)","Anelloviridae.pbmc"
"65","ncomp",24.7,"30.3% (57/188)","55% (11/20)",-5.3,"19.6% (41/209)","14.3% (6/42)",-7.8,"21.5% (59/275)","13.6% (6/44)",-2.1,"6.9% (11/159)","4.8% (3/62)",2.1,"2.5% (2/81)","4.5% (1/22)","Anelloviridae.pbmc"
"66","comp_seizure",0,"0% (0/188)","0% (0/20)",-0.5,"0.5% (1/209)","0% (0/42)",2.3,"0% (0/275)","2.3% (1/44)",1,"0.6% (1/159)","1.6% (1/62)",4.5,"0% (0/81)","4.5% (1/22)","Anelloviridae.pbmc"
"67","comp_meningitis",-0.5,"0.5% (1/188)","0% (0/20)",-0.5,"0.5% (1/209)","0% (0/42)",1.9,"0.4% (1/275)","2.3% (1/44)",-0.3,"1.9% (3/159)","1.6% (1/62)",-4.9,"4.9% (4/81)","0% (0/22)","Anelloviridae.pbmc"
"68","comp_stroke",-0.5,"0.5% (1/188)","0% (0/20)",0,"0% (0/209)","0% (0/42)",4.2,"0.4% (1/275)","4.5% (2/44)",4.3,"3.8% (6/159)","8.1% (5/62)",-0.4,"4.9% (4/81)","4.5% (1/22)","Anelloviridae.pbmc"
"69","comp_afib",-2.7,"2.7% (5/188)","0% (0/20)",5.2,"4.3% (9/209)","9.5% (4/42)",8.9,"4.7% (13/275)","13.6% (6/44)",-8.4,"13.2% (21/159)","4.8% (3/62)",-14.4,"23.5% (19/81)","9.1% (2/22)","Anelloviridae.pbmc"
"70","comp_ventricular_arr",-0.5,"0.5% (1/188)","0% (0/20)",0.5,"1.9% (4/209)","2.4% (1/42)",-2.2,"2.2% (6/275)","0% (0/44)",12,"2.5% (4/159)","14.5% (9/62)",5.8,"12.3% (10/81)","18.2% (4/22)","Anelloviridae.pbmc"
"71","comp_endo",0,"0% (0/188)","0% (0/20)",0,"0% (0/209)","0% (0/42)",0,"0% (0/275)","0% (0/44)",-0.6,"0.6% (1/159)","0% (0/62)",0,"0% (0/81)","0% (0/22)","Anelloviridae.pbmc"
"72","comp_myocard",-0.5,"0.5% (1/188)","0% (0/20)",-0.5,"0.5% (1/209)","0% (0/42)",-0.7,"0.7% (2/275)","0% (0/44)",0,"0% (0/159)","0% (0/62)",-1.2,"1.2% (1/81)","0% (0/22)","Anelloviridae.pbmc"
"73","comp_cardarrest",0,"0% (0/188)","0% (0/20)",0,"0% (0/209)","0% (0/42)",-0.7,"0.7% (2/275)","0% (0/44)",-0.5,"3.8% (6/159)","3.2% (2/62)",22,"23.5% (19/81)","45.5% (10/22)","Anelloviridae.pbmc"
"74","comp_stemi",4.5,"0.5% (1/188)","5% (1/20)",0,"0% (0/209)","0% (0/42)",1.9,"0.4% (1/275)","2.3% (1/44)",4.2,"0.6% (1/159)","4.8% (3/62)",5.4,"3.7% (3/81)","9.1% (2/22)","Anelloviridae.pbmc"
"75","comp_nstemi",2.9,"2.1% (4/188)","5% (1/20)",4.8,"0% (0/209)","4.8% (2/42)",0.5,"1.8% (5/275)","2.3% (1/44)",-1.5,"3.1% (5/159)","1.6% (1/62)",-13.6,"13.6% (11/81)","0% (0/22)","Anelloviridae.pbmc"
"76","comp_chf",-3.7,"3.7% (7/188)","0% (0/20)",12.8,"3.8% (8/209)","16.7% (7/42)",-0.9,"5.5% (15/275)","4.5% (2/44)",0.2,"6.3% (10/159)","6.5% (4/62)",-12.3,"25.9% (21/81)","13.6% (3/22)","Anelloviridae.pbmc"
"77","comp_pneumonia",-10.3,"55.3% (104/188)","45% (9/20)",9.2,"67% (140/209)","76.2% (32/42)",-10.2,"64.7% (178/275)","54.5% (24/44)",0.1,"80.5% (128/159)","80.6% (50/62)",-7.9,"85.2% (69/81)","77.3% (17/22)","Anelloviridae.pbmc"
"78","comp_bronch",0,"0% (0/188)","0% (0/20)",-0.5,"0.5% (1/209)","0% (0/42)",-0.4,"0.4% (1/275)","0% (0/44)",0.4,"1.3% (2/159)","1.6% (1/62)",-1.2,"1.2% (1/81)","0% (0/22)","Anelloviridae.pbmc"
"79","comp_pneumo",-0.5,"0.5% (1/188)","0% (0/20)",4.3,"0.5% (1/209)","4.8% (2/42)",0.8,"1.5% (4/275)","2.3% (1/44)",-0.5,"6.9% (11/159)","6.5% (4/62)",-6.2,"6.2% (5/81)","0% (0/22)","Anelloviridae.pbmc"
"80","comp_pneumomed",0,"0% (0/188)","0% (0/20)",0,"0% (0/209)","0% (0/42)",0,"0% (0/275)","0% (0/44)",-2.2,"3.8% (6/159)","1.6% (1/62)",-6.2,"6.2% (5/81)","0% (0/22)","Anelloviridae.pbmc"
"81","comp_aat",5,"0% (0/188)","5% (1/20)",-0.5,"0.5% (1/209)","0% (0/42)",2.3,"0% (0/275)","2.3% (1/44)",-0.9,"2.5% (4/159)","1.6% (1/62)",-2.5,"2.5% (2/81)","0% (0/22)","Anelloviridae.pbmc"
"82","comp_avthromb",-1.6,"1.6% (3/188)","0% (0/20)",6.2,"3.3% (7/209)","9.5% (4/42)",-2.1,"4.4% (12/275)","2.3% (1/44)",-9.2,"18.9% (30/159)","9.7% (6/62)",-1.2,"14.8% (12/81)","13.6% (3/22)","Anelloviridae.pbmc"
"83","comp_shock",-1.1,"1.1% (2/188)","0% (0/20)",11.9,"2.4% (5/209)","14.3% (6/42)",-0.6,"2.9% (8/275)","2.3% (1/44)",13.4,"33.3% (53/159)","46.8% (29/62)",15.5,"61.7% (50/81)","77.3% (17/22)","Anelloviridae.pbmc"
"84","comp_bac",6.8,"3.2% (6/188)","10% (2/20)",11.9,"4.8% (10/209)","16.7% (7/42)",-6.1,"8.4% (23/275)","2.3% (1/44)",7.6,"21.4% (34/159)","29% (18/62)",1,"30.9% (25/81)","31.8% (7/22)","Anelloviridae.pbmc"
"85","comp_coag",-4.8,"4.8% (9/188)","0% (0/20)",0.9,"3.8% (8/209)","4.8% (2/42)",3.5,"1.1% (3/275)","4.5% (2/44)",-4,"5.7% (9/159)","1.6% (1/62)",4.2,"4.9% (4/81)","9.1% (2/22)","Anelloviridae.pbmc"
"86","comp_hypogly",0,"0% (0/188)","0% (0/20)",1.4,"1% (2/209)","2.4% (1/42)",-1.1,"1.1% (3/275)","0% (0/44)",0.1,"3.1% (5/159)","3.2% (2/62)",-2.5,"2.5% (2/81)","0% (0/22)","Anelloviridae.pbmc"
"87","comp_bleed",3.4,"1.6% (3/188)","5% (1/20)",-2.9,"2.9% (6/209)","0% (0/42)",1.6,"2.9% (8/275)","4.5% (2/44)",-3.3,"11.3% (18/159)","8.1% (5/62)",-2.8,"21% (17/81)","18.2% (4/22)","Anelloviridae.pbmc"
"88","comp_anemia",0.2,"4.8% (9/188)","5% (1/20)",9.5,"4.8% (10/209)","14.3% (6/42)",6.5,"9.5% (26/275)","15.9% (7/44)",2.4,"31.4% (50/159)","33.9% (21/62)",-10.2,"28.4% (23/81)","18.2% (4/22)","Anelloviridae.pbmc"
"89","comp_pancreas",-1.6,"1.6% (3/188)","0% (0/20)",0,"0% (0/209)","0% (0/42)",-0.4,"0.4% (1/275)","0% (0/44)",-0.6,"0.6% (1/159)","0% (0/62)",-1.2,"1.2% (1/81)","0% (0/22)","Anelloviridae.pbmc"
"90","comp_renal",5.4,"9.6% (18/188)","15% (3/20)",16.6,"12% (25/209)","28.6% (12/42)",11.6,"15.6% (43/275)","27.3% (12/44)",9.1,"29.6% (47/159)","38.7% (24/62)",-23.3,"64.2% (52/81)","40.9% (9/22)","Anelloviridae.pbmc"
"91","comp_liver",-10.1,"10.1% (19/188)","0% (0/20)",4.7,"12% (25/209)","16.7% (7/42)",-2.9,"12% (33/275)","9.1% (4/44)",-4.4,"15.7% (25/159)","11.3% (7/62)",-10.3,"14.8% (12/81)","4.5% (1/22)","Anelloviridae.pbmc"
"92","comp_othlab",5.7,"4.3% (8/188)","10% (2/20)",7.6,"1.9% (4/209)","9.5% (4/42)",1.3,"3.3% (9/275)","4.5% (2/44)",2.4,"5.7% (9/159)","8.1% (5/62)",0.8,"3.7% (3/81)","4.5% (1/22)","Anelloviridae.pbmc"
"93","comp_electrolyte",-3.7,"3.7% (7/188)","0% (0/20)",0.9,"1.4% (3/209)","2.4% (1/42)",1.3,"3.3% (9/275)","4.5% (2/44)",0.4,"4.4% (7/159)","4.8% (3/62)",-0.8,"9.9% (8/81)","9.1% (2/22)","Anelloviridae.pbmc"
"94","comp_othinf",6.8,"3.2% (6/188)","10% (2/20)",3.3,"1.4% (3/209)","4.8% (2/42)",4.6,"2.2% (6/275)","6.8% (3/44)",2.7,"3.8% (6/159)","6.5% (4/62)",3.3,"1.2% (1/81)","4.5% (1/22)","Anelloviridae.pbmc"
"95","comp_othpulm",0,"0% (0/188)","0% (0/20)",0,"0% (0/209)","0% (0/42)",-0.4,"0.4% (1/275)","0% (0/44)",0,"0% (0/159)","0% (0/62)",0,"0% (0/81)","0% (0/22)","Anelloviridae.pbmc"
"96","comp_unddisease",3.4,"1.6% (3/188)","5% (1/20)",-1,"1% (2/209)","0% (0/42)",3.1,"1.5% (4/275)","4.5% (2/44)",1,"0.6% (1/159)","1.6% (1/62)",-1.2,"1.2% (1/81)","0% (0/22)","Anelloviridae.pbmc"
"97","comp_enceph",-0.5,"0.5% (1/188)","0% (0/20)",-1.4,"1.4% (3/209)","0% (0/42)",3.1,"1.5% (4/275)","4.5% (2/44)",6.5,"3.1% (5/159)","9.7% (6/62)",-6.2,"6.2% (5/81)","0% (0/22)","Anelloviridae.pbmc"
"98","comp_othneuro",-1.1,"1.1% (2/188)","0% (0/20)",-0.5,"0.5% (1/209)","0% (0/42)",1.5,"0.7% (2/275)","2.3% (1/44)",1.6,"0% (0/159)","1.6% (1/62)",0,"0% (0/81)","0% (0/22)","Anelloviridae.pbmc"
"99","comp_hypergly",-2.1,"2.1% (4/188)","0% (0/20)",-0.5,"5.3% (11/209)","4.8% (2/42)",4,"5.1% (14/275)","9.1% (4/44)",0.1,"3.1% (5/159)","3.2% (2/62)",-1.6,"6.2% (5/81)","4.5% (1/22)","Anelloviridae.pbmc"
"100","comp_psych",-0.5,"0.5% (1/188)","0% (0/20)",-0.5,"0.5% (1/209)","0% (0/42)",-0.4,"0.4% (1/275)","0% (0/44)",0,"0% (0/159)","0% (0/62)",0,"0% (0/81)","0% (0/22)","Anelloviridae.pbmc"
"101","comp_gastroent",-1.1,"1.1% (2/188)","0% (0/20)",-2.4,"2.4% (5/209)","0% (0/42)",-1.5,"1.5% (4/275)","0% (0/44)",-0.6,"0.6% (1/159)","0% (0/62)",0,"0% (0/81)","0% (0/22)","Anelloviridae.pbmc"
"102","comp_pulmvas",0,"0% (0/188)","0% (0/20)",-0.5,"0.5% (1/209)","0% (0/42)",2.3,"0% (0/275)","2.3% (1/44)",0,"0% (0/159)","0% (0/62)",0,"0% (0/81)","0% (0/22)","Anelloviridae.pbmc"
"103","comp_other2",-1.1,"1.1% (2/188)","0% (0/20)",-0.5,"2.9% (6/209)","2.4% (1/42)",0.5,"1.8% (5/275)","2.3% (1/44)",1.3,"1.9% (3/159)","3.2% (2/62)",-2.5,"2.5% (2/81)","0% (0/22)","Anelloviridae.pbmc"
"104","comorb_htn",-6.1,"56.1% (105/187)","50% (3/6)",14.3,"55.7% (122/219)","70% (7/10)",-23.5,"55.1% (157/285)","31.6% (6/19)",-1.1,"59.5% (113/190)","58.3% (7/12)",-5.1,"71.7% (71/99)","66.7% (2/3)","Enterovirus.nasal"
"105","comorb_isaric_dm",26.6,"40.1% (75/187)","66.7% (4/6)",-10.1,"30.1% (66/219)","20% (2/10)",4.2,"32.6% (93/285)","36.8% (7/19)",7.4,"42.6% (81/190)","50% (6/12)",18.2,"48.5% (48/99)","66.7% (2/3)","Enterovirus.nasal"
"106","comorb_anyresp_noasthma",6,"10.7% (20/187)","16.7% (1/6)",2.6,"17.4% (38/219)","20% (2/10)",-2.5,"23.5% (67/285)","21.1% (4/19)",7.1,"17.9% (34/190)","25% (3/12)",30.3,"36.4% (36/99)","66.7% (2/3)","Enterovirus.nasal"
"107","comorb_isaric_asthma",0.1,"16.6% (31/187)","16.7% (1/6)",-18.3,"18.3% (40/219)","0% (0/10)",-8.4,"13.7% (39/285)","5.3% (1/19)",11.8,"13.2% (25/190)","25% (3/12)",24.2,"9.1% (9/99)","33.3% (1/3)","Enterovirus.nasal"
"108","comorb_isaric_cardiac",9.3,"24.1% (45/187)","33.3% (2/6)",16.3,"23.7% (52/219)","40% (4/10)",-14,"29.8% (85/285)","15.8% (3/19)",-6.5,"23.2% (44/190)","16.7% (2/12)",-11.1,"44.4% (44/99)","33.3% (1/3)","Enterovirus.nasal"
"109","comorb_isaric_ckd",-12.3,"12.3% (23/187)","0% (0/6)",-2.3,"12.3% (27/219)","10% (1/10)",-17.5,"17.5% (50/285)","0% (0/19)",-4.8,"13.2% (25/190)","8.3% (1/12)",-29.3,"29.3% (29/99)","0% (0/3)","Enterovirus.nasal"
"110","comorb_isaric_neoplasm",-8,"8% (15/187)","0% (0/6)",0.4,"9.6% (21/219)","10% (1/10)",0.7,"9.8% (28/285)","10.5% (2/19)",-9.5,"9.5% (18/190)","0% (0/12)",17.2,"16.2% (16/99)","33.3% (1/3)","Enterovirus.nasal"
"111","comorb_neuro",-10.7,"10.7% (20/187)","0% (0/6)",0,"10% (22/219)","10% (1/10)",1.4,"14.4% (41/285)","15.8% (3/19)",-11.1,"11.1% (21/190)","0% (0/12)",19.2,"14.1% (14/99)","33.3% (1/3)","Enterovirus.nasal"
"112","comorb_isaric_liver",-4.8,"4.8% (9/187)","0% (0/6)",-5.9,"5.9% (13/219)","0% (0/10)",-4.2,"4.2% (12/285)","0% (0/19)",2,"6.3% (12/190)","8.3% (1/12)",-4,"4% (4/99)","0% (0/3)","Enterovirus.nasal"
"113","comorb_hxtrans",-3.7,"3.7% (7/187)","0% (0/6)",-6.4,"6.4% (14/219)","0% (0/10)",-1.4,"6.7% (19/285)","5.3% (1/19)",-6.8,"6.8% (13/190)","0% (0/12)",-4,"4% (4/99)","0% (0/3)","Enterovirus.nasal"
"114","comorb_hiv2",14,"2.7% (5/187)","16.7% (1/6)",0,"0% (0/219)","0% (0/10)",-1.4,"1.4% (4/285)","0% (0/19)",-1.1,"1.1% (2/190)","0% (0/12)",-1,"1% (1/99)","0% (0/3)","Enterovirus.nasal"
"115","comorb_eversmkvape",2.3,"31% (58/187)","33.3% (2/6)",-10.6,"30.6% (67/219)","20% (2/10)",6.3,"30.5% (87/285)","36.8% (7/19)",11.1,"30.5% (58/190)","41.7% (5/12)",-13.1,"46.5% (46/99)","33.3% (1/3)","Enterovirus.nasal"
"116","comorb_anysubstance",-9.6,"9.6% (18/187)","0% (0/6)",-5.9,"5.9% (13/219)","0% (0/10)",3.5,"7% (20/285)","10.5% (2/19)",2,"6.3% (12/190)","8.3% (1/12)",-8.1,"8.1% (8/99)","0% (0/3)","Enterovirus.nasal"
"117","comorb_count",-17.1,"17.1% (32/187)","0% (0/6)",-6,"16% (35/219)","10% (1/10)",9.8,"16.5% (47/285)","26.3% (5/19)",6.1,"10.5% (20/190)","16.7% (2/12)",-6.1,"6.1% (6/99)","0% (0/3)","Enterovirus.nasal"
"118","comorb_countcat",-17.1,"17.1% (32/187)","0% (0/6)",-6,"16% (35/219)","10% (1/10)",9.8,"16.5% (47/285)","26.3% (5/19)",6.1,"10.5% (20/190)","16.7% (2/12)",-6.1,"6.1% (6/99)","0% (0/3)","Enterovirus.nasal"
"119","timesymptomcat",-6.9,"23.5% (44/187)","16.7% (1/6)",10.8,"19.2% (42/219)","30% (3/10)",-10.2,"20.7% (59/285)","10.5% (2/19)",-0.2,"16.8% (32/190)","16.7% (2/12)",41.4,"25.3% (25/99)","66.7% (2/3)","Enterovirus.nasal"
"120","symptom_allresp",19.3,"80.7% (151/187)","100% (6/6)",9.6,"90.4% (198/219)","100% (10/10)",-1.4,"85.6% (244/285)","84.2% (16/19)",0.1,"91.6% (174/190)","91.7% (11/12)",17.2,"82.8% (82/99)","100% (3/3)","Enterovirus.nasal"
"121","symptom_cough",41.2,"58.8% (110/187)","100% (6/6)",13.3,"66.7% (146/219)","80% (8/10)",-13.3,"60.7% (173/285)","47.4% (9/19)",8.2,"58.4% (111/190)","66.7% (8/12)",15.2,"51.5% (51/99)","66.7% (2/3)","Enterovirus.nasal"
"122","symptom_cough_prod",1.7,"15% (28/187)","16.7% (1/6)",5.4,"14.6% (32/219)","20% (2/10)",-7,"17.5% (50/285)","10.5% (2/19)",7.7,"8.9% (17/190)","16.7% (2/12)",-15.2,"15.2% (15/99)","0% (0/3)","Enterovirus.nasal"
"123","symptom_haemoptysis",-3.7,"3.7% (7/187)","0% (0/6)",-1.8,"1.8% (4/219)","0% (0/10)",-2.1,"2.1% (6/285)","0% (0/19)",-1.6,"1.6% (3/190)","0% (0/12)",-1,"1% (1/99)","0% (0/3)","Enterovirus.nasal"
"124","symptom_sorethroat",6.5,"10.2% (19/187)","16.7% (1/6)",-8.7,"8.7% (19/219)","0% (0/10)",-2.5,"7.7% (22/285)","5.3% (1/19)",-8.9,"8.9% (17/190)","0% (0/12)",-5.1,"5.1% (5/99)","0% (0/3)","Enterovirus.nasal"
"125","symptom_rhinorrhea",43,"7% (13/187)","50% (3/6)",-2.3,"2.3% (5/219)","0% (0/10)",-1.1,"6.3% (18/285)","5.3% (1/19)",-4.7,"4.7% (9/190)","0% (0/12)",-4,"4% (4/99)","0% (0/3)","Enterovirus.nasal"
"126","symptom_wheeze",12.9,"3.7% (7/187)","16.7% (1/6)",-4.1,"4.1% (9/219)","0% (0/10)",0.7,"4.6% (13/285)","5.3% (1/19)",19.2,"5.8% (11/190)","25% (3/12)",-7.1,"7.1% (7/99)","0% (0/3)","Enterovirus.nasal"
"127","symptom_chestpain",8.7,"24.6% (46/187)","33.3% (2/6)",-1.9,"21.9% (48/219)","20% (2/10)",20,"16.8% (48/285)","36.8% (7/19)",-0.2,"16.8% (32/190)","16.7% (2/12)",21.2,"12.1% (12/99)","33.3% (1/3)","Enterovirus.nasal"
"128","symptom_dyspnea",39.6,"60.4% (113/187)","100% (6/6)",6.5,"73.5% (161/219)","80% (8/10)",-0.4,"68.8% (196/285)","68.4% (13/19)",-14.9,"81.6% (155/190)","66.7% (8/12)",24.2,"75.8% (75/99)","100% (3/3)","Enterovirus.nasal"
"129","symptom_chestwall",0,"0% (0/187)","0% (0/6)",0,"0% (0/218)","0% (0/10)",0,"0% (0/284)","0% (0/19)",-0.5,"0.5% (1/190)","0% (0/12)",0,"0% (0/99)","0% (0/3)","Enterovirus.nasal"
"130","symptom_earpain",0,"0% (0/187)","0% (0/6)",-0.5,"0.5% (1/219)","0% (0/10)",-0.4,"0.4% (1/285)","0% (0/19)",-0.5,"0.5% (1/190)","0% (0/12)",0,"0% (0/99)","0% (0/3)","Enterovirus.nasal"
"131","symptom_conjunctivitis",0,"0% (0/187)","0% (0/6)",0,"0% (0/219)","0% (0/10)",-0.4,"0.4% (1/285)","0% (0/19)",0,"0% (0/190)","0% (0/12)",0,"0% (0/99)","0% (0/3)","Enterovirus.nasal"
"132","symptom_allsyst",6.3,"77% (144/187)","83.3% (5/6)",0.1,"79.9% (175/219)","80% (8/10)",-19.6,"72.3% (206/285)","52.6% (10/19)",-15.8,"65.8% (125/190)","50% (6/12)",6.1,"60.6% (60/99)","66.7% (2/3)","Enterovirus.nasal"
"133","symptom_fever",-0.3,"50.3% (94/187)","50% (3/6)",13.8,"56.2% (123/219)","70% (7/10)",-12.6,"49.5% (141/285)","36.8% (7/19)",-12.5,"45.8% (87/190)","33.3% (4/12)",-10.1,"43.4% (43/99)","33.3% (1/3)","Enterovirus.nasal"
"134","symptom_chills",-7.9,"24.6% (46/187)","16.7% (1/6)",-9.2,"29.2% (64/219)","20% (2/10)",-1.4,"27.7% (79/285)","26.3% (5/19)",-18.9,"18.9% (36/190)","0% (0/12)",-13.1,"13.1% (13/99)","0% (0/3)","Enterovirus.nasal"
"135","symptom_shaking",-0.5,"0.5% (1/187)","0% (0/6)",-1.8,"1.8% (4/219)","0% (0/10)",-0.7,"0.7% (2/284)","0% (0/19)",-1.1,"1.1% (2/190)","0% (0/12)",0,"0% (0/99)","0% (0/3)","Enterovirus.nasal"
"136","symptom_fatigue",3.5,"46.5% (87/187)","50% (3/6)",3.4,"46.6% (102/219)","50% (5/10)",-4.6,"41.4% (118/285)","36.8% (7/19)",5.4,"36.3% (69/190)","41.7% (5/12)",3,"30.3% (30/99)","33.3% (1/3)","Enterovirus.nasal"
"137","symptom_myalgia",3.9,"29.4% (55/187)","33.3% (2/6)",19.4,"30.6% (67/219)","50% (5/10)",0.4,"20.7% (59/285)","21.1% (4/19)",-11.7,"20% (38/190)","8.3% (1/12)",24.2,"9.1% (9/99)","33.3% (1/3)","Enterovirus.nasal"
"138","symptom_lymphadenopathy",0,"0% (0/187)","0% (0/6)",0,"0% (0/219)","0% (0/10)",0,"0% (0/285)","0% (0/19)",0,"0% (0/190)","0% (0/12)",-1,"1% (1/99)","0% (0/3)","Enterovirus.nasal"
"139","symptom_allneuro",15.8,"34.2% (64/187)","50% (3/6)",-11.1,"31.1% (68/219)","20% (2/10)",2.5,"29.1% (83/285)","31.6% (6/19)",-16,"32.6% (62/190)","16.7% (2/12)",-27.3,"27.3% (27/99)","0% (0/3)","Enterovirus.nasal"
"140","symptom_headache",28.6,"21.4% (40/187)","50% (3/6)",1.3,"18.7% (41/219)","20% (2/10)",11.2,"15.1% (43/285)","26.3% (5/19)",-1.2,"17.9% (34/190)","16.7% (2/12)",-4,"4% (4/99)","0% (0/3)","Enterovirus.nasal"
"141","symptom_confusion",-3.2,"3.2% (6/187)","0% (0/6)",-2.7,"2.7% (6/219)","0% (0/10)",-4.9,"4.9% (14/285)","0% (0/19)",-9.5,"9.5% (18/190)","0% (0/12)",-13.1,"13.1% (13/99)","0% (0/3)","Enterovirus.nasal"
"142","symptom_seizure",0,"0% (0/187)","0% (0/6)",0,"0% (0/219)","0% (0/10)",-0.4,"0.4% (1/285)","0% (0/19)",-0.5,"0.5% (1/190)","0% (0/12)",0,"0% (0/99)","0% (0/3)","Enterovirus.nasal"
"143","symptom_syncope",-3.7,"3.7% (7/187)","0% (0/6)",-0.9,"0.9% (2/219)","0% (0/10)",-1.8,"1.8% (5/285)","0% (0/19)",-0.5,"0.5% (1/190)","0% (0/12)",-3,"3% (3/99)","0% (0/3)","Enterovirus.nasal"
"144","symptom_anosmia",19.4,"13.9% (26/187)","33.3% (2/6)",-11.9,"11.9% (26/219)","0% (0/10)",-6,"11.2% (32/285)","5.3% (1/19)",-7.9,"7.9% (15/190)","0% (0/12)",-9.1,"9.1% (9/99)","0% (0/3)","Enterovirus.nasal"
"145","symptom_allGI",20.7,"46% (86/187)","66.7% (4/6)",-18.4,"48.4% (106/219)","30% (3/10)",-10.2,"36.5% (104/285)","26.3% (5/19)",-5.5,"30.5% (58/190)","25% (3/12)",4,"29.3% (29/99)","33.3% (1/3)","Enterovirus.nasal"
"146","symptom_abdpain",4.9,"11.8% (22/187)","16.7% (1/6)",10.4,"9.6% (21/219)","20% (2/10)",2.1,"8.4% (24/285)","10.5% (2/19)",9.3,"7.4% (14/190)","16.7% (2/12)",-8.1,"8.1% (8/99)","0% (0/3)","Enterovirus.nasal"
"147","symptom_nausea",4.5,"28.9% (54/187)","33.3% (2/6)",-31.5,"31.5% (69/219)","0% (0/10)",-9.1,"19.6% (56/285)","10.5% (2/19)",-15.8,"15.8% (30/190)","0% (0/12)",21.2,"12.1% (12/99)","33.3% (1/3)","Enterovirus.nasal"
"148","symptom_diarrhea",26.5,"23.5% (44/187)","50% (3/6)",-16.5,"26.5% (58/219)","10% (1/10)",-1.4,"22.5% (64/285)","21.1% (4/19)",-0.7,"17.4% (33/190)","16.7% (2/12)",-15.2,"15.2% (15/99)","0% (0/3)","Enterovirus.nasal"
"149","symptom_allderm",-0.5,"0.5% (1/187)","0% (0/6)",-0.5,"0.5% (1/219)","0% (0/10)",4.9,"0.4% (1/285)","5.3% (1/19)",6.8,"1.6% (3/190)","8.3% (1/12)",-1,"1% (1/99)","0% (0/3)","Enterovirus.nasal"
"150","symptom_skinrash",-0.5,"0.5% (1/187)","0% (0/6)",-0.5,"0.5% (1/219)","0% (0/10)",4.9,"0.4% (1/285)","5.3% (1/19)",-1.1,"1.1% (2/190)","0% (0/12)",0,"0% (0/99)","0% (0/3)","Enterovirus.nasal"
"151","symptom_skinulcer",0,"0% (0/187)","0% (0/6)",0,"0% (0/219)","0% (0/10)",0,"0% (0/285)","0% (0/19)",7.8,"0.5% (1/190)","8.3% (1/12)",-1,"1% (1/99)","0% (0/3)","Enterovirus.nasal"
"152","symptom_allother",-10.7,"10.7% (20/187)","0% (0/6)",10.4,"9.6% (21/219)","20% (2/10)",2.1,"3.2% (9/285)","5.3% (1/19)",7.7,"8.9% (17/190)","16.7% (2/12)",-11.1,"11.1% (11/99)","0% (0/3)","Enterovirus.nasal"
"153","symptom_arthralgia",-8.6,"8.6% (16/187)","0% (0/6)",-5,"5% (11/219)","0% (0/10)",-1.8,"1.8% (5/285)","0% (0/19)",-2.1,"2.1% (4/190)","0% (0/12)",-3,"3% (3/99)","0% (0/3)","Enterovirus.nasal"
"154","symptom_edema",-1.1,"1.1% (2/187)","0% (0/6)",7.3,"2.7% (6/219)","10% (1/10)",-0.4,"0.4% (1/285)","0% (0/19)",5.7,"2.6% (5/190)","8.3% (1/12)",-5.1,"5.1% (5/99)","0% (0/3)","Enterovirus.nasal"
"155","symptom_nonamb",-1.6,"1.6% (3/187)","0% (0/6)",8.6,"1.4% (3/219)","10% (1/10)",-1.8,"1.8% (5/285)","0% (0/19)",4.6,"3.7% (7/190)","8.3% (1/12)",-4,"4% (4/99)","0% (0/3)","Enterovirus.nasal"
"156","symptom_bleeding",0,"0% (0/187)","0% (0/6)",-0.5,"0.5% (1/219)","0% (0/10)",5.3,"0% (0/285)","5.3% (1/19)",-0.5,"0.5% (1/190)","0% (0/12)",0,"0% (0/99)","0% (0/3)","Enterovirus.nasal"
"157","ever_ever_esc",14.5,"2.1% (4/187)","16.7% (1/6)",-10,"10% (22/219)","0% (0/10)",-8.8,"8.8% (25/285)","0% (0/19)",-9.7,"34.7% (66/190)","25% (3/12)",52.5,"47.5% (47/99)","100% (3/3)","Enterovirus.nasal"
"158","ever_icu",-3.7,"3.7% (7/187)","0% (0/6)",7.6,"22.4% (49/219)","30% (3/10)",-8.1,"18.6% (53/285)","10.5% (2/19)",-20.2,"86.8% (165/190)","66.7% (8/12)",13.1,"86.9% (86/99)","100% (3/3)","Enterovirus.nasal"
"159","diedever",-2.7,"2.7% (5/187)","0% (0/6)",-3.2,"3.2% (7/219)","0% (0/10)",2.5,"2.8% (8/285)","5.3% (1/19)",17.5,"15.8% (30/190)","33.3% (4/12)",0,"100% (99/99)","100% (3/3)","Enterovirus.nasal"
"160","ever_remdes",-10,"43.3% (81/187)","33.3% (2/6)",18.3,"71.7% (157/219)","90% (9/10)",8.4,"60% (171/285)","68.4% (13/19)",2.9,"72.1% (137/190)","75% (9/12)",40.4,"59.6% (59/99)","100% (3/3)","Enterovirus.nasal"
"161","ever_steroids",53.5,"46.5% (87/187)","100% (6/6)",-15.3,"65.3% (143/219)","50% (5/10)",-5.3,"68.4% (195/285)","63.2% (12/19)",11.1,"88.9% (169/190)","100% (12/12)",18.2,"81.8% (81/99)","100% (3/3)","Enterovirus.nasal"
"162","ever_azithro",10.3,"23% (43/187)","33.3% (2/6)",17.6,"32.4% (71/219)","50% (5/10)",-3.9,"30.2% (86/285)","26.3% (5/19)",-10.9,"44.2% (84/190)","33.3% (4/12)",-36.4,"36.4% (36/99)","0% (0/3)","Enterovirus.nasal"
"163","ever_otherabx",-10.5,"43.9% (82/187)","33.3% (2/6)",-16.6,"46.6% (102/219)","30% (3/10)",5.6,"47% (134/285)","52.6% (10/19)",3.9,"79.5% (151/190)","83.3% (10/12)",-23.2,"89.9% (89/99)","66.7% (2/3)","Enterovirus.nasal"
"164","ever_conplas",-3.7,"3.7% (7/187)","0% (0/6)",2.2,"7.8% (17/219)","10% (1/10)",-0.7,"6% (17/285)","5.3% (1/19)",-11.6,"11.6% (22/190)","0% (0/12)",-14.1,"14.1% (14/99)","0% (0/3)","Enterovirus.nasal"
"165","ever_monoclonal",0,"0% (0/187)","0% (0/6)",9.5,"0.5% (1/219)","10% (1/10)",-0.4,"0.4% (1/285)","0% (0/19)",-1.1,"1.1% (2/190)","0% (0/12)",0,"0% (0/99)","0% (0/3)","Enterovirus.nasal"
"166","ever_immsupp",10.8,"5.9% (11/187)","16.7% (1/6)",-6.8,"6.8% (15/219)","0% (0/10)",-1.8,"7% (20/285)","5.3% (1/19)",-0.1,"8.4% (16/190)","8.3% (1/12)",-5.1,"5.1% (5/99)","0% (0/3)","Enterovirus.nasal"
"167","anycomp",8.5,"74.9% (140/187)","83.3% (5/6)",-2.2,"82.2% (180/219)","80% (8/10)",-1.4,"85.6% (244/285)","84.2% (16/19)",-10.9,"94.2% (179/190)","83.3% (10/12)",3,"97% (96/99)","100% (3/3)","Enterovirus.nasal"
"168","ncomp",15.8,"34.2% (64/187)","50% (3/6)",1.7,"18.3% (40/219)","20% (2/10)",-16.5,"21.8% (62/285)","5.3% (1/19)",-7.4,"7.4% (14/190)","0% (0/12)",32.3,"1% (1/99)","33.3% (1/3)","Enterovirus.nasal"
"169","comp_seizure",0,"0% (0/187)","0% (0/6)",-0.5,"0.5% (1/219)","0% (0/10)",-0.4,"0.4% (1/285)","0% (0/19)",7.8,"0.5% (1/190)","8.3% (1/12)",-1,"1% (1/99)","0% (0/3)","Enterovirus.nasal"
"170","comp_meningitis",-0.5,"0.5% (1/187)","0% (0/6)",-0.5,"0.5% (1/219)","0% (0/10)",-0.7,"0.7% (2/285)","0% (0/19)",-2.1,"2.1% (4/190)","0% (0/12)",-5.1,"5.1% (5/99)","0% (0/3)","Enterovirus.nasal"
"171","comp_stroke",-0.5,"0.5% (1/187)","0% (0/6)",0,"0% (0/219)","0% (0/10)",-1.1,"1.1% (3/285)","0% (0/19)",-5.3,"5.3% (10/190)","0% (0/12)",-5.1,"5.1% (5/99)","0% (0/3)","Enterovirus.nasal"
"172","comp_afib",-1.6,"1.6% (3/187)","0% (0/6)",-5,"5% (11/219)","0% (0/10)",4.2,"6.3% (18/285)","10.5% (2/19)",5.6,"11.1% (21/190)","16.7% (2/12)",-23.2,"23.2% (23/99)","0% (0/3)","Enterovirus.nasal"
"173","comp_ventricular_arr",-0.5,"0.5% (1/187)","0% (0/6)",-1.8,"1.8% (4/219)","0% (0/10)",-2.1,"2.1% (6/285)","0% (0/19)",3.6,"4.7% (9/190)","8.3% (1/12)",-13.1,"13.1% (13/99)","0% (0/3)","Enterovirus.nasal"
"174","comp_endo",0,"0% (0/187)","0% (0/6)",0,"0% (0/219)","0% (0/10)",0,"0% (0/285)","0% (0/19)",-0.5,"0.5% (1/190)","0% (0/12)",0,"0% (0/99)","0% (0/3)","Enterovirus.nasal"
"175","comp_myocard",0,"0% (0/187)","0% (0/6)",-0.5,"0.5% (1/219)","0% (0/10)",-0.7,"0.7% (2/285)","0% (0/19)",0,"0% (0/190)","0% (0/12)",-1,"1% (1/99)","0% (0/3)","Enterovirus.nasal"
"176","comp_cardarrest",0,"0% (0/187)","0% (0/6)",0,"0% (0/219)","0% (0/10)",-0.4,"0.4% (1/285)","0% (0/19)",-3.2,"3.2% (6/190)","0% (0/12)",-28.3,"28.3% (28/99)","0% (0/3)","Enterovirus.nasal"
"177","comp_stemi",-0.5,"0.5% (1/187)","0% (0/6)",0,"0% (0/219)","0% (0/10)",-0.7,"0.7% (2/285)","0% (0/19)",-2.1,"2.1% (4/190)","0% (0/12)",-5.1,"5.1% (5/99)","0% (0/3)","Enterovirus.nasal"
"178","comp_nstemi",-2.1,"2.1% (4/187)","0% (0/6)",-0.9,"0.9% (2/219)","0% (0/10)",-1.8,"1.8% (5/285)","0% (0/19)",6.2,"2.1% (4/190)","8.3% (1/12)",-11.1,"11.1% (11/99)","0% (0/3)","Enterovirus.nasal"
"179","comp_chf",-2.1,"2.1% (4/187)","0% (0/6)",-5,"5% (11/219)","0% (0/10)",-0.4,"5.6% (16/285)","5.3% (1/19)",10.9,"5.8% (11/190)","16.7% (2/12)",10.1,"23.2% (23/99)","33.3% (1/3)","Enterovirus.nasal"
"180","comp_pneumonia",13.7,"52.9% (99/187)","66.7% (4/6)",1.1,"68.9% (151/219)","70% (7/10)",-5.6,"63.5% (181/285)","57.9% (11/19)",-5.5,"80.5% (153/190)","75% (9/12)",16.2,"83.8% (83/99)","100% (3/3)","Enterovirus.nasal"
"181","comp_bronch",0,"0% (0/187)","0% (0/6)",-0.5,"0.5% (1/219)","0% (0/10)",-0.4,"0.4% (1/285)","0% (0/19)",7.3,"1.1% (2/190)","8.3% (1/12)",0,"0% (0/99)","0% (0/3)","Enterovirus.nasal"
"182","comp_pneumo",-0.5,"0.5% (1/187)","0% (0/6)",-0.9,"0.9% (2/219)","0% (0/10)",3.9,"1.4% (4/285)","5.3% (1/19)",9.8,"6.8% (13/190)","16.7% (2/12)",-6.1,"6.1% (6/99)","0% (0/3)","Enterovirus.nasal"
"183","comp_pneumomed",0,"0% (0/187)","0% (0/6)",0,"0% (0/219)","0% (0/10)",0,"0% (0/285)","0% (0/19)",5.2,"3.2% (6/190)","8.3% (1/12)",-5.1,"5.1% (5/99)","0% (0/3)","Enterovirus.nasal"
"184","comp_aat",-0.5,"0.5% (1/187)","0% (0/6)",-0.5,"0.5% (1/219)","0% (0/10)",0,"0% (0/285)","0% (0/19)",-1.6,"1.6% (3/190)","0% (0/12)",-2,"2% (2/99)","0% (0/3)","Enterovirus.nasal"
"185","comp_avthromb",-1.1,"1.1% (2/187)","0% (0/6)",5.9,"4.1% (9/219)","10% (1/10)",2.1,"3.2% (9/285)","5.3% (1/19)",1.4,"15.3% (29/190)","16.7% (2/12)",-16.2,"16.2% (16/99)","0% (0/3)","Enterovirus.nasal"
"186","comp_shock",-1.1,"1.1% (2/187)","0% (0/6)",-4.1,"4.1% (9/219)","0% (0/10)",-3.2,"3.2% (9/285)","0% (0/19)",23.1,"35.3% (67/190)","58.3% (7/12)",-68.7,"68.7% (68/99)","0% (0/3)","Enterovirus.nasal"
"187","comp_bac",13.5,"3.2% (6/187)","16.7% (1/6)",-5.5,"5.5% (12/219)","0% (0/10)",-2.8,"8.1% (23/285)","5.3% (1/19)",28.4,"21.6% (41/190)","50% (6/12)",3,"30.3% (30/99)","33.3% (1/3)","Enterovirus.nasal"
"188","comp_coag",-4.3,"4.3% (8/187)","0% (0/6)",6.8,"3.2% (7/219)","10% (1/10)",-1.8,"1.8% (5/285)","0% (0/19)",3.6,"4.7% (9/190)","8.3% (1/12)",-6.1,"6.1% (6/99)","0% (0/3)","Enterovirus.nasal"
"189","comp_hypogly",-0.5,"0.5% (1/187)","0% (0/6)",-1.4,"1.4% (3/219)","0% (0/10)",-1.1,"1.1% (3/285)","0% (0/19)",14.6,"2.1% (4/190)","16.7% (2/12)",-2,"2% (2/99)","0% (0/3)","Enterovirus.nasal"
"190","comp_bleed",-1.6,"1.6% (3/187)","0% (0/6)",-2.3,"2.3% (5/219)","0% (0/10)",7.7,"2.8% (8/285)","10.5% (2/19)",16.1,"8.9% (17/190)","25% (3/12)",-21.2,"21.2% (21/99)","0% (0/3)","Enterovirus.nasal"
"191","comp_anemia",-4.8,"4.8% (9/187)","0% (0/6)",-6.4,"6.4% (14/219)","0% (0/10)",-6.3,"11.6% (33/285)","5.3% (1/19)",28.9,"29.5% (56/190)","58.3% (7/12)",-28.3,"28.3% (28/99)","0% (0/3)","Enterovirus.nasal"
"192","comp_pancreas",-1.6,"1.6% (3/187)","0% (0/6)",0,"0% (0/219)","0% (0/10)",-0.4,"0.4% (1/285)","0% (0/19)",-0.5,"0.5% (1/190)","0% (0/12)",-1,"1% (1/99)","0% (0/3)","Enterovirus.nasal"
"193","comp_renal",-7,"7% (13/187)","0% (0/6)",4.9,"15.1% (33/219)","20% (2/10)",-12.3,"17.5% (50/285)","5.3% (1/19)",37.7,"28.9% (55/190)","66.7% (8/12)",-26.3,"59.6% (59/99)","33.3% (1/3)","Enterovirus.nasal"
"194","comp_liver",-9.1,"9.1% (17/187)","0% (0/6)",-3.2,"13.2% (29/219)","10% (1/10)",-2.1,"12.6% (36/285)","10.5% (2/19)",10.8,"14.2% (27/190)","25% (3/12)",-14.1,"14.1% (14/99)","0% (0/3)","Enterovirus.nasal"
"195","comp_othlab",-4.3,"4.3% (8/187)","0% (0/6)",-3.7,"3.7% (8/219)","0% (0/10)",-3.9,"3.9% (11/285)","0% (0/19)",11.4,"5.3% (10/190)","16.7% (2/12)",-4,"4% (4/99)","0% (0/3)","Enterovirus.nasal"
"196","comp_electrolyte",-4.3,"4.3% (8/187)","0% (0/6)",-1.8,"1.8% (4/219)","0% (0/10)",2.5,"2.8% (8/285)","5.3% (1/19)",3.6,"4.7% (9/190)","8.3% (1/12)",-9.1,"9.1% (9/99)","0% (0/3)","Enterovirus.nasal"
"197","comp_othinf",-3.2,"3.2% (6/187)","0% (0/6)",-2.3,"2.3% (5/219)","0% (0/10)",8.1,"2.5% (7/285)","10.5% (2/19)",3.6,"4.7% (9/190)","8.3% (1/12)",-2,"2% (2/99)","0% (0/3)","Enterovirus.nasal"
"198","comp_othpulm",0,"0% (0/187)","0% (0/6)",0,"0% (0/219)","0% (0/10)",-0.4,"0.4% (1/285)","0% (0/19)",0,"0% (0/190)","0% (0/12)",0,"0% (0/99)","0% (0/3)","Enterovirus.nasal"
"199","comp_unddisease",15.1,"1.6% (3/187)","16.7% (1/6)",-0.9,"0.9% (2/219)","0% (0/10)",-1.8,"1.8% (5/285)","0% (0/19)",-1.1,"1.1% (2/190)","0% (0/12)",-1,"1% (1/99)","0% (0/3)","Enterovirus.nasal"
"200","comp_enceph",-0.5,"0.5% (1/187)","0% (0/6)",-1.4,"1.4% (3/219)","0% (0/10)",3.5,"1.8% (5/285)","5.3% (1/19)",3.6,"4.7% (9/190)","8.3% (1/12)",-3,"3% (3/99)","0% (0/3)","Enterovirus.nasal"
"201","comp_othneuro",-1.1,"1.1% (2/187)","0% (0/6)",-0.5,"0.5% (1/219)","0% (0/10)",-1.1,"1.1% (3/285)","0% (0/19)",-0.5,"0.5% (1/190)","0% (0/12)",0,"0% (0/99)","0% (0/3)","Enterovirus.nasal"
"202","comp_hypergly",-2.1,"2.1% (4/187)","0% (0/6)",-5.9,"5.9% (13/219)","0% (0/10)",0,"5.3% (15/285)","5.3% (1/19)",5.7,"2.6% (5/190)","8.3% (1/12)",-6.1,"6.1% (6/99)","0% (0/3)","Enterovirus.nasal"
"203","comp_psych",-0.5,"0.5% (1/187)","0% (0/6)",-0.5,"0.5% (1/219)","0% (0/10)",-0.4,"0.4% (1/285)","0% (0/19)",0,"0% (0/190)","0% (0/12)",0,"0% (0/99)","0% (0/3)","Enterovirus.nasal"
"204","comp_gastroent",-1.1,"1.1% (2/187)","0% (0/6)",-1.8,"1.8% (4/219)","0% (0/10)",-1.4,"1.4% (4/285)","0% (0/19)",8.3,"0% (0/190)","8.3% (1/12)",0,"0% (0/99)","0% (0/3)","Enterovirus.nasal"
"205","comp_pulmvas",0,"0% (0/187)","0% (0/6)",-0.5,"0.5% (1/219)","0% (0/10)",0,"0% (0/285)","0% (0/19)",0,"0% (0/190)","0% (0/12)",0,"0% (0/99)","0% (0/3)","Enterovirus.nasal"
"206","comp_other2",-0.5,"0.5% (1/187)","0% (0/6)",-2.3,"2.3% (5/219)","0% (0/10)",-2.1,"2.1% (6/285)","0% (0/19)",-2.6,"2.6% (5/190)","0% (0/12)",-2,"2% (2/99)","0% (0/3)","Enterovirus.nasal"
"207","comorb_htn",-18.5,"57% (102/179)","38.5% (5/13)",8.2,"56.5% (117/207)","64.7% (11/17)",-11.3,"54.2% (156/288)","42.9% (6/14)",-2.5,"60% (96/160)","57.5% (23/40)",-7.9,"72.6% (61/84)","64.7% (11/17)","Human alphaherpesvirus 1 (HSV1).nasal"
"208","comorb_isaric_dm",-18.8,"41.9% (75/179)","23.1% (3/13)",-0.5,"30% (62/207)","29.4% (5/17)",-4.4,"33% (95/288)","28.6% (4/14)",-3.1,"43.1% (69/160)","40% (16/40)",-10,"51.2% (43/84)","41.2% (7/17)","Human alphaherpesvirus 1 (HSV1).nasal"
"209","comorb_anyresp_noasthma",4.8,"10.6% (19/179)","15.4% (2/13)",-6.1,"17.9% (37/207)","11.8% (2/17)",-2.2,"23.6% (68/288)","21.4% (3/14)",-7.5,"20% (32/160)","12.5% (5/40)",-1.6,"36.9% (31/84)","35.3% (6/17)","Human alphaherpesvirus 1 (HSV1).nasal"
"210","comorb_isaric_asthma",6.9,"16.2% (29/179)","23.1% (3/13)",-12,"17.9% (37/207)","5.9% (1/17)",1.1,"13.2% (38/288)","14.3% (2/14)",4.4,"13.1% (21/160)","17.5% (7/40)",-3.6,"9.5% (8/84)","5.9% (1/17)","Human alphaherpesvirus 1 (HSV1).nasal"
"211","comorb_isaric_cardiac",-1.5,"24.6% (44/179)","23.1% (3/13)",11.1,"24.2% (50/207)","35.3% (6/17)",6.9,"28.8% (83/288)","35.7% (5/14)",-3.8,"23.8% (38/160)","20% (8/40)",-25.3,"48.8% (41/84)","23.5% (4/17)","Human alphaherpesvirus 1 (HSV1).nasal"
"212","comorb_isaric_ckd",-4.6,"12.3% (22/179)","7.7% (1/13)",18.3,"11.1% (23/207)","29.4% (5/17)",-2.4,"16.7% (48/288)","14.3% (2/14)",-3.8,"13.8% (22/160)","10% (4/40)",-20.4,"32.1% (27/84)","11.8% (2/17)","Human alphaherpesvirus 1 (HSV1).nasal"
"213","comorb_isaric_neoplasm",16.4,"6.7% (12/179)","23.1% (3/13)",9,"8.7% (18/207)","17.6% (3/17)",-2.9,"10.1% (29/288)","7.1% (1/14)",7.5,"7.5% (12/160)","15% (6/40)",1,"16.7% (14/84)","17.6% (3/17)","Human alphaherpesvirus 1 (HSV1).nasal"
"214","comorb_neuro",-11.2,"11.2% (20/179)","0% (0/13)",1.6,"10.1% (21/207)","11.8% (2/17)",-7.8,"14.9% (43/288)","7.1% (1/14)",-6.9,"11.9% (19/160)","5% (2/40)",-3.7,"15.5% (13/84)","11.8% (2/17)","Human alphaherpesvirus 1 (HSV1).nasal"
"215","comorb_isaric_liver",-5,"5% (9/179)","0% (0/13)",-6.3,"6.3% (13/207)","0% (0/17)",3.3,"3.8% (11/288)","7.1% (1/14)",-8.1,"8.1% (13/160)","0% (0/40)",-4.8,"4.8% (4/84)","0% (0/17)","Human alphaherpesvirus 1 (HSV1).nasal"
"216","comorb_hxtrans",-3.9,"3.9% (7/179)","0% (0/13)",-6.8,"6.8% (14/207)","0% (0/17)",8,"6.2% (18/288)","14.3% (2/14)",-1.9,"6.9% (11/160)","5% (2/40)",-4.8,"4.8% (4/84)","0% (0/17)","Human alphaherpesvirus 1 (HSV1).nasal"
"217","comorb_hiv2",5.5,"2.2% (4/179)","7.7% (1/13)",0,"0% (0/207)","0% (0/17)",-1.4,"1.4% (4/288)","0% (0/14)",-1.2,"1.2% (2/160)","0% (0/40)",-1.2,"1.2% (1/84)","0% (0/17)","Human alphaherpesvirus 1 (HSV1).nasal"
"218","comorb_eversmkvape",-8.2,"31.3% (56/179)","23.1% (3/13)",-1.5,"30.9% (64/207)","29.4% (5/17)",-9.5,"30.9% (89/288)","21.4% (3/14)",-23.8,"36.2% (58/160)","12.5% (5/40)",-27.7,"51.2% (43/84)","23.5% (4/17)","Human alphaherpesvirus 1 (HSV1).nasal"
"219","comorb_anysubstance",14.7,"8.4% (15/179)","23.1% (3/13)",6.5,"5.3% (11/207)","11.8% (2/17)",-0.1,"7.3% (21/288)","7.1% (1/14)",-5,"7.5% (12/160)","2.5% (1/40)",-9.5,"9.5% (8/84)","0% (0/17)","Human alphaherpesvirus 1 (HSV1).nasal"
"220","comorb_count",23.4,"15.1% (27/179)","38.5% (5/13)",9,"14.5% (30/207)","23.5% (4/17)",-2.7,"17% (49/288)","14.3% (2/14)",1.9,"10.6% (17/160)","12.5% (5/40)",-0.1,"6% (5/84)","5.9% (1/17)","Human alphaherpesvirus 1 (HSV1).nasal"
"221","comorb_countcat",23.4,"15.1% (27/179)","38.5% (5/13)",9,"14.5% (30/207)","23.5% (4/17)",-2.7,"17% (49/288)","14.3% (2/14)",1.9,"10.6% (17/160)","12.5% (5/40)",-0.1,"6% (5/84)","5.9% (1/17)","Human alphaherpesvirus 1 (HSV1).nasal"
"222","timesymptomcat",7.9,"22.9% (41/179)","30.8% (4/13)",-15.4,"21.3% (44/207)","5.9% (1/17)",1.3,"20.1% (58/288)","21.4% (3/14)",10,"15% (24/160)","25% (10/40)",-3.9,"27.4% (23/84)","23.5% (4/17)","Human alphaherpesvirus 1 (HSV1).nasal"
"223","symptom_allresp",-12.9,"82.1% (147/179)","69.2% (9/13)",10.1,"89.9% (186/207)","100% (17/17)",0.3,"85.4% (246/288)","85.7% (12/14)",-5,"92.5% (148/160)","87.5% (35/40)",4.9,"83.3% (70/84)","88.2% (15/17)","Human alphaherpesvirus 1 (HSV1).nasal"
"224","symptom_cough",-6.5,"60.3% (108/179)","53.8% (7/13)",-3.9,"68.6% (142/207)","64.7% (11/17)",4.9,"59.4% (171/288)","64.3% (9/14)",-7.5,"60% (96/160)","52.5% (21/40)",-6.5,"53.6% (45/84)","47.1% (8/17)","Human alphaherpesvirus 1 (HSV1).nasal"
"225","symptom_cough_prod",0.3,"15.1% (27/179)","15.4% (2/13)",9.5,"14% (29/207)","23.5% (4/17)",-2.7,"17% (49/288)","14.3% (2/14)",-4.4,"9.4% (15/160)","5% (2/40)",-10.8,"16.7% (14/84)","5.9% (1/17)","Human alphaherpesvirus 1 (HSV1).nasal"
"226","symptom_haemoptysis",-3.9,"3.9% (7/179)","0% (0/13)",4.4,"1.4% (3/207)","5.9% (1/17)",-2.1,"2.1% (6/288)","0% (0/14)",-1.9,"1.9% (3/160)","0% (0/40)",-1.2,"1.2% (1/84)","0% (0/17)","Human alphaherpesvirus 1 (HSV1).nasal"
"227","symptom_sorethroat",5.3,"10.1% (18/179)","15.4% (2/13)",-2.8,"8.7% (18/207)","5.9% (1/17)",14.5,"6.9% (20/288)","21.4% (3/14)",-1.2,"8.8% (14/160)","7.5% (3/40)",-6,"6% (5/84)","0% (0/17)","Human alphaherpesvirus 1 (HSV1).nasal"
"228","symptom_rhinorrhea",-0.1,"7.8% (14/179)","7.7% (1/13)",-2.4,"2.4% (5/207)","0% (0/17)",15.9,"5.6% (16/288)","21.4% (3/14)",0.6,"4.4% (7/160)","5% (2/40)",-4.8,"4.8% (4/84)","0% (0/17)","Human alphaherpesvirus 1 (HSV1).nasal"
"229","symptom_wheeze",3.8,"3.9% (7/179)","7.7% (1/13)",-4.3,"4.3% (9/207)","0% (0/17)",17.6,"3.8% (11/288)","21.4% (3/14)",6.9,"5.6% (9/160)","12.5% (5/40)",12.9,"4.8% (4/84)","17.6% (3/17)","Human alphaherpesvirus 1 (HSV1).nasal"
"230","symptom_chestpain",6.7,"24% (43/179)","30.8% (4/13)",2.3,"21.3% (44/207)","23.5% (4/17)",-4.1,"18.4% (53/288)","14.3% (2/14)",7.5,"15% (24/160)","22.5% (9/40)",-1.3,"13.1% (11/84)","11.8% (2/17)","Human alphaherpesvirus 1 (HSV1).nasal"
"231","symptom_dyspnea",-8.2,"62% (111/179)","53.8% (7/13)",16.3,"72% (149/207)","88.2% (15/17)",-12,"69.1% (199/288)","57.1% (8/14)",-3.8,"81.2% (130/160)","77.5% (31/40)",13.2,"75% (63/84)","88.2% (15/17)","Human alphaherpesvirus 1 (HSV1).nasal"
"232","symptom_chestwall",0,"0% (0/179)","0% (0/13)",0,"0% (0/206)","0% (0/17)",0,"0% (0/287)","0% (0/14)",-0.6,"0.6% (1/160)","0% (0/40)",0,"0% (0/84)","0% (0/17)","Human alphaherpesvirus 1 (HSV1).nasal"
"233","symptom_earpain",0,"0% (0/179)","0% (0/13)",-0.5,"0.5% (1/207)","0% (0/17)",-0.3,"0.3% (1/288)","0% (0/14)",2.5,"0% (0/160)","2.5% (1/40)",0,"0% (0/84)","0% (0/17)","Human alphaherpesvirus 1 (HSV1).nasal"
"234","symptom_conjunctivitis",0,"0% (0/179)","0% (0/13)",0,"0% (0/207)","0% (0/17)",-0.3,"0.3% (1/288)","0% (0/14)",0,"0% (0/160)","0% (0/40)",0,"0% (0/84)","0% (0/17)","Human alphaherpesvirus 1 (HSV1).nasal"
"235","symptom_allsyst",15.8,"76.5% (137/179)","92.3% (12/13)",-3.2,"79.7% (165/207)","76.5% (13/17)",-7.2,"71.5% (206/288)","64.3% (9/14)",6.3,"63.7% (102/160)","70% (28/40)",-3.1,"61.9% (52/84)","58.8% (10/17)","Human alphaherpesvirus 1 (HSV1).nasal"
"236","symptom_fever",11.8,"49.7% (89/179)","61.5% (8/13)",-10.4,"57.5% (119/207)","47.1% (8/17)",1.4,"48.6% (140/288)","50% (7/14)",9.4,"43.1% (69/160)","52.5% (21/40)",-2.9,"44% (37/84)","41.2% (7/17)","Human alphaherpesvirus 1 (HSV1).nasal"
"237","symptom_chills",15,"23.5% (42/179)","38.5% (5/13)",7.8,"27.5% (57/207)","35.3% (6/17)",15.8,"27.1% (78/288)","42.9% (6/14)",-0.6,"18.1% (29/160)","17.5% (7/40)",5.7,"11.9% (10/84)","17.6% (3/17)","Human alphaherpesvirus 1 (HSV1).nasal"
"238","symptom_shaking",-0.6,"0.6% (1/179)","0% (0/13)",4.9,"1% (2/207)","5.9% (1/17)",-0.7,"0.7% (2/287)","0% (0/14)",-1.2,"1.2% (2/160)","0% (0/40)",0,"0% (0/84)","0% (0/17)","Human alphaherpesvirus 1 (HSV1).nasal"
"239","symptom_fatigue",-0.8,"46.9% (84/179)","46.2% (6/13)",-4.7,"45.9% (95/207)","41.2% (7/17)",1.5,"41.3% (119/288)","42.9% (6/14)",-1.9,"36.9% (59/160)","35% (14/40)",5.5,"29.8% (25/84)","35.3% (6/17)","Human alphaherpesvirus 1 (HSV1).nasal"
"240","symptom_myalgia",-7.1,"30.2% (54/179)","23.1% (3/13)",-14.2,"31.9% (66/207)","17.6% (3/17)",0.6,"20.8% (60/288)","21.4% (3/14)",-14.4,"21.9% (35/160)","7.5% (3/40)",2.2,"9.5% (8/84)","11.8% (2/17)","Human alphaherpesvirus 1 (HSV1).nasal"
"241","symptom_lymphadenopathy",0,"0% (0/179)","0% (0/13)",0,"0% (0/207)","0% (0/17)",0,"0% (0/288)","0% (0/14)",0,"0% (0/160)","0% (0/40)",-1.2,"1.2% (1/84)","0% (0/17)","Human alphaherpesvirus 1 (HSV1).nasal"
"242","symptom_allneuro",4.4,"34.1% (61/179)","38.5% (5/13)",-0.5,"30% (62/207)","29.4% (5/17)",-0.9,"29.5% (85/288)","28.6% (4/14)",-1.9,"31.9% (51/160)","30% (12/40)",3.2,"26.2% (22/84)","29.4% (5/17)","Human alphaherpesvirus 1 (HSV1).nasal"
"243","symptom_headache",1.3,"21.8% (39/179)","23.1% (3/13)",-0.7,"18.4% (38/207)","17.6% (3/17)",-1.7,"16% (46/288)","14.3% (2/14)",-3.1,"18.1% (29/160)","15% (6/40)",9.4,"2.4% (2/84)","11.8% (2/17)","Human alphaherpesvirus 1 (HSV1).nasal"
"244","symptom_confusion",4.9,"2.8% (5/179)","7.7% (1/13)",-2.9,"2.9% (6/207)","0% (0/17)",-4.9,"4.9% (14/288)","0% (0/14)",1.2,"8.8% (14/160)","10% (4/40)",-8.4,"14.3% (12/84)","5.9% (1/17)","Human alphaherpesvirus 1 (HSV1).nasal"
"245","symptom_seizure",0,"0% (0/179)","0% (0/13)",0,"0% (0/207)","0% (0/17)",-0.3,"0.3% (1/288)","0% (0/14)",-0.6,"0.6% (1/160)","0% (0/40)",0,"0% (0/84)","0% (0/17)","Human alphaherpesvirus 1 (HSV1).nasal"
"246","symptom_syncope",-3.9,"3.9% (7/179)","0% (0/13)",-1,"1% (2/207)","0% (0/17)",5.8,"1.4% (4/288)","7.1% (1/14)",-0.6,"0.6% (1/160)","0% (0/40)",3.5,"2.4% (2/84)","5.9% (1/17)","Human alphaherpesvirus 1 (HSV1).nasal"
"247","symptom_anosmia",1.4,"14% (25/179)","15.4% (2/13)",0.7,"11.1% (23/207)","11.8% (2/17)",-4,"11.1% (32/288)","7.1% (1/14)",-3.1,"8.1% (13/160)","5% (2/40)",3.4,"8.3% (7/84)","11.8% (2/17)","Human alphaherpesvirus 1 (HSV1).nasal"
"248","symptom_allGI",8,"45.8% (82/179)","53.8% (7/13)",-6.2,"47.3% (98/207)","41.2% (7/17)",-15,"36.5% (105/288)","21.4% (3/14)",6.3,"28.7% (46/160)","35% (14/40)",6.7,"28.6% (24/84)","35.3% (6/17)","Human alphaherpesvirus 1 (HSV1).nasal"
"249","symptom_abdpain",3.7,"11.7% (21/179)","15.4% (2/13)",9,"8.7% (18/207)","17.6% (3/17)",6,"8.3% (24/288)","14.3% (2/14)",3.1,"6.9% (11/160)","10% (4/40)",-2.5,"8.3% (7/84)","5.9% (1/17)","Human alphaherpesvirus 1 (HSV1).nasal"
"250","symptom_nausea",-6.5,"29.6% (53/179)","23.1% (3/13)",-6.4,"30% (62/207)","23.5% (4/17)",-12.6,"19.8% (57/288)","7.1% (1/14)",3.1,"14.4% (23/160)","17.5% (7/40)",-8.4,"14.3% (12/84)","5.9% (1/17)","Human alphaherpesvirus 1 (HSV1).nasal"
"251","symptom_diarrhea",7.3,"23.5% (42/179)","30.8% (4/13)",-8.4,"26.1% (54/207)","17.6% (3/17)",-8.3,"22.6% (65/288)","14.3% (2/14)",6.9,"15.6% (25/160)","22.5% (9/40)",17.5,"11.9% (10/84)","29.4% (5/17)","Human alphaherpesvirus 1 (HSV1).nasal"
"252","symptom_allderm",7.7,"0% (0/179)","7.7% (1/13)",-0.5,"0.5% (1/207)","0% (0/17)",6.8,"0.3% (1/288)","7.1% (1/14)",-2.5,"2.5% (4/160)","0% (0/40)",-1.2,"1.2% (1/84)","0% (0/17)","Human alphaherpesvirus 1 (HSV1).nasal"
"253","symptom_skinrash",7.7,"0% (0/179)","7.7% (1/13)",-0.5,"0.5% (1/207)","0% (0/17)",6.8,"0.3% (1/288)","7.1% (1/14)",-1.2,"1.2% (2/160)","0% (0/40)",0,"0% (0/84)","0% (0/17)","Human alphaherpesvirus 1 (HSV1).nasal"
"254","symptom_skinulcer",0,"0% (0/179)","0% (0/13)",0,"0% (0/207)","0% (0/17)",0,"0% (0/288)","0% (0/14)",-1.2,"1.2% (2/160)","0% (0/40)",-1.2,"1.2% (1/84)","0% (0/17)","Human alphaherpesvirus 1 (HSV1).nasal"
"255","symptom_allother",-2.9,"10.6% (19/179)","7.7% (1/13)",1.6,"10.1% (21/207)","11.8% (2/17)",4,"3.1% (9/288)","7.1% (1/14)",-5,"10% (16/160)","5% (2/40)",-6,"11.9% (10/84)","5.9% (1/17)","Human alphaherpesvirus 1 (HSV1).nasal"
"256","symptom_arthralgia",-0.7,"8.4% (15/179)","7.7% (1/13)",1.1,"4.8% (10/207)","5.9% (1/17)",5.8,"1.4% (4/288)","7.1% (1/14)",-2.5,"2.5% (4/160)","0% (0/40)",3.5,"2.4% (2/84)","5.9% (1/17)","Human alphaherpesvirus 1 (HSV1).nasal"
"257","symptom_edema",-1.1,"1.1% (2/179)","0% (0/13)",3,"2.9% (6/207)","5.9% (1/17)",-0.3,"0.3% (1/288)","0% (0/14)",-3.8,"3.8% (6/160)","0% (0/40)",-6,"6% (5/84)","0% (0/17)","Human alphaherpesvirus 1 (HSV1).nasal"
"258","symptom_nonamb",-1.7,"1.7% (3/179)","0% (0/13)",-1.9,"1.9% (4/207)","0% (0/17)",-1.7,"1.7% (5/288)","0% (0/14)",1.9,"3.1% (5/160)","5% (2/40)",-4.8,"4.8% (4/84)","0% (0/17)","Human alphaherpesvirus 1 (HSV1).nasal"
"259","symptom_bleeding",0,"0% (0/179)","0% (0/13)",-0.5,"0.5% (1/207)","0% (0/17)",-0.3,"0.3% (1/288)","0% (0/14)",-0.6,"0.6% (1/160)","0% (0/40)",0,"0% (0/84)","0% (0/17)","Human alphaherpesvirus 1 (HSV1).nasal"
"260","ever_ever_esc",5.5,"2.2% (4/179)","7.7% (1/13)",21.2,"8.2% (17/207)","29.4% (5/17)",6.3,"8% (23/288)","14.3% (2/14)",19.4,"30.6% (49/160)","50% (20/40)",11.2,"47.6% (40/84)","58.8% (10/17)","Human alphaherpesvirus 1 (HSV1).nasal"
"261","ever_icu",4.3,"3.4% (6/179)","7.7% (1/13)",6.7,"22.7% (47/207)","29.4% (5/17)",10.9,"17.7% (51/288)","28.6% (4/14)",7.5,"85% (136/160)","92.5% (37/40)",8.4,"85.7% (72/84)","94.1% (16/17)","Human alphaherpesvirus 1 (HSV1).nasal"
"262","diedever",-2.8,"2.8% (5/179)","0% (0/13)",3,"2.9% (6/207)","5.9% (1/17)",4.4,"2.8% (8/288)","7.1% (1/14)",22.5,"12.5% (20/160)","35% (14/40)",0,"100% (84/84)","100% (17/17)","Human alphaherpesvirus 1 (HSV1).nasal"
"263","ever_remdes",3.7,"42.5% (76/179)","46.2% (6/13)",-15.1,"73.9% (153/207)","58.8% (10/17)",-25.7,"61.5% (177/288)","35.7% (5/14)",3.1,"71.9% (115/160)","75% (30/40)",4,"60.7% (51/84)","64.7% (11/17)","Human alphaherpesvirus 1 (HSV1).nasal"
"264","ever_steroids",-1.9,"48% (86/179)","46.2% (6/13)",-6.4,"65.2% (135/207)","58.8% (10/17)",11.2,"67.4% (194/288)","78.6% (11/14)",-2.5,"90% (144/160)","87.5% (35/40)",0.2,"82.1% (69/84)","82.4% (14/17)","Human alphaherpesvirus 1 (HSV1).nasal"
"265","ever_azithro",-16.9,"24.6% (44/179)","7.7% (1/13)",14.7,"32.4% (67/207)","47.1% (8/17)",13.3,"29.5% (85/288)","42.9% (6/14)",1.2,"43.8% (70/160)","45% (18/40)",-14.6,"38.1% (32/84)","23.5% (4/17)","Human alphaherpesvirus 1 (HSV1).nasal"
"266","ever_otherabx",-5.7,"44.1% (79/179)","38.5% (5/13)",19.8,"44.9% (93/207)","64.7% (11/17)",17.4,"46.9% (135/288)","64.3% (9/14)",15,"77.5% (124/160)","92.5% (37/40)",-1.1,"89.3% (75/84)","88.2% (15/17)","Human alphaherpesvirus 1 (HSV1).nasal"
"267","ever_conplas",-3.9,"3.9% (7/179)","0% (0/13)",-2.3,"8.2% (17/207)","5.9% (1/17)",-6.2,"6.2% (18/288)","0% (0/14)",8.1,"9.4% (15/160)","17.5% (7/40)",4.6,"13.1% (11/84)","17.6% (3/17)","Human alphaherpesvirus 1 (HSV1).nasal"
"268","ever_monoclonal",0,"0% (0/179)","0% (0/13)",-1,"1% (2/207)","0% (0/17)",-0.3,"0.3% (1/288)","0% (0/14)",-1.2,"1.2% (2/160)","0% (0/40)",0,"0% (0/84)","0% (0/17)","Human alphaherpesvirus 1 (HSV1).nasal"
"269","ever_immsupp",-6.7,"6.7% (12/179)","0% (0/13)",-7.2,"7.2% (15/207)","0% (0/17)",7.7,"6.6% (19/288)","14.3% (2/14)",1.9,"8.1% (13/160)","10% (4/40)",-6,"6% (5/84)","0% (0/17)","Human alphaherpesvirus 1 (HSV1).nasal"
"270","anycomp",10.3,"74.3% (133/179)","84.6% (11/13)",19.3,"80.7% (167/207)","100% (17/17)",7.8,"85.1% (245/288)","92.9% (13/14)",-5,"95% (152/160)","90% (36/40)",3.6,"96.4% (81/84)","100% (17/17)","Human alphaherpesvirus 1 (HSV1).nasal"
"271","ncomp",20.9,"33% (59/179)","53.8% (7/13)",5.2,"18.4% (38/207)","23.5% (4/17)",0.6,"20.8% (60/288)","21.4% (3/14)",-8.8,"8.8% (14/160)","0% (0/40)",-2.4,"2.4% (2/84)","0% (0/17)","Human alphaherpesvirus 1 (HSV1).nasal"
"272","comp_seizure",0,"0% (0/179)","0% (0/13)",-0.5,"0.5% (1/207)","0% (0/17)",-0.3,"0.3% (1/288)","0% (0/14)",-1.2,"1.2% (2/160)","0% (0/40)",-1.2,"1.2% (1/84)","0% (0/17)","Human alphaherpesvirus 1 (HSV1).nasal"
"273","comp_meningitis",7.7,"0% (0/179)","7.7% (1/13)",-0.5,"0.5% (1/207)","0% (0/17)",-0.7,"0.7% (2/288)","0% (0/14)",0.6,"1.9% (3/160)","2.5% (1/40)",-6,"6% (5/84)","0% (0/17)","Human alphaherpesvirus 1 (HSV1).nasal"
"274","comp_stroke",-0.6,"0.6% (1/179)","0% (0/13)",0,"0% (0/207)","0% (0/17)",-1,"1% (3/288)","0% (0/14)",6.2,"3.8% (6/160)","10% (4/40)",1.1,"4.8% (4/84)","5.9% (1/17)","Human alphaherpesvirus 1 (HSV1).nasal"
"275","comp_afib",14.8,"0.6% (1/179)","15.4% (2/13)",1.1,"4.8% (10/207)","5.9% (1/17)",8,"6.2% (18/288)","14.3% (2/14)",-1.9,"11.9% (19/160)","10% (4/40)",-13.2,"25% (21/84)","11.8% (2/17)","Human alphaherpesvirus 1 (HSV1).nasal"
"276","comp_ventricular_arr",-0.6,"0.6% (1/179)","0% (0/13)",-1.9,"1.9% (4/207)","0% (0/17)",5.4,"1.7% (5/288)","7.1% (1/14)",9.4,"3.1% (5/160)","12.5% (5/40)",12.8,"10.7% (9/84)","23.5% (4/17)","Human alphaherpesvirus 1 (HSV1).nasal"
"277","comp_endo",0,"0% (0/179)","0% (0/13)",0,"0% (0/207)","0% (0/17)",0,"0% (0/288)","0% (0/14)",-0.6,"0.6% (1/160)","0% (0/40)",0,"0% (0/84)","0% (0/17)","Human alphaherpesvirus 1 (HSV1).nasal"
"278","comp_myocard",0,"0% (0/179)","0% (0/13)",-0.5,"0.5% (1/207)","0% (0/17)",-0.7,"0.7% (2/288)","0% (0/14)",0,"0% (0/160)","0% (0/40)",-1.2,"1.2% (1/84)","0% (0/17)","Human alphaherpesvirus 1 (HSV1).nasal"
"279","comp_cardarrest",0,"0% (0/179)","0% (0/13)",0,"0% (0/207)","0% (0/17)",7.1,"0% (0/288)","7.1% (1/14)",5.6,"1.9% (3/160)","7.5% (3/40)",-26.3,"32.1% (27/84)","5.9% (1/17)","Human alphaherpesvirus 1 (HSV1).nasal"
"280","comp_stemi",-0.6,"0.6% (1/179)","0% (0/13)",0,"0% (0/207)","0% (0/17)",-0.7,"0.7% (2/288)","0% (0/14)",3.8,"1.2% (2/160)","5% (2/40)",-6,"6% (5/84)","0% (0/17)","Human alphaherpesvirus 1 (HSV1).nasal"
"281","comp_nstemi",-2.2,"2.2% (4/179)","0% (0/13)",-1,"1% (2/207)","0% (0/17)",5.8,"1.4% (4/288)","7.1% (1/14)",-3.1,"3.1% (5/160)","0% (0/40)",1.1,"10.7% (9/84)","11.8% (2/17)","Human alphaherpesvirus 1 (HSV1).nasal"
"282","comp_chf",14.3,"1.1% (2/179)","15.4% (2/13)",26.5,"2.9% (6/207)","29.4% (5/17)",9.1,"5.2% (15/288)","14.3% (2/14)",-5,"7.5% (12/160)","2.5% (1/40)",-0.3,"23.8% (20/84)","23.5% (4/17)","Human alphaherpesvirus 1 (HSV1).nasal"
"283","comp_pneumonia",9,"52.5% (94/179)","61.5% (8/13)",27,"67.1% (139/207)","94.1% (16/17)",1.1,"63.2% (182/288)","64.3% (9/14)",-3.8,"81.2% (130/160)","77.5% (31/40)",4.9,"83.3% (70/84)","88.2% (15/17)","Human alphaherpesvirus 1 (HSV1).nasal"
"284","comp_bronch",0,"0% (0/179)","0% (0/13)",-0.5,"0.5% (1/207)","0% (0/17)",-0.3,"0.3% (1/288)","0% (0/14)",1.2,"1.2% (2/160)","2.5% (1/40)",0,"0% (0/84)","0% (0/17)","Human alphaherpesvirus 1 (HSV1).nasal"
"285","comp_pneumo",-0.6,"0.6% (1/179)","0% (0/13)",-1,"1% (2/207)","0% (0/17)",-1.7,"1.7% (5/288)","0% (0/14)",6.2,"6.2% (10/160)","12.5% (5/40)",-0.1,"6% (5/84)","5.9% (1/17)","Human alphaherpesvirus 1 (HSV1).nasal"
"286","comp_pneumomed",0,"0% (0/179)","0% (0/13)",0,"0% (0/207)","0% (0/17)",0,"0% (0/288)","0% (0/14)",-1.2,"3.8% (6/160)","2.5% (1/40)",8.2,"3.6% (3/84)","11.8% (2/17)","Human alphaherpesvirus 1 (HSV1).nasal"
"287","comp_aat",-0.6,"0.6% (1/179)","0% (0/13)",-0.5,"0.5% (1/207)","0% (0/17)",0,"0% (0/288)","0% (0/14)",1.2,"1.2% (2/160)","2.5% (1/40)",-2.4,"2.4% (2/84)","0% (0/17)","Human alphaherpesvirus 1 (HSV1).nasal"
"288","comp_avthromb",-1.1,"1.1% (2/179)","0% (0/13)",-4.3,"4.3% (9/207)","0% (0/17)",4,"3.1% (9/288)","7.1% (1/14)",21.2,"11.2% (18/160)","32.5% (13/40)",16.3,"13.1% (11/84)","29.4% (5/17)","Human alphaherpesvirus 1 (HSV1).nasal"
"289","comp_shock",-1.1,"1.1% (2/179)","0% (0/13)",8.4,"3.4% (7/207)","11.8% (2/17)",12.2,"2.1% (6/288)","14.3% (2/14)",31.9,"30.6% (49/160)","62.5% (25/40)",-2,"66.7% (56/84)","64.7% (11/17)","Human alphaherpesvirus 1 (HSV1).nasal"
"290","comp_bac",-3.9,"3.9% (7/179)","0% (0/13)",-5.8,"5.8% (12/207)","0% (0/17)",-0.8,"8% (23/288)","7.1% (1/14)",26.9,"18.1% (29/160)","45% (18/40)",-0.4,"29.8% (25/84)","29.4% (5/17)","Human alphaherpesvirus 1 (HSV1).nasal"
"291","comp_coag",3.8,"3.9% (7/179)","7.7% (1/13)",2.5,"3.4% (7/207)","5.9% (1/17)",-1.7,"1.7% (5/288)","0% (0/14)",3.1,"4.4% (7/160)","7.5% (3/40)",-7.1,"7.1% (6/84)","0% (0/17)","Human alphaherpesvirus 1 (HSV1).nasal"
"292","comp_hypogly",-0.6,"0.6% (1/179)","0% (0/13)",4.9,"1% (2/207)","5.9% (1/17)",6.4,"0.7% (2/288)","7.1% (1/14)",5.6,"1.9% (3/160)","7.5% (3/40)",-2.4,"2.4% (2/84)","0% (0/17)","Human alphaherpesvirus 1 (HSV1).nasal"
"293","comp_bleed",-1.7,"1.7% (3/179)","0% (0/13)",-2.4,"2.4% (5/207)","0% (0/17)",-3.5,"3.5% (10/288)","0% (0/14)",6.2,"8.8% (14/160)","15% (6/40)",3.3,"20.2% (17/84)","23.5% (4/17)","Human alphaherpesvirus 1 (HSV1).nasal"
"294","comp_anemia",3.2,"4.5% (8/179)","7.7% (1/13)",-6.8,"6.8% (14/207)","0% (0/17)",10.7,"10.8% (31/288)","21.4% (3/14)",7.5,"30% (48/160)","37.5% (15/40)",-12.1,"29.8% (25/84)","17.6% (3/17)","Human alphaherpesvirus 1 (HSV1).nasal"
"295","comp_pancreas",-1.7,"1.7% (3/179)","0% (0/13)",0,"0% (0/207)","0% (0/17)",-0.3,"0.3% (1/288)","0% (0/14)",-0.6,"0.6% (1/160)","0% (0/40)",-1.2,"1.2% (1/84)","0% (0/17)","Human alphaherpesvirus 1 (HSV1).nasal"
"296","comp_renal",-7.3,"7.3% (13/179)","0% (0/13)",9,"14.5% (30/207)","23.5% (4/17)",12.3,"16.3% (47/288)","28.6% (4/14)",13.8,"28.7% (46/160)","42.5% (17/40)",7.6,"57.1% (48/84)","64.7% (11/17)","Human alphaherpesvirus 1 (HSV1).nasal"
"297","comp_liver",-1.2,"8.9% (16/179)","7.7% (1/13)",-0.8,"12.6% (26/207)","11.8% (2/17)",9.6,"11.8% (34/288)","21.4% (3/14)",9.4,"13.1% (21/160)","22.5% (9/40)",11.6,"11.9% (10/84)","23.5% (4/17)","Human alphaherpesvirus 1 (HSV1).nasal"
"298","comp_othlab",-4.5,"4.5% (8/179)","0% (0/13)",2.5,"3.4% (7/207)","5.9% (1/17)",-3.8,"3.8% (11/288)","0% (0/14)",5,"5% (8/160)","10% (4/40)",9.4,"2.4% (2/84)","11.8% (2/17)","Human alphaherpesvirus 1 (HSV1).nasal"
"299","comp_electrolyte",-4.5,"4.5% (8/179)","0% (0/13)",4.4,"1.4% (3/207)","5.9% (1/17)",4.4,"2.8% (8/288)","7.1% (1/14)",-3.1,"5.6% (9/160)","2.5% (1/40)",10.5,"7.1% (6/84)","17.6% (3/17)","Human alphaherpesvirus 1 (HSV1).nasal"
"300","comp_othinf",-3.4,"3.4% (6/179)","0% (0/13)",-2.4,"2.4% (5/207)","0% (0/17)",4.4,"2.8% (8/288)","7.1% (1/14)",12.5,"2.5% (4/160)","15% (6/40)",4.7,"1.2% (1/84)","5.9% (1/17)","Human alphaherpesvirus 1 (HSV1).nasal"
"301","comp_othpulm",0,"0% (0/179)","0% (0/13)",0,"0% (0/207)","0% (0/17)",-0.3,"0.3% (1/288)","0% (0/14)",0,"0% (0/160)","0% (0/40)",0,"0% (0/84)","0% (0/17)","Human alphaherpesvirus 1 (HSV1).nasal"
"302","comp_unddisease",-2.2,"2.2% (4/179)","0% (0/13)",-1,"1% (2/207)","0% (0/17)",-1.7,"1.7% (5/288)","0% (0/14)",1.9,"0.6% (1/160)","2.5% (1/40)",-1.2,"1.2% (1/84)","0% (0/17)","Human alphaherpesvirus 1 (HSV1).nasal"
"303","comp_enceph",-0.6,"0.6% (1/179)","0% (0/13)",4.9,"1% (2/207)","5.9% (1/17)",5.4,"1.7% (5/288)","7.1% (1/14)",3.1,"4.4% (7/160)","7.5% (3/40)",3.5,"2.4% (2/84)","5.9% (1/17)","Human alphaherpesvirus 1 (HSV1).nasal"
"304","comp_othneuro",-1.1,"1.1% (2/179)","0% (0/13)",-0.5,"0.5% (1/207)","0% (0/17)",-1,"1% (3/288)","0% (0/14)",-0.6,"0.6% (1/160)","0% (0/40)",0,"0% (0/84)","0% (0/17)","Human alphaherpesvirus 1 (HSV1).nasal"
"305","comp_hypergly",-2.2,"2.2% (4/179)","0% (0/13)",12.8,"4.8% (10/207)","17.6% (3/17)",16.9,"4.5% (13/288)","21.4% (3/14)",-0.6,"3.1% (5/160)","2.5% (1/40)",7,"4.8% (4/84)","11.8% (2/17)","Human alphaherpesvirus 1 (HSV1).nasal"
"306","comp_psych",-0.6,"0.6% (1/179)","0% (0/13)",-0.5,"0.5% (1/207)","0% (0/17)",-0.3,"0.3% (1/288)","0% (0/14)",0,"0% (0/160)","0% (0/40)",0,"0% (0/84)","0% (0/17)","Human alphaherpesvirus 1 (HSV1).nasal"
"307","comp_gastroent",-1.1,"1.1% (2/179)","0% (0/13)",-1.9,"1.9% (4/207)","0% (0/17)",-1.4,"1.4% (4/288)","0% (0/14)",2.5,"0% (0/160)","2.5% (1/40)",0,"0% (0/84)","0% (0/17)","Human alphaherpesvirus 1 (HSV1).nasal"
"308","comp_pulmvas",0,"0% (0/179)","0% (0/13)",5.9,"0% (0/207)","5.9% (1/17)",0,"0% (0/288)","0% (0/14)",0,"0% (0/160)","0% (0/40)",0,"0% (0/84)","0% (0/17)","Human alphaherpesvirus 1 (HSV1).nasal"
"309","comp_other2",-0.6,"0.6% (1/179)","0% (0/13)",-2.4,"2.4% (5/207)","0% (0/17)",5.4,"1.7% (5/288)","7.1% (1/14)",-3.1,"3.1% (5/160)","0% (0/40)",4.7,"1.2% (1/84)","5.9% (1/17)","Human alphaherpesvirus 1 (HSV1).nasal"
"310","comorb_htn",NA,"56% (108/193)","NaN% (0/0)",NA,"56.3% (129/229)","NaN% (0/0)",-54,"54% (163/302)","0% (0/2)",40.8,"59.2% (119/201)","100% (1/1)",29,"71% (71/100)","100% (1/1)","Human alphaherpesvirus 2 (HSV2).nasal"
"311","comorb_isaric_dm",NA,"40.9% (79/193)","NaN% (0/0)",NA,"29.7% (68/229)","NaN% (0/0)",17.2,"32.8% (99/302)","50% (1/2)",57.2,"42.8% (86/201)","100% (1/1)",51,"49% (49/100)","100% (1/1)","Human alphaherpesvirus 2 (HSV2).nasal"
"312","comorb_anyresp_noasthma",NA,"10.9% (21/193)","NaN% (0/0)",NA,"17.5% (40/229)","NaN% (0/0)",26.8,"23.2% (70/302)","50% (1/2)",-18.4,"18.4% (37/201)","0% (0/1)",-37,"37% (37/100)","0% (0/1)","Human alphaherpesvirus 2 (HSV2).nasal"
"313","comorb_isaric_asthma",NA,"16.6% (32/193)","NaN% (0/0)",NA,"17.5% (40/229)","NaN% (0/0)",37.1,"12.9% (39/302)","50% (1/2)",-13.9,"13.9% (28/201)","0% (0/1)",-9,"9% (9/100)","0% (0/1)","Human alphaherpesvirus 2 (HSV2).nasal"
"314","comorb_isaric_cardiac",NA,"24.4% (47/193)","NaN% (0/0)",NA,"24.5% (56/229)","NaN% (0/0)",21.2,"28.8% (87/302)","50% (1/2)",-22.9,"22.9% (46/201)","0% (0/1)",56,"44% (44/100)","100% (1/1)","Human alphaherpesvirus 2 (HSV2).nasal"
"315","comorb_isaric_ckd",NA,"11.9% (23/193)","NaN% (0/0)",NA,"12.2% (28/229)","NaN% (0/0)",-16.6,"16.6% (50/302)","0% (0/2)",-12.9,"12.9% (26/201)","0% (0/1)",72,"28% (28/100)","100% (1/1)","Human alphaherpesvirus 2 (HSV2).nasal"
"316","comorb_isaric_neoplasm",NA,"7.8% (15/193)","NaN% (0/0)",NA,"9.6% (22/229)","NaN% (0/0)",-9.9,"9.9% (30/302)","0% (0/2)",-9,"9% (18/201)","0% (0/1)",84,"16% (16/100)","100% (1/1)","Human alphaherpesvirus 2 (HSV2).nasal"
"317","comorb_neuro",NA,"10.4% (20/193)","NaN% (0/0)",NA,"10% (23/229)","NaN% (0/0)",-14.6,"14.6% (44/302)","0% (0/2)",-10.4,"10.4% (21/201)","0% (0/1)",-15,"15% (15/100)","0% (0/1)","Human alphaherpesvirus 2 (HSV2).nasal"
"318","comorb_isaric_liver",NA,"4.7% (9/193)","NaN% (0/0)",NA,"5.7% (13/229)","NaN% (0/0)",-4,"4% (12/302)","0% (0/2)",-6.5,"6.5% (13/201)","0% (0/1)",-4,"4% (4/100)","0% (0/1)","Human alphaherpesvirus 2 (HSV2).nasal"
"319","comorb_hxtrans",NA,"3.6% (7/193)","NaN% (0/0)",NA,"6.1% (14/229)","NaN% (0/0)",-6.6,"6.6% (20/302)","0% (0/2)",-6.5,"6.5% (13/201)","0% (0/1)",-4,"4% (4/100)","0% (0/1)","Human alphaherpesvirus 2 (HSV2).nasal"
"320","comorb_hiv2",NA,"3.1% (6/193)","NaN% (0/0)",NA,"0% (0/229)","NaN% (0/0)",-1.3,"1.3% (4/302)","0% (0/2)",-1,"1% (2/201)","0% (0/1)",-1,"1% (1/100)","0% (0/1)","Human alphaherpesvirus 2 (HSV2).nasal"
"321","comorb_eversmkvape",NA,"31.1% (60/193)","NaN% (0/0)",NA,"30.1% (69/229)","NaN% (0/0)",19.2,"30.8% (93/302)","50% (1/2)",69.2,"30.8% (62/201)","100% (1/1)",-47,"47% (47/100)","0% (0/1)","Human alphaherpesvirus 2 (HSV2).nasal"
"322","comorb_anysubstance",NA,"9.3% (18/193)","NaN% (0/0)",NA,"5.7% (13/229)","NaN% (0/0)",-7.3,"7.3% (22/302)","0% (0/2)",-6.5,"6.5% (13/201)","0% (0/1)",-8,"8% (8/100)","0% (0/1)","Human alphaherpesvirus 2 (HSV2).nasal"
"323","comorb_count",NA,"16.6% (32/193)","NaN% (0/0)",NA,"15.7% (36/229)","NaN% (0/0)",-17.2,"17.2% (52/302)","0% (0/2)",-10.9,"10.9% (22/201)","0% (0/1)",-6,"6% (6/100)","0% (0/1)","Human alphaherpesvirus 2 (HSV2).nasal"
"324","comorb_countcat",NA,"16.6% (32/193)","NaN% (0/0)",NA,"15.7% (36/229)","NaN% (0/0)",-17.2,"17.2% (52/302)","0% (0/2)",-10.9,"10.9% (22/201)","0% (0/1)",-6,"6% (6/100)","0% (0/1)","Human alphaherpesvirus 2 (HSV2).nasal"
"325","timesymptomcat",NA,"23.3% (45/193)","NaN% (0/0)",NA,"19.7% (45/229)","NaN% (0/0)",-20.2,"20.2% (61/302)","0% (0/2)",-16.9,"16.9% (34/201)","0% (0/1)",-27,"27% (27/100)","0% (0/1)","Human alphaherpesvirus 2 (HSV2).nasal"
"326","symptom_allresp",NA,"81.3% (157/193)","NaN% (0/0)",NA,"90.8% (208/229)","NaN% (0/0)",14.6,"85.4% (258/302)","100% (2/2)",8.5,"91.5% (184/201)","100% (1/1)",-85,"85% (85/100)","0% (0/1)","Human alphaherpesvirus 2 (HSV2).nasal"
"327","symptom_cough",NA,"60.1% (116/193)","NaN% (0/0)",NA,"67.2% (154/229)","NaN% (0/0)",40.4,"59.6% (180/302)","100% (2/2)",41.3,"58.7% (118/201)","100% (1/1)",-53,"53% (53/100)","0% (0/1)","Human alphaherpesvirus 2 (HSV2).nasal"
"328","symptom_cough_prod",NA,"15% (29/193)","NaN% (0/0)",NA,"14.8% (34/229)","NaN% (0/0)",-17.2,"17.2% (52/302)","0% (0/2)",-9.5,"9.5% (19/201)","0% (0/1)",-15,"15% (15/100)","0% (0/1)","Human alphaherpesvirus 2 (HSV2).nasal"
"329","symptom_haemoptysis",NA,"3.6% (7/193)","NaN% (0/0)",NA,"1.7% (4/229)","NaN% (0/0)",-2,"2% (6/302)","0% (0/2)",-1.5,"1.5% (3/201)","0% (0/1)",-1,"1% (1/100)","0% (0/1)","Human alphaherpesvirus 2 (HSV2).nasal"
"330","symptom_sorethroat",NA,"10.4% (20/193)","NaN% (0/0)",NA,"8.3% (19/229)","NaN% (0/0)",-7.6,"7.6% (23/302)","0% (0/2)",-8.5,"8.5% (17/201)","0% (0/1)",-5,"5% (5/100)","0% (0/1)","Human alphaherpesvirus 2 (HSV2).nasal"
"331","symptom_rhinorrhea",NA,"8.3% (16/193)","NaN% (0/0)",NA,"2.2% (5/229)","NaN% (0/0)",-6.3,"6.3% (19/302)","0% (0/2)",-4.5,"4.5% (9/201)","0% (0/1)",-4,"4% (4/100)","0% (0/1)","Human alphaherpesvirus 2 (HSV2).nasal"
"332","symptom_wheeze",NA,"4.1% (8/193)","NaN% (0/0)",NA,"3.9% (9/229)","NaN% (0/0)",-4.6,"4.6% (14/302)","0% (0/2)",-7,"7% (14/201)","0% (0/1)",-7,"7% (7/100)","0% (0/1)","Human alphaherpesvirus 2 (HSV2).nasal"
"333","symptom_chestpain",NA,"24.9% (48/193)","NaN% (0/0)",NA,"21.8% (50/229)","NaN% (0/0)",-18.2,"18.2% (55/302)","0% (0/2)",-16.9,"16.9% (34/201)","0% (0/1)",-13,"13% (13/100)","0% (0/1)","Human alphaherpesvirus 2 (HSV2).nasal"
"334","symptom_dyspnea",NA,"61.7% (119/193)","NaN% (0/0)",NA,"73.8% (169/229)","NaN% (0/0)",31.5,"68.5% (207/302)","100% (2/2)",19.4,"80.6% (162/201)","100% (1/1)",-78,"78% (78/100)","0% (0/1)","Human alphaherpesvirus 2 (HSV2).nasal"
"335","symptom_chestwall",NA,"0% (0/193)","NaN% (0/0)",NA,"0% (0/228)","NaN% (0/0)",0,"0% (0/301)","0% (0/2)",-0.5,"0.5% (1/201)","0% (0/1)",0,"0% (0/100)","0% (0/1)","Human alphaherpesvirus 2 (HSV2).nasal"
"336","symptom_earpain",NA,"0% (0/193)","NaN% (0/0)",NA,"0.4% (1/229)","NaN% (0/0)",-0.3,"0.3% (1/302)","0% (0/2)",-0.5,"0.5% (1/201)","0% (0/1)",0,"0% (0/100)","0% (0/1)","Human alphaherpesvirus 2 (HSV2).nasal"
"337","symptom_conjunctivitis",NA,"0% (0/193)","NaN% (0/0)",NA,"0% (0/229)","NaN% (0/0)",-0.3,"0.3% (1/302)","0% (0/2)",0,"0% (0/201)","0% (0/1)",0,"0% (0/100)","0% (0/1)","Human alphaherpesvirus 2 (HSV2).nasal"
"338","symptom_allsyst",NA,"77.2% (149/193)","NaN% (0/0)",NA,"79.9% (183/229)","NaN% (0/0)",-21.2,"71.2% (215/302)","50% (1/2)",35.3,"64.7% (130/201)","100% (1/1)",-62,"62% (62/100)","0% (0/1)","Human alphaherpesvirus 2 (HSV2).nasal"
"339","symptom_fever",NA,"50.3% (97/193)","NaN% (0/0)",NA,"56.8% (130/229)","NaN% (0/0)",1.3,"48.7% (147/302)","50% (1/2)",55.2,"44.8% (90/201)","100% (1/1)",-44,"44% (44/100)","0% (0/1)","Human alphaherpesvirus 2 (HSV2).nasal"
"340","symptom_chills",NA,"24.4% (47/193)","NaN% (0/0)",NA,"28.8% (66/229)","NaN% (0/0)",22.5,"27.5% (83/302)","50% (1/2)",-17.9,"17.9% (36/201)","0% (0/1)",-13,"13% (13/100)","0% (0/1)","Human alphaherpesvirus 2 (HSV2).nasal"
"341","symptom_shaking",NA,"0.5% (1/193)","NaN% (0/0)",NA,"1.7% (4/229)","NaN% (0/0)",-0.7,"0.7% (2/301)","0% (0/2)",-1,"1% (2/201)","0% (0/1)",0,"0% (0/100)","0% (0/1)","Human alphaherpesvirus 2 (HSV2).nasal"
"342","symptom_fatigue",NA,"46.6% (90/193)","NaN% (0/0)",NA,"46.7% (107/229)","NaN% (0/0)",8.9,"41.1% (124/302)","50% (1/2)",-36.8,"36.8% (74/201)","0% (0/1)",-31,"31% (31/100)","0% (0/1)","Human alphaherpesvirus 2 (HSV2).nasal"
"343","symptom_myalgia",NA,"29.5% (57/193)","NaN% (0/0)",NA,"31.4% (72/229)","NaN% (0/0)",29.5,"20.5% (62/302)","50% (1/2)",-19.4,"19.4% (39/201)","0% (0/1)",-10,"10% (10/100)","0% (0/1)","Human alphaherpesvirus 2 (HSV2).nasal"
"344","symptom_lymphadenopathy",NA,"0% (0/193)","NaN% (0/0)",NA,"0% (0/229)","NaN% (0/0)",0,"0% (0/302)","0% (0/2)",0,"0% (0/201)","0% (0/1)",-1,"1% (1/100)","0% (0/1)","Human alphaherpesvirus 2 (HSV2).nasal"
"345","symptom_allneuro",NA,"34.7% (67/193)","NaN% (0/0)",NA,"30.6% (70/229)","NaN% (0/0)",20.9,"29.1% (88/302)","50% (1/2)",-31.8,"31.8% (64/201)","0% (0/1)",74,"26% (26/100)","100% (1/1)","Human alphaherpesvirus 2 (HSV2).nasal"
"346","symptom_headache",NA,"22.3% (43/193)","NaN% (0/0)",NA,"18.8% (43/229)","NaN% (0/0)",34.4,"15.6% (47/302)","50% (1/2)",-17.9,"17.9% (36/201)","0% (0/1)",-4,"4% (4/100)","0% (0/1)","Human alphaherpesvirus 2 (HSV2).nasal"
"347","symptom_confusion",NA,"3.1% (6/193)","NaN% (0/0)",NA,"2.6% (6/229)","NaN% (0/0)",-4.6,"4.6% (14/302)","0% (0/2)",-9,"9% (18/201)","0% (0/1)",88,"12% (12/100)","100% (1/1)","Human alphaherpesvirus 2 (HSV2).nasal"
"348","symptom_seizure",NA,"0% (0/193)","NaN% (0/0)",NA,"0% (0/229)","NaN% (0/0)",-0.3,"0.3% (1/302)","0% (0/2)",-0.5,"0.5% (1/201)","0% (0/1)",0,"0% (0/100)","0% (0/1)","Human alphaherpesvirus 2 (HSV2).nasal"
"349","symptom_syncope",NA,"3.6% (7/193)","NaN% (0/0)",NA,"0.9% (2/229)","NaN% (0/0)",48.7,"1.3% (4/302)","50% (1/2)",-0.5,"0.5% (1/201)","0% (0/1)",-3,"3% (3/100)","0% (0/1)","Human alphaherpesvirus 2 (HSV2).nasal"
"350","symptom_anosmia",NA,"14.5% (28/193)","NaN% (0/0)",NA,"11.4% (26/229)","NaN% (0/0)",39.4,"10.6% (32/302)","50% (1/2)",-7.5,"7.5% (15/201)","0% (0/1)",-9,"9% (9/100)","0% (0/1)","Human alphaherpesvirus 2 (HSV2).nasal"
"351","symptom_allGI",NA,"46.6% (90/193)","NaN% (0/0)",NA,"47.6% (109/229)","NaN% (0/0)",14.2,"35.8% (108/302)","50% (1/2)",-30.3,"30.3% (61/201)","0% (0/1)",-30,"30% (30/100)","0% (0/1)","Human alphaherpesvirus 2 (HSV2).nasal"
"352","symptom_abdpain",NA,"11.9% (23/193)","NaN% (0/0)",NA,"10% (23/229)","NaN% (0/0)",-8.6,"8.6% (26/302)","0% (0/2)",-8,"8% (16/201)","0% (0/1)",-8,"8% (8/100)","0% (0/1)","Human alphaherpesvirus 2 (HSV2).nasal"
"353","symptom_nausea",NA,"29% (56/193)","NaN% (0/0)",NA,"30.1% (69/229)","NaN% (0/0)",31.1,"18.9% (57/302)","50% (1/2)",-14.9,"14.9% (30/201)","0% (0/1)",-13,"13% (13/100)","0% (0/1)","Human alphaherpesvirus 2 (HSV2).nasal"
"354","symptom_diarrhea",NA,"24.4% (47/193)","NaN% (0/0)",NA,"25.8% (59/229)","NaN% (0/0)",-22.5,"22.5% (68/302)","0% (0/2)",-17.4,"17.4% (35/201)","0% (0/1)",-15,"15% (15/100)","0% (0/1)","Human alphaherpesvirus 2 (HSV2).nasal"
"355","symptom_allderm",NA,"0.5% (1/193)","NaN% (0/0)",NA,"0.4% (1/229)","NaN% (0/0)",-0.7,"0.7% (2/302)","0% (0/2)",-2,"2% (4/201)","0% (0/1)",-1,"1% (1/100)","0% (0/1)","Human alphaherpesvirus 2 (HSV2).nasal"
"356","symptom_skinrash",NA,"0.5% (1/193)","NaN% (0/0)",NA,"0.4% (1/229)","NaN% (0/0)",-0.7,"0.7% (2/302)","0% (0/2)",-1,"1% (2/201)","0% (0/1)",0,"0% (0/100)","0% (0/1)","Human alphaherpesvirus 2 (HSV2).nasal"
"357","symptom_skinulcer",NA,"0% (0/193)","NaN% (0/0)",NA,"0% (0/229)","NaN% (0/0)",0,"0% (0/302)","0% (0/2)",-1,"1% (2/201)","0% (0/1)",-1,"1% (1/100)","0% (0/1)","Human alphaherpesvirus 2 (HSV2).nasal"
"358","symptom_allother",NA,"10.4% (20/193)","NaN% (0/0)",NA,"10% (23/229)","NaN% (0/0)",47,"3% (9/302)","50% (1/2)",-9.5,"9.5% (19/201)","0% (0/1)",-11,"11% (11/100)","0% (0/1)","Human alphaherpesvirus 2 (HSV2).nasal"
"359","symptom_arthralgia",NA,"8.3% (16/193)","NaN% (0/0)",NA,"4.8% (11/229)","NaN% (0/0)",48.7,"1.3% (4/302)","50% (1/2)",-2,"2% (4/201)","0% (0/1)",-3,"3% (3/100)","0% (0/1)","Human alphaherpesvirus 2 (HSV2).nasal"
"360","symptom_edema",NA,"1% (2/193)","NaN% (0/0)",NA,"3.1% (7/229)","NaN% (0/0)",-0.3,"0.3% (1/302)","0% (0/2)",-3,"3% (6/201)","0% (0/1)",-5,"5% (5/100)","0% (0/1)","Human alphaherpesvirus 2 (HSV2).nasal"
"361","symptom_nonamb",NA,"1.6% (3/193)","NaN% (0/0)",NA,"1.7% (4/229)","NaN% (0/0)",-1.7,"1.7% (5/302)","0% (0/2)",-4,"4% (8/201)","0% (0/1)",-4,"4% (4/100)","0% (0/1)","Human alphaherpesvirus 2 (HSV2).nasal"
"362","symptom_bleeding",NA,"0% (0/193)","NaN% (0/0)",NA,"0.4% (1/229)","NaN% (0/0)",-0.3,"0.3% (1/302)","0% (0/2)",-0.5,"0.5% (1/201)","0% (0/1)",0,"0% (0/100)","0% (0/1)","Human alphaherpesvirus 2 (HSV2).nasal"
"363","ever_ever_esc",NA,"2.6% (5/193)","NaN% (0/0)",NA,"9.6% (22/229)","NaN% (0/0)",42.1,"7.9% (24/302)","50% (1/2)",-34.3,"34.3% (69/201)","0% (0/1)",51,"49% (49/100)","100% (1/1)","Human alphaherpesvirus 2 (HSV2).nasal"
"364","ever_icu",NA,"3.6% (7/193)","NaN% (0/0)",NA,"22.7% (52/229)","NaN% (0/0)",-18.2,"18.2% (55/302)","0% (0/2)",14.4,"85.6% (172/201)","100% (1/1)",13,"87% (87/100)","100% (1/1)","Human alphaherpesvirus 2 (HSV2).nasal"
"365","diedever",NA,"2.6% (5/193)","NaN% (0/0)",NA,"3.1% (7/229)","NaN% (0/0)",-3,"3% (9/302)","0% (0/2)",83.6,"16.4% (33/201)","100% (1/1)",0,"100% (100/100)","100% (1/1)","Human alphaherpesvirus 2 (HSV2).nasal"
"366","ever_remdes",NA,"43% (83/193)","NaN% (0/0)",NA,"72.5% (166/229)","NaN% (0/0)",-60.9,"60.9% (184/302)","0% (0/2)",27.9,"72.1% (145/201)","100% (1/1)",39,"61% (61/100)","100% (1/1)","Human alphaherpesvirus 2 (HSV2).nasal"
"367","ever_steroids",NA,"48.2% (93/193)","NaN% (0/0)",NA,"64.6% (148/229)","NaN% (0/0)",32.1,"67.9% (205/302)","100% (2/2)",10.4,"89.6% (180/201)","100% (1/1)",18,"82% (82/100)","100% (1/1)","Human alphaherpesvirus 2 (HSV2).nasal"
"368","ever_azithro",NA,"23.3% (45/193)","NaN% (0/0)",NA,"33.2% (76/229)","NaN% (0/0)",-30.1,"30.1% (91/302)","0% (0/2)",-43.8,"43.8% (88/201)","0% (0/1)",-36,"36% (36/100)","0% (0/1)","Human alphaherpesvirus 2 (HSV2).nasal"
"369","ever_otherabx",NA,"43.5% (84/193)","NaN% (0/0)",NA,"45.9% (105/229)","NaN% (0/0)",2.6,"47.4% (143/302)","50% (1/2)",20.4,"79.6% (160/201)","100% (1/1)",11,"89% (89/100)","100% (1/1)","Human alphaherpesvirus 2 (HSV2).nasal"
"370","ever_conplas",NA,"3.6% (7/193)","NaN% (0/0)",NA,"7.9% (18/229)","NaN% (0/0)",-6,"6% (18/302)","0% (0/2)",-10.9,"10.9% (22/201)","0% (0/1)",-14,"14% (14/100)","0% (0/1)","Human alphaherpesvirus 2 (HSV2).nasal"
"371","ever_monoclonal",NA,"0% (0/193)","NaN% (0/0)",NA,"0.9% (2/229)","NaN% (0/0)",-0.3,"0.3% (1/302)","0% (0/2)",-1,"1% (2/201)","0% (0/1)",0,"0% (0/100)","0% (0/1)","Human alphaherpesvirus 2 (HSV2).nasal"
"372","ever_immsupp",NA,"6.2% (12/193)","NaN% (0/0)",NA,"6.6% (15/229)","NaN% (0/0)",-7,"7% (21/302)","0% (0/2)",-8.5,"8.5% (17/201)","0% (0/1)",-5,"5% (5/100)","0% (0/1)","Human alphaherpesvirus 2 (HSV2).nasal"
"373","anycomp",NA,"75.1% (145/193)","NaN% (0/0)",NA,"82.1% (188/229)","NaN% (0/0)",-35.8,"85.8% (259/302)","50% (1/2)",6.5,"93.5% (188/201)","100% (1/1)",3,"97% (97/100)","100% (1/1)","Human alphaherpesvirus 2 (HSV2).nasal"
"374","ncomp",NA,"34.7% (67/193)","NaN% (0/0)",NA,"18.3% (42/229)","NaN% (0/0)",-20.9,"20.9% (63/302)","0% (0/2)",-7,"7% (14/201)","0% (0/1)",-2,"2% (2/100)","0% (0/1)","Human alphaherpesvirus 2 (HSV2).nasal"
"375","comp_seizure",NA,"0% (0/193)","NaN% (0/0)",NA,"0.4% (1/229)","NaN% (0/0)",-0.3,"0.3% (1/302)","0% (0/2)",-1,"1% (2/201)","0% (0/1)",-1,"1% (1/100)","0% (0/1)","Human alphaherpesvirus 2 (HSV2).nasal"
"376","comp_meningitis",NA,"0.5% (1/193)","NaN% (0/0)",NA,"0.4% (1/229)","NaN% (0/0)",-0.7,"0.7% (2/302)","0% (0/2)",-2,"2% (4/201)","0% (0/1)",96,"4% (4/100)","100% (1/1)","Human alphaherpesvirus 2 (HSV2).nasal"
"377","comp_stroke",NA,"0.5% (1/193)","NaN% (0/0)",NA,"0% (0/229)","NaN% (0/0)",-1,"1% (3/302)","0% (0/2)",95.5,"4.5% (9/201)","100% (1/1)",-5,"5% (5/100)","0% (0/1)","Human alphaherpesvirus 2 (HSV2).nasal"
"378","comp_afib",NA,"1.6% (3/193)","NaN% (0/0)",NA,"4.8% (11/229)","NaN% (0/0)",-6.6,"6.6% (20/302)","0% (0/2)",-11.4,"11.4% (23/201)","0% (0/1)",78,"22% (22/100)","100% (1/1)","Human alphaherpesvirus 2 (HSV2).nasal"
"379","comp_ventricular_arr",NA,"0.5% (1/193)","NaN% (0/0)",NA,"1.7% (4/229)","NaN% (0/0)",-2,"2% (6/302)","0% (0/2)",-5,"5% (10/201)","0% (0/1)",-13,"13% (13/100)","0% (0/1)","Human alphaherpesvirus 2 (HSV2).nasal"
"380","comp_endo",NA,"0% (0/193)","NaN% (0/0)",NA,"0% (0/229)","NaN% (0/0)",0,"0% (0/302)","0% (0/2)",-0.5,"0.5% (1/201)","0% (0/1)",0,"0% (0/100)","0% (0/1)","Human alphaherpesvirus 2 (HSV2).nasal"
"381","comp_myocard",NA,"0% (0/193)","NaN% (0/0)",NA,"0.4% (1/229)","NaN% (0/0)",-0.7,"0.7% (2/302)","0% (0/2)",0,"0% (0/201)","0% (0/1)",-1,"1% (1/100)","0% (0/1)","Human alphaherpesvirus 2 (HSV2).nasal"
"382","comp_cardarrest",NA,"0% (0/193)","NaN% (0/0)",NA,"0% (0/229)","NaN% (0/0)",-0.3,"0.3% (1/302)","0% (0/2)",-3,"3% (6/201)","0% (0/1)",-28,"28% (28/100)","0% (0/1)","Human alphaherpesvirus 2 (HSV2).nasal"
"383","comp_stemi",NA,"0.5% (1/193)","NaN% (0/0)",NA,"0% (0/229)","NaN% (0/0)",-0.7,"0.7% (2/302)","0% (0/2)",98.5,"1.5% (3/201)","100% (1/1)",-5,"5% (5/100)","0% (0/1)","Human alphaherpesvirus 2 (HSV2).nasal"
"384","comp_nstemi",NA,"2.1% (4/193)","NaN% (0/0)",NA,"0.9% (2/229)","NaN% (0/0)",-1.7,"1.7% (5/302)","0% (0/2)",-2.5,"2.5% (5/201)","0% (0/1)",-11,"11% (11/100)","0% (0/1)","Human alphaherpesvirus 2 (HSV2).nasal"
"385","comp_chf",NA,"2.1% (4/193)","NaN% (0/0)",NA,"4.8% (11/229)","NaN% (0/0)",-5.6,"5.6% (17/302)","0% (0/2)",-6.5,"6.5% (13/201)","0% (0/1)",-24,"24% (24/100)","0% (0/1)","Human alphaherpesvirus 2 (HSV2).nasal"
"386","comp_pneumonia",NA,"53.4% (103/193)","NaN% (0/0)",NA,"69% (158/229)","NaN% (0/0)",-63.6,"63.6% (192/302)","0% (0/2)",19.9,"80.1% (161/201)","100% (1/1)",16,"84% (84/100)","100% (1/1)","Human alphaherpesvirus 2 (HSV2).nasal"
"387","comp_bronch",NA,"0% (0/193)","NaN% (0/0)",NA,"0.4% (1/229)","NaN% (0/0)",-0.3,"0.3% (1/302)","0% (0/2)",-1.5,"1.5% (3/201)","0% (0/1)",0,"0% (0/100)","0% (0/1)","Human alphaherpesvirus 2 (HSV2).nasal"
"388","comp_pneumo",NA,"0.5% (1/193)","NaN% (0/0)",NA,"0.9% (2/229)","NaN% (0/0)",-1.7,"1.7% (5/302)","0% (0/2)",-7.5,"7.5% (15/201)","0% (0/1)",-6,"6% (6/100)","0% (0/1)","Human alphaherpesvirus 2 (HSV2).nasal"
"389","comp_pneumomed",NA,"0% (0/193)","NaN% (0/0)",NA,"0% (0/229)","NaN% (0/0)",0,"0% (0/302)","0% (0/2)",-3.5,"3.5% (7/201)","0% (0/1)",-5,"5% (5/100)","0% (0/1)","Human alphaherpesvirus 2 (HSV2).nasal"
"390","comp_aat",NA,"0.5% (1/193)","NaN% (0/0)",NA,"0.4% (1/229)","NaN% (0/0)",0,"0% (0/302)","0% (0/2)",-1.5,"1.5% (3/201)","0% (0/1)",-2,"2% (2/100)","0% (0/1)","Human alphaherpesvirus 2 (HSV2).nasal"
"391","comp_avthromb",NA,"1% (2/193)","NaN% (0/0)",NA,"4.4% (10/229)","NaN% (0/0)",-3.3,"3.3% (10/302)","0% (0/2)",-15.4,"15.4% (31/201)","0% (0/1)",-16,"16% (16/100)","0% (0/1)","Human alphaherpesvirus 2 (HSV2).nasal"
"392","comp_shock",NA,"1% (2/193)","NaN% (0/0)",NA,"3.9% (9/229)","NaN% (0/0)",-3,"3% (9/302)","0% (0/2)",-36.8,"36.8% (74/201)","0% (0/1)",34,"66% (66/100)","100% (1/1)","Human alphaherpesvirus 2 (HSV2).nasal"
"393","comp_bac",NA,"3.6% (7/193)","NaN% (0/0)",NA,"5.2% (12/229)","NaN% (0/0)",42.4,"7.6% (23/302)","50% (1/2)",77.1,"22.9% (46/201)","100% (1/1)",71,"29% (29/100)","100% (1/1)","Human alphaherpesvirus 2 (HSV2).nasal"
"394","comp_coag",NA,"4.1% (8/193)","NaN% (0/0)",NA,"3.5% (8/229)","NaN% (0/0)",-1.7,"1.7% (5/302)","0% (0/2)",-5,"5% (10/201)","0% (0/1)",-6,"6% (6/100)","0% (0/1)","Human alphaherpesvirus 2 (HSV2).nasal"
"395","comp_hypogly",NA,"0.5% (1/193)","NaN% (0/0)",NA,"1.3% (3/229)","NaN% (0/0)",-1,"1% (3/302)","0% (0/2)",-3,"3% (6/201)","0% (0/1)",-2,"2% (2/100)","0% (0/1)","Human alphaherpesvirus 2 (HSV2).nasal"
"396","comp_bleed",NA,"1.6% (3/193)","NaN% (0/0)",NA,"2.2% (5/229)","NaN% (0/0)",-3.3,"3.3% (10/302)","0% (0/2)",90.5,"9.5% (19/201)","100% (1/1)",80,"20% (20/100)","100% (1/1)","Human alphaherpesvirus 2 (HSV2).nasal"
"397","comp_anemia",NA,"4.7% (9/193)","NaN% (0/0)",NA,"6.1% (14/229)","NaN% (0/0)",-11.3,"11.3% (34/302)","0% (0/2)",-31.3,"31.3% (63/201)","0% (0/1)",-28,"28% (28/100)","0% (0/1)","Human alphaherpesvirus 2 (HSV2).nasal"
"398","comp_pancreas",NA,"1.6% (3/193)","NaN% (0/0)",NA,"0% (0/229)","NaN% (0/0)",-0.3,"0.3% (1/302)","0% (0/2)",-0.5,"0.5% (1/201)","0% (0/1)",-1,"1% (1/100)","0% (0/1)","Human alphaherpesvirus 2 (HSV2).nasal"
"399","comp_renal",NA,"6.7% (13/193)","NaN% (0/0)",NA,"15.3% (35/229)","NaN% (0/0)",-16.9,"16.9% (51/302)","0% (0/2)",-31.3,"31.3% (63/201)","0% (0/1)",42,"58% (58/100)","100% (1/1)","Human alphaherpesvirus 2 (HSV2).nasal"
"400","comp_liver",NA,"8.8% (17/193)","NaN% (0/0)",NA,"13.1% (30/229)","NaN% (0/0)",-12.6,"12.6% (38/302)","0% (0/2)",-14.9,"14.9% (30/201)","0% (0/1)",-14,"14% (14/100)","0% (0/1)","Human alphaherpesvirus 2 (HSV2).nasal"
"401","comp_othlab",NA,"4.1% (8/193)","NaN% (0/0)",NA,"3.5% (8/229)","NaN% (0/0)",-3.6,"3.6% (11/302)","0% (0/2)",-6,"6% (12/201)","0% (0/1)",-4,"4% (4/100)","0% (0/1)","Human alphaherpesvirus 2 (HSV2).nasal"
"402","comp_electrolyte",NA,"4.1% (8/193)","NaN% (0/0)",NA,"1.7% (4/229)","NaN% (0/0)",-3,"3% (9/302)","0% (0/2)",-5,"5% (10/201)","0% (0/1)",-9,"9% (9/100)","0% (0/1)","Human alphaherpesvirus 2 (HSV2).nasal"
"403","comp_othinf",NA,"3.1% (6/193)","NaN% (0/0)",NA,"2.2% (5/229)","NaN% (0/0)",-3,"3% (9/302)","0% (0/2)",-5,"5% (10/201)","0% (0/1)",-2,"2% (2/100)","0% (0/1)","Human alphaherpesvirus 2 (HSV2).nasal"
"404","comp_othpulm",NA,"0% (0/193)","NaN% (0/0)",NA,"0% (0/229)","NaN% (0/0)",-0.3,"0.3% (1/302)","0% (0/2)",0,"0% (0/201)","0% (0/1)",0,"0% (0/100)","0% (0/1)","Human alphaherpesvirus 2 (HSV2).nasal"
"405","comp_unddisease",NA,"2.1% (4/193)","NaN% (0/0)",NA,"0.9% (2/229)","NaN% (0/0)",-1.7,"1.7% (5/302)","0% (0/2)",-1,"1% (2/201)","0% (0/1)",-1,"1% (1/100)","0% (0/1)","Human alphaherpesvirus 2 (HSV2).nasal"
"406","comp_enceph",NA,"0.5% (1/193)","NaN% (0/0)",NA,"1.3% (3/229)","NaN% (0/0)",-2,"2% (6/302)","0% (0/2)",-5,"5% (10/201)","0% (0/1)",-3,"3% (3/100)","0% (0/1)","Human alphaherpesvirus 2 (HSV2).nasal"
"407","comp_othneuro",NA,"1% (2/193)","NaN% (0/0)",NA,"0.4% (1/229)","NaN% (0/0)",-1,"1% (3/302)","0% (0/2)",-0.5,"0.5% (1/201)","0% (0/1)",0,"0% (0/100)","0% (0/1)","Human alphaherpesvirus 2 (HSV2).nasal"
"408","comp_hypergly",NA,"2.1% (4/193)","NaN% (0/0)",NA,"5.7% (13/229)","NaN% (0/0)",45,"5% (15/302)","50% (1/2)",-3,"3% (6/201)","0% (0/1)",-6,"6% (6/100)","0% (0/1)","Human alphaherpesvirus 2 (HSV2).nasal"
"409","comp_psych",NA,"0.5% (1/193)","NaN% (0/0)",NA,"0.4% (1/229)","NaN% (0/0)",-0.3,"0.3% (1/302)","0% (0/2)",0,"0% (0/201)","0% (0/1)",0,"0% (0/100)","0% (0/1)","Human alphaherpesvirus 2 (HSV2).nasal"
"410","comp_gastroent",NA,"1% (2/193)","NaN% (0/0)",NA,"1.7% (4/229)","NaN% (0/0)",-1.3,"1.3% (4/302)","0% (0/2)",-0.5,"0.5% (1/201)","0% (0/1)",0,"0% (0/100)","0% (0/1)","Human alphaherpesvirus 2 (HSV2).nasal"
"411","comp_pulmvas",NA,"0% (0/193)","NaN% (0/0)",NA,"0.4% (1/229)","NaN% (0/0)",0,"0% (0/302)","0% (0/2)",0,"0% (0/201)","0% (0/1)",0,"0% (0/100)","0% (0/1)","Human alphaherpesvirus 2 (HSV2).nasal"
"412","comp_other2",NA,"0.5% (1/193)","NaN% (0/0)",NA,"2.2% (5/229)","NaN% (0/0)",-2,"2% (6/302)","0% (0/2)",-2.5,"2.5% (5/201)","0% (0/1)",-2,"2% (2/100)","0% (0/1)","Human alphaherpesvirus 2 (HSV2).nasal"
"413","comorb_htn",NA,"56% (108/193)","NaN% (0/0)",43.9,"56.1% (128/228)","100% (1/1)",-3.7,"53.7% (161/300)","50% (2/4)",14.1,"58.6% (112/191)","72.7% (8/11)",-5.2,"71.9% (69/96)","66.7% (4/6)","Human betaherpesvirus 5 (CMV).nasal"
"414","comorb_isaric_dm",NA,"40.9% (79/193)","NaN% (0/0)",70.6,"29.4% (67/228)","100% (1/1)",17.3,"32.7% (98/300)","50% (2/4)",-16.7,"44% (84/191)","27.3% (3/11)",-34.4,"51% (49/96)","16.7% (1/6)","Human betaherpesvirus 5 (CMV).nasal"
"415","comorb_anyresp_noasthma",NA,"10.9% (21/193)","NaN% (0/0)",82.9,"17.1% (39/228)","100% (1/1)",1.7,"23.3% (70/300)","25% (1/4)",-0.1,"18.3% (35/191)","18.2% (2/11)",-21.9,"38.5% (37/96)","16.7% (1/6)","Human betaherpesvirus 5 (CMV).nasal"
"416","comorb_isaric_asthma",NA,"16.6% (32/193)","NaN% (0/0)",-17.5,"17.5% (40/228)","0% (0/1)",-13.3,"13.3% (40/300)","0% (0/4)",4.6,"13.6% (26/191)","18.2% (2/11)",7.3,"9.4% (9/96)","16.7% (1/6)","Human betaherpesvirus 5 (CMV).nasal"
"417","comorb_isaric_cardiac",NA,"24.4% (47/193)","NaN% (0/0)",75.9,"24.1% (55/228)","100% (1/1)",-29.3,"29.3% (88/300)","0% (0/4)",4.8,"22.5% (43/191)","27.3% (3/11)",-29.2,"45.8% (44/96)","16.7% (1/6)","Human betaherpesvirus 5 (CMV).nasal"
"418","comorb_isaric_ckd",NA,"11.9% (23/193)","NaN% (0/0)",88.2,"11.8% (27/228)","100% (1/1)",8.7,"16.3% (49/300)","25% (1/4)",5.6,"12.6% (24/191)","18.2% (2/11)",-30.2,"30.2% (29/96)","0% (0/6)","Human betaherpesvirus 5 (CMV).nasal"
"419","comorb_isaric_neoplasm",NA,"7.8% (15/193)","NaN% (0/0)",-9.6,"9.6% (22/228)","0% (0/1)",-10,"10% (30/300)","0% (0/4)",9.8,"8.4% (16/191)","18.2% (2/11)",-17.7,"17.7% (17/96)","0% (0/6)","Human betaherpesvirus 5 (CMV).nasal"
"420","comorb_neuro",NA,"10.4% (20/193)","NaN% (0/0)",-10.1,"10.1% (23/228)","0% (0/1)",10.7,"14.3% (43/300)","25% (1/4)",-11,"11% (21/191)","0% (0/11)",-15.6,"15.6% (15/96)","0% (0/6)","Human betaherpesvirus 5 (CMV).nasal"
"421","comorb_isaric_liver",NA,"4.7% (9/193)","NaN% (0/0)",94.7,"5.3% (12/228)","100% (1/1)",-4,"4% (12/300)","0% (0/4)",2.8,"6.3% (12/191)","9.1% (1/11)",-4.2,"4.2% (4/96)","0% (0/6)","Human betaherpesvirus 5 (CMV).nasal"
"422","comorb_hxtrans",NA,"3.6% (7/193)","NaN% (0/0)",-6.1,"6.1% (14/228)","0% (0/1)",18.7,"6.3% (19/300)","25% (1/4)",-6.8,"6.8% (13/191)","0% (0/11)",-4.2,"4.2% (4/96)","0% (0/6)","Human betaherpesvirus 5 (CMV).nasal"
"423","comorb_hiv2",NA,"3.1% (6/193)","NaN% (0/0)",0,"0% (0/228)","0% (0/1)",-1.3,"1.3% (4/300)","0% (0/4)",-1,"1% (2/191)","0% (0/11)",-1,"1% (1/96)","0% (0/6)","Human betaherpesvirus 5 (CMV).nasal"
"424","comorb_eversmkvape",NA,"31.1% (60/193)","NaN% (0/0)",-30.3,"30.3% (69/228)","0% (0/1)",19.3,"30.7% (92/300)","50% (2/4)",-13.8,"31.9% (61/191)","18.2% (2/11)",-49,"49% (47/96)","0% (0/6)","Human betaherpesvirus 5 (CMV).nasal"
"425","comorb_anysubstance",NA,"9.3% (18/193)","NaN% (0/0)",-5.7,"5.7% (13/228)","0% (0/1)",-7.3,"7.3% (22/300)","0% (0/4)",-6.8,"6.8% (13/191)","0% (0/11)",-8.3,"8.3% (8/96)","0% (0/6)","Human betaherpesvirus 5 (CMV).nasal"
"426","comorb_count",NA,"16.6% (32/193)","NaN% (0/0)",-15.8,"15.8% (36/228)","0% (0/1)",-17.3,"17.3% (52/300)","0% (0/4)",-11.5,"11.5% (22/191)","0% (0/11)",29.2,"4.2% (4/96)","33.3% (2/6)","Human betaherpesvirus 5 (CMV).nasal"
"427","comorb_countcat",NA,"16.6% (32/193)","NaN% (0/0)",-15.8,"15.8% (36/228)","0% (0/1)",-17.3,"17.3% (52/300)","0% (0/4)",-11.5,"11.5% (22/191)","0% (0/11)",29.2,"4.2% (4/96)","33.3% (2/6)","Human betaherpesvirus 5 (CMV).nasal"
"428","timesymptomcat",NA,"23.3% (45/193)","NaN% (0/0)",-19.7,"19.7% (45/228)","0% (0/1)",-20.3,"20.3% (61/300)","0% (0/4)",-17.8,"17.8% (34/191)","0% (0/11)",-28.1,"28.1% (27/96)","0% (0/6)","Human betaherpesvirus 5 (CMV).nasal"
"429","symptom_allresp",NA,"81.3% (157/193)","NaN% (0/0)",9.2,"90.8% (207/228)","100% (1/1)",-36,"86% (258/300)","50% (2/4)",-10.3,"92.1% (176/191)","81.8% (9/11)",-17.7,"84.4% (81/96)","66.7% (4/6)","Human betaherpesvirus 5 (CMV).nasal"
"430","symptom_cough",NA,"60.1% (116/193)","NaN% (0/0)",32.9,"67.1% (153/228)","100% (1/1)",-10,"60% (180/300)","50% (2/4)",-33.5,"60.7% (116/191)","27.3% (3/11)",-19.8,"53.1% (51/96)","33.3% (2/6)","Human betaherpesvirus 5 (CMV).nasal"
"431","symptom_cough_prod",NA,"15% (29/193)","NaN% (0/0)",-14.9,"14.9% (34/228)","0% (0/1)",8,"17% (51/300)","25% (1/4)",-9.9,"9.9% (19/191)","0% (0/11)",-15.6,"15.6% (15/96)","0% (0/6)","Human betaherpesvirus 5 (CMV).nasal"
"432","symptom_haemoptysis",NA,"3.6% (7/193)","NaN% (0/0)",-1.8,"1.8% (4/228)","0% (0/1)",-2,"2% (6/300)","0% (0/4)",-1.6,"1.6% (3/191)","0% (0/11)",-1,"1% (1/96)","0% (0/6)","Human betaherpesvirus 5 (CMV).nasal"
"433","symptom_sorethroat",NA,"10.4% (20/193)","NaN% (0/0)",-8.3,"8.3% (19/228)","0% (0/1)",-7.7,"7.7% (23/300)","0% (0/4)",-8.9,"8.9% (17/191)","0% (0/11)",-5.2,"5.2% (5/96)","0% (0/6)","Human betaherpesvirus 5 (CMV).nasal"
"434","symptom_rhinorrhea",NA,"8.3% (16/193)","NaN% (0/0)",-2.2,"2.2% (5/228)","0% (0/1)",-6.3,"6.3% (19/300)","0% (0/4)",4.9,"4.2% (8/191)","9.1% (1/11)",-4.2,"4.2% (4/96)","0% (0/6)","Human betaherpesvirus 5 (CMV).nasal"
"435","symptom_wheeze",NA,"4.1% (8/193)","NaN% (0/0)",-3.9,"3.9% (9/228)","0% (0/1)",-4.7,"4.7% (14/300)","0% (0/4)",-7.3,"7.3% (14/191)","0% (0/11)",-7.3,"7.3% (7/96)","0% (0/6)","Human betaherpesvirus 5 (CMV).nasal"
"436","symptom_chestpain",NA,"24.9% (48/193)","NaN% (0/0)",-21.9,"21.9% (50/228)","0% (0/1)",32.3,"17.7% (53/300)","50% (2/4)",-8.2,"17.3% (33/191)","9.1% (1/11)",21.9,"11.5% (11/96)","33.3% (2/6)","Human betaherpesvirus 5 (CMV).nasal"
"437","symptom_dyspnea",NA,"61.7% (119/193)","NaN% (0/0)",26.3,"73.7% (168/228)","100% (1/1)",-19,"69% (207/300)","50% (2/4)",-8.4,"81.2% (155/191)","72.7% (8/11)",-10.4,"77.1% (74/96)","66.7% (4/6)","Human betaherpesvirus 5 (CMV).nasal"
"438","symptom_chestwall",NA,"0% (0/193)","NaN% (0/0)",0,"0% (0/227)","0% (0/1)",0,"0% (0/299)","0% (0/4)",-0.5,"0.5% (1/191)","0% (0/11)",0,"0% (0/96)","0% (0/6)","Human betaherpesvirus 5 (CMV).nasal"
"439","symptom_earpain",NA,"0% (0/193)","NaN% (0/0)",-0.4,"0.4% (1/228)","0% (0/1)",-0.3,"0.3% (1/300)","0% (0/4)",9.1,"0% (0/191)","9.1% (1/11)",0,"0% (0/96)","0% (0/6)","Human betaherpesvirus 5 (CMV).nasal"
"440","symptom_conjunctivitis",NA,"0% (0/193)","NaN% (0/0)",0,"0% (0/228)","0% (0/1)",-0.3,"0.3% (1/300)","0% (0/4)",0,"0% (0/191)","0% (0/11)",0,"0% (0/96)","0% (0/6)","Human betaherpesvirus 5 (CMV).nasal"
"441","symptom_allsyst",NA,"77.2% (149/193)","NaN% (0/0)",20.2,"79.8% (182/228)","100% (1/1)",-46.7,"71.7% (215/300)","25% (1/4)",8.3,"64.4% (123/191)","72.7% (8/11)",-46.9,"63.5% (61/96)","16.7% (1/6)","Human betaherpesvirus 5 (CMV).nasal"
"442","symptom_fever",NA,"50.3% (97/193)","NaN% (0/0)",-57,"57% (130/228)","0% (0/1)",-49.3,"49.3% (148/300)","0% (0/4)",19.7,"44% (84/191)","63.6% (7/11)",-28.1,"44.8% (43/96)","16.7% (1/6)","Human betaherpesvirus 5 (CMV).nasal"
"443","symptom_chills",NA,"24.4% (47/193)","NaN% (0/0)",-28.9,"28.9% (66/228)","0% (0/1)",-28,"28% (84/300)","0% (0/4)",0.4,"17.8% (34/191)","18.2% (2/11)",4.2,"12.5% (12/96)","16.7% (1/6)","Human betaherpesvirus 5 (CMV).nasal"
"444","symptom_shaking",NA,"0.5% (1/193)","NaN% (0/0)",-1.8,"1.8% (4/228)","0% (0/1)",-0.7,"0.7% (2/299)","0% (0/4)",-1,"1% (2/191)","0% (0/11)",0,"0% (0/96)","0% (0/6)","Human betaherpesvirus 5 (CMV).nasal"
"445","symptom_fatigue",NA,"46.6% (90/193)","NaN% (0/0)",53.5,"46.5% (106/228)","100% (1/1)",-16.3,"41.3% (124/300)","25% (1/4)",-9.9,"37.2% (71/191)","27.3% (3/11)",-32.3,"32.3% (31/96)","0% (0/6)","Human betaherpesvirus 5 (CMV).nasal"
"446","symptom_myalgia",NA,"29.5% (57/193)","NaN% (0/0)",-31.6,"31.6% (72/228)","0% (0/1)",-21,"21% (63/300)","0% (0/4)",-1.2,"19.4% (37/191)","18.2% (2/11)",-10.4,"10.4% (10/96)","0% (0/6)","Human betaherpesvirus 5 (CMV).nasal"
"447","symptom_lymphadenopathy",NA,"0% (0/193)","NaN% (0/0)",0,"0% (0/228)","0% (0/1)",0,"0% (0/300)","0% (0/4)",0,"0% (0/191)","0% (0/11)",-1,"1% (1/96)","0% (0/6)","Human betaherpesvirus 5 (CMV).nasal"
"448","symptom_allneuro",NA,"34.7% (67/193)","NaN% (0/0)",-30.7,"30.7% (70/228)","0% (0/1)",-29.7,"29.7% (89/300)","0% (0/4)",-4.7,"31.9% (61/191)","27.3% (3/11)",-10.4,"27.1% (26/96)","16.7% (1/6)","Human betaherpesvirus 5 (CMV).nasal"
"449","symptom_headache",NA,"22.3% (43/193)","NaN% (0/0)",-18.9,"18.9% (43/228)","0% (0/1)",-16,"16% (48/300)","0% (0/4)",0.4,"17.8% (34/191)","18.2% (2/11)",-4.2,"4.2% (4/96)","0% (0/6)","Human betaherpesvirus 5 (CMV).nasal"
"450","symptom_confusion",NA,"3.1% (6/193)","NaN% (0/0)",-2.6,"2.6% (6/228)","0% (0/1)",-4.7,"4.7% (14/300)","0% (0/4)",0.2,"8.9% (17/191)","9.1% (1/11)",-13.5,"13.5% (13/96)","0% (0/6)","Human betaherpesvirus 5 (CMV).nasal"
"451","symptom_seizure",NA,"0% (0/193)","NaN% (0/0)",0,"0% (0/228)","0% (0/1)",-0.3,"0.3% (1/300)","0% (0/4)",-0.5,"0.5% (1/191)","0% (0/11)",0,"0% (0/96)","0% (0/6)","Human betaherpesvirus 5 (CMV).nasal"
"452","symptom_syncope",NA,"3.6% (7/193)","NaN% (0/0)",-0.9,"0.9% (2/228)","0% (0/1)",-1.7,"1.7% (5/300)","0% (0/4)",-0.5,"0.5% (1/191)","0% (0/11)",-3.1,"3.1% (3/96)","0% (0/6)","Human betaherpesvirus 5 (CMV).nasal"
"453","symptom_anosmia",NA,"14.5% (28/193)","NaN% (0/0)",-11.4,"11.4% (26/228)","0% (0/1)",-11,"11% (33/300)","0% (0/4)",-7.9,"7.9% (15/191)","0% (0/11)",8.3,"8.3% (8/96)","16.7% (1/6)","Human betaherpesvirus 5 (CMV).nasal"
"454","symptom_allGI",NA,"46.6% (90/193)","NaN% (0/0)",52.6,"47.4% (108/228)","100% (1/1)",-36.3,"36.3% (109/300)","0% (0/4)",-22.3,"31.4% (60/191)","9.1% (1/11)",-13.5,"30.2% (29/96)","16.7% (1/6)","Human betaherpesvirus 5 (CMV).nasal"
"455","symptom_abdpain",NA,"11.9% (23/193)","NaN% (0/0)",-10.1,"10.1% (23/228)","0% (0/1)",-8.7,"8.7% (26/300)","0% (0/4)",-8.4,"8.4% (16/191)","0% (0/11)",9.4,"7.3% (7/96)","16.7% (1/6)","Human betaherpesvirus 5 (CMV).nasal"
"456","symptom_nausea",NA,"29% (56/193)","NaN% (0/0)",-30.3,"30.3% (69/228)","0% (0/1)",-19.3,"19.3% (58/300)","0% (0/4)",-6.1,"15.2% (29/191)","9.1% (1/11)",-13.5,"13.5% (13/96)","0% (0/6)","Human betaherpesvirus 5 (CMV).nasal"
"457","symptom_diarrhea",NA,"24.4% (47/193)","NaN% (0/0)",74.6,"25.4% (58/228)","100% (1/1)",-22.7,"22.7% (68/300)","0% (0/4)",-18.3,"18.3% (35/191)","0% (0/11)",-15.6,"15.6% (15/96)","0% (0/6)","Human betaherpesvirus 5 (CMV).nasal"
"458","symptom_allderm",NA,"0.5% (1/193)","NaN% (0/0)",-0.4,"0.4% (1/228)","0% (0/1)",24.7,"0.3% (1/300)","25% (1/4)",-2.1,"2.1% (4/191)","0% (0/11)",-1,"1% (1/96)","0% (0/6)","Human betaherpesvirus 5 (CMV).nasal"
"459","symptom_skinrash",NA,"0.5% (1/193)","NaN% (0/0)",-0.4,"0.4% (1/228)","0% (0/1)",24.7,"0.3% (1/300)","25% (1/4)",-1,"1% (2/191)","0% (0/11)",0,"0% (0/96)","0% (0/6)","Human betaherpesvirus 5 (CMV).nasal"
"460","symptom_skinulcer",NA,"0% (0/193)","NaN% (0/0)",0,"0% (0/228)","0% (0/1)",0,"0% (0/300)","0% (0/4)",-1,"1% (2/191)","0% (0/11)",-1,"1% (1/96)","0% (0/6)","Human betaherpesvirus 5 (CMV).nasal"
"461","symptom_allother",NA,"10.4% (20/193)","NaN% (0/0)",-10.1,"10.1% (23/228)","0% (0/1)",-3.3,"3.3% (10/300)","0% (0/4)",-9.9,"9.9% (19/191)","0% (0/11)",-11.5,"11.5% (11/96)","0% (0/6)","Human betaherpesvirus 5 (CMV).nasal"
"462","symptom_arthralgia",NA,"8.3% (16/193)","NaN% (0/0)",-4.8,"4.8% (11/228)","0% (0/1)",-1.7,"1.7% (5/300)","0% (0/4)",-2.1,"2.1% (4/191)","0% (0/11)",-3.1,"3.1% (3/96)","0% (0/6)","Human betaherpesvirus 5 (CMV).nasal"
"463","symptom_edema",NA,"1% (2/193)","NaN% (0/0)",-3.1,"3.1% (7/228)","0% (0/1)",-0.3,"0.3% (1/300)","0% (0/4)",-3.1,"3.1% (6/191)","0% (0/11)",-5.2,"5.2% (5/96)","0% (0/6)","Human betaherpesvirus 5 (CMV).nasal"
"464","symptom_nonamb",NA,"1.6% (3/193)","NaN% (0/0)",-1.8,"1.8% (4/228)","0% (0/1)",-1.7,"1.7% (5/300)","0% (0/4)",-4.2,"4.2% (8/191)","0% (0/11)",-4.2,"4.2% (4/96)","0% (0/6)","Human betaherpesvirus 5 (CMV).nasal"
"465","symptom_bleeding",NA,"0% (0/193)","NaN% (0/0)",-0.4,"0.4% (1/228)","0% (0/1)",-0.3,"0.3% (1/300)","0% (0/4)",-0.5,"0.5% (1/191)","0% (0/11)",0,"0% (0/96)","0% (0/6)","Human betaherpesvirus 5 (CMV).nasal"
"466","ever_ever_esc",NA,"2.6% (5/193)","NaN% (0/0)",-9.6,"9.6% (22/228)","0% (0/1)",-8.3,"8.3% (25/300)","0% (0/4)",21.6,"33% (63/191)","54.5% (6/11)",-16.7,"50% (48/96)","33.3% (2/6)","Human betaherpesvirus 5 (CMV).nasal"
"467","ever_icu",NA,"3.6% (7/193)","NaN% (0/0)",-22.8,"22.8% (52/228)","0% (0/1)",57.7,"17.3% (52/300)","75% (3/4)",15.2,"84.8% (162/191)","100% (11/11)",13.5,"86.5% (83/96)","100% (6/6)","Human betaherpesvirus 5 (CMV).nasal"
"468","diedever",NA,"2.6% (5/193)","NaN% (0/0)",-3.1,"3.1% (7/228)","0% (0/1)",22.3,"2.7% (8/300)","25% (1/4)",49.5,"14.1% (27/191)","63.6% (7/11)",0,"100% (96/96)","100% (6/6)","Human betaherpesvirus 5 (CMV).nasal"
"469","ever_remdes",NA,"43% (83/193)","NaN% (0/0)",27.6,"72.4% (165/228)","100% (1/1)",-10.7,"60.7% (182/300)","50% (2/4)",-9.1,"72.8% (139/191)","63.6% (7/11)",-29.2,"62.5% (60/96)","33.3% (2/6)","Human betaherpesvirus 5 (CMV).nasal"
"470","ever_steroids",NA,"48.2% (93/193)","NaN% (0/0)",35.5,"64.5% (147/228)","100% (1/1)",-43.7,"68.7% (206/300)","25% (1/4)",-8.2,"90.1% (172/191)","81.8% (9/11)",-16.7,"83.3% (80/96)","66.7% (4/6)","Human betaherpesvirus 5 (CMV).nasal"
"471","ever_azithro",NA,"23.3% (45/193)","NaN% (0/0)",-33.3,"33.3% (76/228)","0% (0/1)",-30.3,"30.3% (91/300)","0% (0/4)",-26.8,"45% (86/191)","18.2% (2/11)",-19.8,"36.5% (35/96)","16.7% (1/6)","Human betaherpesvirus 5 (CMV).nasal"
"472","ever_otherabx",NA,"43.5% (84/193)","NaN% (0/0)",-46.1,"46.1% (105/228)","0% (0/1)",2.7,"47.3% (142/300)","50% (2/4)",11.9,"79.1% (151/191)","90.9% (10/11)",-6.2,"89.6% (86/96)","83.3% (5/6)","Human betaherpesvirus 5 (CMV).nasal"
"473","ever_conplas",NA,"3.6% (7/193)","NaN% (0/0)",-7.9,"7.9% (18/228)","0% (0/1)",19.3,"5.7% (17/300)","25% (1/4)",-1.9,"11% (21/191)","9.1% (1/11)",3.1,"13.5% (13/96)","16.7% (1/6)","Human betaherpesvirus 5 (CMV).nasal"
"474","ever_monoclonal",NA,"0% (0/193)","NaN% (0/0)",-0.9,"0.9% (2/228)","0% (0/1)",-0.3,"0.3% (1/300)","0% (0/4)",-1,"1% (2/191)","0% (0/11)",0,"0% (0/96)","0% (0/6)","Human betaherpesvirus 5 (CMV).nasal"
"475","ever_immsupp",NA,"6.2% (12/193)","NaN% (0/0)",93.9,"6.1% (14/228)","100% (1/1)",-7,"7% (21/300)","0% (0/4)",0.7,"8.4% (16/191)","9.1% (1/11)",-5.2,"5.2% (5/96)","0% (0/6)","Human betaherpesvirus 5 (CMV).nasal"
"476","anycomp",NA,"75.1% (145/193)","NaN% (0/0)",18,"82% (187/228)","100% (1/1)",14.7,"85.3% (256/300)","100% (4/4)",6.8,"93.2% (178/191)","100% (11/11)",3.1,"96.9% (93/96)","100% (6/6)","Human betaherpesvirus 5 (CMV).nasal"
"477","ncomp",NA,"34.7% (67/193)","NaN% (0/0)",-18.4,"18.4% (42/228)","0% (0/1)",4.3,"20.7% (62/300)","25% (1/4)",-7.3,"7.3% (14/191)","0% (0/11)",-2.1,"2.1% (2/96)","0% (0/6)","Human betaherpesvirus 5 (CMV).nasal"
"478","comp_seizure",NA,"0% (0/193)","NaN% (0/0)",-0.4,"0.4% (1/228)","0% (0/1)",-0.3,"0.3% (1/300)","0% (0/4)",-1,"1% (2/191)","0% (0/11)",-1,"1% (1/96)","0% (0/6)","Human betaherpesvirus 5 (CMV).nasal"
"479","comp_meningitis",NA,"0.5% (1/193)","NaN% (0/0)",-0.4,"0.4% (1/228)","0% (0/1)",-0.7,"0.7% (2/300)","0% (0/4)",7.5,"1.6% (3/191)","9.1% (1/11)",-5.2,"5.2% (5/96)","0% (0/6)","Human betaherpesvirus 5 (CMV).nasal"
"480","comp_stroke",NA,"0.5% (1/193)","NaN% (0/0)",0,"0% (0/228)","0% (0/1)",-1,"1% (3/300)","0% (0/4)",14,"4.2% (8/191)","18.2% (2/11)",-5.2,"5.2% (5/96)","0% (0/6)","Human betaherpesvirus 5 (CMV).nasal"
"481","comp_afib",NA,"1.6% (3/193)","NaN% (0/0)",-4.8,"4.8% (11/228)","0% (0/1)",-6.7,"6.7% (20/300)","0% (0/4)",7.2,"11% (21/191)","18.2% (2/11)",-6.2,"22.9% (22/96)","16.7% (1/6)","Human betaherpesvirus 5 (CMV).nasal"
"482","comp_ventricular_arr",NA,"0.5% (1/193)","NaN% (0/0)",-1.8,"1.8% (4/228)","0% (0/1)",-2,"2% (6/300)","0% (0/4)",14,"4.2% (8/191)","18.2% (2/11)",4.2,"12.5% (12/96)","16.7% (1/6)","Human betaherpesvirus 5 (CMV).nasal"
"483","comp_endo",NA,"0% (0/193)","NaN% (0/0)",0,"0% (0/228)","0% (0/1)",0,"0% (0/300)","0% (0/4)",-0.5,"0.5% (1/191)","0% (0/11)",0,"0% (0/96)","0% (0/6)","Human betaherpesvirus 5 (CMV).nasal"
"484","comp_myocard",NA,"0% (0/193)","NaN% (0/0)",-0.4,"0.4% (1/228)","0% (0/1)",-0.7,"0.7% (2/300)","0% (0/4)",0,"0% (0/191)","0% (0/11)",-1,"1% (1/96)","0% (0/6)","Human betaherpesvirus 5 (CMV).nasal"
"485","comp_cardarrest",NA,"0% (0/193)","NaN% (0/0)",0,"0% (0/228)","0% (0/1)",-0.3,"0.3% (1/300)","0% (0/4)",16.1,"2.1% (4/191)","18.2% (2/11)",6.2,"27.1% (26/96)","33.3% (2/6)","Human betaherpesvirus 5 (CMV).nasal"
"486","comp_stemi",NA,"0.5% (1/193)","NaN% (0/0)",0,"0% (0/228)","0% (0/1)",-0.7,"0.7% (2/300)","0% (0/4)",17.1,"1% (2/191)","18.2% (2/11)",-5.2,"5.2% (5/96)","0% (0/6)","Human betaherpesvirus 5 (CMV).nasal"
"487","comp_nstemi",NA,"2.1% (4/193)","NaN% (0/0)",-0.9,"0.9% (2/228)","0% (0/1)",-1.7,"1.7% (5/300)","0% (0/4)",-2.6,"2.6% (5/191)","0% (0/11)",-11.5,"11.5% (11/96)","0% (0/6)","Human betaherpesvirus 5 (CMV).nasal"
"488","comp_chf",NA,"2.1% (4/193)","NaN% (0/0)",95.6,"4.4% (10/228)","100% (1/1)",-5.7,"5.7% (17/300)","0% (0/4)",-6.8,"6.8% (13/191)","0% (0/11)",-25,"25% (24/96)","0% (0/6)","Human betaherpesvirus 5 (CMV).nasal"
"489","comp_pneumonia",NA,"53.4% (103/193)","NaN% (0/0)",31.1,"68.9% (157/228)","100% (1/1)",-64,"64% (192/300)","0% (0/4)",1.7,"80.1% (153/191)","81.8% (9/11)",-1,"84.4% (81/96)","83.3% (5/6)","Human betaherpesvirus 5 (CMV).nasal"
"490","comp_bronch",NA,"0% (0/193)","NaN% (0/0)",-0.4,"0.4% (1/228)","0% (0/1)",-0.3,"0.3% (1/300)","0% (0/4)",-1.6,"1.6% (3/191)","0% (0/11)",0,"0% (0/96)","0% (0/6)","Human betaherpesvirus 5 (CMV).nasal"
"491","comp_pneumo",NA,"0.5% (1/193)","NaN% (0/0)",-0.9,"0.9% (2/228)","0% (0/1)",23.7,"1.3% (4/300)","25% (1/4)",21,"6.3% (12/191)","27.3% (3/11)",11.5,"5.2% (5/96)","16.7% (1/6)","Human betaherpesvirus 5 (CMV).nasal"
"492","comp_pneumomed",NA,"0% (0/193)","NaN% (0/0)",0,"0% (0/228)","0% (0/1)",0,"0% (0/300)","0% (0/4)",-3.7,"3.7% (7/191)","0% (0/11)",-5.2,"5.2% (5/96)","0% (0/6)","Human betaherpesvirus 5 (CMV).nasal"
"493","comp_aat",NA,"0.5% (1/193)","NaN% (0/0)",-0.4,"0.4% (1/228)","0% (0/1)",0,"0% (0/300)","0% (0/4)",-1.6,"1.6% (3/191)","0% (0/11)",-2.1,"2.1% (2/96)","0% (0/6)","Human betaherpesvirus 5 (CMV).nasal"
"494","comp_avthromb",NA,"1% (2/193)","NaN% (0/0)",-4.4,"4.4% (10/228)","0% (0/1)",-3.3,"3.3% (10/300)","0% (0/4)",22.2,"14.1% (27/191)","36.4% (4/11)",18.7,"14.6% (14/96)","33.3% (2/6)","Human betaherpesvirus 5 (CMV).nasal"
"495","comp_shock",NA,"1% (2/193)","NaN% (0/0)",-3.9,"3.9% (9/228)","0% (0/1)",-3,"3% (9/300)","0% (0/4)",28.6,"35.1% (67/191)","63.6% (7/11)",35.4,"64.6% (62/96)","100% (6/6)","Human betaherpesvirus 5 (CMV).nasal"
"496","comp_bac",NA,"3.6% (7/193)","NaN% (0/0)",-5.3,"5.3% (12/228)","0% (0/1)",17.3,"7.7% (23/300)","25% (1/4)",33.1,"21.5% (41/191)","54.5% (6/11)",-14.6,"31.2% (30/96)","16.7% (1/6)","Human betaherpesvirus 5 (CMV).nasal"
"497","comp_coag",NA,"4.1% (8/193)","NaN% (0/0)",-3.5,"3.5% (8/228)","0% (0/1)",-1.7,"1.7% (5/300)","0% (0/4)",-5.2,"5.2% (10/191)","0% (0/11)",-6.2,"6.2% (6/96)","0% (0/6)","Human betaherpesvirus 5 (CMV).nasal"
"498","comp_hypogly",NA,"0.5% (1/193)","NaN% (0/0)",-1.3,"1.3% (3/228)","0% (0/1)",-1,"1% (3/300)","0% (0/4)",-3.1,"3.1% (6/191)","0% (0/11)",-2.1,"2.1% (2/96)","0% (0/6)","Human betaherpesvirus 5 (CMV).nasal"
"499","comp_bleed",NA,"1.6% (3/193)","NaN% (0/0)",-2.2,"2.2% (5/228)","0% (0/1)",22,"3% (9/300)","25% (1/4)",-0.9,"9.9% (19/191)","9.1% (1/11)",-21.9,"21.9% (21/96)","0% (0/6)","Human betaherpesvirus 5 (CMV).nasal"
"500","comp_anemia",NA,"4.7% (9/193)","NaN% (0/0)",-6.1,"6.1% (14/228)","0% (0/1)",14,"11% (33/300)","25% (1/4)",5.5,"30.9% (59/191)","36.4% (4/11)",-29.2,"29.2% (28/96)","0% (0/6)","Human betaherpesvirus 5 (CMV).nasal"
"501","comp_pancreas",NA,"1.6% (3/193)","NaN% (0/0)",0,"0% (0/228)","0% (0/1)",-0.3,"0.3% (1/300)","0% (0/4)",-0.5,"0.5% (1/191)","0% (0/11)",-1,"1% (1/96)","0% (0/6)","Human betaherpesvirus 5 (CMV).nasal"
"502","comp_renal",NA,"6.7% (13/193)","NaN% (0/0)",85.1,"14.9% (34/228)","100% (1/1)",-17,"17% (51/300)","0% (0/4)",34.3,"29.3% (56/191)","63.6% (7/11)",-27.1,"60.4% (58/96)","33.3% (2/6)","Human betaherpesvirus 5 (CMV).nasal"
"503","comp_liver",NA,"8.8% (17/193)","NaN% (0/0)",-13.2,"13.2% (30/228)","0% (0/1)",-12.7,"12.7% (38/300)","0% (0/4)",3.5,"14.7% (28/191)","18.2% (2/11)",3.1,"13.5% (13/96)","16.7% (1/6)","Human betaherpesvirus 5 (CMV).nasal"
"504","comp_othlab",NA,"4.1% (8/193)","NaN% (0/0)",-3.5,"3.5% (8/228)","0% (0/1)",-3.7,"3.7% (11/300)","0% (0/4)",3.3,"5.8% (11/191)","9.1% (1/11)",-4.2,"4.2% (4/96)","0% (0/6)","Human betaherpesvirus 5 (CMV).nasal"
"505","comp_electrolyte",NA,"4.1% (8/193)","NaN% (0/0)",-1.8,"1.8% (4/228)","0% (0/1)",-3,"3% (9/300)","0% (0/4)",14,"4.2% (8/191)","18.2% (2/11)",8.3,"8.3% (8/96)","16.7% (1/6)","Human betaherpesvirus 5 (CMV).nasal"
"506","comp_othinf",NA,"3.1% (6/193)","NaN% (0/0)",-2.2,"2.2% (5/228)","0% (0/1)",-3,"3% (9/300)","0% (0/4)",23.6,"3.7% (7/191)","27.3% (3/11)",-2.1,"2.1% (2/96)","0% (0/6)","Human betaherpesvirus 5 (CMV).nasal"
"507","comp_othpulm",NA,"0% (0/193)","NaN% (0/0)",0,"0% (0/228)","0% (0/1)",-0.3,"0.3% (1/300)","0% (0/4)",0,"0% (0/191)","0% (0/11)",0,"0% (0/96)","0% (0/6)","Human betaherpesvirus 5 (CMV).nasal"
"508","comp_unddisease",NA,"2.1% (4/193)","NaN% (0/0)",-0.9,"0.9% (2/228)","0% (0/1)",23.7,"1.3% (4/300)","25% (1/4)",-1,"1% (2/191)","0% (0/11)",-1,"1% (1/96)","0% (0/6)","Human betaherpesvirus 5 (CMV).nasal"
"509","comp_enceph",NA,"0.5% (1/193)","NaN% (0/0)",-1.3,"1.3% (3/228)","0% (0/1)",-2,"2% (6/300)","0% (0/4)",14,"4.2% (8/191)","18.2% (2/11)",-3.1,"3.1% (3/96)","0% (0/6)","Human betaherpesvirus 5 (CMV).nasal"
"510","comp_othneuro",NA,"1% (2/193)","NaN% (0/0)",-0.4,"0.4% (1/228)","0% (0/1)",-1,"1% (3/300)","0% (0/4)",-0.5,"0.5% (1/191)","0% (0/11)",0,"0% (0/96)","0% (0/6)","Human betaherpesvirus 5 (CMV).nasal"
"511","comp_hypergly",NA,"2.1% (4/193)","NaN% (0/0)",-5.7,"5.7% (13/228)","0% (0/1)",-5.3,"5.3% (16/300)","0% (0/4)",-3.1,"3.1% (6/191)","0% (0/11)",-6.2,"6.2% (6/96)","0% (0/6)","Human betaherpesvirus 5 (CMV).nasal"
"512","comp_psych",NA,"0.5% (1/193)","NaN% (0/0)",-0.4,"0.4% (1/228)","0% (0/1)",-0.3,"0.3% (1/300)","0% (0/4)",0,"0% (0/191)","0% (0/11)",0,"0% (0/96)","0% (0/6)","Human betaherpesvirus 5 (CMV).nasal"
"513","comp_gastroent",NA,"1% (2/193)","NaN% (0/0)",-1.8,"1.8% (4/228)","0% (0/1)",-1.3,"1.3% (4/300)","0% (0/4)",-0.5,"0.5% (1/191)","0% (0/11)",0,"0% (0/96)","0% (0/6)","Human betaherpesvirus 5 (CMV).nasal"
"514","comp_pulmvas",NA,"0% (0/193)","NaN% (0/0)",-0.4,"0.4% (1/228)","0% (0/1)",0,"0% (0/300)","0% (0/4)",0,"0% (0/191)","0% (0/11)",0,"0% (0/96)","0% (0/6)","Human betaherpesvirus 5 (CMV).nasal"
"515","comp_other2",NA,"0.5% (1/193)","NaN% (0/0)",-2.2,"2.2% (5/228)","0% (0/1)",-2,"2% (6/300)","0% (0/4)",-2.6,"2.6% (5/191)","0% (0/11)",-2.1,"2.1% (2/96)","0% (0/6)","Human betaherpesvirus 5 (CMV).nasal"
"516","comorb_htn",-56,"56% (116/207)","0% (0/1)",4.1,"58.4% (142/243)","62.5% (5/8)",-35.4,"55.4% (174/314)","20% (1/5)",5.1,"60.1% (119/198)","65.2% (15/23)",30.3,"69.7% (69/99)","100% (4/4)","Human betaherpesvirus 5 (CMV).pbmc"
"517","comorb_isaric_dm",-40.1,"40.1% (83/207)","0% (0/1)",7,"30.5% (74/243)","37.5% (3/8)",7.5,"32.5% (102/314)","40% (2/5)",-4.8,"43.9% (87/198)","39.1% (9/23)",3.5,"46.5% (46/99)","50% (2/4)","Human betaherpesvirus 5 (CMV).pbmc"
"518","comorb_anyresp_noasthma",-12.6,"12.6% (26/207)","0% (0/1)",6.5,"18.5% (45/243)","25% (2/8)",-24.2,"24.2% (76/314)","0% (0/5)",-5.1,"18.2% (36/198)","13% (3/23)",39.6,"35.4% (35/99)","75% (3/4)","Human betaherpesvirus 5 (CMV).pbmc"
"519","comorb_isaric_asthma",-17.4,"17.4% (36/207)","0% (0/1)",-5.2,"17.7% (43/243)","12.5% (1/8)",-13.4,"13.4% (42/314)","0% (0/5)",8.1,"13.6% (27/198)","21.7% (5/23)",14.9,"10.1% (10/99)","25% (1/4)","Human betaherpesvirus 5 (CMV).pbmc"
"520","comorb_isaric_cardiac",-24.6,"24.6% (51/207)","0% (0/1)",25.7,"24.3% (59/243)","50% (4/8)",-7.7,"27.7% (87/314)","20% (1/5)",-5.8,"23.2% (46/198)","17.4% (4/23)",5.6,"44.4% (44/99)","50% (2/4)","Human betaherpesvirus 5 (CMV).pbmc"
"521","comorb_isaric_ckd",-14,"14% (29/207)","0% (0/1)",24.7,"12.8% (31/243)","37.5% (3/8)",4.1,"15.9% (50/314)","20% (1/5)",0.9,"12.1% (24/198)","13% (3/23)",-26.3,"26.3% (26/99)","0% (0/4)","Human betaherpesvirus 5 (CMV).pbmc"
"522","comorb_isaric_neoplasm",-8.7,"8.7% (18/207)","0% (0/1)",3,"9.5% (23/243)","12.5% (1/8)",-9.2,"9.2% (29/314)","0% (0/5)",0.6,"8.1% (16/198)","8.7% (2/23)",-15.2,"15.2% (15/99)","0% (0/4)","Human betaherpesvirus 5 (CMV).pbmc"
"523","comorb_neuro",-10.6,"10.6% (22/207)","0% (0/1)",1,"11.5% (28/243)","12.5% (1/8)",-15,"15% (47/314)","0% (0/5)",-11.6,"11.6% (23/198)","0% (0/23)",-15.2,"15.2% (15/99)","0% (0/4)","Human betaherpesvirus 5 (CMV).pbmc"
"524","comorb_isaric_liver",-4.3,"4.3% (9/207)","0% (0/1)",19.7,"5.3% (13/243)","25% (2/8)",-4.1,"4.1% (13/314)","0% (0/5)",2.6,"6.1% (12/198)","8.7% (2/23)",-4,"4% (4/99)","0% (0/4)","Human betaherpesvirus 5 (CMV).pbmc"
"525","comorb_hxtrans",-4.3,"4.3% (9/207)","0% (0/1)",-6.2,"6.2% (15/243)","0% (0/8)",13.3,"6.7% (21/314)","20% (1/5)",-7.1,"7.1% (14/198)","0% (0/23)",21,"4% (4/99)","25% (1/4)","Human betaherpesvirus 5 (CMV).pbmc"
"526","comorb_hiv2",-3.4,"3.4% (7/207)","0% (0/1)",11.7,"0.8% (2/243)","12.5% (1/8)",-2.2,"2.2% (7/314)","0% (0/5)",-1,"1% (2/198)","0% (0/23)",-1,"1% (1/99)","0% (0/4)","Human betaherpesvirus 5 (CMV).pbmc"
"527","comorb_eversmkvape",67.6,"32.4% (67/207)","100% (1/1)",8.3,"29.2% (71/243)","37.5% (3/8)",29.4,"30.6% (96/314)","60% (3/5)",-19.3,"32.3% (64/198)","13% (3/23)",-21.5,"46.5% (46/99)","25% (1/4)","Human betaherpesvirus 5 (CMV).pbmc"
"528","comorb_anysubstance",-10.6,"10.6% (22/207)","0% (0/1)",-6.6,"6.6% (16/243)","0% (0/8)",-7.3,"7.3% (23/314)","0% (0/5)",2.6,"6.1% (12/198)","8.7% (2/23)",-7.1,"7.1% (7/99)","0% (0/4)","Human betaherpesvirus 5 (CMV).pbmc"
"529","comorb_count",-15,"15% (31/207)","0% (0/1)",-1.5,"14% (34/243)","12.5% (1/8)",23.4,"16.6% (52/314)","40% (2/5)",-13.6,"13.6% (27/198)","0% (0/23)",-6.1,"6.1% (6/99)","0% (0/4)","Human betaherpesvirus 5 (CMV).pbmc"
"530","comorb_countcat",-15,"15% (31/207)","0% (0/1)",-1.5,"14% (34/243)","12.5% (1/8)",23.4,"16.6% (52/314)","40% (2/5)",-13.6,"13.6% (27/198)","0% (0/23)",-6.1,"6.1% (6/99)","0% (0/4)","Human betaherpesvirus 5 (CMV).pbmc"
"531","timesymptomcat",-24.2,"24.2% (50/207)","0% (0/1)",-20.6,"20.6% (50/243)","0% (0/8)",-21,"21% (66/314)","0% (0/5)",-4.1,"17.2% (34/198)","13% (3/23)",-0.3,"25.3% (25/99)","25% (1/4)","Human betaherpesvirus 5 (CMV).pbmc"
"532","symptom_allresp",17.9,"82.1% (170/207)","100% (1/1)",10.3,"89.7% (218/243)","100% (8/8)",-46,"86% (270/314)","40% (2/5)",-9.8,"92.4% (183/198)","82.6% (19/23)",-58.8,"83.8% (83/99)","25% (1/4)","Human betaherpesvirus 5 (CMV).pbmc"
"533","symptom_cough",40.1,"59.9% (124/207)","100% (1/1)",-3.8,"66.3% (161/243)","62.5% (5/8)",-19.2,"59.2% (186/314)","40% (2/5)",-14.8,"62.6% (124/198)","47.8% (11/23)",-54.5,"54.5% (54/99)","0% (0/4)","Human betaherpesvirus 5 (CMV).pbmc"
"534","symptom_cough_prod",-15,"15% (31/207)","0% (0/1)",-15.2,"15.2% (37/243)","0% (0/8)",-16.6,"16.6% (52/314)","0% (0/5)",-5.2,"9.6% (19/198)","4.3% (1/23)",-15.2,"15.2% (15/99)","0% (0/4)","Human betaherpesvirus 5 (CMV).pbmc"
"535","symptom_haemoptysis",-4.3,"4.3% (9/207)","0% (0/1)",-2.1,"2.1% (5/243)","0% (0/8)",-2.2,"2.2% (7/314)","0% (0/5)",-1.5,"1.5% (3/198)","0% (0/23)",-1,"1% (1/99)","0% (0/4)","Human betaherpesvirus 5 (CMV).pbmc"
"536","symptom_sorethroat",-10.1,"10.1% (21/207)","0% (0/1)",3.4,"9.1% (22/243)","12.5% (1/8)",-8.3,"8.3% (26/314)","0% (0/5)",-0.4,"9.1% (18/198)","8.7% (2/23)",-5.1,"5.1% (5/99)","0% (0/4)","Human betaherpesvirus 5 (CMV).pbmc"
"537","symptom_rhinorrhea",-6.8,"6.8% (14/207)","0% (0/1)",-2.1,"2.1% (5/243)","0% (0/8)",-6.1,"6.1% (19/314)","0% (0/5)",-0.2,"4.5% (9/198)","4.3% (1/23)",-4,"4% (4/99)","0% (0/4)","Human betaherpesvirus 5 (CMV).pbmc"
"538","symptom_wheeze",-4.8,"4.8% (10/207)","0% (0/1)",-4.9,"4.9% (12/243)","0% (0/8)",-4.8,"4.8% (15/314)","0% (0/5)",2.6,"6.1% (12/198)","8.7% (2/23)",-7.1,"7.1% (7/99)","0% (0/4)","Human betaherpesvirus 5 (CMV).pbmc"
"539","symptom_chestpain",-24.6,"24.6% (51/207)","0% (0/1)",-22.2,"22.2% (54/243)","0% (0/8)",0.9,"19.1% (60/314)","20% (1/5)",-9,"17.7% (35/198)","8.7% (2/23)",-13.1,"13.1% (13/99)","0% (0/4)","Human betaherpesvirus 5 (CMV).pbmc"
"540","symptom_dyspnea",37.2,"62.8% (130/207)","100% (1/1)",1.7,"73.3% (178/243)","75% (6/8)",-30.4,"70.4% (221/314)","40% (2/5)",-8.4,"82.3% (163/198)","73.9% (17/23)",-51.8,"76.8% (76/99)","25% (1/4)","Human betaherpesvirus 5 (CMV).pbmc"
"541","symptom_chestwall",0,"0% (0/207)","0% (0/1)",0,"0% (0/242)","0% (0/8)",0,"0% (0/313)","0% (0/5)",-0.5,"0.5% (1/198)","0% (0/23)",0,"0% (0/99)","0% (0/4)","Human betaherpesvirus 5 (CMV).pbmc"
"542","symptom_earpain",0,"0% (0/207)","0% (0/1)",-0.4,"0.4% (1/243)","0% (0/8)",-0.3,"0.3% (1/314)","0% (0/5)",4.3,"0% (0/198)","4.3% (1/23)",0,"0% (0/99)","0% (0/4)","Human betaherpesvirus 5 (CMV).pbmc"
"543","symptom_conjunctivitis",0,"0% (0/207)","0% (0/1)",-0.4,"0.4% (1/243)","0% (0/8)",-0.3,"0.3% (1/314)","0% (0/5)",0,"0% (0/198)","0% (0/23)",0,"0% (0/99)","0% (0/4)","Human betaherpesvirus 5 (CMV).pbmc"
"544","symptom_allsyst",-75.8,"75.8% (157/207)","0% (0/1)",-29.8,"79.8% (194/243)","50% (4/8)",-31.7,"71.7% (225/314)","40% (2/5)",-4.8,"65.7% (130/198)","60.9% (14/23)",-37.6,"62.6% (62/99)","25% (1/4)","Human betaherpesvirus 5 (CMV).pbmc"
"545","symptom_fever",-49.8,"49.8% (103/207)","0% (0/1)",-44.7,"57.2% (139/243)","12.5% (1/8)",-28.7,"48.7% (153/314)","20% (1/5)",-2,"45.5% (90/198)","43.5% (10/23)",-17.4,"42.4% (42/99)","25% (1/4)","Human betaherpesvirus 5 (CMV).pbmc"
"546","symptom_chills",-25.1,"25.1% (52/207)","0% (0/1)",-18,"30.5% (74/243)","12.5% (1/8)",-7.7,"27.7% (87/314)","20% (1/5)",3.6,"18.2% (36/198)","21.7% (5/23)",-14.1,"14.1% (14/99)","0% (0/4)","Human betaherpesvirus 5 (CMV).pbmc"
"547","symptom_shaking",-1,"1% (2/207)","0% (0/1)",-2.1,"2.1% (5/243)","0% (0/8)",-1.3,"1.3% (4/313)","0% (0/5)",-1,"1% (2/198)","0% (0/23)",0,"0% (0/99)","0% (0/4)","Human betaherpesvirus 5 (CMV).pbmc"
"548","symptom_fatigue",-43,"43% (89/207)","0% (0/1)",-10.6,"48.1% (117/243)","37.5% (3/8)",-21.1,"41.1% (129/314)","20% (1/5)",-12.3,"38.4% (76/198)","26.1% (6/23)",-33.3,"33.3% (33/99)","0% (0/4)","Human betaherpesvirus 5 (CMV).pbmc"
"549","symptom_myalgia",-30,"30% (62/207)","0% (0/1)",-19.2,"31.7% (77/243)","12.5% (1/8)",-20.7,"20.7% (65/314)","0% (0/5)",-16.4,"20.7% (41/198)","4.3% (1/23)",13.9,"11.1% (11/99)","25% (1/4)","Human betaherpesvirus 5 (CMV).pbmc"
"550","symptom_lymphadenopathy",-0.5,"0.5% (1/207)","0% (0/1)",-0.4,"0.4% (1/243)","0% (0/8)",-0.3,"0.3% (1/314)","0% (0/5)",-0.5,"0.5% (1/198)","0% (0/23)",-1,"1% (1/99)","0% (0/4)","Human betaherpesvirus 5 (CMV).pbmc"
"551","symptom_allneuro",67.1,"32.9% (68/207)","100% (1/1)",-32.1,"32.1% (78/243)","0% (0/8)",-29,"29% (91/314)","0% (0/5)",-21.3,"34.3% (68/198)","13% (3/23)",-0.3,"25.3% (25/99)","25% (1/4)","Human betaherpesvirus 5 (CMV).pbmc"
"552","symptom_headache",-23.2,"23.2% (48/207)","0% (0/1)",-20.2,"20.2% (49/243)","0% (0/8)",-15.9,"15.9% (50/314)","0% (0/5)",-10,"18.7% (37/198)","8.7% (2/23)",-5.1,"5.1% (5/99)","0% (0/4)","Human betaherpesvirus 5 (CMV).pbmc"
"553","symptom_confusion",-1.4,"1.4% (3/207)","0% (0/1)",-3.3,"3.3% (8/243)","0% (0/8)",-5.1,"5.1% (16/314)","0% (0/5)",-5.2,"9.6% (19/198)","4.3% (1/23)",14.9,"10.1% (10/99)","25% (1/4)","Human betaherpesvirus 5 (CMV).pbmc"
"554","symptom_seizure",0,"0% (0/207)","0% (0/1)",-0.4,"0.4% (1/243)","0% (0/8)",-0.3,"0.3% (1/314)","0% (0/5)",-0.5,"0.5% (1/198)","0% (0/23)",0,"0% (0/99)","0% (0/4)","Human betaherpesvirus 5 (CMV).pbmc"
"555","symptom_syncope",-2.9,"2.9% (6/207)","0% (0/1)",-0.8,"0.8% (2/243)","0% (0/8)",-1.6,"1.6% (5/314)","0% (0/5)",-1,"1% (2/198)","0% (0/23)",23,"2% (2/99)","25% (1/4)","Human betaherpesvirus 5 (CMV).pbmc"
"556","symptom_anosmia",87.9,"12.1% (25/207)","100% (1/1)",-11.9,"11.9% (29/243)","0% (0/8)",-9.9,"9.9% (31/314)","0% (0/5)",-8.1,"8.1% (16/198)","0% (0/23)",-9.1,"9.1% (9/99)","0% (0/4)","Human betaherpesvirus 5 (CMV).pbmc"
"557","symptom_allGI",-45.4,"45.4% (94/207)","0% (0/1)",2.3,"47.7% (116/243)","50% (4/8)",-36.6,"36.6% (115/314)","0% (0/5)",-9.6,"31.3% (62/198)","21.7% (5/23)",-31.3,"31.3% (31/99)","0% (0/4)","Human betaherpesvirus 5 (CMV).pbmc"
"558","symptom_abdpain",-13.5,"13.5% (28/207)","0% (0/1)",2.2,"10.3% (25/243)","12.5% (1/8)",-9.2,"9.2% (29/314)","0% (0/5)",0.1,"8.6% (17/198)","8.7% (2/23)",-9.1,"9.1% (9/99)","0% (0/4)","Human betaherpesvirus 5 (CMV).pbmc"
"559","symptom_nausea",-28,"28% (58/207)","0% (0/1)",-19.2,"31.7% (77/243)","12.5% (1/8)",-19.7,"19.7% (62/314)","0% (0/5)",-1.6,"14.6% (29/198)","13% (3/23)",-13.1,"13.1% (13/99)","0% (0/4)","Human betaherpesvirus 5 (CMV).pbmc"
"560","symptom_diarrhea",-25.1,"25.1% (52/207)","0% (0/1)",-0.1,"25.1% (61/243)","25% (2/8)",-22.9,"22.9% (72/314)","0% (0/5)",-10,"18.7% (37/198)","8.7% (2/23)",-15.2,"15.2% (15/99)","0% (0/4)","Human betaherpesvirus 5 (CMV).pbmc"
"561","symptom_allderm",-0.5,"0.5% (1/207)","0% (0/1)",-1.2,"1.2% (3/243)","0% (0/8)",19.4,"0.6% (2/314)","20% (1/5)",-2.5,"2.5% (5/198)","0% (0/23)",-1,"1% (1/99)","0% (0/4)","Human betaherpesvirus 5 (CMV).pbmc"
"562","symptom_skinrash",-0.5,"0.5% (1/207)","0% (0/1)",-1.2,"1.2% (3/243)","0% (0/8)",19.4,"0.6% (2/314)","20% (1/5)",-1.5,"1.5% (3/198)","0% (0/23)",0,"0% (0/99)","0% (0/4)","Human betaherpesvirus 5 (CMV).pbmc"
"563","symptom_skinulcer",0,"0% (0/207)","0% (0/1)",0,"0% (0/243)","0% (0/8)",0,"0% (0/314)","0% (0/5)",-1,"1% (2/198)","0% (0/23)",-1,"1% (1/99)","0% (0/4)","Human betaherpesvirus 5 (CMV).pbmc"
"564","symptom_allother",-9.2,"9.2% (19/207)","0% (0/1)",2.2,"10.3% (25/243)","12.5% (1/8)",-4.1,"4.1% (13/314)","0% (0/5)",-5.8,"10.1% (20/198)","4.3% (1/23)",-12.1,"12.1% (12/99)","0% (0/4)","Human betaherpesvirus 5 (CMV).pbmc"
"565","symptom_arthralgia",-6.8,"6.8% (14/207)","0% (0/1)",-4.9,"4.9% (12/243)","0% (0/8)",-1.6,"1.6% (5/314)","0% (0/5)",-2,"2% (4/198)","0% (0/23)",-3,"3% (3/99)","0% (0/4)","Human betaherpesvirus 5 (CMV).pbmc"
"566","symptom_edema",-2.4,"2.4% (5/207)","0% (0/1)",9.6,"2.9% (7/243)","12.5% (1/8)",-1.3,"1.3% (4/314)","0% (0/5)",1.3,"3% (6/198)","4.3% (1/23)",-6.1,"6.1% (6/99)","0% (0/4)","Human betaherpesvirus 5 (CMV).pbmc"
"567","symptom_nonamb",-1,"1% (2/207)","0% (0/1)",-2.1,"2.1% (5/243)","0% (0/8)",-1.3,"1.3% (4/314)","0% (0/5)",-4.5,"4.5% (9/198)","0% (0/23)",-4,"4% (4/99)","0% (0/4)","Human betaherpesvirus 5 (CMV).pbmc"
"568","symptom_bleeding",0,"0% (0/207)","0% (0/1)",-0.8,"0.8% (2/243)","0% (0/8)",-0.3,"0.3% (1/314)","0% (0/5)",-0.5,"0.5% (1/198)","0% (0/23)",0,"0% (0/99)","0% (0/4)","Human betaherpesvirus 5 (CMV).pbmc"
"569","ever_ever_esc",-2.9,"2.9% (6/207)","0% (0/1)",17.2,"7.8% (19/243)","25% (2/8)",-7.3,"7.3% (23/314)","0% (0/5)",10.6,"32.8% (65/198)","43.5% (10/23)",-23.5,"48.5% (48/99)","25% (1/4)","Human betaherpesvirus 5 (CMV).pbmc"
"570","ever_icu",-2.9,"2.9% (6/207)","0% (0/1)",28.2,"21.8% (53/243)","50% (4/8)",2.2,"17.8% (56/314)","20% (1/5)",15.7,"84.3% (167/198)","100% (23/23)",-12.9,"87.9% (87/99)","75% (3/4)","Human betaherpesvirus 5 (CMV).pbmc"
"571","diedever",-2.4,"2.4% (5/207)","0% (0/1)",10.4,"2.1% (5/243)","12.5% (1/8)",-2.9,"2.9% (9/314)","0% (0/5)",26,"13.1% (26/198)","39.1% (9/23)",0,"100% (99/99)","100% (4/4)","Human betaherpesvirus 5 (CMV).pbmc"
"572","ever_remdes",57,"43% (89/207)","100% (1/1)",3.8,"71.2% (173/243)","75% (6/8)",-20.5,"60.5% (190/314)","40% (2/5)",0.7,"73.2% (145/198)","73.9% (17/23)",-12.6,"62.6% (62/99)","50% (2/4)","Human betaherpesvirus 5 (CMV).pbmc"
"573","ever_steroids",-49.3,"49.3% (102/207)","0% (0/1)",13.3,"61.7% (150/243)","75% (6/8)",-8.5,"68.5% (215/314)","60% (3/5)",-1.4,"88.4% (175/198)","87% (20/23)",-7.8,"82.8% (82/99)","75% (3/4)","Human betaherpesvirus 5 (CMV).pbmc"
"574","ever_azithro",-23.2,"23.2% (48/207)","0% (0/1)",-7.1,"32.1% (78/243)","25% (2/8)",-10.3,"30.3% (95/314)","20% (1/5)",-19.9,"46% (91/198)","26.1% (6/23)",-11.4,"36.4% (36/99)","25% (1/4)","Human betaherpesvirus 5 (CMV).pbmc"
"575","ever_otherabx",-45.4,"45.4% (94/207)","0% (0/1)",1,"49% (119/243)","50% (4/8)",33.2,"46.8% (147/314)","80% (4/5)",12,"79.3% (157/198)","91.3% (21/23)",11.1,"88.9% (88/99)","100% (4/4)","Human betaherpesvirus 5 (CMV).pbmc"
"576","ever_conplas",-3.4,"3.4% (7/207)","0% (0/1)",-7,"7% (17/243)","0% (0/8)",13.9,"6.1% (19/314)","20% (1/5)",-8.3,"12.6% (25/198)","4.3% (1/23)",-15.2,"15.2% (15/99)","0% (0/4)","Human betaherpesvirus 5 (CMV).pbmc"
"577","ever_monoclonal",0,"0% (0/207)","0% (0/1)",12.1,"0.4% (1/243)","12.5% (1/8)",-0.3,"0.3% (1/314)","0% (0/5)",-1,"1% (2/198)","0% (0/23)",0,"0% (0/99)","0% (0/4)","Human betaherpesvirus 5 (CMV).pbmc"
"578","ever_immsupp",-6.3,"6.3% (13/207)","0% (0/1)",19.2,"5.8% (14/243)","25% (2/8)",-7.6,"7.6% (24/314)","0% (0/5)",1.1,"7.6% (15/198)","8.7% (2/23)",19.9,"5.1% (5/99)","25% (1/4)","Human betaherpesvirus 5 (CMV).pbmc"
"579","anycomp",23.2,"76.8% (159/207)","100% (1/1)",-9,"84% (204/243)","75% (6/8)",14.3,"85.7% (269/314)","100% (5/5)",3.2,"92.4% (183/198)","95.7% (22/23)",3,"97% (96/99)","100% (4/4)","Human betaherpesvirus 5 (CMV).pbmc"
"580","ncomp",67.6,"32.4% (67/207)","100% (1/1)",-6.4,"18.9% (46/243)","12.5% (1/8)",19.9,"20.1% (63/314)","40% (2/5)",-7.1,"7.1% (14/198)","0% (0/23)",-3,"3% (3/99)","0% (0/4)","Human betaherpesvirus 5 (CMV).pbmc"
"581","comp_seizure",0,"0% (0/207)","0% (0/1)",-0.4,"0.4% (1/243)","0% (0/8)",-0.3,"0.3% (1/314)","0% (0/5)",-1,"1% (2/198)","0% (0/23)",-1,"1% (1/99)","0% (0/4)","Human betaherpesvirus 5 (CMV).pbmc"
"582","comp_meningitis",-0.5,"0.5% (1/207)","0% (0/1)",-0.4,"0.4% (1/243)","0% (0/8)",-0.6,"0.6% (2/314)","0% (0/5)",7.7,"1% (2/198)","8.7% (2/23)",22,"3% (3/99)","25% (1/4)","Human betaherpesvirus 5 (CMV).pbmc"
"583","comp_stroke",-0.5,"0.5% (1/207)","0% (0/1)",0,"0% (0/243)","0% (0/8)",19.4,"0.6% (2/314)","20% (1/5)",9,"4% (8/198)","13% (3/23)",21,"4% (4/99)","25% (1/4)","Human betaherpesvirus 5 (CMV).pbmc"
"584","comp_afib",-2.4,"2.4% (5/207)","0% (0/1)",-5.3,"5.3% (13/243)","0% (0/8)",-6.1,"6.1% (19/314)","0% (0/5)",-2.4,"11.1% (22/198)","8.7% (2/23)",-21.2,"21.2% (21/99)","0% (0/4)","Human betaherpesvirus 5 (CMV).pbmc"
"585","comp_ventricular_arr",-0.5,"0.5% (1/207)","0% (0/1)",-2.1,"2.1% (5/243)","0% (0/8)",-1.9,"1.9% (6/314)","0% (0/5)",8,"5.1% (10/198)","13% (3/23)",-14.1,"14.1% (14/99)","0% (0/4)","Human betaherpesvirus 5 (CMV).pbmc"
"586","comp_endo",0,"0% (0/207)","0% (0/1)",0,"0% (0/243)","0% (0/8)",0,"0% (0/314)","0% (0/5)",-0.5,"0.5% (1/198)","0% (0/23)",0,"0% (0/99)","0% (0/4)","Human betaherpesvirus 5 (CMV).pbmc"
"587","comp_myocard",-0.5,"0.5% (1/207)","0% (0/1)",-0.4,"0.4% (1/243)","0% (0/8)",-0.6,"0.6% (2/314)","0% (0/5)",0,"0% (0/198)","0% (0/23)",-1,"1% (1/99)","0% (0/4)","Human betaherpesvirus 5 (CMV).pbmc"
"588","comp_cardarrest",0,"0% (0/207)","0% (0/1)",0,"0% (0/243)","0% (0/8)",-0.6,"0.6% (2/314)","0% (0/5)",5.7,"3% (6/198)","8.7% (2/23)",-3.3,"28.3% (28/99)","25% (1/4)","Human betaherpesvirus 5 (CMV).pbmc"
"589","comp_stemi",-1,"1% (2/207)","0% (0/1)",0,"0% (0/243)","0% (0/8)",-0.6,"0.6% (2/314)","0% (0/5)",7.7,"1% (2/198)","8.7% (2/23)",-5.1,"5.1% (5/99)","0% (0/4)","Human betaherpesvirus 5 (CMV).pbmc"
"590","comp_nstemi",-2.4,"2.4% (5/207)","0% (0/1)",-0.8,"0.8% (2/243)","0% (0/8)",-1.9,"1.9% (6/314)","0% (0/5)",-3,"3% (6/198)","0% (0/23)",-11.1,"11.1% (11/99)","0% (0/4)","Human betaherpesvirus 5 (CMV).pbmc"
"591","comp_chf",-3.4,"3.4% (7/207)","0% (0/1)",19.7,"5.3% (13/243)","25% (2/8)",-5.4,"5.4% (17/314)","0% (0/5)",-2.2,"6.6% (13/198)","4.3% (1/23)",1.8,"23.2% (23/99)","25% (1/4)","Human betaherpesvirus 5 (CMV).pbmc"
"592","comp_pneumonia",45.9,"54.1% (112/207)","100% (1/1)",-19.1,"69.1% (168/243)","50% (4/8)",-23.7,"63.7% (200/314)","40% (2/5)",7.2,"79.8% (158/198)","87% (20/23)",17.2,"82.8% (82/99)","100% (4/4)","Human betaherpesvirus 5 (CMV).pbmc"
"593","comp_bronch",0,"0% (0/207)","0% (0/1)",-0.4,"0.4% (1/243)","0% (0/8)",-0.3,"0.3% (1/314)","0% (0/5)",-1.5,"1.5% (3/198)","0% (0/23)",25,"0% (0/99)","25% (1/4)","Human betaherpesvirus 5 (CMV).pbmc"
"594","comp_pneumo",-0.5,"0.5% (1/207)","0% (0/1)",-1.2,"1.2% (3/243)","0% (0/8)",-1.6,"1.6% (5/314)","0% (0/5)",7,"6.1% (12/198)","13% (3/23)",-5.1,"5.1% (5/99)","0% (0/4)","Human betaherpesvirus 5 (CMV).pbmc"
"595","comp_pneumomed",0,"0% (0/207)","0% (0/1)",0,"0% (0/243)","0% (0/8)",0,"0% (0/314)","0% (0/5)",-3.5,"3.5% (7/198)","0% (0/23)",-5.1,"5.1% (5/99)","0% (0/4)","Human betaherpesvirus 5 (CMV).pbmc"
"596","comp_aat",-0.5,"0.5% (1/207)","0% (0/1)",-0.4,"0.4% (1/243)","0% (0/8)",-0.3,"0.3% (1/314)","0% (0/5)",2.3,"2% (4/198)","4.3% (1/23)",-2,"2% (2/99)","0% (0/4)","Human betaherpesvirus 5 (CMV).pbmc"
"597","comp_avthromb",-1.4,"1.4% (3/207)","0% (0/1)",-4.5,"4.5% (11/243)","0% (0/8)",-4.1,"4.1% (13/314)","0% (0/5)",25.5,"13.6% (27/198)","39.1% (9/23)",-15.2,"15.2% (15/99)","0% (0/4)","Human betaherpesvirus 5 (CMV).pbmc"
"598","comp_shock",-1,"1% (2/207)","0% (0/1)",8.4,"4.1% (10/243)","12.5% (1/8)",-2.9,"2.9% (9/314)","0% (0/5)",36.2,"33.3% (66/198)","69.6% (16/23)",10.4,"64.6% (64/99)","75% (3/4)","Human betaherpesvirus 5 (CMV).pbmc"
"599","comp_bac",-3.9,"3.9% (8/207)","0% (0/1)",-7,"7% (17/243)","0% (0/8)",33,"7% (22/314)","40% (2/5)",22.3,"21.2% (42/198)","43.5% (10/23)",45.7,"29.3% (29/99)","75% (3/4)","Human betaherpesvirus 5 (CMV).pbmc"
"600","comp_coag",-4.3,"4.3% (9/207)","0% (0/1)",8.8,"3.7% (9/243)","12.5% (1/8)",-1.6,"1.6% (5/314)","0% (0/5)",4.7,"4% (8/198)","8.7% (2/23)",-6.1,"6.1% (6/99)","0% (0/4)","Human betaherpesvirus 5 (CMV).pbmc"
"601","comp_hypogly",0,"0% (0/207)","0% (0/1)",-1.2,"1.2% (3/243)","0% (0/8)",-1,"1% (3/314)","0% (0/5)",-3.5,"3.5% (7/198)","0% (0/23)",24,"1% (1/99)","25% (1/4)","Human betaherpesvirus 5 (CMV).pbmc"
"602","comp_bleed",-1.9,"1.9% (4/207)","0% (0/1)",-2.5,"2.5% (6/243)","0% (0/8)",17.1,"2.9% (9/314)","20% (1/5)",12.6,"9.1% (18/198)","21.7% (5/23)",4.8,"20.2% (20/99)","25% (1/4)","Human betaherpesvirus 5 (CMV).pbmc"
"603","comp_anemia",-4.8,"4.8% (10/207)","0% (0/1)",-6.6,"6.6% (16/243)","0% (0/8)",30.1,"9.9% (31/314)","40% (2/5)",7.8,"31.3% (62/198)","39.1% (9/23)",24.7,"25.3% (25/99)","50% (2/4)","Human betaherpesvirus 5 (CMV).pbmc"
"604","comp_pancreas",-1.4,"1.4% (3/207)","0% (0/1)",0,"0% (0/243)","0% (0/8)",-0.3,"0.3% (1/314)","0% (0/5)",-0.5,"0.5% (1/198)","0% (0/23)",-1,"1% (1/99)","0% (0/4)","Human betaherpesvirus 5 (CMV).pbmc"
"605","comp_renal",-10.1,"10.1% (21/207)","0% (0/1)",36.4,"13.6% (33/243)","50% (4/8)",-17.5,"17.5% (55/314)","0% (0/5)",22.4,"29.8% (59/198)","52.2% (12/23)",16.4,"58.6% (58/99)","75% (3/4)","Human betaherpesvirus 5 (CMV).pbmc"
"606","comp_liver",-9.2,"9.2% (19/207)","0% (0/1)",-0.3,"12.8% (31/243)","12.5% (1/8)",-11.8,"11.8% (37/314)","0% (0/5)",-1.6,"14.6% (29/198)","13% (3/23)",12.9,"12.1% (12/99)","25% (1/4)","Human betaherpesvirus 5 (CMV).pbmc"
"607","comp_othlab",-4.8,"4.8% (10/207)","0% (0/1)",-3.3,"3.3% (8/243)","0% (0/8)",-3.5,"3.5% (11/314)","0% (0/5)",-2.2,"6.6% (13/198)","4.3% (1/23)",-4,"4% (4/99)","0% (0/4)","Human betaherpesvirus 5 (CMV).pbmc"
"608","comp_electrolyte",-3.4,"3.4% (7/207)","0% (0/1)",11.3,"1.2% (3/243)","12.5% (1/8)",-3.5,"3.5% (11/314)","0% (0/5)",9.5,"3.5% (7/198)","13% (3/23)",-10.1,"10.1% (10/99)","0% (0/4)","Human betaherpesvirus 5 (CMV).pbmc"
"609","comp_othinf",-3.9,"3.9% (8/207)","0% (0/1)",-2.1,"2.1% (5/243)","0% (0/8)",-2.9,"2.9% (9/314)","0% (0/5)",9.5,"3.5% (7/198)","13% (3/23)",-2,"2% (2/99)","0% (0/4)","Human betaherpesvirus 5 (CMV).pbmc"
"610","comp_othpulm",0,"0% (0/207)","0% (0/1)",0,"0% (0/243)","0% (0/8)",-0.3,"0.3% (1/314)","0% (0/5)",0,"0% (0/198)","0% (0/23)",0,"0% (0/99)","0% (0/4)","Human betaherpesvirus 5 (CMV).pbmc"
"611","comp_unddisease",-1.9,"1.9% (4/207)","0% (0/1)",-0.8,"0.8% (2/243)","0% (0/8)",-1.9,"1.9% (6/314)","0% (0/5)",3.8,"0.5% (1/198)","4.3% (1/23)",-1,"1% (1/99)","0% (0/4)","Human betaherpesvirus 5 (CMV).pbmc"
"612","comp_enceph",-0.5,"0.5% (1/207)","0% (0/1)",-1.2,"1.2% (3/243)","0% (0/8)",-1.9,"1.9% (6/314)","0% (0/5)",4.2,"4.5% (9/198)","8.7% (2/23)",21,"4% (4/99)","25% (1/4)","Human betaherpesvirus 5 (CMV).pbmc"
"613","comp_othneuro",-1,"1% (2/207)","0% (0/1)",-0.4,"0.4% (1/243)","0% (0/8)",-1,"1% (3/314)","0% (0/5)",-0.5,"0.5% (1/198)","0% (0/23)",0,"0% (0/99)","0% (0/4)","Human betaherpesvirus 5 (CMV).pbmc"
"614","comp_hypergly",-1.9,"1.9% (4/207)","0% (0/1)",-5.3,"5.3% (13/243)","0% (0/8)",14.6,"5.4% (17/314)","20% (1/5)",1.3,"3% (6/198)","4.3% (1/23)",-6.1,"6.1% (6/99)","0% (0/4)","Human betaherpesvirus 5 (CMV).pbmc"
"615","comp_psych",-0.5,"0.5% (1/207)","0% (0/1)",-0.4,"0.4% (1/243)","0% (0/8)",-0.3,"0.3% (1/314)","0% (0/5)",0,"0% (0/198)","0% (0/23)",0,"0% (0/99)","0% (0/4)","Human betaherpesvirus 5 (CMV).pbmc"
"616","comp_gastroent",-1,"1% (2/207)","0% (0/1)",-2.1,"2.1% (5/243)","0% (0/8)",-1.3,"1.3% (4/314)","0% (0/5)",4.3,"0% (0/198)","4.3% (1/23)",0,"0% (0/99)","0% (0/4)","Human betaherpesvirus 5 (CMV).pbmc"
"617","comp_pulmvas",0,"0% (0/207)","0% (0/1)",12.5,"0% (0/243)","12.5% (1/8)",-0.3,"0.3% (1/314)","0% (0/5)",0,"0% (0/198)","0% (0/23)",0,"0% (0/99)","0% (0/4)","Human betaherpesvirus 5 (CMV).pbmc"
"618","comp_other2",-1,"1% (2/207)","0% (0/1)",10,"2.5% (6/243)","12.5% (1/8)",-1.9,"1.9% (6/314)","0% (0/5)",-2.5,"2.5% (5/198)","0% (0/23)",-2,"2% (2/99)","0% (0/4)","Human betaherpesvirus 5 (CMV).pbmc"
"619","comorb_htn",44.7,"55.3% (105/190)","100% (3/3)",-0.8,"56.4% (124/220)","55.6% (5/9)",8,"53.1% (152/286)","61.1% (11/18)",2.2,"59.1% (101/171)","61.3% (19/31)",-25,"75% (66/88)","50% (7/14)","Human gammaherpesvirus 4 (EBV).nasal"
"620","comorb_isaric_dm",-7.7,"41.1% (78/190)","33.3% (1/3)",15.4,"29.1% (64/220)","44.4% (4/9)",-11.3,"33.6% (96/286)","22.2% (4/18)",-1.3,"43.3% (74/171)","41.9% (13/31)",-15.4,"51.1% (45/88)","35.7% (5/14)","Human gammaherpesvirus 4 (EBV).nasal"
"621","comorb_anyresp_noasthma",-11.1,"11.1% (21/190)","0% (0/3)",-6.6,"17.7% (39/220)","11.1% (1/9)",-1.2,"23.4% (67/286)","22.2% (4/18)",-2.6,"18.7% (32/171)","16.1% (5/31)",-10.1,"38.6% (34/88)","28.6% (4/14)","Human gammaherpesvirus 4 (EBV).nasal"
"622","comorb_isaric_asthma",17,"16.3% (31/190)","33.3% (1/3)",-18.2,"18.2% (40/220)","0% (0/9)",-2.2,"13.3% (38/286)","11.1% (2/18)",10.3,"12.3% (21/171)","22.6% (7/31)",13.5,"8% (7/88)","21.4% (3/14)","Human gammaherpesvirus 4 (EBV).nasal"
"623","comorb_isaric_cardiac",9.1,"24.2% (46/190)","33.3% (1/3)",9.2,"24.1% (53/220)","33.3% (3/9)",10.6,"28.3% (81/286)","38.9% (7/18)",-7.8,"24% (41/171)","16.1% (5/31)",-34.6,"48.9% (43/88)","14.3% (2/14)","Human gammaherpesvirus 4 (EBV).nasal"
"624","comorb_isaric_ckd",21.8,"11.6% (22/190)","33.3% (1/3)",10.4,"11.8% (26/220)","22.2% (2/9)",0.2,"16.4% (47/286)","16.7% (3/18)",-3.8,"13.5% (23/171)","9.7% (3/31)",-8.1,"29.5% (26/88)","21.4% (3/14)","Human gammaherpesvirus 4 (EBV).nasal"
"625","comorb_isaric_neoplasm",-7.9,"7.9% (15/190)","0% (0/3)",-10,"10% (22/220)","0% (0/9)",-4.6,"10.1% (29/286)","5.6% (1/18)",4.7,"8.2% (14/171)","12.9% (4/31)",-11,"18.2% (16/88)","7.1% (1/14)","Human gammaherpesvirus 4 (EBV).nasal"
"626","comorb_neuro",-10.5,"10.5% (20/190)","0% (0/3)",1.1,"10% (22/220)","11.1% (1/9)",-3.6,"14.7% (42/286)","11.1% (2/18)",-8.5,"11.7% (20/171)","3.2% (1/31)",-8.8,"15.9% (14/88)","7.1% (1/14)","Human gammaherpesvirus 4 (EBV).nasal"
"627","comorb_isaric_liver",-4.7,"4.7% (9/190)","0% (0/3)",5.7,"5.5% (12/220)","11.1% (1/9)",1.7,"3.8% (11/286)","5.6% (1/18)",7.6,"5.3% (9/171)","12.9% (4/31)",-4.5,"4.5% (4/88)","0% (0/14)","Human gammaherpesvirus 4 (EBV).nasal"
"628","comorb_hxtrans",-3.7,"3.7% (7/190)","0% (0/3)",5.2,"5.9% (13/220)","11.1% (1/9)",-1.1,"6.6% (19/286)","5.6% (1/18)",-3.8,"7% (12/171)","3.2% (1/31)",-4.5,"4.5% (4/88)","0% (0/14)","Human gammaherpesvirus 4 (EBV).nasal"
"629","comorb_hiv2",30.7,"2.6% (5/190)","33.3% (1/3)",0,"0% (0/220)","0% (0/9)",-1.4,"1.4% (4/286)","0% (0/18)",-1.2,"1.2% (2/171)","0% (0/31)",-1.1,"1.1% (1/88)","0% (0/14)","Human gammaherpesvirus 4 (EBV).nasal"
"630","comorb_eversmkvape",36.1,"30.5% (58/190)","66.7% (2/3)",3.3,"30% (66/220)","33.3% (3/9)",-27,"32.5% (93/286)","5.6% (1/18)",-10.2,"32.7% (56/171)","22.6% (7/31)",-20.3,"48.9% (43/88)","28.6% (4/14)","Human gammaherpesvirus 4 (EBV).nasal"
"631","comorb_anysubstance",24.4,"8.9% (17/190)","33.3% (1/3)",-5.9,"5.9% (13/220)","0% (0/9)",-7.7,"7.7% (22/286)","0% (0/18)",7.6,"5.3% (9/171)","12.9% (4/31)",-9.1,"9.1% (8/88)","0% (0/14)","Human gammaherpesvirus 4 (EBV).nasal"
"632","comorb_count",-16.8,"16.8% (32/190)","0% (0/3)",-4.8,"15.9% (35/220)","11.1% (1/9)",5.4,"16.8% (48/286)","22.2% (4/18)",6.2,"9.9% (17/171)","16.1% (5/31)",9.7,"4.5% (4/88)","14.3% (2/14)","Human gammaherpesvirus 4 (EBV).nasal"
"633","comorb_countcat",-16.8,"16.8% (32/190)","0% (0/3)",-4.8,"15.9% (35/220)","11.1% (1/9)",5.4,"16.8% (48/286)","22.2% (4/18)",6.2,"9.9% (17/171)","16.1% (5/31)",9.7,"4.5% (4/88)","14.3% (2/14)","Human gammaherpesvirus 4 (EBV).nasal"
"634","timesymptomcat",-23.7,"23.7% (45/190)","0% (0/3)",2.7,"19.5% (43/220)","22.2% (2/9)",8.2,"19.6% (56/286)","27.8% (5/18)",-8.5,"18.1% (31/171)","9.7% (3/31)",-5.8,"27.3% (24/88)","21.4% (3/14)","Human gammaherpesvirus 4 (EBV).nasal"
"635","symptom_allresp",-14.9,"81.6% (155/190)","66.7% (2/3)",9.5,"90.5% (199/220)","100% (9/9)",-2.3,"85.7% (245/286)","83.3% (15/18)",-5.3,"92.4% (158/171)","87.1% (27/31)",-22.1,"86.4% (76/88)","64.3% (9/14)","Human gammaherpesvirus 4 (EBV).nasal"
"636","symptom_cough",-27.2,"60.5% (115/190)","33.3% (1/3)",34.1,"65.9% (145/220)","100% (9/9)",-16.4,"60.8% (174/286)","44.4% (8/18)",-8.6,"60.2% (103/171)","51.6% (16/31)",14.3,"50% (44/88)","64.3% (9/14)","Human gammaherpesvirus 4 (EBV).nasal"
"637","symptom_cough_prod",-15.3,"15.3% (29/190)","0% (0/3)",-3.9,"15% (33/220)","11.1% (1/9)",17.2,"16.1% (46/286)","33.3% (6/18)",-7.3,"10.5% (18/171)","3.2% (1/31)",-0.5,"14.8% (13/88)","14.3% (2/14)","Human gammaherpesvirus 4 (EBV).nasal"
"638","symptom_haemoptysis",-3.7,"3.7% (7/190)","0% (0/3)",-1.8,"1.8% (4/220)","0% (0/9)",3.8,"1.7% (5/286)","5.6% (1/18)",2.1,"1.2% (2/171)","3.2% (1/31)",-1.1,"1.1% (1/88)","0% (0/14)","Human gammaherpesvirus 4 (EBV).nasal"
"639","symptom_sorethroat",23.3,"10% (19/190)","33.3% (1/3)",-8.6,"8.6% (19/220)","0% (0/9)",-8,"8% (23/286)","0% (0/18)",1.5,"8.2% (14/171)","9.7% (3/31)",2.6,"4.5% (4/88)","7.1% (1/14)","Human gammaherpesvirus 4 (EBV).nasal"
"640","symptom_rhinorrhea",-8.4,"8.4% (16/190)","0% (0/3)",-2.3,"2.3% (5/220)","0% (0/9)",-6.6,"6.6% (19/286)","0% (0/18)",6.2,"3.5% (6/171)","9.7% (3/31)",3.7,"3.4% (3/88)","7.1% (1/14)","Human gammaherpesvirus 4 (EBV).nasal"
"641","symptom_wheeze",-4.2,"4.2% (8/190)","0% (0/3)",-4.1,"4.1% (9/220)","0% (0/9)",-4.9,"4.9% (14/286)","0% (0/18)",7.1,"5.8% (10/171)","12.9% (4/31)",0.3,"6.8% (6/88)","7.1% (1/14)","Human gammaherpesvirus 4 (EBV).nasal"
"642","symptom_chestpain",8.6,"24.7% (47/190)","33.3% (1/3)",-11.2,"22.3% (49/220)","11.1% (1/9)",-1.5,"18.2% (52/286)","16.7% (3/18)",6.8,"15.8% (27/171)","22.6% (7/31)",10.1,"11.4% (10/88)","21.4% (3/14)","Human gammaherpesvirus 4 (EBV).nasal"
"643","symptom_dyspnea",-28.8,"62.1% (118/190)","33.3% (1/3)",-7.4,"74.1% (163/220)","66.7% (6/9)",3.7,"68.5% (196/286)","72.2% (13/18)",-0.1,"80.7% (138/171)","80.6% (25/31)",-30.7,"80.7% (71/88)","50% (7/14)","Human gammaherpesvirus 4 (EBV).nasal"
"644","symptom_chestwall",0,"0% (0/190)","0% (0/3)",0,"0% (0/219)","0% (0/9)",0,"0% (0/285)","0% (0/18)",3.2,"0% (0/171)","3.2% (1/31)",0,"0% (0/88)","0% (0/14)","Human gammaherpesvirus 4 (EBV).nasal"
"645","symptom_earpain",0,"0% (0/190)","0% (0/3)",-0.5,"0.5% (1/220)","0% (0/9)",-0.3,"0.3% (1/286)","0% (0/18)",-0.6,"0.6% (1/171)","0% (0/31)",0,"0% (0/88)","0% (0/14)","Human gammaherpesvirus 4 (EBV).nasal"
"646","symptom_conjunctivitis",0,"0% (0/190)","0% (0/3)",0,"0% (0/220)","0% (0/9)",-0.3,"0.3% (1/286)","0% (0/18)",0,"0% (0/171)","0% (0/31)",0,"0% (0/88)","0% (0/14)","Human gammaherpesvirus 4 (EBV).nasal"
"647","symptom_allsyst",-10.7,"77.4% (147/190)","66.7% (2/3)",-2.2,"80% (176/220)","77.8% (7/9)",1.2,"71% (203/286)","72.2% (13/18)",-8,"66.1% (113/171)","58.1% (18/31)",-20.8,"63.6% (56/88)","42.9% (6/14)","Human gammaherpesvirus 4 (EBV).nasal"
"648","symptom_fever",-51.1,"51.1% (97/190)","0% (0/3)",-12.8,"57.3% (126/220)","44.4% (4/9)",1.4,"48.6% (139/286)","50% (9/18)",0.1,"45% (77/171)","45.2% (14/31)",-16.9,"45.5% (40/88)","28.6% (4/14)","Human gammaherpesvirus 4 (EBV).nasal"
"649","symptom_chills",-24.7,"24.7% (47/190)","0% (0/3)",-6.9,"29.1% (64/220)","22.2% (2/9)",6.1,"27.3% (78/286)","33.3% (6/18)",5.6,"17% (29/171)","22.6% (7/31)",10.1,"11.4% (10/88)","21.4% (3/14)","Human gammaherpesvirus 4 (EBV).nasal"
"650","symptom_shaking",-0.5,"0.5% (1/190)","0% (0/3)",-1.8,"1.8% (4/220)","0% (0/9)",-0.7,"0.7% (2/285)","0% (0/18)",-1.2,"1.2% (2/171)","0% (0/31)",0,"0% (0/88)","0% (0/14)","Human gammaherpesvirus 4 (EBV).nasal"
"651","symptom_fatigue",20.4,"46.3% (88/190)","66.7% (2/3)",-2.4,"46.8% (103/220)","44.4% (4/9)",-2.4,"41.3% (118/286)","38.9% (7/18)",-9,"38% (65/171)","29% (9/31)",-10.4,"31.8% (28/88)","21.4% (3/14)","Human gammaherpesvirus 4 (EBV).nasal"
"652","symptom_myalgia",3.9,"29.5% (56/190)","33.3% (1/3)",-9.6,"31.8% (70/220)","22.2% (2/9)",1.6,"20.6% (59/286)","22.2% (4/18)",-7.6,"20.5% (35/171)","12.9% (4/31)",-11.4,"11.4% (10/88)","0% (0/14)","Human gammaherpesvirus 4 (EBV).nasal"
"653","symptom_lymphadenopathy",0,"0% (0/190)","0% (0/3)",0,"0% (0/220)","0% (0/9)",0,"0% (0/286)","0% (0/18)",0,"0% (0/171)","0% (0/31)",7.1,"0% (0/88)","7.1% (1/14)","Human gammaherpesvirus 4 (EBV).nasal"
"654","symptom_allneuro",-35.3,"35.3% (67/190)","0% (0/3)",-20.3,"31.4% (69/220)","11.1% (1/9)",-1.6,"29.4% (84/286)","27.8% (5/18)",15.9,"29.2% (50/171)","45.2% (14/31)",10.7,"25% (22/88)","35.7% (5/14)","Human gammaherpesvirus 4 (EBV).nasal"
"655","symptom_headache",-22.6,"22.6% (43/190)","0% (0/3)",-19.5,"19.5% (43/220)","0% (0/9)",-5,"16.1% (46/286)","11.1% (2/18)",5.6,"17% (29/171)","22.6% (7/31)",-4.5,"4.5% (4/88)","0% (0/14)","Human gammaherpesvirus 4 (EBV).nasal"
"656","symptom_confusion",-3.2,"3.2% (6/190)","0% (0/3)",-2.7,"2.7% (6/220)","0% (0/9)",1,"4.5% (13/286)","5.6% (1/18)",0.9,"8.8% (15/171)","9.7% (3/31)",10.1,"11.4% (10/88)","21.4% (3/14)","Human gammaherpesvirus 4 (EBV).nasal"
"657","symptom_seizure",0,"0% (0/190)","0% (0/3)",0,"0% (0/220)","0% (0/9)",-0.3,"0.3% (1/286)","0% (0/18)",-0.6,"0.6% (1/171)","0% (0/31)",0,"0% (0/88)","0% (0/14)","Human gammaherpesvirus 4 (EBV).nasal"
"658","symptom_syncope",-3.7,"3.7% (7/190)","0% (0/3)",-0.9,"0.9% (2/220)","0% (0/9)",4.2,"1.4% (4/286)","5.6% (1/18)",-0.6,"0.6% (1/171)","0% (0/31)",4.9,"2.3% (2/88)","7.1% (1/14)","Human gammaherpesvirus 4 (EBV).nasal"
"659","symptom_anosmia",-14.7,"14.7% (28/190)","0% (0/3)",-0.3,"11.4% (25/220)","11.1% (1/9)",0.3,"10.8% (31/286)","11.1% (2/18)",10.3,"5.8% (10/171)","16.1% (5/31)",6.3,"8% (7/88)","14.3% (2/14)","Human gammaherpesvirus 4 (EBV).nasal"
"660","symptom_allGI",-47.4,"47.4% (90/190)","0% (0/3)",-14.8,"48.2% (106/220)","33.3% (3/9)",3.2,"35.7% (102/286)","38.9% (7/18)",-1.4,"30.4% (52/171)","29% (9/31)",-9.3,"30.7% (27/88)","21.4% (3/14)","Human gammaherpesvirus 4 (EBV).nasal"
"661","symptom_abdpain",-12.1,"12.1% (23/190)","0% (0/3)",-10.5,"10.5% (23/220)","0% (0/9)",8.6,"8% (23/286)","16.7% (3/18)",2.1,"7.6% (13/171)","9.7% (3/31)",15.7,"5.7% (5/88)","21.4% (3/14)","Human gammaherpesvirus 4 (EBV).nasal"
"662","symptom_nausea",-29.5,"29.5% (56/190)","0% (0/3)",-8.2,"30.5% (67/220)","22.2% (2/9)",-2.6,"19.2% (55/286)","16.7% (3/18)",5.3,"14% (24/171)","19.4% (6/31)",-6.5,"13.6% (12/88)","7.1% (1/14)","Human gammaherpesvirus 4 (EBV).nasal"
"663","symptom_diarrhea",-24.7,"24.7% (47/190)","0% (0/3)",-15.3,"26.4% (58/220)","11.1% (1/9)",-0.2,"22.4% (64/286)","22.2% (4/18)",-5.2,"18.1% (31/171)","12.9% (4/31)",-17,"17% (15/88)","0% (0/14)","Human gammaherpesvirus 4 (EBV).nasal"
"664","symptom_allderm",-0.5,"0.5% (1/190)","0% (0/3)",-0.5,"0.5% (1/220)","0% (0/9)",-0.7,"0.7% (2/286)","0% (0/18)",1.5,"1.8% (3/171)","3.2% (1/31)",-1.1,"1.1% (1/88)","0% (0/14)","Human gammaherpesvirus 4 (EBV).nasal"
"665","symptom_skinrash",-0.5,"0.5% (1/190)","0% (0/3)",-0.5,"0.5% (1/220)","0% (0/9)",-0.7,"0.7% (2/286)","0% (0/18)",2.6,"0.6% (1/171)","3.2% (1/31)",0,"0% (0/88)","0% (0/14)","Human gammaherpesvirus 4 (EBV).nasal"
"666","symptom_skinulcer",0,"0% (0/190)","0% (0/3)",0,"0% (0/220)","0% (0/9)",0,"0% (0/286)","0% (0/18)",-1.2,"1.2% (2/171)","0% (0/31)",-1.1,"1.1% (1/88)","0% (0/14)","Human gammaherpesvirus 4 (EBV).nasal"
"667","symptom_allother",23.3,"10% (19/190)","33.3% (1/3)",-10.5,"10.5% (23/220)","0% (0/9)",-3.5,"3.5% (10/286)","0% (0/18)",4.1,"8.8% (15/171)","12.9% (4/31)",-4.2,"11.4% (10/88)","7.1% (1/14)","Human gammaherpesvirus 4 (EBV).nasal"
"668","symptom_arthralgia",25.4,"7.9% (15/190)","33.3% (1/3)",-5,"5% (11/220)","0% (0/9)",-1.7,"1.7% (5/286)","0% (0/18)",5.3,"1.2% (2/171)","6.5% (2/31)",4.9,"2.3% (2/88)","7.1% (1/14)","Human gammaherpesvirus 4 (EBV).nasal"
"669","symptom_edema",-1.1,"1.1% (2/190)","0% (0/3)",-3.2,"3.2% (7/220)","0% (0/9)",-0.3,"0.3% (1/286)","0% (0/18)",4.1,"2.3% (4/171)","6.5% (2/31)",-5.7,"5.7% (5/88)","0% (0/14)","Human gammaherpesvirus 4 (EBV).nasal"
"670","symptom_nonamb",-1.6,"1.6% (3/190)","0% (0/3)",-1.8,"1.8% (4/220)","0% (0/9)",-1.7,"1.7% (5/286)","0% (0/18)",-4.7,"4.7% (8/171)","0% (0/31)",3.7,"3.4% (3/88)","7.1% (1/14)","Human gammaherpesvirus 4 (EBV).nasal"
"671","symptom_bleeding",0,"0% (0/190)","0% (0/3)",-0.5,"0.5% (1/220)","0% (0/9)",-0.3,"0.3% (1/286)","0% (0/18)",-0.6,"0.6% (1/171)","0% (0/31)",0,"0% (0/88)","0% (0/14)","Human gammaherpesvirus 4 (EBV).nasal"
"672","ever_ever_esc",-2.6,"2.6% (5/190)","0% (0/3)",1.6,"9.5% (21/220)","11.1% (1/9)",3.1,"8% (23/286)","11.1% (2/18)",13,"32.2% (55/171)","45.2% (14/31)",-7.1,"50% (44/88)","42.9% (6/14)","Human gammaherpesvirus 4 (EBV).nasal"
"673","ever_icu",30.2,"3.2% (6/190)","33.3% (1/3)",11.1,"22.3% (49/220)","33.3% (3/9)",10.3,"17.5% (50/286)","27.8% (5/18)",9.3,"84.2% (144/171)","93.5% (29/31)",14.8,"85.2% (75/88)","100% (14/14)","Human gammaherpesvirus 4 (EBV).nasal"
"674","diedever",31.2,"2.1% (4/190)","33.3% (1/3)",-3.2,"3.2% (7/220)","0% (0/9)",2.8,"2.8% (8/286)","5.6% (1/18)",22,"13.5% (23/171)","35.5% (11/31)",0,"100% (88/88)","100% (14/14)","Human gammaherpesvirus 4 (EBV).nasal"
"675","ever_remdes",-9.8,"43.2% (82/190)","33.3% (1/3)",17.1,"71.8% (158/220)","88.9% (8/9)",-11.2,"61.2% (175/286)","50% (9/18)",6.1,"71.3% (122/171)","77.4% (24/31)",20.6,"58% (51/88)","78.6% (11/14)","Human gammaherpesvirus 4 (EBV).nasal"
"676","ever_steroids",-15.1,"48.4% (92/190)","33.3% (1/3)",-9.4,"65% (143/220)","55.6% (5/9)",-13.3,"68.9% (197/286)","55.6% (10/18)",0.8,"89.5% (153/171)","90.3% (28/31)",-4.4,"83% (73/88)","78.6% (11/14)","Human gammaherpesvirus 4 (EBV).nasal"
"677","ever_azithro",10.2,"23.2% (44/190)","33.3% (1/3)",34.8,"31.8% (70/220)","66.7% (6/9)",-2.3,"30.1% (86/286)","27.8% (5/18)",-9.5,"45% (77/171)","35.5% (11/31)",8.8,"34.1% (30/88)","42.9% (6/14)","Human gammaherpesvirus 4 (EBV).nasal"
"678","ever_otherabx",23.5,"43.2% (82/190)","66.7% (2/3)",-1.5,"45.9% (101/220)","44.4% (4/9)",8.7,"46.9% (134/286)","55.6% (10/18)",12.5,"77.8% (133/171)","90.3% (28/31)",12.5,"87.5% (77/88)","100% (14/14)","Human gammaherpesvirus 4 (EBV).nasal"
"679","ever_conplas",-3.7,"3.7% (7/190)","0% (0/3)",-8.2,"8.2% (18/220)","0% (0/9)",-6.3,"6.3% (18/286)","0% (0/18)",-1.4,"11.1% (19/171)","9.7% (3/31)",-15.9,"15.9% (14/88)","0% (0/14)","Human gammaherpesvirus 4 (EBV).nasal"
"680","ever_monoclonal",0,"0% (0/190)","0% (0/3)",10.7,"0.5% (1/220)","11.1% (1/9)",-0.3,"0.3% (1/286)","0% (0/18)",-1.2,"1.2% (2/171)","0% (0/31)",0,"0% (0/88)","0% (0/14)","Human gammaherpesvirus 4 (EBV).nasal"
"681","ever_immsupp",-6.3,"6.3% (12/190)","0% (0/3)",4.7,"6.4% (14/220)","11.1% (1/9)",4.5,"6.6% (19/286)","11.1% (2/18)",-6.1,"9.4% (16/171)","3.2% (1/31)",2.6,"4.5% (4/88)","7.1% (1/14)","Human gammaherpesvirus 4 (EBV).nasal"
"682","anycomp",-8.6,"75.3% (143/190)","66.7% (2/3)",7.1,"81.8% (180/220)","88.9% (8/9)",-2.3,"85.7% (245/286)","83.3% (15/18)",7.6,"92.4% (158/171)","100% (31/31)",3.4,"96.6% (85/88)","100% (14/14)","Human gammaherpesvirus 4 (EBV).nasal"
"683","ncomp",-1.4,"34.7% (66/190)","33.3% (1/3)",15.6,"17.7% (39/220)","33.3% (3/9)",-4.3,"21% (60/286)","16.7% (3/18)",3.2,"6.4% (11/171)","9.7% (3/31)",-2.3,"2.3% (2/88)","0% (0/14)","Human gammaherpesvirus 4 (EBV).nasal"
"684","comp_seizure",0,"0% (0/190)","0% (0/3)",-0.5,"0.5% (1/220)","0% (0/9)",-0.3,"0.3% (1/286)","0% (0/18)",-1.2,"1.2% (2/171)","0% (0/31)",-1.1,"1.1% (1/88)","0% (0/14)","Human gammaherpesvirus 4 (EBV).nasal"
"685","comp_meningitis",-0.5,"0.5% (1/190)","0% (0/3)",-0.5,"0.5% (1/220)","0% (0/9)",-0.7,"0.7% (2/286)","0% (0/18)",5.3,"1.2% (2/171)","6.5% (2/31)",10.9,"3.4% (3/88)","14.3% (2/14)","Human gammaherpesvirus 4 (EBV).nasal"
"686","comp_stroke",-0.5,"0.5% (1/190)","0% (0/3)",0,"0% (0/220)","0% (0/9)",-1,"1% (3/286)","0% (0/18)",-2,"5.3% (9/171)","3.2% (1/31)",27.4,"1.1% (1/88)","28.6% (4/14)","Human gammaherpesvirus 4 (EBV).nasal"
"687","comp_afib",-1.6,"1.6% (3/190)","0% (0/3)",-5,"5% (11/220)","0% (0/9)",4.8,"6.3% (18/286)","11.1% (2/18)",-9.6,"12.9% (22/171)","3.2% (1/31)",-1.3,"22.7% (20/88)","21.4% (3/14)","Human gammaherpesvirus 4 (EBV).nasal"
"688","comp_ventricular_arr",-0.5,"0.5% (1/190)","0% (0/3)",-1.8,"1.8% (4/220)","0% (0/9)",3.8,"1.7% (5/286)","5.6% (1/18)",5.6,"4.1% (7/171)","9.7% (3/31)",1.8,"12.5% (11/88)","14.3% (2/14)","Human gammaherpesvirus 4 (EBV).nasal"
"689","comp_endo",0,"0% (0/190)","0% (0/3)",0,"0% (0/220)","0% (0/9)",0,"0% (0/286)","0% (0/18)",-0.6,"0.6% (1/171)","0% (0/31)",0,"0% (0/88)","0% (0/14)","Human gammaherpesvirus 4 (EBV).nasal"
"690","comp_myocard",0,"0% (0/190)","0% (0/3)",-0.5,"0.5% (1/220)","0% (0/9)",-0.7,"0.7% (2/286)","0% (0/18)",0,"0% (0/171)","0% (0/31)",-1.1,"1.1% (1/88)","0% (0/14)","Human gammaherpesvirus 4 (EBV).nasal"
"691","comp_cardarrest",0,"0% (0/190)","0% (0/3)",0,"0% (0/220)","0% (0/9)",5.6,"0% (0/286)","5.6% (1/18)",4.1,"2.3% (4/171)","6.5% (2/31)",-7,"28.4% (25/88)","21.4% (3/14)","Human gammaherpesvirus 4 (EBV).nasal"
"692","comp_stemi",-0.5,"0.5% (1/190)","0% (0/3)",0,"0% (0/220)","0% (0/9)",-0.7,"0.7% (2/286)","0% (0/18)",1.5,"1.8% (3/171)","3.2% (1/31)",10.9,"3.4% (3/88)","14.3% (2/14)","Human gammaherpesvirus 4 (EBV).nasal"
"693","comp_nstemi",-2.1,"2.1% (4/190)","0% (0/3)",-0.9,"0.9% (2/220)","0% (0/9)",-1.7,"1.7% (5/286)","0% (0/18)",0.9,"2.3% (4/171)","3.2% (1/31)",-4.2,"11.4% (10/88)","7.1% (1/14)","Human gammaherpesvirus 4 (EBV).nasal"
"694","comp_chf",-2.1,"2.1% (4/190)","0% (0/3)",-5,"5% (11/220)","0% (0/9)",0,"5.6% (16/286)","5.6% (1/18)",3.8,"5.8% (10/171)","9.7% (3/31)",5.8,"22.7% (20/88)","28.6% (4/14)","Human gammaherpesvirus 4 (EBV).nasal"
"695","comp_pneumonia",-20.4,"53.7% (102/190)","33.3% (1/3)",9.1,"68.6% (151/220)","77.8% (7/9)",-14,"64% (183/286)","50% (9/18)",12,"78.4% (134/171)","90.3% (28/31)",1.6,"84.1% (74/88)","85.7% (12/14)","Human gammaherpesvirus 4 (EBV).nasal"
"696","comp_bronch",0,"0% (0/190)","0% (0/3)",-0.5,"0.5% (1/220)","0% (0/9)",-0.3,"0.3% (1/286)","0% (0/18)",2.1,"1.2% (2/171)","3.2% (1/31)",0,"0% (0/88)","0% (0/14)","Human gammaherpesvirus 4 (EBV).nasal"
"697","comp_pneumo",-0.5,"0.5% (1/190)","0% (0/3)",-0.9,"0.9% (2/220)","0% (0/9)",-1.7,"1.7% (5/286)","0% (0/18)",2.7,"7% (12/171)","9.7% (3/31)",9.7,"4.5% (4/88)","14.3% (2/14)","Human gammaherpesvirus 4 (EBV).nasal"
"698","comp_pneumomed",0,"0% (0/190)","0% (0/3)",0,"0% (0/220)","0% (0/9)",0,"0% (0/286)","0% (0/18)",-0.3,"3.5% (6/171)","3.2% (1/31)",10.9,"3.4% (3/88)","14.3% (2/14)","Human gammaherpesvirus 4 (EBV).nasal"
"699","comp_aat",-0.5,"0.5% (1/190)","0% (0/3)",-0.5,"0.5% (1/220)","0% (0/9)",0,"0% (0/286)","0% (0/18)",-1.8,"1.8% (3/171)","0% (0/31)",-2.3,"2.3% (2/88)","0% (0/14)","Human gammaherpesvirus 4 (EBV).nasal"
"700","comp_avthromb",-1.1,"1.1% (2/190)","0% (0/3)",-4.5,"4.5% (10/220)","0% (0/9)",2.4,"3.1% (9/286)","5.6% (1/18)",12.4,"13.5% (23/171)","25.8% (8/31)",14.9,"13.6% (12/88)","28.6% (4/14)","Human gammaherpesvirus 4 (EBV).nasal"
"701","comp_shock",-1.1,"1.1% (2/190)","0% (0/3)",30.6,"2.7% (6/220)","33.3% (3/9)",2.8,"2.8% (8/286)","5.6% (1/18)",17.7,"33.9% (58/171)","51.6% (16/31)",13.8,"64.8% (57/88)","78.6% (11/14)","Human gammaherpesvirus 4 (EBV).nasal"
"702","comp_bac",-3.7,"3.7% (7/190)","0% (0/3)",-5.5,"5.5% (12/220)","0% (0/9)",-2.5,"8% (23/286)","5.6% (1/18)",10.6,"21.6% (37/171)","32.3% (10/31)",22.7,"27.3% (24/88)","50% (7/14)","Human gammaherpesvirus 4 (EBV).nasal"
"703","comp_coag",-4.2,"4.2% (8/190)","0% (0/3)",-3.6,"3.6% (8/220)","0% (0/9)",-1.7,"1.7% (5/286)","0% (0/18)",-2,"5.3% (9/171)","3.2% (1/31)",-6.8,"6.8% (6/88)","0% (0/14)","Human gammaherpesvirus 4 (EBV).nasal"
"704","comp_hypogly",-0.5,"0.5% (1/190)","0% (0/3)",-1.4,"1.4% (3/220)","0% (0/9)",-1,"1% (3/286)","0% (0/18)",4.1,"2.3% (4/171)","6.5% (2/31)",-2.3,"2.3% (2/88)","0% (0/14)","Human gammaherpesvirus 4 (EBV).nasal"
"705","comp_bleed",32.3,"1.1% (2/190)","33.3% (1/3)",-2.3,"2.3% (5/220)","0% (0/9)",2.4,"3.1% (9/286)","5.6% (1/18)",-0.3,"9.9% (17/171)","9.7% (3/31)",-7.3,"21.6% (19/88)","14.3% (2/14)","Human gammaherpesvirus 4 (EBV).nasal"
"706","comp_anemia",-4.7,"4.7% (9/190)","0% (0/3)",5.2,"5.9% (13/220)","11.1% (1/9)",-0.1,"11.2% (32/286)","11.1% (2/18)",8.9,"29.8% (51/171)","38.7% (12/31)",-7,"28.4% (25/88)","21.4% (3/14)","Human gammaherpesvirus 4 (EBV).nasal"
"707","comp_pancreas",-1.6,"1.6% (3/190)","0% (0/3)",0,"0% (0/220)","0% (0/9)",-0.3,"0.3% (1/286)","0% (0/18)",-0.6,"0.6% (1/171)","0% (0/31)",-1.1,"1.1% (1/88)","0% (0/14)","Human gammaherpesvirus 4 (EBV).nasal"
"708","comp_renal",-6.8,"6.8% (13/190)","0% (0/3)",-4.3,"15.5% (34/220)","11.1% (1/9)",23.5,"15.4% (44/286)","38.9% (7/18)",12.7,"29.2% (50/171)","41.9% (13/31)",-1.9,"59.1% (52/88)","57.1% (8/14)","Human gammaherpesvirus 4 (EBV).nasal"
"709","comp_liver",-8.9,"8.9% (17/190)","0% (0/3)",-13.6,"13.6% (30/220)","0% (0/9)",16.2,"11.5% (33/286)","27.8% (5/18)",20.6,"11.7% (20/171)","32.3% (10/31)",-7.6,"14.8% (13/88)","7.1% (1/14)","Human gammaherpesvirus 4 (EBV).nasal"
"710","comp_othlab",-4.2,"4.2% (8/190)","0% (0/3)",7.9,"3.2% (7/220)","11.1% (1/9)",2.1,"3.5% (10/286)","5.6% (1/18)",4.4,"5.3% (9/171)","9.7% (3/31)",-4.5,"4.5% (4/88)","0% (0/14)","Human gammaherpesvirus 4 (EBV).nasal"
"711","comp_electrolyte",29.6,"3.7% (7/190)","33.3% (1/3)",9.7,"1.4% (3/220)","11.1% (1/9)",8.7,"2.4% (7/286)","11.1% (2/18)",-2,"5.3% (9/171)","3.2% (1/31)",-10.2,"10.2% (9/88)","0% (0/14)","Human gammaherpesvirus 4 (EBV).nasal"
"712","comp_othinf",-3.2,"3.2% (6/190)","0% (0/3)",-2.3,"2.3% (5/220)","0% (0/9)",8.7,"2.4% (7/286)","11.1% (2/18)",9.4,"3.5% (6/171)","12.9% (4/31)",-2.3,"2.3% (2/88)","0% (0/14)","Human gammaherpesvirus 4 (EBV).nasal"
"713","comp_othpulm",0,"0% (0/190)","0% (0/3)",0,"0% (0/220)","0% (0/9)",-0.3,"0.3% (1/286)","0% (0/18)",0,"0% (0/171)","0% (0/31)",0,"0% (0/88)","0% (0/14)","Human gammaherpesvirus 4 (EBV).nasal"
"714","comp_unddisease",-2.1,"2.1% (4/190)","0% (0/3)",-0.9,"0.9% (2/220)","0% (0/9)",-1.7,"1.7% (5/286)","0% (0/18)",-1.2,"1.2% (2/171)","0% (0/31)",-1.1,"1.1% (1/88)","0% (0/14)","Human gammaherpesvirus 4 (EBV).nasal"
"715","comp_enceph",-0.5,"0.5% (1/190)","0% (0/3)",-1.4,"1.4% (3/220)","0% (0/9)",-2.1,"2.1% (6/286)","0% (0/18)",9.4,"3.5% (6/171)","12.9% (4/31)",-3.4,"3.4% (3/88)","0% (0/14)","Human gammaherpesvirus 4 (EBV).nasal"
"716","comp_othneuro",-1.1,"1.1% (2/190)","0% (0/3)",-0.5,"0.5% (1/220)","0% (0/9)",4.9,"0.7% (2/286)","5.6% (1/18)",-0.6,"0.6% (1/171)","0% (0/31)",0,"0% (0/88)","0% (0/14)","Human gammaherpesvirus 4 (EBV).nasal"
"717","comp_hypergly",31.8,"1.6% (3/190)","33.3% (1/3)",-5.9,"5.9% (13/220)","0% (0/9)",6.2,"4.9% (14/286)","11.1% (2/18)",-3.5,"3.5% (6/171)","0% (0/31)",1.5,"5.7% (5/88)","7.1% (1/14)","Human gammaherpesvirus 4 (EBV).nasal"
"718","comp_psych",-0.5,"0.5% (1/190)","0% (0/3)",11.1,"0% (0/220)","11.1% (1/9)",-0.3,"0.3% (1/286)","0% (0/18)",0,"0% (0/171)","0% (0/31)",0,"0% (0/88)","0% (0/14)","Human gammaherpesvirus 4 (EBV).nasal"
"719","comp_gastroent",-1.1,"1.1% (2/190)","0% (0/3)",-1.8,"1.8% (4/220)","0% (0/9)",-1.4,"1.4% (4/286)","0% (0/18)",-0.6,"0.6% (1/171)","0% (0/31)",0,"0% (0/88)","0% (0/14)","Human gammaherpesvirus 4 (EBV).nasal"
"720","comp_pulmvas",0,"0% (0/190)","0% (0/3)",-0.5,"0.5% (1/220)","0% (0/9)",0,"0% (0/286)","0% (0/18)",0,"0% (0/171)","0% (0/31)",0,"0% (0/88)","0% (0/14)","Human gammaherpesvirus 4 (EBV).nasal"
"721","comp_other2",-0.5,"0.5% (1/190)","0% (0/3)",-2.3,"2.3% (5/220)","0% (0/9)",15.6,"1% (3/286)","16.7% (3/18)",-2.9,"2.9% (5/171)","0% (0/31)",-2.3,"2.3% (2/88)","0% (0/14)","Human gammaherpesvirus 4 (EBV).nasal"
"722","comorb_htn",7.3,"54.7% (98/179)","62.1% (18/29)",0.9,"58.4% (115/197)","59.3% (32/54)",-4.7,"56% (136/243)","51.3% (39/76)",3.5,"59.3% (80/135)","62.8% (54/86)",5.6,"68.8% (44/64)","74.4% (29/39)","Human gammaherpesvirus 4 (EBV).pbmc"
"723","comorb_isaric_dm",1.7,"39.7% (71/179)","41.4% (12/29)",3.4,"29.9% (59/197)","33.3% (18/54)",-4.8,"33.7% (82/243)","28.9% (22/76)",-0.7,"43.7% (59/135)","43% (37/86)",11.7,"42.2% (27/64)","53.8% (21/39)","Human gammaherpesvirus 4 (EBV).pbmc"
"724","comorb_anyresp_noasthma",-6.5,"13.4% (24/179)","6.9% (2/29)",4.5,"17.8% (35/197)","22.2% (12/54)",-7.1,"25.5% (62/243)","18.4% (14/76)",-0.3,"17.8% (24/135)","17.4% (15/86)",-1.6,"37.5% (24/64)","35.9% (14/39)","Human gammaherpesvirus 4 (EBV).pbmc"
"725","comorb_isaric_asthma",-8.1,"18.4% (33/179)","10.3% (3/29)",-5.8,"18.8% (37/197)","13% (7/54)",-1.7,"13.6% (33/243)","11.8% (9/76)",1,"14.1% (19/135)","15.1% (13/86)",-4.8,"12.5% (8/64)","7.7% (3/39)","Human gammaherpesvirus 4 (EBV).pbmc"
"726","comorb_isaric_cardiac",7.6,"23.5% (42/179)","31% (9/29)",-1.3,"25.4% (50/197)","24.1% (13/54)",0.1,"27.6% (67/243)","27.6% (21/76)",-0.9,"23% (31/135)","22.1% (19/86)",-10,"48.4% (31/64)","38.5% (15/39)","Human gammaherpesvirus 4 (EBV).pbmc"
"727","comorb_isaric_ckd",-0.2,"14% (25/179)","13.8% (4/29)",-7.8,"15.2% (30/197)","7.4% (4/54)",3.2,"15.2% (37/243)","18.4% (14/76)",8.6,"8.9% (12/135)","17.4% (15/86)",4.8,"23.4% (15/64)","28.2% (11/39)","Human gammaherpesvirus 4 (EBV).pbmc"
"728","comorb_isaric_neoplasm",-10.1,"10.1% (18/179)","0% (0/29)",-0.4,"9.6% (19/197)","9.3% (5/54)",-5,"10.3% (25/243)","5.3% (4/76)",1.9,"7.4% (10/135)","9.3% (8/86)",-6.9,"17.2% (11/64)","10.3% (4/39)","Human gammaherpesvirus 4 (EBV).pbmc"
"729","comorb_neuro",-0.3,"10.6% (19/179)","10.3% (3/29)",-5.3,"12.7% (25/197)","7.4% (4/54)",-0.3,"14.8% (36/243)","14.5% (11/76)",0.1,"10.4% (14/135)","10.5% (9/86)",-6.9,"17.2% (11/64)","10.3% (4/39)","Human gammaherpesvirus 4 (EBV).pbmc"
"730","comorb_isaric_liver",7,"3.4% (6/179)","10.3% (3/29)",-2.9,"6.6% (13/197)","3.7% (2/54)",1.6,"3.7% (9/243)","5.3% (4/76)",3,"5.2% (7/135)","8.1% (7/86)",-2.1,"4.7% (3/64)","2.6% (1/39)","Human gammaherpesvirus 4 (EBV).pbmc"
"731","comorb_hxtrans",3,"3.9% (7/179)","6.9% (2/29)",-0.5,"6.1% (12/197)","5.6% (3/54)",1.3,"6.6% (16/243)","7.9% (6/76)",3,"5.2% (7/135)","8.1% (7/86)",0.4,"4.7% (3/64)","5.1% (2/39)","Human gammaherpesvirus 4 (EBV).pbmc"
"732","comorb_hiv2",8.1,"2.2% (4/179)","10.3% (3/29)",-1.5,"1.5% (3/197)","0% (0/54)",-1.2,"2.5% (6/243)","1.3% (1/76)",-1.5,"1.5% (2/135)","0% (0/86)",-1.6,"1.6% (1/64)","0% (0/39)","Human gammaherpesvirus 4 (EBV).pbmc"
"733","comorb_eversmkvape",2.1,"32.4% (58/179)","34.5% (10/29)",2.5,"28.9% (57/197)","31.5% (17/54)",-1,"31.3% (76/243)","30.3% (23/76)",1.8,"29.6% (40/135)","31.4% (27/86)",-3.3,"46.9% (30/64)","43.6% (17/39)","Human gammaherpesvirus 4 (EBV).pbmc"
"734","comorb_anysubstance",-0.3,"10.6% (19/179)","10.3% (3/29)",3.7,"5.6% (11/197)","9.3% (5/54)",-4.3,"8.2% (20/243)","3.9% (3/76)",-2.8,"7.4% (10/135)","4.7% (4/86)",-2.7,"7.8% (5/64)","5.1% (2/39)","Human gammaherpesvirus 4 (EBV).pbmc"
"735","comorb_count",-5.3,"15.6% (28/179)","10.3% (3/29)",1.1,"13.7% (27/197)","14.8% (8/54)",-3.2,"17.7% (43/243)","14.5% (11/76)",2.8,"11.1% (15/135)","14% (12/86)",-5.2,"7.8% (5/64)","2.6% (1/39)","Human gammaherpesvirus 4 (EBV).pbmc"
"736","comorb_countcat",-5.3,"15.6% (28/179)","10.3% (3/29)",1.1,"13.7% (27/197)","14.8% (8/54)",-3.2,"17.7% (43/243)","14.5% (11/76)",2.8,"11.1% (15/135)","14% (12/86)",-5.2,"7.8% (5/64)","2.6% (1/39)","Human gammaherpesvirus 4 (EBV).pbmc"
"737","timesymptomcat",-11.9,"25.7% (46/179)","13.8% (4/29)",5.3,"18.8% (37/197)","24.1% (13/54)",-4.7,"21.8% (53/243)","17.1% (13/76)",-0.8,"17% (23/135)","16.3% (14/86)",-7.6,"28.1% (18/64)","20.5% (8/39)","Human gammaherpesvirus 4 (EBV).pbmc"
"738","symptom_allresp",4.6,"81.6% (146/179)","86.2% (25/29)",5.6,"88.8% (175/197)","94.4% (51/54)",3.8,"84.4% (205/243)","88.2% (67/76)",-1.2,"91.9% (124/135)","90.7% (78/86)",13.2,"76.6% (49/64)","89.7% (35/39)","Human gammaherpesvirus 4 (EBV).pbmc"
"739","symptom_cough",2.3,"59.8% (107/179)","62.1% (18/29)",12.5,"63.5% (125/197)","75.9% (41/54)",5.5,"57.6% (140/243)","63.2% (48/76)",2.8,"60% (81/135)","62.8% (54/86)",18.8,"45.3% (29/64)","64.1% (25/39)","Human gammaherpesvirus 4 (EBV).pbmc"
"740","symptom_cough_prod",-1.3,"15.1% (27/179)","13.8% (4/29)",-4.6,"15.7% (31/197)","11.1% (6/54)",-0.7,"16.5% (40/243)","15.8% (12/76)",-1.5,"9.6% (13/135)","8.1% (7/86)",1.3,"14.1% (9/64)","15.4% (6/39)","Human gammaherpesvirus 4 (EBV).pbmc"
"741","symptom_haemoptysis",7,"3.4% (6/179)","10.3% (3/29)",-2.5,"2.5% (5/197)","0% (0/54)",2.3,"1.6% (4/243)","3.9% (3/76)",3.5,"0% (0/135)","3.5% (3/86)",2.6,"0% (0/64)","2.6% (1/39)","Human gammaherpesvirus 4 (EBV).pbmc"
"742","symptom_sorethroat",0.3,"10.1% (18/179)","10.3% (3/29)",-11.7,"11.7% (23/197)","0% (0/54)",-3.8,"9.1% (22/243)","5.3% (4/76)",-3.4,"10.4% (14/135)","7% (6/86)",8.7,"1.6% (1/64)","10.3% (4/39)","Human gammaherpesvirus 4 (EBV).pbmc"
"743","symptom_rhinorrhea",0.2,"6.7% (12/179)","6.9% (2/29)",-2.5,"2.5% (5/197)","0% (0/54)",-2.6,"6.6% (16/243)","3.9% (3/76)",4,"3% (4/135)","7% (6/86)",6.1,"1.6% (1/64)","7.7% (3/39)","Human gammaherpesvirus 4 (EBV).pbmc"
"744","symptom_wheeze",6.4,"3.9% (7/179)","10.3% (3/29)",3.3,"4.1% (8/197)","7.4% (4/54)",0.7,"4.5% (11/243)","5.3% (4/76)",3,"5.2% (7/135)","8.1% (7/86)",5.6,"4.7% (3/64)","10.3% (4/39)","Human gammaherpesvirus 4 (EBV).pbmc"
"745","symptom_chestpain",-12.5,"26.3% (47/179)","13.8% (4/29)",-1.5,"21.8% (43/197)","20.4% (11/54)",0.8,"18.9% (46/243)","19.7% (15/76)",1.1,"16.3% (22/135)","17.4% (15/86)",-3.8,"14.1% (9/64)","10.3% (4/39)","Human gammaherpesvirus 4 (EBV).pbmc"
"746","symptom_dyspnea",15,"60.9% (109/179)","75.9% (22/29)",10.4,"71.1% (140/197)","81.5% (44/54)",3.2,"69.1% (168/243)","72.4% (55/76)",-0.1,"81.5% (110/135)","81.4% (70/86)",7.6,"71.9% (46/64)","79.5% (31/39)","Human gammaherpesvirus 4 (EBV).pbmc"
"747","symptom_chestwall",0,"0% (0/179)","0% (0/29)",0,"0% (0/196)","0% (0/54)",0,"0% (0/243)","0% (0/75)",1.2,"0% (0/135)","1.2% (1/86)",0,"0% (0/64)","0% (0/39)","Human gammaherpesvirus 4 (EBV).pbmc"
"748","symptom_earpain",0,"0% (0/179)","0% (0/29)",-0.5,"0.5% (1/197)","0% (0/54)",1.3,"0% (0/243)","1.3% (1/76)",1.2,"0% (0/135)","1.2% (1/86)",0,"0% (0/64)","0% (0/39)","Human gammaherpesvirus 4 (EBV).pbmc"
"749","symptom_conjunctivitis",0,"0% (0/179)","0% (0/29)",-0.5,"0.5% (1/197)","0% (0/54)",1.3,"0% (0/243)","1.3% (1/76)",0,"0% (0/135)","0% (0/86)",0,"0% (0/64)","0% (0/39)","Human gammaherpesvirus 4 (EBV).pbmc"
"750","symptom_allsyst",12.5,"73.7% (132/179)","86.2% (25/29)",5.7,"77.7% (153/197)","83.3% (45/54)",-3.6,"72% (175/243)","68.4% (52/76)",-2,"65.9% (89/135)","64% (55/86)",17.1,"54.7% (35/64)","71.8% (28/39)","Human gammaherpesvirus 4 (EBV).pbmc"
"751","symptom_fever",-13.5,"51.4% (92/179)","37.9% (11/29)",4.4,"54.8% (108/197)","59.3% (32/54)",5.7,"46.9% (114/243)","52.6% (40/76)",2.1,"44.4% (60/135)","46.5% (40/86)",11.2,"37.5% (24/64)","48.7% (19/39)","Human gammaherpesvirus 4 (EBV).pbmc"
"752","symptom_chills",15,"22.9% (41/179)","37.9% (11/29)",-0.3,"29.9% (59/197)","29.6% (16/54)",-3.4,"28.4% (69/243)","25% (19/76)",2,"17.8% (24/135)","19.8% (17/86)",2.9,"12.5% (8/64)","15.4% (6/39)","Human gammaherpesvirus 4 (EBV).pbmc"
"753","symptom_shaking",2.9,"0.6% (1/179)","3.4% (1/29)",-0.2,"2% (4/197)","1.9% (1/54)",-1.6,"1.6% (4/243)","0% (0/75)",0.4,"0.7% (1/135)","1.2% (1/86)",0,"0% (0/64)","0% (0/39)","Human gammaherpesvirus 4 (EBV).pbmc"
"754","symptom_fatigue",2.4,"42.5% (76/179)","44.8% (13/29)",5.2,"46.7% (92/197)","51.9% (28/54)",-8.6,"42.8% (104/243)","34.2% (26/76)",4,"35.6% (48/135)","39.5% (34/86)",6.2,"29.7% (19/64)","35.9% (14/39)","Human gammaherpesvirus 4 (EBV).pbmc"
"755","symptom_myalgia",13.4,"27.9% (50/179)","41.4% (12/29)",2.9,"30.5% (60/197)","33.3% (18/54)",-0.8,"20.6% (50/243)","19.7% (15/76)",-10.2,"23% (31/135)","12.8% (11/86)",6,"9.4% (6/64)","15.4% (6/39)","Human gammaherpesvirus 4 (EBV).pbmc"
"756","symptom_lymphadenopathy",-0.6,"0.6% (1/179)","0% (0/29)",1.9,"0% (0/197)","1.9% (1/54)",-0.4,"0.4% (1/243)","0% (0/76)",-0.7,"0.7% (1/135)","0% (0/86)",2.6,"0% (0/64)","2.6% (1/39)","Human gammaherpesvirus 4 (EBV).pbmc"
"757","symptom_allneuro",-2.5,"33.5% (60/179)","31% (9/29)",-8.9,"33% (65/197)","24.1% (13/54)",0.6,"28.4% (69/243)","28.9% (22/76)",-3.1,"33.3% (45/135)","30.2% (26/86)",8.9,"21.9% (14/64)","30.8% (12/39)","Human gammaherpesvirus 4 (EBV).pbmc"
"758","symptom_headache",5.2,"22.3% (40/179)","27.6% (8/29)",-8.4,"21.3% (42/197)","13% (7/54)",0.2,"15.6% (38/243)","15.8% (12/76)",-4.1,"19.3% (26/135)","15.1% (13/86)",4.6,"3.1% (2/64)","7.7% (3/39)","Human gammaherpesvirus 4 (EBV).pbmc"
"759","symptom_confusion",-1.7,"1.7% (3/179)","0% (0/29)",3,"2.5% (5/197)","5.6% (3/54)",2.1,"4.5% (11/243)","6.6% (5/76)",0.4,"8.9% (12/135)","9.3% (8/86)",3.4,"9.4% (6/64)","12.8% (5/39)","Human gammaherpesvirus 4 (EBV).pbmc"
"760","symptom_seizure",0,"0% (0/179)","0% (0/29)",-0.5,"0.5% (1/197)","0% (0/54)",-0.4,"0.4% (1/243)","0% (0/76)",-0.7,"0.7% (1/135)","0% (0/86)",0,"0% (0/64)","0% (0/39)","Human gammaherpesvirus 4 (EBV).pbmc"
"761","symptom_syncope",0.7,"2.8% (5/179)","3.4% (1/29)",1.3,"0.5% (1/197)","1.9% (1/54)",-0.3,"1.6% (4/243)","1.3% (1/76)",-1.5,"1.5% (2/135)","0% (0/86)",7.7,"0% (0/64)","7.7% (3/39)","Human gammaherpesvirus 4 (EBV).pbmc"
"762","symptom_anosmia",1.5,"12.3% (22/179)","13.8% (4/29)",-5.3,"12.7% (25/197)","7.4% (4/54)",-0.7,"9.9% (24/243)","9.2% (7/76)",1.5,"6.7% (9/135)","8.1% (7/86)",-1.7,"9.4% (6/64)","7.7% (3/39)","Human gammaherpesvirus 4 (EBV).pbmc"
"763","symptom_allGI",15.6,"43% (77/179)","58.6% (17/29)",-1.9,"48.2% (95/197)","46.3% (25/54)",1,"35.8% (87/243)","36.8% (28/76)",-7.8,"33.3% (45/135)","25.6% (22/86)",9.3,"26.6% (17/64)","35.9% (14/39)","Human gammaherpesvirus 4 (EBV).pbmc"
"764","symptom_abdpain",-7.6,"14.5% (26/179)","6.9% (2/29)",5.7,"9.1% (18/197)","14.8% (8/54)",1.9,"8.6% (21/243)","10.5% (8/76)",-2.7,"9.6% (13/135)","7% (6/86)",10.7,"4.7% (3/64)","15.4% (6/39)","Human gammaherpesvirus 4 (EBV).pbmc"
"765","symptom_nausea",11.7,"26.3% (47/179)","37.9% (11/29)",-8.9,"33% (65/197)","24.1% (13/54)",-3.1,"20.2% (49/243)","17.1% (13/76)",2.9,"13.3% (18/135)","16.3% (14/86)",0.3,"12.5% (8/64)","12.8% (5/39)","Human gammaherpesvirus 4 (EBV).pbmc"
"766","symptom_diarrhea",15,"22.9% (41/179)","37.9% (11/29)",5.8,"23.9% (47/197)","29.6% (16/54)",3.2,"21.8% (53/243)","25% (19/76)",-6,"20% (27/135)","14% (12/86)",1.3,"14.1% (9/64)","15.4% (6/39)","Human gammaherpesvirus 4 (EBV).pbmc"
"767","symptom_allderm",-0.6,"0.6% (1/179)","0% (0/29)",0.8,"1% (2/197)","1.9% (1/54)",0.5,"0.8% (2/243)","1.3% (1/76)",0.1,"2.2% (3/135)","2.3% (2/86)",2.6,"0% (0/64)","2.6% (1/39)","Human gammaherpesvirus 4 (EBV).pbmc"
"768","symptom_skinrash",-0.6,"0.6% (1/179)","0% (0/29)",0.8,"1% (2/197)","1.9% (1/54)",0.5,"0.8% (2/243)","1.3% (1/76)",-0.3,"1.5% (2/135)","1.2% (1/86)",0,"0% (0/64)","0% (0/39)","Human gammaherpesvirus 4 (EBV).pbmc"
"769","symptom_skinulcer",0,"0% (0/179)","0% (0/29)",0,"0% (0/197)","0% (0/54)",0,"0% (0/243)","0% (0/76)",0.4,"0.7% (1/135)","1.2% (1/86)",2.6,"0% (0/64)","2.6% (1/39)","Human gammaherpesvirus 4 (EBV).pbmc"
"770","symptom_allother",-6.6,"10.1% (18/179)","3.4% (1/29)",-8.5,"12.2% (24/197)","3.7% (2/54)",-3.6,"4.9% (12/243)","1.3% (1/76)",5.4,"7.4% (10/135)","12.8% (11/86)",-2.2,"12.5% (8/64)","10.3% (4/39)","Human gammaherpesvirus 4 (EBV).pbmc"
"771","symptom_arthralgia",-7.8,"7.8% (14/179)","0% (0/29)",-1.4,"5.1% (10/197)","3.7% (2/54)",-2.1,"2.1% (5/243)","0% (0/76)",2.7,"0.7% (1/135)","3.5% (3/86)",3.6,"1.6% (1/64)","5.1% (2/39)","Human gammaherpesvirus 4 (EBV).pbmc"
"772","symptom_edema",1.2,"2.2% (4/179)","3.4% (1/29)",-4.1,"4.1% (8/197)","0% (0/54)",-1.6,"1.6% (4/243)","0% (0/76)",2.4,"2.2% (3/135)","4.7% (4/86)",-1.1,"6.2% (4/64)","5.1% (2/39)","Human gammaherpesvirus 4 (EBV).pbmc"
"773","symptom_nonamb",-1.1,"1.1% (2/179)","0% (0/29)",-2.5,"2.5% (5/197)","0% (0/54)",0.1,"1.2% (3/243)","1.3% (1/76)",0.9,"3.7% (5/135)","4.7% (4/86)",-2.1,"4.7% (3/64)","2.6% (1/39)","Human gammaherpesvirus 4 (EBV).pbmc"
"774","symptom_bleeding",0,"0% (0/179)","0% (0/29)",-1,"1% (2/197)","0% (0/54)",-0.4,"0.4% (1/243)","0% (0/76)",-0.7,"0.7% (1/135)","0% (0/86)",0,"0% (0/64)","0% (0/39)","Human gammaherpesvirus 4 (EBV).pbmc"
"775","ever_ever_esc",0.7,"2.8% (5/179)","3.4% (1/29)",1.1,"8.1% (16/197)","9.3% (5/54)",-0.8,"7.4% (18/243)","6.6% (5/76)",9.2,"30.4% (41/135)","39.5% (34/86)",6,"45.3% (29/64)","51.3% (20/39)","Human gammaherpesvirus 4 (EBV).pbmc"
"776","ever_icu",-3.4,"3.4% (6/179)","0% (0/29)",6.5,"21.3% (42/197)","27.8% (15/54)",4.2,"16.9% (41/243)","21.1% (16/76)",15.3,"80% (108/135)","95.3% (82/86)",3.8,"85.9% (55/64)","89.7% (35/39)","Human gammaherpesvirus 4 (EBV).pbmc"
"777","diedever",1.2,"2.2% (4/179)","3.4% (1/29)",1.7,"2% (4/197)","3.7% (2/54)",3.2,"2.1% (5/243)","5.3% (4/76)",10.2,"11.9% (16/135)","22.1% (19/86)",0,"100% (64/64)","100% (39/39)","Human gammaherpesvirus 4 (EBV).pbmc"
"778","ever_remdes",5.8,"42.5% (76/179)","48.3% (14/29)",10.6,"69% (136/197)","79.6% (43/54)",3.9,"59.3% (144/243)","63.2% (48/76)",-5.8,"75.6% (102/135)","69.8% (60/86)",19.7,"54.7% (35/64)","74.4% (29/39)","Human gammaherpesvirus 4 (EBV).pbmc"
"779","ever_steroids",-0.9,"49.2% (88/179)","48.3% (14/29)",8.1,"60.4% (119/197)","68.5% (37/54)",-1.6,"68.7% (167/243)","67.1% (51/76)",0.2,"88.1% (119/135)","88.4% (76/86)",-4.9,"84.4% (54/64)","79.5% (31/39)","Human gammaherpesvirus 4 (EBV).pbmc"
"780","ever_azithro",5.2,"22.3% (40/179)","27.6% (8/29)",13.7,"28.9% (57/197)","42.6% (23/54)",0.2,"30% (73/243)","30.3% (23/76)",10,"40% (54/135)","50% (43/86)",12.3,"31.2% (20/64)","43.6% (17/39)","Human gammaherpesvirus 4 (EBV).pbmc"
"781","ever_otherabx",-4.4,"45.8% (82/179)","41.4% (12/29)",1.3,"48.7% (96/197)","50% (27/54)",3.5,"46.5% (113/243)","50% (38/76)",7.1,"77.8% (105/135)","84.9% (73/86)",4.8,"87.5% (56/64)","92.3% (36/39)","Human gammaherpesvirus 4 (EBV).pbmc"
"782","ever_conplas",-3.9,"3.9% (7/179)","0% (0/29)",-6.3,"8.1% (16/197)","1.9% (1/54)",7.3,"4.5% (11/243)","11.8% (9/76)",3.6,"10.4% (14/135)","14% (12/86)",5.4,"12.5% (8/64)","17.9% (7/39)","Human gammaherpesvirus 4 (EBV).pbmc"
"783","ever_monoclonal",0,"0% (0/179)","0% (0/29)",1.3,"0.5% (1/197)","1.9% (1/54)",-0.4,"0.4% (1/243)","0% (0/76)",0.4,"0.7% (1/135)","1.2% (1/86)",0,"0% (0/64)","0% (0/39)","Human gammaherpesvirus 4 (EBV).pbmc"
"784","ever_immsupp",4.8,"5.6% (10/179)","10.3% (3/29)",1.3,"6.1% (12/197)","7.4% (4/54)",2.2,"7% (17/243)","9.2% (7/76)",0.7,"7.4% (10/135)","8.1% (7/86)",3,"4.7% (3/64)","7.7% (3/39)","Human gammaherpesvirus 4 (EBV).pbmc"
"785","anycomp",2.8,"76.5% (137/179)","79.3% (23/29)",6.7,"82.2% (162/197)","88.9% (48/54)",8.2,"84% (204/243)","92.1% (70/76)",4.2,"91.1% (123/135)","95.3% (82/86)",4.7,"95.3% (61/64)","100% (39/39)","Human gammaherpesvirus 4 (EBV).pbmc"
"786","ncomp",-5.9,"33.5% (60/179)","27.6% (8/29)",-0.3,"18.8% (37/197)","18.5% (10/54)",2.6,"19.8% (48/243)","22.4% (17/76)",4.9,"4.4% (6/135)","9.3% (8/86)",-4.7,"4.7% (3/64)","0% (0/39)","Human gammaherpesvirus 4 (EBV).pbmc"
"787","comp_seizure",0,"0% (0/179)","0% (0/29)",-0.5,"0.5% (1/197)","0% (0/54)",-0.4,"0.4% (1/243)","0% (0/76)",0.4,"0.7% (1/135)","1.2% (1/86)",-1.6,"1.6% (1/64)","0% (0/39)","Human gammaherpesvirus 4 (EBV).pbmc"
"788","comp_meningitis",-0.6,"0.6% (1/179)","0% (0/29)",-0.5,"0.5% (1/197)","0% (0/54)",-0.8,"0.8% (2/243)","0% (0/76)",-1.1,"2.2% (3/135)","1.2% (1/86)",2,"3.1% (2/64)","5.1% (2/39)","Human gammaherpesvirus 4 (EBV).pbmc"
"789","comp_stroke",-0.6,"0.6% (1/179)","0% (0/29)",0,"0% (0/197)","0% (0/54)",-1.2,"1.2% (3/243)","0% (0/76)",7.1,"2.2% (3/135)","9.3% (8/86)",0.4,"4.7% (3/64)","5.1% (2/39)","Human gammaherpesvirus 4 (EBV).pbmc"
"790","comp_afib",-2.8,"2.8% (5/179)","0% (0/29)",-4.2,"6.1% (12/197)","1.9% (1/54)",2.5,"5.3% (13/243)","7.9% (6/76)",-2.5,"11.9% (16/135)","9.3% (8/86)",-3.9,"21.9% (14/64)","17.9% (7/39)","Human gammaherpesvirus 4 (EBV).pbmc"
"791","comp_ventricular_arr",-0.6,"0.6% (1/179)","0% (0/29)",4.5,"1% (2/197)","5.6% (3/54)",-0.7,"2.1% (5/243)","1.3% (1/76)",1.8,"5.2% (7/135)","7% (6/86)",11.1,"9.4% (6/64)","20.5% (8/39)","Human gammaherpesvirus 4 (EBV).pbmc"
"792","comp_endo",0,"0% (0/179)","0% (0/29)",0,"0% (0/197)","0% (0/54)",0,"0% (0/243)","0% (0/76)",-0.7,"0.7% (1/135)","0% (0/86)",0,"0% (0/64)","0% (0/39)","Human gammaherpesvirus 4 (EBV).pbmc"
"793","comp_myocard",-0.6,"0.6% (1/179)","0% (0/29)",-0.5,"0.5% (1/197)","0% (0/54)",-0.8,"0.8% (2/243)","0% (0/76)",0,"0% (0/135)","0% (0/86)",2.6,"0% (0/64)","2.6% (1/39)","Human gammaherpesvirus 4 (EBV).pbmc"
"794","comp_cardarrest",0,"0% (0/179)","0% (0/29)",0,"0% (0/197)","0% (0/54)",0.9,"0.4% (1/243)","1.3% (1/76)",1.7,"3% (4/135)","4.7% (4/86)",-4,"29.7% (19/64)","25.6% (10/39)","Human gammaherpesvirus 4 (EBV).pbmc"
"795","comp_stemi",-1.1,"1.1% (2/179)","0% (0/29)",0,"0% (0/197)","0% (0/54)",-0.8,"0.8% (2/243)","0% (0/76)",0.8,"1.5% (2/135)","2.3% (2/86)",-3.7,"6.2% (4/64)","2.6% (1/39)","Human gammaherpesvirus 4 (EBV).pbmc"
"796","comp_nstemi",-2.8,"2.8% (5/179)","0% (0/29)",-1,"1% (2/197)","0% (0/54)",-0.7,"2.1% (5/243)","1.3% (1/76)",1.3,"2.2% (3/135)","3.5% (3/86)",-0.7,"10.9% (7/64)","10.3% (4/39)","Human gammaherpesvirus 4 (EBV).pbmc"
"797","comp_chf",-3.9,"3.9% (7/179)","0% (0/29)",1.8,"5.6% (11/197)","7.4% (4/54)",3.4,"4.5% (11/243)","7.9% (6/76)",-4.7,"8.1% (11/135)","3.5% (3/86)",-8.6,"26.6% (17/64)","17.9% (7/39)","Human gammaherpesvirus 4 (EBV).pbmc"
"798","comp_pneumonia",5,"53.6% (96/179)","58.6% (17/29)",9.4,"66.5% (131/197)","75.9% (41/54)",8.4,"61.3% (149/243)","69.7% (53/76)",1.4,"80% (108/135)","81.4% (70/86)",5.9,"81.2% (52/64)","87.2% (34/39)","Human gammaherpesvirus 4 (EBV).pbmc"
"799","comp_bronch",0,"0% (0/179)","0% (0/29)",-0.5,"0.5% (1/197)","0% (0/54)",-0.4,"0.4% (1/243)","0% (0/76)",-2.2,"2.2% (3/135)","0% (0/86)",2.6,"0% (0/64)","2.6% (1/39)","Human gammaherpesvirus 4 (EBV).pbmc"
"800","comp_pneumo",-0.6,"0.6% (1/179)","0% (0/29)",3.2,"0.5% (1/197)","3.7% (2/54)",-0.3,"1.6% (4/243)","1.3% (1/76)",-7.3,"9.6% (13/135)","2.3% (2/86)",4.6,"3.1% (2/64)","7.7% (3/39)","Human gammaherpesvirus 4 (EBV).pbmc"
"801","comp_pneumomed",0,"0% (0/179)","0% (0/29)",0,"0% (0/197)","0% (0/54)",0,"0% (0/243)","0% (0/76)",-3.3,"4.4% (6/135)","1.2% (1/86)",4.6,"3.1% (2/64)","7.7% (3/39)","Human gammaherpesvirus 4 (EBV).pbmc"
"802","comp_aat",-0.6,"0.6% (1/179)","0% (0/29)",-0.5,"0.5% (1/197)","0% (0/54)",-0.4,"0.4% (1/243)","0% (0/76)",0.1,"2.2% (3/135)","2.3% (2/86)",-3.1,"3.1% (2/64)","0% (0/39)","Human gammaherpesvirus 4 (EBV).pbmc"
"803","comp_avthromb",-1.7,"1.7% (3/179)","0% (0/29)",8.6,"2.5% (5/197)","11.1% (6/54)",-1.9,"4.5% (11/243)","2.6% (2/76)",-1.9,"17% (23/135)","15.1% (13/86)",5.4,"12.5% (8/64)","17.9% (7/39)","Human gammaherpesvirus 4 (EBV).pbmc"
"804","comp_shock",2.9,"0.6% (1/179)","3.4% (1/29)",8.6,"2.5% (5/197)","11.1% (6/54)",1.5,"2.5% (6/243)","3.9% (3/76)",13.5,"31.9% (43/135)","45.3% (39/86)",-5.6,"67.2% (43/64)","61.5% (24/39)","Human gammaherpesvirus 4 (EBV).pbmc"
"805","comp_bac",-4.5,"4.5% (8/179)","0% (0/29)",0.8,"6.6% (13/197)","7.4% (4/54)",3.9,"6.6% (16/243)","10.5% (8/76)",1.5,"23% (31/135)","24.4% (21/86)",-0.5,"31.2% (20/64)","30.8% (12/39)","Human gammaherpesvirus 4 (EBV).pbmc"
"806","comp_coag",7,"3.4% (6/179)","10.3% (3/29)",-0.4,"4.1% (8/197)","3.7% (2/54)",-0.3,"1.6% (4/243)","1.3% (1/76)",2.1,"3.7% (5/135)","5.8% (5/86)",-5.2,"7.8% (5/64)","2.6% (1/39)","Human gammaherpesvirus 4 (EBV).pbmc"
"807","comp_hypogly",0,"0% (0/179)","0% (0/29)",-1.5,"1.5% (3/197)","0% (0/54)",2.2,"0.4% (1/243)","2.6% (2/76)",2.4,"2.2% (3/135)","4.7% (4/86)",1,"1.6% (1/64)","2.6% (1/39)","Human gammaherpesvirus 4 (EBV).pbmc"
"808","comp_bleed",9.8,"0.6% (1/179)","10.3% (3/29)",-0.7,"2.5% (5/197)","1.9% (1/54)",-0.7,"3.3% (8/243)","2.6% (2/76)",2,"9.6% (13/135)","11.6% (10/86)",-3.9,"21.9% (14/64)","17.9% (7/39)","Human gammaherpesvirus 4 (EBV).pbmc"
"809","comp_anemia",-5.6,"5.6% (10/179)","0% (0/29)",1.3,"6.1% (12/197)","7.4% (4/54)",0.2,"10.3% (25/243)","10.5% (8/76)",6.4,"29.6% (40/135)","36% (31/86)",3.2,"25% (16/64)","28.2% (11/39)","Human gammaherpesvirus 4 (EBV).pbmc"
"810","comp_pancreas",2.3,"1.1% (2/179)","3.4% (1/29)",0,"0% (0/197)","0% (0/54)",-0.4,"0.4% (1/243)","0% (0/76)",-0.7,"0.7% (1/135)","0% (0/86)",2.6,"0% (0/64)","2.6% (1/39)","Human gammaherpesvirus 4 (EBV).pbmc"
"811","comp_renal",-3.7,"10.6% (19/179)","6.9% (2/29)",-4.6,"15.7% (31/197)","11.1% (6/54)",6.7,"15.6% (38/243)","22.4% (17/76)",8.3,"28.9% (39/135)","37.2% (32/86)",3.7,"57.8% (37/64)","61.5% (24/39)","Human gammaherpesvirus 4 (EBV).pbmc"
"812","comp_liver",17.4,"6.7% (12/179)","24.1% (7/29)",0.3,"12.7% (25/197)","13% (7/54)",9,"9.5% (23/243)","18.4% (14/76)",6.8,"11.9% (16/135)","18.6% (16/86)",8.6,"9.4% (6/64)","17.9% (7/39)","Human gammaherpesvirus 4 (EBV).pbmc"
"813","comp_othlab",-1.6,"5% (9/179)","3.4% (1/29)",-4.1,"4.1% (8/197)","0% (0/54)",0.7,"3.3% (8/243)","3.9% (3/76)",1.1,"5.9% (8/135)","7% (6/86)",2,"3.1% (2/64)","5.1% (2/39)","Human gammaherpesvirus 4 (EBV).pbmc"
"814","comp_electrolyte",0.1,"3.4% (6/179)","3.4% (1/29)",2.7,"1% (2/197)","3.7% (2/54)",0.7,"3.3% (8/243)","3.9% (3/76)",4,"3% (4/135)","7% (6/86)",0.9,"9.4% (6/64)","10.3% (4/39)","Human gammaherpesvirus 4 (EBV).pbmc"
"815","comp_othinf",-0.5,"3.9% (7/179)","3.4% (1/29)",4.5,"1% (2/197)","5.6% (3/54)",3.2,"2.1% (5/243)","5.3% (4/76)",7.8,"1.5% (2/135)","9.3% (8/86)",-3.1,"3.1% (2/64)","0% (0/39)","Human gammaherpesvirus 4 (EBV).pbmc"
"816","comp_othpulm",0,"0% (0/179)","0% (0/29)",0,"0% (0/197)","0% (0/54)",-0.4,"0.4% (1/243)","0% (0/76)",0,"0% (0/135)","0% (0/86)",0,"0% (0/64)","0% (0/39)","Human gammaherpesvirus 4 (EBV).pbmc"
"817","comp_unddisease",1.8,"1.7% (3/179)","3.4% (1/29)",-1,"1% (2/197)","0% (0/54)",-2.5,"2.5% (6/243)","0% (0/76)",0.4,"0.7% (1/135)","1.2% (1/86)",-1.6,"1.6% (1/64)","0% (0/39)","Human gammaherpesvirus 4 (EBV).pbmc"
"818","comp_enceph",-0.6,"0.6% (1/179)","0% (0/29)",0.8,"1% (2/197)","1.9% (1/54)",-0.7,"2.1% (5/243)","1.3% (1/76)",3.3,"3.7% (5/135)","7% (6/86)",0.4,"4.7% (3/64)","5.1% (2/39)","Human gammaherpesvirus 4 (EBV).pbmc"
"819","comp_othneuro",-1.1,"1.1% (2/179)","0% (0/29)",-0.5,"0.5% (1/197)","0% (0/54)",0.5,"0.8% (2/243)","1.3% (1/76)",-0.7,"0.7% (1/135)","0% (0/86)",0,"0% (0/64)","0% (0/39)","Human gammaherpesvirus 4 (EBV).pbmc"
"820","comp_hypergly",-2.2,"2.2% (4/179)","0% (0/29)",7.6,"3.6% (7/197)","11.1% (6/54)",3,"4.9% (12/243)","7.9% (6/76)",-1.4,"3.7% (5/135)","2.3% (2/86)",7.1,"3.1% (2/64)","10.3% (4/39)","Human gammaherpesvirus 4 (EBV).pbmc"
"821","comp_psych",-0.6,"0.6% (1/179)","0% (0/29)",1.9,"0% (0/197)","1.9% (1/54)",-0.4,"0.4% (1/243)","0% (0/76)",0,"0% (0/135)","0% (0/86)",0,"0% (0/64)","0% (0/39)","Human gammaherpesvirus 4 (EBV).pbmc"
"822","comp_gastroent",-1.1,"1.1% (2/179)","0% (0/29)",2.2,"1.5% (3/197)","3.7% (2/54)",0.1,"1.2% (3/243)","1.3% (1/76)",-0.7,"0.7% (1/135)","0% (0/86)",0,"0% (0/64)","0% (0/39)","Human gammaherpesvirus 4 (EBV).pbmc"
"823","comp_pulmvas",0,"0% (0/179)","0% (0/29)",-0.5,"0.5% (1/197)","0% (0/54)",-0.4,"0.4% (1/243)","0% (0/76)",0,"0% (0/135)","0% (0/86)",0,"0% (0/64)","0% (0/39)","Human gammaherpesvirus 4 (EBV).pbmc"
"824","comp_other2",-1.1,"1.1% (2/179)","0% (0/29)",1.2,"2.5% (5/197)","3.7% (2/54)",1,"1.6% (4/243)","2.6% (2/76)",-1.8,"3% (4/135)","1.2% (1/86)",5.1,"0% (0/64)","5.1% (2/39)","Human gammaherpesvirus 4 (EBV).pbmc"
"825","comorb_htn",NA,"NaN% (0/0)","100% (1/1)",-50,"50% (2/4)","0% (0/1)",0,"100% (1/1)","100% (1/1)",5.4,"57.1% (36/63)","62.5% (25/40)",-26.9,"72.7% (16/22)","45.8% (11/24)","Human alphaherpesvirus 1 (HSV1).ea"
"826","comorb_isaric_dm",NA,"NaN% (0/0)","0% (0/1)",-75,"75% (3/4)","0% (0/1)",100,"0% (0/1)","100% (1/1)",-5.8,"50.8% (32/63)","45% (18/40)",-26.1,"63.6% (14/22)","37.5% (9/24)","Human alphaherpesvirus 1 (HSV1).ea"
"827","comorb_anyresp_noasthma",NA,"NaN% (0/0)","0% (0/1)",0,"0% (0/4)","0% (0/1)",100,"0% (0/1)","100% (1/1)",-8.1,"20.6% (13/63)","12.5% (5/40)",-11.7,"40.9% (9/22)","29.2% (7/24)","Human alphaherpesvirus 1 (HSV1).ea"
"828","comorb_isaric_asthma",NA,"NaN% (0/0)","0% (0/1)",0,"0% (0/4)","0% (0/1)",0,"0% (0/1)","0% (0/1)",-1.5,"19% (12/63)","17.5% (7/40)",7.6,"9.1% (2/22)","16.7% (4/24)","Human alphaherpesvirus 1 (HSV1).ea"
"829","comorb_isaric_cardiac",NA,"NaN% (0/0)","0% (0/1)",-25,"25% (1/4)","0% (0/1)",100,"0% (0/1)","100% (1/1)",-5.6,"20.6% (13/63)","15% (6/40)",-11,"31.8% (7/22)","20.8% (5/24)","Human alphaherpesvirus 1 (HSV1).ea"
"830","comorb_isaric_ckd",NA,"NaN% (0/0)","0% (0/1)",0,"0% (0/4)","0% (0/1)",0,"0% (0/1)","0% (0/1)",3.9,"11.1% (7/63)","15% (6/40)",-27.7,"31.8% (7/22)","4.2% (1/24)","Human alphaherpesvirus 1 (HSV1).ea"
"831","comorb_isaric_neoplasm",NA,"NaN% (0/0)","100% (1/1)",0,"0% (0/4)","0% (0/1)",0,"0% (0/1)","0% (0/1)",2.7,"4.8% (3/63)","7.5% (3/40)",-4.9,"9.1% (2/22)","4.2% (1/24)","Human alphaherpesvirus 1 (HSV1).ea"
"832","comorb_neuro",NA,"NaN% (0/0)","0% (0/1)",0,"0% (0/4)","0% (0/1)",-100,"100% (1/1)","0% (0/1)",-12.5,"17.5% (11/63)","5% (2/40)",3,"13.6% (3/22)","16.7% (4/24)","Human alphaherpesvirus 1 (HSV1).ea"
"833","comorb_isaric_liver",NA,"NaN% (0/0)","0% (0/1)",0,"0% (0/4)","0% (0/1)",0,"0% (0/1)","0% (0/1)",0.5,"9.5% (6/63)","10% (4/40)",-4.9,"9.1% (2/22)","4.2% (1/24)","Human alphaherpesvirus 1 (HSV1).ea"
"834","comorb_hxtrans",NA,"NaN% (0/0)","0% (0/1)",0,"0% (0/4)","0% (0/1)",100,"0% (0/1)","100% (1/1)",2.7,"4.8% (3/63)","7.5% (3/40)",-9.1,"9.1% (2/22)","0% (0/24)","Human alphaherpesvirus 1 (HSV1).ea"
"835","comorb_hiv2",NA,"NaN% (0/0)","0% (0/1)",0,"0% (0/4)","0% (0/1)",0,"0% (0/1)","0% (0/1)",-1.6,"1.6% (1/63)","0% (0/40)",0,"0% (0/22)","0% (0/24)","Human alphaherpesvirus 1 (HSV1).ea"
"836","comorb_eversmkvape",NA,"NaN% (0/0)","100% (1/1)",0,"0% (0/4)","0% (0/1)",100,"0% (0/1)","100% (1/1)",-1.3,"23.8% (15/63)","22.5% (9/40)",-7.6,"40.9% (9/22)","33.3% (8/24)","Human alphaherpesvirus 1 (HSV1).ea"
"837","comorb_anysubstance",NA,"NaN% (0/0)","100% (1/1)",0,"0% (0/4)","0% (0/1)",0,"0% (0/1)","0% (0/1)",-1.3,"6.3% (4/63)","5% (2/40)",4.2,"0% (0/22)","4.2% (1/24)","Human alphaherpesvirus 1 (HSV1).ea"
"838","comorb_count",NA,"NaN% (0/0)","0% (0/1)",75,"25% (1/4)","100% (1/1)",0,"0% (0/1)","0% (0/1)",4.6,"7.9% (5/63)","12.5% (5/40)",16.3,"4.5% (1/22)","20.8% (5/24)","Human alphaherpesvirus 1 (HSV1).ea"
"839","comorb_countcat",NA,"NaN% (0/0)","0% (0/1)",75,"25% (1/4)","100% (1/1)",0,"0% (0/1)","0% (0/1)",4.6,"7.9% (5/63)","12.5% (5/40)",16.3,"4.5% (1/22)","20.8% (5/24)","Human alphaherpesvirus 1 (HSV1).ea"
"840","timesymptomcat",NA,"NaN% (0/0)","0% (0/1)",0,"0% (0/4)","0% (0/1)",100,"0% (0/1)","100% (1/1)",3.5,"19% (12/63)","22.5% (9/40)",-1.5,"18.2% (4/22)","16.7% (4/24)","Human alphaherpesvirus 1 (HSV1).ea"
"841","symptom_allresp",NA,"NaN% (0/0)","0% (0/1)",0,"100% (4/4)","100% (1/1)",100,"0% (0/1)","100% (1/1)",7.7,"87.3% (55/63)","95% (38/40)",-11.7,"90.9% (20/22)","79.2% (19/24)","Human alphaherpesvirus 1 (HSV1).ea"
"842","symptom_cough",NA,"NaN% (0/0)","0% (0/1)",-75,"75% (3/4)","0% (0/1)",0,"0% (0/1)","0% (0/1)",2.9,"57.1% (36/63)","60% (24/40)",-22,"63.6% (14/22)","41.7% (10/24)","Human alphaherpesvirus 1 (HSV1).ea"
"843","symptom_cough_prod",NA,"NaN% (0/0)","0% (0/1)",0,"0% (0/4)","0% (0/1)",100,"0% (0/1)","100% (1/1)",-7,"9.5% (6/63)","2.5% (1/40)",3,"13.6% (3/22)","16.7% (4/24)","Human alphaherpesvirus 1 (HSV1).ea"
"844","symptom_haemoptysis",NA,"NaN% (0/0)","0% (0/1)",0,"0% (0/4)","0% (0/1)",0,"0% (0/1)","0% (0/1)",-1.6,"1.6% (1/63)","0% (0/40)",0,"0% (0/22)","0% (0/24)","Human alphaherpesvirus 1 (HSV1).ea"
"845","symptom_sorethroat",NA,"NaN% (0/0)","0% (0/1)",0,"0% (0/4)","0% (0/1)",0,"0% (0/1)","0% (0/1)",-0.4,"7.9% (5/63)","7.5% (3/40)",-9.1,"9.1% (2/22)","0% (0/24)","Human alphaherpesvirus 1 (HSV1).ea"
"846","symptom_rhinorrhea",NA,"NaN% (0/0)","0% (0/1)",0,"0% (0/4)","0% (0/1)",0,"0% (0/1)","0% (0/1)",3.7,"6.3% (4/63)","10% (4/40)",-9.1,"9.1% (2/22)","0% (0/24)","Human alphaherpesvirus 1 (HSV1).ea"
"847","symptom_wheeze",NA,"NaN% (0/0)","0% (0/1)",0,"0% (0/4)","0% (0/1)",0,"0% (0/1)","0% (0/1)",-0.4,"7.9% (5/63)","7.5% (3/40)",-0.8,"9.1% (2/22)","8.3% (2/24)","Human alphaherpesvirus 1 (HSV1).ea"
"848","symptom_chestpain",NA,"NaN% (0/0)","0% (0/1)",-75,"75% (3/4)","0% (0/1)",0,"0% (0/1)","0% (0/1)",6.6,"15.9% (10/63)","22.5% (9/40)",-10.6,"27.3% (6/22)","16.7% (4/24)","Human alphaherpesvirus 1 (HSV1).ea"
"849","symptom_dyspnea",NA,"NaN% (0/0)","0% (0/1)",0,"100% (4/4)","100% (1/1)",0,"0% (0/1)","0% (0/1)",-0.3,"77.8% (49/63)","77.5% (31/40)",1.9,"77.3% (17/22)","79.2% (19/24)","Human alphaherpesvirus 1 (HSV1).ea"
"850","symptom_earpain",NA,"NaN% (0/0)","0% (0/1)",0,"0% (0/4)","0% (0/1)",0,"0% (0/1)","0% (0/1)",2.5,"0% (0/63)","2.5% (1/40)",0,"0% (0/22)","0% (0/24)","Human alphaherpesvirus 1 (HSV1).ea"
"851","symptom_allsyst",NA,"NaN% (0/0)","0% (0/1)",25,"75% (3/4)","100% (1/1)",100,"0% (0/1)","100% (1/1)",6.5,"63.5% (40/63)","70% (28/40)",-13.3,"59.1% (13/22)","45.8% (11/24)","Human alphaherpesvirus 1 (HSV1).ea"
"852","symptom_fever",NA,"NaN% (0/0)","0% (0/1)",-75,"75% (3/4)","0% (0/1)",0,"0% (0/1)","0% (0/1)",5.8,"49.2% (31/63)","55% (22/40)",-11.7,"40.9% (9/22)","29.2% (7/24)","Human alphaherpesvirus 1 (HSV1).ea"
"853","symptom_chills",NA,"NaN% (0/0)","0% (0/1)",-50,"50% (2/4)","0% (0/1)",100,"0% (0/1)","100% (1/1)",10.7,"14.3% (9/63)","25% (10/40)",-0.8,"9.1% (2/22)","8.3% (2/24)","Human alphaherpesvirus 1 (HSV1).ea"
"854","symptom_shaking",NA,"NaN% (0/0)","0% (0/1)",0,"0% (0/4)","0% (0/1)",0,"0% (0/1)","0% (0/1)",0.9,"1.6% (1/63)","2.5% (1/40)",0,"0% (0/22)","0% (0/24)","Human alphaherpesvirus 1 (HSV1).ea"
"855","symptom_fatigue",NA,"NaN% (0/0)","0% (0/1)",100,"0% (0/4)","100% (1/1)",100,"0% (0/1)","100% (1/1)",14.8,"30.2% (19/63)","45% (18/40)",-6.8,"31.8% (7/22)","25% (6/24)","Human alphaherpesvirus 1 (HSV1).ea"
"856","symptom_myalgia",NA,"NaN% (0/0)","0% (0/1)",-25,"25% (1/4)","0% (0/1)",0,"0% (0/1)","0% (0/1)",10.5,"9.5% (6/63)","20% (8/40)",12.5,"0% (0/22)","12.5% (3/24)","Human alphaherpesvirus 1 (HSV1).ea"
"857","symptom_lymphadenopathy",NA,"NaN% (0/0)","0% (0/1)",0,"0% (0/4)","0% (0/1)",0,"0% (0/1)","0% (0/1)",2.5,"0% (0/63)","2.5% (1/40)",-4.5,"4.5% (1/22)","0% (0/24)","Human alphaherpesvirus 1 (HSV1).ea"
"858","symptom_allneuro",NA,"NaN% (0/0)","100% (1/1)",-25,"25% (1/4)","0% (0/1)",0,"100% (1/1)","100% (1/1)",0.8,"31.7% (20/63)","32.5% (13/40)",6.1,"27.3% (6/22)","33.3% (8/24)","Human alphaherpesvirus 1 (HSV1).ea"
"859","symptom_headache",NA,"NaN% (0/0)","0% (0/1)",0,"0% (0/4)","0% (0/1)",100,"0% (0/1)","100% (1/1)",9.8,"12.7% (8/63)","22.5% (9/40)",12.5,"0% (0/22)","12.5% (3/24)","Human alphaherpesvirus 1 (HSV1).ea"
"860","symptom_confusion",NA,"NaN% (0/0)","100% (1/1)",0,"0% (0/4)","0% (0/1)",-100,"100% (1/1)","0% (0/1)",-7.7,"12.7% (8/63)","5% (2/40)",-1.1,"13.6% (3/22)","12.5% (3/24)","Human alphaherpesvirus 1 (HSV1).ea"
"861","symptom_syncope",NA,"NaN% (0/0)","0% (0/1)",0,"0% (0/4)","0% (0/1)",0,"0% (0/1)","0% (0/1)",0,"0% (0/63)","0% (0/40)",3.8,"4.5% (1/22)","8.3% (2/24)","Human alphaherpesvirus 1 (HSV1).ea"
"862","symptom_anosmia",NA,"NaN% (0/0)","0% (0/1)",-25,"25% (1/4)","0% (0/1)",0,"0% (0/1)","0% (0/1)",3.7,"6.3% (4/63)","10% (4/40)",-0.8,"9.1% (2/22)","8.3% (2/24)","Human alphaherpesvirus 1 (HSV1).ea"
"863","symptom_allGI",NA,"NaN% (0/0)","0% (0/1)",-25,"25% (1/4)","0% (0/1)",0,"0% (0/1)","0% (0/1)",15.3,"22.2% (14/63)","37.5% (15/40)",19.3,"18.2% (4/22)","37.5% (9/24)","Human alphaherpesvirus 1 (HSV1).ea"
"864","symptom_abdpain",NA,"NaN% (0/0)","0% (0/1)",0,"0% (0/4)","0% (0/1)",0,"0% (0/1)","0% (0/1)",3.7,"6.3% (4/63)","10% (4/40)",-0.8,"9.1% (2/22)","8.3% (2/24)","Human alphaherpesvirus 1 (HSV1).ea"
"865","symptom_nausea",NA,"NaN% (0/0)","0% (0/1)",-25,"25% (1/4)","0% (0/1)",0,"0% (0/1)","0% (0/1)",8.9,"11.1% (7/63)","20% (8/40)",-5.3,"13.6% (3/22)","8.3% (2/24)","Human alphaherpesvirus 1 (HSV1).ea"
"866","symptom_diarrhea",NA,"NaN% (0/0)","0% (0/1)",0,"0% (0/4)","0% (0/1)",0,"0% (0/1)","0% (0/1)",2.3,"12.7% (8/63)","15% (6/40)",20.5,"4.5% (1/22)","25% (6/24)","Human alphaherpesvirus 1 (HSV1).ea"
"867","symptom_allderm",NA,"NaN% (0/0)","0% (0/1)",0,"0% (0/4)","0% (0/1)",0,"0% (0/1)","0% (0/1)",0.9,"1.6% (1/63)","2.5% (1/40)",0,"0% (0/22)","0% (0/24)","Human alphaherpesvirus 1 (HSV1).ea"
"868","symptom_skinrash",NA,"NaN% (0/0)","0% (0/1)",0,"0% (0/4)","0% (0/1)",0,"0% (0/1)","0% (0/1)",-1.6,"1.6% (1/63)","0% (0/40)",0,"0% (0/22)","0% (0/24)","Human alphaherpesvirus 1 (HSV1).ea"
"869","symptom_skinulcer",NA,"NaN% (0/0)","0% (0/1)",0,"0% (0/4)","0% (0/1)",0,"0% (0/1)","0% (0/1)",2.5,"0% (0/63)","2.5% (1/40)",0,"0% (0/22)","0% (0/24)","Human alphaherpesvirus 1 (HSV1).ea"
"870","symptom_allother",NA,"NaN% (0/0)","0% (0/1)",0,"0% (0/4)","0% (0/1)",0,"0% (0/1)","0% (0/1)",-2,"9.5% (6/63)","7.5% (3/40)",-5.3,"13.6% (3/22)","8.3% (2/24)","Human alphaherpesvirus 1 (HSV1).ea"
"871","symptom_arthralgia",NA,"NaN% (0/0)","0% (0/1)",0,"0% (0/4)","0% (0/1)",0,"0% (0/1)","0% (0/1)",2.5,"0% (0/63)","2.5% (1/40)",-0.4,"4.5% (1/22)","4.2% (1/24)","Human alphaherpesvirus 1 (HSV1).ea"
"872","symptom_edema",NA,"NaN% (0/0)","0% (0/1)",0,"0% (0/4)","0% (0/1)",0,"0% (0/1)","0% (0/1)",1.8,"3.2% (2/63)","5% (2/40)",4.2,"0% (0/22)","4.2% (1/24)","Human alphaherpesvirus 1 (HSV1).ea"
"873","symptom_nonamb",NA,"NaN% (0/0)","0% (0/1)",0,"0% (0/4)","0% (0/1)",0,"0% (0/1)","0% (0/1)",-6.3,"6.3% (4/63)","0% (0/40)",-13.6,"13.6% (3/22)","0% (0/24)","Human alphaherpesvirus 1 (HSV1).ea"
"874","ever_ever_esc",NA,"NaN% (0/0)","0% (0/1)",-25,"25% (1/4)","0% (0/1)",100,"0% (0/1)","100% (1/1)",1.9,"38.1% (24/63)","40% (16/40)",-0.4,"54.5% (12/22)","54.2% (13/24)","Human alphaherpesvirus 1 (HSV1).ea"
"875","ever_icu",NA,"NaN% (0/0)","100% (1/1)",25,"75% (3/4)","100% (1/1)",0,"100% (1/1)","100% (1/1)",1.6,"98.4% (62/63)","100% (40/40)",4.5,"95.5% (21/22)","100% (24/24)","Human alphaherpesvirus 1 (HSV1).ea"
"876","diedever",NA,"NaN% (0/0)","0% (0/1)",0,"0% (0/4)","0% (0/1)",0,"0% (0/1)","0% (0/1)",-3.8,"23.8% (15/63)","20% (8/40)",0,"100% (22/22)","100% (24/24)","Human alphaherpesvirus 1 (HSV1).ea"
"877","ever_remdes",NA,"NaN% (0/0)","0% (0/1)",0,"100% (4/4)","100% (1/1)",0,"0% (0/1)","0% (0/1)",2,"73% (46/63)","75% (30/40)",3.8,"54.5% (12/22)","58.3% (14/24)","Human alphaherpesvirus 1 (HSV1).ea"
"878","ever_steroids",NA,"NaN% (0/0)","0% (0/1)",0,"100% (4/4)","100% (1/1)",100,"0% (0/1)","100% (1/1)",5.9,"84.1% (53/63)","90% (36/40)",1.1,"86.4% (19/22)","87.5% (21/24)","Human alphaherpesvirus 1 (HSV1).ea"
"879","ever_azithro",NA,"NaN% (0/0)","0% (0/1)",0,"100% (4/4)","100% (1/1)",100,"0% (0/1)","100% (1/1)",22.8,"39.7% (25/63)","62.5% (25/40)",-24.6,"45.5% (10/22)","20.8% (5/24)","Human alphaherpesvirus 1 (HSV1).ea"
"880","ever_otherabx",NA,"NaN% (0/0)","0% (0/1)",0,"100% (4/4)","100% (1/1)",0,"100% (1/1)","100% (1/1)",2.9,"92.1% (58/63)","95% (38/40)",-3.8,"95.5% (21/22)","91.7% (22/24)","Human alphaherpesvirus 1 (HSV1).ea"
"881","ever_conplas",NA,"NaN% (0/0)","0% (0/1)",-25,"25% (1/4)","0% (0/1)",0,"0% (0/1)","0% (0/1)",14.6,"7.9% (5/63)","22.5% (9/40)",25,"0% (0/22)","25% (6/24)","Human alphaherpesvirus 1 (HSV1).ea"
"882","ever_monoclonal",NA,"NaN% (0/0)","0% (0/1)",-25,"25% (1/4)","0% (0/1)",0,"0% (0/1)","0% (0/1)",0,"0% (0/63)","0% (0/40)",0,"0% (0/22)","0% (0/24)","Human alphaherpesvirus 1 (HSV1).ea"
"883","ever_immsupp",NA,"NaN% (0/0)","0% (0/1)",0,"0% (0/4)","0% (0/1)",100,"0% (0/1)","100% (1/1)",10.2,"4.8% (3/63)","15% (6/40)",-13.6,"13.6% (3/22)","0% (0/24)","Human alphaherpesvirus 1 (HSV1).ea"
"884","anycomp",NA,"NaN% (0/0)","100% (1/1)",0,"100% (4/4)","100% (1/1)",100,"0% (0/1)","100% (1/1)",-1.8,"96.8% (61/63)","95% (38/40)",0,"100% (22/22)","100% (24/24)","Human alphaherpesvirus 1 (HSV1).ea"
"885","ncomp",NA,"NaN% (0/0)","100% (1/1)",100,"0% (0/4)","100% (1/1)",0,"0% (0/1)","0% (0/1)",-2.3,"4.8% (3/63)","2.5% (1/40)",0,"0% (0/22)","0% (0/24)","Human alphaherpesvirus 1 (HSV1).ea"
"886","comp_seizure",NA,"NaN% (0/0)","0% (0/1)",0,"0% (0/4)","0% (0/1)",0,"0% (0/1)","0% (0/1)",0.9,"1.6% (1/63)","2.5% (1/40)",-4.5,"4.5% (1/22)","0% (0/24)","Human alphaherpesvirus 1 (HSV1).ea"
"887","comp_meningitis",NA,"NaN% (0/0)","0% (0/1)",0,"0% (0/4)","0% (0/1)",0,"0% (0/1)","0% (0/1)",1.8,"3.2% (2/63)","5% (2/40)",-0.4,"4.5% (1/22)","4.2% (1/24)","Human alphaherpesvirus 1 (HSV1).ea"
"888","comp_stroke",NA,"NaN% (0/0)","0% (0/1)",0,"0% (0/4)","0% (0/1)",0,"0% (0/1)","0% (0/1)",-1.3,"6.3% (4/63)","5% (2/40)",8,"4.5% (1/22)","12.5% (3/24)","Human alphaherpesvirus 1 (HSV1).ea"
"889","comp_afib",NA,"NaN% (0/0)","0% (0/1)",0,"0% (0/4)","0% (0/1)",0,"0% (0/1)","0% (0/1)",-4.3,"14.3% (9/63)","10% (4/40)",-6.4,"27.3% (6/22)","20.8% (5/24)","Human alphaherpesvirus 1 (HSV1).ea"
"890","comp_ventricular_arr",NA,"NaN% (0/0)","0% (0/1)",-25,"25% (1/4)","0% (0/1)",0,"0% (0/1)","0% (0/1)",-3.6,"11.1% (7/63)","7.5% (3/40)",3.4,"9.1% (2/22)","12.5% (3/24)","Human alphaherpesvirus 1 (HSV1).ea"
"891","comp_myocard",NA,"NaN% (0/0)","0% (0/1)",0,"0% (0/4)","0% (0/1)",0,"0% (0/1)","0% (0/1)",0,"0% (0/63)","0% (0/40)",-4.5,"4.5% (1/22)","0% (0/24)","Human alphaherpesvirus 1 (HSV1).ea"
"892","comp_cardarrest",NA,"NaN% (0/0)","0% (0/1)",0,"0% (0/4)","0% (0/1)",0,"0% (0/1)","0% (0/1)",0.2,"4.8% (3/63)","5% (2/40)",-7.6,"40.9% (9/22)","33.3% (8/24)","Human alphaherpesvirus 1 (HSV1).ea"
"893","comp_stemi",NA,"NaN% (0/0)","0% (0/1)",0,"0% (0/4)","0% (0/1)",0,"0% (0/1)","0% (0/1)",2.5,"0% (0/63)","2.5% (1/40)",-4.9,"9.1% (2/22)","4.2% (1/24)","Human alphaherpesvirus 1 (HSV1).ea"
"894","comp_nstemi",NA,"NaN% (0/0)","0% (0/1)",0,"0% (0/4)","0% (0/1)",0,"0% (0/1)","0% (0/1)",-0.7,"3.2% (2/63)","2.5% (1/40)",-0.8,"9.1% (2/22)","8.3% (2/24)","Human alphaherpesvirus 1 (HSV1).ea"
"895","comp_chf",NA,"NaN% (0/0)","0% (0/1)",0,"0% (0/4)","0% (0/1)",0,"0% (0/1)","0% (0/1)",1.2,"6.3% (4/63)","7.5% (3/40)",-1.5,"18.2% (4/22)","16.7% (4/24)","Human alphaherpesvirus 1 (HSV1).ea"
"896","comp_pneumonia",NA,"NaN% (0/0)","100% (1/1)",-100,"100% (4/4)","0% (0/1)",100,"0% (0/1)","100% (1/1)",-0.7,"85.7% (54/63)","85% (34/40)",-7.6,"90.9% (20/22)","83.3% (20/24)","Human alphaherpesvirus 1 (HSV1).ea"
"897","comp_bronch",NA,"NaN% (0/0)","0% (0/1)",0,"0% (0/4)","0% (0/1)",0,"0% (0/1)","0% (0/1)",-1.6,"1.6% (1/63)","0% (0/40)",0,"0% (0/22)","0% (0/24)","Human alphaherpesvirus 1 (HSV1).ea"
"898","comp_pneumo",NA,"NaN% (0/0)","0% (0/1)",0,"0% (0/4)","0% (0/1)",0,"0% (0/1)","0% (0/1)",7.1,"7.9% (5/63)","15% (6/40)",-9.5,"13.6% (3/22)","4.2% (1/24)","Human alphaherpesvirus 1 (HSV1).ea"
"899","comp_pneumomed",NA,"NaN% (0/0)","0% (0/1)",0,"0% (0/4)","0% (0/1)",0,"0% (0/1)","0% (0/1)",3.4,"1.6% (1/63)","5% (2/40)",-0.8,"9.1% (2/22)","8.3% (2/24)","Human alphaherpesvirus 1 (HSV1).ea"
"900","comp_aat",NA,"NaN% (0/0)","0% (0/1)",0,"0% (0/4)","0% (0/1)",0,"0% (0/1)","0% (0/1)",0.2,"4.8% (3/63)","5% (2/40)",-4.5,"4.5% (1/22)","0% (0/24)","Human alphaherpesvirus 1 (HSV1).ea"
"901","comp_avthromb",NA,"NaN% (0/0)","0% (0/1)",0,"0% (0/4)","0% (0/1)",0,"0% (0/1)","0% (0/1)",-5.4,"25.4% (16/63)","20% (8/40)",6.8,"18.2% (4/22)","25% (6/24)","Human alphaherpesvirus 1 (HSV1).ea"
"902","comp_shock",NA,"NaN% (0/0)","0% (0/1)",-25,"25% (1/4)","0% (0/1)",100,"0% (0/1)","100% (1/1)",8.1,"61.9% (39/63)","70% (28/40)",1.9,"77.3% (17/22)","79.2% (19/24)","Human alphaherpesvirus 1 (HSV1).ea"
"903","comp_bac",NA,"NaN% (0/0)","0% (0/1)",0,"0% (0/4)","0% (0/1)",100,"0% (0/1)","100% (1/1)",19.8,"30.2% (19/63)","50% (20/40)",-3,"36.4% (8/22)","33.3% (8/24)","Human alphaherpesvirus 1 (HSV1).ea"
"904","comp_coag",NA,"NaN% (0/0)","0% (0/1)",0,"0% (0/4)","0% (0/1)",0,"0% (0/1)","0% (0/1)",-1.3,"6.3% (4/63)","5% (2/40)",-0.4,"4.5% (1/22)","4.2% (1/24)","Human alphaherpesvirus 1 (HSV1).ea"
"905","comp_hypogly",NA,"NaN% (0/0)","0% (0/1)",0,"0% (0/4)","0% (0/1)",0,"0% (0/1)","0% (0/1)",0.2,"4.8% (3/63)","5% (2/40)",0,"0% (0/22)","0% (0/24)","Human alphaherpesvirus 1 (HSV1).ea"
"906","comp_bleed",NA,"NaN% (0/0)","0% (0/1)",0,"0% (0/4)","0% (0/1)",0,"0% (0/1)","0% (0/1)",7.1,"7.9% (5/63)","15% (6/40)",19.7,"13.6% (3/22)","33.3% (8/24)","Human alphaherpesvirus 1 (HSV1).ea"
"907","comp_anemia",NA,"NaN% (0/0)","0% (0/1)",0,"0% (0/4)","0% (0/1)",100,"0% (0/1)","100% (1/1)",-2.2,"39.7% (25/63)","37.5% (15/40)",15.2,"18.2% (4/22)","33.3% (8/24)","Human alphaherpesvirus 1 (HSV1).ea"
"908","comp_pancreas",NA,"NaN% (0/0)","0% (0/1)",0,"0% (0/4)","0% (0/1)",0,"0% (0/1)","0% (0/1)",0,"0% (0/63)","0% (0/40)",-4.5,"4.5% (1/22)","0% (0/24)","Human alphaherpesvirus 1 (HSV1).ea"
"909","comp_renal",NA,"NaN% (0/0)","0% (0/1)",0,"0% (0/4)","0% (0/1)",100,"0% (0/1)","100% (1/1)",7.8,"39.7% (25/63)","47.5% (19/40)",-14.4,"72.7% (16/22)","58.3% (14/24)","Human alphaherpesvirus 1 (HSV1).ea"
"910","comp_liver",NA,"NaN% (0/0)","0% (0/1)",0,"0% (0/4)","0% (0/1)",0,"0% (0/1)","0% (0/1)",2.5,"17.5% (11/63)","20% (8/40)",12.1,"4.5% (1/22)","16.7% (4/24)","Human alphaherpesvirus 1 (HSV1).ea"
"911","comp_othlab",NA,"NaN% (0/0)","0% (0/1)",0,"0% (0/4)","0% (0/1)",0,"0% (0/1)","0% (0/1)",4.3,"3.2% (2/63)","7.5% (3/40)",4.2,"0% (0/22)","4.2% (1/24)","Human alphaherpesvirus 1 (HSV1).ea"
"912","comp_electrolyte",NA,"NaN% (0/0)","0% (0/1)",0,"0% (0/4)","0% (0/1)",0,"0% (0/1)","0% (0/1)",1.2,"6.3% (4/63)","7.5% (3/40)",-9.8,"18.2% (4/22)","8.3% (2/24)","Human alphaherpesvirus 1 (HSV1).ea"
"913","comp_othinf",NA,"NaN% (0/0)","0% (0/1)",-25,"25% (1/4)","0% (0/1)",0,"0% (0/1)","0% (0/1)",1.2,"6.3% (4/63)","7.5% (3/40)",4.2,"0% (0/22)","4.2% (1/24)","Human alphaherpesvirus 1 (HSV1).ea"
"914","comp_unddisease",NA,"NaN% (0/0)","0% (0/1)",0,"0% (0/4)","0% (0/1)",0,"0% (0/1)","0% (0/1)",-1.6,"1.6% (1/63)","0% (0/40)",-4.5,"4.5% (1/22)","0% (0/24)","Human alphaherpesvirus 1 (HSV1).ea"
"915","comp_enceph",NA,"NaN% (0/0)","0% (0/1)",0,"0% (0/4)","0% (0/1)",100,"0% (0/1)","100% (1/1)",2.1,"7.9% (5/63)","10% (4/40)",-0.4,"4.5% (1/22)","4.2% (1/24)","Human alphaherpesvirus 1 (HSV1).ea"
"916","comp_othneuro",NA,"NaN% (0/0)","0% (0/1)",0,"0% (0/4)","0% (0/1)",0,"0% (0/1)","0% (0/1)",-1.6,"1.6% (1/63)","0% (0/40)",0,"0% (0/22)","0% (0/24)","Human alphaherpesvirus 1 (HSV1).ea"
"917","comp_hypergly",NA,"NaN% (0/0)","0% (0/1)",-50,"50% (2/4)","0% (0/1)",100,"0% (0/1)","100% (1/1)",4.3,"3.2% (2/63)","7.5% (3/40)",-4.9,"9.1% (2/22)","4.2% (1/24)","Human alphaherpesvirus 1 (HSV1).ea"
"918","comp_psych",NA,"NaN% (0/0)","0% (0/1)",-25,"25% (1/4)","0% (0/1)",0,"0% (0/1)","0% (0/1)",0,"0% (0/63)","0% (0/40)",0,"0% (0/22)","0% (0/24)","Human alphaherpesvirus 1 (HSV1).ea"
"919","comp_gastroent",NA,"NaN% (0/0)","0% (0/1)",0,"0% (0/4)","0% (0/1)",0,"0% (0/1)","0% (0/1)",-1.6,"1.6% (1/63)","0% (0/40)",0,"0% (0/22)","0% (0/24)","Human alphaherpesvirus 1 (HSV1).ea"
"920","comorb_htn",NA,"100% (1/1)","NaN% (0/0)",NA,"40% (2/5)","NaN% (0/0)",NA,"100% (2/2)","NaN% (0/0)",4.9,"58.7% (54/92)","63.6% (7/11)",NA,"58.7% (27/46)","NaN% (0/0)","Human betaherpesvirus 5 (CMV).ea"
"921","comorb_isaric_dm",NA,"0% (0/1)","NaN% (0/0)",NA,"60% (3/5)","NaN% (0/0)",NA,"50% (1/2)","NaN% (0/0)",6.7,"47.8% (44/92)","54.5% (6/11)",NA,"50% (23/46)","NaN% (0/0)","Human betaherpesvirus 5 (CMV).ea"
"922","comorb_anyresp_noasthma",NA,"0% (0/1)","NaN% (0/0)",NA,"0% (0/5)","NaN% (0/0)",NA,"50% (1/2)","NaN% (0/0)",21.1,"15.2% (14/92)","36.4% (4/11)",NA,"34.8% (16/46)","NaN% (0/0)","Human betaherpesvirus 5 (CMV).ea"
"923","comorb_isaric_asthma",NA,"0% (0/1)","NaN% (0/0)",NA,"0% (0/5)","NaN% (0/0)",NA,"0% (0/2)","NaN% (0/0)",9.9,"17.4% (16/92)","27.3% (3/11)",NA,"13% (6/46)","NaN% (0/0)","Human betaherpesvirus 5 (CMV).ea"
"924","comorb_isaric_cardiac",NA,"0% (0/1)","NaN% (0/0)",NA,"20% (1/5)","NaN% (0/0)",NA,"50% (1/2)","NaN% (0/0)",-0.3,"18.5% (17/92)","18.2% (2/11)",NA,"26.1% (12/46)","NaN% (0/0)","Human betaherpesvirus 5 (CMV).ea"
"925","comorb_isaric_ckd",NA,"0% (0/1)","NaN% (0/0)",NA,"0% (0/5)","NaN% (0/0)",NA,"0% (0/2)","NaN% (0/0)",16.4,"10.9% (10/92)","27.3% (3/11)",NA,"17.4% (8/46)","NaN% (0/0)","Human betaherpesvirus 5 (CMV).ea"
"926","comorb_isaric_neoplasm",NA,"100% (1/1)","NaN% (0/0)",NA,"0% (0/5)","NaN% (0/0)",NA,"0% (0/2)","NaN% (0/0)",13.8,"4.3% (4/92)","18.2% (2/11)",NA,"6.5% (3/46)","NaN% (0/0)","Human betaherpesvirus 5 (CMV).ea"
"927","comorb_neuro",NA,"0% (0/1)","NaN% (0/0)",NA,"0% (0/5)","NaN% (0/0)",NA,"50% (1/2)","NaN% (0/0)",-14.1,"14.1% (13/92)","0% (0/11)",NA,"15.2% (7/46)","NaN% (0/0)","Human betaherpesvirus 5 (CMV).ea"
"928","comorb_isaric_liver",NA,"0% (0/1)","NaN% (0/0)",NA,"0% (0/5)","NaN% (0/0)",NA,"0% (0/2)","NaN% (0/0)",9.5,"8.7% (8/92)","18.2% (2/11)",NA,"6.5% (3/46)","NaN% (0/0)","Human betaherpesvirus 5 (CMV).ea"
"929","comorb_hxtrans",NA,"0% (0/1)","NaN% (0/0)",NA,"0% (0/5)","NaN% (0/0)",NA,"50% (1/2)","NaN% (0/0)",-6.5,"6.5% (6/92)","0% (0/11)",NA,"4.3% (2/46)","NaN% (0/0)","Human betaherpesvirus 5 (CMV).ea"
"930","comorb_hiv2",NA,"0% (0/1)","NaN% (0/0)",NA,"0% (0/5)","NaN% (0/0)",NA,"0% (0/2)","NaN% (0/0)",-1.1,"1.1% (1/92)","0% (0/11)",NA,"0% (0/46)","NaN% (0/0)","Human betaherpesvirus 5 (CMV).ea"
"931","comorb_eversmkvape",NA,"100% (1/1)","NaN% (0/0)",NA,"0% (0/5)","NaN% (0/0)",NA,"50% (1/2)","NaN% (0/0)",-5.7,"23.9% (22/92)","18.2% (2/11)",NA,"37% (17/46)","NaN% (0/0)","Human betaherpesvirus 5 (CMV).ea"
"932","comorb_anysubstance",NA,"100% (1/1)","NaN% (0/0)",NA,"0% (0/5)","NaN% (0/0)",NA,"0% (0/2)","NaN% (0/0)",13.8,"4.3% (4/92)","18.2% (2/11)",NA,"2.2% (1/46)","NaN% (0/0)","Human betaherpesvirus 5 (CMV).ea"
"933","comorb_count",NA,"0% (0/1)","NaN% (0/0)",NA,"40% (2/5)","NaN% (0/0)",NA,"0% (0/2)","NaN% (0/0)",-10.9,"10.9% (10/92)","0% (0/11)",NA,"13% (6/46)","NaN% (0/0)","Human betaherpesvirus 5 (CMV).ea"
"934","comorb_countcat",NA,"0% (0/1)","NaN% (0/0)",NA,"40% (2/5)","NaN% (0/0)",NA,"0% (0/2)","NaN% (0/0)",-10.9,"10.9% (10/92)","0% (0/11)",NA,"13% (6/46)","NaN% (0/0)","Human betaherpesvirus 5 (CMV).ea"
"935","timesymptomcat",NA,"0% (0/1)","NaN% (0/0)",NA,"0% (0/5)","NaN% (0/0)",NA,"50% (1/2)","NaN% (0/0)",-22.8,"22.8% (21/92)","0% (0/11)",NA,"17.4% (8/46)","NaN% (0/0)","Human betaherpesvirus 5 (CMV).ea"
"936","symptom_allresp",NA,"0% (0/1)","NaN% (0/0)",NA,"100% (5/5)","NaN% (0/0)",NA,"50% (1/2)","NaN% (0/0)",0.7,"90.2% (83/92)","90.9% (10/11)",NA,"84.8% (39/46)","NaN% (0/0)","Human betaherpesvirus 5 (CMV).ea"
"937","symptom_cough",NA,"0% (0/1)","NaN% (0/0)",NA,"60% (3/5)","NaN% (0/0)",NA,"0% (0/2)","NaN% (0/0)",-4.2,"58.7% (54/92)","54.5% (6/11)",NA,"52.2% (24/46)","NaN% (0/0)","Human betaherpesvirus 5 (CMV).ea"
"938","symptom_cough_prod",NA,"0% (0/1)","NaN% (0/0)",NA,"0% (0/5)","NaN% (0/0)",NA,"50% (1/2)","NaN% (0/0)",-7.6,"7.6% (7/92)","0% (0/11)",NA,"15.2% (7/46)","NaN% (0/0)","Human betaherpesvirus 5 (CMV).ea"
"939","symptom_haemoptysis",NA,"0% (0/1)","NaN% (0/0)",NA,"0% (0/5)","NaN% (0/0)",NA,"0% (0/2)","NaN% (0/0)",-1.1,"1.1% (1/92)","0% (0/11)",NA,"0% (0/46)","NaN% (0/0)","Human betaherpesvirus 5 (CMV).ea"
"940","symptom_sorethroat",NA,"0% (0/1)","NaN% (0/0)",NA,"0% (0/5)","NaN% (0/0)",NA,"0% (0/2)","NaN% (0/0)",1.5,"7.6% (7/92)","9.1% (1/11)",NA,"4.3% (2/46)","NaN% (0/0)","Human betaherpesvirus 5 (CMV).ea"
"941","symptom_rhinorrhea",NA,"0% (0/1)","NaN% (0/0)",NA,"0% (0/5)","NaN% (0/0)",NA,"0% (0/2)","NaN% (0/0)",1.5,"7.6% (7/92)","9.1% (1/11)",NA,"4.3% (2/46)","NaN% (0/0)","Human betaherpesvirus 5 (CMV).ea"
"942","symptom_wheeze",NA,"0% (0/1)","NaN% (0/0)",NA,"0% (0/5)","NaN% (0/0)",NA,"0% (0/2)","NaN% (0/0)",1.5,"7.6% (7/92)","9.1% (1/11)",NA,"8.7% (4/46)","NaN% (0/0)","Human betaherpesvirus 5 (CMV).ea"
"943","symptom_chestpain",NA,"0% (0/1)","NaN% (0/0)",NA,"60% (3/5)","NaN% (0/0)",NA,"0% (0/2)","NaN% (0/0)",-20.7,"20.7% (19/92)","0% (0/11)",NA,"21.7% (10/46)","NaN% (0/0)","Human betaherpesvirus 5 (CMV).ea"
"944","symptom_dyspnea",NA,"0% (0/1)","NaN% (0/0)",NA,"100% (5/5)","NaN% (0/0)",NA,"0% (0/2)","NaN% (0/0)",-5.5,"78.3% (72/92)","72.7% (8/11)",NA,"78.3% (36/46)","NaN% (0/0)","Human betaherpesvirus 5 (CMV).ea"
"945","symptom_earpain",NA,"0% (0/1)","NaN% (0/0)",NA,"0% (0/5)","NaN% (0/0)",NA,"0% (0/2)","NaN% (0/0)",9.1,"0% (0/92)","9.1% (1/11)",NA,"0% (0/46)","NaN% (0/0)","Human betaherpesvirus 5 (CMV).ea"
"946","symptom_allsyst",NA,"0% (0/1)","NaN% (0/0)",NA,"80% (4/5)","NaN% (0/0)",NA,"50% (1/2)","NaN% (0/0)",-12.8,"67.4% (62/92)","54.5% (6/11)",NA,"52.2% (24/46)","NaN% (0/0)","Human betaherpesvirus 5 (CMV).ea"
"947","symptom_fever",NA,"0% (0/1)","NaN% (0/0)",NA,"60% (3/5)","NaN% (0/0)",NA,"0% (0/2)","NaN% (0/0)",-16.9,"53.3% (49/92)","36.4% (4/11)",NA,"34.8% (16/46)","NaN% (0/0)","Human betaherpesvirus 5 (CMV).ea"
"948","symptom_chills",NA,"0% (0/1)","NaN% (0/0)",NA,"40% (2/5)","NaN% (0/0)",NA,"50% (1/2)","NaN% (0/0)",-10.5,"19.6% (18/92)","9.1% (1/11)",NA,"8.7% (4/46)","NaN% (0/0)","Human betaherpesvirus 5 (CMV).ea"
"949","symptom_shaking",NA,"0% (0/1)","NaN% (0/0)",NA,"0% (0/5)","NaN% (0/0)",NA,"0% (0/2)","NaN% (0/0)",-2.2,"2.2% (2/92)","0% (0/11)",NA,"0% (0/46)","NaN% (0/0)","Human betaherpesvirus 5 (CMV).ea"
"950","symptom_fatigue",NA,"0% (0/1)","NaN% (0/0)",NA,"20% (1/5)","NaN% (0/0)",NA,"50% (1/2)","NaN% (0/0)",-9.7,"37% (34/92)","27.3% (3/11)",NA,"28.3% (13/46)","NaN% (0/0)","Human betaherpesvirus 5 (CMV).ea"
"951","symptom_myalgia",NA,"0% (0/1)","NaN% (0/0)",NA,"20% (1/5)","NaN% (0/0)",NA,"0% (0/2)","NaN% (0/0)",-5,"14.1% (13/92)","9.1% (1/11)",NA,"6.5% (3/46)","NaN% (0/0)","Human betaherpesvirus 5 (CMV).ea"
"952","symptom_lymphadenopathy",NA,"0% (0/1)","NaN% (0/0)",NA,"0% (0/5)","NaN% (0/0)",NA,"0% (0/2)","NaN% (0/0)",-1.1,"1.1% (1/92)","0% (0/11)",NA,"2.2% (1/46)","NaN% (0/0)","Human betaherpesvirus 5 (CMV).ea"
"953","symptom_allneuro",NA,"100% (1/1)","NaN% (0/0)",NA,"20% (1/5)","NaN% (0/0)",NA,"100% (2/2)","NaN% (0/0)",-25.7,"34.8% (32/92)","9.1% (1/11)",NA,"30.4% (14/46)","NaN% (0/0)","Human betaherpesvirus 5 (CMV).ea"
"954","symptom_headache",NA,"0% (0/1)","NaN% (0/0)",NA,"0% (0/5)","NaN% (0/0)",NA,"50% (1/2)","NaN% (0/0)",-18.5,"18.5% (17/92)","0% (0/11)",NA,"6.5% (3/46)","NaN% (0/0)","Human betaherpesvirus 5 (CMV).ea"
"955","symptom_confusion",NA,"100% (1/1)","NaN% (0/0)",NA,"0% (0/5)","NaN% (0/0)",NA,"50% (1/2)","NaN% (0/0)",-0.7,"9.8% (9/92)","9.1% (1/11)",NA,"13% (6/46)","NaN% (0/0)","Human betaherpesvirus 5 (CMV).ea"
"956","symptom_syncope",NA,"0% (0/1)","NaN% (0/0)",NA,"0% (0/5)","NaN% (0/0)",NA,"0% (0/2)","NaN% (0/0)",0,"0% (0/92)","0% (0/11)",NA,"6.5% (3/46)","NaN% (0/0)","Human betaherpesvirus 5 (CMV).ea"
"957","symptom_anosmia",NA,"0% (0/1)","NaN% (0/0)",NA,"20% (1/5)","NaN% (0/0)",NA,"0% (0/2)","NaN% (0/0)",-8.7,"8.7% (8/92)","0% (0/11)",NA,"8.7% (4/46)","NaN% (0/0)","Human betaherpesvirus 5 (CMV).ea"
"958","symptom_allGI",NA,"0% (0/1)","NaN% (0/0)",NA,"20% (1/5)","NaN% (0/0)",NA,"0% (0/2)","NaN% (0/0)",-11.2,"29.3% (27/92)","18.2% (2/11)",NA,"28.3% (13/46)","NaN% (0/0)","Human betaherpesvirus 5 (CMV).ea"
"959","symptom_abdpain",NA,"0% (0/1)","NaN% (0/0)",NA,"0% (0/5)","NaN% (0/0)",NA,"0% (0/2)","NaN% (0/0)",-8.7,"8.7% (8/92)","0% (0/11)",NA,"8.7% (4/46)","NaN% (0/0)","Human betaherpesvirus 5 (CMV).ea"
"960","symptom_nausea",NA,"0% (0/1)","NaN% (0/0)",NA,"20% (1/5)","NaN% (0/0)",NA,"0% (0/2)","NaN% (0/0)",4.1,"14.1% (13/92)","18.2% (2/11)",NA,"10.9% (5/46)","NaN% (0/0)","Human betaherpesvirus 5 (CMV).ea"
"961","symptom_diarrhea",NA,"0% (0/1)","NaN% (0/0)",NA,"0% (0/5)","NaN% (0/0)",NA,"0% (0/2)","NaN% (0/0)",-15.2,"15.2% (14/92)","0% (0/11)",NA,"15.2% (7/46)","NaN% (0/0)","Human betaherpesvirus 5 (CMV).ea"
"962","symptom_allderm",NA,"0% (0/1)","NaN% (0/0)",NA,"0% (0/5)","NaN% (0/0)",NA,"0% (0/2)","NaN% (0/0)",-2.2,"2.2% (2/92)","0% (0/11)",NA,"0% (0/46)","NaN% (0/0)","Human betaherpesvirus 5 (CMV).ea"
"963","symptom_skinrash",NA,"0% (0/1)","NaN% (0/0)",NA,"0% (0/5)","NaN% (0/0)",NA,"0% (0/2)","NaN% (0/0)",-1.1,"1.1% (1/92)","0% (0/11)",NA,"0% (0/46)","NaN% (0/0)","Human betaherpesvirus 5 (CMV).ea"
"964","symptom_skinulcer",NA,"0% (0/1)","NaN% (0/0)",NA,"0% (0/5)","NaN% (0/0)",NA,"0% (0/2)","NaN% (0/0)",-1.1,"1.1% (1/92)","0% (0/11)",NA,"0% (0/46)","NaN% (0/0)","Human betaherpesvirus 5 (CMV).ea"
"965","symptom_allother",NA,"0% (0/1)","NaN% (0/0)",NA,"0% (0/5)","NaN% (0/0)",NA,"0% (0/2)","NaN% (0/0)",0.4,"8.7% (8/92)","9.1% (1/11)",NA,"10.9% (5/46)","NaN% (0/0)","Human betaherpesvirus 5 (CMV).ea"
"966","symptom_arthralgia",NA,"0% (0/1)","NaN% (0/0)",NA,"0% (0/5)","NaN% (0/0)",NA,"0% (0/2)","NaN% (0/0)",-1.1,"1.1% (1/92)","0% (0/11)",NA,"4.3% (2/46)","NaN% (0/0)","Human betaherpesvirus 5 (CMV).ea"
"967","symptom_edema",NA,"0% (0/1)","NaN% (0/0)",NA,"0% (0/5)","NaN% (0/0)",NA,"0% (0/2)","NaN% (0/0)",5.8,"3.3% (3/92)","9.1% (1/11)",NA,"2.2% (1/46)","NaN% (0/0)","Human betaherpesvirus 5 (CMV).ea"
"968","symptom_nonamb",NA,"0% (0/1)","NaN% (0/0)",NA,"0% (0/5)","NaN% (0/0)",NA,"0% (0/2)","NaN% (0/0)",-4.3,"4.3% (4/92)","0% (0/11)",NA,"6.5% (3/46)","NaN% (0/0)","Human betaherpesvirus 5 (CMV).ea"
"969","ever_ever_esc",NA,"0% (0/1)","NaN% (0/0)",NA,"20% (1/5)","NaN% (0/0)",NA,"50% (1/2)","NaN% (0/0)",17.6,"37% (34/92)","54.5% (6/11)",NA,"54.3% (25/46)","NaN% (0/0)","Human betaherpesvirus 5 (CMV).ea"
"970","ever_icu",NA,"100% (1/1)","NaN% (0/0)",NA,"80% (4/5)","NaN% (0/0)",NA,"100% (2/2)","NaN% (0/0)",1.1,"98.9% (91/92)","100% (11/11)",NA,"97.8% (45/46)","NaN% (0/0)","Human betaherpesvirus 5 (CMV).ea"
"971","diedever",NA,"0% (0/1)","NaN% (0/0)",NA,"0% (0/5)","NaN% (0/0)",NA,"0% (0/2)","NaN% (0/0)",46.2,"17.4% (16/92)","63.6% (7/11)",NA,"100% (46/46)","NaN% (0/0)","Human betaherpesvirus 5 (CMV).ea"
"972","ever_remdes",NA,"0% (0/1)","NaN% (0/0)",NA,"100% (5/5)","NaN% (0/0)",NA,"0% (0/2)","NaN% (0/0)",-11.4,"75% (69/92)","63.6% (7/11)",NA,"56.5% (26/46)","NaN% (0/0)","Human betaherpesvirus 5 (CMV).ea"
"973","ever_steroids",NA,"0% (0/1)","NaN% (0/0)",NA,"100% (5/5)","NaN% (0/0)",NA,"50% (1/2)","NaN% (0/0)",-5.1,"87% (80/92)","81.8% (9/11)",NA,"87% (40/46)","NaN% (0/0)","Human betaherpesvirus 5 (CMV).ea"
"974","ever_azithro",NA,"0% (0/1)","NaN% (0/0)",NA,"100% (5/5)","NaN% (0/0)",NA,"50% (1/2)","NaN% (0/0)",-13.6,"50% (46/92)","36.4% (4/11)",NA,"32.6% (15/46)","NaN% (0/0)","Human betaherpesvirus 5 (CMV).ea"
"975","ever_otherabx",NA,"0% (0/1)","NaN% (0/0)",NA,"100% (5/5)","NaN% (0/0)",NA,"100% (2/2)","NaN% (0/0)",7.6,"92.4% (85/92)","100% (11/11)",NA,"93.5% (43/46)","NaN% (0/0)","Human betaherpesvirus 5 (CMV).ea"
"976","ever_conplas",NA,"0% (0/1)","NaN% (0/0)",NA,"20% (1/5)","NaN% (0/0)",NA,"0% (0/2)","NaN% (0/0)",-5,"14.1% (13/92)","9.1% (1/11)",NA,"13% (6/46)","NaN% (0/0)","Human betaherpesvirus 5 (CMV).ea"
"977","ever_monoclonal",NA,"0% (0/1)","NaN% (0/0)",NA,"20% (1/5)","NaN% (0/0)",NA,"0% (0/2)","NaN% (0/0)",0,"0% (0/92)","0% (0/11)",NA,"0% (0/46)","NaN% (0/0)","Human betaherpesvirus 5 (CMV).ea"
"978","ever_immsupp",NA,"0% (0/1)","NaN% (0/0)",NA,"0% (0/5)","NaN% (0/0)",NA,"50% (1/2)","NaN% (0/0)",10.6,"7.6% (7/92)","18.2% (2/11)",NA,"6.5% (3/46)","NaN% (0/0)","Human betaherpesvirus 5 (CMV).ea"
"979","anycomp",NA,"100% (1/1)","NaN% (0/0)",NA,"100% (5/5)","NaN% (0/0)",NA,"50% (1/2)","NaN% (0/0)",4.3,"95.7% (88/92)","100% (11/11)",NA,"100% (46/46)","NaN% (0/0)","Human betaherpesvirus 5 (CMV).ea"
"980","ncomp",NA,"100% (1/1)","NaN% (0/0)",NA,"20% (1/5)","NaN% (0/0)",NA,"0% (0/2)","NaN% (0/0)",-4.3,"4.3% (4/92)","0% (0/11)",NA,"0% (0/46)","NaN% (0/0)","Human betaherpesvirus 5 (CMV).ea"
"981","comp_seizure",NA,"0% (0/1)","NaN% (0/0)",NA,"0% (0/5)","NaN% (0/0)",NA,"0% (0/2)","NaN% (0/0)",-2.2,"2.2% (2/92)","0% (0/11)",NA,"2.2% (1/46)","NaN% (0/0)","Human betaherpesvirus 5 (CMV).ea"
"982","comp_meningitis",NA,"0% (0/1)","NaN% (0/0)",NA,"0% (0/5)","NaN% (0/0)",NA,"0% (0/2)","NaN% (0/0)",16,"2.2% (2/92)","18.2% (2/11)",NA,"4.3% (2/46)","NaN% (0/0)","Human betaherpesvirus 5 (CMV).ea"
"983","comp_stroke",NA,"0% (0/1)","NaN% (0/0)",NA,"0% (0/5)","NaN% (0/0)",NA,"0% (0/2)","NaN% (0/0)",-6.5,"6.5% (6/92)","0% (0/11)",NA,"8.7% (4/46)","NaN% (0/0)","Human betaherpesvirus 5 (CMV).ea"
"984","comp_afib",NA,"0% (0/1)","NaN% (0/0)",NA,"0% (0/5)","NaN% (0/0)",NA,"0% (0/2)","NaN% (0/0)",-4,"13% (12/92)","9.1% (1/11)",NA,"23.9% (11/46)","NaN% (0/0)","Human betaherpesvirus 5 (CMV).ea"
"985","comp_ventricular_arr",NA,"0% (0/1)","NaN% (0/0)",NA,"20% (1/5)","NaN% (0/0)",NA,"0% (0/2)","NaN% (0/0)",19.7,"7.6% (7/92)","27.3% (3/11)",NA,"10.9% (5/46)","NaN% (0/0)","Human betaherpesvirus 5 (CMV).ea"
"986","comp_myocard",NA,"0% (0/1)","NaN% (0/0)",NA,"0% (0/5)","NaN% (0/0)",NA,"0% (0/2)","NaN% (0/0)",0,"0% (0/92)","0% (0/11)",NA,"2.2% (1/46)","NaN% (0/0)","Human betaherpesvirus 5 (CMV).ea"
"987","comp_cardarrest",NA,"0% (0/1)","NaN% (0/0)",NA,"0% (0/5)","NaN% (0/0)",NA,"0% (0/2)","NaN% (0/0)",-5.4,"5.4% (5/92)","0% (0/11)",NA,"37% (17/46)","NaN% (0/0)","Human betaherpesvirus 5 (CMV).ea"
"988","comp_stemi",NA,"0% (0/1)","NaN% (0/0)",NA,"0% (0/5)","NaN% (0/0)",NA,"0% (0/2)","NaN% (0/0)",9.1,"0% (0/92)","9.1% (1/11)",NA,"6.5% (3/46)","NaN% (0/0)","Human betaherpesvirus 5 (CMV).ea"
"989","comp_nstemi",NA,"0% (0/1)","NaN% (0/0)",NA,"0% (0/5)","NaN% (0/0)",NA,"0% (0/2)","NaN% (0/0)",-3.3,"3.3% (3/92)","0% (0/11)",NA,"8.7% (4/46)","NaN% (0/0)","Human betaherpesvirus 5 (CMV).ea"
"990","comp_chf",NA,"0% (0/1)","NaN% (0/0)",NA,"0% (0/5)","NaN% (0/0)",NA,"0% (0/2)","NaN% (0/0)",12.7,"5.4% (5/92)","18.2% (2/11)",NA,"17.4% (8/46)","NaN% (0/0)","Human betaherpesvirus 5 (CMV).ea"
"991","comp_pneumonia",NA,"100% (1/1)","NaN% (0/0)",NA,"80% (4/5)","NaN% (0/0)",NA,"50% (1/2)","NaN% (0/0)",-4.1,"85.9% (79/92)","81.8% (9/11)",NA,"87% (40/46)","NaN% (0/0)","Human betaherpesvirus 5 (CMV).ea"
"992","comp_bronch",NA,"0% (0/1)","NaN% (0/0)",NA,"0% (0/5)","NaN% (0/0)",NA,"0% (0/2)","NaN% (0/0)",-1.1,"1.1% (1/92)","0% (0/11)",NA,"0% (0/46)","NaN% (0/0)","Human betaherpesvirus 5 (CMV).ea"
"993","comp_pneumo",NA,"0% (0/1)","NaN% (0/0)",NA,"0% (0/5)","NaN% (0/0)",NA,"0% (0/2)","NaN% (0/0)",18.6,"8.7% (8/92)","27.3% (3/11)",NA,"8.7% (4/46)","NaN% (0/0)","Human betaherpesvirus 5 (CMV).ea"
"994","comp_pneumomed",NA,"0% (0/1)","NaN% (0/0)",NA,"0% (0/5)","NaN% (0/0)",NA,"0% (0/2)","NaN% (0/0)",-3.3,"3.3% (3/92)","0% (0/11)",NA,"8.7% (4/46)","NaN% (0/0)","Human betaherpesvirus 5 (CMV).ea"
"995","comp_aat",NA,"0% (0/1)","NaN% (0/0)",NA,"0% (0/5)","NaN% (0/0)",NA,"0% (0/2)","NaN% (0/0)",4.7,"4.3% (4/92)","9.1% (1/11)",NA,"2.2% (1/46)","NaN% (0/0)","Human betaherpesvirus 5 (CMV).ea"
"996","comp_avthromb",NA,"0% (0/1)","NaN% (0/0)",NA,"0% (0/5)","NaN% (0/0)",NA,"0% (0/2)","NaN% (0/0)",24.8,"20.7% (19/92)","45.5% (5/11)",NA,"21.7% (10/46)","NaN% (0/0)","Human betaherpesvirus 5 (CMV).ea"
"997","comp_shock",NA,"0% (0/1)","NaN% (0/0)",NA,"20% (1/5)","NaN% (0/0)",NA,"50% (1/2)","NaN% (0/0)",18.8,"63% (58/92)","81.8% (9/11)",NA,"78.3% (36/46)","NaN% (0/0)","Human betaherpesvirus 5 (CMV).ea"
"998","comp_bac",NA,"0% (0/1)","NaN% (0/0)",NA,"0% (0/5)","NaN% (0/0)",NA,"50% (1/2)","NaN% (0/0)",28.9,"34.8% (32/92)","63.6% (7/11)",NA,"34.8% (16/46)","NaN% (0/0)","Human betaherpesvirus 5 (CMV).ea"
"999","comp_coag",NA,"0% (0/1)","NaN% (0/0)",NA,"0% (0/5)","NaN% (0/0)",NA,"0% (0/2)","NaN% (0/0)",3.7,"5.4% (5/92)","9.1% (1/11)",NA,"4.3% (2/46)","NaN% (0/0)","Human betaherpesvirus 5 (CMV).ea"
"1000","comp_hypogly",NA,"0% (0/1)","NaN% (0/0)",NA,"0% (0/5)","NaN% (0/0)",NA,"0% (0/2)","NaN% (0/0)",-5.4,"5.4% (5/92)","0% (0/11)",NA,"0% (0/46)","NaN% (0/0)","Human betaherpesvirus 5 (CMV).ea"
"1001","comp_bleed",NA,"0% (0/1)","NaN% (0/0)",NA,"0% (0/5)","NaN% (0/0)",NA,"0% (0/2)","NaN% (0/0)",8.4,"9.8% (9/92)","18.2% (2/11)",NA,"23.9% (11/46)","NaN% (0/0)","Human betaherpesvirus 5 (CMV).ea"
"1002","comp_anemia",NA,"0% (0/1)","NaN% (0/0)",NA,"0% (0/5)","NaN% (0/0)",NA,"50% (1/2)","NaN% (0/0)",17.6,"37% (34/92)","54.5% (6/11)",NA,"26.1% (12/46)","NaN% (0/0)","Human betaherpesvirus 5 (CMV).ea"
"1003","comp_pancreas",NA,"0% (0/1)","NaN% (0/0)",NA,"0% (0/5)","NaN% (0/0)",NA,"0% (0/2)","NaN% (0/0)",0,"0% (0/92)","0% (0/11)",NA,"2.2% (1/46)","NaN% (0/0)","Human betaherpesvirus 5 (CMV).ea"
"1004","comp_renal",NA,"0% (0/1)","NaN% (0/0)",NA,"0% (0/5)","NaN% (0/0)",NA,"50% (1/2)","NaN% (0/0)",23.4,"40.2% (37/92)","63.6% (7/11)",NA,"65.2% (30/46)","NaN% (0/0)","Human betaherpesvirus 5 (CMV).ea"
"1005","comp_liver",NA,"0% (0/1)","NaN% (0/0)",NA,"0% (0/5)","NaN% (0/0)",NA,"0% (0/2)","NaN% (0/0)",-0.3,"18.5% (17/92)","18.2% (2/11)",NA,"10.9% (5/46)","NaN% (0/0)","Human betaherpesvirus 5 (CMV).ea"
"1006","comp_othlab",NA,"0% (0/1)","NaN% (0/0)",NA,"0% (0/5)","NaN% (0/0)",NA,"0% (0/2)","NaN% (0/0)",-5.4,"5.4% (5/92)","0% (0/11)",NA,"2.2% (1/46)","NaN% (0/0)","Human betaherpesvirus 5 (CMV).ea"
"1007","comp_electrolyte",NA,"0% (0/1)","NaN% (0/0)",NA,"0% (0/5)","NaN% (0/0)",NA,"0% (0/2)","NaN% (0/0)",2.6,"6.5% (6/92)","9.1% (1/11)",NA,"13% (6/46)","NaN% (0/0)","Human betaherpesvirus 5 (CMV).ea"
"1008","comp_othinf",NA,"0% (0/1)","NaN% (0/0)",NA,"20% (1/5)","NaN% (0/0)",NA,"0% (0/2)","NaN% (0/0)",2.6,"6.5% (6/92)","9.1% (1/11)",NA,"2.2% (1/46)","NaN% (0/0)","Human betaherpesvirus 5 (CMV).ea"
"1009","comp_unddisease",NA,"0% (0/1)","NaN% (0/0)",NA,"0% (0/5)","NaN% (0/0)",NA,"0% (0/2)","NaN% (0/0)",-1.1,"1.1% (1/92)","0% (0/11)",NA,"2.2% (1/46)","NaN% (0/0)","Human betaherpesvirus 5 (CMV).ea"
"1010","comp_enceph",NA,"0% (0/1)","NaN% (0/0)",NA,"0% (0/5)","NaN% (0/0)",NA,"50% (1/2)","NaN% (0/0)",10.6,"7.6% (7/92)","18.2% (2/11)",NA,"4.3% (2/46)","NaN% (0/0)","Human betaherpesvirus 5 (CMV).ea"
"1011","comp_othneuro",NA,"0% (0/1)","NaN% (0/0)",NA,"0% (0/5)","NaN% (0/0)",NA,"0% (0/2)","NaN% (0/0)",-1.1,"1.1% (1/92)","0% (0/11)",NA,"0% (0/46)","NaN% (0/0)","Human betaherpesvirus 5 (CMV).ea"
"1012","comp_hypergly",NA,"0% (0/1)","NaN% (0/0)",NA,"40% (2/5)","NaN% (0/0)",NA,"50% (1/2)","NaN% (0/0)",4.7,"4.3% (4/92)","9.1% (1/11)",NA,"6.5% (3/46)","NaN% (0/0)","Human betaherpesvirus 5 (CMV).ea"
"1013","comp_psych",NA,"0% (0/1)","NaN% (0/0)",NA,"20% (1/5)","NaN% (0/0)",NA,"0% (0/2)","NaN% (0/0)",0,"0% (0/92)","0% (0/11)",NA,"0% (0/46)","NaN% (0/0)","Human betaherpesvirus 5 (CMV).ea"
"1014","comp_gastroent",NA,"0% (0/1)","NaN% (0/0)",NA,"0% (0/5)","NaN% (0/0)",NA,"0% (0/2)","NaN% (0/0)",-1.1,"1.1% (1/92)","0% (0/11)",NA,"0% (0/46)","NaN% (0/0)","Human betaherpesvirus 5 (CMV).ea"
"1015","comorb_htn",NA,"100% (1/1)","NaN% (0/0)",NA,"40% (2/5)","NaN% (0/0)",NA,"100% (2/2)","NaN% (0/0)",28.4,"57.3% (55/96)","85.7% (6/7)",17.9,"57.1% (24/42)","75% (3/4)","Human gammaherpesvirus 4 (EBV).ea"
"1016","comorb_isaric_dm",NA,"0% (0/1)","NaN% (0/0)",NA,"60% (3/5)","NaN% (0/0)",NA,"50% (1/2)","NaN% (0/0)",9.2,"47.9% (46/96)","57.1% (4/7)",27.4,"47.6% (20/42)","75% (3/4)","Human gammaherpesvirus 4 (EBV).ea"
"1017","comorb_anyresp_noasthma",NA,"0% (0/1)","NaN% (0/0)",NA,"0% (0/5)","NaN% (0/0)",NA,"50% (1/2)","NaN% (0/0)",11.9,"16.7% (16/96)","28.6% (2/7)",16.7,"33.3% (14/42)","50% (2/4)","Human gammaherpesvirus 4 (EBV).ea"
"1018","comorb_isaric_asthma",NA,"0% (0/1)","NaN% (0/0)",NA,"0% (0/5)","NaN% (0/0)",NA,"0% (0/2)","NaN% (0/0)",26.2,"16.7% (16/96)","42.9% (3/7)",13.1,"11.9% (5/42)","25% (1/4)","Human gammaherpesvirus 4 (EBV).ea"
"1019","comorb_isaric_cardiac",NA,"0% (0/1)","NaN% (0/0)",NA,"20% (1/5)","NaN% (0/0)",NA,"50% (1/2)","NaN% (0/0)",41.5,"15.6% (15/96)","57.1% (4/7)",-1.2,"26.2% (11/42)","25% (1/4)","Human gammaherpesvirus 4 (EBV).ea"
"1020","comorb_isaric_ckd",NA,"0% (0/1)","NaN% (0/0)",NA,"0% (0/5)","NaN% (0/0)",NA,"0% (0/2)","NaN% (0/0)",32.4,"10.4% (10/96)","42.9% (3/7)",8.3,"16.7% (7/42)","25% (1/4)","Human gammaherpesvirus 4 (EBV).ea"
"1021","comorb_isaric_neoplasm",NA,"100% (1/1)","NaN% (0/0)",NA,"0% (0/5)","NaN% (0/0)",NA,"0% (0/2)","NaN% (0/0)",24.4,"4.2% (4/96)","28.6% (2/7)",-7.1,"7.1% (3/42)","0% (0/4)","Human gammaherpesvirus 4 (EBV).ea"
"1022","comorb_neuro",NA,"0% (0/1)","NaN% (0/0)",NA,"0% (0/5)","NaN% (0/0)",NA,"50% (1/2)","NaN% (0/0)",-13.5,"13.5% (13/96)","0% (0/7)",38.1,"11.9% (5/42)","50% (2/4)","Human gammaherpesvirus 4 (EBV).ea"
"1023","comorb_isaric_liver",NA,"0% (0/1)","NaN% (0/0)",NA,"0% (0/5)","NaN% (0/0)",NA,"0% (0/2)","NaN% (0/0)",35.6,"7.3% (7/96)","42.9% (3/7)",-7.1,"7.1% (3/42)","0% (0/4)","Human gammaherpesvirus 4 (EBV).ea"
"1024","comorb_hxtrans",NA,"0% (0/1)","NaN% (0/0)",NA,"0% (0/5)","NaN% (0/0)",NA,"50% (1/2)","NaN% (0/0)",9.1,"5.2% (5/96)","14.3% (1/7)",-4.8,"4.8% (2/42)","0% (0/4)","Human gammaherpesvirus 4 (EBV).ea"
"1025","comorb_hiv2",NA,"0% (0/1)","NaN% (0/0)",NA,"0% (0/5)","NaN% (0/0)",NA,"0% (0/2)","NaN% (0/0)",-1,"1% (1/96)","0% (0/7)",0,"0% (0/42)","0% (0/4)","Human gammaherpesvirus 4 (EBV).ea"
"1026","comorb_eversmkvape",NA,"100% (1/1)","NaN% (0/0)",NA,"0% (0/5)","NaN% (0/0)",NA,"50% (1/2)","NaN% (0/0)",-9.7,"24% (23/96)","14.3% (1/7)",-13.1,"38.1% (16/42)","25% (1/4)","Human gammaherpesvirus 4 (EBV).ea"
"1027","comorb_anysubstance",NA,"100% (1/1)","NaN% (0/0)",NA,"0% (0/5)","NaN% (0/0)",NA,"0% (0/2)","NaN% (0/0)",9.1,"5.2% (5/96)","14.3% (1/7)",-2.4,"2.4% (1/42)","0% (0/4)","Human gammaherpesvirus 4 (EBV).ea"
"1028","comorb_count",NA,"0% (0/1)","NaN% (0/0)",NA,"40% (2/5)","NaN% (0/0)",NA,"0% (0/2)","NaN% (0/0)",-10.4,"10.4% (10/96)","0% (0/7)",-14.3,"14.3% (6/42)","0% (0/4)","Human gammaherpesvirus 4 (EBV).ea"
"1029","comorb_countcat",NA,"0% (0/1)","NaN% (0/0)",NA,"40% (2/5)","NaN% (0/0)",NA,"0% (0/2)","NaN% (0/0)",-10.4,"10.4% (10/96)","0% (0/7)",-14.3,"14.3% (6/42)","0% (0/4)","Human gammaherpesvirus 4 (EBV).ea"
"1030","timesymptomcat",NA,"0% (0/1)","NaN% (0/0)",NA,"0% (0/5)","NaN% (0/0)",NA,"50% (1/2)","NaN% (0/0)",-6.5,"20.8% (20/96)","14.3% (1/7)",8.3,"16.7% (7/42)","25% (1/4)","Human gammaherpesvirus 4 (EBV).ea"
"1031","symptom_allresp",NA,"0% (0/1)","NaN% (0/0)",NA,"100% (5/5)","NaN% (0/0)",NA,"50% (1/2)","NaN% (0/0)",10.4,"89.6% (86/96)","100% (7/7)",16.7,"83.3% (35/42)","100% (4/4)","Human gammaherpesvirus 4 (EBV).ea"
"1032","symptom_cough",NA,"0% (0/1)","NaN% (0/0)",NA,"60% (3/5)","NaN% (0/0)",NA,"0% (0/2)","NaN% (0/0)",29.5,"56.2% (54/96)","85.7% (6/7)",25,"50% (21/42)","75% (3/4)","Human gammaherpesvirus 4 (EBV).ea"
"1033","symptom_cough_prod",NA,"0% (0/1)","NaN% (0/0)",NA,"0% (0/5)","NaN% (0/0)",NA,"50% (1/2)","NaN% (0/0)",-7.3,"7.3% (7/96)","0% (0/7)",-16.7,"16.7% (7/42)","0% (0/4)","Human gammaherpesvirus 4 (EBV).ea"
"1034","symptom_haemoptysis",NA,"0% (0/1)","NaN% (0/0)",NA,"0% (0/5)","NaN% (0/0)",NA,"0% (0/2)","NaN% (0/0)",-1,"1% (1/96)","0% (0/7)",0,"0% (0/42)","0% (0/4)","Human gammaherpesvirus 4 (EBV).ea"
"1035","symptom_sorethroat",NA,"0% (0/1)","NaN% (0/0)",NA,"0% (0/5)","NaN% (0/0)",NA,"0% (0/2)","NaN% (0/0)",7,"7.3% (7/96)","14.3% (1/7)",-4.8,"4.8% (2/42)","0% (0/4)","Human gammaherpesvirus 4 (EBV).ea"
"1036","symptom_rhinorrhea",NA,"0% (0/1)","NaN% (0/0)",NA,"0% (0/5)","NaN% (0/0)",NA,"0% (0/2)","NaN% (0/0)",7,"7.3% (7/96)","14.3% (1/7)",-4.8,"4.8% (2/42)","0% (0/4)","Human gammaherpesvirus 4 (EBV).ea"
"1037","symptom_wheeze",NA,"0% (0/1)","NaN% (0/0)",NA,"0% (0/5)","NaN% (0/0)",NA,"0% (0/2)","NaN% (0/0)",7,"7.3% (7/96)","14.3% (1/7)",-9.5,"9.5% (4/42)","0% (0/4)","Human gammaherpesvirus 4 (EBV).ea"
"1038","symptom_chestpain",NA,"0% (0/1)","NaN% (0/0)",NA,"60% (3/5)","NaN% (0/0)",NA,"0% (0/2)","NaN% (0/0)",10.9,"17.7% (17/96)","28.6% (2/7)",3.6,"21.4% (9/42)","25% (1/4)","Human gammaherpesvirus 4 (EBV).ea"
"1039","symptom_dyspnea",NA,"0% (0/1)","NaN% (0/0)",NA,"100% (5/5)","NaN% (0/0)",NA,"0% (0/2)","NaN% (0/0)",24,"76% (73/96)","100% (7/7)",-3.6,"78.6% (33/42)","75% (3/4)","Human gammaherpesvirus 4 (EBV).ea"
"1040","symptom_earpain",NA,"0% (0/1)","NaN% (0/0)",NA,"0% (0/5)","NaN% (0/0)",NA,"0% (0/2)","NaN% (0/0)",-1,"1% (1/96)","0% (0/7)",0,"0% (0/42)","0% (0/4)","Human gammaherpesvirus 4 (EBV).ea"
"1041","symptom_allsyst",NA,"0% (0/1)","NaN% (0/0)",NA,"80% (4/5)","NaN% (0/0)",NA,"50% (1/2)","NaN% (0/0)",5.8,"65.6% (63/96)","71.4% (5/7)",-57.1,"57.1% (24/42)","0% (0/4)","Human gammaherpesvirus 4 (EBV).ea"
"1042","symptom_fever",NA,"0% (0/1)","NaN% (0/0)",NA,"60% (3/5)","NaN% (0/0)",NA,"0% (0/2)","NaN% (0/0)",6.1,"51% (49/96)","57.1% (4/7)",-38.1,"38.1% (16/42)","0% (0/4)","Human gammaherpesvirus 4 (EBV).ea"
"1043","symptom_chills",NA,"0% (0/1)","NaN% (0/0)",NA,"40% (2/5)","NaN% (0/0)",NA,"50% (1/2)","NaN% (0/0)",10.9,"17.7% (17/96)","28.6% (2/7)",-9.5,"9.5% (4/42)","0% (0/4)","Human gammaherpesvirus 4 (EBV).ea"
"1044","symptom_shaking",NA,"0% (0/1)","NaN% (0/0)",NA,"0% (0/5)","NaN% (0/0)",NA,"0% (0/2)","NaN% (0/0)",-2.1,"2.1% (2/96)","0% (0/7)",0,"0% (0/42)","0% (0/4)","Human gammaherpesvirus 4 (EBV).ea"
"1045","symptom_fatigue",NA,"0% (0/1)","NaN% (0/0)",NA,"20% (1/5)","NaN% (0/0)",NA,"50% (1/2)","NaN% (0/0)",-23.2,"37.5% (36/96)","14.3% (1/7)",-31,"31% (13/42)","0% (0/4)","Human gammaherpesvirus 4 (EBV).ea"
"1046","symptom_myalgia",NA,"0% (0/1)","NaN% (0/0)",NA,"20% (1/5)","NaN% (0/0)",NA,"0% (0/2)","NaN% (0/0)",0.7,"13.5% (13/96)","14.3% (1/7)",-7.1,"7.1% (3/42)","0% (0/4)","Human gammaherpesvirus 4 (EBV).ea"
"1047","symptom_lymphadenopathy",NA,"0% (0/1)","NaN% (0/0)",NA,"0% (0/5)","NaN% (0/0)",NA,"0% (0/2)","NaN% (0/0)",-1,"1% (1/96)","0% (0/7)",-2.4,"2.4% (1/42)","0% (0/4)","Human gammaherpesvirus 4 (EBV).ea"
"1048","symptom_allneuro",NA,"100% (1/1)","NaN% (0/0)",NA,"20% (1/5)","NaN% (0/0)",NA,"100% (2/2)","NaN% (0/0)",-34.4,"34.4% (33/96)","0% (0/7)",-6,"31% (13/42)","25% (1/4)","Human gammaherpesvirus 4 (EBV).ea"
"1049","symptom_headache",NA,"0% (0/1)","NaN% (0/0)",NA,"0% (0/5)","NaN% (0/0)",NA,"50% (1/2)","NaN% (0/0)",-17.7,"17.7% (17/96)","0% (0/7)",-7.1,"7.1% (3/42)","0% (0/4)","Human gammaherpesvirus 4 (EBV).ea"
"1050","symptom_confusion",NA,"100% (1/1)","NaN% (0/0)",NA,"0% (0/5)","NaN% (0/0)",NA,"50% (1/2)","NaN% (0/0)",-10.4,"10.4% (10/96)","0% (0/7)",13.1,"11.9% (5/42)","25% (1/4)","Human gammaherpesvirus 4 (EBV).ea"
"1051","symptom_syncope",NA,"0% (0/1)","NaN% (0/0)",NA,"0% (0/5)","NaN% (0/0)",NA,"0% (0/2)","NaN% (0/0)",0,"0% (0/96)","0% (0/7)",-7.1,"7.1% (3/42)","0% (0/4)","Human gammaherpesvirus 4 (EBV).ea"
"1052","symptom_anosmia",NA,"0% (0/1)","NaN% (0/0)",NA,"20% (1/5)","NaN% (0/0)",NA,"0% (0/2)","NaN% (0/0)",-8.3,"8.3% (8/96)","0% (0/7)",-9.5,"9.5% (4/42)","0% (0/4)","Human gammaherpesvirus 4 (EBV).ea"
"1053","symptom_allGI",NA,"0% (0/1)","NaN% (0/0)",NA,"20% (1/5)","NaN% (0/0)",NA,"0% (0/2)","NaN% (0/0)",0.4,"28.1% (27/96)","28.6% (2/7)",-31,"31% (13/42)","0% (0/4)","Human gammaherpesvirus 4 (EBV).ea"
"1054","symptom_abdpain",NA,"0% (0/1)","NaN% (0/0)",NA,"0% (0/5)","NaN% (0/0)",NA,"0% (0/2)","NaN% (0/0)",-8.3,"8.3% (8/96)","0% (0/7)",-9.5,"9.5% (4/42)","0% (0/4)","Human gammaherpesvirus 4 (EBV).ea"
"1055","symptom_nausea",NA,"0% (0/1)","NaN% (0/0)",NA,"20% (1/5)","NaN% (0/0)",NA,"0% (0/2)","NaN% (0/0)",15,"13.5% (13/96)","28.6% (2/7)",-11.9,"11.9% (5/42)","0% (0/4)","Human gammaherpesvirus 4 (EBV).ea"
"1056","symptom_diarrhea",NA,"0% (0/1)","NaN% (0/0)",NA,"0% (0/5)","NaN% (0/0)",NA,"0% (0/2)","NaN% (0/0)",-14.6,"14.6% (14/96)","0% (0/7)",-16.7,"16.7% (7/42)","0% (0/4)","Human gammaherpesvirus 4 (EBV).ea"
"1057","symptom_allderm",NA,"0% (0/1)","NaN% (0/0)",NA,"0% (0/5)","NaN% (0/0)",NA,"0% (0/2)","NaN% (0/0)",-2.1,"2.1% (2/96)","0% (0/7)",0,"0% (0/42)","0% (0/4)","Human gammaherpesvirus 4 (EBV).ea"
"1058","symptom_skinrash",NA,"0% (0/1)","NaN% (0/0)",NA,"0% (0/5)","NaN% (0/0)",NA,"0% (0/2)","NaN% (0/0)",-1,"1% (1/96)","0% (0/7)",0,"0% (0/42)","0% (0/4)","Human gammaherpesvirus 4 (EBV).ea"
"1059","symptom_skinulcer",NA,"0% (0/1)","NaN% (0/0)",NA,"0% (0/5)","NaN% (0/0)",NA,"0% (0/2)","NaN% (0/0)",-1,"1% (1/96)","0% (0/7)",0,"0% (0/42)","0% (0/4)","Human gammaherpesvirus 4 (EBV).ea"
"1060","symptom_allother",NA,"0% (0/1)","NaN% (0/0)",NA,"0% (0/5)","NaN% (0/0)",NA,"0% (0/2)","NaN% (0/0)",36.6,"6.2% (6/96)","42.9% (3/7)",-11.9,"11.9% (5/42)","0% (0/4)","Human gammaherpesvirus 4 (EBV).ea"
"1061","symptom_arthralgia",NA,"0% (0/1)","NaN% (0/0)",NA,"0% (0/5)","NaN% (0/0)",NA,"0% (0/2)","NaN% (0/0)",-1,"1% (1/96)","0% (0/7)",-4.8,"4.8% (2/42)","0% (0/4)","Human gammaherpesvirus 4 (EBV).ea"
"1062","symptom_edema",NA,"0% (0/1)","NaN% (0/0)",NA,"0% (0/5)","NaN% (0/0)",NA,"0% (0/2)","NaN% (0/0)",41.8,"1% (1/96)","42.9% (3/7)",-2.4,"2.4% (1/42)","0% (0/4)","Human gammaherpesvirus 4 (EBV).ea"
"1063","symptom_nonamb",NA,"0% (0/1)","NaN% (0/0)",NA,"0% (0/5)","NaN% (0/0)",NA,"0% (0/2)","NaN% (0/0)",-4.2,"4.2% (4/96)","0% (0/7)",-7.1,"7.1% (3/42)","0% (0/4)","Human gammaherpesvirus 4 (EBV).ea"
"1064","ever_ever_esc",NA,"0% (0/1)","NaN% (0/0)",NA,"20% (1/5)","NaN% (0/0)",NA,"50% (1/2)","NaN% (0/0)",19.6,"37.5% (36/96)","57.1% (4/7)",-32.1,"57.1% (24/42)","25% (1/4)","Human gammaherpesvirus 4 (EBV).ea"
"1065","ever_icu",NA,"100% (1/1)","NaN% (0/0)",NA,"80% (4/5)","NaN% (0/0)",NA,"100% (2/2)","NaN% (0/0)",1,"99% (95/96)","100% (7/7)",2.4,"97.6% (41/42)","100% (4/4)","Human gammaherpesvirus 4 (EBV).ea"
"1066","diedever",NA,"0% (0/1)","NaN% (0/0)",NA,"0% (0/5)","NaN% (0/0)",NA,"0% (0/2)","NaN% (0/0)",37.4,"19.8% (19/96)","57.1% (4/7)",0,"100% (42/42)","100% (4/4)","Human gammaherpesvirus 4 (EBV).ea"
"1067","ever_remdes",NA,"0% (0/1)","NaN% (0/0)",NA,"100% (5/5)","NaN% (0/0)",NA,"0% (0/2)","NaN% (0/0)",12.8,"72.9% (70/96)","85.7% (6/7)",47.6,"52.4% (22/42)","100% (4/4)","Human gammaherpesvirus 4 (EBV).ea"
"1068","ever_steroids",NA,"0% (0/1)","NaN% (0/0)",NA,"100% (5/5)","NaN% (0/0)",NA,"50% (1/2)","NaN% (0/0)",14.6,"85.4% (82/96)","100% (7/7)",-13.1,"88.1% (37/42)","75% (3/4)","Human gammaherpesvirus 4 (EBV).ea"
"1069","ever_azithro",NA,"0% (0/1)","NaN% (0/0)",NA,"100% (5/5)","NaN% (0/0)",NA,"50% (1/2)","NaN% (0/0)",-6.1,"49% (47/96)","42.9% (3/7)",46.4,"28.6% (12/42)","75% (3/4)","Human gammaherpesvirus 4 (EBV).ea"
"1070","ever_otherabx",NA,"0% (0/1)","NaN% (0/0)",NA,"100% (5/5)","NaN% (0/0)",NA,"100% (2/2)","NaN% (0/0)",7.3,"92.7% (89/96)","100% (7/7)",7.1,"92.9% (39/42)","100% (4/4)","Human gammaherpesvirus 4 (EBV).ea"
"1071","ever_conplas",NA,"0% (0/1)","NaN% (0/0)",NA,"20% (1/5)","NaN% (0/0)",NA,"0% (0/2)","NaN% (0/0)",-14.6,"14.6% (14/96)","0% (0/7)",13.1,"11.9% (5/42)","25% (1/4)","Human gammaherpesvirus 4 (EBV).ea"
"1072","ever_monoclonal",NA,"0% (0/1)","NaN% (0/0)",NA,"20% (1/5)","NaN% (0/0)",NA,"0% (0/2)","NaN% (0/0)",0,"0% (0/96)","0% (0/7)",0,"0% (0/42)","0% (0/4)","Human gammaherpesvirus 4 (EBV).ea"
"1073","ever_immsupp",NA,"0% (0/1)","NaN% (0/0)",NA,"0% (0/5)","NaN% (0/0)",NA,"50% (1/2)","NaN% (0/0)",6,"8.3% (8/96)","14.3% (1/7)",-7.1,"7.1% (3/42)","0% (0/4)","Human gammaherpesvirus 4 (EBV).ea"
"1074","anycomp",NA,"100% (1/1)","NaN% (0/0)",NA,"100% (5/5)","NaN% (0/0)",NA,"50% (1/2)","NaN% (0/0)",4.2,"95.8% (92/96)","100% (7/7)",0,"100% (42/42)","100% (4/4)","Human gammaherpesvirus 4 (EBV).ea"
"1075","ncomp",NA,"100% (1/1)","NaN% (0/0)",NA,"20% (1/5)","NaN% (0/0)",NA,"0% (0/2)","NaN% (0/0)",11.2,"3.1% (3/96)","14.3% (1/7)",0,"0% (0/42)","0% (0/4)","Human gammaherpesvirus 4 (EBV).ea"
"1076","comp_seizure",NA,"0% (0/1)","NaN% (0/0)",NA,"0% (0/5)","NaN% (0/0)",NA,"0% (0/2)","NaN% (0/0)",-2.1,"2.1% (2/96)","0% (0/7)",-2.4,"2.4% (1/42)","0% (0/4)","Human gammaherpesvirus 4 (EBV).ea"
"1077","comp_meningitis",NA,"0% (0/1)","NaN% (0/0)",NA,"0% (0/5)","NaN% (0/0)",NA,"0% (0/2)","NaN% (0/0)",11.2,"3.1% (3/96)","14.3% (1/7)",-4.8,"4.8% (2/42)","0% (0/4)","Human gammaherpesvirus 4 (EBV).ea"
"1078","comp_stroke",NA,"0% (0/1)","NaN% (0/0)",NA,"0% (0/5)","NaN% (0/0)",NA,"0% (0/2)","NaN% (0/0)",9.1,"5.2% (5/96)","14.3% (1/7)",17.9,"7.1% (3/42)","25% (1/4)","Human gammaherpesvirus 4 (EBV).ea"
"1079","comp_afib",NA,"0% (0/1)","NaN% (0/0)",NA,"0% (0/5)","NaN% (0/0)",NA,"0% (0/2)","NaN% (0/0)",1.8,"12.5% (12/96)","14.3% (1/7)",28.6,"21.4% (9/42)","50% (2/4)","Human gammaherpesvirus 4 (EBV).ea"
"1080","comp_ventricular_arr",NA,"0% (0/1)","NaN% (0/0)",NA,"20% (1/5)","NaN% (0/0)",NA,"0% (0/2)","NaN% (0/0)",4.9,"9.4% (9/96)","14.3% (1/7)",-11.9,"11.9% (5/42)","0% (0/4)","Human gammaherpesvirus 4 (EBV).ea"
"1081","comp_myocard",NA,"0% (0/1)","NaN% (0/0)",NA,"0% (0/5)","NaN% (0/0)",NA,"0% (0/2)","NaN% (0/0)",0,"0% (0/96)","0% (0/7)",-2.4,"2.4% (1/42)","0% (0/4)","Human gammaherpesvirus 4 (EBV).ea"
"1082","comp_cardarrest",NA,"0% (0/1)","NaN% (0/0)",NA,"0% (0/5)","NaN% (0/0)",NA,"0% (0/2)","NaN% (0/0)",-5.2,"5.2% (5/96)","0% (0/7)",-13.1,"38.1% (16/42)","25% (1/4)","Human gammaherpesvirus 4 (EBV).ea"
"1083","comp_stemi",NA,"0% (0/1)","NaN% (0/0)",NA,"0% (0/5)","NaN% (0/0)",NA,"0% (0/2)","NaN% (0/0)",-1,"1% (1/96)","0% (0/7)",20.2,"4.8% (2/42)","25% (1/4)","Human gammaherpesvirus 4 (EBV).ea"
"1084","comp_nstemi",NA,"0% (0/1)","NaN% (0/0)",NA,"0% (0/5)","NaN% (0/0)",NA,"0% (0/2)","NaN% (0/0)",-3.1,"3.1% (3/96)","0% (0/7)",-9.5,"9.5% (4/42)","0% (0/4)","Human gammaherpesvirus 4 (EBV).ea"
"1085","comp_chf",NA,"0% (0/1)","NaN% (0/0)",NA,"0% (0/5)","NaN% (0/0)",NA,"0% (0/2)","NaN% (0/0)",23.4,"5.2% (5/96)","28.6% (2/7)",63.1,"11.9% (5/42)","75% (3/4)","Human gammaherpesvirus 4 (EBV).ea"
"1086","comp_pneumonia",NA,"100% (1/1)","NaN% (0/0)",NA,"80% (4/5)","NaN% (0/0)",NA,"50% (1/2)","NaN% (0/0)",15.6,"84.4% (81/96)","100% (7/7)",-40.5,"90.5% (38/42)","50% (2/4)","Human gammaherpesvirus 4 (EBV).ea"
"1087","comp_bronch",NA,"0% (0/1)","NaN% (0/0)",NA,"0% (0/5)","NaN% (0/0)",NA,"0% (0/2)","NaN% (0/0)",-1,"1% (1/96)","0% (0/7)",0,"0% (0/42)","0% (0/4)","Human gammaherpesvirus 4 (EBV).ea"
"1088","comp_pneumo",NA,"0% (0/1)","NaN% (0/0)",NA,"0% (0/5)","NaN% (0/0)",NA,"0% (0/2)","NaN% (0/0)",3.9,"10.4% (10/96)","14.3% (1/7)",-9.5,"9.5% (4/42)","0% (0/4)","Human gammaherpesvirus 4 (EBV).ea"
"1089","comp_pneumomed",NA,"0% (0/1)","NaN% (0/0)",NA,"0% (0/5)","NaN% (0/0)",NA,"0% (0/2)","NaN% (0/0)",-3.1,"3.1% (3/96)","0% (0/7)",17.9,"7.1% (3/42)","25% (1/4)","Human gammaherpesvirus 4 (EBV).ea"
"1090","comp_aat",NA,"0% (0/1)","NaN% (0/0)",NA,"0% (0/5)","NaN% (0/0)",NA,"0% (0/2)","NaN% (0/0)",10.1,"4.2% (4/96)","14.3% (1/7)",-2.4,"2.4% (1/42)","0% (0/4)","Human gammaherpesvirus 4 (EBV).ea"
"1091","comp_avthromb",NA,"0% (0/1)","NaN% (0/0)",NA,"0% (0/5)","NaN% (0/0)",NA,"0% (0/2)","NaN% (0/0)",-9.7,"24% (23/96)","14.3% (1/7)",31,"19% (8/42)","50% (2/4)","Human gammaherpesvirus 4 (EBV).ea"
"1092","comp_shock",NA,"0% (0/1)","NaN% (0/0)",NA,"20% (1/5)","NaN% (0/0)",NA,"50% (1/2)","NaN% (0/0)",6.8,"64.6% (62/96)","71.4% (5/7)",23.8,"76.2% (32/42)","100% (4/4)","Human gammaherpesvirus 4 (EBV).ea"
"1093","comp_bac",NA,"0% (0/1)","NaN% (0/0)",NA,"0% (0/5)","NaN% (0/0)",NA,"50% (1/2)","NaN% (0/0)",36,"35.4% (34/96)","71.4% (5/7)",-10.7,"35.7% (15/42)","25% (1/4)","Human gammaherpesvirus 4 (EBV).ea"
"1094","comp_coag",NA,"0% (0/1)","NaN% (0/0)",NA,"0% (0/5)","NaN% (0/0)",NA,"0% (0/2)","NaN% (0/0)",-6.2,"6.2% (6/96)","0% (0/7)",-4.8,"4.8% (2/42)","0% (0/4)","Human gammaherpesvirus 4 (EBV).ea"
"1095","comp_hypogly",NA,"0% (0/1)","NaN% (0/0)",NA,"0% (0/5)","NaN% (0/0)",NA,"0% (0/2)","NaN% (0/0)",-5.2,"5.2% (5/96)","0% (0/7)",0,"0% (0/42)","0% (0/4)","Human gammaherpesvirus 4 (EBV).ea"
"1096","comp_bleed",NA,"0% (0/1)","NaN% (0/0)",NA,"0% (0/5)","NaN% (0/0)",NA,"0% (0/2)","NaN% (0/0)",3.9,"10.4% (10/96)","14.3% (1/7)",28.6,"21.4% (9/42)","50% (2/4)","Human gammaherpesvirus 4 (EBV).ea"
"1097","comp_anemia",NA,"0% (0/1)","NaN% (0/0)",NA,"0% (0/5)","NaN% (0/0)",NA,"50% (1/2)","NaN% (0/0)",50.3,"35.4% (34/96)","85.7% (6/7)",-1.2,"26.2% (11/42)","25% (1/4)","Human gammaherpesvirus 4 (EBV).ea"
"1098","comp_pancreas",NA,"0% (0/1)","NaN% (0/0)",NA,"0% (0/5)","NaN% (0/0)",NA,"0% (0/2)","NaN% (0/0)",0,"0% (0/96)","0% (0/7)",-2.4,"2.4% (1/42)","0% (0/4)","Human gammaherpesvirus 4 (EBV).ea"
"1099","comp_renal",NA,"0% (0/1)","NaN% (0/0)",NA,"0% (0/5)","NaN% (0/0)",NA,"50% (1/2)","NaN% (0/0)",30.8,"40.6% (39/96)","71.4% (5/7)",-16.7,"66.7% (28/42)","50% (2/4)","Human gammaherpesvirus 4 (EBV).ea"
"1100","comp_liver",NA,"0% (0/1)","NaN% (0/0)",NA,"0% (0/5)","NaN% (0/0)",NA,"0% (0/2)","NaN% (0/0)",26.2,"16.7% (16/96)","42.9% (3/7)",-11.9,"11.9% (5/42)","0% (0/4)","Human gammaherpesvirus 4 (EBV).ea"
"1101","comp_othlab",NA,"0% (0/1)","NaN% (0/0)",NA,"0% (0/5)","NaN% (0/0)",NA,"0% (0/2)","NaN% (0/0)",-5.2,"5.2% (5/96)","0% (0/7)",-2.4,"2.4% (1/42)","0% (0/4)","Human gammaherpesvirus 4 (EBV).ea"
"1102","comp_electrolyte",NA,"0% (0/1)","NaN% (0/0)",NA,"0% (0/5)","NaN% (0/0)",NA,"0% (0/2)","NaN% (0/0)",8,"6.2% (6/96)","14.3% (1/7)",-14.3,"14.3% (6/42)","0% (0/4)","Human gammaherpesvirus 4 (EBV).ea"
"1103","comp_othinf",NA,"0% (0/1)","NaN% (0/0)",NA,"20% (1/5)","NaN% (0/0)",NA,"0% (0/2)","NaN% (0/0)",8,"6.2% (6/96)","14.3% (1/7)",-2.4,"2.4% (1/42)","0% (0/4)","Human gammaherpesvirus 4 (EBV).ea"
"1104","comp_unddisease",NA,"0% (0/1)","NaN% (0/0)",NA,"0% (0/5)","NaN% (0/0)",NA,"0% (0/2)","NaN% (0/0)",-1,"1% (1/96)","0% (0/7)",-2.4,"2.4% (1/42)","0% (0/4)","Human gammaherpesvirus 4 (EBV).ea"
"1105","comp_enceph",NA,"0% (0/1)","NaN% (0/0)",NA,"0% (0/5)","NaN% (0/0)",NA,"50% (1/2)","NaN% (0/0)",21.3,"7.3% (7/96)","28.6% (2/7)",-4.8,"4.8% (2/42)","0% (0/4)","Human gammaherpesvirus 4 (EBV).ea"
"1106","comp_othneuro",NA,"0% (0/1)","NaN% (0/0)",NA,"0% (0/5)","NaN% (0/0)",NA,"0% (0/2)","NaN% (0/0)",-1,"1% (1/96)","0% (0/7)",0,"0% (0/42)","0% (0/4)","Human gammaherpesvirus 4 (EBV).ea"
"1107","comp_hypergly",NA,"0% (0/1)","NaN% (0/0)",NA,"40% (2/5)","NaN% (0/0)",NA,"50% (1/2)","NaN% (0/0)",-5.2,"5.2% (5/96)","0% (0/7)",-7.1,"7.1% (3/42)","0% (0/4)","Human gammaherpesvirus 4 (EBV).ea"
"1108","comp_psych",NA,"0% (0/1)","NaN% (0/0)",NA,"20% (1/5)","NaN% (0/0)",NA,"0% (0/2)","NaN% (0/0)",0,"0% (0/96)","0% (0/7)",0,"0% (0/42)","0% (0/4)","Human gammaherpesvirus 4 (EBV).ea"
"1109","comp_gastroent",NA,"0% (0/1)","NaN% (0/0)",NA,"0% (0/5)","NaN% (0/0)",NA,"0% (0/2)","NaN% (0/0)",-1,"1% (1/96)","0% (0/7)",0,"0% (0/42)","0% (0/4)","Human gammaherpesvirus 4 (EBV).ea"
