"","virus","OR_values","2.5 %","97.5 %","variable"
"1","Anelloviridae.pbmc",1.72040146636877,1.19165215882969,2.48376271846858,"comorb_htn"
"2","Anelloviridae.pbmc",1.27608999874854,0.914187421688966,1.78126021674808,"comorb_isaric_dm"
"3","Anelloviridae.pbmc",1.02695990143673,0.684142491139148,1.54155991305681,"comorb_anyresp_noasthma"
"4","Anelloviridae.pbmc",1.11280291779385,0.69869839874311,1.77233887479653,"comorb_isaric_asthma"
"5","Anelloviridae.pbmc",1.20245109523009,0.828227607255835,1.74576242539259,"comorb_isaric_cardiac"
"6","Anelloviridae.pbmc",1.76622194297853,1.17015752210024,2.6659145396594,"comorb_isaric_ckd"
"7","Anelloviridae.pbmc",1.2885195121089,0.755837391107689,2.19661338882981,"comorb_isaric_neoplasm"
"8","Anelloviridae.pbmc",1.1091762506052,0.676412850776285,1.81881812785591,"comorb_neuro"
"9","Anelloviridae.pbmc",1.82848768558495,0.970704737076951,3.44426795155401,"comorb_isaric_liver"
"10","Anelloviridae.pbmc",4.98497188540538,2.59820266173644,9.56428267288215,"comorb_hxtrans"
"11","Anelloviridae.pbmc",1.96714254584484,0.682589643199017,5.66907194421742,"comorb_hiv2"
"12","Anelloviridae.pbmc",1.02272808549776,0.71663755166631,1.45955613745587,"comorb_eversmkvape"
"13","Anelloviridae.pbmc",1.04248362509283,0.547728738156691,1.98414293952164,"comorb_anysubstance"
"14","Anelloviridae.pbmc",0.66542988566618,0.347458254166337,1.27438887241322,"comorb_count"
"15","Anelloviridae.pbmc",0.66542988566618,0.347458254166337,1.27438887241322,"comorb_countcat"
"16","Anelloviridae.pbmc",0.550890451655335,0.379481967505091,0.799722557886619,"timesymptomcat"
"17","Anelloviridae.pbmc",0.678503722945712,0.431231499367178,1.06756418009067,"symptom_allresp"
"18","Anelloviridae.pbmc",0.820045046455244,0.587361438674005,1.14490641356015,"symptom_cough"
"19","Anelloviridae.pbmc",1.44605476618594,0.933613740143603,2.2397639375867,"symptom_cough_prod"
"20","Anelloviridae.pbmc",1.04277365497331,0.342603922910021,3.17386002550819,"symptom_haemoptysis"
"21","Anelloviridae.pbmc",0.840877463875065,0.453713673670581,1.55841657478089,"symptom_sorethroat"
"22","Anelloviridae.pbmc",1.00712492165644,0.45158710553829,2.24607964971108,"symptom_rhinorrhea"
"23","Anelloviridae.pbmc",1.16173836874232,0.589801267336672,2.28828948351117,"symptom_wheeze"
"24","Anelloviridae.pbmc",0.962944076643949,0.622462570677924,1.48966594687579,"symptom_chestpain"
"25","Anelloviridae.pbmc",0.764072791379033,0.532643214791115,1.09605682436919,"symptom_dyspnea"
"26","Anelloviridae.pbmc",0.00000000078346075168363,0,Inf,"symptom_chestwall"
"27","Anelloviridae.pbmc",2.10036504615671,0.17065734940849,25.8502393386956,"symptom_earpain"
"28","Anelloviridae.pbmc",0.00000000237391152956489,0,Inf,"symptom_conjunctivitis"
"29","Anelloviridae.pbmc",0.936564644555459,0.651570137486627,1.34621475565905,"symptom_allsyst"
"30","Anelloviridae.pbmc",1.00601303642906,0.717625674795787,1.41029267069245,"symptom_fever"
"31","Anelloviridae.pbmc",0.937594450075882,0.626701471004208,1.40271467913499,"symptom_chills"
"32","Anelloviridae.pbmc",0.419175053495801,0.0521765189203345,3.36756320868178,"symptom_shaking"
"33","Anelloviridae.pbmc",0.882473105139383,0.629525971750599,1.23705584239639,"symptom_fatigue"
"34","Anelloviridae.pbmc",0.832255960525399,0.549044785793846,1.26155461585629,"symptom_myalgia"
"35","Anelloviridae.pbmc",4.4115241340128,0.505444260882055,38.5038404650492,"symptom_lymphadenopathy"
"36","Anelloviridae.pbmc",0.955087390409187,0.66939447147511,1.36271206618794,"symptom_allneuro"
"37","Anelloviridae.pbmc",0.918835155531965,0.5830753796641,1.44793979043981,"symptom_headache"
"38","Anelloviridae.pbmc",0.932737739247689,0.470524526703141,1.84899966068247,"symptom_confusion"
"39","Anelloviridae.pbmc",0.00000000326737002586934,0,Inf,"symptom_seizure"
"40","Anelloviridae.pbmc",0.315879381750236,0.0389619406736467,2.56095518061299,"symptom_syncope"
"41","Anelloviridae.pbmc",1.10832229316054,0.64579871596157,1.9021070732351,"symptom_anosmia"
"42","Anelloviridae.pbmc",0.888350857659799,0.629251559795848,1.25413633708105,"symptom_allGI"
"43","Anelloviridae.pbmc",1.59122535592583,0.960765993194788,2.63539524845354,"symptom_abdpain"
"44","Anelloviridae.pbmc",0.809775762971117,0.526860541171197,1.24461168573712,"symptom_nausea"
"45","Anelloviridae.pbmc",0.720316967479681,0.470206501361477,1.10346524800653,"symptom_diarrhea"
"46","Anelloviridae.pbmc",0.777630315090301,0.165738456794498,3.64857329217944,"symptom_allderm"
"47","Anelloviridae.pbmc",0.535670214960286,0.0658011525716269,4.36075308685896,"symptom_skinrash"
"48","Anelloviridae.pbmc",1.80397690535535,0.115870705923872,28.0858966820619,"symptom_skinulcer"
"49","Anelloviridae.pbmc",0.99393760819727,0.557700602749587,1.77140201053807,"symptom_allother"
"50","Anelloviridae.pbmc",1.32953536505975,0.557533066866682,3.17051022081754,"symptom_arthralgia"
"51","Anelloviridae.pbmc",1.00432599830596,0.387020791919707,2.60624424302899,"symptom_edema"
"52","Anelloviridae.pbmc",0.515583950511018,0.147223454357578,1.80560095661731,"symptom_nonamb"
"53","Anelloviridae.pbmc",4.32433249580682,0.55531984351492,33.6740200312838,"symptom_bleeding"
"54","Anelloviridae.pbmc",2.08903341549229,1.33715452001564,3.26369207576125,"ever_ever_esc"
"55","Anelloviridae.pbmc",1.93611974596012,1.21298928637622,3.09034854041905,"ever_icu"
"56","Anelloviridae.pbmc",1.76132192370405,0.938923732199017,3.30405421924406,"diedever"
"57","Anelloviridae.pbmc",0.830989818614987,0.581255456280349,1.18802167133328,"ever_remdes"
"58","Anelloviridae.pbmc",0.971116667947771,0.64121170990794,1.4707585157816,"ever_steroids"
"59","Anelloviridae.pbmc",1.10029856360305,0.765069091639127,1.58241516001275,"ever_azithro"
"60","Anelloviridae.pbmc",1.6891687898684,1.15405439456607,2.47240616568885,"ever_otherabx"
"61","Anelloviridae.pbmc",0.710450974681752,0.33901592452379,1.48884034912298,"ever_conplas"
"62","Anelloviridae.pbmc",0.727834655917946,0.0680932390940683,7.77967524240364,"ever_monoclonal"
"63","Anelloviridae.pbmc",4.53163781093435,2.5535743405203,8.04195943060174,"ever_immsupp"
"64","Anelloviridae.pbmc",1.41689298822889,0.796002155927384,2.52208580735973,"anycomp"
"65","Anelloviridae.pbmc",1.41689298822889,0.796002155927384,2.52208580735973,"ncomp"
"66","Anelloviridae.pbmc",7.92443078431307,1.13192855942889,55.477532333889,"comp_seizure"
"67","Anelloviridae.pbmc",0.742185153670223,0.155615103614941,3.5397515378167,"comp_meningitis"
"68","Anelloviridae.pbmc",2.34835410652222,0.88974926630989,6.19811357922385,"comp_stroke"
"69","Anelloviridae.pbmc",0.784104049960125,0.424038584526891,1.44991324751694,"comp_afib"
"70","Anelloviridae.pbmc",2.47362369463364,1.21011905746414,5.05637370547262,"comp_ventricular_arr"
"71","Anelloviridae.pbmc",0.000000000870169257444474,0,Inf,"comp_endo"
"72","Anelloviridae.pbmc",0.00000000645259072581879,0,Inf,"comp_myocard"
"73","Anelloviridae.pbmc",1.98117979251699,0.75709257842113,5.18440344305472,"comp_cardarrest"
"74","Anelloviridae.pbmc",5.35594929432896,1.67870583272323,17.0882785323308,"comp_stemi"
"75","Anelloviridae.pbmc",0.895964354834254,0.323659924003991,2.48023331156583,"comp_nstemi"
"76","Anelloviridae.pbmc",1.07617881182239,0.590773900887986,1.9604129994142,"comp_chf"
"77","Anelloviridae.pbmc",0.752638051182056,0.506841111725399,1.11763632227614,"comp_pneumonia"
"78","Anelloviridae.pbmc",0.496329951575299,0.046248237917891,5.32654717068564,"comp_bronch"
"79","Anelloviridae.pbmc",1.12568436980346,0.458595201676996,2.76314557105272,"comp_pneumo"
"80","Anelloviridae.pbmc",0.316663837333899,0.0393803790633415,2.5463438458462,"comp_pneumomed"
"81","Anelloviridae.pbmc",1.46134266836784,0.35130558643737,6.07881706650048,"comp_aat"
"82","Anelloviridae.pbmc",0.688504331439916,0.361890728080323,1.30989322916919,"comp_avthromb"
"83","Anelloviridae.pbmc",2.10079562970748,1.2747048423805,3.46224642055658,"comp_shock"
"84","Anelloviridae.pbmc",1.29160895401632,0.799114375117939,2.08762818194693,"comp_bac"
"85","Anelloviridae.pbmc",0.694564042444424,0.282286301704598,1.70897137460667,"comp_coag"
"86","Anelloviridae.pbmc",0.955980739135678,0.252498846261592,3.61941920578753,"comp_hypogly"
"87","Anelloviridae.pbmc",0.732097425619691,0.355159953434599,1.50908523164247,"comp_bleed"
"88","Anelloviridae.pbmc",1.18312533529382,0.750555671371823,1.86499897663243,"comp_anemia"
"89","Anelloviridae.pbmc",0.00000000726548600384134,0,Inf,"comp_pancreas"
"90","Anelloviridae.pbmc",1.40609161467903,0.955416002848341,2.06935368779301,"comp_renal"
"91","Anelloviridae.pbmc",0.787874847437171,0.461271837178376,1.34572875513339,"comp_liver"
"92","Anelloviridae.pbmc",2.56151852802782,1.24887391472339,5.25383474830849,"comp_othlab"
"93","Anelloviridae.pbmc",1.29902408611915,0.5594554739751,3.01626072996973,"comp_electrolyte"
"94","Anelloviridae.pbmc",2.60752489052169,1.21491253356219,5.59644078636224,"comp_othinf"
"95","Anelloviridae.pbmc",0.00000000303832536926397,0,Inf,"comp_othpulm"
"96","Anelloviridae.pbmc",2.37261099221467,0.687752554203807,8.18504109649543,"comp_unddisease"
"97","Anelloviridae.pbmc",1.43813581533706,0.57929901418983,3.57023673904863,"comp_enceph"
"98","Anelloviridae.pbmc",2.10984550396704,0.378536467700699,11.759628015892,"comp_othneuro"
"99","Anelloviridae.pbmc",1.10950718395334,0.507268076216142,2.42673696406542,"comp_hypergly"
"100","Anelloviridae.pbmc",0.00000000771613655341988,0,Inf,"comp_psych"
"101","Anelloviridae.pbmc",0.00000000827812811192353,0,Inf,"comp_gastroent"
"102","Anelloviridae.pbmc",6.01242814887656,0.326863747557747,110.594376144503,"comp_pulmvas"
"103","Anelloviridae.pbmc",1.02502396636772,0.332515409414982,3.15977576340517,"comp_other2"
"104","Enterovirus.nasal",0.827900586608365,0.448256340097,1.52907905587717,"comorb_htn"
"105","Enterovirus.nasal",1.31099839421106,0.721569097389467,2.38191573868955,"comorb_isaric_dm"
"106","Enterovirus.nasal",1.4028732268304,0.684308523527467,2.87597366230751,"comorb_anyresp_noasthma"
"107","Enterovirus.nasal",0.677138021271447,0.2726061967879,1.68197166922129,"comorb_isaric_asthma"
"108","Enterovirus.nasal",0.987124999096927,0.482704750424771,2.01865791249131,"comorb_isaric_cardiac"
"109","Enterovirus.nasal",0.248346621217676,0.0586741274121641,1.05116253092243,"comorb_isaric_ckd"
"110","Enterovirus.nasal",0.741684438579695,0.246207383055591,2.23427827226071,"comorb_isaric_neoplasm"
"111","Enterovirus.nasal",1.07611790321265,0.396899738895031,2.91768834325451,"comorb_neuro"
"112","Enterovirus.nasal",0.427528566787146,0.0559522392720243,3.26672672617162,"comorb_isaric_liver"
"113","Enterovirus.nasal",0.4847149254259,0.0588227977387628,3.99417518313329,"comorb_hxtrans"
"114","Enterovirus.nasal",1.98368158478759,0.236098865751889,16.6667155189157,"comorb_hiv2"
"115","Enterovirus.nasal",1.2782896817725,0.677353803169256,2.41236485700773,"comorb_eversmkvape"
"116","Enterovirus.nasal",0.709841543779549,0.207846649517659,2.42426336168832,"comorb_anysubstance"
"117","Enterovirus.nasal",3.55557186707326,0.471568770812222,26.8085846315655,"comorb_count"
"118","Enterovirus.nasal",3.55557186707326,0.471568770812222,26.8085846315655,"comorb_countcat"
"119","Enterovirus.nasal",1.00564195956847,0.485995090307789,2.08091762862094,"timesymptomcat"
"120","Enterovirus.nasal",1.46135455587272,0.502547433991203,4.24946381878719,"symptom_allresp"
"121","Enterovirus.nasal",1.11957847768918,0.602189769241238,2.08149661739384,"symptom_cough"
"122","Enterovirus.nasal",0.94600864395519,0.412662304689007,2.16867967892628,"symptom_cough_prod"
"123","Enterovirus.nasal",0.000000177409744766451,0,Inf,"symptom_haemoptysis"
"124","Enterovirus.nasal",0.377081003523016,0.087772879962384,1.61997741533446,"symptom_sorethroat"
"125","Enterovirus.nasal",1.54449565694614,0.505347488331433,4.7204485812364,"symptom_rhinorrhea"
"126","Enterovirus.nasal",2.2565445106068,0.83967642871029,6.06423254749544,"symptom_wheeze"
"127","Enterovirus.nasal",1.36317468169807,0.693170756903134,2.68078997031654,"symptom_chestpain"
"128","Enterovirus.nasal",1.06997113020687,0.535270199755307,2.13880432723422,"symptom_dyspnea"
"129","Enterovirus.nasal",0.000000000687521847869828,0,Inf,"symptom_chestwall"
"130","Enterovirus.nasal",0.00000000253363368184197,0,Inf,"symptom_earpain"
"131","Enterovirus.nasal",0.000000000360336696517111,0,Inf,"symptom_conjunctivitis"
"132","Enterovirus.nasal",0.478673234901289,0.253457824822257,0.904008649058458,"symptom_allsyst"
"133","Enterovirus.nasal",0.70482170133881,0.384631196512473,1.2915583425954,"symptom_fever"
"134","Enterovirus.nasal",0.482753282208841,0.217793015102895,1.0700560409309,"symptom_chills"
"135","Enterovirus.nasal",0.0000000234709009777158,0,Inf,"symptom_shaking"
"136","Enterovirus.nasal",0.978076540768994,0.537426037722705,1.78002860385457,"symptom_fatigue"
"137","Enterovirus.nasal",1.06726128278838,0.539582929925944,2.1109760568138,"symptom_myalgia"
"138","Enterovirus.nasal",0.00000000128696743764208,0,Inf,"symptom_lymphadenopathy"
"139","Enterovirus.nasal",0.718822880635153,0.369101981680901,1.39990127219454,"symptom_allneuro"
"140","Enterovirus.nasal",1.55861566196131,0.781522934945183,3.1083960215211,"symptom_headache"
"141","Enterovirus.nasal",0.000000170867000427755,0,Inf,"symptom_confusion"
"142","Enterovirus.nasal",0.00000000125741639825915,0,Inf,"symptom_seizure"
"143","Enterovirus.nasal",0.0000000122269649094374,0,Inf,"symptom_syncope"
"144","Enterovirus.nasal",0.504014701517305,0.151583948153243,1.67584247831286,"symptom_anosmia"
"145","Enterovirus.nasal",0.693432109413978,0.369595702416359,1.30101104320913,"symptom_allGI"
"146","Enterovirus.nasal",1.49869681536299,0.637792588206873,3.52166548484669,"symptom_abdpain"
"147","Enterovirus.nasal",0.339470212267792,0.129563202658133,0.889450265606767,"symptom_nausea"
"148","Enterovirus.nasal",0.904758423023249,0.441009642489354,1.85616758720026,"symptom_diarrhea"
"149","Enterovirus.nasal",5.30845209312565,1.00836320790797,27.9459458695183,"symptom_allderm"
"150","Enterovirus.nasal",3.57151719830661,0.398435546156445,32.0145509627582,"symptom_skinrash"
"151","Enterovirus.nasal",28.694141755435,0.851923452322072,966.464497293507,"symptom_skinulcer"
"152","Enterovirus.nasal",1.3696274125427,0.510056092008748,3.67779010696778,"symptom_allother"
"153","Enterovirus.nasal",0.0000000903289404107361,0,Inf,"symptom_arthralgia"
"154","Enterovirus.nasal",2.36332432183216,0.511330060604482,10.9230852642629,"symptom_edema"
"155","Enterovirus.nasal",1.95020717296527,0.436436598828402,8.71445710028684,"symptom_nonamb"
"156","Enterovirus.nasal",11.3438464381496,0.819838234742056,156.961271820661,"symptom_bleeding"
"157","Enterovirus.nasal",0.943149265444177,0.370495149048905,2.40092357266052,"ever_ever_esc"
"158","Enterovirus.nasal",0.862026214431264,0.356661996322456,2.08345492939728,"ever_icu"
"159","Enterovirus.nasal",2.42192303202771,0.850668574852253,6.89541302743558,"diedever"
"160","Enterovirus.nasal",1.56507851287198,0.788244504086341,3.10750121155967,"ever_remdes"
"161","Enterovirus.nasal",1.7879203895133,0.824804306357573,3.87565789193584,"ever_steroids"
"162","Enterovirus.nasal",0.901777011803391,0.461150434119375,1.76341974082701,"ever_azithro"
"163","Enterovirus.nasal",0.918390459422319,0.475462087771379,1.77393962137208,"ever_otherabx"
"164","Enterovirus.nasal",0.451138936816054,0.0986509483930856,2.06309562783468,"ever_conplas"
"165","Enterovirus.nasal",49.389280028911,0.560235815550732,4354.06111866708,"ever_monoclonal"
"166","Enterovirus.nasal",1.12559825841142,0.308930707752982,4.10115086504087,"ever_immsupp"
"167","Enterovirus.nasal",0.631917734873707,0.266858022084819,1.49637631474686,"anycomp"
"168","Enterovirus.nasal",0.631917734873707,0.266858022084819,1.49637631474686,"ncomp"
"169","Enterovirus.nasal",4.81268294350816,0.475700143314044,48.6901621541945,"comp_seizure"
"170","Enterovirus.nasal",0.0000000139701792719934,0,Inf,"comp_meningitis"
"171","Enterovirus.nasal",0.0000000116424671930871,0.0000000000000000000000000000000000000000000000000000000000000000000000000000000000000000000000000000000000000000000000000000000000000000000000000000000000000000000000000000000000000000000000000000000000000000000000000000000000000000000000000000000000000000000000000000000000000000000000000000000000013848042022006,97881738174041920101328152290500351372510519411606136402415396518402792949159771417830142073147930160426674085940945646822779857498333466539010460438101582009310976512318996680599417298542160594580705937519689159727678079426767927541058166858027346693645714137725859376218099979124736,"comp_stroke"
"172","Enterovirus.nasal",1.11539131969753,0.362432435761572,3.43263370852117,"comp_afib"
"173","Enterovirus.nasal",0.701195378417717,0.0911556765921167,5.39379418919134,"comp_ventricular_arr"
"174","Enterovirus.nasal",0.00000000317713215911039,0,Inf,"comp_endo"
"175","Enterovirus.nasal",0.000000002309195122309,0,Inf,"comp_myocard"
"176","Enterovirus.nasal",0.00000000784947165946872,0,Inf,"comp_cardarrest"
"177","Enterovirus.nasal",0.00000000643813261630404,0,Inf,"comp_stemi"
"178","Enterovirus.nasal",0.989722515863531,0.126910482969668,7.71843771677517,"comp_nstemi"
"179","Enterovirus.nasal",1.47565192519553,0.500387737754286,4.35172255440551,"comp_chf"
"180","Enterovirus.nasal",1.06940661006951,0.538698587852667,2.12295061366143,"comp_pneumonia"
"181","Enterovirus.nasal",3.85358701988876,0.274854937201948,54.0289836923836,"comp_bronch"
"182","Enterovirus.nasal",2.18580900095368,0.597033205490599,8.00250462572532,"comp_pneumo"
"183","Enterovirus.nasal",1.77642340752524,0.195733357279544,16.1223419792299,"comp_pneumomed"
"184","Enterovirus.nasal",0.00000000562050814664111,0,Inf,"comp_aat"
"185","Enterovirus.nasal",0.897569972194114,0.280587574122588,2.8712314061084,"comp_avthromb"
"186","Enterovirus.nasal",0.747373298895201,0.252923169479529,2.20844475834669,"comp_shock"
"187","Enterovirus.nasal",1.56058341993347,0.659094372021152,3.6951015119472,"comp_bac"
"188","Enterovirus.nasal",2.06491875369351,0.427181043141029,9.98145757593341,"comp_coag"
"189","Enterovirus.nasal",2.54862667062993,0.496963620382554,13.0703690166417,"comp_hypogly"
"190","Enterovirus.nasal",1.88429447546611,0.640529567869336,5.5431721631255,"comp_bleed"
"191","Enterovirus.nasal",0.875243058573145,0.370258764471488,2.06895956311512,"comp_anemia"
"192","Enterovirus.nasal",0.00000000477050189753003,0,Inf,"comp_pancreas"
"193","Enterovirus.nasal",1.12901293177522,0.536742315879909,2.37482710493216,"comp_renal"
"194","Enterovirus.nasal",0.86193736721138,0.348338486631067,2.13279914080279,"comp_liver"
"195","Enterovirus.nasal",0.727157304764846,0.158578799341171,3.33435331878942,"comp_othlab"
"196","Enterovirus.nasal",1.19630386363356,0.260999885819001,5.48330865990135,"comp_electrolyte"
"197","Enterovirus.nasal",1.83264448117262,0.506570593645309,6.63004492661899,"comp_othinf"
"198","Enterovirus.nasal",0.00000000131831827317788,0,Inf,"comp_othpulm"
"199","Enterovirus.nasal",1.08322531815445,0.119798213156584,9.79461261544136,"comp_unddisease"
"200","Enterovirus.nasal",1.52060284552404,0.315563901724681,7.3273051866153,"comp_enceph"
"201","Enterovirus.nasal",0.00000000835626226889691,0,Inf,"comp_othneuro"
"202","Enterovirus.nasal",0.927305871639124,0.201969439319091,4.25755590784131,"comp_hypergly"
"203","Enterovirus.nasal",0.0000000196899281669406,0,Inf,"comp_psych"
"204","Enterovirus.nasal",1.28120997232285,0.129500138472241,12.6756543471293,"comp_gastroent"
"205","Enterovirus.nasal",0.325137160056561,0,Inf,"comp_pulmvas"
"206","Enterovirus.nasal",0.0000000627429705013754,0,Inf,"comp_other2"
"207","Human alphaherpesvirus 1 (HSV1).nasal",0.78377878314885,0.496656749360703,1.23688882050839,"comorb_htn"
"208","Human alphaherpesvirus 1 (HSV1).nasal",0.769458444010594,0.487331304257524,1.21491538074134,"comorb_isaric_dm"
"209","Human alphaherpesvirus 1 (HSV1).nasal",0.7666257294463,0.428876222256462,1.37036044096104,"comorb_anyresp_noasthma"
"210","Human alphaherpesvirus 1 (HSV1).nasal",0.990074100059264,0.529030403633828,1.85291188724693,"comorb_isaric_asthma"
"211","Human alphaherpesvirus 1 (HSV1).nasal",0.865492561166054,0.514000536382602,1.4573474547431,"comorb_isaric_cardiac"
"212","Human alphaherpesvirus 1 (HSV1).nasal",0.857508755008701,0.459181407235987,1.60137421360937,"comorb_isaric_ckd"
"213","Human alphaherpesvirus 1 (HSV1).nasal",1.88767671400563,0.99194026976288,3.59227615333219,"comorb_isaric_neoplasm"
"214","Human alphaherpesvirus 1 (HSV1).nasal",0.515479734227201,0.222100411384654,1.19639290509349,"comorb_neuro"
"215","Human alphaherpesvirus 1 (HSV1).nasal",0.152669865240235,0.0205236614071928,1.13566908408959,"comorb_isaric_liver"
"216","Human alphaherpesvirus 1 (HSV1).nasal",0.817087019328256,0.2528105417789,2.64083606821516,"comorb_hxtrans"
"217","Human alphaherpesvirus 1 (HSV1).nasal",0.930315259513401,0.113111420004333,7.65162776711961,"comorb_hiv2"
"218","Human alphaherpesvirus 1 (HSV1).nasal",0.398785065811635,0.231714799727053,0.686315802450765,"comorb_eversmkvape"
"219","Human alphaherpesvirus 1 (HSV1).nasal",0.846100039780424,0.362692907787717,1.97380555821467,"comorb_anysubstance"
"220","Human alphaherpesvirus 1 (HSV1).nasal",0.83070832840217,0.355841080763023,1.93928234872997,"comorb_count"
"221","Human alphaherpesvirus 1 (HSV1).nasal",0.83070832840217,0.355841080763023,1.93928234872997,"comorb_countcat"
"222","Human alphaherpesvirus 1 (HSV1).nasal",0.905675479417338,0.538838919816537,1.52225098049172,"timesymptomcat"
"223","Human alphaherpesvirus 1 (HSV1).nasal",0.909016276672044,0.475904827548904,1.73629377854923,"symptom_allresp"
"224","Human alphaherpesvirus 1 (HSV1).nasal",0.822052259870977,0.528727426398169,1.27810641971517,"symptom_cough"
"225","Human alphaherpesvirus 1 (HSV1).nasal",0.834711868799913,0.427939769067785,1.62813543932413,"symptom_cough_prod"
"226","Human alphaherpesvirus 1 (HSV1).nasal",0.507238737063733,0.0653450374354824,3.9374242708491,"symptom_haemoptysis"
"227","Human alphaherpesvirus 1 (HSV1).nasal",1.0471734338764,0.489642356588775,2.23953705364883,"symptom_sorethroat"
"228","Human alphaherpesvirus 1 (HSV1).nasal",1.30070210029168,0.517532574656906,3.26902312347154,"symptom_rhinorrhea"
"229","Human alphaherpesvirus 1 (HSV1).nasal",2.70859503161669,1.31991346278837,5.55830912566038,"symptom_wheeze"
"230","Human alphaherpesvirus 1 (HSV1).nasal",1.191768369407,0.693951799730521,2.04670100556055,"symptom_chestpain"
"231","Human alphaherpesvirus 1 (HSV1).nasal",1.03262664531536,0.626766873969199,1.7012988926209,"symptom_dyspnea"
"232","Human alphaherpesvirus 1 (HSV1).nasal",0.000000000251521753952408,0,Inf,"symptom_chestwall"
"233","Human alphaherpesvirus 1 (HSV1).nasal",4.55370340673036,0.36153699745161,57.3557197814675,"symptom_earpain"
"234","Human alphaherpesvirus 1 (HSV1).nasal",0.824688931577299,0,Inf,"symptom_conjunctivitis"
"235","Human alphaherpesvirus 1 (HSV1).nasal",1.14760614645942,0.696601205377757,1.89060807995191,"symptom_allsyst"
"236","Human alphaherpesvirus 1 (HSV1).nasal",1.18651382252599,0.759050067375969,1.85470644368959,"symptom_fever"
"237","Human alphaherpesvirus 1 (HSV1).nasal",1.38469471940632,0.839893058488631,2.28288523946374,"symptom_chills"
"238","Human alphaherpesvirus 1 (HSV1).nasal",1.48266774689448,0.16829419804678,13.0622663953638,"symptom_shaking"
"239","Human alphaherpesvirus 1 (HSV1).nasal",0.927945500702177,0.594935765037853,1.44735432440951,"symptom_fatigue"
"240","Human alphaherpesvirus 1 (HSV1).nasal",0.541347721705852,0.293759232394806,0.997610707949611,"symptom_myalgia"
"241","Human alphaherpesvirus 1 (HSV1).nasal",0.00000000033910758732648,0,Inf,"symptom_lymphadenopathy"
"242","Human alphaherpesvirus 1 (HSV1).nasal",1.03823056018235,0.652989627680986,1.65075010444601,"symptom_allneuro"
"243","Human alphaherpesvirus 1 (HSV1).nasal",1.04289877158318,0.580275376685299,1.87434775189429,"symptom_headache"
"244","Human alphaherpesvirus 1 (HSV1).nasal",0.718811753968127,0.280769198360566,1.84026716840641,"symptom_confusion"
"245","Human alphaherpesvirus 1 (HSV1).nasal",0.00000000183493614560939,0,Inf,"symptom_seizure"
"246","Human alphaherpesvirus 1 (HSV1).nasal",1.29690890843998,0.275770367382666,6.09917857656196,"symptom_syncope"
"247","Human alphaherpesvirus 1 (HSV1).nasal",0.917258740581247,0.438625888062795,1.91818043592594,"symptom_anosmia"
"248","Human alphaherpesvirus 1 (HSV1).nasal",1.02053687839733,0.65204962692242,1.59726419150743,"symptom_allGI"
"249","Human alphaherpesvirus 1 (HSV1).nasal",1.50074720253469,0.764194058364801,2.94721234909228,"symptom_abdpain"
"250","Human alphaherpesvirus 1 (HSV1).nasal",0.746740072602465,0.418792846481843,1.33149536988214,"symptom_nausea"
"251","Human alphaherpesvirus 1 (HSV1).nasal",1.21974211057376,0.732766239048495,2.03034847544126,"symptom_diarrhea"
"252","Human alphaherpesvirus 1 (HSV1).nasal",2.17958400431008,0.411669295667914,11.539812373271,"symptom_allderm"
"253","Human alphaherpesvirus 1 (HSV1).nasal",5.5656516518933,0.891588460241269,34.7430229209564,"symptom_skinrash"
"254","Human alphaherpesvirus 1 (HSV1).nasal",0.00000000473033911021958,0,Inf,"symptom_skinulcer"
"255","Human alphaherpesvirus 1 (HSV1).nasal",0.698110372102291,0.303912462277916,1.60361338256385,"symptom_allother"
"256","Human alphaherpesvirus 1 (HSV1).nasal",1.0969808718015,0.363450562936192,3.31095107784889,"symptom_arthralgia"
"257","Human alphaherpesvirus 1 (HSV1).nasal",0.3178345490593,0.0412979797862405,2.44609545306101,"symptom_edema"
"258","Human alphaherpesvirus 1 (HSV1).nasal",0.661286000257284,0.14472366800857,3.02161477907249,"symptom_nonamb"
"259","Human alphaherpesvirus 1 (HSV1).nasal",0.0000000026698900274479,0,Inf,"symptom_bleeding"
"260","Human alphaherpesvirus 1 (HSV1).nasal",2.71248603998876,1.58824884914507,4.63251115912621,"ever_ever_esc"
"261","Human alphaherpesvirus 1 (HSV1).nasal",1.70409364976137,0.883486131686129,3.28690520768548,"ever_icu"
"262","Human alphaherpesvirus 1 (HSV1).nasal",3.19256115704237,1.57695478292282,6.46337285750477,"diedever"
"263","Human alphaherpesvirus 1 (HSV1).nasal",0.821607474671894,0.517714340288029,1.30388283635561,"ever_remdes"
"264","Human alphaherpesvirus 1 (HSV1).nasal",1.0713052558319,0.59948137328996,1.91447975251424,"ever_steroids"
"265","Human alphaherpesvirus 1 (HSV1).nasal",0.984234788395171,0.613465669330041,1.57909100234609,"ever_azithro"
"266","Human alphaherpesvirus 1 (HSV1).nasal",1.81731976298173,1.0570730632449,3.124335711276,"ever_otherabx"
"267","Human alphaherpesvirus 1 (HSV1).nasal",0.995905336734871,0.452204306428743,2.193317103877,"ever_conplas"
"268","Human alphaherpesvirus 1 (HSV1).nasal",0.00000000478560131137914,0,Inf,"ever_monoclonal"
"269","Human alphaherpesvirus 1 (HSV1).nasal",0.829580361885531,0.317977418488567,2.16431588160363,"ever_immsupp"
"270","Human alphaherpesvirus 1 (HSV1).nasal",1.76928311521079,0.752412808414661,4.16043255346183,"anycomp"
"271","Human alphaherpesvirus 1 (HSV1).nasal",1.76928311521079,0.752412808414661,4.16043255346183,"ncomp"
"272","Human alphaherpesvirus 1 (HSV1).nasal",0.00000000298824806250696,0,Inf,"comp_seizure"
"273","Human alphaherpesvirus 1 (HSV1).nasal",1.08926454589918,0.227802964188772,5.2084364010722,"comp_meningitis"
"274","Human alphaherpesvirus 1 (HSV1).nasal",1.97570652934625,0.66577064201534,5.86300453003672,"comp_stroke"
"275","Human alphaherpesvirus 1 (HSV1).nasal",1.05320547020237,0.50441433270536,2.19906868330826,"comp_afib"
"276","Human alphaherpesvirus 1 (HSV1).nasal",2.79691493596846,1.23769652813805,6.32039678644954,"comp_ventricular_arr"
"277","Human alphaherpesvirus 1 (HSV1).nasal",0.00000000203508603296326,0,Inf,"comp_endo"
"278","Human alphaherpesvirus 1 (HSV1).nasal",0.00000000351293932064738,0,Inf,"comp_myocard"
"279","Human alphaherpesvirus 1 (HSV1).nasal",1.51400465648943,0.420031984407119,5.45722750877454,"comp_cardarrest"
"280","Human alphaherpesvirus 1 (HSV1).nasal",1.13472781781555,0.234437051539574,5.49233669366073,"comp_stemi"
"281","Human alphaherpesvirus 1 (HSV1).nasal",0.814135222119152,0.229249357697341,2.89124543925686,"comp_nstemi"
"282","Human alphaherpesvirus 1 (HSV1).nasal",2.0859365137879,1.05826118423858,4.11158531027879,"comp_chf"
"283","Human alphaherpesvirus 1 (HSV1).nasal",1.51508217827614,0.860301785970392,2.66821950664762,"comp_pneumonia"
"284","Human alphaherpesvirus 1 (HSV1).nasal",2.27495440319265,0.135400489415512,38.2230341924649,"comp_bronch"
"285","Human alphaherpesvirus 1 (HSV1).nasal",1.64340039077171,0.622858793562554,4.33607885495378,"comp_pneumo"
"286","Human alphaherpesvirus 1 (HSV1).nasal",1.50595856292638,0.384807656413767,5.89362284105047,"comp_pneumomed"
"287","Human alphaherpesvirus 1 (HSV1).nasal",0.887660546313657,0.101752296955091,7.74371949391593,"comp_aat"
"288","Human alphaherpesvirus 1 (HSV1).nasal",2.75564922305401,1.46493337590389,5.18358224709895,"comp_avthromb"
"289","Human alphaherpesvirus 1 (HSV1).nasal",3.02558485328195,1.65274944480212,5.5387486186723,"comp_shock"
"290","Human alphaherpesvirus 1 (HSV1).nasal",1.54161831833277,0.868490194825235,2.7364581126876,"comp_bac"
"291","Human alphaherpesvirus 1 (HSV1).nasal",1.17873669269748,0.410509621824798,3.38462271489553,"comp_coag"
"292","Human alphaherpesvirus 1 (HSV1).nasal",3.74986389143029,1.14343953093384,12.2975276119488,"comp_hypogly"
"293","Human alphaherpesvirus 1 (HSV1).nasal",1.43068404178901,0.632195411514079,3.23769643080389,"comp_bleed"
"294","Human alphaherpesvirus 1 (HSV1).nasal",1.10048660948834,0.619309993463899,1.95551628496971,"comp_anemia"
"295","Human alphaherpesvirus 1 (HSV1).nasal",0.00000000395559235081752,0,Inf,"comp_pancreas"
"296","Human alphaherpesvirus 1 (HSV1).nasal",1.56195318926048,0.942485837436512,2.58857764067498,"comp_renal"
"297","Human alphaherpesvirus 1 (HSV1).nasal",1.69894939371299,0.958118555270717,3.01260113012024,"comp_liver"
"298","Human alphaherpesvirus 1 (HSV1).nasal",1.67856675960262,0.686544127887288,4.10401349599105,"comp_othlab"
"299","Human alphaherpesvirus 1 (HSV1).nasal",1.47301693389304,0.563920310042966,3.84766934067394,"comp_electrolyte"
"300","Human alphaherpesvirus 1 (HSV1).nasal",2.86977748868383,1.17204823098808,7.0266927732262,"comp_othinf"
"301","Human alphaherpesvirus 1 (HSV1).nasal",0.0000000122007393058387,0,Inf,"comp_othpulm"
"302","Human alphaherpesvirus 1 (HSV1).nasal",0.782911463940269,0.093183817421704,6.57786273763806,"comp_unddisease"
"303","Human alphaherpesvirus 1 (HSV1).nasal",2.16895041972294,0.758533737408289,6.20189411652254,"comp_enceph"
"304","Human alphaherpesvirus 1 (HSV1).nasal",0.0000000132043414057613,0,Inf,"comp_othneuro"
"305","Human alphaherpesvirus 1 (HSV1).nasal",3.00822844967326,1.30117003690156,6.95484690607598,"comp_hypergly"
"306","Human alphaherpesvirus 1 (HSV1).nasal",0.0000000204318627356774,0,Inf,"comp_psych"
"307","Human alphaherpesvirus 1 (HSV1).nasal",1.22454630629839,0.135840223013365,11.0388044351304,"comp_gastroent"
"308","Human alphaherpesvirus 1 (HSV1).nasal",11278140884911047838239295503597568,0,Inf,"comp_pulmvas"
"309","Human alphaherpesvirus 1 (HSV1).nasal",0.88575000406029,0.188042445485131,4.17221264948313,"comp_other2"
"310","Human alphaherpesvirus 2 (HSV2).nasal",0.614196028795784,0.0772755430847704,4.88170961638778,"comorb_htn"
"311","Human alphaherpesvirus 2 (HSV2).nasal",4.14628148434431,0.402507477331991,42.7113808204776,"comorb_isaric_dm"
"312","Human alphaherpesvirus 2 (HSV2).nasal",0.80520851700344,0.078789951528543,8.22897772211472,"comorb_anyresp_noasthma"
"313","Human alphaherpesvirus 2 (HSV2).nasal",1.60799415783556,0.1553341760665,16.6456943160169,"comorb_isaric_asthma"
"314","Human alphaherpesvirus 2 (HSV2).nasal",2.75717203842956,0.353475513745132,21.506433554487,"comorb_isaric_cardiac"
"315","Human alphaherpesvirus 2 (HSV2).nasal",1.98493199358266,0.183272013154148,21.4978542077462,"comorb_isaric_ckd"
"316","Human alphaherpesvirus 2 (HSV2).nasal",3.55581965563653,0.314061957104557,40.2591053688229,"comorb_isaric_neoplasm"
"317","Human alphaherpesvirus 2 (HSV2).nasal",0.00000146913938808991,0,Inf,"comorb_neuro"
"318","Human alphaherpesvirus 2 (HSV2).nasal",0.0000014293372758519,0,Inf,"comorb_isaric_liver"
"319","Human alphaherpesvirus 2 (HSV2).nasal",0.0000000819491979859995,0,Inf,"comorb_hxtrans"
"320","Human alphaherpesvirus 2 (HSV2).nasal",0.0000000069078824687208,0,Inf,"comorb_hiv2"
"321","Human alphaherpesvirus 2 (HSV2).nasal",2.22625128314974,0.278950852957814,17.7672687614093,"comorb_eversmkvape"
"322","Human alphaherpesvirus 2 (HSV2).nasal",0.00000137008557501281,0.00000000000000000000000000000000000000000000000000000000000000000000000000000000000000000000000000000000000000000000000000000000000000000000000000000000000000000000000000000000000000000000000000000000000000000000000000000000000000000000000000000000000000000000000000000000000000000000000000000000000000000000000000930753109818247,201679098713809335499804369226831064061840214382242384735713088194106239903454019970952246808516187481168822700027320370591523327969587499046364016640959833468145424253622045730762635354267458166981372465484521664439004421508864518095089256156261002548811225020690396502079648561833904823634473860988928,"comorb_anysubstance"
"323","Human alphaherpesvirus 2 (HSV2).nasal",851762.161286876,0.00000000000000000000000000000000000000000000000000000000000000000000000000000000000000000000000000000000000000000000000000000000000000000000000000000000000000000000000000000000000000000000000000000000000000000000000000000000000000000000000000000000000000000000000000000000000000000000000000000000000000578614369758884,Inf,"comorb_count"
"324","Human alphaherpesvirus 2 (HSV2).nasal",851762.161286876,0.00000000000000000000000000000000000000000000000000000000000000000000000000000000000000000000000000000000000000000000000000000000000000000000000000000000000000000000000000000000000000000000000000000000000000000000000000000000000000000000000000000000000000000000000000000000000000000000000000000000000000578614369758884,Inf,"comorb_countcat"
"325","Human alphaherpesvirus 2 (HSV2).nasal",1394523.56948211,0,Inf,"timesymptomcat"
"326","Human alphaherpesvirus 2 (HSV2).nasal",0.404427965826868,0.0396228141533915,4.12797483060294,"symptom_allresp"
"327","Human alphaherpesvirus 2 (HSV2).nasal",2.09097309607443,0.210312497789165,20.7889142797882,"symptom_cough"
"328","Human alphaherpesvirus 2 (HSV2).nasal",0.000000894720763656464,0,Inf,"symptom_cough_prod"
"329","Human alphaherpesvirus 2 (HSV2).nasal",0.00000413434364183177,0,Inf,"symptom_haemoptysis"
"330","Human alphaherpesvirus 2 (HSV2).nasal",0.00000283937201849081,0.00000000000000000000000000000000000000000000000000000000000000000000000000000000000000000000000000000000000000000000000000000000000000000000000000000000000000000000000000000000000000000000000000000000000000000000000000000000000000000000000000000000000000000684143554718366,1178412542775151879103638724695128884856989162617951123922283091755591506392573855747876282130783388307760866795141012834674815292483405238159647243681142518241815582927208583907503575701404460425173231423802865155441325737323991269990362322567168,"symptom_sorethroat"
"331","Human alphaherpesvirus 2 (HSV2).nasal",0.00000104750702761145,0,Inf,"symptom_rhinorrhea"
"332","Human alphaherpesvirus 2 (HSV2).nasal",0.0000004392412493051,0,Inf,"symptom_wheeze"
"333","Human alphaherpesvirus 2 (HSV2).nasal",0.000000890050022622893,0,Inf,"symptom_chestpain"
"334","Human alphaherpesvirus 2 (HSV2).nasal",1.05343998154904,0.106036941328761,10.4655583310855,"symptom_dyspnea"
"335","Human alphaherpesvirus 2 (HSV2).nasal",0.125764728365144,0,Inf,"symptom_chestwall"
"336","Human alphaherpesvirus 2 (HSV2).nasal",0.00000000810937951796741,0,Inf,"symptom_earpain"
"337","Human alphaherpesvirus 2 (HSV2).nasal",0.27396757898329,0,Inf,"symptom_conjunctivitis"
"338","Human alphaherpesvirus 2 (HSV2).nasal",0.449894824537238,0.0593880494466864,3.40818321246759,"symptom_allsyst"
"339","Human alphaherpesvirus 2 (HSV2).nasal",1.08805140013138,0.141428508670445,8.3707016389917,"symptom_fever"
"340","Human alphaherpesvirus 2 (HSV2).nasal",1.37846460264563,0.125473113121728,15.1439986900105,"symptom_chills"
"341","Human alphaherpesvirus 2 (HSV2).nasal",0.0000000256557044363497,0,Inf,"symptom_shaking"
"342","Human alphaherpesvirus 2 (HSV2).nasal",0.531472149787425,0.0535412921577097,5.27560383054734,"symptom_fatigue"
"343","Human alphaherpesvirus 2 (HSV2).nasal",1.88086013979636,0.167033764818497,21.1791602094274,"symptom_myalgia"
"344","Human alphaherpesvirus 2 (HSV2).nasal",0.0000000000268112437461098,0,Inf,"symptom_lymphadenopathy"
"345","Human alphaherpesvirus 2 (HSV2).nasal",2.59330607751212,0.350556238676182,19.1844721892785,"symptom_allneuro"
"346","Human alphaherpesvirus 2 (HSV2).nasal",2.0827780502264,0.195880211052146,22.1460063944388,"symptom_headache"
"347","Human alphaherpesvirus 2 (HSV2).nasal",6.03574468333303,0.528044336684215,68.9908239734974,"symptom_confusion"
"348","Human alphaherpesvirus 2 (HSV2).nasal",0.355726420514045,0,Inf,"symptom_seizure"
"349","Human alphaherpesvirus 2 (HSV2).nasal",14.6362227464502,1.15048491786357,186.198891404424,"symptom_syncope"
"350","Human alphaherpesvirus 2 (HSV2).nasal",3.46837952591051,0.3314284958548,36.2963857550301,"symptom_anosmia"
"351","Human alphaherpesvirus 2 (HSV2).nasal",0.596007534794093,0.0595067508591278,5.96949045953235,"symptom_allGI"
"352","Human alphaherpesvirus 2 (HSV2).nasal",0.00000204240128023619,0,Inf,"symptom_abdpain"
"353","Human alphaherpesvirus 2 (HSV2).nasal",1.54052765744337,0.148102974884724,16.0241579562811,"symptom_nausea"
"354","Human alphaherpesvirus 2 (HSV2).nasal",0.000000726585398064756,0,Inf,"symptom_diarrhea"
"355","Human alphaherpesvirus 2 (HSV2).nasal",0.0000000599669879274747,0,Inf,"symptom_allderm"
"356","Human alphaherpesvirus 2 (HSV2).nasal",0.0000000239313451303631,0,Inf,"symptom_skinrash"
"357","Human alphaherpesvirus 2 (HSV2).nasal",1.54246736838264,0,Inf,"symptom_skinulcer"
"358","Human alphaherpesvirus 2 (HSV2).nasal",4.87513363136119,0.446083100288865,53.279148903508,"symptom_allother"
"359","Human alphaherpesvirus 2 (HSV2).nasal",17.6226684045548,1.49657633271396,207.51259719156,"symptom_arthralgia"
"360","Human alphaherpesvirus 2 (HSV2).nasal",0.000000399270865391688,0,Inf,"symptom_edema"
"361","Human alphaherpesvirus 2 (HSV2).nasal",0.0000000519514336516114,0,Inf,"symptom_nonamb"
"362","Human alphaherpesvirus 2 (HSV2).nasal",0.0000000118481394526395,0,Inf,"symptom_bleeding"
"363","Human alphaherpesvirus 2 (HSV2).nasal",5.81297393194498,0.397142972727027,85.084385860952,"ever_ever_esc"
"364","Human alphaherpesvirus 2 (HSV2).nasal",0.751960048945453,0.0694301292106155,8.14407119270627,"ever_icu"
"365","Human alphaherpesvirus 2 (HSV2).nasal",9.67978092131039,0.364072143342026,257.361515837097,"diedever"
"366","Human alphaherpesvirus 2 (HSV2).nasal",0.519565751934419,0.0648580266202308,4.16214591547524,"ever_remdes"
"367","Human alphaherpesvirus 2 (HSV2).nasal",1145961.54911691,0,Inf,"ever_steroids"
"368","Human alphaherpesvirus 2 (HSV2).nasal",0.0000012037859874599,0,Inf,"ever_azithro"
"369","Human alphaherpesvirus 2 (HSV2).nasal",2.5323234614252,0.203167618210578,31.5634064609545,"ever_otherabx"
"370","Human alphaherpesvirus 2 (HSV2).nasal",0.000000197852845896418,0.00000000000000000000000000000000000000000000000000000000000000000000000000000000000000000000000000000000000000000000000000000000000000000000000000000000000000000000000000000000000000000000000000000000000000000000000000000000000000000000000000000000000000000000000000000000000000000000000000000000000000000000000000134410312906419,29124066339899050487606341470600442771009740608440028375054144075525689729900292672970571376692201272550827218690967496155848270214019376759636942815677093562920409046530231791501889143091636301286663755956561065818627011225588214208852613295141816188069307369276226914208294070984854383574576000925696,"ever_conplas"
"371","Human alphaherpesvirus 2 (HSV2).nasal",0.0000000167100451702754,0,Inf,"ever_monoclonal"
"372","Human alphaherpesvirus 2 (HSV2).nasal",0.000000963525585337326,0,Inf,"ever_immsupp"
"373","Human alphaherpesvirus 2 (HSV2).nasal",0.679407365786071,0.0571468674604551,8.07733458012874,"anycomp"
"374","Human alphaherpesvirus 2 (HSV2).nasal",0.679407365786071,0.0571468674604551,8.07733458012874,"ncomp"
"375","Human alphaherpesvirus 2 (HSV2).nasal",0.00000000660658981495212,0,Inf,"comp_seizure"
"376","Human alphaherpesvirus 2 (HSV2).nasal",15.4977751603984,1.13814081182038,211.02927900293,"comp_meningitis"
"377","Human alphaherpesvirus 2 (HSV2).nasal",15.8484694725717,1.16415606258069,215.756282766968,"comp_stroke"
"378","Human alphaherpesvirus 2 (HSV2).nasal",3.88737478384578,0.321724701370794,46.9708500643335,"comp_afib"
"379","Human alphaherpesvirus 2 (HSV2).nasal",0.000000560506841020893,0,Inf,"comp_ventricular_arr"
"380","Human alphaherpesvirus 2 (HSV2).nasal",0.694791722483808,0,Inf,"comp_endo"
"381","Human alphaherpesvirus 2 (HSV2).nasal",0.00000000904625551854813,0,Inf,"comp_myocard"
"382","Human alphaherpesvirus 2 (HSV2).nasal",0.00000000330572279392593,0,Inf,"comp_cardarrest"
"383","Human alphaherpesvirus 2 (HSV2).nasal",16.5729250118606,1.20751269735134,227.460832545464,"comp_stemi"
"384","Human alphaherpesvirus 2 (HSV2).nasal",0.0000000379351792046597,0,Inf,"comp_nstemi"
"385","Human alphaherpesvirus 2 (HSV2).nasal",0.0000000127706902834566,0.0000000000000000000000000000000000000000000000000000000000000000000000000000000000000000000000000000000000000000000000000000000000000000000000000000000000000000000000000000000000000000000000000000000000000000000000000000000000000000000000000000000000000000000000000000000000000000000000000000000000000000000000000000192258432720692,8482880928610615195080335547951649957269264610175278535391223557685323186904248496775824455579506382825468352230135974070958422850800471679404309552639183201611696173118890920901764644501249544188059395797410460715250542071328767012411143179377190986243711212818632857152875697840595481493695948128256,"comp_chf"
"386","Human alphaherpesvirus 2 (HSV2).nasal",0.569769688667093,0.057532817566818,5.64264904542117,"comp_pneumonia"
"387","Human alphaherpesvirus 2 (HSV2).nasal",0.0000000168876586474607,0,Inf,"comp_bronch"
"388","Human alphaherpesvirus 2 (HSV2).nasal",0.0000000621536468141172,0,Inf,"comp_pneumo"
"389","Human alphaherpesvirus 2 (HSV2).nasal",0.00000000189351585981333,0,Inf,"comp_pneumomed"
"390","Human alphaherpesvirus 2 (HSV2).nasal",0.00000000171675883221104,0,Inf,"comp_aat"
"391","Human alphaherpesvirus 2 (HSV2).nasal",0.0000000481159941914195,0,Inf,"comp_avthromb"
"392","Human alphaherpesvirus 2 (HSV2).nasal",1.08881072821182,0.043880953833169,27.0164774990156,"comp_shock"
"393","Human alphaherpesvirus 2 (HSV2).nasal",36.0479236734945,2.92923610460404,443.614906674018,"comp_bac"
"394","Human alphaherpesvirus 2 (HSV2).nasal",0.00000500609178018188,0,Inf,"comp_coag"
"395","Human alphaherpesvirus 2 (HSV2).nasal",0.0000000622821142846314,0,Inf,"comp_hypogly"
"396","Human alphaherpesvirus 2 (HSV2).nasal",36.0291889521781,3.10086119294634,418.626431748896,"comp_bleed"
"397","Human alphaherpesvirus 2 (HSV2).nasal",0.000000759072921122146,0.00000000000000000000000000000000000000000000000000000000000000000000000000000000000000000000000000000000000000000000000000000000000000000000000000000000000000000000000000000000000000000000000000000000000000000000000000000000939013285424231,61361400155334078682777723080763941014007294407441076016558101343063220060099260327783945225942392784115594230928083398650539457995446447469921815663807074333329660476144748943017316418871758582660156666954121216,"comp_anemia"
"398","Human alphaherpesvirus 2 (HSV2).nasal",0.00000000572567343305772,0,Inf,"comp_pancreas"
"399","Human alphaherpesvirus 2 (HSV2).nasal",1.1677100531376,0.0849835421316618,16.0448333170925,"comp_renal"
"400","Human alphaherpesvirus 2 (HSV2).nasal",0.00000158166629851524,0,Inf,"comp_liver"
"401","Human alphaherpesvirus 2 (HSV2).nasal",0.00000450192635439913,0,Inf,"comp_othlab"
"402","Human alphaherpesvirus 2 (HSV2).nasal",0.0000000576828587824077,0.000000000000000000000000000000000000000000000000000000000000000000000000000000000000000000000000000000000000000000000000000000000000000000000000000000000000000000000000000000000000000000000000000000000000000000000000000000000000000000000000000000000000000000000000000000000000000000000000000000000000000000000000000000127399767436624,26116826752552183826555636109197319606252762854055821104649308312042813381617805151208975620797331762760854317819846906145609753356646562586958929954079727238680494705610830275216022482913323354963123639501073646992781233033981867099496213786616100387282449298265765499963009036478579664626223213298319360,"comp_electrolyte"
"403","Human alphaherpesvirus 2 (HSV2).nasal",0.00000277566702573158,0,Inf,"comp_othinf"
"404","Human alphaherpesvirus 2 (HSV2).nasal",0.293460509065498,0,Inf,"comp_othpulm"
"405","Human alphaherpesvirus 2 (HSV2).nasal",0.0000000863415121631989,0,Inf,"comp_unddisease"
"406","Human alphaherpesvirus 2 (HSV2).nasal",0.00000400187342595183,0,Inf,"comp_enceph"
"407","Human alphaherpesvirus 2 (HSV2).nasal",0.0000000112515093488537,0,Inf,"comp_othneuro"
"408","Human alphaherpesvirus 2 (HSV2).nasal",11.6470937115332,0.941268473119117,144.119128388217,"comp_hypergly"
"409","Human alphaherpesvirus 2 (HSV2).nasal",1.14617076562649,0,Inf,"comp_psych"
"410","Human alphaherpesvirus 2 (HSV2).nasal",0.0000000188120515580138,0,Inf,"comp_gastroent"
"411","Human alphaherpesvirus 2 (HSV2).nasal",0.394036771096925,0,Inf,"comp_pulmvas"
"412","Human alphaherpesvirus 2 (HSV2).nasal",0.000000437571367717675,0,Inf,"comp_other2"
"413","Human betaherpesvirus 5 (CMV).nasal",1.21042896819823,0.454003702875864,3.22715052272168,"comorb_htn"
"414","Human betaherpesvirus 5 (CMV).nasal",0.604349362276241,0.237643079127087,1.5369189501554,"comorb_isaric_dm"
"415","Human betaherpesvirus 5 (CMV).nasal",1.01733283627854,0.347958910287372,2.97439171457279,"comorb_anyresp_noasthma"
"416","Human betaherpesvirus 5 (CMV).nasal",1.26207853681144,0.347741392821809,4.58053676082303,"comorb_isaric_asthma"
"417","Human betaherpesvirus 5 (CMV).nasal",0.65565752063273,0.224644323711273,1.91363296993329,"comorb_isaric_cardiac"
"418","Human betaherpesvirus 5 (CMV).nasal",0.986225850424753,0.307587004488981,3.1621668466194,"comorb_isaric_ckd"
"419","Human betaherpesvirus 5 (CMV).nasal",0.763992173933743,0.161637665993926,3.61106452659332,"comorb_isaric_neoplasm"
"420","Human betaherpesvirus 5 (CMV).nasal",0.348729329638889,0.0432246676687807,2.81348942419341,"comorb_neuro"
"421","Human betaherpesvirus 5 (CMV).nasal",1.74529029230786,0.36699049889049,8.30004649611647,"comorb_isaric_liver"
"422","Human betaherpesvirus 5 (CMV).nasal",0.549356649449755,0.0598912028575759,5.03901598056628,"comorb_hxtrans"
"423","Human betaherpesvirus 5 (CMV).nasal",0.00000000825698576277461,0,Inf,"comorb_hiv2"
"424","Human betaherpesvirus 5 (CMV).nasal",0.389816337030898,0.124494992646064,1.22058544995618,"comorb_eversmkvape"
"425","Human betaherpesvirus 5 (CMV).nasal",0.000000320053963821199,0,Inf,"comorb_anysubstance"
"426","Human betaherpesvirus 5 (CMV).nasal",0.619514647977781,0.132725426321032,2.89167200059102,"comorb_count"
"427","Human betaherpesvirus 5 (CMV).nasal",0.619514647977781,0.132725426321032,2.89167200059102,"comorb_countcat"
"428","Human betaherpesvirus 5 (CMV).nasal",4066163.80379504,0.000000000000000000000000000000000000000000000000000000000000000000000000000000000000000000000000000000000000000000000000000000000000000000000000000335150924833742,49332067597589407406118971530144969474201359646952377221534591064011292722502150513350050837773144897129549946708863046169791123054528560091580609301018996375552,"timesymptomcat"
"429","Human betaherpesvirus 5 (CMV).nasal",0.367831642283016,0.129898467545223,1.0415836277477,"symptom_allresp"
"430","Human betaherpesvirus 5 (CMV).nasal",0.484262733850526,0.19037652763713,1.23182410303951,"symptom_cough"
"431","Human betaherpesvirus 5 (CMV).nasal",0.321099298182947,0.0421943452347358,2.4435681776785,"symptom_cough_prod"
"432","Human betaherpesvirus 5 (CMV).nasal",0.000000589949694277278,0,Inf,"symptom_haemoptysis"
"433","Human betaherpesvirus 5 (CMV).nasal",0.00000029308546391761,0.00000000000000000000000000000000000000000000000000000000000000000000000000000000000000000000000000000000000000000000000000000000000000000000000000000000000000000000000000000000000000000000000000000000000000000000000000000000362556477571962,23692609144668445477787918139407548009741398113482911890463192559753911672955551159992390103951610403020391347324885497105422109677853548038833491906414566056577272899279427461419717741495605600945827147178573824,"symptom_sorethroat"
"434","Human betaherpesvirus 5 (CMV).nasal",0.984725044078374,0.121619322021475,7.97310325627314,"symptom_rhinorrhea"
"435","Human betaherpesvirus 5 (CMV).nasal",0.0000000472106489314494,0,Inf,"symptom_wheeze"
"436","Human betaherpesvirus 5 (CMV).nasal",1.81027985752695,0.618313106444309,5.30008684663543,"symptom_chestpain"
"437","Human betaherpesvirus 5 (CMV).nasal",0.67002219417348,0.259775164040983,1.72814727051513,"symptom_dyspnea"
"438","Human betaherpesvirus 5 (CMV).nasal",0.000000000116149628519869,0,Inf,"symptom_chestwall"
"439","Human betaherpesvirus 5 (CMV).nasal",49.1247929785241,1.76517176990933,1367.14473136335,"symptom_earpain"
"440","Human betaherpesvirus 5 (CMV).nasal",0.38071891199848,0,Inf,"symptom_conjunctivitis"
"441","Human betaherpesvirus 5 (CMV).nasal",0.603301408756713,0.238161307382091,1.52826079856834,"symptom_allsyst"
"442","Human betaherpesvirus 5 (CMV).nasal",0.883326877853623,0.342465037716339,2.27838257108428,"symptom_fever"
"443","Human betaherpesvirus 5 (CMV).nasal",0.796194742480445,0.220334859727257,2.87710291843157,"symptom_chills"
"444","Human betaherpesvirus 5 (CMV).nasal",0.0000000276581785642038,0,Inf,"symptom_shaking"
"445","Human betaherpesvirus 5 (CMV).nasal",0.487727232355218,0.172893775704238,1.37586128946486,"symptom_fatigue"
"446","Human betaherpesvirus 5 (CMV).nasal",0.508541645929746,0.112310660392886,2.30267193461642,"symptom_myalgia"
"447","Human betaherpesvirus 5 (CMV).nasal",0.231403322767661,0,Inf,"symptom_lymphadenopathy"
"448","Human betaherpesvirus 5 (CMV).nasal",0.51147130955355,0.167422800044346,1.56252852315892,"symptom_allneuro"
"449","Human betaherpesvirus 5 (CMV).nasal",0.622129237991934,0.138417869296267,2.79620536519025,"symptom_headache"
"450","Human betaherpesvirus 5 (CMV).nasal",0.368168266124493,0.044107290250392,3.07313986897916,"symptom_confusion"
"451","Human betaherpesvirus 5 (CMV).nasal",0.00000000187328829246211,0,Inf,"symptom_seizure"
"452","Human betaherpesvirus 5 (CMV).nasal",0.0000000468101066539153,0,Inf,"symptom_syncope"
"453","Human betaherpesvirus 5 (CMV).nasal",0.496244819643235,0.0642597334682805,3.83224311293329,"symptom_anosmia"
"454","Human betaherpesvirus 5 (CMV).nasal",0.344146978358753,0.0991830854266108,1.19412641988332,"symptom_allGI"
"455","Human betaherpesvirus 5 (CMV).nasal",0.556009690359889,0.0716473586136469,4.31483842190401,"symptom_abdpain"
"456","Human betaherpesvirus 5 (CMV).nasal",0.252114245614472,0.0330923694364223,1.92073260163103,"symptom_nausea"
"457","Human betaherpesvirus 5 (CMV).nasal",0.213013943786368,0.0281629067682798,1.61115969387536,"symptom_diarrhea"
"458","Human betaherpesvirus 5 (CMV).nasal",4.14798962020419,0.448479179700923,38.3648085977942,"symptom_allderm"
"459","Human betaherpesvirus 5 (CMV).nasal",9.97307784391093,0.948628880280947,104.848464713883,"symptom_skinrash"
"460","Human betaherpesvirus 5 (CMV).nasal",0.00000000251502355566644,0,Inf,"symptom_skinulcer"
"461","Human betaherpesvirus 5 (CMV).nasal",0.000000268416817624257,0.00000000000000000000000000000000000000000000000000000000000000000000000000000000000000000000000000000000000000000000000000000000000000000000000000000000000000000000000000000000000000000000000000000000000000000000000000000000000000000000000000000000000000000000000000000000000000000000000000000000000000000000000000182317172348729,39517719043276488586672116824340751889285605057189161239728546199531732079177454202705537048802812438697635352106684184743132821979224199524096053756769586590768425696815396773214300460748347692432429127824809942515214867562361257921996032349514792264014812971734529522541127108040788420800836876107776,"symptom_allother"
"462","Human betaherpesvirus 5 (CMV).nasal",0.00000040203769517136,0,Inf,"symptom_arthralgia"
"463","Human betaherpesvirus 5 (CMV).nasal",0.000000108945234436723,0,Inf,"symptom_edema"
"464","Human betaherpesvirus 5 (CMV).nasal",0.0000000126056480265988,0,Inf,"symptom_nonamb"
"465","Human betaherpesvirus 5 (CMV).nasal",0.00000000348281551102503,0,Inf,"symptom_bleeding"
"466","Human betaherpesvirus 5 (CMV).nasal",1.23453436830917,0.429773393529777,3.54622954673655,"ever_ever_esc"
"467","Human betaherpesvirus 5 (CMV).nasal",6.41245900282939,1.0254634201693,40.098583386016,"ever_icu"
"468","Human betaherpesvirus 5 (CMV).nasal",10.5214782374256,3.17280514592613,34.8907352355884,"diedever"
"469","Human betaherpesvirus 5 (CMV).nasal",0.53624709973108,0.211299055836721,1.360919247042,"ever_remdes"
"470","Human betaherpesvirus 5 (CMV).nasal",0.406693694467991,0.138128966609338,1.19742994666581,"ever_steroids"
"471","Human betaherpesvirus 5 (CMV).nasal",0.238290320062011,0.0670319484107016,0.847092736844726,"ever_azithro"
"472","Human betaherpesvirus 5 (CMV).nasal",1.229379489386,0.377961909057713,3.99874667976713,"ever_otherabx"
"473","Human betaherpesvirus 5 (CMV).nasal",1.23579805826695,0.281299795160181,5.42907199753465,"ever_conplas"
"474","Human betaherpesvirus 5 (CMV).nasal",0.00000000478136385933356,0,Inf,"ever_monoclonal"
"475","Human betaherpesvirus 5 (CMV).nasal",0.982294542712162,0.192193289666676,5.02048000903434,"ever_immsupp"
"476","Human betaherpesvirus 5 (CMV).nasal",1142853.31933765,0.00000000000000000000000000000000000000000000000000000000000000000000000000000000000000000000000000000000000000000000000000000000000000000000000000000000000000000000000000000000000000000000000000000000000000000000000000000000000000000000000000000000000000000000000000000000000000000000000000000000000000775956268339221,Inf,"anycomp"
"477","Human betaherpesvirus 5 (CMV).nasal",1142853.31933765,0.00000000000000000000000000000000000000000000000000000000000000000000000000000000000000000000000000000000000000000000000000000000000000000000000000000000000000000000000000000000000000000000000000000000000000000000000000000000000000000000000000000000000000000000000000000000000000000000000000000000000000775956268339221,Inf,"ncomp"
"478","Human betaherpesvirus 5 (CMV).nasal",0.00000000310907079468815,0,Inf,"comp_seizure"
"479","Human betaherpesvirus 5 (CMV).nasal",2.22136191797576,0.260239576768323,18.9611773578383,"comp_meningitis"
"480","Human betaherpesvirus 5 (CMV).nasal",2.52749928928934,0.515052737752542,12.403103971903,"comp_stroke"
"481","Human betaherpesvirus 5 (CMV).nasal",1.09632218224977,0.291671232462714,4.12081204287623,"comp_afib"
"482","Human betaherpesvirus 5 (CMV).nasal",2.60090298108544,0.683510140878489,9.89699481023756,"comp_ventricular_arr"
"483","Human betaherpesvirus 5 (CMV).nasal",0.00000000620108710387763,0,Inf,"comp_endo"
"484","Human betaherpesvirus 5 (CMV).nasal",0.0000000016376654042573,0,Inf,"comp_myocard"
"485","Human betaherpesvirus 5 (CMV).nasal",18.3511765537906,2.13271752005279,157.90449402791,"comp_cardarrest"
"486","Human betaherpesvirus 5 (CMV).nasal",5.32090891861615,1.00324724850661,28.2204329614191,"comp_stemi"
"487","Human betaherpesvirus 5 (CMV).nasal",0.00000000913388293125931,0,Inf,"comp_nstemi"
"488","Human betaherpesvirus 5 (CMV).nasal",0.341384790656117,0.0433372577524368,2.68922357656023,"comp_chf"
"489","Human betaherpesvirus 5 (CMV).nasal",0.707868032324123,0.237164370783346,2.11278426658855,"comp_pneumonia"
"490","Human betaherpesvirus 5 (CMV).nasal",0.00000000844682916394586,0,Inf,"comp_bronch"
"491","Human betaherpesvirus 5 (CMV).nasal",7.07336190674831,2.23194286830257,22.4165454117957,"comp_pneumo"
"492","Human betaherpesvirus 5 (CMV).nasal",0.000000000855026112771549,0,Inf,"comp_pneumomed"
"493","Human betaherpesvirus 5 (CMV).nasal",0.00000000189753200035418,0,Inf,"comp_aat"
"494","Human betaherpesvirus 5 (CMV).nasal",2.8969950108679,1.0111421619969,8.30009904484556,"comp_avthromb"
"495","Human betaherpesvirus 5 (CMV).nasal",3.81773988777474,1.21625410899123,11.9836288674865,"comp_shock"
"496","Human betaherpesvirus 5 (CMV).nasal",1.92278817535455,0.712867981793656,5.18625392317512,"comp_bac"
"497","Human betaherpesvirus 5 (CMV).nasal",0.000000126130863763865,0,Inf,"comp_coag"
"498","Human betaherpesvirus 5 (CMV).nasal",0.0000000525510222844875,0,Inf,"comp_hypogly"
"499","Human betaherpesvirus 5 (CMV).nasal",0.936008408230828,0.188371789562399,4.65097105205655,"comp_bleed"
"500","Human betaherpesvirus 5 (CMV).nasal",0.856973933885329,0.285099573361231,2.57595728643333,"comp_anemia"
"501","Human betaherpesvirus 5 (CMV).nasal",0.00000000594736035959938,0,Inf,"comp_pancreas"
"502","Human betaherpesvirus 5 (CMV).nasal",1.74871790536614,0.650877027831569,4.69829811437053,"comp_renal"
"503","Human betaherpesvirus 5 (CMV).nasal",1.05892972239778,0.294486082414498,3.80775942884505,"comp_liver"
"504","Human betaherpesvirus 5 (CMV).nasal",1.43088666260304,0.166920235672172,12.2659582462871,"comp_othlab"
"505","Human betaherpesvirus 5 (CMV).nasal",5.70298393783575,1.39071010138988,23.3866323130234,"comp_electrolyte"
"506","Human betaherpesvirus 5 (CMV).nasal",5.62343632104174,1.34215830855495,23.5613309214311,"comp_othinf"
"507","Human betaherpesvirus 5 (CMV).nasal",0.00000000189894797575238,0,Inf,"comp_othpulm"
"508","Human betaherpesvirus 5 (CMV).nasal",6.79224369480561,0.612224272897215,75.355676754378,"comp_unddisease"
"509","Human betaherpesvirus 5 (CMV).nasal",3.15789927937085,0.587642703794442,16.9700530513849,"comp_enceph"
"510","Human betaherpesvirus 5 (CMV).nasal",0.0000000160121020125919,0,Inf,"comp_othneuro"
"511","Human betaherpesvirus 5 (CMV).nasal",0.0000000805553529171772,0,Inf,"comp_hypergly"
"512","Human betaherpesvirus 5 (CMV).nasal",0.000000141332669619657,0,Inf,"comp_psych"
"513","Human betaherpesvirus 5 (CMV).nasal",0.0000000867937508797391,0,Inf,"comp_gastroent"
"514","Human betaherpesvirus 5 (CMV).nasal",0.894955688294484,0,Inf,"comp_pulmvas"
"515","Human betaherpesvirus 5 (CMV).nasal",0.000000159070140599173,0,Inf,"comp_other2"
"516","Human betaherpesvirus 5 (CMV).pbmc",0.989286452103818,0.491175595045428,1.99254135219329,"comorb_htn"
"517","Human betaherpesvirus 5 (CMV).pbmc",0.930533663711444,0.474904184445707,1.82330021014846,"comorb_isaric_dm"
"518","Human betaherpesvirus 5 (CMV).pbmc",0.810960609548656,0.347797563773742,1.89091925516581,"comorb_anyresp_noasthma"
"519","Human betaherpesvirus 5 (CMV).pbmc",1.11053714885513,0.462922110540935,2.66414744706435,"comorb_isaric_asthma"
"520","Human betaherpesvirus 5 (CMV).pbmc",1.09508450608212,0.508235657248327,2.35955517555351,"comorb_isaric_cardiac"
"521","Human betaherpesvirus 5 (CMV).pbmc",1.40864140809362,0.588830818847129,3.3698484404756,"comorb_isaric_ckd"
"522","Human betaherpesvirus 5 (CMV).pbmc",0.640970601988527,0.1821595010985,2.25540424812306,"comorb_isaric_neoplasm"
"523","Human betaherpesvirus 5 (CMV).pbmc",0.142716541205186,0.0186457844177702,1.09236547399743,"comorb_neuro"
"524","Human betaherpesvirus 5 (CMV).pbmc",2.04507197184125,0.662582800064961,6.31214599835767,"comorb_isaric_liver"
"525","Human betaherpesvirus 5 (CMV).pbmc",0.987246551535773,0.200453115870963,4.86226292509559,"comorb_hxtrans"
"526","Human betaherpesvirus 5 (CMV).pbmc",2.43216888898968,0.286202530629853,20.6687393418605,"comorb_hiv2"
"527","Human betaherpesvirus 5 (CMV).pbmc",0.739866159147382,0.349775807320012,1.56500799082047,"comorb_eversmkvape"
"528","Human betaherpesvirus 5 (CMV).pbmc",0.674144806351125,0.152478652667049,2.98055637284895,"comorb_anysubstance"
"529","Human betaherpesvirus 5 (CMV).pbmc",0.494238719290892,0.157680956891311,1.54915290002125,"comorb_count"
"530","Human betaherpesvirus 5 (CMV).pbmc",0.494238719290892,0.157680956891311,1.54915290002125,"comorb_countcat"
"531","Human betaherpesvirus 5 (CMV).pbmc",2.34830216275986,0.808238504925852,6.82289078534876,"timesymptomcat"
"532","Human betaherpesvirus 5 (CMV).pbmc",0.342568687788679,0.154480406223345,0.759664663773538,"symptom_allresp"
"533","Human betaherpesvirus 5 (CMV).pbmc",0.55291026156904,0.285529175040783,1.07067782934854,"symptom_cough"
"534","Human betaherpesvirus 5 (CMV).pbmc",0.173173529093811,0.0234077448604827,1.28116020392178,"symptom_cough_prod"
"535","Human betaherpesvirus 5 (CMV).pbmc",0.000000202100167813781,0,Inf,"symptom_haemoptysis"
"536","Human betaherpesvirus 5 (CMV).pbmc",0.796385327516727,0.230403571214367,2.75268992811678,"symptom_sorethroat"
"537","Human betaherpesvirus 5 (CMV).pbmc",0.54287983101258,0.0702311636984162,4.19640648680999,"symptom_rhinorrhea"
"538","Human betaherpesvirus 5 (CMV).pbmc",0.819485834934121,0.186848162638585,3.59413239163956,"symptom_wheeze"
"539","Human betaherpesvirus 5 (CMV).pbmc",0.318513186897401,0.0941995009041923,1.07697651530788,"symptom_chestpain"
"540","Human betaherpesvirus 5 (CMV).pbmc",0.526250703765195,0.261860170344587,1.05758658466056,"symptom_dyspnea"
"541","Human betaherpesvirus 5 (CMV).pbmc",0.000000000243380824373003,0,Inf,"symptom_chestwall"
"542","Human betaherpesvirus 5 (CMV).pbmc",11.0607203524304,0.778691424729685,157.109133129516,"symptom_earpain"
"543","Human betaherpesvirus 5 (CMV).pbmc",0.0000000122399864725358,0,Inf,"symptom_conjunctivitis"
"544","Human betaherpesvirus 5 (CMV).pbmc",0.455468646718081,0.232599216626489,0.891884724084556,"symptom_allsyst"
"545","Human betaherpesvirus 5 (CMV).pbmc",0.508617996606424,0.249924945513603,1.03507981542344,"symptom_fever"
"546","Human betaherpesvirus 5 (CMV).pbmc",0.756192439982323,0.318568369768779,1.79498990028878,"symptom_chills"
"547","Human betaherpesvirus 5 (CMV).pbmc",0.0000000410761465323073,0.00000000000000000000000000000000000000000000000000000000000000000000000000000000000000000000000000000000000000000000000000000000000000000000000000000000000000000000000000000000000000000000000000000000000000000000000000000000000000000000000000000000000000000000000000000000000000000000109879674220792,1535543152915798810006740089806494739354629694662186699544106704153083056517026992792523992254859605307304325471470669714220992672528776939793208455595016289356261749732638488386887341157239811842179407639663985280129888998629725049449377555568921426878811831444313210880,"symptom_shaking"
"548","Human betaherpesvirus 5 (CMV).pbmc",0.479044023588595,0.227316822440439,1.00953010900053,"symptom_fatigue"
"549","Human betaherpesvirus 5 (CMV).pbmc",0.277969862019875,0.0828462827281566,0.932657949722202,"symptom_myalgia"
"550","Human betaherpesvirus 5 (CMV).pbmc",0.0000000162618927502452,0,Inf,"symptom_lymphadenopathy"
"551","Human betaherpesvirus 5 (CMV).pbmc",0.28863337310808,0.110319728371934,0.755161613441232,"symptom_allneuro"
"552","Human betaherpesvirus 5 (CMV).pbmc",0.237703583430213,0.0558161801788024,1.01230491578897,"symptom_headache"
"553","Human betaherpesvirus 5 (CMV).pbmc",0.532796053772578,0.11853875478749,2.39475803018635,"symptom_confusion"
"554","Human betaherpesvirus 5 (CMV).pbmc",0.0000000022833750510155,0,Inf,"symptom_seizure"
"555","Human betaherpesvirus 5 (CMV).pbmc",1.78491828254853,0.199623147974088,15.9597386761455,"symptom_syncope"
"556","Human betaherpesvirus 5 (CMV).pbmc",0.258664743500999,0.0345844317160267,1.93461179526718,"symptom_anosmia"
"557","Human betaherpesvirus 5 (CMV).pbmc",0.500528199720301,0.230408940529323,1.08732099605033,"symptom_allGI"
"558","Human betaherpesvirus 5 (CMV).pbmc",0.760847562975523,0.224749789163246,2.57570436991743,"symptom_abdpain"
"559","Human betaherpesvirus 5 (CMV).pbmc",0.436918863846688,0.149407258312459,1.27770294255618,"symptom_nausea"
"560","Human betaherpesvirus 5 (CMV).pbmc",0.417465685491887,0.144988286883843,1.20201157147841,"symptom_diarrhea"
"561","Human betaherpesvirus 5 (CMV).pbmc",1.43583038083887,0.167495390313618,12.3084514665134,"symptom_allderm"
"562","Human betaherpesvirus 5 (CMV).pbmc",2.42783939468264,0.274211235277375,21.4958519858261,"symptom_skinrash"
"563","Human betaherpesvirus 5 (CMV).pbmc",0.000000001690032516719,0,Inf,"symptom_skinulcer"
"564","Human betaherpesvirus 5 (CMV).pbmc",0.473416831155784,0.109478133741084,2.04719872693151,"symptom_allother"
"565","Human betaherpesvirus 5 (CMV).pbmc",0.000000339937194340196,0,Inf,"symptom_arthralgia"
"566","Human betaherpesvirus 5 (CMV).pbmc",1.6024208701767,0.348982040612549,7.35783606706756,"symptom_edema"
"567","Human betaherpesvirus 5 (CMV).pbmc",0.0000000129559984296619,0,Inf,"symptom_nonamb"
"568","Human betaherpesvirus 5 (CMV).pbmc",0.00000000492317175985129,0,Inf,"symptom_bleeding"
"569","Human betaherpesvirus 5 (CMV).pbmc",1.63586065573947,0.747699737160821,3.57903039414978,"ever_ever_esc"
"570","Human betaherpesvirus 5 (CMV).pbmc",3.137317355764,1.14472860827863,8.59833511593544,"ever_icu"
"571","Human betaherpesvirus 5 (CMV).pbmc",4.3657557102586,1.79917591266359,10.5936405592705,"diedever"
"572","Human betaherpesvirus 5 (CMV).pbmc",1.05086985207907,0.512260914411916,2.15579095523318,"ever_remdes"
"573","Human betaherpesvirus 5 (CMV).pbmc",0.960756984320935,0.397760118432464,2.32062979707249,"ever_steroids"
"574","Human betaherpesvirus 5 (CMV).pbmc",0.563632109545575,0.256979205128921,1.23621347007989,"ever_azithro"
"575","Human betaherpesvirus 5 (CMV).pbmc",2.26109032735936,0.957847557004219,5.337518930954,"ever_otherabx"
"576","Human betaherpesvirus 5 (CMV).pbmc",0.435104506111399,0.0911538758451744,2.07688295734127,"ever_conplas"
"577","Human betaherpesvirus 5 (CMV).pbmc",8.53746497986082,0.573507971314987,127.092057875369,"ever_monoclonal"
"578","Human betaherpesvirus 5 (CMV).pbmc",2.54216635118679,0.830757693940381,7.77917532903422,"ever_immsupp"
"579","Human betaherpesvirus 5 (CMV).pbmc",1.9085466662349,0.537208089214074,6.78052034273223,"anycomp"
"580","Human betaherpesvirus 5 (CMV).pbmc",1.9085466662349,0.537208089214074,6.78052034273223,"ncomp"
"581","Human betaherpesvirus 5 (CMV).pbmc",0.00000000438409257640319,0,Inf,"comp_seizure"
"582","Human betaherpesvirus 5 (CMV).pbmc",6.69015147059803,1.54105562729266,29.0438099098191,"comp_meningitis"
"583","Human betaherpesvirus 5 (CMV).pbmc",6.39668558208333,1.92876002053022,21.2144517723799,"comp_stroke"
"584","Human betaherpesvirus 5 (CMV).pbmc",0.424548261470831,0.0967608693954881,1.8627491406801,"comp_afib"
"585","Human betaherpesvirus 5 (CMV).pbmc",1.61796362755831,0.454109234577563,5.76470615607909,"comp_ventricular_arr"
"586","Human betaherpesvirus 5 (CMV).pbmc",0.00000000197319331212802,0,Inf,"comp_endo"
"587","Human betaherpesvirus 5 (CMV).pbmc",0.0000000187391790188689,0,Inf,"comp_myocard"
"588","Human betaherpesvirus 5 (CMV).pbmc",2.81607456781037,0.562451332126476,14.0994882908111,"comp_cardarrest"
"589","Human betaherpesvirus 5 (CMV).pbmc",3.62620395727539,0.685513754317387,19.1817524549211,"comp_stemi"
"590","Human betaherpesvirus 5 (CMV).pbmc",0.0000000146114888800518,0,Inf,"comp_nstemi"
"591","Human betaherpesvirus 5 (CMV).pbmc",1.32409093759244,0.435816861167521,4.0228292368443,"comp_chf"
"592","Human betaherpesvirus 5 (CMV).pbmc",1.3808544178431,0.60761307798207,3.13811369829186,"comp_pneumonia"
"593","Human betaherpesvirus 5 (CMV).pbmc",4.0525446735845,0.303465973366212,54.1184836943128,"comp_bronch"
"594","Human betaherpesvirus 5 (CMV).pbmc",1.72785971639448,0.468088378874113,6.37806733574504,"comp_pneumo"
"595","Human betaherpesvirus 5 (CMV).pbmc",0.00000000127988449211061,0,Inf,"comp_pneumomed"
"596","Human betaherpesvirus 5 (CMV).pbmc",1.5999726614552,0.181241711727288,14.1243011501453,"comp_aat"
"597","Human betaherpesvirus 5 (CMV).pbmc",2.31106327122311,0.978589510454996,5.45786909274469,"comp_avthromb"
"598","Human betaherpesvirus 5 (CMV).pbmc",3.83004819292847,1.66663915538638,8.80170678382617,"comp_shock"
"599","Human betaherpesvirus 5 (CMV).pbmc",3.16925843088674,1.47154282833358,6.82562464941712,"comp_bac"
"600","Human betaherpesvirus 5 (CMV).pbmc",2.0080541223354,0.518149785933827,7.78207666526599,"comp_coag"
"601","Human betaherpesvirus 5 (CMV).pbmc",0.960783874767852,0.114985878332622,8.0279915012141,"comp_hypogly"
"602","Human betaherpesvirus 5 (CMV).pbmc",2.6884179537813,1.02613516302129,7.0435078678458,"comp_bleed"
"603","Human betaherpesvirus 5 (CMV).pbmc",1.76039713299541,0.808910314716495,3.83107745009356,"comp_anemia"
"604","Human betaherpesvirus 5 (CMV).pbmc",0.00000000672383436390216,0,Inf,"comp_pancreas"
"605","Human betaherpesvirus 5 (CMV).pbmc",2.56004350148954,1.26869869121634,5.16578347159442,"comp_renal"
"606","Human betaherpesvirus 5 (CMV).pbmc",0.953087044051945,0.353446431870538,2.57004974907314,"comp_liver"
"607","Human betaherpesvirus 5 (CMV).pbmc",0.439827748714522,0.0552807147004986,3.499384000141,"comp_othlab"
"608","Human betaherpesvirus 5 (CMV).pbmc",3.058402220054,0.928625190900254,10.072765881532,"comp_electrolyte"
"609","Human betaherpesvirus 5 (CMV).pbmc",2.3703072994261,0.640592452459494,8.77056336230861,"comp_othinf"
"610","Human betaherpesvirus 5 (CMV).pbmc",0.00000000180116837352928,0,Inf,"comp_othpulm"
"611","Human betaherpesvirus 5 (CMV).pbmc",3.99218349626849,0.400521968867771,39.7918973406928,"comp_unddisease"
"612","Human betaherpesvirus 5 (CMV).pbmc",2.12059316764416,0.539325689927709,8.33803296717029,"comp_enceph"
"613","Human betaherpesvirus 5 (CMV).pbmc",0.0000000135136947486062,0,Inf,"comp_othneuro"
"614","Human betaherpesvirus 5 (CMV).pbmc",1.29127331029152,0.282386725489571,5.9046216105962,"comp_hypergly"
"615","Human betaherpesvirus 5 (CMV).pbmc",0.0000000225843206413041,0,Inf,"comp_psych"
"616","Human betaherpesvirus 5 (CMV).pbmc",3.14544937696338,0.287792430976867,34.3784294446388,"comp_gastroent"
"617","Human betaherpesvirus 5 (CMV).pbmc",10514853701387677696,0,Inf,"comp_pulmvas"
"618","Human betaherpesvirus 5 (CMV).pbmc",1.08098382070506,0.135845908158391,8.60184923099527,"comp_other2"
"619","Human gammaherpesvirus 4 (EBV).nasal",0.902990614025491,0.537327342146703,1.51749591926687,"comorb_htn"
"620","Human gammaherpesvirus 4 (EBV).nasal",0.715850362812506,0.428637446426792,1.1955132390103,"comorb_isaric_dm"
"621","Human gammaherpesvirus 4 (EBV).nasal",0.714944420466696,0.375346956029107,1.36179477719495,"comorb_anyresp_noasthma"
"622","Human gammaherpesvirus 4 (EBV).nasal",1.28762104324605,0.664290914592372,2.49584619417448,"comorb_isaric_asthma"
"623","Human gammaherpesvirus 4 (EBV).nasal",0.766386766721365,0.422746948279571,1.38936230905019,"comorb_isaric_cardiac"
"624","Human gammaherpesvirus 4 (EBV).nasal",1.01199112789575,0.514103604537208,1.9920615881727,"comorb_isaric_ckd"
"625","Human gammaherpesvirus 4 (EBV).nasal",0.743618227385962,0.298651331976638,1.85155065085695,"comorb_isaric_neoplasm"
"626","Human gammaherpesvirus 4 (EBV).nasal",0.481136335349852,0.179574949062502,1.28911172968404,"comorb_neuro"
"627","Human gammaherpesvirus 4 (EBV).nasal",1.53555654894059,0.602118634556748,3.91606201779511,"comorb_isaric_liver"
"628","Human gammaherpesvirus 4 (EBV).nasal",0.4144827366197,0.108737082305789,1.57992044032075,"comorb_hxtrans"
"629","Human gammaherpesvirus 4 (EBV).nasal",1.15621487866628,0.134586572189168,9.93288426850111,"comorb_hiv2"
"630","Human gammaherpesvirus 4 (EBV).nasal",0.558642560017795,0.309190587018316,1.00934997042697,"comorb_eversmkvape"
"631","Human gammaherpesvirus 4 (EBV).nasal",1.00968659215156,0.376161208525035,2.71018646066156,"comorb_anysubstance"
"632","Human gammaherpesvirus 4 (EBV).nasal",0.42949152613859,0.186259680229101,0.990353740530232,"comorb_count"
"633","Human gammaherpesvirus 4 (EBV).nasal",0.42949152613859,0.186259680229101,0.990353740530232,"comorb_countcat"
"634","Human gammaherpesvirus 4 (EBV).nasal",1.20176041403732,0.633285645669049,2.28053186208156,"timesymptomcat"
"635","Human gammaherpesvirus 4 (EBV).nasal",0.560974685777643,0.285517117905329,1.10218469698784,"symptom_allresp"
"636","Human gammaherpesvirus 4 (EBV).nasal",0.917715904274174,0.553934996150176,1.52039948154754,"symptom_cough"
"637","Human gammaherpesvirus 4 (EBV).nasal",0.965788014735633,0.474331666508313,1.96644364116189,"symptom_cough_prod"
"638","Human gammaherpesvirus 4 (EBV).nasal",1.80048732496197,0.383926237063167,8.4436912469083,"symptom_haemoptysis"
"639","Human gammaherpesvirus 4 (EBV).nasal",0.790621844870054,0.298641278075406,2.09308942693413,"symptom_sorethroat"
"640","Human gammaherpesvirus 4 (EBV).nasal",1.19792068783345,0.399367261019205,3.59321885994648,"symptom_rhinorrhea"
"641","Human gammaherpesvirus 4 (EBV).nasal",1.13090493470338,0.417941676190676,3.06010633587298,"symptom_wheeze"
"642","Human gammaherpesvirus 4 (EBV).nasal",1.24392009547739,0.664505740476975,2.32855355443856,"symptom_chestpain"
"643","Human gammaherpesvirus 4 (EBV).nasal",0.682097646026911,0.395867827854291,1.17528418825362,"symptom_dyspnea"
"644","Human gammaherpesvirus 4 (EBV).nasal",3582159241.58622,0,Inf,"symptom_chestwall"
"645","Human gammaherpesvirus 4 (EBV).nasal",0.00000000216535553135492,0,Inf,"symptom_earpain"
"646","Human gammaherpesvirus 4 (EBV).nasal",0.000000000240369198514391,0,Inf,"symptom_conjunctivitis"
"647","Human gammaherpesvirus 4 (EBV).nasal",0.689087048865177,0.406422001087383,1.16834462613559,"symptom_allsyst"
"648","Human gammaherpesvirus 4 (EBV).nasal",0.796882662949957,0.478979743190441,1.32578044800056,"symptom_fever"
"649","Human gammaherpesvirus 4 (EBV).nasal",1.2561346016403,0.696505366758345,2.26541562024386,"symptom_chills"
"650","Human gammaherpesvirus 4 (EBV).nasal",0.0000000273621172958075,0,Inf,"symptom_shaking"
"651","Human gammaherpesvirus 4 (EBV).nasal",0.76973362827707,0.457549174557575,1.29492061497759,"symptom_fatigue"
"652","Human gammaherpesvirus 4 (EBV).nasal",0.708902729348214,0.356063213121085,1.41138725135991,"symptom_myalgia"
"653","Human gammaherpesvirus 4 (EBV).nasal",10126247706.1486,0,Inf,"symptom_lymphadenopathy"
"654","Human gammaherpesvirus 4 (EBV).nasal",1.20187559657304,0.713263538462394,2.02520509144736,"symptom_allneuro"
"655","Human gammaherpesvirus 4 (EBV).nasal",0.760240741510972,0.361447167935324,1.59903309895783,"symptom_headache"
"656","Human gammaherpesvirus 4 (EBV).nasal",1.30304225110265,0.527798997793878,3.21698054610888,"symptom_confusion"
"657","Human gammaherpesvirus 4 (EBV).nasal",0.0000000019183572505907,0,Inf,"symptom_seizure"
"658","Human gammaherpesvirus 4 (EBV).nasal",1.86351964408776,0.381536681101724,9.10189147180603,"symptom_syncope"
"659","Human gammaherpesvirus 4 (EBV).nasal",1.6256807413673,0.781174334157892,3.38316014401768,"symptom_anosmia"
"660","Human gammaherpesvirus 4 (EBV).nasal",0.745312103726462,0.436856436647266,1.27156220067255,"symptom_allGI"
"661","Human gammaherpesvirus 4 (EBV).nasal",1.51584648353103,0.703931749784855,3.26422350225811,"symptom_abdpain"
"662","Human gammaherpesvirus 4 (EBV).nasal",0.82204725536535,0.424357043086646,1.59243660748132,"symptom_nausea"
"663","Human gammaherpesvirus 4 (EBV).nasal",0.537498259650059,0.259571648552983,1.11300436984308,"symptom_diarrhea"
"664","Human gammaherpesvirus 4 (EBV).nasal",1.25482424562052,0.145159804406573,10.8472444822736,"symptom_allderm"
"665","Human gammaherpesvirus 4 (EBV).nasal",2.47905257537407,0.264100170500837,23.2703434451184,"symptom_skinrash"
"666","Human gammaherpesvirus 4 (EBV).nasal",0.0000000075959916365084,0,Inf,"symptom_skinulcer"
"667","Human gammaherpesvirus 4 (EBV).nasal",0.912302216550638,0.370037920747976,2.24921633069618,"symptom_allother"
"668","Human gammaherpesvirus 4 (EBV).nasal",2.22003826069909,0.703971454835543,7.00109336126309,"symptom_arthralgia"
"669","Human gammaherpesvirus 4 (EBV).nasal",0.892547275976127,0.193797983601644,4.11067558623271,"symptom_edema"
"670","Human gammaherpesvirus 4 (EBV).nasal",0.391120262980403,0.0504289753490614,3.03347547823429,"symptom_nonamb"
"671","Human gammaherpesvirus 4 (EBV).nasal",0.0000000030583947318153,0,Inf,"symptom_bleeding"
"672","Human gammaherpesvirus 4 (EBV).nasal",1.35281314302365,0.729884258173651,2.50738850638715,"ever_ever_esc"
"673","Human gammaherpesvirus 4 (EBV).nasal",3.04967305066939,1.44783853053258,6.42371750706066,"ever_icu"
"674","Human gammaherpesvirus 4 (EBV).nasal",3.45255013567443,1.59051557490617,7.49448960287527,"diedever"
"675","Human gammaherpesvirus 4 (EBV).nasal",1.20922494785236,0.694196161751866,2.10635704296965,"ever_remdes"
"676","Human gammaherpesvirus 4 (EBV).nasal",0.707299868245485,0.37006234786668,1.35186167007812,"ever_steroids"
"677","Human gammaherpesvirus 4 (EBV).nasal",1.06691906180329,0.622922146171883,1.82738130508706,"ever_azithro"
"678","Human gammaherpesvirus 4 (EBV).nasal",2.0148274150678,1.06734595982062,3.80338677928855,"ever_otherabx"
"679","Human gammaherpesvirus 4 (EBV).nasal",0.433252860553564,0.120193506780693,1.56171532227894,"ever_conplas"
"680","Human gammaherpesvirus 4 (EBV).nasal",2.9729931530061,0.202315317111469,43.687687190542,"ever_monoclonal"
"681","Human gammaherpesvirus 4 (EBV).nasal",0.712442720532183,0.249481216366367,2.03452042374972,"ever_immsupp"
"682","Human gammaherpesvirus 4 (EBV).nasal",1.78367405835638,0.633693463840192,5.02055540729996,"anycomp"
"683","Human gammaherpesvirus 4 (EBV).nasal",1.78367405835638,0.633693463840192,5.02055540729996,"ncomp"
"684","Human gammaherpesvirus 4 (EBV).nasal",0.00000000325601001584214,0,Inf,"comp_seizure"
"685","Human gammaherpesvirus 4 (EBV).nasal",3.54261063477902,0.99593524500172,12.6013113529562,"comp_meningitis"
"686","Human gammaherpesvirus 4 (EBV).nasal",2.66379796067984,0.879123055209948,8.07147478759672,"comp_stroke"
"687","Human gammaherpesvirus 4 (EBV).nasal",0.672571871266732,0.268691530303897,1.68353993707063,"comp_afib"
"688","Human gammaherpesvirus 4 (EBV).nasal",2.06339419323957,0.778284019920587,5.47049083331971,"comp_ventricular_arr"
"689","Human gammaherpesvirus 4 (EBV).nasal",0.00000000628836591543566,0,Inf,"comp_endo"
"690","Human gammaherpesvirus 4 (EBV).nasal",0.00000000239864974756784,0,Inf,"comp_myocard"
"691","Human gammaherpesvirus 4 (EBV).nasal",2.81005123819404,0.794584794608229,9.93775367318622,"comp_cardarrest"
"692","Human gammaherpesvirus 4 (EBV).nasal",2.35051815934018,0.584690091247025,9.44934025751042,"comp_stemi"
"693","Human gammaherpesvirus 4 (EBV).nasal",0.672056578548322,0.145839009166218,3.09697691551993,"comp_nstemi"
"694","Human gammaherpesvirus 4 (EBV).nasal",1.31949417996447,0.57836499783576,3.01032202411136,"comp_chf"
"695","Human gammaherpesvirus 4 (EBV).nasal",1.18643504919639,0.621828376997122,2.26369232738982,"comp_pneumonia"
"696","Human gammaherpesvirus 4 (EBV).nasal",2.37131470407406,0.226355922629079,24.8419982143443,"comp_bronch"
"697","Human gammaherpesvirus 4 (EBV).nasal",1.70326989374406,0.599989077585693,4.83530190684272,"comp_pneumo"
"698","Human gammaherpesvirus 4 (EBV).nasal",2.35099437320488,0.581731618037452,9.50124485495155,"comp_pneumomed"
"699","Human gammaherpesvirus 4 (EBV).nasal",0.00000000194739873564039,0,Inf,"comp_aat"
"700","Human gammaherpesvirus 4 (EBV).nasal",1.96382561712618,0.961254861482477,4.01205882957328,"comp_avthromb"
"701","Human gammaherpesvirus 4 (EBV).nasal",2.87543500842418,1.45928628643271,5.66587006575878,"comp_shock"
"702","Human gammaherpesvirus 4 (EBV).nasal",1.55942648836665,0.824252228342745,2.95032380744541,"comp_bac"
"703","Human gammaherpesvirus 4 (EBV).nasal",0.303819260935562,0.0377722658653694,2.44375446377603,"comp_coag"
"704","Human gammaherpesvirus 4 (EBV).nasal",1.37012735623553,0.28632185504204,6.55642920457234,"comp_hypogly"
"705","Human gammaherpesvirus 4 (EBV).nasal",1.07009880246528,0.422399540859138,2.71096754676518,"comp_bleed"
"706","Human gammaherpesvirus 4 (EBV).nasal",1.1086332041989,0.596482183814912,2.06052689384884,"comp_anemia"
"707","Human gammaherpesvirus 4 (EBV).nasal",0.00000000832299427074796,0,Inf,"comp_pancreas"
"708","Human gammaherpesvirus 4 (EBV).nasal",1.85929510192222,1.05854446801159,3.26578465099883,"comp_renal"
"709","Human gammaherpesvirus 4 (EBV).nasal",1.9714719421575,1.05293933225693,3.69128733218016,"comp_liver"
"710","Human gammaherpesvirus 4 (EBV).nasal",1.48259072957458,0.5263997522525,4.17567687297491,"comp_othlab"
"711","Human gammaherpesvirus 4 (EBV).nasal",1.7041874327055,0.603520996248078,4.81218519959751,"comp_electrolyte"
"712","Human gammaherpesvirus 4 (EBV).nasal",2.93930231696578,1.07256804694283,8.05496503009368,"comp_othinf"
"713","Human gammaherpesvirus 4 (EBV).nasal",0.0000000191841413935941,0,Inf,"comp_othpulm"
"714","Human gammaherpesvirus 4 (EBV).nasal",0.0000000475880161569824,0,Inf,"comp_unddisease"
"715","Human gammaherpesvirus 4 (EBV).nasal",1.74301791796288,0.522765902643544,5.81160983716884,"comp_enceph"
"716","Human gammaherpesvirus 4 (EBV).nasal",2.55140900314788,0.269088319491313,24.1916405500248,"comp_othneuro"
"717","Human gammaherpesvirus 4 (EBV).nasal",1.24044107220848,0.411069285246901,3.74315014243287,"comp_hypergly"
"718","Human gammaherpesvirus 4 (EBV).nasal",34.5211935131425,1.37202234567051,868.581189899966,"comp_psych"
"719","Human gammaherpesvirus 4 (EBV).nasal",0.00000000632171946709945,0,Inf,"comp_gastroent"
"720","Human gammaherpesvirus 4 (EBV).nasal",0.332320217585395,0,Inf,"comp_pulmvas"
"721","Human gammaherpesvirus 4 (EBV).nasal",2.29646563178914,0.614248219692382,8.5857056299322,"comp_other2"
"722","Human gammaherpesvirus 4 (EBV).pbmc",0.975558971630334,0.720256734711698,1.32135565175851,"comorb_htn"
"723","Human gammaherpesvirus 4 (EBV).pbmc",1.01985117751376,0.760005696277192,1.36853766935039,"comorb_isaric_dm"
"724","Human gammaherpesvirus 4 (EBV).pbmc",0.840713061981032,0.584667066799749,1.20889048267123,"comorb_anyresp_noasthma"
"725","Human gammaherpesvirus 4 (EBV).pbmc",0.796123779293636,0.522530266009205,1.21296911047372,"comorb_isaric_asthma"
"726","Human gammaherpesvirus 4 (EBV).pbmc",0.839060331941401,0.599557755568995,1.17423589987503,"comorb_isaric_cardiac"
"727","Human gammaherpesvirus 4 (EBV).pbmc",1.160317114967,0.788651884169213,1.70713572656154,"comorb_isaric_ckd"
"728","Human gammaherpesvirus 4 (EBV).pbmc",0.64712522802714,0.380138165560699,1.10162856216106,"comorb_isaric_neoplasm"
"729","Human gammaherpesvirus 4 (EBV).pbmc",0.752635797299294,0.472388887852157,1.19914049196185,"comorb_neuro"
"730","Human gammaherpesvirus 4 (EBV).pbmc",1.29759948447448,0.703093567320367,2.39479423560309,"comorb_isaric_liver"
"731","Human gammaherpesvirus 4 (EBV).pbmc",2.06836030206633,1.06652159153012,4.01127775859295,"comorb_hxtrans"
"732","Human gammaherpesvirus 4 (EBV).pbmc",0.931732225540474,0.301833119942127,2.87617521986009,"comorb_hiv2"
"733","Human gammaherpesvirus 4 (EBV).pbmc",0.966948389319135,0.708083128026176,1.32045115975748,"comorb_eversmkvape"
"734","Human gammaherpesvirus 4 (EBV).pbmc",0.793274834681776,0.446080818543713,1.41069720369008,"comorb_anysubstance"
"735","Human gammaherpesvirus 4 (EBV).pbmc",0.494037220768329,0.285719915498781,0.854237882152585,"comorb_count"
"736","Human gammaherpesvirus 4 (EBV).pbmc",0.494037220768329,0.285719915498781,0.854237882152585,"comorb_countcat"
"737","Human gammaherpesvirus 4 (EBV).pbmc",1.20069919288958,0.8387041011273,1.71893585576597,"timesymptomcat"
"738","Human gammaherpesvirus 4 (EBV).pbmc",1.48184701355494,0.937779969551637,2.3415626723522,"symptom_allresp"
"739","Human gammaherpesvirus 4 (EBV).pbmc",1.37335988716556,1.01930624810633,1.85039322890391,"symptom_cough"
"740","Human gammaherpesvirus 4 (EBV).pbmc",0.876497757114908,0.579395645506994,1.32594769081362,"symptom_cough_prod"
"741","Human gammaherpesvirus 4 (EBV).pbmc",2.44433527764053,1.05172693546703,5.68091844758627,"symptom_haemoptysis"
"742","Human gammaherpesvirus 4 (EBV).pbmc",0.621429285660044,0.354261025704843,1.0900842290162,"symptom_sorethroat"
"743","Human gammaherpesvirus 4 (EBV).pbmc",1.09814791610637,0.569507778478192,2.11749319538916,"symptom_rhinorrhea"
"744","Human gammaherpesvirus 4 (EBV).pbmc",1.76624040931458,0.998325180569752,3.12483872410725,"symptom_wheeze"
"745","Human gammaherpesvirus 4 (EBV).pbmc",0.915163148663273,0.631790866610259,1.32563421368345,"symptom_chestpain"
"746","Human gammaherpesvirus 4 (EBV).pbmc",1.42325354820268,1.01626233966364,1.99323598190402,"symptom_dyspnea"
"747","Human gammaherpesvirus 4 (EBV).pbmc",1129722450.68635,0,Inf,"symptom_chestwall"
"748","Human gammaherpesvirus 4 (EBV).pbmc",5.33874228855339,0.457543309202633,62.2939263897431,"symptom_earpain"
"749","Human gammaherpesvirus 4 (EBV).pbmc",3.46209328607047,0.182316404803942,65.7433429226718,"symptom_conjunctivitis"
"750","Human gammaherpesvirus 4 (EBV).pbmc",1.18505291569243,0.85615810236403,1.64029331628518,"symptom_allsyst"
"751","Human gammaherpesvirus 4 (EBV).pbmc",1.15469461135952,0.862155434182494,1.54649566962015,"symptom_fever"
"752","Human gammaherpesvirus 4 (EBV).pbmc",1.07266911879945,0.767433610645252,1.49930759151735,"symptom_chills"
"753","Human gammaherpesvirus 4 (EBV).pbmc",1.01245318468947,0.252664175393749,4.05701144450102,"symptom_shaking"
"754","Human gammaherpesvirus 4 (EBV).pbmc",0.984488980201423,0.736650326869161,1.31571047590153,"symptom_fatigue"
"755","Human gammaherpesvirus 4 (EBV).pbmc",1.02053913036186,0.722825850997276,1.44087281212036,"symptom_myalgia"
"756","Human gammaherpesvirus 4 (EBV).pbmc",2.78490744002223,0.311055744186947,24.9335033814065,"symptom_lymphadenopathy"
"757","Human gammaherpesvirus 4 (EBV).pbmc",0.930990172811519,0.684015350863086,1.26713925466435,"symptom_allneuro"
"758","Human gammaherpesvirus 4 (EBV).pbmc",0.914819966137318,0.621289132472293,1.34703075702166,"symptom_headache"
"759","Human gammaherpesvirus 4 (EBV).pbmc",1.2180575685324,0.670705197864469,2.21209593273329,"symptom_confusion"
"760","Human gammaherpesvirus 4 (EBV).pbmc",0.00000000295963309055316,0,Inf,"symptom_seizure"
"761","Human gammaherpesvirus 4 (EBV).pbmc",1.61054373020978,0.565269514191566,4.58869803128814,"symptom_syncope"
"762","Human gammaherpesvirus 4 (EBV).pbmc",0.927297158236341,0.572717243935725,1.50140410259709,"symptom_anosmia"
"763","Human gammaherpesvirus 4 (EBV).pbmc",1.03758293846554,0.773183374056003,1.39239718586707,"symptom_allGI"
"764","Human gammaherpesvirus 4 (EBV).pbmc",1.20109395413499,0.758537718535536,1.9018522763045,"symptom_abdpain"
"765","Human gammaherpesvirus 4 (EBV).pbmc",0.994770657667489,0.698082553974494,1.41755248820094,"symptom_nausea"
"766","Human gammaherpesvirus 4 (EBV).pbmc",1.16599992181918,0.831912079597965,1.63425420909786,"symptom_diarrhea"
"767","Human gammaherpesvirus 4 (EBV).pbmc",1.78085363578095,0.561635226937803,5.64679621213547,"symptom_allderm"
"768","Human gammaherpesvirus 4 (EBV).pbmc",1.34920559712222,0.336787531326325,5.40505682065205,"symptom_skinrash"
"769","Human gammaherpesvirus 4 (EBV).pbmc",13.4766785734024,0.274796206229264,660.929304166867,"symptom_skinulcer"
"770","Human gammaherpesvirus 4 (EBV).pbmc",0.651900170816869,0.376334028491058,1.12924636237395,"symptom_allother"
"771","Human gammaherpesvirus 4 (EBV).pbmc",0.730969385746013,0.308459797496413,1.73220707280053,"symptom_arthralgia"
"772","Human gammaherpesvirus 4 (EBV).pbmc",0.756135904733633,0.310190330043258,1.84319577708183,"symptom_edema"
"773","Human gammaherpesvirus 4 (EBV).pbmc",0.729995618838067,0.278180848243353,1.91563728016458,"symptom_nonamb"
"774","Human gammaherpesvirus 4 (EBV).pbmc",0.0000000045901192054339,0,Inf,"symptom_bleeding"
"775","Human gammaherpesvirus 4 (EBV).pbmc",1.37783928460394,0.920360345878882,2.06271500363808,"ever_ever_esc"
"776","Human gammaherpesvirus 4 (EBV).pbmc",1.6577607441377,1.10754646572552,2.48131412076129,"ever_icu"
"777","Human gammaherpesvirus 4 (EBV).pbmc",1.91422028349795,1.0560137663371,3.4698783392425,"diedever"
"778","Human gammaherpesvirus 4 (EBV).pbmc",1.28634500630141,0.941122205206847,1.7582025650674,"ever_remdes"
"779","Human gammaherpesvirus 4 (EBV).pbmc",1.08539230631609,0.752384870900282,1.56578966985408,"ever_steroids"
"780","Human gammaherpesvirus 4 (EBV).pbmc",1.34621672303671,0.987883197433936,1.83452807993011,"ever_azithro"
"781","Human gammaherpesvirus 4 (EBV).pbmc",1.16329725663559,0.842686239806059,1.60588893394928,"ever_otherabx"
"782","Human gammaherpesvirus 4 (EBV).pbmc",1.107220740186,0.630397138859876,1.94470706151242,"ever_conplas"
"783","Human gammaherpesvirus 4 (EBV).pbmc",2.23554950775738,0.239973922985262,20.8259361661608,"ever_monoclonal"
"784","Human gammaherpesvirus 4 (EBV).pbmc",1.66351918339503,0.935536073865324,2.95797901420275,"ever_immsupp"
"785","Human gammaherpesvirus 4 (EBV).pbmc",2.00166530549177,1.19316039701418,3.358026301607,"anycomp"
"786","Human gammaherpesvirus 4 (EBV).pbmc",2.00166530549177,1.19316039701418,3.358026301607,"ncomp"
"787","Human gammaherpesvirus 4 (EBV).pbmc",0.546508028525433,0.0582877587606738,5.12407804988835,"comp_seizure"
"788","Human gammaherpesvirus 4 (EBV).pbmc",0.645000361618477,0.165992805571608,2.50628613122931,"comp_meningitis"
"789","Human gammaherpesvirus 4 (EBV).pbmc",2.14672640223605,0.816772988483998,5.64224614554283,"comp_stroke"
"790","Human gammaherpesvirus 4 (EBV).pbmc",0.715381686469345,0.414975710402243,1.23325521110538,"comp_afib"
"791","Human gammaherpesvirus 4 (EBV).pbmc",1.82619614911518,0.929876675179001,3.58648890123104,"comp_ventricular_arr"
"792","Human gammaherpesvirus 4 (EBV).pbmc",0.00000000323164118100212,0,Inf,"comp_endo"
"793","Human gammaherpesvirus 4 (EBV).pbmc",0.869174381735515,0.0944259318272525,8.00059995433668,"comp_myocard"
"794","Human gammaherpesvirus 4 (EBV).pbmc",0.948837483032578,0.397180457686835,2.2667091287695,"comp_cardarrest"
"795","Human gammaherpesvirus 4 (EBV).pbmc",0.575283110920498,0.149491792634888,2.21383831096778,"comp_stemi"
"796","Human gammaherpesvirus 4 (EBV).pbmc",0.797992373291813,0.335448971257929,1.8983269659285,"comp_nstemi"
"797","Human gammaherpesvirus 4 (EBV).pbmc",0.772612792961024,0.442829586154423,1.3479915220454,"comp_chf"
"798","Human gammaherpesvirus 4 (EBV).pbmc",1.40964493192658,0.992044024731885,2.0030349304743,"comp_pneumonia"
"799","Human gammaherpesvirus 4 (EBV).pbmc",0.312884677716866,0.0299090292464387,3.27315275742838,"comp_bronch"
"800","Human gammaherpesvirus 4 (EBV).pbmc",0.85050771601946,0.362945886610074,1.99303367718222,"comp_pneumo"
"801","Human gammaherpesvirus 4 (EBV).pbmc",0.815383444097898,0.23228647246829,2.86219922255572,"comp_pneumomed"
"802","Human gammaherpesvirus 4 (EBV).pbmc",0.465969755161544,0.0909489046512508,2.3873603927161,"comp_aat"
"803","Human gammaherpesvirus 4 (EBV).pbmc",1.27887013228875,0.758799197206551,2.15539080863716,"comp_avthromb"
"804","Human gammaherpesvirus 4 (EBV).pbmc",1.87768044614588,1.19277758201768,2.95586026346555,"comp_shock"
"805","Human gammaherpesvirus 4 (EBV).pbmc",1.08675878349119,0.704415685581671,1.67663025919135,"comp_bac"
"806","Human gammaherpesvirus 4 (EBV).pbmc",1.05952972940659,0.498649009041518,2.25128943834507,"comp_coag"
"807","Human gammaherpesvirus 4 (EBV).pbmc",2.05568553993434,0.696767269556049,6.06492759309381,"comp_hypogly"
"808","Human gammaherpesvirus 4 (EBV).pbmc",1.24311240415561,0.688655692600793,2.24397832758693,"comp_bleed"
"809","Human gammaherpesvirus 4 (EBV).pbmc",1.22040307291614,0.815599697193769,1.82612090895532,"comp_anemia"
"810","Human gammaherpesvirus 4 (EBV).pbmc",1.45816830443858,0.235536418410053,9.02728681374287,"comp_pancreas"
"811","Human gammaherpesvirus 4 (EBV).pbmc",1.22150630754814,0.862951593515319,1.72903981010309,"comp_renal"
"812","Human gammaherpesvirus 4 (EBV).pbmc",2.11432680798726,1.41288032054899,3.16401735232366,"comp_liver"
"813","Human gammaherpesvirus 4 (EBV).pbmc",0.888693751667697,0.4296602839134,1.83814193171363,"comp_othlab"
"814","Human gammaherpesvirus 4 (EBV).pbmc",1.59347307682574,0.803954046201938,3.15833530357119,"comp_electrolyte"
"815","Human gammaherpesvirus 4 (EBV).pbmc",2.70309322316004,1.31440890321998,5.5589344801257,"comp_othinf"
"816","Human gammaherpesvirus 4 (EBV).pbmc",0.00000000125858326864028,0,Inf,"comp_othpulm"
"817","Human gammaherpesvirus 4 (EBV).pbmc",0.374477790135279,0.0769616109166586,1.82212422056057,"comp_unddisease"
"818","Human gammaherpesvirus 4 (EBV).pbmc",1.27122395206471,0.536256337338077,3.01350347545493,"comp_enceph"
"819","Human gammaherpesvirus 4 (EBV).pbmc",0.558942645013757,0.0654419880779754,4.77395154992425,"comp_othneuro"
"820","Human gammaherpesvirus 4 (EBV).pbmc",1.81945301007951,0.964691685517437,3.43157228945304,"comp_hypergly"
"821","Human gammaherpesvirus 4 (EBV).pbmc",3.26912437631621,0.10933689771812,97.745357796572,"comp_psych"
"822","Human gammaherpesvirus 4 (EBV).pbmc",1.20180516351005,0.27718498944173,5.21072823585579,"comp_gastroent"
"823","Human gammaherpesvirus 4 (EBV).pbmc",0.00000000129547895611081,0,Inf,"comp_pulmvas"
"824","Human gammaherpesvirus 4 (EBV).pbmc",1.27952055522402,0.501956393534674,3.2615838194871,"comp_other2"
"825","Human alphaherpesvirus 1 (HSV1).ea",0.755862926655078,0.38242245739748,1.49397283773467,"comorb_htn"
"826","Human alphaherpesvirus 1 (HSV1).ea",0.556485954549416,0.278460235863035,1.11210355277834,"comorb_isaric_dm"
"827","Human alphaherpesvirus 1 (HSV1).ea",0.610579080836051,0.261144037216035,1.42759075768668,"comorb_anyresp_noasthma"
"828","Human alphaherpesvirus 1 (HSV1).ea",1.17860187892039,0.454810341424035,3.05424539082667,"comorb_isaric_asthma"
"829","Human alphaherpesvirus 1 (HSV1).ea",0.628168643407864,0.266240792929912,1.48210137228953,"comorb_isaric_cardiac"
"830","Human alphaherpesvirus 1 (HSV1).ea",0.58160109151602,0.207421737216505,1.63078293621441,"comorb_isaric_ckd"
"831","Human alphaherpesvirus 1 (HSV1).ea",1.08290104671751,0.257560466902964,4.55300726498401,"comorb_isaric_neoplasm"
"832","Human alphaherpesvirus 1 (HSV1).ea",0.375379256727789,0.121357083296966,1.16111546646763,"comorb_neuro"
"833","Human alphaherpesvirus 1 (HSV1).ea",0.816381063308124,0.247764428300464,2.68996661506172,"comorb_isaric_liver"
"834","Human alphaherpesvirus 1 (HSV1).ea",1.10658231950476,0.192672997419946,6.35545429945006,"comorb_hxtrans"
"835","Human alphaherpesvirus 1 (HSV1).ea",0.000000000697076256405893,0,Inf,"comorb_hiv2"
"836","Human alphaherpesvirus 1 (HSV1).ea",0.924594487436697,0.434422843054746,1.96784073366648,"comorb_eversmkvape"
"837","Human alphaherpesvirus 1 (HSV1).ea",1.18365516247031,0.242640193329739,5.77414452410467,"comorb_anysubstance"
"838","Human alphaherpesvirus 1 (HSV1).ea",0.862571120237913,0.199654636724484,3.72657980638447,"comorb_count"
"839","Human alphaherpesvirus 1 (HSV1).ea",0.862571120237913,0.199654636724484,3.72657980638447,"comorb_countcat"
"840","Human alphaherpesvirus 1 (HSV1).ea",0.793379126691766,0.342512086195516,1.83774664906534,"timesymptomcat"
"841","Human alphaherpesvirus 1 (HSV1).ea",1.30204957375826,0.411899452247351,4.11589062154422,"symptom_allresp"
"842","Human alphaherpesvirus 1 (HSV1).ea",0.607884786673271,0.285701274842408,1.29339259711962,"symptom_cough"
"843","Human alphaherpesvirus 1 (HSV1).ea",0.774814307286585,0.249118614955984,2.40984484793344,"symptom_cough_prod"
"844","Human alphaherpesvirus 1 (HSV1).ea",0.00000000105544220956935,0,Inf,"symptom_haemoptysis"
"845","Human alphaherpesvirus 1 (HSV1).ea",0.276589053936272,0.0521698326058852,1.46639352545539,"symptom_sorethroat"
"846","Human alphaherpesvirus 1 (HSV1).ea",0.83874993284006,0.217487900422926,3.23466936997957,"symptom_rhinorrhea"
"847","Human alphaherpesvirus 1 (HSV1).ea",0.956020076512555,0.255554128531444,3.57644148403032,"symptom_wheeze"
"848","Human alphaherpesvirus 1 (HSV1).ea",1.11638261921298,0.476714795188712,2.61437271311764,"symptom_chestpain"
"849","Human alphaherpesvirus 1 (HSV1).ea",1.06353333567349,0.476474277894981,2.3739018212817,"symptom_dyspnea"
"850","Human alphaherpesvirus 1 (HSV1).ea",2689420740.21153,0,Inf,"symptom_earpain"
"851","Human alphaherpesvirus 1 (HSV1).ea",1.13556843155053,0.570723710203601,2.25943944448027,"symptom_allsyst"
"852","Human alphaherpesvirus 1 (HSV1).ea",0.943713318479503,0.470579262333128,1.89255009466425,"symptom_fever"
"853","Human alphaherpesvirus 1 (HSV1).ea",1.77643455306504,0.692031557555586,4.56008065942847,"symptom_chills"
"854","Human alphaherpesvirus 1 (HSV1).ea",1.29829209620527,0.0759466377222439,22.1940354125168,"symptom_shaking"
"855","Human alphaherpesvirus 1 (HSV1).ea",1.55255361147296,0.757423209495425,3.18239880463063,"symptom_fatigue"
"856","Human alphaherpesvirus 1 (HSV1).ea",3.34624416402001,1.06841086244702,10.4803782877986,"symptom_myalgia"
"857","Human alphaherpesvirus 1 (HSV1).ea",9.45596708109407,0.0242853367714333,3681.86425744416,"symptom_lymphadenopathy"
"858","Human alphaherpesvirus 1 (HSV1).ea",0.981232794360642,0.471611085061524,2.04155039443823,"symptom_allneuro"
"859","Human alphaherpesvirus 1 (HSV1).ea",2.4868220269136,0.880162527208676,7.02629753297421,"symptom_headache"
"860","Human alphaherpesvirus 1 (HSV1).ea",0.448931547893917,0.137951712836022,1.46094260485182,"symptom_confusion"
"861","Human alphaherpesvirus 1 (HSV1).ea",4.18164701473437,0.207190275804527,84.3966816875815,"symptom_syncope"
"862","Human alphaherpesvirus 1 (HSV1).ea",1.27693413285189,0.388369394419739,4.19847908478581,"symptom_anosmia"
"863","Human alphaherpesvirus 1 (HSV1).ea",2.11867952171841,1.01180254289302,4.43644162319878,"symptom_allGI"
"864","Human alphaherpesvirus 1 (HSV1).ea",1.17189192207141,0.299084632008109,4.59177948327013,"symptom_abdpain"
"865","Human alphaherpesvirus 1 (HSV1).ea",1.39427996448416,0.521021722223023,3.73116232288259,"symptom_nausea"
"866","Human alphaherpesvirus 1 (HSV1).ea",2.1461456096911,0.747679972610624,6.16031075690595,"symptom_diarrhea"
"867","Human alphaherpesvirus 1 (HSV1).ea",73.5823136033779,0.00973448234508621,556203.882578196,"symptom_allderm"
"868","Human alphaherpesvirus 1 (HSV1).ea",0.00000000162648641693300,0,Inf,"symptom_skinrash"
"869","Human alphaherpesvirus 1 (HSV1).ea",3526853016.64291,0,Inf,"symptom_skinulcer"
"870","Human alphaherpesvirus 1 (HSV1).ea",0.69009905185777,0.213778265456367,2.22771337562468,"symptom_allother"
"871","Human alphaherpesvirus 1 (HSV1).ea",2.24929952914484,0.183079560702078,27.6346980100317,"symptom_arthralgia"
"872","Human alphaherpesvirus 1 (HSV1).ea",1.83719302516337,0.284084235184451,11.8812584215291,"symptom_edema"
"873","Human alphaherpesvirus 1 (HSV1).ea",0.00000000534934496258805,0,Inf,"symptom_nonamb"
"874","Human alphaherpesvirus 1 (HSV1).ea",1.24398426413186,0.574125334680395,2.69539899379138,"ever_ever_esc"
"875","Human alphaherpesvirus 1 (HSV1).ea",128145326078100816,0,Inf,"ever_icu"
"876","Human alphaherpesvirus 1 (HSV1).ea",0.783767687171166,0.279689995338643,2.19633092957031,"diedever"
"877","Human alphaherpesvirus 1 (HSV1).ea",0.909303616928986,0.412486775878674,2.00450806210412,"ever_remdes"
"878","Human alphaherpesvirus 1 (HSV1).ea",1.53758349307866,0.561603117983342,4.20966857640931,"ever_steroids"
"879","Human alphaherpesvirus 1 (HSV1).ea",1.4495068898905,0.702897943513308,2.98915403470695,"ever_azithro"
"880","Human alphaherpesvirus 1 (HSV1).ea",1.51072308009011,0.371598710402158,6.14179802251457,"ever_otherabx"
"881","Human alphaherpesvirus 1 (HSV1).ea",4.47648022200953,1.25289403082178,15.9940702765572,"ever_conplas"
"882","Human alphaherpesvirus 1 (HSV1).ea",0.678855931253425,0,Inf,"ever_monoclonal"
"883","Human alphaherpesvirus 1 (HSV1).ea",1.25317576562417,0.314678850197718,4.99064204207235,"ever_immsupp"
"884","Human alphaherpesvirus 1 (HSV1).ea",0.372271575005139,0.0048050855079482,28.8415524193207,"anycomp"
"885","Human alphaherpesvirus 1 (HSV1).ea",0.372271575005139,0.0048050855079482,28.8415524193207,"ncomp"
"886","Human alphaherpesvirus 1 (HSV1).ea",0.565977144291816,0.0483129499868729,6.63031605289588,"comp_seizure"
"887","Human alphaherpesvirus 1 (HSV1).ea",1.16924677559493,0.205121569561803,6.66501346084531,"comp_meningitis"
"888","Human alphaherpesvirus 1 (HSV1).ea",1.16749625545664,0.316458915438756,4.30718630447014,"comp_stroke"
"889","Human alphaherpesvirus 1 (HSV1).ea",0.697604599307606,0.274140368134856,1.77519341746754,"comp_afib"
"890","Human alphaherpesvirus 1 (HSV1).ea",0.807978057035111,0.266577292253369,2.44892779550687,"comp_ventricular_arr"
"891","Human alphaherpesvirus 1 (HSV1).ea",0.000000000598745008934639,0,Inf,"comp_myocard"
"892","Human alphaherpesvirus 1 (HSV1).ea",1.47270512662372,0.32671666656856,6.63835246840293,"comp_cardarrest"
"893","Human alphaherpesvirus 1 (HSV1).ea",1.07508768319678,0.139919346790969,8.2605697715851,"comp_stemi"
"894","Human alphaherpesvirus 1 (HSV1).ea",0.875358279318191,0.179416382001391,4.27080352765649,"comp_nstemi"
"895","Human alphaherpesvirus 1 (HSV1).ea",1.07946520001487,0.353668370541538,3.29473940872606,"comp_chf"
"896","Human alphaherpesvirus 1 (HSV1).ea",0.800779199422356,0.239715947184471,2.6750299000093,"comp_pneumonia"
"897","Human alphaherpesvirus 1 (HSV1).ea",0.00000000243703671668704,0,Inf,"comp_bronch"
"898","Human alphaherpesvirus 1 (HSV1).ea",1.31266601499489,0.431833237721167,3.99017934797128,"comp_pneumo"
"899","Human alphaherpesvirus 1 (HSV1).ea",1.45426889278394,0.282911702732444,7.47547023361966,"comp_pneumomed"
"900","Human alphaherpesvirus 1 (HSV1).ea",0.523015474062908,0.0753002211206636,3.63272752773076,"comp_aat"
"901","Human alphaherpesvirus 1 (HSV1).ea",0.974446820183957,0.43113405279771,2.20243935547387,"comp_avthromb"
"902","Human alphaherpesvirus 1 (HSV1).ea",1.37554920737737,0.633653177515887,2.98607454212453,"comp_shock"
"903","Human alphaherpesvirus 1 (HSV1).ea",1.59879402109483,0.75367189028977,3.39158505819529,"comp_bac"
"904","Human alphaherpesvirus 1 (HSV1).ea",0.961617938347197,0.205622929216349,4.497110623194,"comp_coag"
"905","Human alphaherpesvirus 1 (HSV1).ea",1.0578296102223,0.138816964123001,8.06099954232943,"comp_hypogly"
"906","Human alphaherpesvirus 1 (HSV1).ea",2.42854710395296,0.866905924762699,6.80332302231383,"comp_bleed"
"907","Human alphaherpesvirus 1 (HSV1).ea",1.17943446821277,0.556569802606617,2.49935526198776,"comp_anemia"
"908","Human alphaherpesvirus 1 (HSV1).ea",0.00000000000000000000000000000573818511407424,0,Inf,"comp_pancreas"
"909","Human alphaherpesvirus 1 (HSV1).ea",1.00935347802261,0.478461854541639,2.12931173911938,"comp_renal"
"910","Human alphaherpesvirus 1 (HSV1).ea",1.5945879622111,0.639185984969514,3.97804524664259,"comp_liver"
"911","Human alphaherpesvirus 1 (HSV1).ea",2.03818942001921,0.287132313559209,14.4679505430224,"comp_othlab"
"912","Human alphaherpesvirus 1 (HSV1).ea",0.747105718445018,0.225437777587682,2.47592466757774,"comp_electrolyte"
"913","Human alphaherpesvirus 1 (HSV1).ea",1.91958211993145,0.409579289597816,8.99653768816974,"comp_othinf"
"914","Human alphaherpesvirus 1 (HSV1).ea",0.00000000000000000000000000000000559408961231645,0,Inf,"comp_unddisease"
"915","Human alphaherpesvirus 1 (HSV1).ea",1.2040564483319,0.293858732570744,4.93349956996981,"comp_enceph"
"916","Human alphaherpesvirus 1 (HSV1).ea",0.00000000165038986113931,0,Inf,"comp_othneuro"
"917","Human alphaherpesvirus 1 (HSV1).ea",1.8847026220405,0.410502538744828,8.65306213303188,"comp_hypergly"
"918","Human alphaherpesvirus 1 (HSV1).ea",0.678855931253425,0,Inf,"comp_psych"
"919","Human alphaherpesvirus 1 (HSV1).ea",0.0000000000011276593436101,0,Inf,"comp_gastroent"
"920","Human betaherpesvirus 5 (CMV).ea",1.20618987535377,0.317344654708765,4.584586486075,"comorb_htn"
"921","Human betaherpesvirus 5 (CMV).ea",1.22691715683618,0.339587187616987,4.43281067316595,"comorb_isaric_dm"
"922","Human betaherpesvirus 5 (CMV).ea",3.30176525297647,0.812831264528661,13.4119518545886,"comorb_anyresp_noasthma"
"923","Human betaherpesvirus 5 (CMV).ea",2.18510453733411,0.469391933398413,10.1720577183959,"comorb_isaric_asthma"
"924","Human betaherpesvirus 5 (CMV).ea",1.16694713948155,0.21474137246174,6.34142182632647,"comorb_isaric_cardiac"
"925","Human betaherpesvirus 5 (CMV).ea",3.37478909956544,0.677344825251518,16.8144806632524,"comorb_isaric_ckd"
"926","Human betaherpesvirus 5 (CMV).ea",4.83038580568805,0.613898436420126,38.0073081271456,"comorb_isaric_neoplasm"
"927","Human betaherpesvirus 5 (CMV).ea",0.0000000189448951415687,0,Inf,"comorb_neuro"
"928","Human betaherpesvirus 5 (CMV).ea",1.91811170672283,0.337572088010523,10.8988647170155,"comorb_isaric_liver"
"929","Human betaherpesvirus 5 (CMV).ea",0.00000000595154584368146,0,Inf,"comorb_hxtrans"
"930","Human betaherpesvirus 5 (CMV).ea",0.000000000401466115876448,0,Inf,"comorb_hiv2"
"931","Human betaherpesvirus 5 (CMV).ea",0.720435639903255,0.140117638249414,3.70422680347299,"comorb_eversmkvape"
"932","Human betaherpesvirus 5 (CMV).ea",5.47106769324518,0.7776735465388,38.4899059988505,"comorb_anysubstance"
"933","Human betaherpesvirus 5 (CMV).ea",0.369543715560948,0.0317350114121918,4.30321438794654,"comorb_count"
"934","Human betaherpesvirus 5 (CMV).ea",0.369543715560948,0.0317350114121918,4.30321438794654,"comorb_countcat"
"935","Human betaherpesvirus 5 (CMV).ea",114533745.652225,0,Inf,"timesymptomcat"
"936","Human betaherpesvirus 5 (CMV).ea",1.04045199756761,0.101441123217829,10.6716125068711,"symptom_allresp"
"937","Human betaherpesvirus 5 (CMV).ea",0.638893292874792,0.149744694565694,2.72587046148284,"symptom_cough"
"938","Human betaherpesvirus 5 (CMV).ea",0.0000000157401794217497,0,Inf,"symptom_cough_prod"
"939","Human betaherpesvirus 5 (CMV).ea",0.00000000198203790181416,0,Inf,"symptom_haemoptysis"
"940","Human betaherpesvirus 5 (CMV).ea",0.805686493051941,0.0695384567647374,9.33484513874782,"symptom_sorethroat"
"941","Human betaherpesvirus 5 (CMV).ea",1.41733218002498,0.145754368224894,13.7823005443982,"symptom_rhinorrhea"
"942","Human betaherpesvirus 5 (CMV).ea",1.92772998779499,0.195598628726669,18.998818805816,"symptom_wheeze"
"943","Human betaherpesvirus 5 (CMV).ea",0.0000000369771136095671,0,Inf,"symptom_chestpain"
"944","Human betaherpesvirus 5 (CMV).ea",0.79531493271591,0.186810332801909,3.3859253538809,"symptom_dyspnea"
"945","Human betaherpesvirus 5 (CMV).ea",8588563967.4858,0,Inf,"symptom_earpain"
"946","Human betaherpesvirus 5 (CMV).ea",0.598986082187473,0.164489839946362,2.18119445414557,"symptom_allsyst"
"947","Human betaherpesvirus 5 (CMV).ea",0.600835093280279,0.15020936474319,2.40333091038845,"symptom_fever"
"948","Human betaherpesvirus 5 (CMV).ea",0.40719170497955,0.0456313974553582,3.63357455283639,"symptom_chills"
"949","Human betaherpesvirus 5 (CMV).ea",0.00000000140161377116478,0,Inf,"symptom_shaking"
"950","Human betaherpesvirus 5 (CMV).ea",0.60995701923258,0.144205982055419,2.57997317453942,"symptom_fatigue"
"951","Human betaherpesvirus 5 (CMV).ea",0.902368857523064,0.100176125982315,8.12837936227665,"symptom_myalgia"
"952","Human betaherpesvirus 5 (CMV).ea",0.0000000500622763298263,0,Inf,"symptom_lymphadenopathy"
"953","Human betaherpesvirus 5 (CMV).ea",0.201133845198164,0.024014551244196,1.68459627968174,"symptom_allneuro"
"954","Human betaherpesvirus 5 (CMV).ea",0.00000000627097709555313,0,Inf,"symptom_headache"
"955","Human betaherpesvirus 5 (CMV).ea",0.921753042279713,0.0992381953996447,8.56150867647627,"symptom_confusion"
"956","Human betaherpesvirus 5 (CMV).ea",151970002.471902,0,Inf,"symptom_syncope"
"957","Human betaherpesvirus 5 (CMV).ea",0.0000000135987409344995,0,Inf,"symptom_anosmia"
"958","Human betaherpesvirus 5 (CMV).ea",0.394453981055732,0.0764235834129995,2.03594147541961,"symptom_allGI"
"959","Human betaherpesvirus 5 (CMV).ea",0.0000000708901781714703,0,Inf,"symptom_abdpain"
"960","Human betaherpesvirus 5 (CMV).ea",1.08059908370099,0.19569414240145,5.96693577725995,"symptom_nausea"
"961","Human betaherpesvirus 5 (CMV).ea",0.00000000639785245553237,0,Inf,"symptom_diarrhea"
"962","Human betaherpesvirus 5 (CMV).ea",0.0000000306253042066936,0,Inf,"symptom_allderm"
"963","Human betaherpesvirus 5 (CMV).ea",0.0000000254078129377987,0,Inf,"symptom_skinrash"
"964","Human betaherpesvirus 5 (CMV).ea",0.00000000548534430495352,0,Inf,"symptom_skinulcer"
"965","Human betaherpesvirus 5 (CMV).ea",0.891756302541486,0.0956688332662999,8.31231317422774,"symptom_allother"
"966","Human betaherpesvirus 5 (CMV).ea",0.00000000760063563189821,0,Inf,"symptom_arthralgia"
"967","Human betaherpesvirus 5 (CMV).ea",1.60537953775665,0.139877678865485,18.4249801766169,"symptom_edema"
"968","Human betaherpesvirus 5 (CMV).ea",0.0000000309981056320439,0,Inf,"symptom_nonamb"
"969","Human betaherpesvirus 5 (CMV).ea",2.27375262074772,0.549178819039198,9.41396645522874,"ever_ever_esc"
"970","Human betaherpesvirus 5 (CMV).ea",109790412.339865,0,Inf,"ever_icu"
"971","Human betaherpesvirus 5 (CMV).ea",11.2501066095685,2.50192718082001,50.5869634004195,"diedever"
"972","Human betaherpesvirus 5 (CMV).ea",0.445453849408291,0.101193440327548,1.96088927612679,"ever_remdes"
"973","Human betaherpesvirus 5 (CMV).ea",0.662743708648647,0.122004755330597,3.60009921058553,"ever_steroids"
"974","Human betaherpesvirus 5 (CMV).ea",0.453631554050857,0.110624560185158,1.86017993189006,"ever_azithro"
"975","Human betaherpesvirus 5 (CMV).ea",46542670.1294273,0,Inf,"ever_otherabx"
"976","Human betaherpesvirus 5 (CMV).ea",0.330804051025426,0.032081092894696,3.41108454546836,"ever_conplas"
"977","Human betaherpesvirus 5 (CMV).ea",1.33875768853047,0,Inf,"ever_monoclonal"
"978","Human betaherpesvirus 5 (CMV).ea",1.49414609096062,0.19755080189098,11.3007516029466,"ever_immsupp"
"979","Human betaherpesvirus 5 (CMV).ea",750664525.800895,0,Inf,"anycomp"
"980","Human betaherpesvirus 5 (CMV).ea",750664525.800895,0,Inf,"ncomp"
"981","Human betaherpesvirus 5 (CMV).ea",0.00000000321486866042533,0,Inf,"comp_seizure"
"982","Human betaherpesvirus 5 (CMV).ea",17.9165622462578,1.44553282450958,222.065661381946,"comp_meningitis"
"983","Human betaherpesvirus 5 (CMV).ea",0.00000000547917263306923,0,Inf,"comp_stroke"
"984","Human betaherpesvirus 5 (CMV).ea",0.67975828496483,0.0779422942050702,5.92837727822835,"comp_afib"
"985","Human betaherpesvirus 5 (CMV).ea",5.83059968748309,1.15163320489713,29.5197225740938,"comp_ventricular_arr"
"986","Human betaherpesvirus 5 (CMV).ea",0.730744519256622,0,Inf,"comp_myocard"
"987","Human betaherpesvirus 5 (CMV).ea",0.000000100230391356864,0,Inf,"comp_cardarrest"
"988","Human betaherpesvirus 5 (CMV).ea",375036182.288133,0,Inf,"comp_stemi"
"989","Human betaherpesvirus 5 (CMV).ea",0.0000000138867624560346,0,Inf,"comp_nstemi"
"990","Human betaherpesvirus 5 (CMV).ea",3.60509855997628,0.579288774481539,22.4356766429232,"comp_chf"
"991","Human betaherpesvirus 5 (CMV).ea",1.34096803113621,0.104815707817561,17.155780349823,"comp_pneumonia"
"992","Human betaherpesvirus 5 (CMV).ea",0.00000000548535486659452,0,Inf,"comp_bronch"
"993","Human betaherpesvirus 5 (CMV).ea",3.92137804443066,0.795522519255327,19.3296926172965,"comp_pneumo"
"994","Human betaherpesvirus 5 (CMV).ea",0.0000000168937043425531,0,Inf,"comp_pneumomed"
"995","Human betaherpesvirus 5 (CMV).ea",1.65862712858536,0.127749502505898,21.5346744818228,"comp_aat"
"996","Human betaherpesvirus 5 (CMV).ea",3.85317666254729,0.996781064630886,14.8949161652634,"comp_avthromb"
"997","Human betaherpesvirus 5 (CMV).ea",3.53323500265972,0.636559228301047,19.6112930721914,"comp_shock"
"998","Human betaherpesvirus 5 (CMV).ea",3.57449568638109,0.816046575759217,15.6572183396148,"comp_bac"
"999","Human betaherpesvirus 5 (CMV).ea",1.8135418454594,0.171803428031147,19.1435878953243,"comp_coag"
"1000","Human betaherpesvirus 5 (CMV).ea",0.00000000992421360412527,0,Inf,"comp_hypogly"
"1001","Human betaherpesvirus 5 (CMV).ea",1.8573049696873,0.301673797518893,11.434807327637,"comp_bleed"
"1002","Human betaherpesvirus 5 (CMV).ea",2.18786200276864,0.535756168119086,8.93454975976092,"comp_anemia"
"1003","Human betaherpesvirus 5 (CMV).ea",0.0186496049354252,0,Inf,"comp_pancreas"
"1004","Human betaherpesvirus 5 (CMV).ea",3.59608162508648,0.771305573037363,16.7661216336864,"comp_renal"
"1005","Human betaherpesvirus 5 (CMV).ea",0.920729252513003,0.176007763734034,4.81650546798709,"comp_liver"
"1006","Human betaherpesvirus 5 (CMV).ea",0.0000000154332311517435,0,Inf,"comp_othlab"
"1007","Human betaherpesvirus 5 (CMV).ea",1.41141131338249,0.149093883515331,13.3612583465856,"comp_electrolyte"
"1008","Human betaherpesvirus 5 (CMV).ea",1.73903545845529,0.174222785296506,17.3584891357231,"comp_othinf"
"1009","Human betaherpesvirus 5 (CMV).ea",0.00190167222459412,0,Inf,"comp_unddisease"
"1010","Human betaherpesvirus 5 (CMV).ea",2.89568369767069,0.401101930764924,20.9048708914594,"comp_enceph"
"1011","Human betaherpesvirus 5 (CMV).ea",0.359139180299031,0,Inf,"comp_othneuro"
"1012","Human betaherpesvirus 5 (CMV).ea",3.43568956353305,0.263429693675795,44.8087784344357,"comp_hypergly"
"1013","Human betaherpesvirus 5 (CMV).ea",1.33875768853047,0,Inf,"comp_psych"
"1014","Human betaherpesvirus 5 (CMV).ea",0.0000287222168970814,0,Inf,"comp_gastroent"
"1015","Human gammaherpesvirus 4 (EBV).ea",3.15977781334391,0.642423173993541,15.5414627520906,"comorb_htn"
"1016","Human gammaherpesvirus 4 (EBV).ea",1.77509546071697,0.486356454758234,6.47871301764532,"comorb_isaric_dm"
"1017","Human gammaherpesvirus 4 (EBV).ea",1.77230832330316,0.448771355758058,6.99928093125237,"comorb_anyresp_noasthma"
"1018","Human gammaherpesvirus 4 (EBV).ea",5.60509706734596,1.26530592298175,24.8296578430096,"comorb_isaric_asthma"
"1019","Human gammaherpesvirus 4 (EBV).ea",3.53247748708437,0.900594963358384,13.855726163763,"comorb_isaric_cardiac"
"1020","Human gammaherpesvirus 4 (EBV).ea",4.38288750640616,1.05188995562295,18.2620841573059,"comorb_isaric_ckd"
"1021","Human gammaherpesvirus 4 (EBV).ea",4.32967329523519,0.67845534209272,27.6305154966424,"comorb_isaric_neoplasm"
"1022","Human gammaherpesvirus 4 (EBV).ea",1.6573087794517,0.288875541449284,9.50815142281571,"comorb_neuro"
"1023","Human gammaherpesvirus 4 (EBV).ea",4.60300613204483,0.979242766880964,21.63678524696,"comorb_isaric_liver"
"1024","Human gammaherpesvirus 4 (EBV).ea",4.92091636237879,0.238061926717207,101.718986229548,"comorb_hxtrans"
"1025","Human gammaherpesvirus 4 (EBV).ea",0.000000000786757092650903,0,Inf,"comorb_hiv2"
"1026","Human gammaherpesvirus 4 (EBV).ea",0.45190833307877,0.0882263985409352,2.31473963443355,"comorb_eversmkvape"
"1027","Human gammaherpesvirus 4 (EBV).ea",2.64528584792302,0.250505334550978,27.9336854433246,"comorb_anysubstance"
"1028","Human gammaherpesvirus 4 (EBV).ea",0.565037069635225,0.0524851338022685,6.08299659223053,"comorb_count"
"1029","Human gammaherpesvirus 4 (EBV).ea",0.565037069635225,0.0524851338022685,6.08299659223053,"comorb_countcat"
"1030","Human gammaherpesvirus 4 (EBV).ea",1.15765725015336,0.222716570805441,6.01738031429806,"timesymptomcat"
"1031","Human gammaherpesvirus 4 (EBV).ea",33370978.6828159,0,Inf,"symptom_allresp"
"1032","Human gammaherpesvirus 4 (EBV).ea",4.41349716609015,0.745835977189589,26.1169450533683,"symptom_cough"
"1033","Human gammaherpesvirus 4 (EBV).ea",0.0000000115815277877303,0,Inf,"symptom_cough_prod"
"1034","Human gammaherpesvirus 4 (EBV).ea",0.00000000358296295911446,0,Inf,"symptom_haemoptysis"
"1035","Human gammaherpesvirus 4 (EBV).ea",1.02989267659316,0.0957669118048247,11.0756304584815,"symptom_sorethroat"
"1036","Human gammaherpesvirus 4 (EBV).ea",1.20169819247241,0.129884893777674,11.1181408691246,"symptom_rhinorrhea"
"1037","Human gammaherpesvirus 4 (EBV).ea",1.61434012075733,0.173835874893856,14.9916927508668,"symptom_wheeze"
"1038","Human gammaherpesvirus 4 (EBV).ea",1.97612873555426,0.458355161301551,8.51977922184703,"symptom_chestpain"
"1039","Human gammaherpesvirus 4 (EBV).ea",3.17562498000509,0.382438344281799,26.3692021587707,"symptom_dyspnea"
"1040","Human gammaherpesvirus 4 (EBV).ea",0.293115751270387,0,Inf,"symptom_earpain"
"1041","Human gammaherpesvirus 4 (EBV).ea",0.522575866202708,0.147049887295412,1.85709449330555,"symptom_allsyst"
"1042","Human gammaherpesvirus 4 (EBV).ea",0.810371693387704,0.207047593824353,3.17174553596194,"symptom_fever"
"1043","Human gammaherpesvirus 4 (EBV).ea",1.307685502725,0.241452030496908,7.08232343508508,"symptom_chills"
"1044","Human gammaherpesvirus 4 (EBV).ea",0.00000000138168859563297,0,Inf,"symptom_shaking"
"1045","Human gammaherpesvirus 4 (EBV).ea",0.152976965014263,0.0184610485720019,1.26763936152936,"symptom_fatigue"
"1046","Human gammaherpesvirus 4 (EBV).ea",1.08628306148287,0.120855992596352,9.76377641120145,"symptom_myalgia"
"1047","Human gammaherpesvirus 4 (EBV).ea",0.00000000948330570890879,0,Inf,"symptom_lymphadenopathy"
"1048","Human gammaherpesvirus 4 (EBV).ea",0.184762416911924,0.0223938908280175,1.5243956919012,"symptom_allneuro"
"1049","Human gammaherpesvirus 4 (EBV).ea",0.00000000795642336754837,0,Inf,"symptom_headache"
"1050","Human gammaherpesvirus 4 (EBV).ea",0.743884452299251,0.0865138453161257,6.39624878943409,"symptom_confusion"
"1051","Human gammaherpesvirus 4 (EBV).ea",0.000000000275389072209127,0,Inf,"symptom_syncope"
"1052","Human gammaherpesvirus 4 (EBV).ea",0.0000000122989462622359,0,Inf,"symptom_anosmia"
"1053","Human gammaherpesvirus 4 (EBV).ea",0.435619917316405,0.087720449910754,2.16328931914754,"symptom_allGI"
"1054","Human gammaherpesvirus 4 (EBV).ea",0.0000000737513496017441,0,Inf,"symptom_abdpain"
"1055","Human gammaherpesvirus 4 (EBV).ea",1.37453843780113,0.25185584111606,7.50173555086268,"symptom_nausea"
"1056","Human gammaherpesvirus 4 (EBV).ea",0.000000013837869700636,0,Inf,"symptom_diarrhea"
"1057","Human gammaherpesvirus 4 (EBV).ea",1.26184618575367,0,Inf,"symptom_allderm"
"1058","Human gammaherpesvirus 4 (EBV).ea",0.000000000215139588799039,0,Inf,"symptom_skinrash"
"1059","Human gammaherpesvirus 4 (EBV).ea",0.977848517287723,0,Inf,"symptom_skinulcer"
"1060","Human gammaherpesvirus 4 (EBV).ea",3.88976843583508,0.851555010791792,17.7678462256366,"symptom_allother"
"1061","Human gammaherpesvirus 4 (EBV).ea",0.00000000190220748082438,0,Inf,"symptom_arthralgia"
"1062","Human gammaherpesvirus 4 (EBV).ea",21.0688164004325,2.65432821730415,167.234414199904,"symptom_edema"
"1063","Human gammaherpesvirus 4 (EBV).ea",0.0000000242392895643824,0,Inf,"symptom_nonamb"
"1064","Human gammaherpesvirus 4 (EBV).ea",0.899288173217235,0.211852080240243,3.81737681108107,"ever_ever_esc"
"1065","Human gammaherpesvirus 4 (EBV).ea",130264034.090678,0,Inf,"ever_icu"
"1066","Human gammaherpesvirus 4 (EBV).ea",4.7596763892025,0.919619875361961,24.6346560539646,"diedever"
"1067","Human gammaherpesvirus 4 (EBV).ea",7.39546250140259,0.775247092686475,70.5489464270337,"ever_remdes"
"1068","Human gammaherpesvirus 4 (EBV).ea",1.49335513744189,0.17520125224903,12.7288449020571,"ever_steroids"
"1069","Human gammaherpesvirus 4 (EBV).ea",1.14437935597034,0.28899261634075,4.53161789028876,"ever_azithro"
"1070","Human gammaherpesvirus 4 (EBV).ea",59821569.4886992,0,Inf,"ever_otherabx"
"1071","Human gammaherpesvirus 4 (EBV).ea",0.280703607903717,0.0250253924742437,3.14858260749594,"ever_conplas"
"1072","Human gammaherpesvirus 4 (EBV).ea",3.26668284105836,0,Inf,"ever_monoclonal"
"1073","Human gammaherpesvirus 4 (EBV).ea",0.752955621275363,0.0638506275761241,8.87919491369522,"ever_immsupp"
"1074","Human gammaherpesvirus 4 (EBV).ea",6193632461.91003,0,Inf,"anycomp"
"1075","Human gammaherpesvirus 4 (EBV).ea",6193632461.91003,0,Inf,"ncomp"
"1076","Human gammaherpesvirus 4 (EBV).ea",0.00000000254870820551684,0,Inf,"comp_seizure"
"1077","Human gammaherpesvirus 4 (EBV).ea",1.93863759690452,0.180151107883858,20.8620184259687,"comp_meningitis"
"1078","Human gammaherpesvirus 4 (EBV).ea",2.60414166952465,0.475595897101799,14.2590671540277,"comp_stroke"
"1079","Human gammaherpesvirus 4 (EBV).ea",2.06134411055499,0.481909436949803,8.81729888713996,"comp_afib"
"1080","Human gammaherpesvirus 4 (EBV).ea",0.939251724350421,0.107710439766216,8.1904205721379,"comp_ventricular_arr"
"1081","Human gammaherpesvirus 4 (EBV).ea",0.3171704983369,0,Inf,"comp_myocard"
"1082","Human gammaherpesvirus 4 (EBV).ea",1.51457363330343,0.0995126294248402,23.0516800124401,"comp_cardarrest"
"1083","Human gammaherpesvirus 4 (EBV).ea",3.05095904327797,0.259951319675998,35.8080547364081,"comp_stemi"
"1084","Human gammaherpesvirus 4 (EBV).ea",0.00000000880501363901115,0,Inf,"comp_nstemi"
"1085","Human gammaherpesvirus 4 (EBV).ea",17.0132292580412,3.48689006637152,83.0109250011068,"comp_chf"
"1086","Human gammaherpesvirus 4 (EBV).ea",0.521853376908579,0.0631614702851942,4.31166256518771,"comp_pneumonia"
"1087","Human gammaherpesvirus 4 (EBV).ea",0.9778458207502,0,Inf,"comp_bronch"
"1088","Human gammaherpesvirus 4 (EBV).ea",0.950275072531775,0.105653346613496,8.54703369481269,"comp_pneumo"
"1089","Human gammaherpesvirus 4 (EBV).ea",2.27613693525997,0.20952315088189,24.7266200715696,"comp_pneumomed"
"1090","Human gammaherpesvirus 4 (EBV).ea",2.80652934282006,0.239785398933362,32.8485678742223,"comp_aat"
"1091","Human gammaherpesvirus 4 (EBV).ea",1.37123622048643,0.328160599001332,5.72978224106143,"comp_avthromb"
"1092","Human gammaherpesvirus 4 (EBV).ea",2.33730902779249,0.434293988652204,12.5790677148314,"comp_shock"
"1093","Human gammaherpesvirus 4 (EBV).ea",2.52414733746499,0.615423357387635,10.352742879758,"comp_bac"
"1094","Human gammaherpesvirus 4 (EBV).ea",0.00000000446073829673992,0,Inf,"comp_coag"
"1095","Human gammaherpesvirus 4 (EBV).ea",0.0000000189287862779808,0,Inf,"comp_hypogly"
"1096","Human gammaherpesvirus 4 (EBV).ea",2.17715541498693,0.450798100989971,10.5146975788,"comp_bleed"
"1097","Human gammaherpesvirus 4 (EBV).ea",4.7914097520327,1.09143819361818,21.0342716116323,"comp_anemia"
"1098","Human gammaherpesvirus 4 (EBV).ea",0.000000000811370260798374,0,Inf,"comp_pancreas"
"1099","Human gammaherpesvirus 4 (EBV).ea",1.8085078717124,0.447588736496857,7.30737942077035,"comp_renal"
"1100","Human gammaherpesvirus 4 (EBV).ea",2.1044964323392,0.488167909596534,9.07250383866665,"comp_liver"
"1101","Human gammaherpesvirus 4 (EBV).ea",0.0000000196237200127913,0,Inf,"comp_othlab"
"1102","Human gammaherpesvirus 4 (EBV).ea",0.933600282565012,0.105850071651582,8.23437787056465,"comp_electrolyte"
"1103","Human gammaherpesvirus 4 (EBV).ea",2.74118666809537,0.264553766792791,28.4029384288796,"comp_othinf"
"1104","Human gammaherpesvirus 4 (EBV).ea",0.0000011922014096707,0,Inf,"comp_unddisease"
"1105","Human gammaherpesvirus 4 (EBV).ea",4.10269230502837,0.563528702526178,29.8690804466293,"comp_enceph"
"1106","Human gammaherpesvirus 4 (EBV).ea",0.8807560623345,0,Inf,"comp_othneuro"
"1107","Human gammaherpesvirus 4 (EBV).ea",0.000000065072043578484,0,Inf,"comp_hypergly"
"1108","Human gammaherpesvirus 4 (EBV).ea",3.26668284105836,0,Inf,"comp_psych"
"1109","Human gammaherpesvirus 4 (EBV).ea",0.00000597635429461328,0,Inf,"comp_gastroent"
