"","ID","Description","GeneRatio","BgRatio","pvalue","p.adjust","qvalue","geneID","Count","dir","database","virus","knock_in"
"R-HSA-6805567","R-HSA-6805567","Keratinization","19/149","67/8368",2.09365256535738e-18,5.51677450971669e-16,5.30024675756263e-16,"3872/2312/7062/84648/6703/26085/144501/6699/6698/196374/286887/3854/43849/3868/6701/6704/1041/6700/6705",19,"up","Reactome","Anelloviridae.pbmc",FALSE
"R-HSA-6809371","R-HSA-6809371","Formation of the cornified envelope","19/149","67/8368",2.09365256535738e-18,5.51677450971669e-16,5.30024675756263e-16,"3872/2312/7062/84648/6703/26085/144501/6699/6698/196374/286887/3854/43849/3868/6701/6704/1041/6700/6705",19,"up","Reactome","Anelloviridae.pbmc",FALSE
"R-HSA-6803157","R-HSA-6803157","Antimicrobial peptides","5/149","36/8368",0.000404214178790072,0.071006957407456,0.0682200070168508,"5646/6278/114771/57115/84659",5,"up","Reactome","Anelloviridae.pbmc",FALSE
"R-HSA-3214815","R-HSA-3214815","HDACs deacetylate histones","6/149","80/8368",0.00293228111001199,0.386328036244079,0.371165056293623,"83933/2874/8362/8339/8354/8343",6,"up","Reactome","Anelloviridae.pbmc",FALSE
"R-HSA-446728","R-HSA-446728","Cell junction organization","5/149","72/8368",0.00899600216612474,0.555985400837651,0.534163542999921,"54549/55679/2318/64403/26285",5,"up","Reactome","Anelloviridae.pbmc",FALSE
"R-HSA-73728","R-HSA-73728","RNA Polymerase I Promoter Opening","4/149","49/8368",0.0109952879483561,0.555985400837651,0.534163542999921,"8362/8339/8354/8343",4,"up","Reactome","Anelloviridae.pbmc",FALSE
"R-HSA-5334118","R-HSA-5334118","DNA methylation","4/149","50/8368",0.0117896221236319,0.555985400837651,0.534163542999921,"8362/8339/8354/8343",4,"up","Reactome","Anelloviridae.pbmc",FALSE
"R-HSA-2022090","R-HSA-2022090","Assembly of collagen fibrils and other multimeric structures","4/149","51/8368",0.0126199277431458,0.555985400837651,0.534163542999921,"7093/7837/1515/131873",4,"up","Reactome","Anelloviridae.pbmc",FALSE
"R-HSA-5625886","R-HSA-5625886","Activated PKN1 stimulates transcription of AR (androgen receptor) regulated genes KLK2 and KLK3","4/149","51/8368",0.0126199277431458,0.555985400837651,0.534163542999921,"8362/8339/8354/8343",4,"up","Reactome","Anelloviridae.pbmc",FALSE
"R-HSA-1912408","R-HSA-1912408","Pre-NOTCH Transcription and Translation","5/149","79/8368",0.0131306137025004,0.555985400837651,0.534163542999921,"51548/8362/8339/8354/8343",5,"up","Reactome","Anelloviridae.pbmc",FALSE
"R-HSA-8936459","R-HSA-8936459","RUNX1 regulates genes involved in megakaryocyte differentiation and platelet function","5/149","79/8368",0.0131306137025004,0.555985400837651,0.534163542999921,"161882/8362/8339/8354/8343",5,"up","Reactome","Anelloviridae.pbmc",FALSE
"R-HSA-9609690","R-HSA-9609690","HCMV Early Events","6/149","112/8368",0.0147126789692224,0.555985400837651,0.534163542999921,"2874/84617/8362/8339/8354/8343",6,"up","Reactome","Anelloviridae.pbmc",FALSE
"R-HSA-427359","R-HSA-427359","SIRT1 negatively regulates rRNA expression","4/149","54/8368",0.0153319715422543,0.555985400837651,0.534163542999921,"8362/8339/8354/8343",4,"up","Reactome","Anelloviridae.pbmc",FALSE
"R-HSA-1502540","R-HSA-1502540","Signaling by Activin","2/149","12/8368",0.0184906257320338,0.555985400837651,0.534163542999921,"10272/130399",2,"up","Reactome","Anelloviridae.pbmc",FALSE
"R-HSA-9013973","R-HSA-9013973","TICAM1-dependent activation of IRF3/IRF7","2/149","12/8368",0.0184906257320338,0.555985400837651,0.534163542999921,"148022/3665",2,"up","Reactome","Anelloviridae.pbmc",FALSE
"R-HSA-212300","R-HSA-212300","PRC2 methylates histones and DNA","4/149","59/8368",0.0206171836699781,0.555985400837651,0.534163542999921,"8362/8339/8354/8343",4,"up","Reactome","Anelloviridae.pbmc",FALSE
"R-HSA-2299718","R-HSA-2299718","Condensation of Prophase Chromosomes","4/149","59/8368",0.0206171836699781,0.555985400837651,0.534163542999921,"8362/8339/8354/8343",4,"up","Reactome","Anelloviridae.pbmc",FALSE
"R-HSA-109582","R-HSA-109582","Hemostasis","15/149","474/8368",0.0213621597830212,0.555985400837651,0.534163542999921,"634/7078/5327/7450/27345/2886/1893/90952/5473/84617/161882/12/7975/57126/8354",15,"up","Reactome","Anelloviridae.pbmc",FALSE
"R-HSA-427389","R-HSA-427389","ERCC6 (CSB) and EHMT2 (G9a) positively regulate rRNA expression","4/149","62/8368",0.0242646635004943,0.555985400837651,0.534163542999921,"8362/8339/8354/8343",4,"up","Reactome","Anelloviridae.pbmc",FALSE
"R-HSA-156588","R-HSA-156588","Glucuronidation","2/149","14/8368",0.0249096070555324,0.555985400837651,0.534163542999921,"54579/54577",2,"up","Reactome","Anelloviridae.pbmc",FALSE
"R-HSA-1912422","R-HSA-1912422","Pre-NOTCH Expression and Processing","5/149","95/8368",0.026978928089247,0.555985400837651,0.534163542999921,"51548/8362/8339/8354/8343",5,"up","Reactome","Anelloviridae.pbmc",FALSE
"R-HSA-2559582","R-HSA-2559582","Senescence-Associated Secretory Phenotype (SASP)","5/149","98/8368",0.0303257503860135,0.555985400837651,0.534163542999921,"11065/8362/8339/8354/8343",5,"up","Reactome","Anelloviridae.pbmc",FALSE
"R-HSA-1500931","R-HSA-1500931","Cell-Cell communication","5/149","99/8368",0.0314969159748887,0.555985400837651,0.534163542999921,"54549/55679/2318/64403/26285",5,"up","Reactome","Anelloviridae.pbmc",FALSE
"R-HSA-936964","R-HSA-936964","Activation of IRF3/IRF7 mediated by TBK1/IKK epsilon","2/149","16/8368",0.0320962368784407,0.555985400837651,0.534163542999921,"148022/3665",2,"up","Reactome","Anelloviridae.pbmc",FALSE
"R-HSA-912446","R-HSA-912446","Meiotic recombination","4/149","69/8368",0.0342140336610405,0.555985400837651,0.534163542999921,"8362/8339/8354/8343",4,"up","Reactome","Anelloviridae.pbmc",FALSE
"R-HSA-9609646","R-HSA-9609646","HCMV Infection","6/149","136/8368",0.0342952122209806,0.555985400837651,0.534163542999921,"2874/84617/8362/8339/8354/8343",6,"up","Reactome","Anelloviridae.pbmc",FALSE
"R-HSA-2559586","R-HSA-2559586","DNA Damage/Telomere Stress Induced Senescence","4/149","70/8368",0.0358024935820462,0.555985400837651,0.534163542999921,"898/8362/8339/8343",4,"up","Reactome","Anelloviridae.pbmc",FALSE
"R-HSA-196741","R-HSA-196741","Cobalamin (Cbl, vitamin B12) transport and metabolism","2/149","17/8368",0.0359580897720433,0.555985400837651,0.534163542999921,"5646/81693",2,"up","Reactome","Anelloviridae.pbmc",FALSE
"R-HSA-114608","R-HSA-114608","Platelet degranulation ","5/149","104/8368",0.0377765255231517,0.555985400837651,0.534163542999921,"7078/7450/1893/5473/12",5,"up","Reactome","Anelloviridae.pbmc",FALSE
"R-HSA-171306","R-HSA-171306","Packaging Of Telomere Ends","3/149","42/8368",0.0383128042275815,0.555985400837651,0.534163542999921,"8362/8339/8343",3,"up","Reactome","Anelloviridae.pbmc",FALSE
"R-HSA-1474290","R-HSA-1474290","Collagen formation","4/149","72/8368",0.0391058480522891,0.555985400837651,0.534163542999921,"7093/7837/1515/131873",4,"up","Reactome","Anelloviridae.pbmc",FALSE
"R-HSA-2243919","R-HSA-2243919","Crosslinking of collagen fibrils","2/149","18/8368",0.0399890808162668,0.555985400837651,0.534163542999921,"7093/7837",2,"up","Reactome","Anelloviridae.pbmc",FALSE
"R-HSA-446353","R-HSA-446353","Cell-extracellular matrix interactions","2/149","18/8368",0.0399890808162668,0.555985400837651,0.534163542999921,"55679/2318",2,"up","Reactome","Anelloviridae.pbmc",FALSE
"R-HSA-5669034","R-HSA-5669034","TNFs bind their physiological receptors","2/149","18/8368",0.0399890808162668,0.555985400837651,0.534163542999921,"8744/8784",2,"up","Reactome","Anelloviridae.pbmc",FALSE
"R-HSA-9616222","R-HSA-9616222","Transcriptional regulation of granulopoiesis","4/149","73/8368",0.0408208380164984,0.555985400837651,0.534163542999921,"8362/8339/8354/8343",4,"up","Reactome","Anelloviridae.pbmc",FALSE
"R-HSA-3928665","R-HSA-3928665","EPH-ephrin mediated repulsion of cells","3/149","44/8368",0.0430885130970137,0.555985400837651,0.534163542999921,"1944/7074/2049",3,"up","Reactome","Anelloviridae.pbmc",FALSE
"R-HSA-76005","R-HSA-76005","Response to elevated platelet cytosolic Ca2+","5/149","108/8368",0.0433162876520285,0.555985400837651,0.534163542999921,"7078/7450/1893/5473/12",5,"up","Reactome","Anelloviridae.pbmc",FALSE
"R-HSA-201722","R-HSA-201722","Formation of the beta-catenin:TCF transactivating complex","4/149","75/8368",0.044377520216993,0.555985400837651,0.534163542999921,"8362/8339/8354/8343",4,"up","Reactome","Anelloviridae.pbmc",FALSE
"R-HSA-73772","R-HSA-73772","RNA Polymerase I Promoter Escape","4/149","75/8368",0.044377520216993,0.555985400837651,0.534163542999921,"8362/8339/8354/8343",4,"up","Reactome","Anelloviridae.pbmc",FALSE
"R-HSA-421270","R-HSA-421270","Cell-cell junction organization","3/149","45/8368",0.0455829809249098,0.555985400837651,0.534163542999921,"54549/64403/26285",3,"up","Reactome","Anelloviridae.pbmc",FALSE
"R-HSA-5250924","R-HSA-5250924","B-WICH complex positively regulates rRNA expression","4/149","76/8368",0.0462191799864356,0.555985400837651,0.534163542999921,"8362/8339/8354/8343",4,"up","Reactome","Anelloviridae.pbmc",FALSE
"R-HSA-5625740","R-HSA-5625740","RHO GTPases activate PKNs","4/149","77/8368",0.0481029963117356,0.555985400837651,0.534163542999921,"8362/8339/8354/8343",4,"up","Reactome","Anelloviridae.pbmc",FALSE
"R-HSA-110330","R-HSA-110330","Recognition and association of DNA glycosylase with site containing an affected purine","3/149","46/8368",0.0481476779518981,0.555985400837651,0.534163542999921,"8362/8339/8343",3,"up","Reactome","Anelloviridae.pbmc",FALSE
"R-HSA-110331","R-HSA-110331","Cleavage of the damaged purine","3/149","46/8368",0.0481476779518981,0.555985400837651,0.534163542999921,"8362/8339/8343",3,"up","Reactome","Anelloviridae.pbmc",FALSE
"R-HSA-73927","R-HSA-73927","Depurination","3/149","46/8368",0.0481476779518981,0.555985400837651,0.534163542999921,"8362/8339/8343",3,"up","Reactome","Anelloviridae.pbmc",FALSE
"R-HSA-140877","R-HSA-140877","Formation of Fibrin Clot (Clotting Cascade)","2/149","20/8368",0.0485300349877267,0.555985400837651,0.534163542999921,"7450/57126",2,"up","Reactome","Anelloviridae.pbmc",FALSE
"R-HSA-6798695","R-HSA-6798695","Neutrophil degranulation","13/149","445/8368",0.0534543659752027,0.598499922238048,0.575009412956159,"5646/634/10321/8876/383/6278/5473/53917/51806/527/12/57126/3240",13,"up","Reactome","Anelloviridae.pbmc",FALSE
"R-HSA-1482788","R-HSA-1482788","Acyl chain remodelling of PC","2/149","22/8368",0.0576641699796841,0.598499922238048,0.575009412956159,"64600/255043",2,"up","Reactome","Anelloviridae.pbmc",FALSE
"R-HSA-3371571","R-HSA-3371571","HSF1-dependent transactivation","2/149","22/8368",0.0576641699796841,0.598499922238048,0.575009412956159,"1410/26353",2,"up","Reactome","Anelloviridae.pbmc",FALSE
"R-HSA-186797","R-HSA-186797","Signaling by PDGF","3/149","50/8368",0.0590942943367578,0.598499922238048,0.575009412956159,"5327/2886/131873",3,"up","Reactome","Anelloviridae.pbmc",FALSE
"R-HSA-977225","R-HSA-977225","Amyloid fiber formation","4/149","83/8368",0.0602860768091589,0.598499922238048,0.575009412956159,"8362/8339/8354/8343",4,"up","Reactome","Anelloviridae.pbmc",FALSE
"R-HSA-110328","R-HSA-110328","Recognition and association of DNA glycosylase with site containing an affected pyrimidine","3/149","51/8368",0.0619989422488586,0.598499922238048,0.575009412956159,"8362/8339/8343",3,"up","Reactome","Anelloviridae.pbmc",FALSE
"R-HSA-110329","R-HSA-110329","Cleavage of the damaged pyrimidine ","3/149","51/8368",0.0619989422488586,0.598499922238048,0.575009412956159,"8362/8339/8343",3,"up","Reactome","Anelloviridae.pbmc",FALSE
"R-HSA-73928","R-HSA-73928","Depyrimidination","3/149","51/8368",0.0619989422488586,0.598499922238048,0.575009412956159,"8362/8339/8343",3,"up","Reactome","Anelloviridae.pbmc",FALSE
"R-HSA-381426","R-HSA-381426","Regulation of Insulin-like Growth Factor (IGF) transport and uptake by Insulin-like Growth Factor Binding Proteins (IGFBPs)","4/149","84/8368",0.0624620412202896,0.598499922238048,0.575009412956159,"10272/57719/26085/64856",4,"up","Reactome","Anelloviridae.pbmc",FALSE
"R-HSA-73929","R-HSA-73929","Base-Excision Repair, AP Site Formation","3/149","53/8368",0.0680037854001613,0.628736752734825,0.604059478808451,"8362/8339/8343",3,"up","Reactome","Anelloviridae.pbmc",FALSE
"R-HSA-9639288","R-HSA-9639288","Amino acids regulate mTORC1","3/149","53/8368",0.0680037854001613,0.628736752734825,0.604059478808451,"83667/527/729438",3,"up","Reactome","Anelloviridae.pbmc",FALSE
"R-HSA-8878171","R-HSA-8878171","Transcriptional regulation by RUNX1","7/149","203/8368",0.070263761914394,0.638431078084235,0.613373311811679,"1515/161882/8784/8362/8339/8354/8343",7,"up","Reactome","Anelloviridae.pbmc",FALSE
"R-HSA-427413","R-HSA-427413","NoRC negatively regulates rRNA expression","4/149","90/8368",0.0763727830145837,0.642905934811868,0.617672534993526,"8362/8339/8354/8343",4,"up","Reactome","Anelloviridae.pbmc",FALSE
"R-HSA-5250913","R-HSA-5250913","Positive epigenetic regulation of rRNA expression","4/149","91/8368",0.0788313785934308,0.642905934811868,0.617672534993526,"8362/8339/8354/8343",4,"up","Reactome","Anelloviridae.pbmc",FALSE
"R-HSA-5578749","R-HSA-5578749","Transcriptional regulation by small RNAs","4/149","91/8368",0.0788313785934308,0.642905934811868,0.617672534993526,"8362/8339/8354/8343",4,"up","Reactome","Anelloviridae.pbmc",FALSE
"R-HSA-5693607","R-HSA-5693607","Processing of DNA double-strand break ends","4/149","91/8368",0.0788313785934308,0.642905934811868,0.617672534993526,"51548/8362/8339/8343",4,"up","Reactome","Anelloviridae.pbmc",FALSE
"R-HSA-6785807","R-HSA-6785807","Interleukin-4 and Interleukin-13 signaling","4/149","91/8368",0.0788313785934308,0.642905934811868,0.617672534993526,"6624/3162/51561/1901",4,"up","Reactome","Anelloviridae.pbmc",FALSE
"R-HSA-9670095","R-HSA-9670095","Inhibition of DNA recombination at telomere","3/149","57/8368",0.0807691486068348,0.642905934811868,0.617672534993526,"8362/8339/8343",3,"up","Reactome","Anelloviridae.pbmc",FALSE
"R-HSA-1538133","R-HSA-1538133","G0 and Early G1","2/149","27/8368",0.0827611116542929,0.642905934811868,0.617672534993526,"898/55957",2,"up","Reactome","Anelloviridae.pbmc",FALSE
"R-HSA-5250941","R-HSA-5250941","Negative epigenetic regulation of rRNA expression","4/149","93/8368",0.0838660818597377,0.642905934811868,0.617672534993526,"8362/8339/8354/8343",4,"up","Reactome","Anelloviridae.pbmc",FALSE
"R-HSA-1500620","R-HSA-1500620","Meiosis","4/149","94/8368",0.0864415401052106,0.642905934811868,0.617672534993526,"8362/8339/8354/8343",4,"up","Reactome","Anelloviridae.pbmc",FALSE
"R-HSA-5617472","R-HSA-5617472","Activation of anterior HOX genes in hindbrain development during early embryogenesis","4/149","94/8368",0.0864415401052106,0.642905934811868,0.617672534993526,"8362/8339/8354/8343",4,"up","Reactome","Anelloviridae.pbmc",FALSE
"R-HSA-5619507","R-HSA-5619507","Activation of HOX genes during differentiation","4/149","94/8368",0.0864415401052106,0.642905934811868,0.617672534993526,"8362/8339/8354/8343",4,"up","Reactome","Anelloviridae.pbmc",FALSE
"R-HSA-73854","R-HSA-73854","RNA Polymerase I Promoter Clearance","4/149","94/8368",0.0864415401052106,0.642905934811868,0.617672534993526,"8362/8339/8354/8343",4,"up","Reactome","Anelloviridae.pbmc",FALSE
"R-HSA-419037","R-HSA-419037","NCAM1 interactions","2/149","28/8368",0.088120892866546,0.642905934811868,0.617672534993526,"775/131873",2,"up","Reactome","Anelloviridae.pbmc",FALSE
"R-HSA-69205","R-HSA-69205","G1/S-Specific Transcription","2/149","28/8368",0.088120892866546,0.642905934811868,0.617672534993526,"898/55957",2,"up","Reactome","Anelloviridae.pbmc",FALSE
"R-HSA-73864","R-HSA-73864","RNA Polymerase I Transcription","4/149","95/8368",0.0890552812927256,0.642905934811868,0.617672534993526,"8362/8339/8354/8343",4,"up","Reactome","Anelloviridae.pbmc",FALSE
"R-HSA-1474228","R-HSA-1474228","Degradation of the extracellular matrix","4/149","98/8368",0.0971225739722095,0.66252469713154,0.636521280975273,"7093/1515/5650/131873",4,"up","Reactome","Anelloviridae.pbmc",FALSE
"R-HSA-1221632","R-HSA-1221632","Meiotic synapsis","3/149","62/8368",0.0980586838259205,0.66252469713154,0.636521280975273,"8362/8339/8343",3,"up","Reactome","Anelloviridae.pbmc",FALSE
"R-HSA-5693571","R-HSA-5693571","Nonhomologous End-Joining (NHEJ)","3/149","62/8368",0.0980586838259205,0.66252469713154,0.636521280975273,"8362/8339/8343",3,"up","Reactome","Anelloviridae.pbmc",FALSE
"R-HSA-606279","R-HSA-606279","Deposition of new CENPA-containing nucleosomes at the centromere","3/149","62/8368",0.0980586838259205,0.66252469713154,0.636521280975273,"8362/8339/8343",3,"up","Reactome","Anelloviridae.pbmc",FALSE
"R-HSA-774815","R-HSA-774815","Nucleosome assembly","3/149","62/8368",0.0980586838259205,0.66252469713154,0.636521280975273,"8362/8339/8343",3,"up","Reactome","Anelloviridae.pbmc",FALSE
"R-HSA-2559583","R-HSA-2559583","Cellular Senescence","6/149","179/8368",0.0998776633279376,0.666272513592698,0.640121999476855,"898/11065/8362/8339/8354/8343",6,"up","Reactome","Anelloviridae.pbmc",FALSE
"R-HSA-163125","R-HSA-163125","Post-translational modification: synthesis of GPI-anchored proteins","3/149","63/8368",0.101683528551754,0.66984024433468,0.643549700439391,"8876/27076/249",3,"up","Reactome","Anelloviridae.pbmc",FALSE
"R-HSA-1474244","R-HSA-1474244","Extracellular matrix organization","7/149","224/8368",0.104755352298377,0.678164572256243,0.651547307011391,"634/7093/7450/7837/1515/5650/131873",7,"up","Reactome","Anelloviridae.pbmc",FALSE
"R-HSA-9610379","R-HSA-9610379","HCMV Late Events","4/149","101/8368",0.105520863235317,0.678164572256243,0.651547307011391,"8362/8339/8354/8343",4,"up","Reactome","Anelloviridae.pbmc",FALSE
"R-HSA-202733","R-HSA-202733","Cell surface interactions at the vascular wall","4/149","102/8368",0.108391944848703,0.688223553436943,0.661211483477818,"634/2886/90952/57126",4,"up","Reactome","Anelloviridae.pbmc",FALSE
"R-HSA-1474165","R-HSA-1474165","Reproduction","4/149","107/8368",0.123265067314019,0.688656156676946,0.661627107483494,"8362/8339/8354/8343",4,"up","Reactome","Anelloviridae.pbmc",FALSE
"R-HSA-2559580","R-HSA-2559580","Oxidative Stress Induced Senescence","4/149","108/8368",0.126340020377942,0.688656156676946,0.661627107483494,"8362/8339/8354/8343",4,"up","Reactome","Anelloviridae.pbmc",FALSE
"R-HSA-5693565","R-HSA-5693565","Recruitment and ATM-mediated phosphorylation of repair and signaling proteins at DNA double strand breaks","3/149","70/8368",0.128477811668033,0.688656156676946,0.661627107483494,"8362/8339/8343",3,"up","Reactome","Anelloviridae.pbmc",FALSE
"R-HSA-5693606","R-HSA-5693606","DNA Double Strand Break Response","3/149","71/8368",0.132494491057664,0.688656156676946,0.661627107483494,"8362/8339/8343",3,"up","Reactome","Anelloviridae.pbmc",FALSE
"R-HSA-8939236","R-HSA-8939236","RUNX1 regulates transcription of genes involved in differentiation of HSCs","4/149","110/8368",0.132586439897533,0.688656156676946,0.661627107483494,"8362/8339/8354/8343",4,"up","Reactome","Anelloviridae.pbmc",FALSE
"R-HSA-9675126","R-HSA-9675126","Diseases of mitotic cell cycle","2/149","36/8368",0.134198681306424,0.688656156676946,0.661627107483494,"898/11065",2,"up","Reactome","Anelloviridae.pbmc",FALSE
"R-HSA-9687139","R-HSA-9687139","Aberrant regulation of mitotic cell cycle due to RB1 defects","2/149","36/8368",0.134198681306424,0.688656156676946,0.661627107483494,"898/11065",2,"up","Reactome","Anelloviridae.pbmc",FALSE
"R-HSA-201681","R-HSA-201681","TCF dependent signaling in response to WNT","6/149","195/8368",0.134536149389617,0.688656156676946,0.661627107483494,"22943/10023/8362/8339/8354/8343",6,"up","Reactome","Anelloviridae.pbmc",FALSE
"R-HSA-390466","R-HSA-390466","Chaperonin-mediated protein folding","3/149","74/8368",0.144801966033894,0.688656156676946,0.661627107483494,"898/84617/8877",3,"up","Reactome","Anelloviridae.pbmc",FALSE
"R-HSA-196849","R-HSA-196849","Metabolism of water-soluble vitamins and cofactors","4/149","114/8368",0.145451399013165,0.688656156676946,0.661627107483494,"5646/113278/8876/81693",4,"up","Reactome","Anelloviridae.pbmc",FALSE
"R-HSA-390471","R-HSA-390471","Association of TriC/CCT with target proteins during biosynthesis","2/149","38/8368",0.146435347926096,0.688656156676946,0.661627107483494,"898/8877",2,"up","Reactome","Anelloviridae.pbmc",FALSE
"R-HSA-5576891","R-HSA-5576891","Cardiac conduction","3/149","75/8368",0.148986317942932,0.688656156676946,0.661627107483494,"30818/60598/775",3,"up","Reactome","Anelloviridae.pbmc",FALSE
"R-HSA-211000","R-HSA-211000","Gene Silencing by RNA","4/149","116/8368",0.152061763906892,0.688656156676946,0.661627107483494,"8362/8339/8354/8343",4,"up","Reactome","Anelloviridae.pbmc",FALSE
"R-HSA-8957275","R-HSA-8957275","Post-translational protein phosphorylation","3/149","76/8368",0.15320962498224,0.688656156676946,0.661627107483494,"10272/57719/64856",3,"up","Reactome","Anelloviridae.pbmc",FALSE
"R-HSA-500792","R-HSA-500792","GPCR ligand binding","6/149","204/8368",0.156245962662841,0.688656156676946,0.661627107483494,"623/79924/8324/5473/1901/259289",6,"up","Reactome","Anelloviridae.pbmc",FALSE
"R-HSA-3928662","R-HSA-3928662","EPHB-mediated forward signaling","2/149","40/8368",0.158891068014161,0.688656156676946,0.661627107483494,"7074/2049",2,"up","Reactome","Anelloviridae.pbmc",FALSE
"R-HSA-156580","R-HSA-156580","Phase II - Conjugation of compounds","3/149","78/8368",0.161768376617401,0.688656156676946,0.661627107483494,"2678/54579/54577",3,"up","Reactome","Anelloviridae.pbmc",FALSE
"R-HSA-8852135","R-HSA-8852135","Protein ubiquitination","3/149","78/8368",0.161768376617401,0.688656156676946,0.661627107483494,"11065/8339/8343",3,"up","Reactome","Anelloviridae.pbmc",FALSE
"R-HSA-189483","R-HSA-189483","Heme degradation","1/149","10/8368",0.164530273541378,0.688656156676946,0.661627107483494,"3162",1,"up","Reactome","Anelloviridae.pbmc",FALSE
"R-HSA-190872","R-HSA-190872","Transport of connexons to the plasma membrane","1/149","10/8368",0.164530273541378,0.688656156676946,0.661627107483494,"84617",1,"up","Reactome","Anelloviridae.pbmc",FALSE
"R-HSA-3772470","R-HSA-3772470","Negative regulation of TCF-dependent signaling by WNT ligand antagonists","1/149","10/8368",0.164530273541378,0.688656156676946,0.661627107483494,"22943",1,"up","Reactome","Anelloviridae.pbmc",FALSE
"R-HSA-422085","R-HSA-422085","Synthesis, secretion, and deacylation of Ghrelin","1/149","10/8368",0.164530273541378,0.688656156676946,0.661627107483494,"43",1,"up","Reactome","Anelloviridae.pbmc",FALSE
"R-HSA-430116","R-HSA-430116","GP1b-IX-V activation signalling","1/149","10/8368",0.164530273541378,0.688656156676946,0.661627107483494,"7450",1,"up","Reactome","Anelloviridae.pbmc",FALSE
"R-HSA-5576893","R-HSA-5576893","Phase 2 - plateau phase","1/149","10/8368",0.164530273541378,0.688656156676946,0.661627107483494,"775",1,"up","Reactome","Anelloviridae.pbmc",FALSE
"R-HSA-73614","R-HSA-73614","Pyrimidine salvage","1/149","10/8368",0.164530273541378,0.688656156676946,0.661627107483494,"7378",1,"up","Reactome","Anelloviridae.pbmc",FALSE
"R-HSA-9651496","R-HSA-9651496","Defects of contact activation system (CAS) and kallikrein/kinin system (KKS)","1/149","10/8368",0.164530273541378,0.688656156676946,0.661627107483494,"7450",1,"up","Reactome","Anelloviridae.pbmc",FALSE
"R-HSA-9671793","R-HSA-9671793","Diseases of hemostasis","1/149","10/8368",0.164530273541378,0.688656156676946,0.661627107483494,"7450",1,"up","Reactome","Anelloviridae.pbmc",FALSE
"R-HSA-391251","R-HSA-391251","Protein folding","3/149","79/8368",0.166101464738649,0.688656156676946,0.661627107483494,"898/84617/8877",3,"up","Reactome","Anelloviridae.pbmc",FALSE
"R-HSA-449147","R-HSA-449147","Signaling by Interleukins","10/149","396/8368",0.16795166893028,0.688656156676946,0.661627107483494,"6624/3162/51561/56300/27179/26525/29949/1901/23529/8354",10,"up","Reactome","Anelloviridae.pbmc",FALSE
"R-HSA-3214842","R-HSA-3214842","HDMs demethylate histones","2/149","42/8368",0.171535431230651,0.688656156676946,0.661627107483494,"8362/8354",2,"up","Reactome","Anelloviridae.pbmc",FALSE
"R-HSA-983231","R-HSA-983231","Factors involved in megakaryocyte development and platelet production","4/149","122/8368",0.172553708504589,0.688656156676946,0.661627107483494,"84617/161882/7975/8354",4,"up","Reactome","Anelloviridae.pbmc",FALSE
"R-HSA-2682334","R-HSA-2682334","EPH-Ephrin signaling","3/149","81/8368",0.174869204251505,0.688656156676946,0.661627107483494,"1944/7074/2049",3,"up","Reactome","Anelloviridae.pbmc",FALSE
"R-HSA-5693567","R-HSA-5693567","HDR through Homologous Recombination (HRR) or Single Strand Annealing (SSA)","4/149","123/8368",0.176059728491553,0.688656156676946,0.661627107483494,"51548/8362/8339/8343",4,"up","Reactome","Anelloviridae.pbmc",FALSE
"R-HSA-5633008","R-HSA-5633008","TP53 Regulates Transcription of Cell Death Genes","2/149","43/8368",0.177919358547713,0.688656156676946,0.661627107483494,"10397/27113",2,"up","Reactome","Anelloviridae.pbmc",FALSE
"R-HSA-73884","R-HSA-73884","Base Excision Repair","3/149","82/8368",0.179301525868197,0.688656156676946,0.661627107483494,"8362/8339/8343",3,"up","Reactome","Anelloviridae.pbmc",FALSE
"R-HSA-1181150","R-HSA-1181150","Signaling by NODAL","1/149","11/8368",0.179424385678532,0.688656156676946,0.661627107483494,"130399",1,"up","Reactome","Anelloviridae.pbmc",FALSE
"R-HSA-1236977","R-HSA-1236977","Endosomal/Vacuolar pathway","1/149","11/8368",0.179424385678532,0.688656156676946,0.661627107483494,"1515",1,"up","Reactome","Anelloviridae.pbmc",FALSE
"R-HSA-1482922","R-HSA-1482922","Acyl chain remodelling of PI","1/149","11/8368",0.179424385678532,0.688656156676946,0.661627107483494,"64600",1,"up","Reactome","Anelloviridae.pbmc",FALSE
"R-HSA-2032785","R-HSA-2032785","YAP1- and WWTR1 (TAZ)-stimulated gene expression","1/149","11/8368",0.179424385678532,0.688656156676946,0.661627107483494,"7004",1,"up","Reactome","Anelloviridae.pbmc",FALSE
"R-HSA-354194","R-HSA-354194","GRB2:SOS provides linkage to MAPK signaling for Integrins ","1/149","11/8368",0.179424385678532,0.688656156676946,0.661627107483494,"7450",1,"up","Reactome","Anelloviridae.pbmc",FALSE
"R-HSA-372708","R-HSA-372708","p130Cas linkage to MAPK signaling for integrins","1/149","11/8368",0.179424385678532,0.688656156676946,0.661627107483494,"7450",1,"up","Reactome","Anelloviridae.pbmc",FALSE
"R-HSA-416993","R-HSA-416993","Trafficking of GluR2-containing AMPA receptors","1/149","11/8368",0.179424385678532,0.688656156676946,0.661627107483494,"80852",1,"up","Reactome","Anelloviridae.pbmc",FALSE
"R-HSA-419408","R-HSA-419408","Lysosphingolipid and LPA receptors","1/149","11/8368",0.179424385678532,0.688656156676946,0.661627107483494,"1901",1,"up","Reactome","Anelloviridae.pbmc",FALSE
"R-HSA-75205","R-HSA-75205","Dissolution of Fibrin Clot","1/149","11/8368",0.179424385678532,0.688656156676946,0.661627107483494,"5327",1,"up","Reactome","Anelloviridae.pbmc",FALSE
"R-HSA-9014325","R-HSA-9014325","TICAM1,TRAF6-dependent induction of TAK1 complex","1/149","11/8368",0.179424385678532,0.688656156676946,0.661627107483494,"148022",1,"up","Reactome","Anelloviridae.pbmc",FALSE
"R-HSA-157118","R-HSA-157118","Signaling by NOTCH","6/149","214/8368",0.182053335016099,0.688656156676946,0.661627107483494,"51548/83933/8362/8339/8354/8343",6,"up","Reactome","Anelloviridae.pbmc",FALSE
"R-HSA-2672351","R-HSA-2672351","Stimuli-sensing channels","3/149","83/8368",0.183764605207911,0.688656156676946,0.661627107483494,"57719/57348/162514",3,"up","Reactome","Anelloviridae.pbmc",FALSE
"R-HSA-373080","R-HSA-373080","Class B/2 (Secretin family receptors)","2/149","44/8368",0.184339874997746,0.688656156676946,0.661627107483494,"79924/8324",2,"up","Reactome","Anelloviridae.pbmc",FALSE
"R-HSA-112315","R-HSA-112315","Transmission across Chemical Synapses","5/149","171/8368",0.189115170821284,0.688656156676946,0.661627107483494,"43/6505/80852/3359/84617",5,"up","Reactome","Anelloviridae.pbmc",FALSE
"R-HSA-68875","R-HSA-68875","Mitotic Prophase","4/149","127/8368",0.190322768583362,0.688656156676946,0.661627107483494,"8362/8339/8354/8343",4,"up","Reactome","Anelloviridae.pbmc",FALSE
"R-HSA-2142753","R-HSA-2142753","Arachidonic acid metabolism","2/149","45/8368",0.19079368402439,0.688656156676946,0.661627107483494,"2678/239",2,"up","Reactome","Anelloviridae.pbmc",FALSE
"R-HSA-3214847","R-HSA-3214847","HATs acetylate histones","4/149","128/8368",0.193945487020881,0.688656156676946,0.661627107483494,"8362/8339/8354/8343",4,"up","Reactome","Anelloviridae.pbmc",FALSE
"R-HSA-1679131","R-HSA-1679131","Trafficking and processing of endosomal TLR","1/149","12/8368",0.19405472749185,0.688656156676946,0.661627107483494,"1515",1,"up","Reactome","Anelloviridae.pbmc",FALSE
"R-HSA-174403","R-HSA-174403","Glutathione synthesis and recycling","1/149","12/8368",0.19405472749185,0.688656156676946,0.661627107483494,"2678",1,"up","Reactome","Anelloviridae.pbmc",FALSE
"R-HSA-5083625","R-HSA-5083625","Defective GALNT3 causes familial hyperphosphatemic tumoral calcinosis (HFTC)","1/149","12/8368",0.19405472749185,0.688656156676946,0.661627107483494,"394263",1,"up","Reactome","Anelloviridae.pbmc",FALSE
"R-HSA-5083636","R-HSA-5083636","Defective GALNT12 causes colorectal cancer 1 (CRCS1)","1/149","12/8368",0.19405472749185,0.688656156676946,0.661627107483494,"394263",1,"up","Reactome","Anelloviridae.pbmc",FALSE
"R-HSA-9664420","R-HSA-9664420","Killing mechanisms","1/149","12/8368",0.19405472749185,0.688656156676946,0.661627107483494,"8324",1,"up","Reactome","Anelloviridae.pbmc",FALSE
"R-HSA-9673324","R-HSA-9673324","WNT5:FZD7-mediated leishmania damping","1/149","12/8368",0.19405472749185,0.688656156676946,0.661627107483494,"8324",1,"up","Reactome","Anelloviridae.pbmc",FALSE
"R-HSA-975110","R-HSA-975110","TRAF6 mediated IRF7 activation in TLR7/8 or 9 signaling","1/149","12/8368",0.19405472749185,0.688656156676946,0.661627107483494,"3665",1,"up","Reactome","Anelloviridae.pbmc",FALSE
"R-HSA-5693538","R-HSA-5693538","Homology Directed Repair","4/149","129/8368",0.197589871424977,0.688656156676946,0.661627107483494,"51548/8362/8339/8343",4,"up","Reactome","Anelloviridae.pbmc",FALSE
"R-HSA-375165","R-HSA-375165","NCAM signaling for neurite out-growth","2/149","47/8368",0.203788512554542,0.688656156676946,0.661627107483494,"775/131873",2,"up","Reactome","Anelloviridae.pbmc",FALSE
"R-HSA-212165","R-HSA-212165","Epigenetic regulation of gene expression","4/149","131/8368",0.204941396204771,0.688656156676946,0.661627107483494,"8362/8339/8354/8343",4,"up","Reactome","Anelloviridae.pbmc",FALSE
"R-HSA-9018519","R-HSA-9018519","Estrogen-dependent gene expression","4/149","131/8368",0.204941396204771,0.688656156676946,0.661627107483494,"8362/8339/8354/8343",4,"up","Reactome","Anelloviridae.pbmc",FALSE
"R-HSA-69473","R-HSA-69473","G2/M DNA damage checkpoint","3/149","88/8368",0.206501396547,0.688656156676946,0.661627107483494,"8362/8339/8343",3,"up","Reactome","Anelloviridae.pbmc",FALSE
"R-HSA-140837","R-HSA-140837","Intrinsic Pathway of Fibrin Clot Formation","1/149","13/8368",0.208425939268264,0.688656156676946,0.661627107483494,"7450",1,"up","Reactome","Anelloviridae.pbmc",FALSE
"R-HSA-1482925","R-HSA-1482925","Acyl chain remodelling of PG","1/149","13/8368",0.208425939268264,0.688656156676946,0.661627107483494,"64600",1,"up","Reactome","Anelloviridae.pbmc",FALSE
"R-HSA-210993","R-HSA-210993","Tie2 Signaling","1/149","13/8368",0.208425939268264,0.688656156676946,0.661627107483494,"2886",1,"up","Reactome","Anelloviridae.pbmc",FALSE
"R-HSA-3296469","R-HSA-3296469","Defects in cobalamin (B12) metabolism","1/149","13/8368",0.208425939268264,0.688656156676946,0.661627107483494,"81693",1,"up","Reactome","Anelloviridae.pbmc",FALSE
"R-HSA-389977","R-HSA-389977","Post-chaperonin tubulin folding pathway","1/149","13/8368",0.208425939268264,0.688656156676946,0.661627107483494,"84617",1,"up","Reactome","Anelloviridae.pbmc",FALSE
"R-HSA-399955","R-HSA-399955","SEMA3A-Plexin repulsion signaling by inhibiting Integrin adhesion","1/149","13/8368",0.208425939268264,0.688656156676946,0.661627107483494,"27289",1,"up","Reactome","Anelloviridae.pbmc",FALSE
"R-HSA-418457","R-HSA-418457","cGMP effects","1/149","13/8368",0.208425939268264,0.688656156676946,0.661627107483494,"27345",1,"up","Reactome","Anelloviridae.pbmc",FALSE
"R-HSA-418885","R-HSA-418885","DCC mediated attractive signaling","1/149","13/8368",0.208425939268264,0.688656156676946,0.661627107483494,"22885",1,"up","Reactome","Anelloviridae.pbmc",FALSE
"R-HSA-5083632","R-HSA-5083632","Defective C1GALT1C1 causes Tn polyagglutination syndrome (TNPS)","1/149","13/8368",0.208425939268264,0.688656156676946,0.661627107483494,"394263",1,"up","Reactome","Anelloviridae.pbmc",FALSE
"R-HSA-6788467","R-HSA-6788467","IL-6-type cytokine receptor ligand interactions","1/149","13/8368",0.208425939268264,0.688656156676946,0.661627107483494,"23529",1,"up","Reactome","Anelloviridae.pbmc",FALSE
"R-HSA-75892","R-HSA-75892","Platelet Adhesion to exposed collagen","1/149","13/8368",0.208425939268264,0.688656156676946,0.661627107483494,"7450",1,"up","Reactome","Anelloviridae.pbmc",FALSE
"R-HSA-918233","R-HSA-918233","TRAF3-dependent IRF activation pathway","1/149","13/8368",0.208425939268264,0.688656156676946,0.661627107483494,"3665",1,"up","Reactome","Anelloviridae.pbmc",FALSE
"R-HSA-913709","R-HSA-913709","O-linked glycosylation of mucins","2/149","49/8368",0.216879511204376,0.688656156676946,0.661627107483494,"192134/394263",2,"up","Reactome","Anelloviridae.pbmc",FALSE
"R-HSA-195721","R-HSA-195721","Signaling by WNT","7/149","276/8368",0.221300466991997,0.688656156676946,0.661627107483494,"22943/8324/10023/8362/8339/8354/8343",7,"up","Reactome","Anelloviridae.pbmc",FALSE
"R-HSA-5423646","R-HSA-5423646","Aflatoxin activation and detoxification","1/149","14/8368",0.222542580207705,0.688656156676946,0.661627107483494,"2678",1,"up","Reactome","Anelloviridae.pbmc",FALSE
"R-HSA-6803205","R-HSA-6803205","TP53 regulates transcription of several additional cell death genes whose specific roles in p53-dependent apoptosis remain uncertain","1/149","14/8368",0.222542580207705,0.688656156676946,0.661627107483494,"10397",1,"up","Reactome","Anelloviridae.pbmc",FALSE
"R-HSA-6804116","R-HSA-6804116","TP53 Regulates Transcription of Genes Involved in G1 Cell Cycle Arrest","1/149","14/8368",0.222542580207705,0.688656156676946,0.661627107483494,"898",1,"up","Reactome","Anelloviridae.pbmc",FALSE
"R-HSA-9005891","R-HSA-9005891","Loss of function of MECP2 in Rett syndrome","1/149","14/8368",0.222542580207705,0.688656156676946,0.661627107483494,"2874",1,"up","Reactome","Anelloviridae.pbmc",FALSE
"R-HSA-9005895","R-HSA-9005895","Pervasive developmental disorders","1/149","14/8368",0.222542580207705,0.688656156676946,0.661627107483494,"2874",1,"up","Reactome","Anelloviridae.pbmc",FALSE
"R-HSA-9018677","R-HSA-9018677","Biosynthesis of DHA-derived SPMs","1/149","14/8368",0.222542580207705,0.688656156676946,0.661627107483494,"239",1,"up","Reactome","Anelloviridae.pbmc",FALSE
"R-HSA-9675151","R-HSA-9675151","Disorders of Developmental Biology","1/149","14/8368",0.222542580207705,0.688656156676946,0.661627107483494,"2874",1,"up","Reactome","Anelloviridae.pbmc",FALSE
"R-HSA-9697154","R-HSA-9697154","Disorders of Nervous System Development","1/149","14/8368",0.222542580207705,0.688656156676946,0.661627107483494,"2874",1,"up","Reactome","Anelloviridae.pbmc",FALSE
"R-HSA-975163","R-HSA-975163","IRAK2 mediated activation of TAK1 complex upon TLR7/8 or 9 stimulation","1/149","14/8368",0.222542580207705,0.688656156676946,0.661627107483494,"148022",1,"up","Reactome","Anelloviridae.pbmc",FALSE
"R-HSA-1650814","R-HSA-1650814","Collagen biosynthesis and modifying enzymes","2/149","50/8368",0.223453895240527,0.688656156676946,0.661627107483494,"7093/131873",2,"up","Reactome","Anelloviridae.pbmc",FALSE
"R-HSA-9006936","R-HSA-9006936","Signaling by TGFB family members","3/149","93/8368",0.229838115978158,0.70278976543888,0.675205986569662,"10272/130399/56937",3,"up","Reactome","Anelloviridae.pbmc",FALSE
"R-HSA-140534","R-HSA-140534","Caspase activation via Death Receptors in the presence of ligand","1/149","15/8368",0.236409129830526,0.70278976543888,0.675205986569662,"148022",1,"up","Reactome","Anelloviridae.pbmc",FALSE
"R-HSA-2214320","R-HSA-2214320","Anchoring fibril formation","1/149","15/8368",0.236409129830526,0.70278976543888,0.675205986569662,"7093",1,"up","Reactome","Anelloviridae.pbmc",FALSE
"R-HSA-933541","R-HSA-933541","TRAF6 mediated IRF7 activation","1/149","15/8368",0.236409129830526,0.70278976543888,0.675205986569662,"3665",1,"up","Reactome","Anelloviridae.pbmc",FALSE
"R-HSA-937072","R-HSA-937072","TRAF6-mediated induction of TAK1 complex within TLR4 complex","1/149","15/8368",0.236409129830526,0.70278976543888,0.675205986569662,"148022",1,"up","Reactome","Anelloviridae.pbmc",FALSE
"R-HSA-9614085","R-HSA-9614085","FOXO-mediated transcription","2/149","53/8368",0.243260340913766,0.70278976543888,0.675205986569662,"27113/114907",2,"up","Reactome","Anelloviridae.pbmc",FALSE
"R-HSA-917937","R-HSA-917937","Iron uptake and transport","2/149","54/8368",0.24988181066461,0.70278976543888,0.675205986569662,"3162/527",2,"up","Reactome","Anelloviridae.pbmc",FALSE
"R-HSA-1362300","R-HSA-1362300","Transcription of E2F targets under negative control by p107 (RBL1) and p130 (RBL2) in complex with HDAC1","1/149","16/8368",0.250029989360666,0.70278976543888,0.675205986569662,"55957",1,"up","Reactome","Anelloviridae.pbmc",FALSE
"R-HSA-156711","R-HSA-156711","Polo-like kinase mediated events","1/149","16/8368",0.250029989360666,0.70278976543888,0.675205986569662,"55957",1,"up","Reactome","Anelloviridae.pbmc",FALSE
"R-HSA-2142691","R-HSA-2142691","Synthesis of Leukotrienes (LT) and Eoxins (EX)","1/149","16/8368",0.250029989360666,0.70278976543888,0.675205986569662,"2678",1,"up","Reactome","Anelloviridae.pbmc",FALSE
"R-HSA-9018678","R-HSA-9018678","Biosynthesis of specialized proresolving mediators (SPMs)","1/149","16/8368",0.250029989360666,0.70278976543888,0.675205986569662,"239",1,"up","Reactome","Anelloviridae.pbmc",FALSE
"R-HSA-9614657","R-HSA-9614657","FOXO-mediated transcription of cell death genes","1/149","16/8368",0.250029989360666,0.70278976543888,0.675205986569662,"27113",1,"up","Reactome","Anelloviridae.pbmc",FALSE
"R-HSA-983712","R-HSA-983712","Ion channel transport","4/149","143/8368",0.250572415095045,0.70278976543888,0.675205986569662,"57719/57348/162514/527",4,"up","Reactome","Anelloviridae.pbmc",FALSE
"R-HSA-157579","R-HSA-157579","Telomere Maintenance","3/149","100/8368",0.263262129096583,0.70278976543888,0.675205986569662,"8362/8339/8343",3,"up","Reactome","Anelloviridae.pbmc",FALSE
"R-HSA-1482801","R-HSA-1482801","Acyl chain remodelling of PS","1/149","17/8368",0.263409483084954,0.70278976543888,0.675205986569662,"64600",1,"up","Reactome","Anelloviridae.pbmc",FALSE
"R-HSA-1810476","R-HSA-1810476","RIP-mediated NFkB activation via ZBP1","1/149","17/8368",0.263409483084954,0.70278976543888,0.675205986569662,"148022",1,"up","Reactome","Anelloviridae.pbmc",FALSE
"R-HSA-196299","R-HSA-196299","Beta-catenin phosphorylation cascade","1/149","17/8368",0.263409483084954,0.70278976543888,0.675205986569662,"10023",1,"up","Reactome","Anelloviridae.pbmc",FALSE
"R-HSA-199220","R-HSA-199220","Vitamin B5 (pantothenate) metabolism","1/149","17/8368",0.263409483084954,0.70278976543888,0.675205986569662,"8876",1,"up","Reactome","Anelloviridae.pbmc",FALSE
"R-HSA-210500","R-HSA-210500","Glutamate Neurotransmitter Release Cycle","1/149","17/8368",0.263409483084954,0.70278976543888,0.675205986569662,"6505",1,"up","Reactome","Anelloviridae.pbmc",FALSE
"R-HSA-389960","R-HSA-389960","Formation of tubulin folding intermediates by CCT/TriC","1/149","17/8368",0.263409483084954,0.70278976543888,0.675205986569662,"84617",1,"up","Reactome","Anelloviridae.pbmc",FALSE
"R-HSA-392154","R-HSA-392154","Nitric oxide stimulates guanylate cyclase","1/149","17/8368",0.263409483084954,0.70278976543888,0.675205986569662,"27345",1,"up","Reactome","Anelloviridae.pbmc",FALSE
"R-HSA-420499","R-HSA-420499","Class C/3 (Metabotropic glutamate/pheromone receptors)","1/149","17/8368",0.263409483084954,0.70278976543888,0.675205986569662,"259289",1,"up","Reactome","Anelloviridae.pbmc",FALSE
"R-HSA-8854691","R-HSA-8854691","Interleukin-20 family signaling","1/149","17/8368",0.263409483084954,0.70278976543888,0.675205986569662,"29949",1,"up","Reactome","Anelloviridae.pbmc",FALSE
"R-HSA-9659787","R-HSA-9659787","Aberrant regulation of mitotic G1/S transition in cancer due to RB1 defects","1/149","17/8368",0.263409483084954,0.70278976543888,0.675205986569662,"898",1,"up","Reactome","Anelloviridae.pbmc",FALSE
"R-HSA-9661069","R-HSA-9661069","Defective binding of RB1 mutants to E2F1,(E2F2, E2F3)","1/149","17/8368",0.263409483084954,0.70278976543888,0.675205986569662,"898",1,"up","Reactome","Anelloviridae.pbmc",FALSE
"R-HSA-8939211","R-HSA-8939211","ESR-mediated signaling","5/149","195/8368",0.267172422861477,0.70278976543888,0.675205986569662,"8877/8362/8339/8354/8343",5,"up","Reactome","Anelloviridae.pbmc",FALSE
"R-HSA-112316","R-HSA-112316","Neuronal System","6/149","245/8368",0.271128460872823,0.70278976543888,0.675205986569662,"43/6505/27345/80852/3359/84617",6,"up","Reactome","Anelloviridae.pbmc",FALSE
"R-HSA-8866654","R-HSA-8866654","E3 ubiquitin ligases ubiquitinate target proteins","2/149","58/8368",0.276401739601129,0.70278976543888,0.675205986569662,"8339/8343",2,"up","Reactome","Anelloviridae.pbmc",FALSE
"R-HSA-190861","R-HSA-190861","Gap junction assembly","1/149","18/8368",0.276551859688995,0.70278976543888,0.675205986569662,"84617",1,"up","Reactome","Anelloviridae.pbmc",FALSE
"R-HSA-3295583","R-HSA-3295583","TRP channels","1/149","18/8368",0.276551859688995,0.70278976543888,0.675205986569662,"162514",1,"up","Reactome","Anelloviridae.pbmc",FALSE
"R-HSA-3928664","R-HSA-3928664","Ephrin signaling","1/149","18/8368",0.276551859688995,0.70278976543888,0.675205986569662,"2049",1,"up","Reactome","Anelloviridae.pbmc",FALSE
"R-HSA-9615017","R-HSA-9615017","FOXO-mediated transcription of oxidative stress, metabolic and neuronal genes","1/149","18/8368",0.276551859688995,0.70278976543888,0.675205986569662,"114907",1,"up","Reactome","Anelloviridae.pbmc",FALSE
"R-HSA-9619483","R-HSA-9619483","Activation of AMPK downstream of NMDARs","1/149","18/8368",0.276551859688995,0.70278976543888,0.675205986569662,"84617",1,"up","Reactome","Anelloviridae.pbmc",FALSE
"R-HSA-1362277","R-HSA-1362277","Transcription of E2F targets under negative control by DREAM complex","1/149","19/8368",0.289461293569994,0.70278976543888,0.675205986569662,"55957",1,"up","Reactome","Anelloviridae.pbmc",FALSE
"R-HSA-1592389","R-HSA-1592389","Activation of Matrix Metalloproteinases","1/149","19/8368",0.289461293569994,0.70278976543888,0.675205986569662,"1515",1,"up","Reactome","Anelloviridae.pbmc",FALSE
"R-HSA-168927","R-HSA-168927","TICAM1, RIP1-mediated IKK complex recruitment","1/149","19/8368",0.289461293569994,0.70278976543888,0.675205986569662,"148022",1,"up","Reactome","Anelloviridae.pbmc",FALSE
"R-HSA-5620916","R-HSA-5620916","VxPx cargo-targeting to cilium","1/149","19/8368",0.289461293569994,0.70278976543888,0.675205986569662,"1258",1,"up","Reactome","Anelloviridae.pbmc",FALSE
"R-HSA-6803204","R-HSA-6803204","TP53 Regulates Transcription of Genes Involved in Cytochrome C Release","1/149","19/8368",0.289461293569994,0.70278976543888,0.675205986569662,"27113",1,"up","Reactome","Anelloviridae.pbmc",FALSE
"R-HSA-977068","R-HSA-977068","Termination of O-glycan biosynthesis","1/149","19/8368",0.289461293569994,0.70278976543888,0.675205986569662,"394263",1,"up","Reactome","Anelloviridae.pbmc",FALSE
"R-HSA-1834949","R-HSA-1834949","Cytosolic sensors of pathogen-associated DNA ","2/149","60/8368",0.289652040669279,0.70278976543888,0.675205986569662,"148022/3665",2,"up","Reactome","Anelloviridae.pbmc",FALSE
"R-HSA-3214841","R-HSA-3214841","PKMTs methylate histone lysines","2/149","61/8368",0.296267770677624,0.70278976543888,0.675205986569662,"8362/8354",2,"up","Reactome","Anelloviridae.pbmc",FALSE
"R-HSA-3247509","R-HSA-3247509","Chromatin modifying enzymes","6/149","255/8368",0.301987606401819,0.70278976543888,0.675205986569662,"83933/2874/8362/8339/8354/8343",6,"up","Reactome","Anelloviridae.pbmc",FALSE
"R-HSA-4839726","R-HSA-4839726","Chromatin organization","6/149","255/8368",0.301987606401819,0.70278976543888,0.675205986569662,"83933/2874/8362/8339/8354/8343",6,"up","Reactome","Anelloviridae.pbmc",FALSE
"R-HSA-1606322","R-HSA-1606322","ZBP1(DAI) mediated induction of type I IFNs","1/149","20/8368",0.302141886126955,0.70278976543888,0.675205986569662,"148022",1,"up","Reactome","Anelloviridae.pbmc",FALSE
"R-HSA-176407","R-HSA-176407","Conversion from APC/C:Cdc20 to APC/C:Cdh1 in late anaphase","1/149","20/8368",0.302141886126955,0.70278976543888,0.675205986569662,"11065",1,"up","Reactome","Anelloviridae.pbmc",FALSE
"R-HSA-176412","R-HSA-176412","Phosphorylation of the APC/C","1/149","20/8368",0.302141886126955,0.70278976543888,0.675205986569662,"11065",1,"up","Reactome","Anelloviridae.pbmc",FALSE
"R-HSA-2028269","R-HSA-2028269","Signaling by Hippo","1/149","20/8368",0.302141886126955,0.70278976543888,0.675205986569662,"154810",1,"up","Reactome","Anelloviridae.pbmc",FALSE
"R-HSA-399719","R-HSA-399719","Trafficking of AMPA receptors","1/149","20/8368",0.302141886126955,0.70278976543888,0.675205986569662,"80852",1,"up","Reactome","Anelloviridae.pbmc",FALSE
"R-HSA-399721","R-HSA-399721","Glutamate binding, activation of AMPA receptors and synaptic plasticity","1/149","20/8368",0.302141886126955,0.70278976543888,0.675205986569662,"80852",1,"up","Reactome","Anelloviridae.pbmc",FALSE
"R-HSA-416572","R-HSA-416572","Sema4D induced cell migration and growth-cone collapse","1/149","20/8368",0.302141886126955,0.70278976543888,0.675205986569662,"27289",1,"up","Reactome","Anelloviridae.pbmc",FALSE
"R-HSA-5576892","R-HSA-5576892","Phase 0 - rapid depolarisation","1/149","20/8368",0.302141886126955,0.70278976543888,0.675205986569662,"775",1,"up","Reactome","Anelloviridae.pbmc",FALSE
"R-HSA-5621480","R-HSA-5621480","Dectin-2 family","1/149","20/8368",0.302141886126955,0.70278976543888,0.675205986569662,"394263",1,"up","Reactome","Anelloviridae.pbmc",FALSE
"R-HSA-6783589","R-HSA-6783589","Interleukin-6 family signaling","1/149","20/8368",0.302141886126955,0.70278976543888,0.675205986569662,"23529",1,"up","Reactome","Anelloviridae.pbmc",FALSE
"R-HSA-9687136","R-HSA-9687136","Aberrant regulation of mitotic exit in cancer due to RB1 defects","1/149","20/8368",0.302141886126955,0.70278976543888,0.675205986569662,"11065",1,"up","Reactome","Anelloviridae.pbmc",FALSE
"R-HSA-5693532","R-HSA-5693532","DNA Double-Strand Break Repair","4/149","156/8368",0.302143722664692,0.70278976543888,0.675205986569662,"51548/8362/8339/8343",4,"up","Reactome","Anelloviridae.pbmc",FALSE
"R-HSA-8873719","R-HSA-8873719","RAB geranylgeranylation","2/149","62/8368",0.302874740239348,0.70278976543888,0.675205986569662,"53917/339122",2,"up","Reactome","Anelloviridae.pbmc",FALSE
"R-HSA-9006931","R-HSA-9006931","Signaling by Nuclear Receptors","6/149","258/8368",0.311379183064217,0.70278976543888,0.675205986569662,"2874/8877/8362/8339/8354/8343",6,"up","Reactome","Anelloviridae.pbmc",FALSE
"R-HSA-141405","R-HSA-141405","Inhibition of the proteolytic activity of APC/C required for the onset of anaphase by mitotic spindle checkpoint components","1/149","21/8368",0.314597667028618,0.70278976543888,0.675205986569662,"11065",1,"up","Reactome","Anelloviridae.pbmc",FALSE
"R-HSA-141430","R-HSA-141430","Inactivation of APC/C via direct inhibition of the APC/C complex","1/149","21/8368",0.314597667028618,0.70278976543888,0.675205986569662,"11065",1,"up","Reactome","Anelloviridae.pbmc",FALSE
"R-HSA-189445","R-HSA-189445","Metabolism of porphyrins","1/149","21/8368",0.314597667028618,0.70278976543888,0.675205986569662,"3162",1,"up","Reactome","Anelloviridae.pbmc",FALSE
"R-HSA-3296482","R-HSA-3296482","Defects in vitamin and cofactor metabolism","1/149","21/8368",0.314597667028618,0.70278976543888,0.675205986569662,"81693",1,"up","Reactome","Anelloviridae.pbmc",FALSE
"R-HSA-400042","R-HSA-400042","Adrenaline,noradrenaline inhibits insulin secretion","1/149","21/8368",0.314597667028618,0.70278976543888,0.675205986569662,"775",1,"up","Reactome","Anelloviridae.pbmc",FALSE
"R-HSA-418990","R-HSA-418990","Adherens junctions interactions","1/149","21/8368",0.314597667028618,0.70278976543888,0.675205986569662,"64403",1,"up","Reactome","Anelloviridae.pbmc",FALSE
"R-HSA-5218921","R-HSA-5218921","VEGFR2 mediated cell proliferation","1/149","21/8368",0.314597667028618,0.70278976543888,0.675205986569662,"8877",1,"up","Reactome","Anelloviridae.pbmc",FALSE
"R-HSA-216083","R-HSA-216083","Integrin cell surface interactions","2/149","64/8368",0.316055359409895,0.70278976543888,0.675205986569662,"7450/131873",2,"up","Reactome","Anelloviridae.pbmc",FALSE
"R-HSA-3214858","R-HSA-3214858","RMTs methylate histone arginines","2/149","64/8368",0.316055359409895,0.70278976543888,0.675205986569662,"8362/8354",2,"up","Reactome","Anelloviridae.pbmc",FALSE
"R-HSA-112409","R-HSA-112409","RAF-independent MAPK1/3 activation","1/149","22/8368",0.32683259545952,0.705325911118812,0.677642591127831,"1850",1,"up","Reactome","Anelloviridae.pbmc",FALSE
"R-HSA-3928663","R-HSA-3928663","EPHA-mediated growth cone collapse","1/149","22/8368",0.32683259545952,0.705325911118812,0.677642591127831,"1944",1,"up","Reactome","Anelloviridae.pbmc",FALSE
"R-HSA-420029","R-HSA-420029","Tight junction interactions","1/149","22/8368",0.32683259545952,0.705325911118812,0.677642591127831,"26285",1,"up","Reactome","Anelloviridae.pbmc",FALSE
"R-HSA-8956321","R-HSA-8956321","Nucleotide salvage","1/149","22/8368",0.32683259545952,0.705325911118812,0.677642591127831,"7378",1,"up","Reactome","Anelloviridae.pbmc",FALSE
"R-HSA-937041","R-HSA-937041","IKK complex recruitment mediated by RIP1","1/149","22/8368",0.32683259545952,0.705325911118812,0.677642591127831,"148022",1,"up","Reactome","Anelloviridae.pbmc",FALSE
"R-HSA-9609523","R-HSA-9609523","Insertion of tail-anchored proteins into the endoplasmic reticulum membrane","1/149","22/8368",0.32683259545952,0.705325911118812,0.677642591127831,"3162",1,"up","Reactome","Anelloviridae.pbmc",FALSE
"R-HSA-9668328","R-HSA-9668328","Sealing of the nuclear envelope (NE) by ESCRT-III","1/149","22/8368",0.32683259545952,0.705325911118812,0.677642591127831,"84617",1,"up","Reactome","Anelloviridae.pbmc",FALSE
"R-HSA-76002","R-HSA-76002","Platelet activation, signaling and aggregation","5/149","214/8368",0.333312276994523,0.705325911118812,0.677642591127831,"7078/7450/1893/5473/12",5,"up","Reactome","Anelloviridae.pbmc",FALSE
"R-HSA-1483206","R-HSA-1483206","Glycerophospholipid biosynthesis","3/149","115/8368",0.336388993144459,0.705325911118812,0.677642591127831,"43/64600/255043",3,"up","Reactome","Anelloviridae.pbmc",FALSE
"R-HSA-2022928","R-HSA-2022928","HS-GAG biosynthesis","1/149","23/8368",0.338850561344558,0.705325911118812,0.677642591127831,"8509",1,"up","Reactome","Anelloviridae.pbmc",FALSE
"R-HSA-354192","R-HSA-354192","Integrin signaling","1/149","23/8368",0.338850561344558,0.705325911118812,0.677642591127831,"7450",1,"up","Reactome","Anelloviridae.pbmc",FALSE
"R-HSA-389957","R-HSA-389957","Prefoldin mediated transfer of substrate  to CCT/TriC","1/149","23/8368",0.338850561344558,0.705325911118812,0.677642591127831,"84617",1,"up","Reactome","Anelloviridae.pbmc",FALSE
"R-HSA-5357769","R-HSA-5357769","Caspase activation via extrinsic apoptotic signalling pathway","1/149","23/8368",0.338850561344558,0.705325911118812,0.677642591127831,"148022",1,"up","Reactome","Anelloviridae.pbmc",FALSE
"R-HSA-5626467","R-HSA-5626467","RHO GTPases activate IQGAPs","1/149","23/8368",0.338850561344558,0.705325911118812,0.677642591127831,"84617",1,"up","Reactome","Anelloviridae.pbmc",FALSE
"R-HSA-77387","R-HSA-77387","Insulin receptor recycling","1/149","23/8368",0.338850561344558,0.705325911118812,0.677642591127831,"527",1,"up","Reactome","Anelloviridae.pbmc",FALSE
"R-HSA-9609736","R-HSA-9609736","Assembly and cell surface presentation of NMDA receptors","1/149","23/8368",0.338850561344558,0.705325911118812,0.677642591127831,"84617",1,"up","Reactome","Anelloviridae.pbmc",FALSE
"R-HSA-196854","R-HSA-196854","Metabolism of vitamins and cofactors","4/149","166/8368",0.342618967578515,0.705325911118812,0.677642591127831,"5646/113278/8876/81693",4,"up","Reactome","Anelloviridae.pbmc",FALSE
"R-HSA-1482839","R-HSA-1482839","Acyl chain remodelling of PE","1/149","24/8368",0.350655386552426,0.705325911118812,0.677642591127831,"64600",1,"up","Reactome","Anelloviridae.pbmc",FALSE
"R-HSA-174048","R-HSA-174048","APC/C:Cdc20 mediated degradation of Cyclin B","1/149","24/8368",0.350655386552426,0.705325911118812,0.677642591127831,"11065",1,"up","Reactome","Anelloviridae.pbmc",FALSE
"R-HSA-2514859","R-HSA-2514859","Inactivation, recovery and regulation of the phototransduction cascade","1/149","24/8368",0.350655386552426,0.705325911118812,0.677642591127831,"1258",1,"up","Reactome","Anelloviridae.pbmc",FALSE
"R-HSA-389958","R-HSA-389958","Cooperation of Prefoldin and TriC/CCT  in actin and tubulin folding","1/149","24/8368",0.350655386552426,0.705325911118812,0.677642591127831,"84617",1,"up","Reactome","Anelloviridae.pbmc",FALSE
"R-HSA-400685","R-HSA-400685","Sema4D in semaphorin signaling","1/149","24/8368",0.350655386552426,0.705325911118812,0.677642591127831,"27289",1,"up","Reactome","Anelloviridae.pbmc",FALSE
"R-HSA-5260271","R-HSA-5260271","Diseases of Immune System","1/149","24/8368",0.350655386552426,0.705325911118812,0.677642591127831,"148022",1,"up","Reactome","Anelloviridae.pbmc",FALSE
"R-HSA-5602358","R-HSA-5602358","Diseases associated with the TLR signaling cascade","1/149","24/8368",0.350655386552426,0.705325911118812,0.677642591127831,"148022",1,"up","Reactome","Anelloviridae.pbmc",FALSE
"R-HSA-9006115","R-HSA-9006115","Signaling by NTRK2 (TRKB)","1/149","24/8368",0.350655386552426,0.705325911118812,0.677642591127831,"7074",1,"up","Reactome","Anelloviridae.pbmc",FALSE
"R-HSA-9658195","R-HSA-9658195","Leishmania infection","4/149","170/8368",0.358881202633318,0.719126972577028,0.690901975051534,"2678/8936/79924/8324",4,"up","Reactome","Anelloviridae.pbmc",FALSE
"R-HSA-69017","R-HSA-69017","CDK-mediated phosphorylation and removal of Cdc6","2/149","71/8368",0.361670939154558,0.720400699408496,0.692125709408742,"898/11065",2,"up","Reactome","Anelloviridae.pbmc",FALSE
"R-HSA-2514856","R-HSA-2514856","The phototransduction cascade","1/149","25/8368",0.362250826078276,0.720400699408496,0.692125709408742,"1258",1,"up","Reactome","Anelloviridae.pbmc",FALSE
"R-HSA-397014","R-HSA-397014","Muscle contraction","3/149","122/8368",0.370571796261464,0.72929103693165,0.700667110284876,"30818/60598/775",3,"up","Reactome","Anelloviridae.pbmc",FALSE
"R-HSA-1483191","R-HSA-1483191","Synthesis of PC","1/149","26/8368",0.373640569205968,0.72929103693165,0.700667110284876,"43",1,"up","Reactome","Anelloviridae.pbmc",FALSE
"R-HSA-179409","R-HSA-179409","APC-Cdc20 mediated degradation of Nek2A","1/149","26/8368",0.373640569205968,0.72929103693165,0.700667110284876,"11065",1,"up","Reactome","Anelloviridae.pbmc",FALSE
"R-HSA-2173788","R-HSA-2173788","Downregulation of TGF-beta receptor signaling","1/149","26/8368",0.373640569205968,0.72929103693165,0.700667110284876,"56937",1,"up","Reactome","Anelloviridae.pbmc",FALSE
"R-HSA-5579029","R-HSA-5579029","Metabolic disorders of biological oxidation enzymes","1/149","26/8368",0.373640569205968,0.72929103693165,0.700667110284876,"2678",1,"up","Reactome","Anelloviridae.pbmc",FALSE
"R-HSA-1855204","R-HSA-1855204","Synthesis of IP3 and IP4 in the cytosol","1/149","27/8368",0.384828240650264,0.740758294751532,0.711684289974008,"113026",1,"up","Reactome","Anelloviridae.pbmc",FALSE
"R-HSA-186763","R-HSA-186763","Downstream signal transduction","1/149","27/8368",0.384828240650264,0.740758294751532,0.711684289974008,"2886",1,"up","Reactome","Anelloviridae.pbmc",FALSE
"R-HSA-4641262","R-HSA-4641262","Disassembly of the destruction complex and recruitment of AXIN to the membrane","1/149","27/8368",0.384828240650264,0.740758294751532,0.711684289974008,"10023",1,"up","Reactome","Anelloviridae.pbmc",FALSE
"R-HSA-73886","R-HSA-73886","Chromosome Maintenance","3/149","125/8368",0.385138088732296,0.740758294751532,0.711684289974008,"8362/8339/8343",3,"up","Reactome","Anelloviridae.pbmc",FALSE
"R-HSA-6802957","R-HSA-6802957","Oncogenic MAPK signaling","2/149","76/8368",0.393569295400283,0.746635148054679,0.71733048280096,"7450/1850",2,"up","Reactome","Anelloviridae.pbmc",FALSE
"R-HSA-350054","R-HSA-350054","Notch-HLH transcription pathway","1/149","28/8368",0.39581740167929,0.746635148054679,0.71733048280096,"83933",1,"up","Reactome","Anelloviridae.pbmc",FALSE
"R-HSA-8948216","R-HSA-8948216","Collagen chain trimerization","1/149","28/8368",0.39581740167929,0.746635148054679,0.71733048280096,"131873",1,"up","Reactome","Anelloviridae.pbmc",FALSE
"R-HSA-8955332","R-HSA-8955332","Carboxyterminal post-translational modifications of tubulin","1/149","28/8368",0.39581740167929,0.746635148054679,0.71733048280096,"84617",1,"up","Reactome","Anelloviridae.pbmc",FALSE
"R-HSA-112314","R-HSA-112314","Neurotransmitter receptors and postsynaptic signal transmission","3/149","128/8368",0.399628552019219,0.746635148054679,0.71733048280096,"80852/3359/84617",3,"up","Reactome","Anelloviridae.pbmc",FALSE
"R-HSA-446652","R-HSA-446652","Interleukin-1 family signaling","3/149","128/8368",0.399628552019219,0.746635148054679,0.71733048280096,"56300/27179/26525",3,"up","Reactome","Anelloviridae.pbmc",FALSE
"R-HSA-1266695","R-HSA-1266695","Interleukin-7 signaling","1/149","29/8368",0.406611551217634,0.746635148054679,0.71733048280096,"8354",1,"up","Reactome","Anelloviridae.pbmc",FALSE
"R-HSA-190828","R-HSA-190828","Gap junction trafficking","1/149","29/8368",0.406611551217634,0.746635148054679,0.71733048280096,"84617",1,"up","Reactome","Anelloviridae.pbmc",FALSE
"R-HSA-2173782","R-HSA-2173782","Binding and Uptake of Ligands by Scavenger Receptors","1/149","29/8368",0.406611551217634,0.746635148054679,0.71733048280096,"3240",1,"up","Reactome","Anelloviridae.pbmc",FALSE
"R-HSA-76009","R-HSA-76009","Platelet Aggregation (Plug Formation)","1/149","29/8368",0.406611551217634,0.746635148054679,0.71733048280096,"7450",1,"up","Reactome","Anelloviridae.pbmc",FALSE
"R-HSA-8964043","R-HSA-8964043","Plasma lipoprotein clearance","1/149","29/8368",0.406611551217634,0.746635148054679,0.71733048280096,"81693",1,"up","Reactome","Anelloviridae.pbmc",FALSE
"R-HSA-917977","R-HSA-917977","Transferrin endocytosis and recycling","1/149","29/8368",0.406611551217634,0.746635148054679,0.71733048280096,"527",1,"up","Reactome","Anelloviridae.pbmc",FALSE
"R-HSA-977606","R-HSA-977606","Regulation of Complement cascade","1/149","29/8368",0.406611551217634,0.746635148054679,0.71733048280096,"722",1,"up","Reactome","Anelloviridae.pbmc",FALSE
"R-HSA-195258","R-HSA-195258","RHO GTPase Effectors","6/149","291/8368",0.416637417289469,0.749192110432846,0.719787087023268,"8936/84617/8362/8339/8354/8343",6,"up","Reactome","Anelloviridae.pbmc",FALSE
"R-HSA-114452","R-HSA-114452","Activation of BH3-only proteins","1/149","30/8368",0.417214126930378,0.749192110432846,0.719787087023268,"27113",1,"up","Reactome","Anelloviridae.pbmc",FALSE
"R-HSA-8866652","R-HSA-8866652","Synthesis of active ubiquitin: roles of E1 and E2 enzymes","1/149","30/8368",0.417214126930378,0.749192110432846,0.719787087023268,"11065",1,"up","Reactome","Anelloviridae.pbmc",FALSE
"R-HSA-375276","R-HSA-375276","Peptide ligand-binding receptors","2/149","80/8368",0.418567977222413,0.749192110432846,0.719787087023268,"623/5473",2,"up","Reactome","Anelloviridae.pbmc",FALSE
"R-HSA-157858","R-HSA-157858","Gap junction trafficking and regulation","1/149","31/8368",0.427628506288422,0.749192110432846,0.719787087023268,"84617",1,"up","Reactome","Anelloviridae.pbmc",FALSE
"R-HSA-6802948","R-HSA-6802948","Signaling by high-kinase activity BRAF mutants","1/149","31/8368",0.427628506288422,0.749192110432846,0.719787087023268,"7450",1,"up","Reactome","Anelloviridae.pbmc",FALSE
"R-HSA-8956319","R-HSA-8956319","Nucleobase catabolism","1/149","31/8368",0.427628506288422,0.749192110432846,0.719787087023268,"7378",1,"up","Reactome","Anelloviridae.pbmc",FALSE
"R-HSA-9022692","R-HSA-9022692","Regulation of MECP2 expression and activity","1/149","31/8368",0.427628506288422,0.749192110432846,0.719787087023268,"2874",1,"up","Reactome","Anelloviridae.pbmc",FALSE
"R-HSA-5173105","R-HSA-5173105","O-linked glycosylation","2/149","82/8368",0.430873467425134,0.749192110432846,0.719787087023268,"192134/394263",2,"up","Reactome","Anelloviridae.pbmc",FALSE
"R-HSA-5687128","R-HSA-5687128","MAPK6/MAPK4 signaling","2/149","82/8368",0.430873467425134,0.749192110432846,0.719787087023268,"148170/2118",2,"up","Reactome","Anelloviridae.pbmc",FALSE
"R-HSA-69202","R-HSA-69202","Cyclin E associated events during G1/S transition ","2/149","83/8368",0.436974920813213,0.749192110432846,0.719787087023268,"898/55957",2,"up","Reactome","Anelloviridae.pbmc",FALSE
"R-HSA-1222556","R-HSA-1222556","ROS and RNS production in phagocytes","1/149","32/8368",0.437858007615402,0.749192110432846,0.719787087023268,"527",1,"up","Reactome","Anelloviridae.pbmc",FALSE
"R-HSA-1483166","R-HSA-1483166","Synthesis of PA","1/149","32/8368",0.437858007615402,0.749192110432846,0.719787087023268,"64600",1,"up","Reactome","Anelloviridae.pbmc",FALSE
"R-HSA-156590","R-HSA-156590","Glutathione conjugation","1/149","32/8368",0.437858007615402,0.749192110432846,0.719787087023268,"2678",1,"up","Reactome","Anelloviridae.pbmc",FALSE
"R-HSA-166658","R-HSA-166658","Complement cascade","1/149","32/8368",0.437858007615402,0.749192110432846,0.719787087023268,"722",1,"up","Reactome","Anelloviridae.pbmc",FALSE
"R-HSA-2173789","R-HSA-2173789","TGF-beta receptor signaling activates SMADs","1/149","32/8368",0.437858007615402,0.749192110432846,0.719787087023268,"56937",1,"up","Reactome","Anelloviridae.pbmc",FALSE
"R-HSA-4791275","R-HSA-4791275","Signaling by WNT in cancer","1/149","32/8368",0.437858007615402,0.749192110432846,0.719787087023268,"22943",1,"up","Reactome","Anelloviridae.pbmc",FALSE
"R-HSA-75105","R-HSA-75105","Fatty acyl-CoA biosynthesis","1/149","32/8368",0.437858007615402,0.749192110432846,0.719787087023268,"9374",1,"up","Reactome","Anelloviridae.pbmc",FALSE
"R-HSA-8853659","R-HSA-8853659","RET signaling","1/149","32/8368",0.437858007615402,0.749192110432846,0.719787087023268,"2886",1,"up","Reactome","Anelloviridae.pbmc",FALSE
"R-HSA-9029569","R-HSA-9029569","NR1H3 & NR1H2 regulate gene expression linked to cholesterol transport and efflux","1/149","32/8368",0.437858007615402,0.749192110432846,0.719787087023268,"2874",1,"up","Reactome","Anelloviridae.pbmc",FALSE
"R-HSA-9646399","R-HSA-9646399","Aggrephagy","1/149","32/8368",0.437858007615402,0.749192110432846,0.719787087023268,"84617",1,"up","Reactome","Anelloviridae.pbmc",FALSE
"R-HSA-418594","R-HSA-418594","G alpha (i) signalling events","5/149","244/8368",0.439705931338034,0.749919177395288,0.72048561735171,"1258/623/26086/5473/259289",5,"up","Reactome","Anelloviridae.pbmc",FALSE
"R-HSA-112310","R-HSA-112310","Neurotransmitter release cycle","1/149","33/8368",0.447905891116518,0.759687014627064,0.729870076971173,"6505",1,"up","Reactome","Anelloviridae.pbmc",FALSE
"R-HSA-69656","R-HSA-69656","Cyclin A:Cdk2-associated events at S phase entry","2/149","85/8368",0.449071632333379,0.759687014627064,0.729870076971173,"898/55957",2,"up","Reactome","Anelloviridae.pbmc",FALSE
"R-HSA-194315","R-HSA-194315","Signaling by Rho GTPases","8/149","411/8368",0.450128275061397,0.759687014627064,0.729870076971173,"79658/8936/7074/84617/8362/8339/8354/8343",8,"up","Reactome","Anelloviridae.pbmc",FALSE
"R-HSA-422475","R-HSA-422475","Axon guidance","9/149","467/8368",0.452953296913106,0.759687014627064,0.729870076971173,"2886/1944/775/7074/27289/22885/84617/2049/131873",9,"up","Reactome","Anelloviridae.pbmc",FALSE
"R-HSA-3371556","R-HSA-3371556","Cellular response to heat stress","2/149","86/8368",0.455065553797416,0.759687014627064,0.729870076971173,"1410/26353",2,"up","Reactome","Anelloviridae.pbmc",FALSE
"R-HSA-1483257","R-HSA-1483257","Phospholipid metabolism","4/149","194/8368",0.455490131032223,0.759687014627064,0.729870076971173,"43/79153/64600/255043",4,"up","Reactome","Anelloviridae.pbmc",FALSE
"R-HSA-425397","R-HSA-425397","Transport of vitamins, nucleosides, and related molecules","1/149","34/8368",0.4577753598896,0.759687014627064,0.729870076971173,"28231",1,"up","Reactome","Anelloviridae.pbmc",FALSE
"R-HSA-5668541","R-HSA-5668541","TNFR2 non-canonical NF-kB pathway","2/149","87/8368",0.461022352234075,0.759687014627064,0.729870076971173,"8744/8784",2,"up","Reactome","Anelloviridae.pbmc",FALSE
"R-HSA-975155","R-HSA-975155","MyD88 dependent cascade initiated on endosome","2/149","87/8368",0.461022352234075,0.759687014627064,0.729870076971173,"148022/3665",2,"up","Reactome","Anelloviridae.pbmc",FALSE
"R-HSA-168898","R-HSA-168898","Toll-like Receptor Cascades","3/149","141/8368",0.461166772000656,0.759687014627064,0.729870076971173,"148022/1515/3665",3,"up","Reactome","Anelloviridae.pbmc",FALSE
"R-HSA-168181","R-HSA-168181","Toll Like Receptor 7/8 (TLR7/8) Cascade","2/149","88/8368",0.466941444226798,0.759687014627064,0.729870076971173,"148022/3665",2,"up","Reactome","Anelloviridae.pbmc",FALSE
"R-HSA-437239","R-HSA-437239","Recycling pathway of L1","1/149","35/8368",0.467469560918691,0.759687014627064,0.729870076971173,"84617",1,"up","Reactome","Anelloviridae.pbmc",FALSE
"R-HSA-5674135","R-HSA-5674135","MAP2K and MAPK activation","1/149","35/8368",0.467469560918691,0.759687014627064,0.729870076971173,"7450",1,"up","Reactome","Anelloviridae.pbmc",FALSE
"R-HSA-9031628","R-HSA-9031628","NGF-stimulated transcription","1/149","35/8368",0.467469560918691,0.759687014627064,0.729870076971173,"8061",1,"up","Reactome","Anelloviridae.pbmc",FALSE
"R-HSA-372790","R-HSA-372790","Signaling by GPCR","9/149","473/8368",0.468323421190648,0.759687014627064,0.729870076971173,"1258/623/79924/8324/7074/26086/5473/1901/259289",9,"up","Reactome","Anelloviridae.pbmc",FALSE
"R-HSA-373076","R-HSA-373076","Class A/1 (Rhodopsin-like receptors)","3/149","143/8368",0.470407839879552,0.759687014627064,0.729870076971173,"623/5473/1901",3,"up","Reactome","Anelloviridae.pbmc",FALSE
"R-HSA-69052","R-HSA-69052","Switching of origins to a post-replicative state","2/149","89/8368",0.472822278553467,0.759687014627064,0.729870076971173,"898/11065",2,"up","Reactome","Anelloviridae.pbmc",FALSE
"R-HSA-9662851","R-HSA-9662851","Anti-inflammatory response favouring Leishmania parasite infection","2/149","89/8368",0.472822278553467,0.759687014627064,0.729870076971173,"2678/79924",2,"up","Reactome","Anelloviridae.pbmc",FALSE
"R-HSA-9664433","R-HSA-9664433","Leishmania parasite growth and survival","2/149","89/8368",0.472822278553467,0.759687014627064,0.729870076971173,"2678/79924",2,"up","Reactome","Anelloviridae.pbmc",FALSE
"R-HSA-5663213","R-HSA-5663213","RHO GTPases Activate WASPs and WAVEs","1/149","36/8368",0.47699158605047,0.761741108632115,0.731843549889238,"8936",1,"up","Reactome","Anelloviridae.pbmc",FALSE
"R-HSA-9656223","R-HSA-9656223","Signaling by RAF1 mutants","1/149","36/8368",0.47699158605047,0.761741108632115,0.731843549889238,"7450",1,"up","Reactome","Anelloviridae.pbmc",FALSE
"R-HSA-168138","R-HSA-168138","Toll Like Receptor 9 (TLR9) Cascade","2/149","91/8368",0.484467124630272,0.771341917462699,0.741067536801275,"148022/3665",2,"up","Reactome","Anelloviridae.pbmc",FALSE
"R-HSA-168164","R-HSA-168164","Toll Like Receptor 3 (TLR3) Cascade","2/149","92/8368",0.490230186495744,0.77816659121463,0.747624349094651,"148022/3665",2,"up","Reactome","Anelloviridae.pbmc",FALSE
"R-HSA-373752","R-HSA-373752","Netrin-1 signaling","1/149","38/8368",0.495531206062649,0.781871094595857,0.751183454510351,"22885",1,"up","Reactome","Anelloviridae.pbmc",FALSE
"R-HSA-380108","R-HSA-380108","Chemokine receptors bind chemokines","1/149","38/8368",0.495531206062649,0.781871094595857,0.751183454510351,"5473",1,"up","Reactome","Anelloviridae.pbmc",FALSE
"R-HSA-8853884","R-HSA-8853884","Transcriptional Regulation by VENTX","1/149","39/8368",0.504554717502825,0.78199776583045,0.751305154028655,"11065",1,"up","Reactome","Anelloviridae.pbmc",FALSE
"R-HSA-9675108","R-HSA-9675108","Nervous system development","9/149","488/8368",0.506368683154554,0.78199776583045,0.751305154028655,"2886/1944/775/7074/27289/22885/84617/2049/131873",9,"up","Reactome","Anelloviridae.pbmc",FALSE
"R-HSA-8978868","R-HSA-8978868","Fatty acid metabolism","3/149","151/8368",0.506637726507347,0.78199776583045,0.751305154028655,"2678/239/9374",3,"up","Reactome","Anelloviridae.pbmc",FALSE
"R-HSA-166166","R-HSA-166166","MyD88-independent TLR4 cascade ","2/149","95/8368",0.507276827607702,0.78199776583045,0.751305154028655,"148022/3665",2,"up","Reactome","Anelloviridae.pbmc",FALSE
"R-HSA-4420097","R-HSA-4420097","VEGFA-VEGFR2 Pathway","2/149","95/8368",0.507276827607702,0.78199776583045,0.751305154028655,"8936/8877",2,"up","Reactome","Anelloviridae.pbmc",FALSE
"R-HSA-937061","R-HSA-937061","TRIF(TICAM1)-mediated TLR4 signaling ","2/149","95/8368",0.507276827607702,0.78199776583045,0.751305154028655,"148022/3665",2,"up","Reactome","Anelloviridae.pbmc",FALSE
"R-HSA-1433557","R-HSA-1433557","Signaling by SCF-KIT","1/149","40/8368",0.513417888002534,0.78199776583045,0.751305154028655,"2886",1,"up","Reactome","Anelloviridae.pbmc",FALSE
"R-HSA-6802946","R-HSA-6802946","Signaling by moderate kinase activity BRAF mutants","1/149","40/8368",0.513417888002534,0.78199776583045,0.751305154028655,"7450",1,"up","Reactome","Anelloviridae.pbmc",FALSE
"R-HSA-6802949","R-HSA-6802949","Signaling by RAS mutants","1/149","40/8368",0.513417888002534,0.78199776583045,0.751305154028655,"7450",1,"up","Reactome","Anelloviridae.pbmc",FALSE
"R-HSA-6802955","R-HSA-6802955","Paradoxical activation of RAF signaling by kinase inactive BRAF","1/149","40/8368",0.513417888002534,0.78199776583045,0.751305154028655,"7450",1,"up","Reactome","Anelloviridae.pbmc",FALSE
"R-HSA-9024446","R-HSA-9024446","NR1H2 and NR1H3-mediated signaling","1/149","40/8368",0.513417888002534,0.78199776583045,0.751305154028655,"2874",1,"up","Reactome","Anelloviridae.pbmc",FALSE
"R-HSA-9649948","R-HSA-9649948","Signaling downstream of RAS mutants","1/149","40/8368",0.513417888002534,0.78199776583045,0.751305154028655,"7450",1,"up","Reactome","Anelloviridae.pbmc",FALSE
"R-HSA-1638091","R-HSA-1638091","Heparan sulfate/heparin (HS-GAG) metabolism","1/149","41/8368",0.522123547787311,0.788421517718948,0.757476780231328,"8509",1,"up","Reactome","Anelloviridae.pbmc",FALSE
"R-HSA-1660661","R-HSA-1660661","Sphingolipid de novo biosynthesis","1/149","41/8368",0.522123547787311,0.788421517718948,0.757476780231328,"8877",1,"up","Reactome","Anelloviridae.pbmc",FALSE
"R-HSA-6811436","R-HSA-6811436","COPI-independent Golgi-to-ER retrograde traffic","1/149","41/8368",0.522123547787311,0.788421517718948,0.757476780231328,"84617",1,"up","Reactome","Anelloviridae.pbmc",FALSE
"R-HSA-5675221","R-HSA-5675221","Negative regulation of MAPK pathway","1/149","42/8368",0.530674477459425,0.79904414177462,0.767682477166867,"1850",1,"up","Reactome","Anelloviridae.pbmc",FALSE
"R-HSA-983189","R-HSA-983189","Kinesins","1/149","43/8368",0.539073408862085,0.808508386983297,0.77677526043936,"84617",1,"up","Reactome","Anelloviridae.pbmc",FALSE
"R-HSA-9006934","R-HSA-9006934","Signaling by Receptor Tyrosine Kinases","8/149","445/8368",0.54102990262739,0.808508386983297,0.77677526043936,"5327/8936/2886/7074/8061/8877/527/131873",8,"up","Reactome","Anelloviridae.pbmc",FALSE
"R-HSA-69481","R-HSA-69481","G2/M Checkpoints","3/149","159/8368",0.541562543842701,0.808508386983297,0.77677526043936,"8362/8339/8343",3,"up","Reactome","Anelloviridae.pbmc",FALSE
"R-HSA-5683057","R-HSA-5683057","MAPK family signaling cascades","5/149","275/8368",0.545283973596799,0.810222569282088,0.77842216283768,"7450/8437/148170/2118/1850",5,"up","Reactome","Anelloviridae.pbmc",FALSE
"R-HSA-69242","R-HSA-69242","S Phase","3/149","160/8368",0.54582901315522,0.810222569282088,0.77842216283768,"898/11065/55957",3,"up","Reactome","Anelloviridae.pbmc",FALSE
"R-HSA-3371497","R-HSA-3371497","HSP90 chaperone cycle for steroid hormone receptors (SHR)","1/149","44/8368",0.547323025928697,0.810222569282088,0.77842216283768,"84617",1,"up","Reactome","Anelloviridae.pbmc",FALSE
"R-HSA-194138","R-HSA-194138","Signaling by VEGF","2/149","103/8368",0.55089713796252,0.813229108420863,0.78131069839296,"8936/8877",2,"up","Reactome","Anelloviridae.pbmc",FALSE
"R-HSA-211859","R-HSA-211859","Biological oxidations","3/149","162/8368",0.554293199101107,0.814152261463112,0.782197618623304,"2678/54579/54577",3,"up","Reactome","Anelloviridae.pbmc",FALSE
"R-HSA-1442490","R-HSA-1442490","Collagen degradation","1/149","45/8368",0.555425965517432,0.814152261463112,0.782197618623304,"131873",1,"up","Reactome","Anelloviridae.pbmc",FALSE
"R-HSA-2132295","R-HSA-2132295","MHC class II antigen presentation","2/149","104/8368",0.556157142555447,0.814152261463112,0.782197618623304,"1515/84617",2,"up","Reactome","Anelloviridae.pbmc",FALSE
"R-HSA-69620","R-HSA-69620","Cell Cycle Checkpoints","5/149","280/8368",0.561475907546629,0.817916802225672,0.785814405014577,"898/11065/8362/8339/8343",5,"up","Reactome","Anelloviridae.pbmc",FALSE
"R-HSA-1483249","R-HSA-1483249","Inositol phosphate metabolism","1/149","46/8368",0.563384818231345,0.817916802225672,0.785814405014577,"113026",1,"up","Reactome","Anelloviridae.pbmc",FALSE
"R-HSA-2122947","R-HSA-2122947","NOTCH1 Intracellular Domain Regulates Transcription","1/149","46/8368",0.563384818231345,0.817916802225672,0.785814405014577,"83933",1,"up","Reactome","Anelloviridae.pbmc",FALSE
"R-HSA-5620920","R-HSA-5620920","Cargo trafficking to the periciliary membrane","1/149","47/8368",0.571202129224319,0.822468639620809,0.790187587451532,"1258",1,"up","Reactome","Anelloviridae.pbmc",FALSE
"R-HSA-69231","R-HSA-69231","Cyclin D associated events in G1","1/149","47/8368",0.571202129224319,0.822468639620809,0.790187587451532,"898",1,"up","Reactome","Anelloviridae.pbmc",FALSE
"R-HSA-69236","R-HSA-69236","G1 Phase","1/149","47/8368",0.571202129224319,0.822468639620809,0.790187587451532,"898",1,"up","Reactome","Anelloviridae.pbmc",FALSE
"R-HSA-3906995","R-HSA-3906995","Diseases associated with O-glycosylation of proteins","1/149","48/8368",0.578880398993046,0.826322027673391,0.793889733967645,"394263",1,"up","Reactome","Anelloviridae.pbmc",FALSE
"R-HSA-447115","R-HSA-447115","Interleukin-12 family signaling","1/149","48/8368",0.578880398993046,0.826322027673391,0.793889733967645,"51561",1,"up","Reactome","Anelloviridae.pbmc",FALSE
"R-HSA-6791312","R-HSA-6791312","TP53 Regulates Transcription of Cell Cycle Genes","1/149","48/8368",0.578880398993046,0.826322027673391,0.793889733967645,"898",1,"up","Reactome","Anelloviridae.pbmc",FALSE
"R-HSA-109581","R-HSA-109581","Apoptosis","3/149","169/8368",0.583174825323899,0.826322027673391,0.793889733967645,"79658/27113/148022",3,"up","Reactome","Anelloviridae.pbmc",FALSE
"R-HSA-1227986","R-HSA-1227986","Signaling by ERBB2","1/149","49/8368",0.58642208415531,0.826322027673391,0.793889733967645,"2886",1,"up","Reactome","Anelloviridae.pbmc",FALSE
"R-HSA-5620924","R-HSA-5620924","Intraflagellar transport","1/149","49/8368",0.58642208415531,0.826322027673391,0.793889733967645,"84617",1,"up","Reactome","Anelloviridae.pbmc",FALSE
"R-HSA-6811440","R-HSA-6811440","Retrograde transport at the Trans-Golgi-Network","1/149","49/8368",0.58642208415531,0.826322027673391,0.793889733967645,"339122",1,"up","Reactome","Anelloviridae.pbmc",FALSE
"R-HSA-8986944","R-HSA-8986944","Transcriptional Regulation by MECP2","1/149","49/8368",0.58642208415531,0.826322027673391,0.793889733967645,"2874",1,"up","Reactome","Anelloviridae.pbmc",FALSE
"R-HSA-169911","R-HSA-169911","Regulation of Apoptosis","1/149","51/8368",0.601105312312655,0.840271882198327,0.807292070982513,"79658",1,"up","Reactome","Anelloviridae.pbmc",FALSE
"R-HSA-174824","R-HSA-174824","Plasma lipoprotein assembly, remodeling, and clearance","1/149","51/8368",0.601105312312655,0.840271882198327,0.807292070982513,"81693",1,"up","Reactome","Anelloviridae.pbmc",FALSE
"R-HSA-2980736","R-HSA-2980736","Peptide hormone metabolism","1/149","51/8368",0.601105312312655,0.840271882198327,0.807292070982513,"43",1,"up","Reactome","Anelloviridae.pbmc",FALSE
"R-HSA-109606","R-HSA-109606","Intrinsic Pathway for Apoptosis","1/149","52/8368",0.608251555966065,0.843489580381874,0.810383477806215,"27113",1,"up","Reactome","Anelloviridae.pbmc",FALSE
"R-HSA-1296071","R-HSA-1296071","Potassium Channels","1/149","52/8368",0.608251555966065,0.843489580381874,0.810383477806215,"27345",1,"up","Reactome","Anelloviridae.pbmc",FALSE
"R-HSA-3000178","R-HSA-3000178","ECM proteoglycans","1/149","53/8368",0.615270617793994,0.843489580381874,0.810383477806215,"131873",1,"up","Reactome","Anelloviridae.pbmc",FALSE
"R-HSA-8848021","R-HSA-8848021","Signaling by PTK6","1/149","53/8368",0.615270617793994,0.843489580381874,0.810383477806215,"898",1,"up","Reactome","Anelloviridae.pbmc",FALSE
"R-HSA-9006927","R-HSA-9006927","Signaling by Non-Receptor Tyrosine Kinases","1/149","53/8368",0.615270617793994,0.843489580381874,0.810383477806215,"898",1,"up","Reactome","Anelloviridae.pbmc",FALSE
"R-HSA-425366","R-HSA-425366","Transport of bile salts and organic acids, metal ions and amine compounds","1/149","54/8368",0.622164746230398,0.843489580381874,0.810383477806215,"51458",1,"up","Reactome","Anelloviridae.pbmc",FALSE
"R-HSA-69239","R-HSA-69239","Synthesis of DNA","2/149","118/8368",0.625203060179482,0.843489580381874,0.810383477806215,"898/11065",2,"up","Reactome","Anelloviridae.pbmc",FALSE
"R-HSA-438064","R-HSA-438064","Post NMDA receptor activation events","1/149","55/8368",0.628936150225066,0.843489580381874,0.810383477806215,"84617",1,"up","Reactome","Anelloviridae.pbmc",FALSE
"R-HSA-6799198","R-HSA-6799198","Complex I biogenesis","1/149","55/8368",0.628936150225066,0.843489580381874,0.810383477806215,"4729",1,"up","Reactome","Anelloviridae.pbmc",FALSE
"R-HSA-425407","R-HSA-425407","SLC-mediated transmembrane transport","3/149","181/8368",0.629872925466375,0.843489580381874,0.810383477806215,"28231/6505/51458",3,"up","Reactome","Anelloviridae.pbmc",FALSE
"R-HSA-5357801","R-HSA-5357801","Programmed Cell Death","3/149","181/8368",0.629872925466375,0.843489580381874,0.810383477806215,"79658/27113/148022",3,"up","Reactome","Anelloviridae.pbmc",FALSE
"R-HSA-193648","R-HSA-193648","NRAGE signals death through JNK","1/149","56/8368",0.635586999932327,0.843489580381874,0.810383477806215,"7074",1,"up","Reactome","Anelloviridae.pbmc",FALSE
"R-HSA-2644602","R-HSA-2644602","Signaling by NOTCH1 PEST Domain Mutants in Cancer","1/149","56/8368",0.635586999932327,0.843489580381874,0.810383477806215,"83933",1,"up","Reactome","Anelloviridae.pbmc",FALSE
"R-HSA-2644603","R-HSA-2644603","Signaling by NOTCH1 in Cancer","1/149","56/8368",0.635586999932327,0.843489580381874,0.810383477806215,"83933",1,"up","Reactome","Anelloviridae.pbmc",FALSE
"R-HSA-2644606","R-HSA-2644606","Constitutive Signaling by NOTCH1 PEST Domain Mutants","1/149","56/8368",0.635586999932327,0.843489580381874,0.810383477806215,"83933",1,"up","Reactome","Anelloviridae.pbmc",FALSE
"R-HSA-2894858","R-HSA-2894858","Signaling by NOTCH1 HD+PEST Domain Mutants in Cancer","1/149","56/8368",0.635586999932327,0.843489580381874,0.810383477806215,"83933",1,"up","Reactome","Anelloviridae.pbmc",FALSE
"R-HSA-2894862","R-HSA-2894862","Constitutive Signaling by NOTCH1 HD+PEST Domain Mutants","1/149","56/8368",0.635586999932327,0.843489580381874,0.810383477806215,"83933",1,"up","Reactome","Anelloviridae.pbmc",FALSE
"R-HSA-909733","R-HSA-909733","Interferon alpha/beta signaling","1/149","56/8368",0.635586999932327,0.843489580381874,0.810383477806215,"3665",1,"up","Reactome","Anelloviridae.pbmc",FALSE
"R-HSA-9660821","R-HSA-9660821","ADORA2B mediated anti-inflammatory cytokines production","1/149","56/8368",0.635586999932327,0.843489580381874,0.810383477806215,"79924",1,"up","Reactome","Anelloviridae.pbmc",FALSE
"R-HSA-69275","R-HSA-69275","G2/M Transition","3/149","183/8368",0.637299486993272,0.843489580381874,0.810383477806215,"728642/84617/55957",3,"up","Reactome","Anelloviridae.pbmc",FALSE
"R-HSA-166016","R-HSA-166016","Toll Like Receptor 4 (TLR4) Cascade","2/149","121/8368",0.638880011522536,0.843489580381874,0.810383477806215,"148022/3665",2,"up","Reactome","Anelloviridae.pbmc",FALSE
"R-HSA-166520","R-HSA-166520","Signaling by NTRKs","2/149","121/8368",0.638880011522536,0.843489580381874,0.810383477806215,"7074/8061",2,"up","Reactome","Anelloviridae.pbmc",FALSE
"R-HSA-198725","R-HSA-198725","Nuclear Events (kinase and transcription factor activation)","1/149","57/8368",0.642119427387823,0.843489580381874,0.810383477806215,"8061",1,"up","Reactome","Anelloviridae.pbmc",FALSE
"R-HSA-453274","R-HSA-453274","Mitotic G2-G2/M phases","3/149","185/8368",0.644622667553193,0.843489580381874,0.810383477806215,"728642/84617/55957",3,"up","Reactome","Anelloviridae.pbmc",FALSE
"R-HSA-388396","R-HSA-388396","GPCR downstream signalling","7/149","429/8368",0.648234800676694,0.843489580381874,0.810383477806215,"1258/623/79924/7074/26086/5473/259289",7,"up","Reactome","Anelloviridae.pbmc",FALSE
"R-HSA-9664407","R-HSA-9664407","Parasite infection","1/149","58/8368",0.648535527173555,0.843489580381874,0.810383477806215,"8936",1,"up","Reactome","Anelloviridae.pbmc",FALSE
"R-HSA-9664417","R-HSA-9664417","Leishmania phagocytosis","1/149","58/8368",0.648535527173555,0.843489580381874,0.810383477806215,"8936",1,"up","Reactome","Anelloviridae.pbmc",FALSE
"R-HSA-9664422","R-HSA-9664422","FCGR3A-mediated phagocytosis","1/149","58/8368",0.648535527173555,0.843489580381874,0.810383477806215,"8936",1,"up","Reactome","Anelloviridae.pbmc",FALSE
"R-HSA-373755","R-HSA-373755","Semaphorin interactions","1/149","59/8368",0.654837357071406,0.843489580381874,0.810383477806215,"27289",1,"up","Reactome","Anelloviridae.pbmc",FALSE
"R-HSA-422356","R-HSA-422356","Regulation of insulin secretion","1/149","59/8368",0.654837357071406,0.843489580381874,0.810383477806215,"775",1,"up","Reactome","Anelloviridae.pbmc",FALSE
"R-HSA-74752","R-HSA-74752","Signaling by Insulin receptor","1/149","59/8368",0.654837357071406,0.843489580381874,0.810383477806215,"527",1,"up","Reactome","Anelloviridae.pbmc",FALSE
"R-HSA-69306","R-HSA-69306","DNA Replication","2/149","125/8368",0.656507185639267,0.843489580381874,0.810383477806215,"898/11065",2,"up","Reactome","Anelloviridae.pbmc",FALSE
"R-HSA-187577","R-HSA-187577","SCF(Skp2)-mediated degradation of p27/p21","1/149","60/8368",0.66102693870534,0.843489580381874,0.810383477806215,"898",1,"up","Reactome","Anelloviridae.pbmc",FALSE
"R-HSA-2029482","R-HSA-2029482","Regulation of actin dynamics for phagocytic cup formation","1/149","60/8368",0.66102693870534,0.843489580381874,0.810383477806215,"8936",1,"up","Reactome","Anelloviridae.pbmc",FALSE
"R-HSA-6790901","R-HSA-6790901","rRNA modification in the nucleus and cytosol","1/149","60/8368",0.66102693870534,0.843489580381874,0.810383477806215,"5822",1,"up","Reactome","Anelloviridae.pbmc",FALSE
"R-HSA-6802952","R-HSA-6802952","Signaling by BRAF and RAF fusions","1/149","60/8368",0.66102693870534,0.843489580381874,0.810383477806215,"7450",1,"up","Reactome","Anelloviridae.pbmc",FALSE
"R-HSA-4608870","R-HSA-4608870","Asymmetric localization of PCP proteins","1/149","61/8368",0.667106258172468,0.849190816562538,0.815860946302968,"8324",1,"up","Reactome","Anelloviridae.pbmc",FALSE
"R-HSA-5668914","R-HSA-5668914","Diseases of metabolism","3/149","192/8368",0.669435445603217,0.850102361043121,0.816736713595808,"2678/81693/394263",3,"up","Reactome","Anelloviridae.pbmc",FALSE
"R-HSA-1445148","R-HSA-1445148","Translocation of SLC2A4 (GLUT4) to the plasma membrane","1/149","62/8368",0.673077266663175,0.850922844791159,0.817524994196639,"84617",1,"up","Reactome","Anelloviridae.pbmc",FALSE
"R-HSA-194840","R-HSA-194840","Rho GTPase cycle","2/149","130/8368",0.67757414102088,0.850922844791159,0.817524994196639,"79658/7074",2,"up","Reactome","Anelloviridae.pbmc",FALSE
"R-HSA-69206","R-HSA-69206","G1/S Transition","2/149","130/8368",0.67757414102088,0.850922844791159,0.817524994196639,"898/55957",2,"up","Reactome","Anelloviridae.pbmc",FALSE
"R-HSA-168928","R-HSA-168928","DDX58/IFIH1-mediated induction of interferon-alpha/beta","1/149","63/8368",0.678941881070494,0.850922844791159,0.817524994196639,"3665",1,"up","Reactome","Anelloviridae.pbmc",FALSE
"R-HSA-174084","R-HSA-174084","Autodegradation of Cdh1 by Cdh1:APC/C","1/149","64/8368",0.684701984588916,0.850922844791159,0.817524994196639,"11065",1,"up","Reactome","Anelloviridae.pbmc",FALSE
"R-HSA-2187338","R-HSA-2187338","Visual phototransduction","1/149","64/8368",0.684701984588916,0.850922844791159,0.817524994196639,"1258",1,"up","Reactome","Anelloviridae.pbmc",FALSE
"R-HSA-69563","R-HSA-69563","p53-Dependent G1 DNA Damage Response","1/149","64/8368",0.684701984588916,0.850922844791159,0.817524994196639,"898",1,"up","Reactome","Anelloviridae.pbmc",FALSE
"R-HSA-69580","R-HSA-69580","p53-Dependent G1/S DNA damage checkpoint","1/149","64/8368",0.684701984588916,0.850922844791159,0.817524994196639,"898",1,"up","Reactome","Anelloviridae.pbmc",FALSE
"R-HSA-68886","R-HSA-68886","M Phase","6/149","385/8368",0.688449353302471,0.850922844791159,0.817524994196639,"11065/84617/8362/8339/8354/8343",6,"up","Reactome","Anelloviridae.pbmc",FALSE
"R-HSA-442755","R-HSA-442755","Activation of NMDA receptors and postsynaptic events","1/149","65/8368",0.690359427302819,0.850922844791159,0.817524994196639,"84617",1,"up","Reactome","Anelloviridae.pbmc",FALSE
"R-HSA-174154","R-HSA-174154","APC/C:Cdc20 mediated degradation of Securin","1/149","66/8368",0.695916026764686,0.850922844791159,0.817524994196639,"11065",1,"up","Reactome","Anelloviridae.pbmc",FALSE
"R-HSA-2995410","R-HSA-2995410","Nuclear Envelope (NE) Reassembly","1/149","66/8368",0.695916026764686,0.850922844791159,0.817524994196639,"84617",1,"up","Reactome","Anelloviridae.pbmc",FALSE
"R-HSA-4551638","R-HSA-4551638","SUMOylation of chromatin organization proteins","1/149","66/8368",0.695916026764686,0.850922844791159,0.817524994196639,"8362",1,"up","Reactome","Anelloviridae.pbmc",FALSE
"R-HSA-5658442","R-HSA-5658442","Regulation of RAS by GAPs","1/149","66/8368",0.695916026764686,0.850922844791159,0.817524994196639,"8437",1,"up","Reactome","Anelloviridae.pbmc",FALSE
"R-HSA-69615","R-HSA-69615","G1/S DNA Damage Checkpoints","1/149","66/8368",0.695916026764686,0.850922844791159,0.817524994196639,"898",1,"up","Reactome","Anelloviridae.pbmc",FALSE
"R-HSA-8852276","R-HSA-8852276","The role of GTSE1 in G2/M progression after G2 checkpoint","1/149","66/8368",0.695916026764686,0.850922844791159,0.817524994196639,"84617",1,"up","Reactome","Anelloviridae.pbmc",FALSE
"R-HSA-418346","R-HSA-418346","Platelet homeostasis","1/149","68/8368",0.706733806882061,0.856203945349072,0.822598816963754,"27345",1,"up","Reactome","Anelloviridae.pbmc",FALSE
"R-HSA-8939902","R-HSA-8939902","Regulation of RUNX2 expression and activity","1/149","68/8368",0.706733806882061,0.856203945349072,0.822598816963754,"1749",1,"up","Reactome","Anelloviridae.pbmc",FALSE
"R-HSA-9009391","R-HSA-9009391","Extra-nuclear estrogen signaling","1/149","68/8368",0.706733806882061,0.856203945349072,0.822598816963754,"8877",1,"up","Reactome","Anelloviridae.pbmc",FALSE
"R-HSA-9663891","R-HSA-9663891","Selective autophagy","1/149","68/8368",0.706733806882061,0.856203945349072,0.822598816963754,"84617",1,"up","Reactome","Anelloviridae.pbmc",FALSE
"R-HSA-416482","R-HSA-416482","G alpha (12/13) signalling events","1/149","69/8368",0.711998465047673,0.860603649266338,0.826825837006109,"7074",1,"up","Reactome","Anelloviridae.pbmc",FALSE
"R-HSA-1980143","R-HSA-1980143","Signaling by NOTCH1","1/149","70/8368",0.717169236069229,0.864869994069757,0.83092473214332,"83933",1,"up","Reactome","Anelloviridae.pbmc",FALSE
"R-HSA-174184","R-HSA-174184","Cdc20:Phospho-APC/C mediated degradation of Cyclin A","1/149","71/8368",0.72224778316801,0.865131456291363,0.831175932240379,"11065",1,"up","Reactome","Anelloviridae.pbmc",FALSE
"R-HSA-170834","R-HSA-170834","Signaling by TGF-beta Receptor Complex","1/149","72/8368",0.727235740298053,0.865131456291363,0.831175932240379,"56937",1,"up","Reactome","Anelloviridae.pbmc",FALSE
"R-HSA-174178","R-HSA-174178","APC/C:Cdh1 mediated degradation of Cdc20 and other APC/C:Cdh1 targeted proteins in late mitosis/early G1","1/149","72/8368",0.727235740298053,0.865131456291363,0.831175932240379,"11065",1,"up","Reactome","Anelloviridae.pbmc",FALSE
"R-HSA-179419","R-HSA-179419","APC:Cdc20 mediated degradation of cell cycle proteins prior to satisfation of the cell cycle checkpoint","1/149","72/8368",0.727235740298053,0.865131456291363,0.831175932240379,"11065",1,"up","Reactome","Anelloviridae.pbmc",FALSE
"R-HSA-5619102","R-HSA-5619102","SLC transporter disorders","1/149","72/8368",0.727235740298053,0.865131456291363,0.831175932240379,"6505",1,"up","Reactome","Anelloviridae.pbmc",FALSE
"R-HSA-9679191","R-HSA-9679191","Potential therapeutics for SARS","1/149","72/8368",0.727235740298053,0.865131456291363,0.831175932240379,"1901",1,"up","Reactome","Anelloviridae.pbmc",FALSE
"R-HSA-204998","R-HSA-204998","Cell death signalling via NRAGE, NRIF and NADE","1/149","73/8368",0.732134712657695,0.868997733267129,0.834890461802635,"7074",1,"up","Reactome","Anelloviridae.pbmc",FALSE
"R-HSA-176409","R-HSA-176409","APC/C:Cdc20 mediated degradation of mitotic proteins","1/149","74/8368",0.736946277192234,0.87274311928159,0.838488845250064,"11065",1,"up","Reactome","Anelloviridae.pbmc",FALSE
"R-HSA-176814","R-HSA-176814","Activation of APC/C and APC/C:Cdc20 mediated degradation of mitotic proteins","1/149","75/8368",0.741671983087865,0.876370258043284,0.841973622528352,"11065",1,"up","Reactome","Anelloviridae.pbmc",FALSE
"R-HSA-453279","R-HSA-453279","Mitotic G1 phase and G1/S transition","2/149","148/8368",0.744861843806774,0.878170451199485,0.843703159945975,"898/55957",2,"up","Reactome","Anelloviridae.pbmc",FALSE
"R-HSA-176408","R-HSA-176408","Regulation of APC/C activators between G1/S and early anaphase","1/149","79/8368",0.759746259381684,0.886921233801806,0.852110483289062,"11065",1,"up","Reactome","Anelloviridae.pbmc",FALSE
"R-HSA-380270","R-HSA-380270","Recruitment of mitotic centrosome proteins and complexes","1/149","79/8368",0.759746259381684,0.886921233801806,0.852110483289062,"728642",1,"up","Reactome","Anelloviridae.pbmc",FALSE
"R-HSA-380287","R-HSA-380287","Centrosome maturation","1/149","79/8368",0.759746259381684,0.886921233801806,0.852110483289062,"728642",1,"up","Reactome","Anelloviridae.pbmc",FALSE
"R-HSA-428157","R-HSA-428157","Sphingolipid metabolism","1/149","79/8368",0.759746259381684,0.886921233801806,0.852110483289062,"8877",1,"up","Reactome","Anelloviridae.pbmc",FALSE
"R-HSA-1483255","R-HSA-1483255","PI Metabolism","1/149","80/8368",0.76406497181408,0.886921233801806,0.852110483289062,"79153",1,"up","Reactome","Anelloviridae.pbmc",FALSE
"R-HSA-418555","R-HSA-418555","G alpha (s) signalling events","1/149","80/8368",0.76406497181408,0.886921233801806,0.852110483289062,"79924",1,"up","Reactome","Anelloviridae.pbmc",FALSE
"R-HSA-877300","R-HSA-877300","Interferon gamma signaling","1/149","80/8368",0.76406497181408,0.886921233801806,0.852110483289062,"3665",1,"up","Reactome","Anelloviridae.pbmc",FALSE
"R-HSA-195253","R-HSA-195253","Degradation of beta-catenin by the destruction complex","1/149","81/8368",0.768306564381611,0.889884745998042,0.854957680665252,"10023",1,"up","Reactome","Anelloviridae.pbmc",FALSE
"R-HSA-6811434","R-HSA-6811434","COPI-dependent Golgi-to-ER retrograde traffic","1/149","82/8368",0.772472405084778,0.891610332311619,0.85661553948245,"84617",1,"up","Reactome","Anelloviridae.pbmc",FALSE
"R-HSA-2029480","R-HSA-2029480","Fcgamma receptor (FCGR) dependent phagocytosis","1/149","83/8368",0.776563837819797,0.891610332311619,0.85661553948245,"8936",1,"up","Reactome","Anelloviridae.pbmc",FALSE
"R-HSA-380320","R-HSA-380320","Recruitment of NuMA to mitotic centrosomes","1/149","83/8368",0.776563837819797,0.891610332311619,0.85661553948245,"84617",1,"up","Reactome","Anelloviridae.pbmc",FALSE
"R-HSA-425393","R-HSA-425393","Transport of inorganic cations/anions and amino acids/oligopeptides","1/149","83/8368",0.776563837819797,0.891610332311619,0.85661553948245,"6505",1,"up","Reactome","Anelloviridae.pbmc",FALSE
"R-HSA-163685","R-HSA-163685","Integration of energy metabolism","1/149","84/8368",0.780582182800467,0.89352541101139,0.858455453303663,"775",1,"up","Reactome","Anelloviridae.pbmc",FALSE
"R-HSA-5628897","R-HSA-5628897","TP53 Regulates Metabolic Genes","1/149","85/8368",0.784528736972694,0.89352541101139,0.858455453303663,"83667",1,"up","Reactome","Anelloviridae.pbmc",FALSE
"R-HSA-174143","R-HSA-174143","APC/C-mediated degradation of cell cycle proteins","1/149","86/8368",0.788404774421815,0.89352541101139,0.858455453303663,"11065",1,"up","Reactome","Anelloviridae.pbmc",FALSE
"R-HSA-4086400","R-HSA-4086400","PCP/CE pathway","1/149","86/8368",0.788404774421815,0.89352541101139,0.858455453303663,"8324",1,"up","Reactome","Anelloviridae.pbmc",FALSE
"R-HSA-453276","R-HSA-453276","Regulation of mitotic cell cycle","1/149","86/8368",0.788404774421815,0.89352541101139,0.858455453303663,"11065",1,"up","Reactome","Anelloviridae.pbmc",FALSE
"R-HSA-975138","R-HSA-975138","TRAF6 mediated induction of NFkB and MAP kinases upon TLR7/8 or 9 activation","1/149","86/8368",0.788404774421815,0.89352541101139,0.858455453303663,"148022",1,"up","Reactome","Anelloviridae.pbmc",FALSE
"R-HSA-6807878","R-HSA-6807878","COPI-mediated anterograde transport","1/149","87/8368",0.792211546772835,0.895913058260267,0.860749387842182,"84617",1,"up","Reactome","Anelloviridae.pbmc",FALSE
"R-HSA-5673001","R-HSA-5673001","RAF/MAP kinase cascade","3/149","235/8368",0.79441547417344,0.896481702118636,0.861295713011213,"7450/8437/1850",3,"up","Reactome","Anelloviridae.pbmc",FALSE
"R-HSA-373760","R-HSA-373760","L1CAM interactions","1/149","89/8368",0.79962219273178,0.898509372216734,0.863243799133624,"84617",1,"up","Reactome","Anelloviridae.pbmc",FALSE
"R-HSA-8876198","R-HSA-8876198","RAB GEFs exchange GTP for GDP on RABs","1/149","89/8368",0.79962219273178,0.898509372216734,0.863243799133624,"5866",1,"up","Reactome","Anelloviridae.pbmc",FALSE
"R-HSA-5684996","R-HSA-5684996","MAPK1/MAPK3 signaling","3/149","241/8368",0.808311475086337,0.906340739086169,0.870767792870163,"7450/8437/1850",3,"up","Reactome","Anelloviridae.pbmc",FALSE
"R-HSA-193704","R-HSA-193704","p75 NTR receptor-mediated signalling","1/149","92/8368",0.8102487156914,0.906584019467872,0.871001524745923,"7074",1,"up","Reactome","Anelloviridae.pbmc",FALSE
"R-HSA-15869","R-HSA-15869","Metabolism of nucleotides","1/149","93/8368",0.813664972501693,0.908477628195746,0.872820811269657,"7378",1,"up","Reactome","Anelloviridae.pbmc",FALSE
"R-HSA-73894","R-HSA-73894","DNA Repair","4/149","316/8368",0.820114861907985,0.909877612596502,0.874165847715804,"51548/8362/8339/8343",4,"up","Reactome","Anelloviridae.pbmc",FALSE
"R-HSA-2467813","R-HSA-2467813","Separation of Sister Chromatids","2/149","175/8368",0.823199656712668,0.909877612596502,0.874165847715804,"11065/84617",2,"up","Reactome","Anelloviridae.pbmc",FALSE
"R-HSA-9607240","R-HSA-9607240","FLT3 Signaling","3/149","248/8368",0.823523290899593,0.909877612596502,0.874165847715804,"7450/8437/1850",3,"up","Reactome","Anelloviridae.pbmc",FALSE
"R-HSA-1236975","R-HSA-1236975","Antigen processing-Cross presentation","1/149","96/8368",0.823551463393797,0.909877612596502,0.874165847715804,"1515",1,"up","Reactome","Anelloviridae.pbmc",FALSE
"R-HSA-8878159","R-HSA-8878159","Transcriptional regulation by RUNX3","1/149","96/8368",0.823551463393797,0.909877612596502,0.874165847715804,"7004",1,"up","Reactome","Anelloviridae.pbmc",FALSE
"R-HSA-1630316","R-HSA-1630316","Glycosaminoglycan metabolism","1/149","99/8368",0.832916734882844,0.918299412726483,0.882257100811822,"8509",1,"up","Reactome","Anelloviridae.pbmc",FALSE
"R-HSA-611105","R-HSA-611105","Respiratory electron transport","1/149","100/8368",0.835927426200109,0.919694683940412,0.8835976090589,"4729",1,"up","Reactome","Anelloviridae.pbmc",FALSE
"R-HSA-6811442","R-HSA-6811442","Intra-Golgi and retrograde Golgi-to-ER traffic","2/149","182/8368",0.839662649459679,0.921879617219273,0.885696785943214,"339122/84617",2,"up","Reactome","Anelloviridae.pbmc",FALSE
"R-HSA-5610787","R-HSA-5610787","Hedgehog 'off' state","1/149","102/8368",0.841788089941962,0.921912554288426,0.88572843026612,"84617",1,"up","Reactome","Anelloviridae.pbmc",FALSE
"R-HSA-9648025","R-HSA-9648025","EML4 and NUDC in mitotic spindle formation","1/149","103/8368",0.844639962020192,0.921912554288426,0.88572843026612,"84617",1,"up","Reactome","Anelloviridae.pbmc",FALSE
"R-HSA-187037","R-HSA-187037","Signaling by NTRK1 (TRKA)","1/149","104/8368",0.847440766092665,0.921912554288426,0.88572843026612,"8061",1,"up","Reactome","Anelloviridae.pbmc",FALSE
"R-HSA-1989781","R-HSA-1989781","PPARA activates gene expression","1/149","104/8368",0.847440766092665,0.921912554288426,0.88572843026612,"2874",1,"up","Reactome","Anelloviridae.pbmc",FALSE
"R-HSA-5617833","R-HSA-5617833","Cilium Assembly","2/149","186/8368",0.848439447495041,0.921912554288426,0.88572843026612,"1258/84617",2,"up","Reactome","Anelloviridae.pbmc",FALSE
"R-HSA-5689880","R-HSA-5689880","Ub-specific processing proteases","2/149","188/8368",0.852663232267267,0.922945583468922,0.886720914108761,"8339/8343",2,"up","Reactome","Anelloviridae.pbmc",FALSE
"R-HSA-400206","R-HSA-400206","Regulation of lipid metabolism by PPARalpha","1/149","106/8368",0.852892787759705,0.922945583468922,0.886720914108761,"2874",1,"up","Reactome","Anelloviridae.pbmc",FALSE
"R-HSA-69618","R-HSA-69618","Mitotic Spindle Checkpoint","1/149","108/8368",0.85815123120114,0.924837829944786,0.888538891847483,"11065",1,"up","Reactome","Anelloviridae.pbmc",FALSE
"R-HSA-8878166","R-HSA-8878166","Transcriptional regulation by RUNX2","1/149","108/8368",0.85815123120114,0.924837829944786,0.888538891847483,"1749",1,"up","Reactome","Anelloviridae.pbmc",FALSE
"R-HSA-2500257","R-HSA-2500257","Resolution of Sister Chromatid Cohesion","1/149","112/8368",0.868114457505001,0.931764397362802,0.895193598584855,"84617",1,"up","Reactome","Anelloviridae.pbmc",FALSE
"R-HSA-3781865","R-HSA-3781865","Diseases of glycosylation","1/149","112/8368",0.868114457505001,0.931764397362802,0.895193598584855,"394263",1,"up","Reactome","Anelloviridae.pbmc",FALSE
"R-HSA-5663202","R-HSA-5663202","Diseases of signal transduction by growth factor receptors and second messengers","4/149","349/8368",0.874603044840699,0.935481443810347,0.89876475476436,"83933/22943/7450/1850",4,"up","Reactome","Anelloviridae.pbmc",FALSE
"R-HSA-8856688","R-HSA-8856688","Golgi-to-ER retrograde transport","1/149","115/8368",0.875127802274195,0.935481443810347,0.89876475476436,"84617",1,"up","Reactome","Anelloviridae.pbmc",FALSE
"R-HSA-3700989","R-HSA-3700989","Transcriptional Regulation by TP53","4/149","352/8368",0.878775020888339,0.937478615401123,0.900683539414641,"10397/898/27113/83667",4,"up","Reactome","Anelloviridae.pbmc",FALSE
"R-HSA-9007101","R-HSA-9007101","Rab regulation of trafficking","1/149","120/8368",0.886002845033599,0.941916837722933,0.904947566053592,"5866",1,"up","Reactome","Anelloviridae.pbmc",FALSE
"R-HSA-163200","R-HSA-163200","Respiratory electron transport, ATP synthesis by chemiosmotic coupling, and heat production by uncoupling proteins.","1/149","122/8368",0.890084601871006,0.941916837722933,0.904947566053592,"4729",1,"up","Reactome","Anelloviridae.pbmc",FALSE
"R-HSA-1632852","R-HSA-1632852","Macroautophagy","1/149","122/8368",0.890084601871006,0.941916837722933,0.904947566053592,"84617",1,"up","Reactome","Anelloviridae.pbmc",FALSE
"R-HSA-416476","R-HSA-416476","G alpha (q) signalling events","1/149","122/8368",0.890084601871006,0.941916837722933,0.904947566053592,"623",1,"up","Reactome","Anelloviridae.pbmc",FALSE
"R-HSA-5663220","R-HSA-5663220","RHO GTPases Activate Formins","1/149","126/8368",0.897817633664344,0.948196178238696,0.910980448882079,"84617",1,"up","Reactome","Anelloviridae.pbmc",FALSE
"R-HSA-3858494","R-HSA-3858494","Beta-catenin independent WNT signaling","1/149","130/8368",0.9050100073146,0.949985155674581,0.912699210784927,"8324",1,"up","Reactome","Anelloviridae.pbmc",FALSE
"R-HSA-5621481","R-HSA-5621481","C-type lectin receptors (CLRs)","1/149","130/8368",0.9050100073146,0.949985155674581,0.912699210784927,"394263",1,"up","Reactome","Anelloviridae.pbmc",FALSE
"R-HSA-5358351","R-HSA-5358351","Signaling by Hedgehog","1/149","131/8368",0.906728083171619,0.949985155674581,0.912699210784927,"84617",1,"up","Reactome","Anelloviridae.pbmc",FALSE
"R-HSA-68882","R-HSA-68882","Mitotic Anaphase","2/149","220/8368",0.907169313877256,0.949985155674581,0.912699210784927,"11065/84617",2,"up","Reactome","Anelloviridae.pbmc",FALSE
"R-HSA-2555396","R-HSA-2555396","Mitotic Metaphase and Anaphase","2/149","221/8368",0.908524702960131,0.949985155674581,0.912699210784927,"11065/84617",2,"up","Reactome","Anelloviridae.pbmc",FALSE
"R-HSA-9612973","R-HSA-9612973","Autophagy","1/149","134/8368",0.911699285596567,0.951416878236417,0.914074739701821,"84617",1,"up","Reactome","Anelloviridae.pbmc",FALSE
"R-HSA-73887","R-HSA-73887","Death Receptor Signalling","1/149","136/8368",0.914866288316912,0.952252108022475,0.914877187573775,"7074",1,"up","Reactome","Anelloviridae.pbmc",FALSE
"R-HSA-9679506","R-HSA-9679506","SARS-CoV Infections","1/149","137/8368",0.916407216771818,0.952252108022475,0.914877187573775,"1901",1,"up","Reactome","Anelloviridae.pbmc",FALSE
"R-HSA-199977","R-HSA-199977","ER to Golgi Anterograde Transport","1/149","138/8368",0.917920438093771,0.952252108022475,0.914877187573775,"84617",1,"up","Reactome","Anelloviridae.pbmc",FALSE
"R-HSA-5619115","R-HSA-5619115","Disorders of transmembrane transporters","1/149","141/8368",0.922298764419268,0.954914437817199,0.917435023649401,"6505",1,"up","Reactome","Anelloviridae.pbmc",FALSE
"R-HSA-9609507","R-HSA-9609507","Protein localization","1/149","155/8368",0.939853253299241,0.971181695075882,0.933063807712972,"3162",1,"up","Reactome","Anelloviridae.pbmc",FALSE
"R-HSA-948021","R-HSA-948021","Transport to the Golgi and subsequent modification","1/149","163/8368",0.948051341442831,0.97675960783619,0.938422793107376,"84617",1,"up","Reactome","Anelloviridae.pbmc",FALSE
"R-HSA-983169","R-HSA-983169","Class I MHC mediated antigen processing & presentation","3/149","347/8368",0.950388530461653,0.97675960783619,0.938422793107376,"1515/114907/11065",3,"up","Reactome","Anelloviridae.pbmc",FALSE
"R-HSA-5688426","R-HSA-5688426","Deubiquitination","2/149","264/8368",0.952047597347082,0.97675960783619,0.938422793107376,"8339/8343",2,"up","Reactome","Anelloviridae.pbmc",FALSE
"R-HSA-1428517","R-HSA-1428517","The citric acid (TCA) cycle and respiratory electron transport","1/149","169/8368",0.953462303912763,0.97675960783619,0.938422793107376,"4729",1,"up","Reactome","Anelloviridae.pbmc",FALSE
"R-HSA-3108232","R-HSA-3108232","SUMO E3 ligases SUMOylate target proteins","1/149","171/8368",0.955138490100235,0.97675960783619,0.938422793107376,"8362",1,"up","Reactome","Anelloviridae.pbmc",FALSE
"R-HSA-913531","R-HSA-913531","Interferon Signaling","1/149","174/8368",0.957540972658371,0.97675960783619,0.938422793107376,"3665",1,"up","Reactome","Anelloviridae.pbmc",FALSE
"R-HSA-2990846","R-HSA-2990846","SUMOylation","1/149","177/8368",0.959815611675189,0.97675960783619,0.938422793107376,"8362",1,"up","Reactome","Anelloviridae.pbmc",FALSE
"R-HSA-6791226","R-HSA-6791226","Major pathway of rRNA processing in the nucleolus and cytosol","1/149","179/8368",0.961264366304655,0.97675960783619,0.938422793107376,"5822",1,"up","Reactome","Anelloviridae.pbmc",FALSE
"R-HSA-1852241","R-HSA-1852241","Organelle biogenesis and maintenance","2/149","279/8368",0.961932137508506,0.97675960783619,0.938422793107376,"1258/84617",2,"up","Reactome","Anelloviridae.pbmc",FALSE
"R-HSA-983168","R-HSA-983168","Antigen processing: Ubiquitination & Proteasome degradation","2/149","286/8368",0.965849780571803,0.977035491224306,0.93868784835492,"114907/11065",2,"up","Reactome","Anelloviridae.pbmc",FALSE
"R-HSA-68877","R-HSA-68877","Mitotic Prometaphase","1/149","188/8368",0.967167658461067,0.977035491224306,0.93868784835492,"84617",1,"up","Reactome","Anelloviridae.pbmc",FALSE
"R-HSA-8868773","R-HSA-8868773","rRNA processing in the nucleus and cytosol","1/149","189/8368",0.967765704780052,0.977035491224306,0.93868784835492,"5822",1,"up","Reactome","Anelloviridae.pbmc",FALSE
"R-HSA-72312","R-HSA-72312","rRNA processing","1/149","199/8368",0.97318195110818,0.980625025304036,0.942136496896517,"5822",1,"up","Reactome","Anelloviridae.pbmc",FALSE
"R-HSA-8951664","R-HSA-8951664","Neddylation","1/149","217/8368",0.980752499429447,0.986367494655188,0.947653580204026,"114907",1,"up","Reactome","Anelloviridae.pbmc",FALSE
"R-HSA-71387","R-HSA-71387","Metabolism of carbohydrates","1/149","248/8368",0.989147516983809,0.99291569800089,0.953944773271603,"8509",1,"up","Reactome","Anelloviridae.pbmc",FALSE
"R-HSA-446203","R-HSA-446203","Asparagine N-linked glycosylation","1/149","278/8368",0.993779911787926,0.995669227209577,0.956590229277552,"84617",1,"up","Reactome","Anelloviridae.pbmc",FALSE
"R-HSA-71291","R-HSA-71291","Metabolism of amino acids and derivatives","1/149","323/8368",0.997311587004029,0.997311587004029,0.958168128131305,"383",1,"up","Reactome","Anelloviridae.pbmc",FALSE
"R-HSA-14285171","R-HSA-1428517","The citric acid (TCA) cycle and respiratory electron transport","35/548","169/8368",6.68677080352543e-10,7.62291871601899e-07,6.48968703247415e-07,"4706/51660/4708/1738/4967/506/3945/23530/51300/515/4709/4702/4694/1350/1349/4711/7385/25874/4715/80224/518/522/516/8802/4712/509/10632/55863/54205/84987/9377/4707/4700/4697/4722",35,"down","Reactome","Anelloviridae.pbmc",FALSE
"R-HSA-1632001","R-HSA-163200","Respiratory electron transport, ATP synthesis by chemiosmotic coupling, and heat production by uncoupling proteins.","28/548","122/8368",3.18694363890467e-09,1.81655787417566e-06,1.54650633424743e-06,"4706/4708/506/51300/515/4709/4702/4694/1350/1349/4711/7385/4715/80224/518/522/516/4712/509/10632/55863/54205/84987/9377/4707/4700/4697/4722",28,"down","Reactome","Anelloviridae.pbmc",FALSE
"R-HSA-202424","R-HSA-202424","Downstream TCR signaling","22/548","90/8368",4.71995550457309e-08,1.79358309173778e-05,1.52694700884786e-05,"5689/5685/5720/997/5684/5687/5716/5715/6500/10213/5686/6233/5701/915/7334/3119/3932/3123/3117/916/3122/3113",22,"down","Reactome","Anelloviridae.pbmc",FALSE
"R-HSA-712911","R-HSA-71291","Metabolism of amino acids and derivatives","45/548","323/8368",9.37330393684246e-07,0.00026713916220001,0.000227425953414967,"4706/5689/5685/3735/38/1738/5720/26227/5684/5687/5716/4967/11112/7965/6164/6207/5715/10213/4548/6144/6125/6535/51520/6194/3067/5686/223/6233/6189/5723/5701/6133/6208/5092/6157/3921/2628/6227/6201/36/26275/1733/6235/100131187/1159",45,"down","Reactome","Anelloviridae.pbmc",FALSE
"R-HSA-6111051","R-HSA-611105","Respiratory electron transport","21/548","100/8368",1.45403749686539e-06,0.000331520549285309,0.000282236330970503,"4706/4708/51300/4709/4702/4694/1350/1349/4711/7385/4715/80224/4712/55863/54205/84987/9377/4707/4700/4697/4722",21,"down","Reactome","Anelloviridae.pbmc",FALSE
"R-HSA-202403","R-HSA-202403","TCR signaling","22/548","111/8368",2.28909115246972e-06,0.000421574062324378,0.00035890238731586,"5689/5685/5720/997/5684/5687/5716/5715/6500/10213/5686/6233/5701/915/7334/3119/3932/3123/3117/916/3122/3113",22,"down","Reactome","Anelloviridae.pbmc",FALSE
"R-HSA-202430","R-HSA-202430","Translocation of ZAP-70 to Immunological synapse","8/548","16/8368",2.58861266339531e-06,0.000421574062324378,0.00035890238731586,"915/3119/3932/3123/3117/916/3122/3113",8,"down","Reactome","Anelloviridae.pbmc",FALSE
"R-HSA-72766","R-HSA-72766","Translation","40/548","287/8368",3.81297928509171e-06,0.000543349548125569,0.000462574592217705,"60488/3735/10240/3646/7965/6164/6207/1933/10056/6144/6125/51081/51520/4677/57129/54534/6194/29088/6727/6726/6233/6189/10667/54148/6133/84340/6208/6157/90701/54948/3921/6227/6201/28998/78988/5464/51649/64976/28973/6235",40,"down","Reactome","Anelloviridae.pbmc",FALSE
"R-HSA-96095071","R-HSA-9609507","Protein localization","26/548","155/8368",7.41558529415106e-06,0.000918789156919881,0.000782200925835762,"8504/30/29090/26520/9218/6449/9512/6804/506/3313/1962/8443/5825/27230/847/8799/6233/291/516/6811/5824/5828/197257/225/9804/51287",26,"down","Reactome","Anelloviridae.pbmc",FALSE
"R-HSA-67991981","R-HSA-6799198","Complex I biogenesis","14/548","55/8368",8.05955400806913e-06,0.000918789156919881,0.000782200925835762,"4706/4708/51300/4709/4702/4694/4711/4715/80224/4712/55863/4707/4700/4722",14,"down","Reactome","Anelloviridae.pbmc",FALSE
"R-HSA-18522411","R-HSA-1852241","Organelle biogenesis and maintenance","38/548","279/8368",1.15374658973133e-05,0.00119570101117611,0.00101794675189692,"57787/51668/8655/51098/7019/27077/7531/10891/506/3313/84100/55081/515/56912/26123/64792/11258/51626/403/585/64784/805/518/522/516/7203/123016/509/10576/10632/4735/83657/54205/79135/5600/23054/1454/92482",38,"down","Reactome","Anelloviridae.pbmc",FALSE
"R-HSA-202427","R-HSA-202427","Phosphorylation of CD3 and TCR zeta chains","8/548","19/8368",1.27455069837221e-05,0.0012108231634536,0.00103082082798173,"915/3119/3932/3123/3117/916/3122/3113",8,"down","Reactome","Anelloviridae.pbmc",FALSE
"R-HSA-1952531","R-HSA-195253","Degradation of beta-catenin by the destruction complex","17/548","81/8368",1.46787376031779e-05,0.00128721237443253,0.00109585393280405,"5689/5685/5526/5720/9978/5684/5687/5716/5516/7091/5715/6500/10213/5686/6233/6934/5701",17,"down","Reactome","Anelloviridae.pbmc",FALSE
"R-HSA-9010553","R-HSA-9010553","Regulation of expression of SLITs and ROBOs","26/548","162/8368",1.6764072400018e-05,0.00136507446685861,0.00116214095885839,"5689/5685/5720/9978/5684/5687/5716/6164/6207/5715/10213/6144/6125/6194/5686/6233/9353/6189/5701/6133/6208/6157/3921/6227/6201/6235",26,"down","Reactome","Anelloviridae.pbmc",FALSE
"R-HSA-389948","R-HSA-389948","PD-1 signaling","8/548","20/8368",2.00321652131619e-05,0.00149327923923575,0.00127128666535121,"915/3119/3932/3123/3117/916/3122/3113",8,"down","Reactome","Anelloviridae.pbmc",FALSE
"R-HSA-8854050","R-HSA-8854050","FBXL7 down-regulates AURKA during mitotic entry and in early mitosis","13/548","52/8368",2.09583051120807e-05,0.00149327923923575,0.00127128666535121,"5689/5685/5720/9978/5684/5687/5716/5715/6500/10213/5686/6233/5701",13,"down","Reactome","Anelloviridae.pbmc",FALSE
"R-HSA-9604323","R-HSA-9604323","Negative regulation of NOTCH4 signaling","13/548","54/8368",3.23980398328866e-05,0.0021725744358524,0.00184959707281247,"5689/5685/5720/9978/5684/5687/5716/5715/6500/10213/5686/6233/5701",13,"down","Reactome","Anelloviridae.pbmc",FALSE
"R-HSA-5610780","R-HSA-5610780","Degradation of GLI1 by the proteasome","13/548","56/8368",4.89469261934052e-05,0.003099971992249,0.00263912666376138,"5689/5685/5720/9978/5684/5687/5716/5715/6500/10213/5686/6233/5701",13,"down","Reactome","Anelloviridae.pbmc",FALSE
"R-HSA-5610783","R-HSA-5610783","Degradation of GLI2 by the proteasome","13/548","57/8368",5.96827141454962e-05,0.00323991876789837,0.00275826879409261,"5689/5685/5720/9978/5684/5687/5716/5715/6500/10213/5686/6233/5701",13,"down","Reactome","Anelloviridae.pbmc",FALSE
"R-HSA-5610785","R-HSA-5610785","GLI3 is processed to GLI3R by the proteasome","13/548","57/8368",5.96827141454962e-05,0.00323991876789837,0.00275826879409261,"5689/5685/5720/9978/5684/5687/5716/5715/6500/10213/5686/6233/5701",13,"down","Reactome","Anelloviridae.pbmc",FALSE
"R-HSA-5676590","R-HSA-5676590","NIK-->noncanonical NF-kB signaling","13/548","57/8368",5.96827141454962e-05,0.00323991876789837,0.00275826879409261,"5689/5685/5720/5684/5687/5716/5715/6500/10213/5686/6233/9039/5701",13,"down","Reactome","Anelloviridae.pbmc",FALSE
"R-HSA-9020702","R-HSA-9020702","Interleukin-1 signaling","18/548","99/8368",6.36817908010662e-05,0.00329987461423707,0.00280931153677431,"5689/5685/5720/9978/5684/5687/5716/4793/5715/6500/10213/5686/6233/257397/5701/28511/7334/3146",18,"down","Reactome","Anelloviridae.pbmc",FALSE
"R-HSA-180534","R-HSA-180534","Vpu mediated degradation of CD4","12/548","50/8368",6.72088354307614e-05,0.00333122053874209,0.00283599754083121,"5689/5685/5720/5684/5687/5716/5715/6500/10213/5686/6233/5701",12,"down","Reactome","Anelloviridae.pbmc",FALSE
"R-HSA-5607761","R-HSA-5607761","Dectin-1 mediated noncanonical NF-kB signaling","13/548","58/8368",7.2405998589356e-05,0.00343928493299441,0.00292799696049939,"5689/5685/5720/5684/5687/5716/5715/6500/10213/5686/6233/9039/5701",13,"down","Reactome","Anelloviridae.pbmc",FALSE
"R-HSA-163210","R-HSA-163210","Formation of ATP by chemiosmotic coupling","7/548","18/8368",8.37675630875375e-05,0.00381980087679171,0.0032519449754404,"506/515/518/522/516/509/10632",7,"down","Reactome","Anelloviridae.pbmc",FALSE
"R-HSA-180585","R-HSA-180585","Vif-mediated degradation of APOBEC3G","12/548","52/8368",0.000101286818869955,0.00436803201775232,0.00371867545740318,"5689/5685/5720/9978/5684/5687/5716/5715/10213/5686/6233/5701",12,"down","Reactome","Anelloviridae.pbmc",FALSE
"R-HSA-89399021","R-HSA-8939902","Regulation of RUNX2 expression and activity","14/548","68/8368",0.000103453389894134,0.00436803201775232,0.00371867545740318,"5689/5685/5720/9978/5684/5687/5716/10891/5715/6500/10213/5686/6233/5701",14,"down","Reactome","Anelloviridae.pbmc",FALSE
"R-HSA-8949613","R-HSA-8949613","Cristae formation","9/548","31/8368",0.000113588077766023,0.0045336048726113,0.00385963406514092,"506/3313/515/518/522/516/509/10632/79135",9,"down","Reactome","Anelloviridae.pbmc",FALSE
"R-HSA-68949","R-HSA-68949","Orc1 removal from chromatin","14/548","69/8368",0.000122143369179251,0.0045336048726113,0.00385963406514092,"5689/5685/4171/5720/9978/5684/5687/5716/5715/6500/10213/5686/6233/5701",14,"down","Reactome","Anelloviridae.pbmc",FALSE
"R-HSA-174113","R-HSA-174113","SCF-beta-TrCP mediated degradation of Emi1","12/548","53/8368",0.000123282237763991,0.0045336048726113,0.00385963406514092,"5689/5685/5720/5684/5687/5716/5715/6500/10213/5686/6233/5701",12,"down","Reactome","Anelloviridae.pbmc",FALSE
"R-HSA-4641258","R-HSA-4641258","Degradation of DVL","12/548","53/8368",0.000123282237763991,0.0045336048726113,0.00385963406514092,"5689/5685/5720/9978/5684/5687/5716/5715/10213/5686/6233/5701",12,"down","Reactome","Anelloviridae.pbmc",FALSE
"R-HSA-376176","R-HSA-376176","Signaling by ROBO receptors","28/548","203/8368",0.000132051197783464,0.00461804676541479,0.00393152273103641,"5689/5685/5720/9978/5684/5687/5716/6164/6207/5715/10486/10213/6144/6125/6194/5686/6233/9353/6189/5701/6133/6208/6157/3921/6227/6201/4753/6235",28,"down","Reactome","Anelloviridae.pbmc",FALSE
"R-HSA-2871837","R-HSA-2871837","FCERI mediated NF-kB activation","15/548","78/8368",0.000133680301104112,0.00461804676541479,0.00393152273103641,"5689/5685/5720/997/5684/5687/5716/5715/6500/10213/5686/6233/257397/5701/7334",15,"down","Reactome","Anelloviridae.pbmc",FALSE
"R-HSA-450408","R-HSA-450408","AUF1 (hnRNP D0) binds and destabilizes mRNA","12/548","54/8368",0.000149249151458593,0.0050042362547881,0.00426030085587685,"5689/5685/5720/5684/5687/5716/5715/10213/5686/6233/5701/3303",12,"down","Reactome","Anelloviridae.pbmc",FALSE
"R-HSA-5607764","R-HSA-5607764","CLEC7A (Dectin-1) signaling","17/548","98/8368",0.000184341700866163,0.00600427254249787,0.00511167062251434,"5689/5685/5720/997/5684/5687/5716/5715/6500/10213/5686/805/6233/9039/257397/5701/7334",17,"down","Reactome","Anelloviridae.pbmc",FALSE
"R-HSA-162909","R-HSA-162909","Host Interactions of HIV factors","20/548","127/8368",0.000203501998550677,0.00644422995410477,0.00548622346969953,"292/5689/5685/5720/9978/5684/5687/5716/5715/6500/10213/5901/5686/6233/291/5701/129401/567/8815/3932",20,"down","Reactome","Anelloviridae.pbmc",FALSE
"R-HSA-211733","R-HSA-211733","Regulation of activated PAK-2p34 by proteasome mediated degradation","11/548","48/8368",0.000209911647190746,0.00646754804857974,0.00550607506998201,"5689/5685/5720/5684/5687/5716/5715/10213/5686/6233/5701",11,"down","Reactome","Anelloviridae.pbmc",FALSE
"R-HSA-1169091","R-HSA-1169091","Activation of NF-kappaB in B cells","13/548","65/8368",0.000246800665050618,0.00740401995151855,0.00630333000489391,"5689/5685/5720/5684/5687/5716/4793/5715/6500/10213/5686/6233/5701",13,"down","Reactome","Anelloviridae.pbmc",FALSE
"R-HSA-349425","R-HSA-349425","Autodegradation of the E3 ubiquitin ligase COP1","11/548","50/8368",0.000307929495637002,0.00791088549094827,0.00673484434224774,"5689/5685/5720/5684/5687/5716/5715/10213/5686/6233/5701",11,"down","Reactome","Anelloviridae.pbmc",FALSE
"R-HSA-69601","R-HSA-69601","Ubiquitin Mediated Degradation of Phosphorylated Cdc25A","11/548","50/8368",0.000307929495637002,0.00791088549094827,0.00673484434224774,"5689/5685/5720/5684/5687/5716/5715/10213/5686/6233/5701",11,"down","Reactome","Anelloviridae.pbmc",FALSE
"R-HSA-69610","R-HSA-69610","p53-Independent DNA Damage Response","11/548","50/8368",0.000307929495637002,0.00791088549094827,0.00673484434224774,"5689/5685/5720/5684/5687/5716/5715/10213/5686/6233/5701",11,"down","Reactome","Anelloviridae.pbmc",FALSE
"R-HSA-69613","R-HSA-69613","p53-Independent G1/S DNA damage checkpoint","11/548","50/8368",0.000307929495637002,0.00791088549094827,0.00673484434224774,"5689/5685/5720/5684/5687/5716/5715/10213/5686/6233/5701",11,"down","Reactome","Anelloviridae.pbmc",FALSE
"R-HSA-75815","R-HSA-75815","Ubiquitin-dependent degradation of Cyclin D","11/548","50/8368",0.000307929495637002,0.00791088549094827,0.00673484434224774,"5689/5685/5720/5684/5687/5716/5715/10213/5686/6233/5701",11,"down","Reactome","Anelloviridae.pbmc",FALSE
"R-HSA-1592230","R-HSA-1592230","Mitochondrial biogenesis","16/548","93/8368",0.000312271795695326,0.00791088549094827,0.00673484434224774,"7019/10891/506/3313/515/64784/805/518/522/516/509/10632/54205/79135/5600/23054",16,"down","Reactome","Anelloviridae.pbmc",FALSE
"R-HSA-382556","R-HSA-382556","ABC-family proteins mediated transport","16/548","93/8368",0.000312271795695326,0.00791088549094827,0.00673484434224774,"5689/8504/5685/5720/5684/5687/5716/5715/10213/5825/5686/6233/23457/5701/5824/225",16,"down","Reactome","Anelloviridae.pbmc",FALSE
"R-HSA-1699111","R-HSA-169911","Regulation of Apoptosis","11/548","51/8368",0.000369854002813342,0.00916594702624369,0.00780332701587874,"5689/5685/5720/5684/5687/5716/5715/10213/5686/6233/5701",11,"down","Reactome","Anelloviridae.pbmc",FALSE
"R-HSA-192823","R-HSA-192823","Viral mRNA Translation","15/548","86/8368",0.000409908517442381,0.00994246191243223,0.00846440432434212,"6164/6207/6144/6125/2926/6194/6233/6189/6133/6208/6157/3921/6227/6201/6235",15,"down","Reactome","Anelloviridae.pbmc",FALSE
"R-HSA-1875771","R-HSA-187577","SCF(Skp2)-mediated degradation of p27/p21","12/548","60/8368",0.000424604356105962,0.0100843534575166,0.00858520211249335,"5689/5685/5720/5684/5687/5716/5715/6500/10213/5686/6233/5701",12,"down","Reactome","Anelloviridae.pbmc",FALSE
"R-HSA-202433","R-HSA-202433","Generation of second messenger molecules","8/548","30/8368",0.000519009960288434,0.0117433049226588,0.00999753198401797,"915/3119/3932/3123/3117/916/3122/3113",8,"down","Reactome","Anelloviridae.pbmc",FALSE
"R-HSA-4641257","R-HSA-4641257","Degradation of AXIN","11/548","53/8368",0.000525358378118948,0.0117433049226588,0.00999753198401797,"5689/5685/5720/5684/5687/5716/5715/10213/5686/6233/5701",11,"down","Reactome","Anelloviridae.pbmc",FALSE
"R-HSA-5362768","R-HSA-5362768","Hh mutants that don't undergo autocatalytic processing are degraded by ERAD","11/548","53/8368",0.000525358378118948,0.0117433049226588,0.00999753198401797,"5689/5685/5720/5684/5687/5716/5715/10213/5686/6233/5701",11,"down","Reactome","Anelloviridae.pbmc",FALSE
"R-HSA-156842","R-HSA-156842","Eukaryotic Translation Elongation","15/548","89/8368",0.000598568973594517,0.0120896066473577,0.010292352104214,"6164/6207/1933/6144/6125/6194/6233/6189/6133/6208/6157/3921/6227/6201/6235",15,"down","Reactome","Anelloviridae.pbmc",FALSE
"R-HSA-690521","R-HSA-69052","Switching of origins to a post-replicative state","15/548","89/8368",0.000598568973594517,0.0120896066473577,0.010292352104214,"5689/5685/4171/5720/9978/5684/5687/5716/5715/6500/10213/5686/6233/5701/119504",15,"down","Reactome","Anelloviridae.pbmc",FALSE
"R-HSA-5696398","R-HSA-5696398","Nucleotide Excision Repair","17/548","108/8368",0.000602987841236299,0.0120896066473577,0.010292352104214,"10450/9978/6119/2967/10038/9557/5111/6233/5440/5436/10980/283899/7334/6613/10920/3150/404672",17,"down","Reactome","Anelloviridae.pbmc",FALSE
"R-HSA-1234174","R-HSA-1234174","Cellular response to hypoxia","13/548","71/8368",0.000608220047686691,0.0120896066473577,0.010292352104214,"5689/5685/5720/9978/5684/5687/5716/5715/10213/5686/6233/5701/10370",13,"down","Reactome","Anelloviridae.pbmc",FALSE
"R-HSA-9013694","R-HSA-9013694","Signaling by NOTCH4","14/548","80/8368",0.000611964269368278,0.0120896066473577,0.010292352104214,"5689/5685/5720/9978/5684/5687/5716/5715/6500/10213/5686/5664/6233/5701",14,"down","Reactome","Anelloviridae.pbmc",FALSE
"R-HSA-692391","R-HSA-69239","Synthesis of DNA","18/548","118/8368",0.000619849288918352,0.0120896066473577,0.010292352104214,"5689/23649/5685/4171/5720/9978/5684/5687/5716/6119/5715/6500/10213/5111/5686/6233/5701/119504",18,"down","Reactome","Anelloviridae.pbmc",FALSE
"R-HSA-5387390","R-HSA-5387390","Hh mutants abrogate ligand secretion","11/548","54/8368",0.000621572366334388,0.0120896066473577,0.010292352104214,"5689/5685/5720/5684/5687/5716/5715/10213/5686/6233/5701",11,"down","Reactome","Anelloviridae.pbmc",FALSE
"R-HSA-4466521","R-HSA-446652","Interleukin-1 family signaling","19/548","128/8368",0.000625690168591319,0.0120896066473577,0.010292352104214,"5689/5685/5720/9978/5684/5687/5716/4793/5715/6500/10213/90865/5686/6233/257397/5701/28511/7334/3146",19,"down","Reactome","Anelloviridae.pbmc",FALSE
"R-HSA-1799339","R-HSA-1799339","SRP-dependent cotranslational protein targeting to membrane","17/548","109/8368",0.000672136645303678,0.0127705962607699,0.0108721050345613,"6164/6207/6144/6125/6194/6727/6726/6233/6189/6133/6208/6157/90701/3921/6227/6201/6235",17,"down","Reactome","Anelloviridae.pbmc",FALSE
"R-HSA-1168372","R-HSA-1168372","Downstream signaling events of B Cell Receptor (BCR)","14/548","81/8368",0.000696445640506081,0.0130155414783104,0.0110806364201313,"5689/5685/5720/5684/5687/5716/4793/5715/6500/10213/5686/805/6233/5701",14,"down","Reactome","Anelloviridae.pbmc",FALSE
"R-HSA-69541","R-HSA-69541","Stabilization of p53","11/548","55/8368",0.000732026348836462,0.0132461910741836,0.0112769973872551,"5689/5685/5720/5684/5687/5716/5715/10213/5686/6233/5701",11,"down","Reactome","Anelloviridae.pbmc",FALSE
"R-HSA-8941858","R-HSA-8941858","Regulation of RUNX3 expression and activity","11/548","55/8368",0.000732026348836462,0.0132461910741836,0.0112769973872551,"5689/5685/5720/5684/5687/5716/5715/10213/5686/6233/5701",11,"down","Reactome","Anelloviridae.pbmc",FALSE
"R-HSA-1236978","R-HSA-1236978","Cross-presentation of soluble exogenous antigens (endosomes)","10/548","47/8368",0.000761567056886801,0.0132540640642809,0.0112836999697756,"5689/5685/5720/5684/5687/5716/5715/10213/5686/5701",10,"down","Reactome","Anelloviridae.pbmc",FALSE
"R-HSA-1234176","R-HSA-1234176","Oxygen-dependent proline hydroxylation of Hypoxia-inducible Factor Alpha","12/548","64/8368",0.000784080441539589,0.0132540640642809,0.0112836999697756,"5689/5685/5720/9978/5684/5687/5716/5715/10213/5686/6233/5701",12,"down","Reactome","Anelloviridae.pbmc",FALSE
"R-HSA-1740841","R-HSA-174084","Autodegradation of Cdh1 by Cdh1:APC/C","12/548","64/8368",0.000784080441539589,0.0132540640642809,0.0112836999697756,"5689/5685/5720/5684/5687/5716/5715/10213/5686/6233/5701/119504",12,"down","Reactome","Anelloviridae.pbmc",FALSE
"R-HSA-56871281","R-HSA-5687128","MAPK6/MAPK4 signaling","14/548","82/8368",0.000790593295062369,0.0132540640642809,0.0112836999697756,"5689/5685/8556/5720/5684/5687/5716/5715/10213/27161/3337/5686/6233/5701",14,"down","Reactome","Anelloviridae.pbmc",FALSE
"R-HSA-69002","R-HSA-69002","DNA Replication Pre-Initiation","14/548","82/8368",0.000790593295062369,0.0132540640642809,0.0112836999697756,"5689/23649/5685/4171/5720/5684/5687/5716/6119/5715/10213/5686/6233/5701",14,"down","Reactome","Anelloviridae.pbmc",FALSE
"R-HSA-56107871","R-HSA-5610787","Hedgehog 'off' state","16/548","102/8368",0.000899377928391259,0.0148592875125512,0.0126502890919411,"5689/5685/108/5720/9978/5684/5687/51098/5716/5715/6500/55081/10213/5686/6233/5701",16,"down","Reactome","Anelloviridae.pbmc",FALSE
"R-HSA-2408522","R-HSA-2408522","Selenoamino acid metabolism","17/548","112/8368",0.00092178993334721,0.0150120074859403,0.012780305542047,"3735/7965/6164/6207/6144/6125/51520/6194/6233/6189/6133/6208/6157/3921/6227/6201/6235",17,"down","Reactome","Anelloviridae.pbmc",FALSE
"R-HSA-5358346","R-HSA-5358346","Hedgehog ligand biogenesis","11/548","57/8368",0.00100210376818112,0.0156405668657392,0.0133154225763726,"5689/5685/5720/5684/5687/5716/5715/10213/5686/6233/5701",11,"down","Reactome","Anelloviridae.pbmc",FALSE
"R-HSA-68827","R-HSA-68827","CDT1 association with the CDC6:ORC:origin complex","11/548","57/8368",0.00100210376818112,0.0156405668657392,0.0133154225763726,"5689/5685/5720/5684/5687/5716/5715/10213/5686/6233/5701",11,"down","Reactome","Anelloviridae.pbmc",FALSE
"R-HSA-1741541","R-HSA-174154","APC/C:Cdc20 mediated degradation of Securin","12/548","66/8368",0.00104270445771595,0.0156405668657392,0.0133154225763726,"5689/5685/5720/5684/5687/5716/5715/10213/5686/6233/5701/119504",12,"down","Reactome","Anelloviridae.pbmc",FALSE
"R-HSA-56584421","R-HSA-5658442","Regulation of RAS by GAPs","12/548","66/8368",0.00104270445771595,0.0156405668657392,0.0133154225763726,"5689/5685/5720/9978/5684/5687/5716/5715/10213/5686/6233/5701",12,"down","Reactome","Anelloviridae.pbmc",FALSE
"R-HSA-68867","R-HSA-68867","Assembly of the pre-replicative complex","12/548","66/8368",0.00104270445771595,0.0156405668657392,0.0133154225763726,"5689/5685/4171/5720/5684/5687/5716/5715/10213/5686/6233/5701",12,"down","Reactome","Anelloviridae.pbmc",FALSE
"R-HSA-88522761","R-HSA-8852276","The role of GTSE1 in G2/M progression after G2 checkpoint","12/548","66/8368",0.00104270445771595,0.0156405668657392,0.0133154225763726,"5689/5685/5720/3326/5684/5687/5716/5715/10213/5686/6233/5701",12,"down","Reactome","Anelloviridae.pbmc",FALSE
"R-HSA-350562","R-HSA-350562","Regulation of ornithine decarboxylase (ODC)","10/548","49/8368",0.0010738596825408,0.0158987017934612,0.0135351828749503,"5689/5685/5720/5684/5687/5716/5715/10213/5686/5701",10,"down","Reactome","Anelloviridae.pbmc",FALSE
"R-HSA-693061","R-HSA-69306","DNA Replication","18/548","125/8368",0.00123601272742948,0.0178207977171966,0.0151715378534213,"5689/23649/5685/4171/5720/9978/5684/5687/5716/6119/5715/6500/10213/5111/5686/6233/5701/119504",18,"down","Reactome","Anelloviridae.pbmc",FALSE
"R-HSA-72695","R-HSA-72695","Formation of the ternary complex, and subsequently, the 43S complex","10/548","50/8368",0.00126534222926675,0.0178207977171966,0.0151715378534213,"3646/6207/6194/6233/6189/6208/3921/6227/6201/6235",10,"down","Reactome","Anelloviridae.pbmc",FALSE
"R-HSA-156902","R-HSA-156902","Peptide chain elongation","14/548","86/8368",0.00128184685334221,0.0178207977171966,0.0151715378534213,"6164/6207/6144/6125/6194/6233/6189/6133/6208/6157/3921/6227/6201/6235",14,"down","Reactome","Anelloviridae.pbmc",FALSE
"R-HSA-1741431","R-HSA-174143","APC/C-mediated degradation of cell cycle proteins","14/548","86/8368",0.00128184685334221,0.0178207977171966,0.0151715378534213,"5689/5685/8556/5720/5684/5687/5716/5715/6500/10213/5686/6233/5701/119504",14,"down","Reactome","Anelloviridae.pbmc",FALSE
"R-HSA-4532761","R-HSA-453276","Regulation of mitotic cell cycle","14/548","86/8368",0.00128184685334221,0.0178207977171966,0.0151715378534213,"5689/5685/8556/5720/5684/5687/5716/5715/6500/10213/5686/6233/5701/119504",14,"down","Reactome","Anelloviridae.pbmc",FALSE
"R-HSA-5696395","R-HSA-5696395","Formation of Incision Complex in GG-NER","9/548","42/8368",0.00131594024132625,0.0180743599411076,0.0153874052314877,"9978/6119/2967/10038/9557/6233/7334/6613/404672",9,"down","Reactome","Anelloviridae.pbmc",FALSE
"R-HSA-9603798","R-HSA-9603798","Class I peroxisomal membrane protein import","6/548","20/8368",0.00134705657335798,0.0181005578867169,0.0154097085609907,"8504/5825/8799/5824/5828/225",6,"down","Reactome","Anelloviridae.pbmc",FALSE
"R-HSA-5678895","R-HSA-5678895","Defective CFTR causes cystic fibrosis","11/548","59/8368",0.00134960300032538,0.0181005578867169,0.0154097085609907,"5689/5685/5720/5684/5687/5716/5715/10213/5686/6233/5701",11,"down","Reactome","Anelloviridae.pbmc",FALSE
"R-HSA-67912261","R-HSA-6791226","Major pathway of rRNA processing in the nucleolus and cytosol","23/548","179/8368",0.00138935457262137,0.0184170257300973,0.015679129938273,"55781/6164/6207/10969/51077/10171/6144/6125/10799/6194/55759/6233/6189/26168/6133/6208/25879/6157/3921/6227/6201/6235/1454",23,"down","Reactome","Anelloviridae.pbmc",FALSE
"R-HSA-5419276","R-HSA-5419276","Mitochondrial translation termination","14/548","87/8368",0.00143828596237175,0.0186323408761794,0.015862436092186,"60488/10240/51081/57129/54534/29088/54148/84340/54948/28998/78988/51649/64976/28973",14,"down","Reactome","Anelloviridae.pbmc",FALSE
"R-HSA-56685411","R-HSA-5668541","TNFR2 non-canonical NF-kB pathway","14/548","87/8368",0.00143828596237175,0.0186323408761794,0.015862436092186,"5689/5685/5720/5684/5687/5716/5715/4055/6500/10213/5686/6233/9039/5701",14,"down","Reactome","Anelloviridae.pbmc",FALSE
"R-HSA-6781823","R-HSA-6781823","Formation of TC-NER Pre-Incision Complex","10/548","51/8368",0.00148375399181636,0.0187942172296739,0.0160002477246162,"10450/9978/2967/6233/5440/5436/10980/10920/3150/404672",10,"down","Reactome","Anelloviridae.pbmc",FALSE
"R-HSA-72165","R-HSA-72165","mRNA Splicing - Minor Pathway","10/548","51/8368",0.00148375399181636,0.0187942172296739,0.0160002477246162,"6432/6633/85437/6636/6637/5440/79622/6632/5436/11066",10,"down","Reactome","Anelloviridae.pbmc",FALSE
"R-HSA-5619084","R-HSA-5619084","ABC transporter disorders","12/548","69/8368",0.00156058029805031,0.0195501268107401,0.0166437829358286,"5689/5685/8647/5720/5684/5687/5716/5715/10213/5686/6233/5701",12,"down","Reactome","Anelloviridae.pbmc",FALSE
"R-HSA-72689","R-HSA-72689","Formation of a pool of free 40S subunits","15/548","98/8368",0.00166146723612437,0.0205877461867585,0.0175271486465294,"3646/6164/6207/6144/6125/6194/6233/6189/6133/6208/6157/3921/6227/6201/6235",15,"down","Reactome","Anelloviridae.pbmc",FALSE
"R-HSA-1764081","R-HSA-176408","Regulation of APC/C activators between G1/S and early anaphase","13/548","79/8368",0.00170804294851167,0.0209373006591753,0.0178247379573035,"5689/5685/5720/5684/5687/5716/5715/6500/10213/5686/6233/5701/119504",13,"down","Reactome","Anelloviridae.pbmc",FALSE
"R-HSA-46088701","R-HSA-4608870","Asymmetric localization of PCP proteins","11/548","61/8368",0.00179033272978641,0.0217125458718777,0.0184847343433714,"5689/5685/5720/5684/5687/5716/5715/10213/5686/6233/5701",11,"down","Reactome","Anelloviridae.pbmc",FALSE
"R-HSA-692061","R-HSA-69206","G1/S Transition","18/548","130/8368",0.00194411667928558,0.0229239430983631,0.019516043893528,"5689/23649/5685/4171/5720/5684/5687/5716/5516/6119/5715/6500/10213/5111/5686/6233/5701/7027",18,"down","Reactome","Anelloviridae.pbmc",FALSE
"R-HSA-89516641","R-HSA-8951664","Neddylation","26/548","217/8368",0.00194880930123147,0.0229239430983631,0.019516043893528,"90293/5689/5685/5720/9978/5684/5687/5716/5715/26268/6500/10213/54850/79016/5686/6233/9039/149951/8883/5701/25879/10980/54951/150684/170622/10920",26,"down","Reactome","Anelloviridae.pbmc",FALSE
"R-HSA-2408557","R-HSA-2408557","Selenocysteine synthesis","14/548","90/8368",0.0020061183067094,0.0229239430983631,0.019516043893528,"6164/6207/6144/6125/6194/6233/6189/6133/6208/6157/3921/6227/6201/6235",14,"down","Reactome","Anelloviridae.pbmc",FALSE
"R-HSA-72764","R-HSA-72764","Eukaryotic Translation Termination","14/548","90/8368",0.0020061183067094,0.0229239430983631,0.019516043893528,"6164/6207/6144/6125/6194/6233/6189/6133/6208/6157/3921/6227/6201/6235",14,"down","Reactome","Anelloviridae.pbmc",FALSE
"R-HSA-1741841","R-HSA-174184","Cdc20:Phospho-APC/C mediated degradation of Cyclin A","12/548","71/8368",0.00201144470827938,0.0229239430983631,0.019516043893528,"5689/5685/5720/5684/5687/5716/5715/10213/5686/6233/5701/119504",12,"down","Reactome","Anelloviridae.pbmc",FALSE
"R-HSA-690171","R-HSA-69017","CDK-mediated phosphorylation and removal of Cdc6","12/548","71/8368",0.00201144470827938,0.0229239430983631,0.019516043893528,"5689/5685/5720/5684/5687/5716/5715/10213/5686/6233/5701/119504",12,"down","Reactome","Anelloviridae.pbmc",FALSE
"R-HSA-89392361","R-HSA-8939236","RUNX1 regulates transcription of genes involved in differentiation of HSCs","16/548","110/8368",0.00203690919068076,0.0229239430983631,0.019516043893528,"5689/5685/5720/5684/5687/5716/5715/10213/5686/6233/3017/5701/8347/8349/85236/8353",16,"down","Reactome","Anelloviridae.pbmc",FALSE
"R-HSA-388841","R-HSA-388841","Costimulation by the CD28 family","11/548","62/8368",0.00205108964564302,0.0229239430983631,0.019516043893528,"5526/5516/915/3119/3932/55615/3123/3117/916/3122/3113",11,"down","Reactome","Anelloviridae.pbmc",FALSE
"R-HSA-168255","R-HSA-168255","Influenza Infection","20/548","152/8368",0.00209582183304076,0.023196474656956,0.0197480606036135,"6164/6207/6144/6125/5901/2926/6194/6233/6189/5440/129401/6133/6208/6157/5436/3921/6227/6201/3303/6235",20,"down","Reactome","Anelloviridae.pbmc",FALSE
"R-HSA-168273","R-HSA-168273","Influenza Viral RNA Transcription and Replication","18/548","131/8368",0.00212055935421537,0.0232445929212069,0.0197890255524957,"6164/6207/6144/6125/2926/6194/6233/6189/5440/129401/6133/6208/6157/5436/3921/6227/6201/6235",18,"down","Reactome","Anelloviridae.pbmc",FALSE
"R-HSA-1741781","R-HSA-174178","APC/C:Cdh1 mediated degradation of Cdc20 and other APC/C:Cdh1 targeted proteins in late mitosis/early G1","12/548","72/8368",0.00227395951099989,0.0244557909673573,0.0208201655326902,"5689/5685/5720/5684/5687/5716/5715/10213/5686/6233/5701/119504",12,"down","Reactome","Anelloviridae.pbmc",FALSE
"R-HSA-1794191","R-HSA-179419","APC:Cdc20 mediated degradation of cell cycle proteins prior to satisfation of the cell cycle checkpoint","12/548","72/8368",0.00227395951099989,0.0244557909673573,0.0208201655326902,"5689/5685/5720/5684/5687/5716/5715/10213/5686/6233/5701/119504",12,"down","Reactome","Anelloviridae.pbmc",FALSE
"R-HSA-5620922","R-HSA-5620922","BBSome-mediated cargo-targeting to cilium","6/548","22/8368",0.00231777299211712,0.0246940300094721,0.0210229876904278,"84100/585/7203/123016/10576/92482",6,"down","Reactome","Anelloviridae.pbmc",FALSE
"R-HSA-975956","R-HSA-975956","Nonsense Mediated Decay (NMD) independent of the Exon Junction Complex (EJC)","14/548","92/8368",0.00247927013236444,0.0261700736194024,0.0222796009945421,"6164/6207/6144/6125/6194/6233/6189/6133/6208/6157/3921/6227/6201/6235",14,"down","Reactome","Anelloviridae.pbmc",FALSE
"R-HSA-695631","R-HSA-69563","p53-Dependent G1 DNA Damage Response","11/548","64/8368",0.00266521094178809,0.02741520105346,0.023339626381616,"5689/5685/5720/5684/5687/5716/5715/10213/5686/6233/5701",11,"down","Reactome","Anelloviridae.pbmc",FALSE
"R-HSA-695801","R-HSA-69580","p53-Dependent G1/S DNA damage checkpoint","11/548","64/8368",0.00266521094178809,0.02741520105346,0.023339626381616,"5689/5685/5720/5684/5687/5716/5715/10213/5686/6233/5701",11,"down","Reactome","Anelloviridae.pbmc",FALSE
"R-HSA-5696399","R-HSA-5696399","Global Genome Nucleotide Excision Repair (GG-NER)","13/548","83/8368",0.00269342326139256,0.02741520105346,0.023339626381616,"9978/6119/2967/10038/9557/5111/6233/10980/283899/7334/6613/10920/404672",13,"down","Reactome","Anelloviridae.pbmc",FALSE
"R-HSA-692021","R-HSA-69202","Cyclin E associated events during G1/S transition ","13/548","83/8368",0.00269342326139256,0.02741520105346,0.023339626381616,"5689/5685/5720/5684/5687/5716/5715/6500/10213/5686/6233/5701/7027",13,"down","Reactome","Anelloviridae.pbmc",FALSE
"R-HSA-5368287","R-HSA-5368287","Mitochondrial translation","14/548","93/8368",0.00274826276028768,0.0277258366967076,0.0236040825802072,"60488/10240/51081/57129/54534/29088/54148/84340/54948/28998/78988/51649/64976/28973",14,"down","Reactome","Anelloviridae.pbmc",FALSE
"R-HSA-390450","R-HSA-390450","Folding of actin by CCT/TriC","4/548","10/8368",0.002779440218004,0.02779440218004,0.0236624550415483,"10693/10574/7203/10576",4,"down","Reactome","Anelloviridae.pbmc",FALSE
"R-HSA-88687731","R-HSA-8868773","rRNA processing in the nucleus and cytosol","23/548","189/8368",0.00284566979793045,0.0282092484316584,0.0240156297820767,"55781/6164/6207/10969/51077/10171/6144/6125/10799/6194/55759/6233/6189/26168/6133/6208/25879/6157/3921/6227/6201/6235/1454",23,"down","Reactome","Anelloviridae.pbmc",FALSE
"R-HSA-1764091","R-HSA-176409","APC/C:Cdc20 mediated degradation of mitotic proteins","12/548","74/8368",0.00288299879020749,0.0283329191451426,0.0241209154679792,"5689/5685/5720/5684/5687/5716/5715/10213/5686/6233/5701/119504",12,"down","Reactome","Anelloviridae.pbmc",FALSE
"R-HSA-1768141","R-HSA-176814","Activation of APC/C and APC/C:Cdc20 mediated degradation of mitotic proteins","12/548","75/8368",0.00323370776792725,0.0315079218413424,0.02682391868672,"5689/5685/5720/5684/5687/5716/5715/10213/5686/6233/5701/119504",12,"down","Reactome","Anelloviridae.pbmc",FALSE
"R-HSA-696561","R-HSA-69656","Cyclin A:Cdk2-associated events at S phase entry","13/548","85/8368",0.00333750638761143,0.0322437057786189,0.02745032015502,"5689/5685/5720/5684/5687/5716/5715/6500/10213/5686/6233/5701/7027",13,"down","Reactome","Anelloviridae.pbmc",FALSE
"R-HSA-696151","R-HSA-69615","G1/S DNA Damage Checkpoints","11/548","66/8368",0.00341980789946137,0.032488175044883,0.0276584463447665,"5689/5685/5720/5684/5687/5716/5715/10213/5686/6233/5701",11,"down","Reactome","Anelloviridae.pbmc",FALSE
"R-HSA-8948751","R-HSA-8948751","Regulation of PTEN stability and activity","11/548","66/8368",0.00341980789946137,0.032488175044883,0.0276584463447665,"5689/5685/5720/5684/5687/5716/5715/10213/5686/6233/5701",11,"down","Reactome","Anelloviridae.pbmc",FALSE
"R-HSA-351202","R-HSA-351202","Metabolism of polyamines","10/548","57/8368",0.00352206780735589,0.0326435552876887,0.0277907275856408,"5689/5685/5720/5684/5687/5716/5715/10213/5686/5701",10,"down","Reactome","Anelloviridae.pbmc",FALSE
"R-HSA-72649","R-HSA-72649","Translation initiation complex formation","10/548","57/8368",0.00352206780735589,0.0326435552876887,0.0277907275856408,"3646/6207/6194/6233/6189/6208/3921/6227/6201/6235",10,"down","Reactome","Anelloviridae.pbmc",FALSE
"R-HSA-72702","R-HSA-72702","Ribosomal scanning and start codon recognition","10/548","57/8368",0.00352206780735589,0.0326435552876887,0.0277907275856408,"3646/6207/6194/6233/6189/6208/3921/6227/6201/6235",10,"down","Reactome","Anelloviridae.pbmc",FALSE
"R-HSA-6781827","R-HSA-6781827","Transcription-Coupled Nucleotide Excision Repair (TC-NER)","12/548","76/8368",0.00361813159584106,0.0332634678972485,0.0283184832883316,"10450/9978/6119/2967/5111/6233/5440/5436/10980/10920/3150/404672",12,"down","Reactome","Anelloviridae.pbmc",FALSE
"R-HSA-40864001","R-HSA-4086400","PCP/CE pathway","13/548","86/8368",0.00370358274302923,0.0335086057702645,0.0285271786889971,"5689/5685/5720/5684/5687/5716/5715/81029/10213/5686/6233/5701/8323",13,"down","Reactome","Anelloviridae.pbmc",FALSE
"R-HSA-450531","R-HSA-450531","Regulation of mRNA stability by proteins that bind AU-rich elements","13/548","86/8368",0.00370358274302923,0.0335086057702645,0.0285271786889971,"5689/5685/5720/5684/5687/5716/5715/10213/5686/6233/5701/5600/3303",13,"down","Reactome","Anelloviridae.pbmc",FALSE
"R-HSA-379716","R-HSA-379716","Cytosolic tRNA aminoacylation","6/548","24/8368",0.00373835222592834,0.0335568625004591,0.0285682615193197,"3735/7965/10056/51520/4677/5464",6,"down","Reactome","Anelloviridae.pbmc",FALSE
"R-HSA-5696400","R-HSA-5696400","Dual Incision in GG-NER","8/548","40/8368",0.00382216716192213,0.034041176285869,0.0289805766718109,"9978/6119/2967/10038/9557/5111/6233/404672",8,"down","Reactome","Anelloviridae.pbmc",FALSE
"R-HSA-72662","R-HSA-72662","Activation of the mRNA upon binding of the cap-binding complex and eIFs, and subsequent binding to 43S","10/548","58/8368",0.00401307572047568,0.0354223933754391,0.0301564604729039,"3646/6207/6194/6233/6189/6208/3921/6227/6201/6235",10,"down","Reactome","Anelloviridae.pbmc",FALSE
"R-HSA-1957211","R-HSA-195721","Signaling by WNT","30/548","276/8368",0.00409854715823829,0.0354223933754391,0.0301564604729039,"5689/5685/5526/55737/5720/9978/5684/5687/5716/5516/7091/5715/81029/51699/8724/6500/10213/27161/5686/805/6233/6934/3017/5701/8323/8347/8349/85236/1454/8353",30,"down","Reactome","Anelloviridae.pbmc",FALSE
"R-HSA-5368286","R-HSA-5368286","Mitochondrial translation initiation","13/548","87/8368",0.00410154028557716,0.0354223933754391,0.0301564604729039,"60488/10240/51081/57129/54534/29088/54148/54948/28998/78988/51649/64976/28973",13,"down","Reactome","Anelloviridae.pbmc",FALSE
"R-HSA-5389840","R-HSA-5389840","Mitochondrial translation elongation","13/548","87/8368",0.00410154028557716,0.0354223933754391,0.0301564604729039,"60488/10240/51081/57129/54534/29088/54148/54948/28998/78988/51649/64976/28973",13,"down","Reactome","Anelloviridae.pbmc",FALSE
"R-HSA-2016811","R-HSA-201681","TCF dependent signaling in response to WNT","23/548","195/8368",0.00422481556301536,0.0362127048258459,0.030829283332807,"5689/5685/5526/5720/9978/5684/5687/5716/5516/7091/5715/10213/5686/6233/6934/3017/5701/8323/8347/8349/85236/1454/8353",23,"down","Reactome","Anelloviridae.pbmc",FALSE
"R-HSA-2454202","R-HSA-2454202","Fc epsilon receptor (FCERI) signaling","17/548","129/8368",0.00432350864562038,0.0367733091068443,0.0313065475498711,"5689/5685/5720/997/5684/5687/5716/5715/6500/10213/5686/805/6233/257397/6464/5701/7334",17,"down","Reactome","Anelloviridae.pbmc",FALSE
"R-HSA-156827","R-HSA-156827","L13a-mediated translational silencing of Ceruloplasmin expression","15/548","108/8368",0.00435473397317893,0.0367733091068443,0.0313065475498711,"3646/6164/6207/6144/6125/6194/6233/6189/6133/6208/6157/3921/6227/6201/6235",15,"down","Reactome","Anelloviridae.pbmc",FALSE
"R-HSA-2118591","R-HSA-211859","Biological oxidations","20/548","162/8368",0.0044254908699183,0.0370960264096093,0.0315812893348659,"27430/119391/4129/3326/217/4548/4835/2098/113612/134147/2941/130/2940/1555/128/54600/54659/2938/2939/54657",20,"down","Reactome","Anelloviridae.pbmc",FALSE
"R-HSA-9633012","R-HSA-9633012","Response of EIF2AK4 (GCN2) to amino acid deficiency","14/548","98/8368",0.00447711719875421,0.0371519695410305,0.0316289158973501,"6164/6207/6144/6125/6194/6233/6189/6133/6208/6157/3921/6227/6201/6235",14,"down","Reactome","Anelloviridae.pbmc",FALSE
"R-HSA-5632684","R-HSA-5632684","Hedgehog 'on' state","12/548","78/8368",0.00449734368128264,0.0371519695410305,0.0316289158973501,"5689/5685/5720/9978/5684/5687/5716/5715/10213/5686/6233/5701",12,"down","Reactome","Anelloviridae.pbmc",FALSE
"R-HSA-56214811","R-HSA-5621481","C-type lectin receptors (CLRs)","17/548","130/8368",0.00468147026887428,0.0383947921332135,0.032686979082939,"5689/5685/5720/997/5684/5687/5716/5715/6500/10213/5686/805/6233/9039/257397/5701/7334",17,"down","Reactome","Anelloviridae.pbmc",FALSE
"R-HSA-72706","R-HSA-72706","GTP hydrolysis and joining of the 60S ribosomal subunit","15/548","109/8368",0.00475451694980651,0.0387153523055673,0.0329598844189595,"3646/6164/6207/6144/6125/6194/6233/6189/6133/6208/6157/3921/6227/6201/6235",15,"down","Reactome","Anelloviridae.pbmc",FALSE
"R-HSA-56178331","R-HSA-5617833","Cilium Assembly","22/548","186/8368",0.00491392301380347,0.0397295903243685,0.033823344671346,"57787/51668/8655/51098/27077/7531/84100/55081/56912/26123/64792/11258/51626/403/585/7203/123016/10576/4735/83657/1454/92482",22,"down","Reactome","Anelloviridae.pbmc",FALSE
"R-HSA-723121","R-HSA-72312","rRNA processing","23/548","199/8368",0.00542454220387279,0.0435491416367252,0.0370750771828815,"55781/6164/6207/10969/51077/10171/6144/6125/10799/6194/55759/6233/6189/26168/6133/6208/25879/6157/3921/6227/6201/6235/1454",23,"down","Reactome","Anelloviridae.pbmc",FALSE
"R-HSA-162906","R-HSA-162906","HIV Infection","25/548","223/8368",0.00569128570857497,0.0453710888655627,0.0386261716842556,"292/5689/5685/9150/5720/9978/5684/5687/5716/5715/2967/6500/10213/5901/5686/6233/5440/291/5701/129401/567/5436/8815/3932/404672",25,"down","Reactome","Anelloviridae.pbmc",FALSE
"R-HSA-1268020","R-HSA-1268020","Mitochondrial protein import","10/548","61/8368",0.00581655522053145,0.0460477288292073,0.0392022215886695,"29090/26520/9512/506/3313/291/516/197257/9804/51287",10,"down","Reactome","Anelloviridae.pbmc",FALSE
"R-HSA-3371511","R-HSA-3371511","HSF1 activation","4/548","12/8368",0.00589701126696309,0.046362709271296,0.0394703766834117,"3326/6119/7531/3281",4,"down","Reactome","Anelloviridae.pbmc",FALSE
"R-HSA-1236974","R-HSA-1236974","ER-Phagosome pathway","12/548","81/8368",0.00612847759012946,0.0472629939551243,0.040236824031971,"5689/5685/5720/5684/5687/5716/5715/10213/5686/6233/5701/567",12,"down","Reactome","Anelloviridae.pbmc",FALSE
"R-HSA-927802","R-HSA-927802","Nonsense-Mediated Decay (NMD)","15/548","112/8368",0.0061358974608407,0.0472629939551243,0.040236824031971,"6164/6207/9887/6144/6125/6194/6233/6189/6133/6208/6157/3921/6227/6201/6235",15,"down","Reactome","Anelloviridae.pbmc",FALSE
"R-HSA-975957","R-HSA-975957","Nonsense Mediated Decay (NMD) enhanced by the Exon Junction Complex (EJC)","15/548","112/8368",0.0061358974608407,0.0472629939551243,0.040236824031971,"6164/6207/9887/6144/6125/6194/6233/6189/6133/6208/6157/3921/6227/6201/6235",15,"down","Reactome","Anelloviridae.pbmc",FALSE
"R-HSA-6782210","R-HSA-6782210","Gap-filling DNA repair synthesis and ligation in TC-NER","10/548","62/8368",0.0065406832157023,0.0500428111805411,0.042603390497192,"10450/9978/6119/2967/5111/6233/5440/5436/3150/404672",10,"down","Reactome","Anelloviridae.pbmc",FALSE
"R-HSA-1571181","R-HSA-157118","Signaling by NOTCH","24/548","214/8368",0.00663754923055414,0.0504453741522114,0.0429461080040064,"5689/5685/5720/9978/5684/5687/5716/7091/6484/5715/6500/10213/27161/5686/5664/6233/3017/5701/8347/8349/92737/85236/7027/8353",24,"down","Reactome","Anelloviridae.pbmc",FALSE
"R-HSA-6782135","R-HSA-6782135","Dual incision in TC-NER","10/548","63/8368",0.00733290804186164,0.0553610276008097,0.0471309948734502,"10450/9978/6119/2967/5111/6233/5440/5436/3150/404672",10,"down","Reactome","Anelloviridae.pbmc",FALSE
"R-HSA-694811","R-HSA-69481","G2/M Checkpoints","19/548","159/8368",0.00773350472075487,0.0580012854056615,0.0493787489787811,"5689/5685/4171/5720/5684/5687/5716/6119/7531/5715/10213/5686/6233/3017/5701/7334/8347/8349/85236",19,"down","Reactome","Anelloviridae.pbmc",FALSE
"R-HSA-4532791","R-HSA-453279","Mitotic G1 phase and G1/S transition","18/548","148/8368",0.00785715546056277,0.0585435112747815,0.04984036693938,"5689/23649/5685/4171/5720/5684/5687/5716/5516/6119/5715/6500/10213/5111/5686/6233/5701/7027",18,"down","Reactome","Anelloviridae.pbmc",FALSE
"R-HSA-70895","R-HSA-70895","Branched-chain amino acid catabolism","5/548","20/8368",0.00804746365221887,0.0595721335294124,0.050716073050894,"38/1738/11112/36/26275",5,"down","Reactome","Anelloviridae.pbmc",FALSE
"R-HSA-692421","R-HSA-69242","S Phase","19/548","160/8368",0.00825837298518052,0.0607390013103599,0.0517094729530488,"5689/23649/5685/4171/5720/9978/5684/5687/5716/6119/5715/6500/10213/5111/5686/6233/5701/119504/7027",19,"down","Reactome","Anelloviridae.pbmc",FALSE
"R-HSA-692751","R-HSA-69275","G2/M Transition","21/548","183/8368",0.00832403674571,0.060829499295573,0.0517865174058341,"5689/5685/8655/5720/3326/9978/5684/5687/5716/5516/7531/5715/6500/10213/11258/5686/29922/6233/5701/440145/1454",21,"down","Reactome","Anelloviridae.pbmc",FALSE
"R-HSA-72613","R-HSA-72613","Eukaryotic Translation Initiation","15/548","116/8368",0.0084618662668637,0.06105397179889,0.0519776195739396,"3646/6164/6207/6144/6125/6194/6233/6189/6133/6208/6157/3921/6227/6201/6235",15,"down","Reactome","Anelloviridae.pbmc",FALSE
"R-HSA-72737","R-HSA-72737","Cap-dependent Translation Initiation","15/548","116/8368",0.0084618662668637,0.06105397179889,0.0519776195739396,"3646/6164/6207/6144/6125/6194/6233/6189/6133/6208/6157/3921/6227/6201/6235",15,"down","Reactome","Anelloviridae.pbmc",FALSE
"R-HSA-738941","R-HSA-73894","DNA Repair","32/548","316/8368",0.00882940165018614,0.063305143906995,0.0538941299005073,"10450/4436/9978/328/6119/2967/4437/27434/23030/25913/10038/9557/5111/79068/6233/5440/8467/3017/7398/5436/10980/283899/7334/8347/2188/8349/6613/85236/10920/22909/3150/404672",32,"down","Reactome","Anelloviridae.pbmc",FALSE
"R-HSA-4532741","R-HSA-453274","Mitotic G2-G2/M phases","21/548","185/8368",0.00938274235616267,0.066852039287659,0.0569137398183025,"5689/5685/8655/5720/3326/9978/5684/5687/5716/5516/7531/5715/6500/10213/11258/5686/29922/6233/5701/440145/1454",21,"down","Reactome","Anelloviridae.pbmc",FALSE
"R-HSA-88781591","R-HSA-8878159","Transcriptional regulation by RUNX3","13/548","96/8368",0.00945996464022496,0.0669836005581146,0.0570257430420884,"5689/5685/5720/5684/5687/5716/5715/10213/5686/6097/6233/6934/5701",13,"down","Reactome","Anelloviridae.pbmc",FALSE
"R-HSA-983705","R-HSA-983705","Signaling by the B Cell Receptor (BCR)","14/548","107/8368",0.00973702510878583,0.0685198063210855,0.0583335747257994,"5689/5685/5720/5684/5687/5716/4793/5715/6500/10213/5686/805/6233/5701",14,"down","Reactome","Anelloviridae.pbmc",FALSE
"R-HSA-33715561","R-HSA-3371556","Cellular response to heat stress","12/548","86/8368",0.00985262074187626,0.06890789966711,0.0586639736778167,"3326/6119/7531/9532/3313/3337/51501/129401/22824/3303/84335/3281",12,"down","Reactome","Anelloviridae.pbmc",FALSE
"R-HSA-88781661","R-HSA-8878166","Transcriptional regulation by RUNX2","14/548","108/8368",0.0105386429374933,0.0728739542686092,0.0620404301344946,"5689/5685/5720/9978/5684/5687/5716/10891/5715/6500/10213/5686/6233/5701",14,"down","Reactome","Anelloviridae.pbmc",FALSE
"R-HSA-38584941","R-HSA-3858494","Beta-catenin independent WNT signaling","16/548","130/8368",0.0105950260325321,0.0728739542686092,0.0620404301344946,"5689/5685/5720/5684/5687/5716/5715/81029/10213/27161/5686/805/6233/6934/5701/8323",16,"down","Reactome","Anelloviridae.pbmc",FALSE
"R-HSA-1369062","R-HSA-1369062","ABC transporters in lipid homeostasis","4/548","14/8368",0.0107393195764266,0.0728739542686092,0.0620404301344946,"8504/5825/5824/225",4,"down","Reactome","Anelloviridae.pbmc",FALSE
"R-HSA-3371568","R-HSA-3371568","Attenuation phase","4/548","14/8368",0.0107393195764266,0.0728739542686092,0.0620404301344946,"3326/3337/3303/3281",4,"down","Reactome","Anelloviridae.pbmc",FALSE
"R-HSA-5358606","R-HSA-5358606","Mismatch repair (MMR) directed by MSH2:MSH3 (MutSbeta)","4/548","14/8368",0.0107393195764266,0.0728739542686092,0.0620404301344946,"4436/6119/4437/5111",4,"down","Reactome","Anelloviridae.pbmc",FALSE
"R-HSA-56898801","R-HSA-5689880","Ub-specific processing proteases","21/548","188/8368",0.0111723723483247,0.0753639318171016,0.0641602448156673,"5689/27430/5685/7419/5720/5684/5687/5716/5715/8724/10254/10213/90865/5686/6233/3017/5701/9804/8347/8349/85236",21,"down","Reactome","Anelloviridae.pbmc",FALSE
"R-HSA-53583511","R-HSA-5358351","Signaling by Hedgehog","16/548","131/8368",0.0113646490641206,0.0762099996064558,0.0648805352143604,"5689/5685/108/5720/9978/5684/5687/51098/5716/5715/6500/55081/10213/5686/6233/5701",16,"down","Reactome","Anelloviridae.pbmc",FALSE
"R-HSA-1565801","R-HSA-156580","Phase II - Conjugation of compounds","11/548","78/8368",0.0122096101949728,0.0808288656037488,0.0688127553893411,"27430/119391/4548/2098/2941/2940/54600/54659/2938/2939/54657",11,"down","Reactome","Anelloviridae.pbmc",FALSE
"R-HSA-33715711","R-HSA-3371571","HSF1-dependent transactivation","5/548","22/8368",0.0122661348679373,0.0808288656037488,0.0688127553893411,"3326/3337/3303/84335/3281",5,"down","Reactome","Anelloviridae.pbmc",FALSE
"R-HSA-96095231","R-HSA-9609523","Insertion of tail-anchored proteins into the endoplasmic reticulum membrane","5/548","22/8368",0.0122661348679373,0.0808288656037488,0.0688127553893411,"9218/6449/6804/27230/6811",5,"down","Reactome","Anelloviridae.pbmc",FALSE
"R-HSA-56209241","R-HSA-5620924","Intraflagellar transport","8/548","49/8368",0.0133758789712137,0.087635069121745,0.0746071410251605,"51668/8655/51098/55081/56912/64792/51626/83657",8,"down","Reactome","Anelloviridae.pbmc",FALSE
"R-HSA-445989","R-HSA-445989","TAK1 activates NFkB by phosphorylation and activation of IKKs complex","6/548","31/8368",0.0138577232521467,0.0900352109819536,0.0766504750926697,"4793/6233/257397/28511/7334/3146",6,"down","Reactome","Anelloviridae.pbmc",FALSE
"R-HSA-5358508","R-HSA-5358508","Mismatch Repair","4/548","15/8368",0.0139001729235297,0.0900352109819536,0.0766504750926697,"4436/6119/4437/5111",4,"down","Reactome","Anelloviridae.pbmc",FALSE
"R-HSA-1095811","R-HSA-109581","Apoptosis","19/548","169/8368",0.0143929290776155,0.0927002211778626,0.0789193018707196,"5689/5685/8655/5720/5684/5687/5716/8797/7531/5715/10213/28988/5686/6233/5701/1613/54205/3146/7027",19,"down","Reactome","Anelloviridae.pbmc",FALSE
"R-HSA-203927","R-HSA-203927","MicroRNA (miRNA) biogenesis","5/548","23/8368",0.0148497766563198,0.0945739965821486,0.0805145197125956,"27161/5901/5440/5436/8575",5,"down","Reactome","Anelloviridae.pbmc",FALSE
"R-HSA-3899571","R-HSA-389957","Prefoldin mediated transfer of substrate  to CCT/TriC","5/548","23/8368",0.0148497766563198,0.0945739965821486,0.0805145197125956,"5204/10693/10574/7203/10576",5,"down","Reactome","Anelloviridae.pbmc",FALSE
"R-HSA-1565901","R-HSA-156590","Glutathione conjugation","6/548","32/8368",0.0161389310832936,0.102213230194193,0.0870180962502731,"119391/2098/2941/2940/2938/2939",6,"down","Reactome","Anelloviridae.pbmc",FALSE
"R-HSA-163560","R-HSA-163560","Triglyceride catabolism","4/548","16/8368",0.0175939212456187,0.110203682527502,0.0938206789384642,"8228/3991/10226/2172",4,"down","Reactome","Anelloviridae.pbmc",FALSE
"R-HSA-3238698","R-HSA-3238698","WNT ligand biogenesis and trafficking","4/548","16/8368",0.0175939212456187,0.110203682527502,0.0938206789384642,"55737/81029/51699/8724",4,"down","Reactome","Anelloviridae.pbmc",FALSE
"R-HSA-3899581","R-HSA-389958","Cooperation of Prefoldin and TriC/CCT  in actin and tubulin folding","5/548","24/8368",0.0177738357169491,0.110722255285913,0.0942621600864372,"5204/10693/10574/7203/10576",5,"down","Reactome","Anelloviridae.pbmc",FALSE
"R-HSA-379724","R-HSA-379724","tRNA Aminoacylation","7/548","42/8368",0.0180976996558216,0.112127052215416,0.0954581183218964,"3735/7965/10056/51520/4677/10667/5464",7,"down","Reactome","Anelloviridae.pbmc",FALSE
"R-HSA-5689603","R-HSA-5689603","UCH proteinases","12/548","95/8368",0.0207140516594908,0.127643345361186,0.108667741849505,"5689/5685/5720/5684/5687/5716/5715/10213/5686/6233/5701/283899",12,"down","Reactome","Anelloviridae.pbmc",FALSE
"R-HSA-8979227","R-HSA-8979227","Triglyceride metabolism","5/548","25/8368",0.0210543608461874,0.129042856799213,0.109859200340604,"8228/3991/10226/2172/8694",5,"down","Reactome","Anelloviridae.pbmc",FALSE
"R-HSA-3899601","R-HSA-389960","Formation of tubulin folding intermediates by CCT/TriC","4/548","17/8368",0.0218439635236723,0.133166408646986,0.113369740325504,"10693/10574/7203/10576",4,"down","Reactome","Anelloviridae.pbmc",FALSE
"R-HSA-12369751","R-HSA-1236975","Antigen processing-Cross presentation","12/548","96/8368",0.0223217783765287,0.135355464623632,0.115233368774689,"5689/5685/5720/5684/5687/5716/5715/10213/5686/6233/5701/567",12,"down","Reactome","Anelloviridae.pbmc",FALSE
"R-HSA-1257604","R-HSA-1257604","PIP3 activates AKT signaling","24/548","238/8368",0.0225410836523276,0.135962091871182,0.115749814132253,"5689/5685/5526/2122/23186/5720/5684/5687/5716/5516/2931/5715/10213/27161/90865/5686/8394/6233/5701/648/685/3932/55615/84335",24,"down","Reactome","Anelloviridae.pbmc",FALSE
"R-HSA-4491471","R-HSA-449147","Signaling by Interleukins","36/548","396/8368",0.0272578622629331,0.163547173577599,0.139234066517586,"5689/53832/5685/6813/5720/9978/5684/5687/5716/5516/4793/6804/5803/5715/3313/6500/10213/90865/5292/5686/6097/6233/9180/257397/6464/5701/5598/28511/3627/7334/3932/5600/3146/2939/6352/8353",36,"down","Reactome","Anelloviridae.pbmc",FALSE
"R-HSA-53578011","R-HSA-5357801","Programmed Cell Death","19/548","181/8368",0.0275836788540133,0.16463557012343,0.140160660806835,"5689/5685/8655/5720/5684/5687/5716/8797/7531/5715/10213/28988/5686/6233/5701/1613/54205/3146/7027",19,"down","Reactome","Anelloviridae.pbmc",FALSE
"R-HSA-88521351","R-HSA-8852135","Protein ubiquitination","10/548","78/8368",0.0301881042111283,0.179241868753574,0.15259557062862,"6596/997/5111/92912/6233/3017/5828/7334/8347/85236",10,"down","Reactome","Anelloviridae.pbmc",FALSE
"R-HSA-6807070","R-HSA-6807070","PTEN Regulation","15/548","135/8368",0.030380187885647,0.179447741915221,0.15277083845414,"5689/5685/2122/23186/5720/5684/5687/5716/5715/10213/27161/5686/6233/5701/648",15,"down","Reactome","Anelloviridae.pbmc",FALSE
"R-HSA-83936","R-HSA-83936","Transport of nucleosides and free purine and pyrimidine bases across the plasma membrane","3/548","11/8368",0.0310316177180154,0.181415611274552,0.154446162137707,"292/2030/291",3,"down","Reactome","Anelloviridae.pbmc",FALSE
"R-HSA-90143251","R-HSA-9014325","TICAM1,TRAF6-dependent induction of TAK1 complex","3/548","11/8368",0.0310316177180154,0.181415611274552,0.154446162137707,"6233/257397/7098",3,"down","Reactome","Anelloviridae.pbmc",FALSE
"R-HSA-56209201","R-HSA-5620920","Cargo trafficking to the periciliary membrane","7/548","47/8368",0.0318954752950992,0.184633093996359,0.157185330253595,"84100/403/585/7203/123016/10576/92482",7,"down","Reactome","Anelloviridae.pbmc",FALSE
"R-HSA-9613829","R-HSA-9613829","Chaperone Mediated Autophagy","4/548","19/8368",0.0320808631239603,0.184633093996359,0.157185330253595,"3326/10226/11315/6233",4,"down","Reactome","Anelloviridae.pbmc",FALSE
"R-HSA-3371453","R-HSA-3371453","Regulation of HSF1-mediated heat shock response","9/548","68/8368",0.0322849275871117,0.184633093996359,0.157185330253595,"6119/7531/9532/3313/3337/51501/129401/22824/3303",9,"down","Reactome","Anelloviridae.pbmc",FALSE
"R-HSA-96638911","R-HSA-9663891","Selective autophagy","9/548","68/8368",0.0322849275871117,0.184633093996359,0.157185330253595,"9474/139341/8655/10226/11315/6233/51001/9804/7334",9,"down","Reactome","Anelloviridae.pbmc",FALSE
"R-HSA-4274131","R-HSA-427413","NoRC negatively regulates rRNA expression","11/548","90/8368",0.0323917708765542,0.184633093996359,0.157185330253595,"11176/2967/5440/8467/3017/29115/8347/8349/85236/404672/8353",11,"down","Reactome","Anelloviridae.pbmc",FALSE
"R-HSA-5205647","R-HSA-5205647","Mitophagy","5/548","28/8368",0.033167235835032,0.188112680855405,0.160147637810419,"9474/139341/6233/51001/9804",5,"down","Reactome","Anelloviridae.pbmc",FALSE
"R-HSA-88666541","R-HSA-8866654","E3 ubiquitin ligases ubiquitinate target proteins","8/548","58/8368",0.0341014832523399,0.192453915384493,0.163843499524009,"6596/5111/6233/3017/5828/7334/8347/85236",8,"down","Reactome","Anelloviridae.pbmc",FALSE
"R-HSA-5696394","R-HSA-5696394","DNA Damage Recognition in GG-NER","6/548","38/8368",0.0353617634178935,0.197871022462662,0.168455293361565,"9978/10038/6233/10980/283899/10920",6,"down","Reactome","Anelloviridae.pbmc",FALSE
"R-HSA-9006925","R-HSA-9006925","Intracellular signaling by second messengers","26/548","274/8368",0.0354084987564764,0.197871022462662,0.168455293361565,"5689/5685/5526/108/2122/23186/5720/5684/5687/5716/5516/2931/5715/10213/27161/90865/5686/8394/805/6233/5701/648/685/3932/55615/84335",26,"down","Reactome","Anelloviridae.pbmc",FALSE
"R-HSA-1681641","R-HSA-168164","Toll Like Receptor 3 (TLR3) Cascade","11/548","92/8368",0.0372581998101714,0.207191940407782,0.176390553144945,"5516/4793/6500/6233/257397/7098/5598/28511/7334/5600/3146",11,"down","Reactome","Anelloviridae.pbmc",FALSE
"R-HSA-52509411","R-HSA-5250941","Negative epigenetic regulation of rRNA expression","11/548","93/8368",0.0398739653883063,0.220661750207132,0.187857925845776,"11176/2967/5440/8467/3017/29115/8347/8349/85236/404672/8353",11,"down","Reactome","Anelloviridae.pbmc",FALSE
"R-HSA-110314","R-HSA-110314","Recognition of DNA damage by PCNA-containing replication complex","5/548","30/8368",0.0432333052574373,0.23594130639549,0.200866005998746,"9978/6119/5111/6233/7398",5,"down","Reactome","Anelloviridae.pbmc",FALSE
"R-HSA-88781711","R-HSA-8878171","Transcriptional regulation by RUNX1","20/548","203/8368",0.0433133151887951,0.23594130639549,0.200866005998746,"5689/5685/6605/5720/5684/5687/5716/5715/10213/27161/5686/6233/3017/5701/84661/648/8347/8349/85236/8353",20,"down","Reactome","Anelloviridae.pbmc",FALSE
"R-HSA-168142","R-HSA-168142","Toll Like Receptor 10 (TLR10) Cascade","10/548","83/8368",0.043748344692287,0.23594130639549,0.200866005998746,"5516/4793/6500/6233/257397/5598/28511/7334/5600/3146",10,"down","Reactome","Anelloviridae.pbmc",FALSE
"R-HSA-168176","R-HSA-168176","Toll Like Receptor 5 (TLR5) Cascade","10/548","83/8368",0.043748344692287,0.23594130639549,0.200866005998746,"5516/4793/6500/6233/257397/5598/28511/7334/5600/3146",10,"down","Reactome","Anelloviridae.pbmc",FALSE
"R-HSA-975871","R-HSA-975871","MyD88 cascade initiated on plasma membrane","10/548","83/8368",0.043748344692287,0.23594130639549,0.200866005998746,"5516/4793/6500/6233/257397/5598/28511/7334/5600/3146",10,"down","Reactome","Anelloviridae.pbmc",FALSE
"R-HSA-74158","R-HSA-74158","RNA Polymerase III Transcription","6/548","40/8368",0.0440837704054732,0.23594130639549,0.200866005998746,"2971/10621/6741/5440/51728/10302",6,"down","Reactome","Anelloviridae.pbmc",FALSE
"R-HSA-749476","R-HSA-749476","RNA Polymerase III Abortive And Retractive Initiation","6/548","40/8368",0.0440837704054732,0.23594130639549,0.200866005998746,"2971/10621/6741/5440/51728/10302",6,"down","Reactome","Anelloviridae.pbmc",FALSE
"R-HSA-5205685","R-HSA-5205685","PINK1-PRKN Mediated Mitophagy","4/548","21/8368",0.0446972293352773,0.23810673571129,0.202709520153102,"9474/6233/51001/9804",4,"down","Reactome","Anelloviridae.pbmc",FALSE
"R-HSA-71406","R-HSA-71406","Pyruvate metabolism and Citric Acid (TCA) cycle","7/548","51/8368",0.0470107858533143,0.249266492431527,0.212210254867837,"51660/1738/4967/3945/23530/25874/8802",7,"down","Reactome","Anelloviridae.pbmc",FALSE
"R-HSA-113501","R-HSA-113501","Inhibition of replication initiation of damaged DNA by RB1/E2F1","3/548","13/8368",0.0488079247505668,0.25562385061055,0.2176225210184,"23649/5516/7027",3,"down","Reactome","Anelloviridae.pbmc",FALSE
"R-HSA-113418","R-HSA-113418","Formation of the Early Elongation Complex","5/548","31/8368",0.0488824556430701,0.25562385061055,0.2176225210184,"9150/2967/5440/5436/404672",5,"down","Reactome","Anelloviridae.pbmc",FALSE
"R-HSA-167158","R-HSA-167158","Formation of the HIV-1 Early Elongation Complex","5/548","31/8368",0.0488824556430701,0.25562385061055,0.2176225210184,"9150/2967/5440/5436/404672",5,"down","Reactome","Anelloviridae.pbmc",FALSE
"R-HSA-56632021","R-HSA-5663202","Diseases of signal transduction by growth factor receptors and second messengers","31/548","349/8368",0.0501022788555147,0.260806383083501,0.222034612375797,"5689/5685/5526/4140/5037/5720/9978/5684/5687/5716/5516/2931/5715/6500/10213/23164/8844/5686/5664/805/6233/5440/6934/6464/5701/8323/5436/685/3932/55615/84335",31,"down","Reactome","Anelloviridae.pbmc",FALSE
"R-HSA-191859","R-HSA-191859","snRNP Assembly","7/548","52/8368",0.0513971771325628,0.265125710095573,0.22571182336853,"11218/1207/6633/6636/6637/129401/6632",7,"down","Reactome","Anelloviridae.pbmc",FALSE
"R-HSA-194441","R-HSA-194441","Metabolism of non-coding RNA","7/548","52/8368",0.0513971771325628,0.265125710095573,0.22571182336853,"11218/1207/6633/6636/6637/129401/6632",7,"down","Reactome","Anelloviridae.pbmc",FALSE
"R-HSA-71403","R-HSA-71403","Citric acid cycle (TCA cycle)","4/548","22/8368",0.0519041392169084,0.265339545772536,0.22589386999287,"1738/4967/23530/8802",4,"down","Reactome","Anelloviridae.pbmc",FALSE
"R-HSA-73980","R-HSA-73980","RNA Polymerase III Transcription Termination","4/548","22/8368",0.0519041392169084,0.265339545772536,0.22589386999287,"10621/6741/5440/51728",4,"down","Reactome","Anelloviridae.pbmc",FALSE
"R-HSA-9751381","R-HSA-975138","TRAF6 mediated induction of NFkB and MAP kinases upon TLR7/8 or 9 activation","10/548","86/8368",0.053614003103248,0.27285698007903,0.232293754046967,"5516/4793/6500/6233/257397/5598/28511/7334/5600/3146",10,"down","Reactome","Anelloviridae.pbmc",FALSE
"R-HSA-56752211","R-HSA-5675221","Negative regulation of MAPK pathway","6/548","42/8368",0.0540409808425409,0.273807636268874,0.233103084616714,"5526/4140/5037/5516/8844/6233",6,"down","Reactome","Anelloviridae.pbmc",FALSE
"R-HSA-737721","R-HSA-73772","RNA Polymerase I Promoter Escape","9/548","75/8368",0.0552283908787104,0.27858568850323,0.237170826223433,"2967/11335/5440/3017/8347/8349/85236/404672/8353",9,"down","Reactome","Anelloviridae.pbmc",FALSE
"R-HSA-9751551","R-HSA-975155","MyD88 dependent cascade initiated on endosome","10/548","87/8368",0.0572047764981793,0.287283899594381,0.244575951455235,"5516/4793/6500/6233/257397/5598/28511/7334/5600/3146",10,"down","Reactome","Anelloviridae.pbmc",FALSE
"R-HSA-1565881","R-HSA-156588","Glucuronidation","3/548","14/8368",0.0591902716162414,0.292107833950282,0.248682754295624,"54600/54659/54657",3,"down","Reactome","Anelloviridae.pbmc",FALSE
"R-HSA-5358565","R-HSA-5358565","Mismatch repair (MMR) directed by MSH2:MSH6 (MutSalpha)","3/548","14/8368",0.0591902716162414,0.292107833950282,0.248682754295624,"4436/6119/5111",3,"down","Reactome","Anelloviridae.pbmc",FALSE
"R-HSA-69166","R-HSA-69166","Removal of the Flap Intermediate","3/548","14/8368",0.0591902716162414,0.292107833950282,0.248682754295624,"23649/6119/5111",3,"down","Reactome","Anelloviridae.pbmc",FALSE
"R-HSA-8875360","R-HSA-8875360","InlB-mediated entry of Listeria monocytogenes into host cell","3/548","14/8368",0.0591902716162414,0.292107833950282,0.248682754295624,"10254/6455/6233",3,"down","Reactome","Anelloviridae.pbmc",FALSE
"R-HSA-450302","R-HSA-450302","activated TAK1 mediates p38 MAPK activation","4/548","23/8368",0.0597050576507166,0.293378300525073,0.249764351878224,"6233/257397/7334/5600",4,"down","Reactome","Anelloviridae.pbmc",FALSE
"R-HSA-1681811","R-HSA-168181","Toll Like Receptor 7/8 (TLR7/8) Cascade","10/548","88/8368",0.0609496669959436,0.298208671138952,0.253876634155229,"5516/4793/6500/6233/257397/5598/28511/7334/5600/3146",10,"down","Reactome","Anelloviridae.pbmc",FALSE
"R-HSA-3299685","R-HSA-3299685","Detoxification of Reactive Oxygen Species","5/548","33/8368",0.0614245134235226,0.299247629499213,0.254761139795267,"9588/847/10935/54205/30001",5,"down","Reactome","Anelloviridae.pbmc",FALSE
"R-HSA-1575791","R-HSA-157579","Telomere Maintenance","11/548","100/8368",0.0617995853436923,0.299793733156635,0.255226059067791,"23649/6119/25913/5111/55135/5440/3017/5436/8347/8349/85236",11,"down","Reactome","Anelloviridae.pbmc",FALSE
"R-HSA-72172","R-HSA-72172","mRNA Splicing","18/548","187/8368",0.0639503173987987,0.30891255014674,0.262989262451795,"10450/23658/6432/6631/6633/51645/85437/6636/6637/5440/79622/11051/6632/5436/27258/1479/11066/53938",18,"down","Reactome","Anelloviridae.pbmc",FALSE
"R-HSA-738861","R-HSA-73886","Chromosome Maintenance","13/548","125/8368",0.0649481732606281,0.312408934671376,0.26596587051432,"23649/79019/6119/25913/5111/55135/5440/8467/3017/5436/8347/8349/85236",13,"down","Reactome","Anelloviridae.pbmc",FALSE
"R-HSA-33714971","R-HSA-3371497","HSP90 chaperone cycle for steroid hormone receptors (SHR)","6/548","44/8368",0.0652549534857413,0.312565743587164,0.266099368040042,"8655/3326/55860/3337/11258/3303",6,"down","Reactome","Anelloviridae.pbmc",FALSE
"R-HSA-2151201","R-HSA-2151201","Transcriptional activation of mitochondrial biogenesis","7/548","55/8368",0.0660615611258257,0.315105354324022,0.268261437383886,"7019/10891/506/64784/805/54205/23054",7,"down","Reactome","Anelloviridae.pbmc",FALSE
"R-HSA-4224751","R-HSA-422475","Axon guidance","39/548","467/8368",0.0673502954589265,0.319913903429901,0.272355142162852,"5689/5685/10371/5720/3326/9978/5684/5687/5716/1949/6164/6207/5715/10486/10213/103910/6144/6125/6194/5686/5664/6233/3680/9353/6189/4651/6464/5701/6133/6208/6157/5598/3921/6227/6201/4753/5600/6235/100133941",39,"down","Reactome","Anelloviridae.pbmc",FALSE
"R-HSA-5673000","R-HSA-5673000","RAF activation","5/548","34/8368",0.0683162689756637,0.323155795154592,0.275115090611758,"5526/4140/5516/8844/805",5,"down","Reactome","Anelloviridae.pbmc",FALSE
"R-HSA-69183","R-HSA-69183","Processive synthesis on the lagging strand","3/548","15/8368",0.0705127962894194,0.332167718057595,0.282787290904066,"23649/6119/5111",3,"down","Reactome","Anelloviridae.pbmc",FALSE
"R-HSA-211945","R-HSA-211945","Phase I - Functionalization of compounds","9/548","79/8368",0.0721668465163687,0.338560514521236,0.288229727043933,"4129/3326/217/4835/113612/134147/130/1555/128",9,"down","Reactome","Anelloviridae.pbmc",FALSE
"R-HSA-1681381","R-HSA-168138","Toll Like Receptor 9 (TLR9) Cascade","10/548","91/8368",0.0731225570475414,0.338860630220314,0.288485227205105,"5516/4793/6500/6233/257397/5598/28511/7334/5600/3146",10,"down","Reactome","Anelloviridae.pbmc",FALSE
"R-HSA-55787491","R-HSA-5578749","Transcriptional regulation by small RNAs","10/548","91/8368",0.0731225570475414,0.338860630220314,0.288485227205105,"27161/5901/5440/3017/129401/5436/8347/8349/85236/8353",10,"down","Reactome","Anelloviridae.pbmc",FALSE
"R-HSA-8856825","R-HSA-8856825","Cargo recognition for clathrin-mediated endocytosis","10/548","91/8368",0.0731225570475414,0.338860630220314,0.288485227205105,"7018/10254/6455/6233/915/10980/3267/685/29978/10920",10,"down","Reactome","Anelloviridae.pbmc",FALSE
"R-HSA-76046","R-HSA-76046","RNA Polymerase III Transcription Initiation","5/548","35/8368",0.0756180236162078,0.349006262844036,0.297122598653925,"2971/10621/5440/51728/10302",5,"down","Reactome","Anelloviridae.pbmc",FALSE
"R-HSA-2110001","R-HSA-211000","Gene Silencing by RNA","12/548","116/8368",0.0765597402947743,0.350198844516626,0.298137889791624,"27161/5901/5440/3017/129401/5436/201164/8575/8347/8349/85236/8353",12,"down","Reactome","Anelloviridae.pbmc",FALSE
"R-HSA-167160","R-HSA-167160","RNA Pol II CTD phosphorylation and interaction with CE during HIV infection","4/548","25/8368",0.0770507194072382,0.350198844516626,0.298137889791624,"2967/5440/5436/404672",4,"down","Reactome","Anelloviridae.pbmc",FALSE
"R-HSA-77075","R-HSA-77075","RNA Pol II CTD phosphorylation and interaction with CE","4/548","25/8368",0.0770507194072382,0.350198844516626,0.298137889791624,"2967/5440/5436/404672",4,"down","Reactome","Anelloviridae.pbmc",FALSE
"R-HSA-96700951","R-HSA-9670095","Inhibition of DNA recombination at telomere","7/548","57/8368",0.0771051841874325,0.350198844516626,0.298137889791624,"25913/5440/3017/5436/8347/8349/85236",7,"down","Reactome","Anelloviridae.pbmc",FALSE
"R-HSA-166058","R-HSA-166058","MyD88:MAL(TIRAP) cascade initiated on plasma membrane","10/548","93/8368",0.0820290656269311,0.366718175743927,0.312201438629641,"5516/4793/6500/6233/257397/5598/28511/7334/5600/3146",10,"down","Reactome","Anelloviridae.pbmc",FALSE
"R-HSA-168179","R-HSA-168179","Toll Like Receptor TLR1:TLR2 Cascade","10/548","93/8368",0.0820290656269311,0.366718175743927,0.312201438629641,"5516/4793/6500/6233/257397/5598/28511/7334/5600/3146",10,"down","Reactome","Anelloviridae.pbmc",FALSE
"R-HSA-168188","R-HSA-168188","Toll Like Receptor TLR6:TLR2 Cascade","10/548","93/8368",0.0820290656269311,0.366718175743927,0.312201438629641,"5516/4793/6500/6233/257397/5598/28511/7334/5600/3146",10,"down","Reactome","Anelloviridae.pbmc",FALSE
"R-HSA-181438","R-HSA-181438","Toll Like Receptor 2 (TLR2) Cascade","10/548","93/8368",0.0820290656269311,0.366718175743927,0.312201438629641,"5516/4793/6500/6233/257397/5598/28511/7334/5600/3146",10,"down","Reactome","Anelloviridae.pbmc",FALSE
"R-HSA-110312","R-HSA-110312","Translesion synthesis by REV1","3/548","16/8368",0.0827248443764503,0.36838407261388,0.313619681394273,"6119/5111/6233",3,"down","Reactome","Anelloviridae.pbmc",FALSE
"R-HSA-6783310","R-HSA-6783310","Fanconi Anemia Pathway","5/548","36/8368",0.0833247450569792,0.36961170959127,0.31466481647567,"6119/6233/7398/2188/22909",5,"down","Reactome","Anelloviridae.pbmc",FALSE
"R-HSA-688821","R-HSA-68882","Mitotic Anaphase","20/548","220/8368",0.0842809275018926,0.372404098264177,0.317042085502836,"5689/5685/5526/8655/5720/79019/5684/7443/5687/5716/5516/5715/10213/5901/5686/6233/5701/129401/119504/8815",20,"down","Reactome","Anelloviridae.pbmc",FALSE
"R-HSA-56935651","R-HSA-5693565","Recruitment and ATM-mediated phosphorylation of repair and signaling proteins at DNA double strand breaks","8/548","70/8368",0.0857192655759738,0.377297153500425,0.321207733635634,"23030/6233/8467/3017/7334/8347/8349/85236",8,"down","Reactome","Anelloviridae.pbmc",FALSE
"R-HSA-110373","R-HSA-110373","Resolution of AP sites via the multiple-nucleotide patch replacement pathway","4/548","26/8368",0.0865680197116335,0.379006606374109,0.322663057319416,"328/6119/10038/5111",4,"down","Reactome","Anelloviridae.pbmc",FALSE
"R-HSA-738841","R-HSA-73884","Base Excision Repair","9/548","82/8368",0.0867725651435459,0.379006606374109,0.322663057319416,"328/6119/25913/10038/5111/3017/8347/8349/85236",9,"down","Reactome","Anelloviridae.pbmc",FALSE
"R-HSA-25553961","R-HSA-2555396","Mitotic Metaphase and Anaphase","20/548","221/8368",0.0872927831325462,0.379823560195048,0.323358561865037,"5689/5685/5526/8655/5720/79019/5684/7443/5687/5716/5516/5715/10213/5901/5686/6233/5701/129401/119504/8815",20,"down","Reactome","Anelloviridae.pbmc",FALSE
"R-HSA-56936061","R-HSA-5693606","DNA Double Strand Break Response","8/548","71/8368",0.0913837163698037,0.393936066331373,0.33537308694139,"23030/6233/8467/3017/7334/8347/8349/85236",8,"down","Reactome","Anelloviridae.pbmc",FALSE
"R-HSA-1661661","R-HSA-166166","MyD88-independent TLR4 cascade ","10/548","95/8368",0.091572857524398,0.393936066331373,0.33537308694139,"5516/4793/6500/6233/257397/5598/28511/7334/5600/3146",10,"down","Reactome","Anelloviridae.pbmc",FALSE
"R-HSA-9370611","R-HSA-937061","TRIF(TICAM1)-mediated TLR4 signaling ","10/548","95/8368",0.091572857524398,0.393936066331373,0.33537308694139,"5516/4793/6500/6233/257397/5598/28511/7334/5600/3146",10,"down","Reactome","Anelloviridae.pbmc",FALSE
"R-HSA-9772251","R-HSA-977225","Amyloid fiber formation","9/548","83/8368",0.0920052406038341,0.394308174016432,0.335689876678809,"23163/9445/6233/3017/567/8347/8349/85236/8353",9,"down","Reactome","Anelloviridae.pbmc",FALSE
"R-HSA-688861","R-HSA-68886","M Phase","32/548","385/8368",0.0953528518883766,0.397662905797614,0.338545890254294,"5689/5685/5526/8655/5720/79019/5684/7443/5687/5716/5516/7531/5715/10213/5901/11258/5686/29922/6233/3017/5701/129401/119504/8815/55844/8347/387893/8349/85236/440145/1454/8353",32,"down","Reactome","Anelloviridae.pbmc",FALSE
"R-HSA-18349491","R-HSA-1834949","Cytosolic sensors of pathogen-associated DNA ","7/548","60/8368",0.0955681620236233,0.397662905797614,0.338545890254294,"4793/10621/6233/5440/51728/7098/28511",7,"down","Reactome","Anelloviridae.pbmc",FALSE
"R-HSA-174437","R-HSA-174437","Removal of the Flap Intermediate from the C-strand","3/548","17/8368",0.0957707474163313,0.397662905797614,0.338545890254294,"6119/25913/5111",3,"down","Reactome","Anelloviridae.pbmc",FALSE
"R-HSA-18104761","R-HSA-1810476","RIP-mediated NFkB activation via ZBP1","3/548","17/8368",0.0957707474163313,0.397662905797614,0.338545890254294,"4793/7098/28511",3,"down","Reactome","Anelloviridae.pbmc",FALSE
"R-HSA-5655862","R-HSA-5655862","Translesion synthesis by POLK","3/548","17/8368",0.0957707474163313,0.397662905797614,0.338545890254294,"6119/5111/6233",3,"down","Reactome","Anelloviridae.pbmc",FALSE
"R-HSA-5656121","R-HSA-5656121","Translesion synthesis by POLI","3/548","17/8368",0.0957707474163313,0.397662905797614,0.338545890254294,"6119/5111/6233",3,"down","Reactome","Anelloviridae.pbmc",FALSE
"R-HSA-73780","R-HSA-73780","RNA Polymerase III Chain Elongation","3/548","17/8368",0.0957707474163313,0.397662905797614,0.338545890254294,"10621/5440/51728",3,"down","Reactome","Anelloviridae.pbmc",FALSE
"R-HSA-70268","R-HSA-70268","Pyruvate metabolism","4/548","27/8368",0.0966251095666132,0.397662905797614,0.338545890254294,"51660/1738/3945/25874",4,"down","Reactome","Anelloviridae.pbmc",FALSE
"R-HSA-72086","R-HSA-72086","mRNA Capping","4/548","27/8368",0.0966251095666132,0.397662905797614,0.338545890254294,"2967/5440/5436/404672",4,"down","Reactome","Anelloviridae.pbmc",FALSE
"R-HSA-76061","R-HSA-76061","RNA Polymerase III Transcription Initiation From Type 1 Promoter","4/548","27/8368",0.0966251095666132,0.397662905797614,0.338545890254294,"2971/10621/5440/51728",4,"down","Reactome","Anelloviridae.pbmc",FALSE
"R-HSA-76071","R-HSA-76071","RNA Polymerase III Transcription Initiation From Type 3 Promoter","4/548","27/8368",0.0966251095666132,0.397662905797614,0.338545890254294,"10621/5440/51728/10302",4,"down","Reactome","Anelloviridae.pbmc",FALSE
"R-HSA-56884261","R-HSA-5688426","Deubiquitination","23/548","264/8368",0.0972958027687853,0.398982788332429,0.339669557564635,"5689/27430/5685/55593/7419/5720/5684/5687/5716/5715/8724/10254/10213/90865/5686/6233/3017/5701/283899/9804/8347/8349/85236",23,"down","Reactome","Anelloviridae.pbmc",FALSE
"R-HSA-3801081","R-HSA-380108","Chemokine receptors bind chemokines","5/548","38/8368",0.099924928336311,0.406837208226409,0.346356330549168,"6361/1238/3627/10663/6352",5,"down","Reactome","Anelloviridae.pbmc",FALSE
"R-HSA-3904711","R-HSA-390471","Association of TriC/CCT with target proteins during biosynthesis","5/548","38/8368",0.099924928336311,0.406837208226409,0.346356330549168,"10693/10574/55135/7203/10576",5,"down","Reactome","Anelloviridae.pbmc",FALSE
"R-HSA-56288971","R-HSA-5628897","TP53 Regulates Metabolic Genes","9/548","85/8368",0.103013978612917,0.417921479070199,0.355792801202884,"27244/7531/27161/1350/1349/54205/84987/9377/4697",9,"down","Reactome","Anelloviridae.pbmc",FALSE
"R-HSA-696201","R-HSA-69620","Cell Cycle Checkpoints","24/548","280/8368",0.105181985961898,0.42520377303746,0.361992501145465,"5689/5685/5526/4171/8655/5720/79019/5684/5687/5716/5516/6119/7531/5715/10213/5686/6233/3017/5701/119504/7334/8347/8349/85236",24,"down","Reactome","Anelloviridae.pbmc",FALSE
"R-HSA-75067","R-HSA-75067","Processing of Capped Intronless Pre-mRNA","4/548","28/8368",0.10720142185521,0.431474512074778,0.367331025053505,"6636/6637/11051/1479",4,"down","Reactome","Anelloviridae.pbmc",FALSE
"R-HSA-67986951","R-HSA-6798695","Neutrophil degranulation","36/548","445/8368",0.107490141604594,0.431474512074778,0.367331025053505,"22875/5689/3074/23200/30/10450/966/8655/3326/5836/9218/10857/1512/11333/10213/9588/847/10549/6590/1315/1729/55860/272/28988/6727/5686/8804/6993/5701/10576/567/10159/8694/374395/3146/3303",36,"down","Reactome","Anelloviridae.pbmc",FALSE
"R-HSA-24678131","R-HSA-2467813","Separation of Sister Chromatids","16/548","175/8368",0.10938984681806,0.43683200605898,0.371892067946795,"5689/5685/5526/8655/5720/79019/5684/5687/5716/5516/5715/10213/5686/6233/5701/119504",16,"down","Reactome","Anelloviridae.pbmc",FALSE
"R-HSA-6804114","R-HSA-6804114","TP53 Regulates Transcription of Genes Involved in G2 Cell Cycle Arrest","3/548","18/8368",0.109591187484972,0.43683200605898,0.371892067946795,"1647/5111/7027",3,"down","Reactome","Anelloviridae.pbmc",FALSE
"R-HSA-96751081","R-HSA-9675108","Nervous system development","39/548","488/8368",0.110655306852268,0.439536758925385,0.374194729205175,"5689/5685/10371/5720/3326/9978/5684/5687/5716/1949/6164/6207/5715/10486/10213/103910/6144/6125/6194/5686/5664/6233/3680/9353/6189/4651/6464/5701/6133/6208/6157/5598/3921/6227/6201/4753/5600/6235/100133941",39,"down","Reactome","Anelloviridae.pbmc",FALSE
"R-HSA-29807361","R-HSA-2980736","Peptide hormone metabolism","6/548","51/8368",0.114320040963111,0.452516828812314,0.385245167280658,"6804/64924/6934/90701/10159/30001",6,"down","Reactome","Anelloviridae.pbmc",FALSE
"R-HSA-450294","R-HSA-450294","MAP kinase activation","7/548","63/8368",0.116261936919663,0.45861110065196,0.390433457803423,"5516/6500/6233/257397/5598/7334/5600",7,"down","Reactome","Anelloviridae.pbmc",FALSE
"R-HSA-37009891","R-HSA-3700989","Transcriptional Regulation by TP53","29/548","352/8368",0.117186838678765,0.458614390211546,0.390436258333375,"9150/27244/4436/8797/5516/6119/7531/2967/1647/27161/1350/79733/1349/5111/56950/6233/5440/64769/5436/54205/84987/9377/387893/5600/55615/4697/147923/7027/404672",29,"down","Reactome","Anelloviridae.pbmc",FALSE
"R-HSA-167169","R-HSA-167169","HIV Transcription Elongation","5/548","40/8368",0.118045857728889,0.458614390211546,0.390436258333375,"9150/2967/5440/5436/404672",5,"down","Reactome","Anelloviridae.pbmc",FALSE
"R-HSA-167200","R-HSA-167200","Formation of HIV-1 elongation complex containing HIV-1 Tat","5/548","40/8368",0.118045857728889,0.458614390211546,0.390436258333375,"9150/2967/5440/5436/404672",5,"down","Reactome","Anelloviridae.pbmc",FALSE
"R-HSA-167246","R-HSA-167246","Tat-mediated elongation of the HIV-1 transcript","5/548","40/8368",0.118045857728889,0.458614390211546,0.390436258333375,"9150/2967/5440/5436/404672",5,"down","Reactome","Anelloviridae.pbmc",FALSE
"R-HSA-182971","R-HSA-182971","EGFR downregulation","4/548","29/8368",0.118274237475609,0.458614390211546,0.390436258333375,"10254/6455/6233/685",4,"down","Reactome","Anelloviridae.pbmc",FALSE
"R-HSA-110320","R-HSA-110320","Translesion Synthesis by POLH","3/548","19/8368",0.124124373302662,0.473250118946603,0.402896223147524,"6119/5111/6233",3,"down","Reactome","Anelloviridae.pbmc",FALSE
"R-HSA-1689271","R-HSA-168927","TICAM1, RIP1-mediated IKK complex recruitment","3/548","19/8368",0.124124373302662,0.473250118946603,0.402896223147524,"6233/7098/7334",3,"down","Reactome","Anelloviridae.pbmc",FALSE
"R-HSA-174414","R-HSA-174414","Processive synthesis on the C-strand of the telomere","3/548","19/8368",0.124124373302662,0.473250118946603,0.402896223147524,"6119/25913/5111",3,"down","Reactome","Anelloviridae.pbmc",FALSE
"R-HSA-6804760","R-HSA-6804760","Regulation of TP53 Activity through Methylation","3/548","19/8368",0.124124373302662,0.473250118946603,0.402896223147524,"56950/6233/387893",3,"down","Reactome","Anelloviridae.pbmc",FALSE
"R-HSA-8876384","R-HSA-8876384","Listeria monocytogenes entry into host cells","3/548","19/8368",0.124124373302662,0.473250118946603,0.402896223147524,"10254/6455/6233",3,"down","Reactome","Anelloviridae.pbmc",FALSE
"R-HSA-9831681","R-HSA-983168","Antigen processing: Ubiquitination & Proteasome degradation","24/548","286/8368",0.12470655229633,0.473884898726054,0.403436635849882,"90293/5689/5685/5720/997/9978/5684/5687/5716/642/5715/26268/6500/10213/90025/54850/25847/92912/5686/6233/9039/81559/5701/7334",24,"down","Reactome","Anelloviridae.pbmc",FALSE
"R-HSA-1968491","R-HSA-196849","Metabolism of water-soluble vitamins and cofactors","11/548","114/8368",0.125969410922597,0.47709345000585,0.406168200281988,"119391/9962/4522/4548/27304/55065/4907/326625/128240/4338/55191",11,"down","Reactome","Anelloviridae.pbmc",FALSE
"R-HSA-1968541","R-HSA-196854","Metabolism of vitamins and cofactors","15/548","166/8368",0.127010245622698,0.479442649039324,0.408168164740773,"119391/9962/4522/84274/5947/4548/27304/51805/55065/4907/326625/805/128240/4338/55191",15,"down","Reactome","Anelloviridae.pbmc",FALSE
"R-HSA-6814122","R-HSA-6814122","Cooperation of PDCL (PhLP1) and TRiC/CCT in G-protein beta folding","4/548","30/8368",0.129818996278405,0.488427906790039,0.415817663952369,"10693/10574/7203/10576",4,"down","Reactome","Anelloviridae.pbmc",FALSE
"R-HSA-56191151","R-HSA-5619115","Disorders of transmembrane transporters","13/548","141/8368",0.132604816005611,0.493198867897042,0.419879368606715,"5689/5685/8647/5720/5684/5687/5716/5715/10213/5686/6233/5701/129401",13,"down","Reactome","Anelloviridae.pbmc",FALSE
"R-HSA-56830571","R-HSA-5683057","MAPK family signaling cascades","23/548","275/8368",0.134002964892389,0.493198867897042,0.419879368606715,"5689/5685/5526/4140/8556/5037/5720/9978/5684/5687/5716/5516/5715/10213/27161/3337/8844/5686/805/6233/6464/5701/685",23,"down","Reactome","Anelloviridae.pbmc",FALSE
"R-HSA-111367","R-HSA-111367","SLBP independent Processing of Histone Pre-mRNAs","2/548","10/8368",0.135951650740715,0.493198867897042,0.419879368606715,"6636/6637",2,"down","Reactome","Anelloviridae.pbmc",FALSE
"R-HSA-1894831","R-HSA-189483","Heme degradation","2/548","10/8368",0.135951650740715,0.493198867897042,0.419879368606715,"2938/54657",2,"down","Reactome","Anelloviridae.pbmc",FALSE
"R-HSA-2465910","R-HSA-2465910","MASTL Facilitates Mitotic Progression","2/548","10/8368",0.135951650740715,0.493198867897042,0.419879368606715,"5516/55844",2,"down","Reactome","Anelloviridae.pbmc",FALSE
"R-HSA-381771","R-HSA-381771","Synthesis, secretion, and inactivation of Glucagon-like Peptide-1 (GLP-1)","2/548","10/8368",0.135951650740715,0.493198867897042,0.419879368606715,"6934/90701",2,"down","Reactome","Anelloviridae.pbmc",FALSE
"R-HSA-390247","R-HSA-390247","Beta-oxidation of very long chain fatty acids","2/548","10/8368",0.135951650740715,0.493198867897042,0.419879368606715,"30/1962",2,"down","Reactome","Anelloviridae.pbmc",FALSE
"R-HSA-425561","R-HSA-425561","Sodium/Calcium exchangers","2/548","10/8368",0.135951650740715,0.493198867897042,0.419879368606715,"6717/805",2,"down","Reactome","Anelloviridae.pbmc",FALSE
"R-HSA-937042","R-HSA-937042","IRAK2 mediated activation of TAK1 complex","2/548","10/8368",0.135951650740715,0.493198867897042,0.419879368606715,"6233/257397",2,"down","Reactome","Anelloviridae.pbmc",FALSE
"R-HSA-9675135","R-HSA-9675135","Diseases of DNA repair","2/548","10/8368",0.135951650740715,0.493198867897042,0.419879368606715,"4436/4437",2,"down","Reactome","Anelloviridae.pbmc",FALSE
"R-HSA-56730011","R-HSA-5673001","RAF/MAP kinase cascade","20/548","235/8368",0.136836533178973,0.493198867897042,0.419879368606715,"5689/5685/5526/4140/5037/5720/9978/5684/5687/5716/5516/5715/10213/8844/5686/805/6233/6464/5701/685",20,"down","Reactome","Anelloviridae.pbmc",FALSE
"R-HSA-167152","R-HSA-167152","Formation of HIV elongation complex in the absence of HIV Tat","5/548","42/8368",0.137595557744862,0.493198867897042,0.419879368606715,"9150/2967/5440/5436/404672",5,"down","Reactome","Anelloviridae.pbmc",FALSE
"R-HSA-1713061","R-HSA-171306","Packaging Of Telomere Ends","5/548","42/8368",0.137595557744862,0.493198867897042,0.419879368606715,"25913/3017/8347/8349/85236",5,"down","Reactome","Anelloviridae.pbmc",FALSE
"R-HSA-16063221","R-HSA-1606322","ZBP1(DAI) mediated induction of type I IFNs","3/548","20/8368",0.139307048651621,0.493198867897042,0.419879368606715,"4793/7098/28511",3,"down","Reactome","Anelloviridae.pbmc",FALSE
"R-HSA-389513","R-HSA-389513","CTLA4 inhibitory signaling","3/548","20/8368",0.139307048651621,0.493198867897042,0.419879368606715,"5526/5516/3932",3,"down","Reactome","Anelloviridae.pbmc",FALSE
"R-HSA-55768921","R-HSA-5576892","Phase 0 - rapid depolarisation","3/548","20/8368",0.139307048651621,0.493198867897042,0.419879368606715,"27092/2259/805",3,"down","Reactome","Anelloviridae.pbmc",FALSE
"R-HSA-6807004","R-HSA-6807004","Negative regulation of MET activity","3/548","20/8368",0.139307048651621,0.493198867897042,0.419879368606715,"10254/6455/6233",3,"down","Reactome","Anelloviridae.pbmc",FALSE
"R-HSA-69186","R-HSA-69186","Lagging Strand Synthesis","3/548","20/8368",0.139307048651621,0.493198867897042,0.419879368606715,"23649/6119/5111",3,"down","Reactome","Anelloviridae.pbmc",FALSE
"R-HSA-8978934","R-HSA-8978934","Metabolism of cofactors","3/548","20/8368",0.139307048651621,0.493198867897042,0.419879368606715,"84274/51805/805",3,"down","Reactome","Anelloviridae.pbmc",FALSE
"R-HSA-9179371","R-HSA-917937","Iron uptake and transport","6/548","54/8368",0.139777901762542,0.49333377092662,0.419994216799948,"7018/7036/6500/6233/28982/90423",6,"down","Reactome","Anelloviridae.pbmc",FALSE
"R-HSA-194068","R-HSA-194068","Bile acid and bile salt metabolism","4/548","31/8368",0.141809594891047,0.498959685727758,0.424783776769153,"8647/114880/9885/2172",4,"down","Reactome","Anelloviridae.pbmc",FALSE
"R-HSA-72203","R-HSA-72203","Processing of Capped Intron-Containing Pre-mRNA","20/548","237/8368",0.145034277288581,0.508735618796867,0.433106408615615,"10450/23658/6432/6631/6633/51645/85437/6636/6637/5440/79622/129401/80145/11051/6632/5436/27258/1479/11066/53938",20,"down","Reactome","Anelloviridae.pbmc",FALSE
"R-HSA-2121651","R-HSA-212165","Epigenetic regulation of gene expression","12/548","131/8368",0.149182663426328,0.521681706460165,0.444127916303114,"11176/2967/11335/5440/8467/3017/29115/8347/8349/85236/404672/8353",12,"down","Reactome","Anelloviridae.pbmc",FALSE
"R-HSA-14831661","R-HSA-1483166","Synthesis of PA","4/548","32/8368",0.154218669689441,0.530502231264787,0.451637171953955,"56895/8443/55326/201164",4,"down","Reactome","Anelloviridae.pbmc",FALSE
"R-HSA-47912751","R-HSA-4791275","Signaling by WNT in cancer","4/548","32/8368",0.154218669689441,0.530502231264787,0.451637171953955,"5526/5516/6934/8323",4,"down","Reactome","Anelloviridae.pbmc",FALSE
"R-HSA-69190","R-HSA-69190","DNA strand elongation","4/548","32/8368",0.154218669689441,0.530502231264787,0.451637171953955,"23649/4171/6119/5111",4,"down","Reactome","Anelloviridae.pbmc",FALSE
"R-HSA-96463991","R-HSA-9646399","Aggrephagy","4/548","32/8368",0.154218669689441,0.530502231264787,0.451637171953955,"8655/11315/6233/7334",4,"down","Reactome","Anelloviridae.pbmc",FALSE
"R-HSA-1894451","R-HSA-189445","Metabolism of porphyrins","3/548","21/8368",0.155075351871011,0.530502231264787,0.451637171953955,"28982/2938/54657",3,"down","Reactome","Anelloviridae.pbmc",FALSE
"R-HSA-449836","R-HSA-449836","Other interleukin signaling","3/548","21/8368",0.155075351871011,0.530502231264787,0.451637171953955,"6813/6804/5803",3,"down","Reactome","Anelloviridae.pbmc",FALSE
"R-HSA-5651801","R-HSA-5651801","PCNA-Dependent Long Patch Base Excision Repair","3/548","21/8368",0.155075351871011,0.530502231264787,0.451637171953955,"328/6119/5111",3,"down","Reactome","Anelloviridae.pbmc",FALSE
"R-HSA-448424","R-HSA-448424","Interleukin-17 signaling","7/548","68/8368",0.155427846703894,0.530502231264787,0.451637171953955,"5516/6500/6233/257397/5598/7334/5600",7,"down","Reactome","Anelloviridae.pbmc",FALSE
"R-HSA-1170546","R-HSA-1170546","Prolactin receptor signaling","2/548","11/8368",0.159267213634648,0.534013598657351,0.454626535514383,"9978/6500",2,"down","Reactome","Anelloviridae.pbmc",FALSE
"R-HSA-400508","R-HSA-400508","Incretin synthesis, secretion, and inactivation","2/548","11/8368",0.159267213634648,0.534013598657351,0.454626535514383,"6934/90701",2,"down","Reactome","Anelloviridae.pbmc",FALSE
"R-HSA-77588","R-HSA-77588","SLBP Dependent Processing of Replication-Dependent Histone Pre-mRNAs","2/548","11/8368",0.159267213634648,0.534013598657351,0.454626535514383,"6636/6637",2,"down","Reactome","Anelloviridae.pbmc",FALSE
"R-HSA-8934903","R-HSA-8934903","Receptor Mediated Mitophagy","2/548","11/8368",0.159267213634648,0.534013598657351,0.454626535514383,"9474/139341",2,"down","Reactome","Anelloviridae.pbmc",FALSE
"R-HSA-9020558","R-HSA-9020558","Interleukin-2 signaling","2/548","11/8368",0.159267213634648,0.534013598657351,0.454626535514383,"6464/3932",2,"down","Reactome","Anelloviridae.pbmc",FALSE
"R-HSA-9645460","R-HSA-9645460","Alpha-protein kinase 1 signaling pathway","2/548","11/8368",0.159267213634648,0.534013598657351,0.454626535514383,"6233/257397",2,"down","Reactome","Anelloviridae.pbmc",FALSE
"R-HSA-738541","R-HSA-73854","RNA Polymerase I Promoter Clearance","9/548","94/8368",0.161196519165645,0.538897454102155,0.458784351507098,"2967/11335/5440/3017/8347/8349/85236/404672/8353",9,"down","Reactome","Anelloviridae.pbmc",FALSE
"R-HSA-56849961","R-HSA-5684996","MAPK1/MAPK3 signaling","20/548","241/8368",0.162247071908127,0.540823573027091,0.460424131422879,"5689/5685/5526/4140/5037/5720/9978/5684/5687/5716/5516/5715/10213/8844/5686/805/6233/6464/5701/685",20,"down","Reactome","Anelloviridae.pbmc",FALSE
"R-HSA-96129731","R-HSA-9612973","Autophagy","12/548","134/8368",0.167007309245959,0.553489431887081,0.471207069436647,"9474/139341/8655/3326/10226/11315/6233/51001/23192/9804/7334/79065",12,"down","Reactome","Anelloviridae.pbmc",FALSE
"R-HSA-174417","R-HSA-174417","Telomere C-strand (Lagging Strand) Synthesis","4/548","33/8368",0.167017863657154,0.553489431887081,0.471207069436647,"23649/6119/25913/5111",4,"down","Reactome","Anelloviridae.pbmc",FALSE
"R-HSA-738641","R-HSA-73864","RNA Polymerase I Transcription","9/548","95/8368",0.168482716314147,0.554990680144009,0.472485140436543,"2967/11335/5440/3017/8347/8349/85236/404672/8353",9,"down","Reactome","Anelloviridae.pbmc",FALSE
"R-HSA-113510","R-HSA-113510","E2F mediated regulation of DNA replication","3/548","22/8368",0.171365543342711,0.554990680144009,0.472485140436543,"23649/5516/7027",3,"down","Reactome","Anelloviridae.pbmc",FALSE
"R-HSA-167242","R-HSA-167242","Abortive elongation of HIV-1 transcript in the absence of Tat","3/548","22/8368",0.171365543342711,0.554990680144009,0.472485140436543,"9150/5440/5436",3,"down","Reactome","Anelloviridae.pbmc",FALSE
"R-HSA-198753","R-HSA-198753","ERK/MAPK targets","3/548","22/8368",0.171365543342711,0.554990680144009,0.472485140436543,"5516/5598/5600",3,"down","Reactome","Anelloviridae.pbmc",FALSE
"R-HSA-264876","R-HSA-264876","Insulin processing","3/548","22/8368",0.171365543342711,0.554990680144009,0.472485140436543,"6804/64924/30001",3,"down","Reactome","Anelloviridae.pbmc",FALSE
"R-HSA-389661","R-HSA-389661","Glyoxylate metabolism and glycine degradation","3/548","22/8368",0.171365543342711,0.554990680144009,0.472485140436543,"4706/1738/4967",3,"down","Reactome","Anelloviridae.pbmc",FALSE
"R-HSA-450321","R-HSA-450321","JNK (c-Jun kinases) phosphorylation and  activation mediated by activated human TAK1","3/548","22/8368",0.171365543342711,0.554990680144009,0.472485140436543,"6233/257397/7334",3,"down","Reactome","Anelloviridae.pbmc",FALSE
"R-HSA-8949215","R-HSA-8949215","Mitochondrial calcium ion transport","3/548","22/8368",0.171365543342711,0.554990680144009,0.472485140436543,"7419/9512/91689",3,"down","Reactome","Anelloviridae.pbmc",FALSE
"R-HSA-16328521","R-HSA-1632852","Macroautophagy","11/548","122/8368",0.174694241597548,0.564168372298031,0.480298466536274,"9474/139341/8655/10226/11315/6233/51001/23192/9804/7334/79065",11,"down","Reactome","Anelloviridae.pbmc",FALSE
"R-HSA-9033241","R-HSA-9033241","Peroxisomal protein import","6/548","58/8368",0.177375529266663,0.570743468093474,0.485896101183918,"30/1962/8443/847/6233/5828",6,"down","Reactome","Anelloviridae.pbmc",FALSE
"R-HSA-4253971","R-HSA-425397","Transport of vitamins, nucleosides, and related molecules","4/548","34/8368",0.180178076281353,0.570743468093474,0.485896101183918,"292/2030/291/347",4,"down","Reactome","Anelloviridae.pbmc",FALSE
"R-HSA-1103301","R-HSA-110330","Recognition and association of DNA glycosylase with site containing an affected purine","5/548","46/8368",0.180529584085621,0.570743468093474,0.485896101183918,"25913/3017/8347/8349/85236",5,"down","Reactome","Anelloviridae.pbmc",FALSE
"R-HSA-1103311","R-HSA-110331","Cleavage of the damaged purine","5/548","46/8368",0.180529584085621,0.570743468093474,0.485896101183918,"25913/3017/8347/8349/85236",5,"down","Reactome","Anelloviridae.pbmc",FALSE
"R-HSA-739271","R-HSA-73927","Depurination","5/548","46/8368",0.180529584085621,0.570743468093474,0.485896101183918,"25913/3017/8347/8349/85236",5,"down","Reactome","Anelloviridae.pbmc",FALSE
"R-HSA-1362409","R-HSA-1362409","Mitochondrial iron-sulfur cluster biogenesis","2/548","12/8368",0.183238692387905,0.570743468093474,0.485896101183918,"81689/122961",2,"down","Reactome","Anelloviridae.pbmc",FALSE
"R-HSA-156581","R-HSA-156581","Methylation","2/548","12/8368",0.183238692387905,0.570743468093474,0.485896101183918,"27430/4548",2,"down","Reactome","Anelloviridae.pbmc",FALSE
"R-HSA-174430","R-HSA-174430","Telomere C-strand synthesis initiation","2/548","12/8368",0.183238692387905,0.570743468093474,0.485896101183918,"23649/25913",2,"down","Reactome","Anelloviridae.pbmc",FALSE
"R-HSA-418359","R-HSA-418359","Reduction of cytosolic Ca++ levels","2/548","12/8368",0.183238692387905,0.570743468093474,0.485896101183918,"6717/805",2,"down","Reactome","Anelloviridae.pbmc",FALSE
"R-HSA-4641265","R-HSA-4641265","Repression of WNT target genes","2/548","12/8368",0.183238692387905,0.570743468093474,0.485896101183918,"7091/6934",2,"down","Reactome","Anelloviridae.pbmc",FALSE
"R-HSA-71064","R-HSA-71064","Lysine catabolism","2/548","12/8368",0.183238692387905,0.570743468093474,0.485896101183918,"1738/4967",2,"down","Reactome","Anelloviridae.pbmc",FALSE
"R-HSA-90139731","R-HSA-9013973","TICAM1-dependent activation of IRF3/IRF7","2/548","12/8368",0.183238692387905,0.570743468093474,0.485896101183918,"6233/7098",2,"down","Reactome","Anelloviridae.pbmc",FALSE
"R-HSA-9751101","R-HSA-975110","TRAF6 mediated IRF7 activation in TLR7/8 or 9 signaling","2/548","12/8368",0.183238692387905,0.570743468093474,0.485896101183918,"6233/7334",2,"down","Reactome","Anelloviridae.pbmc",FALSE
"R-HSA-22997181","R-HSA-2299718","Condensation of Prophase Chromosomes","6/548","59/8368",0.187361901629314,0.578057398826126,0.492122734734707,"3017/8347/387893/8349/85236/8353",6,"down","Reactome","Anelloviridae.pbmc",FALSE
"R-HSA-6796648","R-HSA-6796648","TP53 Regulates Transcription of DNA Repair Genes","6/548","59/8368",0.187361901629314,0.578057398826126,0.492122734734707,"9150/4436/2967/5440/5436/404672",6,"down","Reactome","Anelloviridae.pbmc",FALSE
"R-HSA-5601884","R-HSA-5601884","PIWI-interacting RNA (piRNA) biogenesis","3/548","23/8368",0.188114616196511,0.578057398826126,0.492122734734707,"5440/5436/201164",3,"down","Reactome","Anelloviridae.pbmc",FALSE
"R-HSA-933542","R-HSA-933542","TRAF6 mediated NF-kB activation","3/548","23/8368",0.188114616196511,0.578057398826126,0.492122734734707,"4793/28511/3146",3,"down","Reactome","Anelloviridae.pbmc",FALSE
"R-HSA-8957322","R-HSA-8957322","Metabolism of steroids","11/548","124/8368",0.188122188565344,0.578057398826126,0.492122734734707,"4802/8647/114880/6309/9885/5901/2172/64801/6613/23054/6716",11,"down","Reactome","Anelloviridae.pbmc",FALSE
"R-HSA-25595821","R-HSA-2559582","Senescence-Associated Secretory Phenotype (SASP)","9/548","98/8368",0.191234215762556,0.586040338627188,0.498918921712159,"6233/3017/3490/119504/5598/8347/8349/85236/8353",9,"down","Reactome","Anelloviridae.pbmc",FALSE
"R-HSA-381038","R-HSA-381038","XBP1(S) activates chaperone genes","5/548","47/8368",0.191969085557641,0.586715167656061,0.499493429897404,"5526/2931/27230/6464/2135",5,"down","Reactome","Anelloviridae.pbmc",FALSE
"R-HSA-72163","R-HSA-72163","mRNA Splicing - Major Pathway","15/548","179/8368",0.194485098643171,0.592476082292011,0.5043979204739,"10450/23658/6432/6631/6633/51645/6636/6637/5440/11051/6632/5436/27258/1479/53938",15,"down","Reactome","Anelloviridae.pbmc",FALSE
"R-HSA-96072401","R-HSA-9607240","FLT3 Signaling","20/548","248/8368",0.194893448122372,0.592476082292011,0.5043979204739,"5689/5685/5526/4140/5037/5720/9978/5684/5687/5716/5516/5715/10213/8844/5686/805/6233/6464/5701/685",20,"down","Reactome","Anelloviridae.pbmc",FALSE
"R-HSA-67909011","R-HSA-6790901","rRNA modification in the nucleus and cytosol","6/548","60/8368",0.197561206029946,0.598988762963136,0.509942418699918,"51077/10171/6194/6208/25879/6201",6,"down","Reactome","Anelloviridae.pbmc",FALSE
"R-HSA-177929","R-HSA-177929","Signaling by EGFR","5/548","48/8368",0.203656781846158,0.612600783124887,0.521530860610476,"10254/6455/6233/6464/685",5,"down","Reactome","Anelloviridae.pbmc",FALSE
"R-HSA-73893","R-HSA-73893","DNA Damage Bypass","5/548","48/8368",0.203656781846158,0.612600783124887,0.521530860610476,"9978/6119/5111/6233/7398",5,"down","Reactome","Anelloviridae.pbmc",FALSE
"R-HSA-1643713","R-HSA-1643713","Signaling by EGFR in Cancer","3/548","24/8368",0.205260803933517,0.612600783124887,0.521530860610476,"6233/6464/685",3,"down","Reactome","Anelloviridae.pbmc",FALSE
"R-HSA-168638","R-HSA-168638","NOD1/2 Signaling Pathway","4/548","36/8368",0.207462814845469,0.612600783124887,0.521530860610476,"6233/257397/7334/5600",4,"down","Reactome","Anelloviridae.pbmc",FALSE
"R-HSA-176033","R-HSA-176033","Interactions of Vpr with host cellular proteins","4/548","36/8368",0.207462814845469,0.612600783124887,0.521530860610476,"292/291/129401/8815",4,"down","Reactome","Anelloviridae.pbmc",FALSE
"R-HSA-1250347","R-HSA-1250347","SHC1 events in ERBB4 signaling","2/548","13/8368",0.207680650140148,0.612600783124887,0.521530860610476,"6464/685",2,"down","Reactome","Anelloviridae.pbmc",FALSE
"R-HSA-180336","R-HSA-180336","SHC1 events in EGFR signaling","2/548","13/8368",0.207680650140148,0.612600783124887,0.521530860610476,"6464/685",2,"down","Reactome","Anelloviridae.pbmc",FALSE
"R-HSA-202670","R-HSA-202670","ERKs are inactivated","2/548","13/8368",0.207680650140148,0.612600783124887,0.521530860610476,"5516/5598",2,"down","Reactome","Anelloviridae.pbmc",FALSE
"R-HSA-32964691","R-HSA-3296469","Defects in cobalamin (B12) metabolism","2/548","13/8368",0.207680650140148,0.612600783124887,0.521530860610476,"4548/326625",2,"down","Reactome","Anelloviridae.pbmc",FALSE
"R-HSA-74217","R-HSA-74217","Purine salvage","2/548","13/8368",0.207680650140148,0.612600783124887,0.521530860610476,"272/1633",2,"down","Reactome","Anelloviridae.pbmc",FALSE
"R-HSA-32148411","R-HSA-3214841","PKMTs methylate histone lysines","6/548","61/8368",0.207961844797659,0.612600783124887,0.521530860610476,"2122/56950/84661/387893/64754/8353",6,"down","Reactome","Anelloviridae.pbmc",FALSE
"R-HSA-688751","R-HSA-68875","Mitotic Prophase","11/548","127/8368",0.209112927776827,0.614403963055627,0.52306597778143,"7443/5516/3017/129401/8815/55844/8347/387893/8349/85236/8353",11,"down","Reactome","Anelloviridae.pbmc",FALSE
"R-HSA-1236394","R-HSA-1236394","Signaling by ERBB4","5/548","49/8368",0.215574860609594,0.626926890548308,0.533727232765965,"3925/5664/6233/6464/685",5,"down","Reactome","Anelloviridae.pbmc",FALSE
"R-HSA-180786","R-HSA-180786","Extension of Telomeres","5/548","49/8368",0.215574860609594,0.626926890548308,0.533727232765965,"23649/6119/25913/5111/55135",5,"down","Reactome","Anelloviridae.pbmc",FALSE
"R-HSA-381070","R-HSA-381070","IRE1alpha activates chaperones","5/548","49/8368",0.215574860609594,0.626926890548308,0.533727232765965,"5526/2931/27230/6464/2135",5,"down","Reactome","Anelloviridae.pbmc",FALSE
"R-HSA-737281","R-HSA-73728","RNA Polymerase I Promoter Opening","5/548","49/8368",0.215574860609594,0.626926890548308,0.533727232765965,"3017/8347/8349/85236/8353",5,"down","Reactome","Anelloviridae.pbmc",FALSE
"R-HSA-4273891","R-HSA-427389","ERCC6 (CSB) and EHMT2 (G9a) positively regulate rRNA expression","6/548","62/8368",0.218551920641415,0.628321353269206,0.534914393087911,"11335/3017/8347/8349/85236/8353",6,"down","Reactome","Anelloviridae.pbmc",FALSE
"R-HSA-56935711","R-HSA-5693571","Nonhomologous End-Joining (NHEJ)","6/548","62/8368",0.218551920641415,0.628321353269206,0.534914393087911,"27434/3017/7334/8347/8349/85236",6,"down","Reactome","Anelloviridae.pbmc",FALSE
"R-HSA-6062791","R-HSA-606279","Deposition of new CENPA-containing nucleosomes at the centromere","6/548","62/8368",0.218551920641415,0.628321353269206,0.534914393087911,"79019/8467/3017/8347/8349/85236",6,"down","Reactome","Anelloviridae.pbmc",FALSE
"R-HSA-7748151","R-HSA-774815","Nucleosome assembly","6/548","62/8368",0.218551920641415,0.628321353269206,0.534914393087911,"79019/8467/3017/8347/8349/85236",6,"down","Reactome","Anelloviridae.pbmc",FALSE
"R-HSA-2017221","R-HSA-201722","Formation of the beta-catenin:TCF transactivating complex","7/548","75/8368",0.218810155480592,0.628321353269206,0.534914393087911,"7091/6934/3017/8347/8349/85236/8353",7,"down","Reactome","Anelloviridae.pbmc",FALSE
"R-HSA-14832061","R-HSA-1483206","Glycerophospholipid biosynthesis","10/548","115/8368",0.220054723766228,0.629380316102877,0.535815929313806,"56895/1120/63874/8443/204962/51365/55326/11145/201164/8694",10,"down","Reactome","Anelloviridae.pbmc",FALSE
"R-HSA-56935321","R-HSA-5693532","DNA Double-Strand Break Repair","13/548","156/8368",0.221514251487731,0.629380316102877,0.535815929313806,"6119/27434/23030/10038/5111/6233/8467/3017/7334/8347/8349/6613/85236",13,"down","Reactome","Anelloviridae.pbmc",FALSE
"R-HSA-6794361","R-HSA-6794361","Neurexins and neuroligins","4/548","37/8368",0.221527425728851,0.629380316102877,0.535815929313806,"22839/6804/28988/2915",4,"down","Reactome","Anelloviridae.pbmc",FALSE
"R-HSA-174411","R-HSA-174411","Polymerase switching on the C-strand of the telomere","3/548","25/8368",0.222743997278009,0.629380316102877,0.535815929313806,"23649/25913/5111",3,"down","Reactome","Anelloviridae.pbmc",FALSE
"R-HSA-5674400","R-HSA-5674400","Constitutive Signaling by AKT1 E17K in Cancer","3/548","25/8368",0.222743997278009,0.629380316102877,0.535815929313806,"2931/55615/84335",3,"down","Reactome","Anelloviridae.pbmc",FALSE
"R-HSA-5696397","R-HSA-5696397","Gap-filling DNA repair synthesis and ligation in GG-NER","3/548","25/8368",0.222743997278009,0.629380316102877,0.535815929313806,"6119/5111/6233",3,"down","Reactome","Anelloviridae.pbmc",FALSE
"R-HSA-53341181","R-HSA-5334118","DNA methylation","5/548","50/8368",0.227705255669788,0.629380316102877,0.535815929313806,"3017/8347/8349/85236/8353",5,"down","Reactome","Anelloviridae.pbmc",FALSE
"R-HSA-52509241","R-HSA-5250924","B-WICH complex positively regulates rRNA expression","7/548","76/8368",0.22854739869706,0.629380316102877,0.535815929313806,"5440/8467/3017/8347/8349/85236/8353",7,"down","Reactome","Anelloviridae.pbmc",FALSE
"R-HSA-1689281","R-HSA-168928","DDX58/IFIH1-mediated induction of interferon-alpha/beta","6/548","63/8368",0.229319287348968,0.629380316102877,0.535815929313806,"9474/55593/4793/6233/28511/3146",6,"down","Reactome","Anelloviridae.pbmc",FALSE
"R-HSA-8856828","R-HSA-8856828","Clathrin-mediated endocytosis","11/548","130/8368",0.231045588495254,0.629380316102877,0.535815929313806,"7018/10254/9322/6455/6233/915/10980/3267/685/29978/10920",11,"down","Reactome","Anelloviridae.pbmc",FALSE
"R-HSA-198323","R-HSA-198323","AKT phosphorylates targets in the cytosol","2/548","14/8368",0.232429046560799,0.629380316102877,0.535815929313806,"2931/84335",2,"down","Reactome","Anelloviridae.pbmc",FALSE
"R-HSA-399954","R-HSA-399954","Sema3A PAK dependent Axon repulsion","2/548","14/8368",0.232429046560799,0.629380316102877,0.535815929313806,"10371/3326",2,"down","Reactome","Anelloviridae.pbmc",FALSE
"R-HSA-4839735","R-HSA-4839735","AXIN mutants destabilize the destruction complex, activating WNT signaling","2/548","14/8368",0.232429046560799,0.629380316102877,0.535815929313806,"5526/5516",2,"down","Reactome","Anelloviridae.pbmc",FALSE
"R-HSA-4839744","R-HSA-4839744","truncated APC mutants destabilize the destruction complex","2/548","14/8368",0.232429046560799,0.629380316102877,0.535815929313806,"5526/5516",2,"down","Reactome","Anelloviridae.pbmc",FALSE
"R-HSA-4839748","R-HSA-4839748","AMER1 mutants destabilize the destruction complex","2/548","14/8368",0.232429046560799,0.629380316102877,0.535815929313806,"5526/5516",2,"down","Reactome","Anelloviridae.pbmc",FALSE
"R-HSA-5467337","R-HSA-5467337","APC truncation mutants have impaired AXIN binding","2/548","14/8368",0.232429046560799,0.629380316102877,0.535815929313806,"5526/5516",2,"down","Reactome","Anelloviridae.pbmc",FALSE
"R-HSA-5467340","R-HSA-5467340","AXIN missense mutants destabilize the destruction complex","2/548","14/8368",0.232429046560799,0.629380316102877,0.535815929313806,"5526/5516",2,"down","Reactome","Anelloviridae.pbmc",FALSE
"R-HSA-5467348","R-HSA-5467348","Truncations of AMER1 destabilize the destruction complex","2/548","14/8368",0.232429046560799,0.629380316102877,0.535815929313806,"5526/5516",2,"down","Reactome","Anelloviridae.pbmc",FALSE
"R-HSA-6785631","R-HSA-6785631","ERBB2 Regulates Cell Motility","2/548","14/8368",0.232429046560799,0.629380316102877,0.535815929313806,"1729/685",2,"down","Reactome","Anelloviridae.pbmc",FALSE
"R-HSA-69091","R-HSA-69091","Polymerase switching","2/548","14/8368",0.232429046560799,0.629380316102877,0.535815929313806,"23649/5111",2,"down","Reactome","Anelloviridae.pbmc",FALSE
"R-HSA-69109","R-HSA-69109","Leading Strand Synthesis","2/548","14/8368",0.232429046560799,0.629380316102877,0.535815929313806,"23649/5111",2,"down","Reactome","Anelloviridae.pbmc",FALSE
"R-HSA-937039","R-HSA-937039","IRAK1 recruits IKK complex","2/548","14/8368",0.232429046560799,0.629380316102877,0.535815929313806,"6233/7334",2,"down","Reactome","Anelloviridae.pbmc",FALSE
"R-HSA-975144","R-HSA-975144","IRAK1 recruits IKK complex upon TLR7/8 or 9 stimulation","2/548","14/8368",0.232429046560799,0.629380316102877,0.535815929313806,"6233/7334",2,"down","Reactome","Anelloviridae.pbmc",FALSE
"R-HSA-9751631","R-HSA-975163","IRAK2 mediated activation of TAK1 complex upon TLR7/8 or 9 stimulation","2/548","14/8368",0.232429046560799,0.629380316102877,0.535815929313806,"6233/257397",2,"down","Reactome","Anelloviridae.pbmc",FALSE
"R-HSA-56257401","R-HSA-5625740","RHO GTPases activate PKNs","7/548","77/8368",0.238429516202719,0.636141375154484,0.541571881710466,"7531/103910/3017/8347/8349/85236/8353",7,"down","Reactome","Anelloviridae.pbmc",FALSE
"R-HSA-1103281","R-HSA-110328","Recognition and association of DNA glycosylase with site containing an affected pyrimidine","5/548","51/8368",0.24002973552921,0.636141375154484,0.541571881710466,"25913/3017/8347/8349/85236",5,"down","Reactome","Anelloviridae.pbmc",FALSE
"R-HSA-1103291","R-HSA-110329","Cleavage of the damaged pyrimidine ","5/548","51/8368",0.24002973552921,0.636141375154484,0.541571881710466,"25913/3017/8347/8349/85236",5,"down","Reactome","Anelloviridae.pbmc",FALSE
"R-HSA-56258861","R-HSA-5625886","Activated PKN1 stimulates transcription of AR (androgen receptor) regulated genes KLK2 and KLK3","5/548","51/8368",0.24002973552921,0.636141375154484,0.541571881710466,"3017/8347/8349/85236/8353",5,"down","Reactome","Anelloviridae.pbmc",FALSE
"R-HSA-739281","R-HSA-73928","Depyrimidination","5/548","51/8368",0.24002973552921,0.636141375154484,0.541571881710466,"25913/3017/8347/8349/85236",5,"down","Reactome","Anelloviridae.pbmc",FALSE
"R-HSA-21322951","R-HSA-2132295","MHC class II antigen presentation","9/548","104/8368",0.240340116652681,0.636141375154484,0.541571881710466,"8655/1512/55860/11258/3119/3123/3117/3122/3113",9,"down","Reactome","Anelloviridae.pbmc",FALSE
"R-HSA-2424491","R-HSA-2424491","DAP12 signaling","3/548","26/8368",0.240506081308406,0.636141375154484,0.541571881710466,"6464/567/3932",3,"down","Reactome","Anelloviridae.pbmc",FALSE
"R-HSA-5339562","R-HSA-5339562","Uptake and actions of bacterial toxins","3/548","26/8368",0.240506081308406,0.636141375154484,0.541571881710466,"3326/6804/805",3,"down","Reactome","Anelloviridae.pbmc",FALSE
"R-HSA-76066","R-HSA-76066","RNA Polymerase III Transcription Initiation From Type 2 Promoter","3/548","26/8368",0.240506081308406,0.636141375154484,0.541571881710466,"10621/5440/51728",3,"down","Reactome","Anelloviridae.pbmc",FALSE
"R-HSA-9635486","R-HSA-9635486","Infection with Mycobacterium tuberculosis","3/548","26/8368",0.240506081308406,0.636141375154484,0.541571881710466,"2931/6233/567",3,"down","Reactome","Anelloviridae.pbmc",FALSE
"R-HSA-52509131","R-HSA-5250913","Positive epigenetic regulation of rRNA expression","8/548","91/8368",0.244645755809805,0.644101989891867,0.548349062493353,"11335/5440/8467/3017/8347/8349/85236/8353",8,"down","Reactome","Anelloviridae.pbmc",FALSE
"R-HSA-56936071","R-HSA-5693607","Processing of DNA double-strand break ends","8/548","91/8368",0.244645755809805,0.644101989891867,0.548349062493353,"6119/6233/3017/7334/8347/8349/6613/85236",8,"down","Reactome","Anelloviridae.pbmc",FALSE
"R-HSA-73933","R-HSA-73933","Resolution of Abasic Sites (AP sites)","4/548","39/8368",0.250351659616018,0.657605741848527,0.559845331472153,"328/6119/10038/5111",4,"down","Reactome","Anelloviridae.pbmc",FALSE
"R-HSA-205043","R-HSA-205043","NRIF signals cell death from the nucleus","2/548","15/8368",0.257339238910242,0.659496176832249,0.561454732261619,"5664/6233",2,"down","Reactome","Anelloviridae.pbmc",FALSE
"R-HSA-430039","R-HSA-430039","mRNA decay by 5' to 3' exoribonuclease","2/548","15/8368",0.257339238910242,0.659496176832249,0.561454732261619,"23658/27258",2,"down","Reactome","Anelloviridae.pbmc",FALSE
"R-HSA-4839743","R-HSA-4839743","phosphorylation site mutants of CTNNB1 are not targeted to the proteasome by the destruction complex","2/548","15/8368",0.257339238910242,0.659496176832249,0.561454732261619,"5526/5516",2,"down","Reactome","Anelloviridae.pbmc",FALSE
"R-HSA-5339716","R-HSA-5339716","Misspliced GSK3beta mutants stabilize beta-catenin","2/548","15/8368",0.257339238910242,0.659496176832249,0.561454732261619,"5526/5516",2,"down","Reactome","Anelloviridae.pbmc",FALSE
"R-HSA-5358747","R-HSA-5358747","S33 mutants of beta-catenin aren't phosphorylated","2/548","15/8368",0.257339238910242,0.659496176832249,0.561454732261619,"5526/5516",2,"down","Reactome","Anelloviridae.pbmc",FALSE
"R-HSA-5358749","R-HSA-5358749","S37 mutants of beta-catenin aren't phosphorylated","2/548","15/8368",0.257339238910242,0.659496176832249,0.561454732261619,"5526/5516",2,"down","Reactome","Anelloviridae.pbmc",FALSE
"R-HSA-5358751","R-HSA-5358751","S45 mutants of beta-catenin aren't phosphorylated","2/548","15/8368",0.257339238910242,0.659496176832249,0.561454732261619,"5526/5516",2,"down","Reactome","Anelloviridae.pbmc",FALSE
"R-HSA-5358752","R-HSA-5358752","T41 mutants of beta-catenin aren't phosphorylated","2/548","15/8368",0.257339238910242,0.659496176832249,0.561454732261619,"5526/5516",2,"down","Reactome","Anelloviridae.pbmc",FALSE
"R-HSA-9370721","R-HSA-937072","TRAF6-mediated induction of TAK1 complex within TLR4 complex","2/548","15/8368",0.257339238910242,0.659496176832249,0.561454732261619,"6233/257397",2,"down","Reactome","Anelloviridae.pbmc",FALSE
"R-HSA-1251985","R-HSA-1251985","Nuclear signaling by ERBB4","3/548","27/8368",0.25849120277613,0.659496176832249,0.561454732261619,"3925/5664/685",3,"down","Reactome","Anelloviridae.pbmc",FALSE
"R-HSA-192105","R-HSA-192105","Synthesis of bile acids and bile salts","3/548","27/8368",0.25849120277613,0.659496176832249,0.561454732261619,"8647/114880/9885",3,"down","Reactome","Anelloviridae.pbmc",FALSE
"R-HSA-196807","R-HSA-196807","Nicotinate metabolism","3/548","27/8368",0.25849120277613,0.659496176832249,0.561454732261619,"4907/128240/55191",3,"down","Reactome","Anelloviridae.pbmc",FALSE
"R-HSA-19124081","R-HSA-1912408","Pre-NOTCH Transcription and Translation","7/548","79/8368",0.258591921968435,0.659496176832249,0.561454732261619,"27161/3017/8347/8349/85236/7027/8353",7,"down","Reactome","Anelloviridae.pbmc",FALSE
"R-HSA-73856","R-HSA-73856","RNA Polymerase II Transcription Termination","6/548","66/8368",0.262560962337795,0.664426310953985,0.56565194709102,"6432/6636/6637/80145/11051/1479",6,"down","Reactome","Anelloviridae.pbmc",FALSE
"R-HSA-68029461","R-HSA-6802946","Signaling by moderate kinase activity BRAF mutants","4/548","40/8368",0.265052304270144,0.664426310953985,0.56565194709102,"4140/5037/8844/805",4,"down","Reactome","Anelloviridae.pbmc",FALSE
"R-HSA-68029491","R-HSA-6802949","Signaling by RAS mutants","4/548","40/8368",0.265052304270144,0.664426310953985,0.56565194709102,"4140/5037/8844/805",4,"down","Reactome","Anelloviridae.pbmc",FALSE
"R-HSA-68029551","R-HSA-6802955","Paradoxical activation of RAF signaling by kinase inactive BRAF","4/548","40/8368",0.265052304270144,0.664426310953985,0.56565194709102,"4140/5037/8844/805",4,"down","Reactome","Anelloviridae.pbmc",FALSE
"R-HSA-90244461","R-HSA-9024446","NR1H2 and NR1H3-mediated signaling","4/548","40/8368",0.265052304270144,0.664426310953985,0.56565194709102,"27161/2172/347/54659",4,"down","Reactome","Anelloviridae.pbmc",FALSE
"R-HSA-96499481","R-HSA-9649948","Signaling downstream of RAS mutants","4/548","40/8368",0.265052304270144,0.664426310953985,0.56565194709102,"4140/5037/8844/805",4,"down","Reactome","Anelloviridae.pbmc",FALSE
"R-HSA-739291","R-HSA-73929","Base-Excision Repair, AP Site Formation","5/548","53/8368",0.265187694284266,0.664426310953985,0.56565194709102,"25913/3017/8347/8349/85236",5,"down","Reactome","Anelloviridae.pbmc",FALSE
"R-HSA-96140851","R-HSA-9614085","FOXO-mediated transcription","5/548","53/8368",0.265187694284266,0.664426310953985,0.56565194709102,"4802/10891/1647/847/10370",5,"down","Reactome","Anelloviridae.pbmc",FALSE
"R-HSA-1660161","R-HSA-166016","Toll Like Receptor 4 (TLR4) Cascade","10/548","121/8368",0.26834115862491,0.670663467322815,0.5709618807679,"5516/4793/6500/6233/257397/5598/28511/7334/5600/3146",10,"down","Reactome","Anelloviridae.pbmc",FALSE
"R-HSA-3752761","R-HSA-375276","Peptide ligand-binding receptors","7/548","80/8368",0.268853688216251,0.670663467322815,0.5709618807679,"6361/4922/1238/3627/10663/5021/6352",7,"down","Reactome","Anelloviridae.pbmc",FALSE
"R-HSA-56174721","R-HSA-5617472","Activation of anterior HOX genes in hindbrain development during early embryogenesis","8/548","94/8368",0.272837251029923,0.677635002557978,0.576897019721566,"5440/3017/5436/8347/8349/85236/23054/8353",8,"down","Reactome","Anelloviridae.pbmc",FALSE
"R-HSA-56195071","R-HSA-5619507","Activation of HOX genes during differentiation","8/548","94/8368",0.272837251029923,0.677635002557978,0.576897019721566,"5440/3017/5436/8347/8349/85236/23054/8353",8,"down","Reactome","Anelloviridae.pbmc",FALSE
"R-HSA-400253","R-HSA-400253","Circadian Clock","6/548","67/8368",0.273912746217412,0.678827240625759,0.577912018335134,"10891/6500/64784/6233/23054/1454",6,"down","Reactome","Anelloviridae.pbmc",FALSE
"R-HSA-25595801","R-HSA-2559580","Oxidative Stress Induced Senescence","9/548","108/8368",0.275297143219719,0.680705497163024,0.579511051139712,"6233/3017/648/8347/8349/5600/85236/7027/8353",9,"down","Reactome","Anelloviridae.pbmc",FALSE
"R-HSA-8982491","R-HSA-8982491","Glycogen metabolism","3/548","28/8368",0.27664597648664,0.680705497163024,0.579511051139712,"5836/805/6233",3,"down","Reactome","Anelloviridae.pbmc",FALSE
"R-HSA-4273591","R-HSA-427359","SIRT1 negatively regulates rRNA expression","5/548","54/8368",0.277984611888523,0.680705497163024,0.579511051139712,"3017/8347/8349/85236/8353",5,"down","Reactome","Anelloviridae.pbmc",FALSE
"R-HSA-6794362","R-HSA-6794362","Protein-protein interactions at synapses","5/548","54/8368",0.277984611888523,0.680705497163024,0.579511051139712,"22839/6804/79414/28988/2915",5,"down","Reactome","Anelloviridae.pbmc",FALSE
"R-HSA-68114361","R-HSA-6811436","COPI-independent Golgi-to-ER retrograde traffic","4/548","41/8368",0.279906760482688,0.680705497163024,0.579511051139712,"8655/55860/11258/23299",4,"down","Reactome","Anelloviridae.pbmc",FALSE
"R-HSA-1295596","R-HSA-1295596","Spry regulation of FGF signaling","2/548","16/8368",0.282284152415069,0.680705497163024,0.579511051139712,"5516/6233",2,"down","Reactome","Anelloviridae.pbmc",FALSE
"R-HSA-432142","R-HSA-432142","Platelet sensitization by LDL","2/548","16/8368",0.282284152415069,0.680705497163024,0.579511051139712,"5526/5516",2,"down","Reactome","Anelloviridae.pbmc",FALSE
"R-HSA-4641263","R-HSA-4641263","Regulation of FZD by ubiquitination","2/548","16/8368",0.282284152415069,0.680705497163024,0.579511051139712,"6233/8323",2,"down","Reactome","Anelloviridae.pbmc",FALSE
"R-HSA-5684264","R-HSA-5684264","MAP3K8 (TPL2)-dependent MAPK1/3 activation","2/548","16/8368",0.282284152415069,0.680705497163024,0.579511051139712,"6500/6233",2,"down","Reactome","Anelloviridae.pbmc",FALSE
"R-HSA-8949664","R-HSA-8949664","Processing of SMDT1","2/548","16/8368",0.282284152415069,0.680705497163024,0.579511051139712,"9512/91689",2,"down","Reactome","Anelloviridae.pbmc",FALSE
"R-HSA-96146571","R-HSA-9614657","FOXO-mediated transcription of cell death genes","2/548","16/8368",0.282284152415069,0.680705497163024,0.579511051139712,"4802/10370",2,"down","Reactome","Anelloviridae.pbmc",FALSE
"R-HSA-19124221","R-HSA-1912422","Pre-NOTCH Expression and Processing","8/548","95/8368",0.282433070314132,0.680705497163024,0.579511051139712,"6484/27161/3017/8347/8349/85236/7027/8353",8,"down","Reactome","Anelloviridae.pbmc",FALSE
"R-HSA-5620912","R-HSA-5620912","Anchoring of the basal body to the plasma membrane","8/548","95/8368",0.282433070314132,0.680705497163024,0.579511051139712,"57787/8655/27077/7531/26123/11258/4735/1454",8,"down","Reactome","Anelloviridae.pbmc",FALSE
"R-HSA-25595831","R-HSA-2559583","Cellular Senescence","14/548","179/8368",0.283414078870878,0.681628797284389,0.580297092424937,"29855/25913/6233/3017/3490/119504/5598/648/8347/8349/5600/85236/7027/8353",14,"down","Reactome","Anelloviridae.pbmc",FALSE
"R-HSA-112382","R-HSA-112382","Formation of RNA Pol II elongation complex ","5/548","55/8368",0.2909026338321,0.695238999095585,0.591883986302982,"9150/2967/5440/5436/404672",5,"down","Reactome","Anelloviridae.pbmc",FALSE
"R-HSA-168643","R-HSA-168643","Nucleotide-binding domain, leucine rich repeat containing receptor (NLR) signaling pathways","5/548","55/8368",0.2909026338321,0.695238999095585,0.591883986302982,"3326/6233/257397/7334/5600",5,"down","Reactome","Anelloviridae.pbmc",FALSE
"R-HSA-75955","R-HSA-75955","RNA Polymerase II Transcription Elongation","5/548","55/8368",0.2909026338321,0.695238999095585,0.591883986302982,"9150/2967/5440/5436/404672",5,"down","Reactome","Anelloviridae.pbmc",FALSE
"R-HSA-167238","R-HSA-167238","Pausing and recovery of Tat-mediated HIV elongation","3/548","29/8368",0.294919638680221,0.697527776131642,0.593832511166551,"9150/5440/5436",3,"down","Reactome","Anelloviridae.pbmc",FALSE
"R-HSA-167243","R-HSA-167243","Tat-mediated HIV elongation arrest and recovery","3/548","29/8368",0.294919638680221,0.697527776131642,0.593832511166551,"9150/5440/5436",3,"down","Reactome","Anelloviridae.pbmc",FALSE
"R-HSA-2122948","R-HSA-2122948","Activated NOTCH1 Transmits Signal to the Nucleus","3/548","29/8368",0.294919638680221,0.697527776131642,0.593832511166551,"5664/6233/92737",3,"down","Reactome","Anelloviridae.pbmc",FALSE
"R-HSA-73863","R-HSA-73863","RNA Polymerase I Transcription Termination","3/548","29/8368",0.294919638680221,0.697527776131642,0.593832511166551,"2967/5440/404672",3,"down","Reactome","Anelloviridae.pbmc",FALSE
"R-HSA-9179771","R-HSA-917977","Transferrin endocytosis and recycling","3/548","29/8368",0.294919638680221,0.697527776131642,0.593832511166551,"7018/7036/90423",3,"down","Reactome","Anelloviridae.pbmc",FALSE
"R-HSA-9124461","R-HSA-912446","Meiotic recombination","6/548","69/8368",0.296947142194792,0.70086903126721,0.596677051549739,"6119/3017/8347/8349/85236/8353",6,"down","Reactome","Anelloviridae.pbmc",FALSE
"R-HSA-14828011","R-HSA-1482801","Acyl chain remodelling of PS","2/548","17/8368",0.307152606414901,0.711695063644282,0.605893673758105,"51365/11145",2,"down","Reactome","Anelloviridae.pbmc",FALSE
"R-HSA-162710","R-HSA-162710","Synthesis of glycosylphosphatidylinositol (GPI)","2/548","17/8368",0.307152606414901,0.711695063644282,0.605893673758105,"5279/5281",2,"down","Reactome","Anelloviridae.pbmc",FALSE
"R-HSA-163615","R-HSA-163615","PKA activation","2/548","17/8368",0.307152606414901,0.711695063644282,0.605893673758105,"108/805",2,"down","Reactome","Anelloviridae.pbmc",FALSE
"R-HSA-1962991","R-HSA-196299","Beta-catenin phosphorylation cascade","2/548","17/8368",0.307152606414901,0.711695063644282,0.605893673758105,"5526/5516",2,"down","Reactome","Anelloviridae.pbmc",FALSE
"R-HSA-1967411","R-HSA-196741","Cobalamin (Cbl, vitamin B12) transport and metabolism","2/548","17/8368",0.307152606414901,0.711695063644282,0.605893673758105,"4548/326625",2,"down","Reactome","Anelloviridae.pbmc",FALSE
"R-HSA-2105001","R-HSA-210500","Glutamate Neurotransmitter Release Cycle","2/548","17/8368",0.307152606414901,0.711695063644282,0.605893673758105,"6804/10550",2,"down","Reactome","Anelloviridae.pbmc",FALSE
"R-HSA-3781860","R-HSA-3781860","Diseases associated with N-glycosylation of proteins","2/548","17/8368",0.307152606414901,0.711695063644282,0.605893673758105,"79053/199857",2,"down","Reactome","Anelloviridae.pbmc",FALSE
"R-HSA-70221","R-HSA-70221","Glycogen breakdown (glycogenolysis)","2/548","17/8368",0.307152606414901,0.711695063644282,0.605893673758105,"5836/805",2,"down","Reactome","Anelloviridae.pbmc",FALSE
"R-HSA-8851708","R-HSA-8851708","Signaling by FGFR2 IIIa TM","2/548","17/8368",0.307152606414901,0.711695063644282,0.605893673758105,"5440/5436",2,"down","Reactome","Anelloviridae.pbmc",FALSE
"R-HSA-19801431","R-HSA-1980143","Signaling by NOTCH1","6/548","70/8368",0.30860449002813,0.712164207757222,0.606293074378725,"9978/7091/6500/5664/6233/92737",6,"down","Reactome","Anelloviridae.pbmc",FALSE
"R-HSA-25595861","R-HSA-2559586","DNA Damage/Telomere Stress Induced Senescence","6/548","70/8368",0.30860449002813,0.712164207757222,0.606293074378725,"29855/25913/3017/8347/8349/85236",6,"down","Reactome","Anelloviridae.pbmc",FALSE
"R-HSA-3899300","R-HSA-3899300","SUMOylation of transcription cofactors","4/548","43/8368",0.309965277608026,0.713859427218483,0.607736280605209,"10891/11315/648/6613",4,"down","Reactome","Anelloviridae.pbmc",FALSE
"R-HSA-1144521","R-HSA-114452","Activation of BH3-only proteins","3/548","30/8368",0.313264154502645,0.718553593829004,0.611732607119429,"8655/7531/7027",3,"down","Reactome","Anelloviridae.pbmc",FALSE
"R-HSA-88666521","R-HSA-8866652","Synthesis of active ubiquitin: roles of E1 and E2 enzymes","3/548","30/8368",0.313264154502645,0.718553593829004,0.611732607119429,"997/92912/6233",3,"down","Reactome","Anelloviridae.pbmc",FALSE
"R-HSA-1688981","R-HSA-168898","Toll-like Receptor Cascades","11/548","141/8368",0.31792296667127,0.727775465873991,0.619583545277765,"5516/4793/6500/6233/257397/7098/5598/28511/7334/5600/3146",11,"down","Reactome","Anelloviridae.pbmc",FALSE
"R-HSA-167161","R-HSA-167161","HIV Transcription Initiation","4/548","44/8368",0.325115347084924,0.735379951739709,0.626057539708229,"2967/5440/5436/404672",4,"down","Reactome","Anelloviridae.pbmc",FALSE
"R-HSA-167162","R-HSA-167162","RNA Polymerase II HIV Promoter Escape","4/548","44/8368",0.325115347084924,0.735379951739709,0.626057539708229,"2967/5440/5436/404672",4,"down","Reactome","Anelloviridae.pbmc",FALSE
"R-HSA-73776","R-HSA-73776","RNA Polymerase II Promoter Escape","4/548","44/8368",0.325115347084924,0.735379951739709,0.626057539708229,"2967/5440/5436/404672",4,"down","Reactome","Anelloviridae.pbmc",FALSE
"R-HSA-73779","R-HSA-73779","RNA Polymerase II Transcription Pre-Initiation And Promoter Opening","4/548","44/8368",0.325115347084924,0.735379951739709,0.626057539708229,"2967/5440/5436/404672",4,"down","Reactome","Anelloviridae.pbmc",FALSE
"R-HSA-75953","R-HSA-75953","RNA Polymerase II Transcription Initiation","4/548","44/8368",0.325115347084924,0.735379951739709,0.626057539708229,"2967/5440/5436/404672",4,"down","Reactome","Anelloviridae.pbmc",FALSE
"R-HSA-76042","R-HSA-76042","RNA Polymerase II Transcription Initiation And Promoter Clearance","4/548","44/8368",0.325115347084924,0.735379951739709,0.626057539708229,"2967/5440/5436/404672",4,"down","Reactome","Anelloviridae.pbmc",FALSE
"R-HSA-90069311","R-HSA-9006931","Signaling by Nuclear Receptors","19/548","258/8368",0.330402406463618,0.737439519513648,0.62781092981679,"1738/3326/27161/23030/805/5440/3017/6464/5436/2172/685/8347/220/8349/347/85236/1375/54659/8353",19,"down","Reactome","Anelloviridae.pbmc",FALSE
"R-HSA-167287","R-HSA-167287","HIV elongation arrest and recovery","3/548","31/8368",0.331634285889601,0.737439519513648,0.62781092981679,"9150/5440/5436",3,"down","Reactome","Anelloviridae.pbmc",FALSE
"R-HSA-167290","R-HSA-167290","Pausing and recovery of HIV elongation","3/548","31/8368",0.331634285889601,0.737439519513648,0.62781092981679,"9150/5440/5436",3,"down","Reactome","Anelloviridae.pbmc",FALSE
"R-HSA-450282","R-HSA-450282","MAPK targets/ Nuclear events mediated by MAP kinases","3/548","31/8368",0.331634285889601,0.737439519513648,0.62781092981679,"5516/5598/5600",3,"down","Reactome","Anelloviridae.pbmc",FALSE
"R-HSA-5694530","R-HSA-5694530","Cargo concentration in the ER","3/548","31/8368",0.331634285889601,0.737439519513648,0.62781092981679,"966/10175/6811",3,"down","Reactome","Anelloviridae.pbmc",FALSE
"R-HSA-68029481","R-HSA-6802948","Signaling by high-kinase activity BRAF mutants","3/548","31/8368",0.331634285889601,0.737439519513648,0.62781092981679,"4140/5037/8844",3,"down","Reactome","Anelloviridae.pbmc",FALSE
"R-HSA-89563191","R-HSA-8956319","Nucleobase catabolism","3/548","31/8368",0.331634285889601,0.737439519513648,0.62781092981679,"954/4907/9583",3,"down","Reactome","Anelloviridae.pbmc",FALSE
"R-HSA-167044","R-HSA-167044","Signalling to RAS","2/548","18/8368",0.331847783781142,0.737439519513648,0.62781092981679,"6464/5600",2,"down","Reactome","Anelloviridae.pbmc",FALSE
"R-HSA-96150171","R-HSA-9615017","FOXO-mediated transcription of oxidative stress, metabolic and neuronal genes","2/548","18/8368",0.331847783781142,0.737439519513648,0.62781092981679,"10891/847",2,"down","Reactome","Anelloviridae.pbmc",FALSE
"R-HSA-56935381","R-HSA-5693538","Homology Directed Repair","10/548","129/8368",0.337111567104004,0.747679351164522,0.63652849655927,"6119/10038/5111/6233/3017/7334/8347/8349/6613/85236",10,"down","Reactome","Anelloviridae.pbmc",FALSE
"R-HSA-9831691","R-HSA-983169","Class I MHC mediated antigen processing & presentation","25/548","347/8368",0.33785768639801,0.747879150473264,0.636698593477701,"90293/5689/5685/5720/997/9978/5684/5687/5716/642/5715/26268/6500/10213/90025/54850/25847/92912/5686/6233/9039/81559/5701/567/7334",25,"down","Reactome","Anelloviridae.pbmc",FALSE
"R-HSA-2123001","R-HSA-212300","PRC2 methylates histones and DNA","5/548","59/8368",0.343431920533281,0.758502507319907,0.645742670128305,"3017/8347/8349/85236/8353",5,"down","Reactome","Anelloviridae.pbmc",FALSE
"R-HSA-96162221","R-HSA-9616222","Transcriptional regulation of granulopoiesis","6/548","73/8368",0.343987540600344,0.758502507319907,0.645742670128305,"3017/8347/8349/85236/7027/8353",6,"down","Reactome","Anelloviridae.pbmc",FALSE
"R-HSA-5656169","R-HSA-5656169","Termination of translesion DNA synthesis","3/548","32/8368",0.349987625496514,0.762907879587438,0.649493134791891,"6119/5111/6233",3,"down","Reactome","Anelloviridae.pbmc",FALSE
"R-HSA-68962","R-HSA-68962","Activation of the pre-replicative complex","3/548","32/8368",0.349987625496514,0.762907879587438,0.649493134791891,"23649/4171/6119",3,"down","Reactome","Anelloviridae.pbmc",FALSE
"R-HSA-9615710","R-HSA-9615710","Late endosomal microautophagy","3/548","32/8368",0.349987625496514,0.762907879587438,0.649493134791891,"10226/11315/6233",3,"down","Reactome","Anelloviridae.pbmc",FALSE
"R-HSA-694731","R-HSA-69473","G2/M DNA damage checkpoint","7/548","88/8368",0.354039736405494,0.762907879587438,0.649493134791891,"6119/7531/3017/7334/8347/8349/85236",7,"down","Reactome","Anelloviridae.pbmc",FALSE
"R-HSA-90185191","R-HSA-9018519","Estrogen-dependent gene expression","10/548","131/8368",0.354826490282405,0.762907879587438,0.649493134791891,"3326/27161/23030/5440/3017/5436/8347/8349/85236/8353",10,"down","Reactome","Anelloviridae.pbmc",FALSE
"R-HSA-21229471","R-HSA-2122947","NOTCH1 Intracellular Domain Regulates Transcription","4/548","46/8368",0.355528722413101,0.762907879587438,0.649493134791891,"9978/7091/6500/6233",4,"down","Reactome","Anelloviridae.pbmc",FALSE
"R-HSA-3904661","R-HSA-390466","Chaperonin-mediated protein folding","6/548","74/8368",0.355878202260367,0.762907879587438,0.649493134791891,"5204/10693/10574/55135/7203/10576",6,"down","Reactome","Anelloviridae.pbmc",FALSE
"R-HSA-111931","R-HSA-111931","PKA-mediated phosphorylation of CREB","2/548","19/8368",0.356285832072728,0.762907879587438,0.649493134791891,"108/805",2,"down","Reactome","Anelloviridae.pbmc",FALSE
"R-HSA-1236382","R-HSA-1236382","Constitutive Signaling by Ligand-Responsive EGFR Cancer Variants","2/548","19/8368",0.356285832072728,0.762907879587438,0.649493134791891,"6233/6464",2,"down","Reactome","Anelloviridae.pbmc",FALSE
"R-HSA-13622771","R-HSA-1362277","Transcription of E2F targets under negative control by DREAM complex","2/548","19/8368",0.356285832072728,0.762907879587438,0.649493134791891,"5111/7027",2,"down","Reactome","Anelloviridae.pbmc",FALSE
"R-HSA-2995383","R-HSA-2995383","Initiation of Nuclear Envelope (NE) Reformation","2/548","19/8368",0.356285832072728,0.762907879587438,0.649493134791891,"7443/8815",2,"down","Reactome","Anelloviridae.pbmc",FALSE
"R-HSA-5637815","R-HSA-5637815","Signaling by Ligand-Responsive EGFR Variants in Cancer","2/548","19/8368",0.356285832072728,0.762907879587438,0.649493134791891,"6233/6464",2,"down","Reactome","Anelloviridae.pbmc",FALSE
"R-HSA-77595","R-HSA-77595","Processing of Intronless Pre-mRNAs","2/548","19/8368",0.356285832072728,0.762907879587438,0.649493134791891,"11051/1479",2,"down","Reactome","Anelloviridae.pbmc",FALSE
"R-HSA-8876725","R-HSA-8876725","Protein methylation","2/548","19/8368",0.356285832072728,0.762907879587438,0.649493134791891,"805/10196",2,"down","Reactome","Anelloviridae.pbmc",FALSE
"R-HSA-5654738","R-HSA-5654738","Signaling by FGFR2","5/548","60/8368",0.356692894579039,0.762907879587438,0.649493134791891,"5516/6233/5440/6464/5436",5,"down","Reactome","Anelloviridae.pbmc",FALSE
"R-HSA-68029521","R-HSA-6802952","Signaling by BRAF and RAF fusions","5/548","60/8368",0.356692894579039,0.762907879587438,0.649493134791891,"4140/5037/23164/8844/805",5,"down","Reactome","Anelloviridae.pbmc",FALSE
"R-HSA-168274","R-HSA-168274","Export of Viral Ribonucleoproteins from Nucleus","3/548","33/8368",0.36828460168045,0.783291876708419,0.666846823938285,"5901/129401/3303",3,"down","Reactome","Anelloviridae.pbmc",FALSE
"R-HSA-5654741","R-HSA-5654741","Signaling by FGFR3","3/548","33/8368",0.36828460168045,0.783291876708419,0.666846823938285,"5516/6233/6464",3,"down","Reactome","Anelloviridae.pbmc",FALSE
"R-HSA-5654743","R-HSA-5654743","Signaling by FGFR4","3/548","33/8368",0.36828460168045,0.783291876708419,0.666846823938285,"5516/6233/6464",3,"down","Reactome","Anelloviridae.pbmc",FALSE
"R-HSA-692311","R-HSA-69231","Cyclin D associated events in G1","4/548","47/8368",0.370743572353143,0.785590469298482,0.668803705164544,"5516/6500/6233/7027",4,"down","Reactome","Anelloviridae.pbmc",FALSE
"R-HSA-692361","R-HSA-69236","G1 Phase","4/548","47/8368",0.370743572353143,0.785590469298482,0.668803705164544,"5516/6500/6233/7027",4,"down","Reactome","Anelloviridae.pbmc",FALSE
"R-HSA-164938","R-HSA-164938","Nef-mediates down modulation of cell surface receptors by recruiting them to clathrin adapters","2/548","20/8368",0.380394585786184,0.800091933203413,0.681149365109461,"567/3932",2,"down","Reactome","Anelloviridae.pbmc",FALSE
"R-HSA-1764071","R-HSA-176407","Conversion from APC/C:Cdc20 to APC/C:Cdh1 in late anaphase","2/548","20/8368",0.380394585786184,0.800091933203413,0.681149365109461,"8556/119504",2,"down","Reactome","Anelloviridae.pbmc",FALSE
"R-HSA-1839126","R-HSA-1839126","FGFR2 mutant receptor activation","2/548","20/8368",0.380394585786184,0.800091933203413,0.681149365109461,"5440/5436",2,"down","Reactome","Anelloviridae.pbmc",FALSE
"R-HSA-389357","R-HSA-389357","CD28 dependent PI3K/Akt signaling","2/548","20/8368",0.380394585786184,0.800091933203413,0.681149365109461,"3932/55615",2,"down","Reactome","Anelloviridae.pbmc",FALSE
"R-HSA-12216321","R-HSA-1221632","Meiotic synapsis","5/548","62/8368",0.383254955398199,0.804623663266938,0.685007403076746,"25913/3017/8347/8349/85236",5,"down","Reactome","Anelloviridae.pbmc",FALSE
"R-HSA-67913121","R-HSA-6791312","TP53 Regulates Transcription of Cell Cycle Genes","4/548","48/8368",0.385933280581052,0.805478689641566,0.685735320267335,"1647/79733/5111/7027",4,"down","Reactome","Anelloviridae.pbmc",FALSE
"R-HSA-77289","R-HSA-77289","Mitochondrial Fatty Acid Beta-Oxidation","3/548","34/8368",0.386488458977137,0.805478689641566,0.685735320267335,"4706/34/84693",3,"down","Reactome","Anelloviridae.pbmc",FALSE
"R-HSA-8953750","R-HSA-8953750","Transcriptional Regulation by E2F6","3/548","34/8368",0.386488458977137,0.805478689641566,0.685735320267335,"11335/648/7027",3,"down","Reactome","Anelloviridae.pbmc",FALSE
"R-HSA-936440","R-HSA-936440","Negative regulators of DDX58/IFIH1 signaling","3/548","34/8368",0.386488458977137,0.805478689641566,0.685735320267335,"9474/55593/6233",3,"down","Reactome","Anelloviridae.pbmc",FALSE
"R-HSA-12279861","R-HSA-1227986","Signaling by ERBB2","4/548","49/8368",0.401076251245181,0.829820852125856,0.706458749455253,"1729/6233/6464/685",4,"down","Reactome","Anelloviridae.pbmc",FALSE
"R-HSA-14741651","R-HSA-1474165","Reproduction","8/548","107/8368",0.402274564015404,0.829820852125856,0.706458749455253,"6119/25913/3017/257062/8347/8349/85236/8353",8,"down","Reactome","Anelloviridae.pbmc",FALSE
"R-HSA-1250196","R-HSA-1250196","SHC1 events in ERBB2 signaling","2/548","21/8368",0.404112399882518,0.829820852125856,0.706458749455253,"6464/685",2,"down","Reactome","Anelloviridae.pbmc",FALSE
"R-HSA-32964821","R-HSA-3296482","Defects in vitamin and cofactor metabolism","2/548","21/8368",0.404112399882518,0.829820852125856,0.706458749455253,"4548/326625",2,"down","Reactome","Anelloviridae.pbmc",FALSE
"R-HSA-379726","R-HSA-379726","Mitochondrial tRNA aminoacylation","2/548","21/8368",0.404112399882518,0.829820852125856,0.706458749455253,"3735/10667",2,"down","Reactome","Anelloviridae.pbmc",FALSE
"R-HSA-9665686","R-HSA-9665686","Signaling by ERBB2 TMD/JMD mutants","2/548","21/8368",0.404112399882518,0.829820852125856,0.706458749455253,"6464/685",2,"down","Reactome","Anelloviridae.pbmc",FALSE
"R-HSA-2172127","R-HSA-2172127","DAP12 interactions","3/548","35/8368",0.404565218008111,0.829820852125856,0.706458749455253,"6464/567/3932",3,"down","Reactome","Anelloviridae.pbmc",FALSE
"R-HSA-56741351","R-HSA-5674135","MAP2K and MAPK activation","3/548","35/8368",0.404565218008111,0.829820852125856,0.706458749455253,"4140/5037/8844",3,"down","Reactome","Anelloviridae.pbmc",FALSE
"R-HSA-32475091","R-HSA-3247509","Chromatin modifying enzymes","18/548","255/8368",0.40544755669658,0.829820852125856,0.706458749455253,"6605/2122/23186/9643/23030/56950/3017/84661/64769/23587/55352/8347/387893/8349/10196/64754/85236/8353",18,"down","Reactome","Anelloviridae.pbmc",FALSE
"R-HSA-48397261","R-HSA-4839726","Chromatin organization","18/548","255/8368",0.40544755669658,0.829820852125856,0.706458749455253,"6605/2122/23186/9643/23030/56950/3017/84661/64769/23587/55352/8347/387893/8349/10196/64754/85236/8353",18,"down","Reactome","Anelloviridae.pbmc",FALSE
"R-HSA-4254071","R-HSA-425407","SLC-mediated transmembrane transport","13/548","181/8368",0.406354734925097,0.830187092857724,0.706770544427352,"6542/292/9498/6717/2030/204962/805/64924/154091/291/64849/133418/347",13,"down","Reactome","Anelloviridae.pbmc",FALSE
"R-HSA-158691","R-HSA-15869","Metabolism of nucleotides","7/548","93/8368",0.408666003181308,0.833415462659555,0.709518981137682,"954/272/4907/1633/51727/2745/9583",7,"down","Reactome","Anelloviridae.pbmc",FALSE
"R-HSA-56935671","R-HSA-5693567","HDR through Homologous Recombination (HRR) or Single Strand Annealing (SSA)","9/548","123/8368",0.415323137036254,0.839669501928477,0.714843287883708,"6119/5111/6233/3017/7334/8347/8349/6613/85236",9,"down","Reactome","Anelloviridae.pbmc",FALSE
"R-HSA-3802701","R-HSA-380270","Recruitment of mitotic centrosome proteins and complexes","6/548","79/8368",0.415528786227022,0.839669501928477,0.714843287883708,"8655/7531/11258/29922/440145/1454",6,"down","Reactome","Anelloviridae.pbmc",FALSE
"R-HSA-3802871","R-HSA-380287","Centrosome maturation","6/548","79/8368",0.415528786227022,0.839669501928477,0.714843287883708,"8655/7531/11258/29922/440145/1454",6,"down","Reactome","Anelloviridae.pbmc",FALSE
"R-HSA-3912511","R-HSA-391251","Protein folding","6/548","79/8368",0.415528786227022,0.839669501928477,0.714843287883708,"5204/10693/10574/55135/7203/10576",6,"down","Reactome","Anelloviridae.pbmc",FALSE
"R-HSA-89364591","R-HSA-8936459","RUNX1 regulates genes involved in megakaryocyte differentiation and platelet function","6/548","79/8368",0.415528786227022,0.839669501928477,0.714843287883708,"3017/84661/8347/8349/85236/8353",6,"down","Reactome","Anelloviridae.pbmc",FALSE
"R-HSA-4086398","R-HSA-4086398","Ca2+ pathway","4/548","50/8368",0.416151989990868,0.839669501928477,0.714843287883708,"27161/805/6934/8323",4,"down","Reactome","Anelloviridae.pbmc",FALSE
"R-HSA-15006201","R-HSA-1500620","Meiosis","7/548","94/8368",0.419594753354409,0.840104055836561,0.715213240518291,"6119/25913/3017/8347/8349/85236/8353",7,"down","Reactome","Anelloviridae.pbmc",FALSE
"R-HSA-6804757","R-HSA-6804757","Regulation of TP53 Degradation","3/548","36/8368",0.422483618295624,0.840104055836561,0.715213240518291,"5516/6233/55615",3,"down","Reactome","Anelloviridae.pbmc",FALSE
"R-HSA-96562231","R-HSA-9656223","Signaling by RAF1 mutants","3/548","36/8368",0.422483618295624,0.840104055836561,0.715213240518291,"4140/8844/805",3,"down","Reactome","Anelloviridae.pbmc",FALSE
"R-HSA-1614635","R-HSA-1614635","Sulfur amino acid metabolism","2/548","22/8368",0.427387085536499,0.840104055836561,0.715213240518291,"4548/100131187",2,"down","Reactome","Anelloviridae.pbmc",FALSE
"R-HSA-171319","R-HSA-171319","Telomere Extension By Telomerase","2/548","22/8368",0.427387085536499,0.840104055836561,0.715213240518291,"25913/55135",2,"down","Reactome","Anelloviridae.pbmc",FALSE
"R-HSA-2979096","R-HSA-2979096","NOTCH2 Activation and Transmission of Signal to the Nucleus","2/548","22/8368",0.427387085536499,0.840104055836561,0.715213240518291,"5664/6233",2,"down","Reactome","Anelloviridae.pbmc",FALSE
"R-HSA-418360","R-HSA-418360","Platelet calcium homeostasis","2/548","22/8368",0.427387085536499,0.840104055836561,0.715213240518291,"6717/805",2,"down","Reactome","Anelloviridae.pbmc",FALSE
"R-HSA-5627123","R-HSA-5627123","RHO GTPases activate PAKs","2/548","22/8368",0.427387085536499,0.840104055836561,0.715213240518291,"103910/805",2,"down","Reactome","Anelloviridae.pbmc",FALSE
"R-HSA-5654727","R-HSA-5654727","Negative regulation of FGFR2 signaling","2/548","22/8368",0.427387085536499,0.840104055836561,0.715213240518291,"5516/6233",2,"down","Reactome","Anelloviridae.pbmc",FALSE
"R-HSA-5654732","R-HSA-5654732","Negative regulation of FGFR3 signaling","2/548","22/8368",0.427387085536499,0.840104055836561,0.715213240518291,"5516/6233",2,"down","Reactome","Anelloviridae.pbmc",FALSE
"R-HSA-89563211","R-HSA-8956321","Nucleotide salvage","2/548","22/8368",0.427387085536499,0.840104055836561,0.715213240518291,"272/1633",2,"down","Reactome","Anelloviridae.pbmc",FALSE
"R-HSA-9370411","R-HSA-937041","IKK complex recruitment mediated by RIP1","2/548","22/8368",0.427387085536499,0.840104055836561,0.715213240518291,"6233/7334",2,"down","Reactome","Anelloviridae.pbmc",FALSE
"R-HSA-9637690","R-HSA-9637690","Response of Mtb to phagocytosis","2/548","22/8368",0.427387085536499,0.840104055836561,0.715213240518291,"2931/6233",2,"down","Reactome","Anelloviridae.pbmc",FALSE
"R-HSA-32148151","R-HSA-3214815","HDACs deacetylate histones","6/548","80/8368",0.427421361741408,0.840104055836561,0.715213240518291,"23186/3017/8347/8349/85236/8353",6,"down","Reactome","Anelloviridae.pbmc",FALSE
"R-HSA-8773001","R-HSA-877300","Interferon gamma signaling","6/548","80/8368",0.427421361741408,0.840104055836561,0.715213240518291,"567/3119/3123/3117/3122/3113",6,"down","Reactome","Anelloviridae.pbmc",FALSE
"R-HSA-9678108","R-HSA-9678108","SARS-CoV-1 Infection","4/548","51/8368",0.431141118030158,0.845956754826815,0.720195870683586,"2931/6484/85437/6233",4,"down","Reactome","Anelloviridae.pbmc",FALSE
"R-HSA-167172","R-HSA-167172","Transcription of the HIV genome","5/548","66/8368",0.436119912187844,0.852790222802987,0.726013467612516,"9150/2967/5440/5436/404672",5,"down","Reactome","Anelloviridae.pbmc",FALSE
"R-HSA-204005","R-HSA-204005","COPII-mediated vesicle transport","5/548","66/8368",0.436119912187844,0.852790222802987,0.726013467612516,"966/9117/10175/89866/6811",5,"down","Reactome","Anelloviridae.pbmc",FALSE
"R-HSA-5362517","R-HSA-5362517","Signaling by Retinoic Acid","3/548","37/8368",0.440215047051515,0.857854963485004,0.730325278239311,"1738/220/1375",3,"down","Reactome","Anelloviridae.pbmc",FALSE
"R-HSA-6806003","R-HSA-6806003","Regulation of TP53 Expression and Degradation","3/548","37/8368",0.440215047051515,0.857854963485004,0.730325278239311,"5516/6233/55615",3,"down","Reactome","Anelloviridae.pbmc",FALSE
"R-HSA-1096061","R-HSA-109606","Intrinsic Pathway for Apoptosis","4/548","52/8368",0.446025378943347,0.867694423200367,0.738701992789232,"8655/7531/54205/7027",4,"down","Reactome","Anelloviridae.pbmc",FALSE
"R-HSA-9694516","R-HSA-9694516","SARS-CoV-2 Infection","5/548","67/8368",0.449201135249975,0.868357751820076,0.739266710229095,"2931/6484/1603/85437/6233",5,"down","Reactome","Anelloviridae.pbmc",FALSE
"R-HSA-53577691","R-HSA-5357769","Caspase activation via extrinsic apoptotic signalling pathway","2/548","23/8368",0.450174939759355,0.868357751820076,0.739266710229095,"8797/1613",2,"down","Reactome","Anelloviridae.pbmc",FALSE
"R-HSA-5654733","R-HSA-5654733","Negative regulation of FGFR4 signaling","2/548","23/8368",0.450174939759355,0.868357751820076,0.739266710229095,"5516/6233",2,"down","Reactome","Anelloviridae.pbmc",FALSE
"R-HSA-9660826","R-HSA-9660826","Purinergic signaling in leishmaniasis infection","2/548","23/8368",0.450174939759355,0.868357751820076,0.739266710229095,"3326/4907",2,"down","Reactome","Anelloviridae.pbmc",FALSE
"R-HSA-9664424","R-HSA-9664424","Cell recruitment (pro-inflammatory response)","2/548","23/8368",0.450174939759355,0.868357751820076,0.739266710229095,"3326/4907",2,"down","Reactome","Anelloviridae.pbmc",FALSE
"R-HSA-6811558","R-HSA-6811558","PI5P, PP2A and IER3 Regulate PI3K/AKT Signaling","6/548","82/8368",0.451086605293426,0.868646503436665,0.739512535705083,"5526/5516/90865/8394/685/3932",6,"down","Reactome","Anelloviridae.pbmc",FALSE
"R-HSA-3737521","R-HSA-373752","Netrin-1 signaling","3/548","38/8368",0.457733456636559,0.875229559689537,0.745116947399588,"9353/4651/5600",3,"down","Reactome","Anelloviridae.pbmc",FALSE
"R-HSA-3803201","R-HSA-380320","Recruitment of NuMA to mitotic centrosomes","6/548","83/8368",0.462840219835463,0.875229559689537,0.745116947399588,"8655/7531/11258/29922/440145/1454",6,"down","Reactome","Anelloviridae.pbmc",FALSE
"R-HSA-14828391","R-HSA-1482839","Acyl chain remodelling of PE","2/548","24/8368",0.472439861198068,0.875229559689537,0.745116947399588,"63874/11145",2,"down","Reactome","Anelloviridae.pbmc",FALSE
"R-HSA-166208","R-HSA-166208","mTORC1-mediated signalling","2/548","24/8368",0.472439861198068,0.875229559689537,0.745116947399588,"6194/84335",2,"down","Reactome","Anelloviridae.pbmc",FALSE
"R-HSA-1740481","R-HSA-174048","APC/C:Cdc20 mediated degradation of Cyclin B","2/548","24/8368",0.472439861198068,0.875229559689537,0.745116947399588,"6233/119504",2,"down","Reactome","Anelloviridae.pbmc",FALSE
"R-HSA-191273","R-HSA-191273","Cholesterol biosynthesis","2/548","24/8368",0.472439861198068,0.875229559689537,0.745116947399588,"6309/64801",2,"down","Reactome","Anelloviridae.pbmc",FALSE
"R-HSA-5654726","R-HSA-5654726","Negative regulation of FGFR1 signaling","2/548","24/8368",0.472439861198068,0.875229559689537,0.745116947399588,"5516/6233",2,"down","Reactome","Anelloviridae.pbmc",FALSE
"R-HSA-9664565","R-HSA-9664565","Signaling by ERBB2 KD Mutants","2/548","24/8368",0.472439861198068,0.875229559689537,0.745116947399588,"6464/685",2,"down","Reactome","Anelloviridae.pbmc",FALSE
"R-HSA-110313","R-HSA-110313","Translesion synthesis by Y family DNA polymerases bypasses lesions on DNA template","3/548","39/8368",0.475015273054937,0.875229559689537,0.745116947399588,"6119/5111/6233",3,"down","Reactome","Anelloviridae.pbmc",FALSE
"R-HSA-3769402","R-HSA-3769402","Deactivation of the beta-catenin transactivating complex","3/548","39/8368",0.475015273054937,0.875229559689537,0.745116947399588,"7091/6233/6934",3,"down","Reactome","Anelloviridae.pbmc",FALSE
"R-HSA-5654736","R-HSA-5654736","Signaling by FGFR1","3/548","39/8368",0.475015273054937,0.875229559689537,0.745116947399588,"5516/6233/6464",3,"down","Reactome","Anelloviridae.pbmc",FALSE
"R-HSA-4253661","R-HSA-425366","Transport of bile salts and organic acids, metal ions and amine compounds","4/548","54/8368",0.475411881077676,0.875229559689537,0.745116947399588,"204962/64924/64849/133418",4,"down","Reactome","Anelloviridae.pbmc",FALSE
"R-HSA-2565942","R-HSA-2565942","Regulation of PLK1 Activity at G2/M Transition","6/548","85/8368",0.486144541394429,0.875229559689537,0.745116947399588,"8655/7531/6500/11258/6233/1454",6,"down","Reactome","Anelloviridae.pbmc",FALSE
"R-HSA-1655829","R-HSA-1655829","Regulation of cholesterol biosynthesis by SREBP (SREBF)","4/548","55/8368",0.489883194587133,0.875229559689537,0.745116947399588,"4802/6309/5901/23054",4,"down","Reactome","Anelloviridae.pbmc",FALSE
"R-HSA-111932","R-HSA-111932","CaMK IV-mediated phosphorylation of CREB","1/548","10/8368",0.492206631851307,0.875229559689537,0.745116947399588,"805",1,"down","Reactome","Anelloviridae.pbmc",FALSE
"R-HSA-112308","R-HSA-112308","Presynaptic depolarization and calcium channel opening","1/548","10/8368",0.492206631851307,0.875229559689537,0.745116947399588,"27092",1,"down","Reactome","Anelloviridae.pbmc",FALSE
"R-HSA-164940","R-HSA-164940","Nef mediated downregulation of MHC class I complex cell surface expression","1/548","10/8368",0.492206631851307,0.875229559689537,0.745116947399588,"567",1,"down","Reactome","Anelloviridae.pbmc",FALSE
"R-HSA-196791","R-HSA-196791","Vitamin D (calciferol) metabolism","1/548","10/8368",0.492206631851307,0.875229559689537,0.745116947399588,"6613",1,"down","Reactome","Anelloviridae.pbmc",FALSE
"R-HSA-211935","R-HSA-211935","Fatty acids","1/548","10/8368",0.492206631851307,0.875229559689537,0.745116947399588,"1555",1,"down","Reactome","Anelloviridae.pbmc",FALSE
"R-HSA-264642","R-HSA-264642","Acetylcholine Neurotransmitter Release Cycle","1/548","10/8368",0.492206631851307,0.875229559689537,0.745116947399588,"6804",1,"down","Reactome","Anelloviridae.pbmc",FALSE
"R-HSA-3215018","R-HSA-3215018","Processing and activation of SUMO","1/548","10/8368",0.492206631851307,0.875229559689537,0.745116947399588,"6613",1,"down","Reactome","Anelloviridae.pbmc",FALSE
"R-HSA-381183","R-HSA-381183","ATF6 (ATF6-alpha) activates chaperone genes","1/548","10/8368",0.492206631851307,0.875229559689537,0.745116947399588,"4802",1,"down","Reactome","Anelloviridae.pbmc",FALSE
"R-HSA-389359","R-HSA-389359","CD28 dependent Vav1 pathway","1/548","10/8368",0.492206631851307,0.875229559689537,0.745116947399588,"3932",1,"down","Reactome","Anelloviridae.pbmc",FALSE
"R-HSA-399997","R-HSA-399997","Acetylcholine regulates insulin secretion","1/548","10/8368",0.492206631851307,0.875229559689537,0.745116947399588,"2769",1,"down","Reactome","Anelloviridae.pbmc",FALSE
"R-HSA-400451","R-HSA-400451","Free fatty acids regulate insulin secretion","1/548","10/8368",0.492206631851307,0.875229559689537,0.745116947399588,"2769",1,"down","Reactome","Anelloviridae.pbmc",FALSE
"R-HSA-4220851","R-HSA-422085","Synthesis, secretion, and deacylation of Ghrelin","1/548","10/8368",0.492206631851307,0.875229559689537,0.745116947399588,"90701",1,"down","Reactome","Anelloviridae.pbmc",FALSE
"R-HSA-438066","R-HSA-438066","Unblocking of NMDA receptors, glutamate binding and activation","1/548","10/8368",0.492206631851307,0.875229559689537,0.745116947399588,"805",1,"down","Reactome","Anelloviridae.pbmc",FALSE
"R-HSA-450341","R-HSA-450341","Activation of the AP-1 family of transcription factors","1/548","10/8368",0.492206631851307,0.875229559689537,0.745116947399588,"5600",1,"down","Reactome","Anelloviridae.pbmc",FALSE
"R-HSA-55768931","R-HSA-5576893","Phase 2 - plateau phase","1/548","10/8368",0.492206631851307,0.875229559689537,0.745116947399588,"27092",1,"down","Reactome","Anelloviridae.pbmc",FALSE
"R-HSA-5685939","R-HSA-5685939","HDR through MMEJ (alt-NHEJ)","1/548","10/8368",0.492206631851307,0.875229559689537,0.745116947399588,"10038",1,"down","Reactome","Anelloviridae.pbmc",FALSE
"R-HSA-5686938","R-HSA-5686938","Regulation of TLR by endogenous ligand","1/548","10/8368",0.492206631851307,0.875229559689537,0.745116947399588,"3146",1,"down","Reactome","Anelloviridae.pbmc",FALSE
"R-HSA-736141","R-HSA-73614","Pyrimidine salvage","1/548","10/8368",0.492206631851307,0.875229559689537,0.745116947399588,"1633",1,"down","Reactome","Anelloviridae.pbmc",FALSE
"R-HSA-77286","R-HSA-77286","mitochondrial fatty acid beta-oxidation of saturated fatty acids","1/548","10/8368",0.492206631851307,0.875229559689537,0.745116947399588,"34",1,"down","Reactome","Anelloviridae.pbmc",FALSE
"R-HSA-8875656","R-HSA-8875656","MET receptor recycling","1/548","10/8368",0.492206631851307,0.875229559689537,0.745116947399588,"23163",1,"down","Reactome","Anelloviridae.pbmc",FALSE
"R-HSA-1227990","R-HSA-1227990","Signaling by ERBB2 in Cancer","2/548","25/8368",0.494152545017204,0.875229559689537,0.745116947399588,"6464/685",2,"down","Reactome","Anelloviridae.pbmc",FALSE
"R-HSA-180024","R-HSA-180024","DARPP-32 events","2/548","25/8368",0.494152545017204,0.875229559689537,0.745116947399588,"5516/805",2,"down","Reactome","Anelloviridae.pbmc",FALSE
"R-HSA-6803529","R-HSA-6803529","FGFR2 alternative splicing","2/548","25/8368",0.494152545017204,0.875229559689537,0.745116947399588,"5440/5436",2,"down","Reactome","Anelloviridae.pbmc",FALSE
"R-HSA-9013507","R-HSA-9013507","NOTCH3 Activation and Transmission of Signal to the Nucleus","2/548","25/8368",0.494152545017204,0.875229559689537,0.745116947399588,"5664/6233",2,"down","Reactome","Anelloviridae.pbmc",FALSE
"R-HSA-9648002","R-HSA-9648002","RAS processing","2/548","25/8368",0.494152545017204,0.875229559689537,0.745116947399588,"805/6233",2,"down","Reactome","Anelloviridae.pbmc",FALSE
"R-HSA-26446021","R-HSA-2644602","Signaling by NOTCH1 PEST Domain Mutants in Cancer","4/548","56/8368",0.504187759046005,0.875229559689537,0.745116947399588,"9978/6500/5664/6233",4,"down","Reactome","Anelloviridae.pbmc",FALSE
"R-HSA-26446031","R-HSA-2644603","Signaling by NOTCH1 in Cancer","4/548","56/8368",0.504187759046005,0.875229559689537,0.745116947399588,"9978/6500/5664/6233",4,"down","Reactome","Anelloviridae.pbmc",FALSE
"R-HSA-26446061","R-HSA-2644606","Constitutive Signaling by NOTCH1 PEST Domain Mutants","4/548","56/8368",0.504187759046005,0.875229559689537,0.745116947399588,"9978/6500/5664/6233",4,"down","Reactome","Anelloviridae.pbmc",FALSE
"R-HSA-28948581","R-HSA-2894858","Signaling by NOTCH1 HD+PEST Domain Mutants in Cancer","4/548","56/8368",0.504187759046005,0.875229559689537,0.745116947399588,"9978/6500/5664/6233",4,"down","Reactome","Anelloviridae.pbmc",FALSE
"R-HSA-28948621","R-HSA-2894862","Constitutive Signaling by NOTCH1 HD+PEST Domain Mutants","4/548","56/8368",0.504187759046005,0.875229559689537,0.745116947399588,"9978/6500/5664/6233",4,"down","Reactome","Anelloviridae.pbmc",FALSE
"R-HSA-16606611","R-HSA-1660661","Sphingolipid de novo biosynthesis","3/548","41/8368",0.508786603109027,0.875229559689537,0.745116947399588,"56848/9218/142891",3,"down","Reactome","Anelloviridae.pbmc",FALSE
"R-HSA-68078781","R-HSA-6807878","COPI-mediated anterograde transport","6/548","87/8368",0.50912285569393,0.875229559689537,0.745116947399588,"966/8655/1315/55860/11258/6811",6,"down","Reactome","Anelloviridae.pbmc",FALSE
"R-HSA-190236","R-HSA-190236","Signaling by FGFR","5/548","72/8368",0.513190765100266,0.875229559689537,0.745116947399588,"5516/6233/5440/6464/5436",5,"down","Reactome","Anelloviridae.pbmc",FALSE
"R-HSA-89392111","R-HSA-8939211","ESR-mediated signaling","13/548","195/8368",0.515289068094727,0.875229559689537,0.745116947399588,"3326/27161/23030/805/5440/3017/6464/5436/685/8347/8349/85236/8353",13,"down","Reactome","Anelloviridae.pbmc",FALSE
"R-HSA-14831911","R-HSA-1483191","Synthesis of PC","2/548","26/8368",0.51528975032627,0.875229559689537,0.745116947399588,"1120/204962",2,"down","Reactome","Anelloviridae.pbmc",FALSE
"R-HSA-1638074","R-HSA-1638074","Keratan sulfate/keratin metabolism","2/548","26/8368",0.51528975032627,0.875229559689537,0.745116947399588,"3074/6484",2,"down","Reactome","Anelloviridae.pbmc",FALSE
"R-HSA-1794091","R-HSA-179409","APC-Cdc20 mediated degradation of Nek2A","2/548","26/8368",0.51528975032627,0.875229559689537,0.745116947399588,"6233/119504",2,"down","Reactome","Anelloviridae.pbmc",FALSE
"R-HSA-390918","R-HSA-390918","Peroxisomal lipid metabolism","2/548","26/8368",0.51528975032627,0.875229559689537,0.745116947399588,"30/1962",2,"down","Reactome","Anelloviridae.pbmc",FALSE
"R-HSA-55790291","R-HSA-5579029","Metabolic disorders of biological oxidation enzymes","2/548","26/8368",0.51528975032627,0.875229559689537,0.745116947399588,"113612/54657",2,"down","Reactome","Anelloviridae.pbmc",FALSE
"R-HSA-6784531","R-HSA-6784531","tRNA processing in the nucleus","4/548","57/8368",0.518312824820709,0.875229559689537,0.745116947399588,"10799/5901/129401/51367",4,"down","Reactome","Anelloviridae.pbmc",FALSE
"R-HSA-72187","R-HSA-72187","mRNA 3'-end processing","4/548","57/8368",0.518312824820709,0.875229559689537,0.745116947399588,"6432/80145/11051/1479",4,"down","Reactome","Anelloviridae.pbmc",FALSE
"R-HSA-381119","R-HSA-381119","Unfolded Protein Response (UPR)","6/548","88/8368",0.520470401007719,0.875229559689537,0.745116947399588,"4802/5526/2931/27230/6464/2135",6,"down","Reactome","Anelloviridae.pbmc",FALSE
"R-HSA-168325","R-HSA-168325","Viral Messenger RNA Synthesis","3/548","42/8368",0.525240427418439,0.875229559689537,0.745116947399588,"5440/129401/5436",3,"down","Reactome","Anelloviridae.pbmc",FALSE
"R-HSA-2426168","R-HSA-2426168","Activation of gene expression by SREBF (SREBP)","3/548","42/8368",0.525240427418439,0.875229559689537,0.745116947399588,"4802/6309/23054",3,"down","Reactome","Anelloviridae.pbmc",FALSE
"R-HSA-6811438","R-HSA-6811438","Intra-Golgi traffic","3/548","42/8368",0.525240427418439,0.875229559689537,0.745116947399588,"9267/8675/6811",3,"down","Reactome","Anelloviridae.pbmc",FALSE
"R-HSA-936837","R-HSA-936837","Ion transport by P-type ATPases","3/548","42/8368",0.525240427418439,0.875229559689537,0.745116947399588,"23200/6717/805",3,"down","Reactome","Anelloviridae.pbmc",FALSE
"R-HSA-111458","R-HSA-111458","Formation of apoptosome","1/548","11/8368",0.525500573672973,0.875229559689537,0.745116947399588,"54205",1,"down","Reactome","Anelloviridae.pbmc",FALSE
"R-HSA-11811501","R-HSA-1181150","Signaling by NODAL","1/548","11/8368",0.525500573672973,0.875229559689537,0.745116947399588,"10589",1,"down","Reactome","Anelloviridae.pbmc",FALSE
"R-HSA-12369771","R-HSA-1236977","Endosomal/Vacuolar pathway","1/548","11/8368",0.525500573672973,0.875229559689537,0.745116947399588,"567",1,"down","Reactome","Anelloviridae.pbmc",FALSE
"R-HSA-14829221","R-HSA-1482922","Acyl chain remodelling of PI","1/548","11/8368",0.525500573672973,0.875229559689537,0.745116947399588,"11145",1,"down","Reactome","Anelloviridae.pbmc",FALSE
"R-HSA-1660517","R-HSA-1660517","Synthesis of PIPs at the late endosome membrane","1/548","11/8368",0.525500573672973,0.875229559689537,0.745116947399588,"9108",1,"down","Reactome","Anelloviridae.pbmc",FALSE
"R-HSA-170670","R-HSA-170670","Adenylate cyclase inhibitory pathway","1/548","11/8368",0.525500573672973,0.875229559689537,0.745116947399588,"108",1,"down","Reactome","Anelloviridae.pbmc",FALSE
"R-HSA-181429","R-HSA-181429","Serotonin Neurotransmitter Release Cycle","1/548","11/8368",0.525500573672973,0.875229559689537,0.745116947399588,"6804",1,"down","Reactome","Anelloviridae.pbmc",FALSE
"R-HSA-189451","R-HSA-189451","Heme biosynthesis","1/548","11/8368",0.525500573672973,0.875229559689537,0.745116947399588,"28982",1,"down","Reactome","Anelloviridae.pbmc",FALSE
"R-HSA-193692","R-HSA-193692","Regulated proteolysis of p75NTR","1/548","11/8368",0.525500573672973,0.875229559689537,0.745116947399588,"5664",1,"down","Reactome","Anelloviridae.pbmc",FALSE
"R-HSA-2022377","R-HSA-2022377","Metabolism of Angiotensinogen to Angiotensins","1/548","11/8368",0.525500573672973,0.875229559689537,0.745116947399588,"10159",1,"down","Reactome","Anelloviridae.pbmc",FALSE
"R-HSA-2024101","R-HSA-2024101","CS/DS degradation","1/548","11/8368",0.525500573672973,0.875229559689537,0.745116947399588,"3074",1,"down","Reactome","Anelloviridae.pbmc",FALSE
"R-HSA-2025928","R-HSA-2025928","Calcineurin activates NFAT","1/548","11/8368",0.525500573672973,0.875229559689537,0.745116947399588,"805",1,"down","Reactome","Anelloviridae.pbmc",FALSE
"R-HSA-2046104","R-HSA-2046104","alpha-linolenic (omega3) and linoleic (omega6) acid metabolism","1/548","11/8368",0.525500573672973,0.875229559689537,0.745116947399588,"30",1,"down","Reactome","Anelloviridae.pbmc",FALSE
"R-HSA-2046106","R-HSA-2046106","alpha-linolenic acid (ALA) metabolism","1/548","11/8368",0.525500573672973,0.875229559689537,0.745116947399588,"30",1,"down","Reactome","Anelloviridae.pbmc",FALSE
"R-HSA-2160916","R-HSA-2160916","Hyaluronan uptake and degradation","1/548","11/8368",0.525500573672973,0.875229559689537,0.745116947399588,"3074",1,"down","Reactome","Anelloviridae.pbmc",FALSE
"R-HSA-264870","R-HSA-264870","Caspase-mediated cleavage of cytoskeletal proteins","1/548","11/8368",0.525500573672973,0.875229559689537,0.745116947399588,"28988",1,"down","Reactome","Anelloviridae.pbmc",FALSE
"R-HSA-3371378","R-HSA-3371378","Regulation by c-FLIP","1/548","11/8368",0.525500573672973,0.875229559689537,0.745116947399588,"8797",1,"down","Reactome","Anelloviridae.pbmc",FALSE
"R-HSA-4194081","R-HSA-419408","Lysosphingolipid and LPA receptors","1/548","11/8368",0.525500573672973,0.875229559689537,0.745116947399588,"23566",1,"down","Reactome","Anelloviridae.pbmc",FALSE
"R-HSA-428540","R-HSA-428540","Activation of RAC1","1/548","11/8368",0.525500573672973,0.875229559689537,0.745116947399588,"9353",1,"down","Reactome","Anelloviridae.pbmc",FALSE
"R-HSA-442720","R-HSA-442720","CREB1 phosphorylation through the activation of Adenylate Cyclase","1/548","11/8368",0.525500573672973,0.875229559689537,0.745116947399588,"805",1,"down","Reactome","Anelloviridae.pbmc",FALSE
"R-HSA-5218900","R-HSA-5218900","CASP8 activity is inhibited","1/548","11/8368",0.525500573672973,0.875229559689537,0.745116947399588,"8797",1,"down","Reactome","Anelloviridae.pbmc",FALSE
"R-HSA-5654699","R-HSA-5654699","SHC-mediated cascade:FGFR2","1/548","11/8368",0.525500573672973,0.875229559689537,0.745116947399588,"6464",1,"down","Reactome","Anelloviridae.pbmc",FALSE
"R-HSA-5654704","R-HSA-5654704","SHC-mediated cascade:FGFR3","1/548","11/8368",0.525500573672973,0.875229559689537,0.745116947399588,"6464",1,"down","Reactome","Anelloviridae.pbmc",FALSE
"R-HSA-5689877","R-HSA-5689877","Josephin domain DUBs","1/548","11/8368",0.525500573672973,0.875229559689537,0.745116947399588,"6233",1,"down","Reactome","Anelloviridae.pbmc",FALSE
"R-HSA-69416","R-HSA-69416","Dimerization of procaspase-8","1/548","11/8368",0.525500573672973,0.875229559689537,0.745116947399588,"8797",1,"down","Reactome","Anelloviridae.pbmc",FALSE
"R-HSA-8851805","R-HSA-8851805","MET activates RAS signaling","1/548","11/8368",0.525500573672973,0.875229559689537,0.745116947399588,"6464",1,"down","Reactome","Anelloviridae.pbmc",FALSE
"R-HSA-9013700","R-HSA-9013700","NOTCH4 Activation and Transmission of Signal to the Nucleus","1/548","11/8368",0.525500573672973,0.875229559689537,0.745116947399588,"5664",1,"down","Reactome","Anelloviridae.pbmc",FALSE
"R-HSA-9627069","R-HSA-9627069","Regulation of the apoptosome activity","1/548","11/8368",0.525500573672973,0.875229559689537,0.745116947399588,"54205",1,"down","Reactome","Anelloviridae.pbmc",FALSE
"R-HSA-9634285","R-HSA-9634285","Constitutive Signaling by Overexpressed ERBB2","1/548","11/8368",0.525500573672973,0.875229559689537,0.745116947399588,"6464",1,"down","Reactome","Anelloviridae.pbmc",FALSE
"R-HSA-9634600","R-HSA-9634600","Regulation of glycolysis by fructose 2,6-bisphosphate metabolism","1/548","11/8368",0.525500573672973,0.875229559689537,0.745116947399588,"5516",1,"down","Reactome","Anelloviridae.pbmc",FALSE
"R-HSA-9664873","R-HSA-9664873","Pexophagy","1/548","11/8368",0.525500573672973,0.875229559689537,0.745116947399588,"6233",1,"down","Reactome","Anelloviridae.pbmc",FALSE
"R-HSA-6806834","R-HSA-6806834","Signaling by MET","5/548","73/8368",0.525632178666437,0.875229559689537,0.745116947399588,"10254/23163/6455/6233/6464",5,"down","Reactome","Anelloviridae.pbmc",FALSE
"R-HSA-19897811","R-HSA-1989781","PPARA activates gene expression","7/548","104/8368",0.526661784780681,0.875229559689537,0.745116947399588,"4802/9441/10891/34/3158/23054/54600",7,"down","Reactome","Anelloviridae.pbmc",FALSE
"R-HSA-199418","R-HSA-199418","Negative regulation of the PI3K/AKT network","6/548","89/8368",0.53171398824966,0.875229559689537,0.745116947399588,"5526/5516/90865/8394/685/3932",6,"down","Reactome","Anelloviridae.pbmc",FALSE
"R-HSA-15381331","R-HSA-1538133","G0 and Early G1","2/548","27/8368",0.535833634130282,0.875229559689537,0.745116947399588,"5111/7027",2,"down","Reactome","Anelloviridae.pbmc",FALSE
"R-HSA-164952","R-HSA-164952","The role of Nef in HIV-1 replication and disease pathogenesis","2/548","27/8368",0.535833634130282,0.875229559689537,0.745116947399588,"567/3932",2,"down","Reactome","Anelloviridae.pbmc",FALSE
"R-HSA-18552041","R-HSA-1855204","Synthesis of IP3 and IP4 in the cytosol","2/548","27/8368",0.535833634130282,0.875229559689537,0.745116947399588,"80271/805",2,"down","Reactome","Anelloviridae.pbmc",FALSE
"R-HSA-46412621","R-HSA-4641262","Disassembly of the destruction complex and recruitment of AXIN to the membrane","2/548","27/8368",0.535833634130282,0.875229559689537,0.745116947399588,"5526/5516",2,"down","Reactome","Anelloviridae.pbmc",FALSE
"R-HSA-5218920","R-HSA-5218920","VEGFR2 mediated vascular permeability","2/548","27/8368",0.535833634130282,0.875229559689537,0.745116947399588,"805/55615",2,"down","Reactome","Anelloviridae.pbmc",FALSE
"R-HSA-9615933","R-HSA-9615933","Postmitotic nuclear pore complex (NPC) reformation","2/548","27/8368",0.535833634130282,0.875229559689537,0.745116947399588,"5901/129401",2,"down","Reactome","Anelloviridae.pbmc",FALSE
"R-HSA-8854214","R-HSA-8854214","TBC/RABGAPs","3/548","43/8368",0.54138606365422,0.875229559689537,0.745116947399588,"4943/23163/26000",3,"down","Reactome","Anelloviridae.pbmc",FALSE
"R-HSA-9694635","R-HSA-9694635","Translation of structural proteins","3/548","43/8368",0.54138606365422,0.875229559689537,0.745116947399588,"6484/1603/6233",3,"down","Reactome","Anelloviridae.pbmc",FALSE
"R-HSA-96795061","R-HSA-9679506","SARS-CoV Infections","9/548","137/8368",0.546018118698904,0.875229559689537,0.745116947399588,"23186/3326/2931/6484/51185/1603/85437/6233/10280",9,"down","Reactome","Anelloviridae.pbmc",FALSE
"R-HSA-4002061","R-HSA-400206","Regulation of lipid metabolism by PPARalpha","7/548","106/8368",0.547241202216473,0.875229559689537,0.745116947399588,"4802/9441/10891/34/3158/23054/54600",7,"down","Reactome","Anelloviridae.pbmc",FALSE
"R-HSA-55768911","R-HSA-5576891","Cardiac conduction","5/548","75/8368",0.550085764920884,0.875229559689537,0.745116947399588,"6717/27092/9424/2259/805",5,"down","Reactome","Anelloviridae.pbmc",FALSE
"R-HSA-4164761","R-HSA-416476","G alpha (q) signalling events","8/548","122/8368",0.551256080533117,0.875229559689537,0.745116947399588,"5583/2769/4922/2796/5598/2915/23566/5021",8,"down","Reactome","Anelloviridae.pbmc",FALSE
"R-HSA-1999771","R-HSA-199977","ER to Golgi Anterograde Transport","9/548","138/8368",0.554978334760586,0.875229559689537,0.745116947399588,"966/8655/9117/10175/89866/1315/55860/11258/6811",9,"down","Reactome","Anelloviridae.pbmc",FALSE
"R-HSA-499943","R-HSA-499943","Interconversion of nucleotide di- and triphosphates","2/548","28/8368",0.555771146256715,0.875229559689537,0.745116947399588,"51727/2745",2,"down","Reactome","Anelloviridae.pbmc",FALSE
"R-HSA-692051","R-HSA-69205","G1/S-Specific Transcription","2/548","28/8368",0.555771146256715,0.875229559689537,0.745116947399588,"5111/7027",2,"down","Reactome","Anelloviridae.pbmc",FALSE
"R-HSA-8863795","R-HSA-8863795","Downregulation of ERBB2 signaling","2/548","28/8368",0.555771146256715,0.875229559689537,0.745116947399588,"6233/685",2,"down","Reactome","Anelloviridae.pbmc",FALSE
"R-HSA-9683701","R-HSA-9683701","Translation of structural proteins","2/548","28/8368",0.555771146256715,0.875229559689537,0.745116947399588,"6484/6233",2,"down","Reactome","Anelloviridae.pbmc",FALSE
"R-HSA-9694548","R-HSA-9694548","Maturation of spike protein","2/548","28/8368",0.555771146256715,0.875229559689537,0.745116947399588,"6484/1603",2,"down","Reactome","Anelloviridae.pbmc",FALSE
"R-HSA-1474151","R-HSA-1474151","Tetrahydrobiopterin (BH4) synthesis, recycling, salvage and regulation","1/548","12/8368",0.556615290153434,0.875229559689537,0.745116947399588,"805",1,"down","Reactome","Anelloviridae.pbmc",FALSE
"R-HSA-1483213","R-HSA-1483213","Synthesis of PE","1/548","12/8368",0.556615290153434,0.875229559689537,0.745116947399588,"1120",1,"down","Reactome","Anelloviridae.pbmc",FALSE
"R-HSA-15025401","R-HSA-1502540","Signaling by Activin","1/548","12/8368",0.556615290153434,0.875229559689537,0.745116947399588,"10589",1,"down","Reactome","Anelloviridae.pbmc",FALSE
"R-HSA-1614558","R-HSA-1614558","Degradation of cysteine and homocysteine","1/548","12/8368",0.556615290153434,0.875229559689537,0.745116947399588,"100131187",1,"down","Reactome","Anelloviridae.pbmc",FALSE
"R-HSA-16791311","R-HSA-1679131","Trafficking and processing of endosomal TLR","1/548","12/8368",0.556615290153434,0.875229559689537,0.745116947399588,"7098",1,"down","Reactome","Anelloviridae.pbmc",FALSE
"R-HSA-176974","R-HSA-176974","Unwinding of DNA","1/548","12/8368",0.556615290153434,0.875229559689537,0.745116947399588,"4171",1,"down","Reactome","Anelloviridae.pbmc",FALSE
"R-HSA-179812","R-HSA-179812","GRB2 events in EGFR signaling","1/548","12/8368",0.556615290153434,0.875229559689537,0.745116947399588,"685",1,"down","Reactome","Anelloviridae.pbmc",FALSE
"R-HSA-181430","R-HSA-181430","Norepinephrine Neurotransmitter Release Cycle","1/548","12/8368",0.556615290153434,0.875229559689537,0.745116947399588,"6804",1,"down","Reactome","Anelloviridae.pbmc",FALSE
"R-HSA-209543","R-HSA-209543","p75NTR recruits signalling complexes","1/548","12/8368",0.556615290153434,0.875229559689537,0.745116947399588,"6233",1,"down","Reactome","Anelloviridae.pbmc",FALSE
"R-HSA-209560","R-HSA-209560","NF-kB is activated and signals survival","1/548","12/8368",0.556615290153434,0.875229559689537,0.745116947399588,"6233",1,"down","Reactome","Anelloviridae.pbmc",FALSE
"R-HSA-210990","R-HSA-210990","PECAM1 interactions","1/548","12/8368",0.556615290153434,0.875229559689537,0.745116947399588,"3932",1,"down","Reactome","Anelloviridae.pbmc",FALSE
"R-HSA-2453902","R-HSA-2453902","The canonical retinoid cycle in rods (twilight vision)","1/548","12/8368",0.556615290153434,0.875229559689537,0.745116947399588,"5947",1,"down","Reactome","Anelloviridae.pbmc",FALSE
"R-HSA-381033","R-HSA-381033","ATF6 (ATF6-alpha) activates chaperones","1/548","12/8368",0.556615290153434,0.875229559689537,0.745116947399588,"4802",1,"down","Reactome","Anelloviridae.pbmc",FALSE
"R-HSA-399956","R-HSA-399956","CRMPs in Sema3A signaling","1/548","12/8368",0.556615290153434,0.875229559689537,0.745116947399588,"10371",1,"down","Reactome","Anelloviridae.pbmc",FALSE
"R-HSA-5654688","R-HSA-5654688","SHC-mediated cascade:FGFR1","1/548","12/8368",0.556615290153434,0.875229559689537,0.745116947399588,"6464",1,"down","Reactome","Anelloviridae.pbmc",FALSE
"R-HSA-5654719","R-HSA-5654719","SHC-mediated cascade:FGFR4","1/548","12/8368",0.556615290153434,0.875229559689537,0.745116947399588,"6464",1,"down","Reactome","Anelloviridae.pbmc",FALSE
"R-HSA-6803211","R-HSA-6803211","TP53 Regulates Transcription of Death Receptors and Ligands","1/548","12/8368",0.556615290153434,0.875229559689537,0.745116947399588,"8797",1,"down","Reactome","Anelloviridae.pbmc",FALSE
"R-HSA-879415","R-HSA-879415","Advanced glycosylation endproduct receptor signaling","1/548","12/8368",0.556615290153434,0.875229559689537,0.745116947399588,"3146",1,"down","Reactome","Anelloviridae.pbmc",FALSE
"R-HSA-8847993","R-HSA-8847993","ERBB2 Activates PTK6 Signaling","1/548","12/8368",0.556615290153434,0.875229559689537,0.745116947399588,"685",1,"down","Reactome","Anelloviridae.pbmc",FALSE
"R-HSA-888590","R-HSA-888590","GABA synthesis, release, reuptake and degradation","1/548","12/8368",0.556615290153434,0.875229559689537,0.745116947399588,"6804",1,"down","Reactome","Anelloviridae.pbmc",FALSE
"R-HSA-975577","R-HSA-975577","N-Glycan antennae elongation","1/548","12/8368",0.556615290153434,0.875229559689537,0.745116947399588,"6484",1,"down","Reactome","Anelloviridae.pbmc",FALSE
"R-HSA-68029571","R-HSA-6802957","Oncogenic MAPK signaling","5/548","76/8368",0.562082448582906,0.882021428766415,0.750899129568453,"4140/5037/23164/8844/805",5,"down","Reactome","Anelloviridae.pbmc",FALSE
"R-HSA-1937041","R-HSA-193704","p75 NTR receptor-mediated signalling","6/548","92/8368",0.564756160471493,0.882021428766415,0.750899129568453,"65078/7984/7531/57142/5664/6233",6,"down","Reactome","Anelloviridae.pbmc",FALSE
"R-HSA-4570464","R-HSA-4570464","SUMOylation of RNA binding proteins","3/548","45/8368",0.572703560532151,0.882021428766415,0.750899129568453,"129401/648/6613",3,"down","Reactome","Anelloviridae.pbmc",FALSE
"R-HSA-4615885","R-HSA-4615885","SUMOylation of DNA replication proteins","3/548","45/8368",0.572703560532151,0.882021428766415,0.750899129568453,"5111/129401/6613",3,"down","Reactome","Anelloviridae.pbmc",FALSE
"R-HSA-73762","R-HSA-73762","RNA Polymerase I Transcription Initiation","3/548","45/8368",0.572703560532151,0.882021428766415,0.750899129568453,"2967/5440/404672",3,"down","Reactome","Anelloviridae.pbmc",FALSE
"R-HSA-674695","R-HSA-674695","RNA Polymerase II Pre-transcription Events","5/548","77/8368",0.573916369713335,0.882021428766415,0.750899129568453,"9150/2967/5440/5436/404672",5,"down","Reactome","Anelloviridae.pbmc",FALSE
"R-HSA-5213460","R-HSA-5213460","RIPK1-mediated regulated necrosis","2/548","29/8368",0.57509348015127,0.882021428766415,0.750899129568453,"8797/6233",2,"down","Reactome","Anelloviridae.pbmc",FALSE
"R-HSA-5218859","R-HSA-5218859","Regulated Necrosis","2/548","29/8368",0.57509348015127,0.882021428766415,0.750899129568453,"8797/6233",2,"down","Reactome","Anelloviridae.pbmc",FALSE
"R-HSA-5675482","R-HSA-5675482","Regulation of necroptotic cell death","2/548","29/8368",0.57509348015127,0.882021428766415,0.750899129568453,"8797/6233",2,"down","Reactome","Anelloviridae.pbmc",FALSE
"R-HSA-111461","R-HSA-111461","Cytochrome c-mediated apoptotic response","1/548","13/8368",0.585693176821207,0.882021428766415,0.750899129568453,"54205",1,"down","Reactome","Anelloviridae.pbmc",FALSE
"R-HSA-1187000","R-HSA-1187000","Fertilization","1/548","13/8368",0.585693176821207,0.882021428766415,0.750899129568453,"257062",1,"down","Reactome","Anelloviridae.pbmc",FALSE
"R-HSA-1358803","R-HSA-1358803","Downregulation of ERBB2:ERBB3 signaling","1/548","13/8368",0.585693176821207,0.882021428766415,0.750899129568453,"6233",1,"down","Reactome","Anelloviridae.pbmc",FALSE
"R-HSA-140342","R-HSA-140342","Apoptosis induced DNA fragmentation","1/548","13/8368",0.585693176821207,0.882021428766415,0.750899129568453,"3146",1,"down","Reactome","Anelloviridae.pbmc",FALSE
"R-HSA-171007","R-HSA-171007","p38MAPK events","1/548","13/8368",0.585693176821207,0.882021428766415,0.750899129568453,"5600",1,"down","Reactome","Anelloviridae.pbmc",FALSE
"R-HSA-174490","R-HSA-174490","Membrane binding and targetting of GAG proteins","1/548","13/8368",0.585693176821207,0.882021428766415,0.750899129568453,"6233",1,"down","Reactome","Anelloviridae.pbmc",FALSE
"R-HSA-174495","R-HSA-174495","Synthesis And Processing Of GAG, GAGPOL Polyproteins","1/548","13/8368",0.585693176821207,0.882021428766415,0.750899129568453,"6233",1,"down","Reactome","Anelloviridae.pbmc",FALSE
"R-HSA-1855183","R-HSA-1855183","Synthesis of IP2, IP, and Ins in the cytosol","1/548","13/8368",0.585693176821207,0.882021428766415,0.750899129568453,"9108",1,"down","Reactome","Anelloviridae.pbmc",FALSE
"R-HSA-200425","R-HSA-200425","Carnitine metabolism","1/548","13/8368",0.585693176821207,0.882021428766415,0.750899129568453,"1375",1,"down","Reactome","Anelloviridae.pbmc",FALSE
"R-HSA-203615","R-HSA-203615","eNOS activation","1/548","13/8368",0.585693176821207,0.882021428766415,0.750899129568453,"805",1,"down","Reactome","Anelloviridae.pbmc",FALSE
"R-HSA-2109931","R-HSA-210993","Tie2 Signaling","1/548","13/8368",0.585693176821207,0.882021428766415,0.750899129568453,"6464",1,"down","Reactome","Anelloviridae.pbmc",FALSE
"R-HSA-3134975","R-HSA-3134975","Regulation of innate immune responses to cytosolic DNA","1/548","13/8368",0.585693176821207,0.882021428766415,0.750899129568453,"6233",1,"down","Reactome","Anelloviridae.pbmc",FALSE
"R-HSA-3999551","R-HSA-399955","SEMA3A-Plexin repulsion signaling by inhibiting Integrin adhesion","1/548","13/8368",0.585693176821207,0.882021428766415,0.750899129568453,"10371",1,"down","Reactome","Anelloviridae.pbmc",FALSE
"R-HSA-435354","R-HSA-435354","Zinc transporters","1/548","13/8368",0.585693176821207,0.882021428766415,0.750899129568453,"64924",1,"down","Reactome","Anelloviridae.pbmc",FALSE
"R-HSA-5210891","R-HSA-5210891","Uptake and function of anthrax toxins","1/548","13/8368",0.585693176821207,0.882021428766415,0.750899129568453,"805",1,"down","Reactome","Anelloviridae.pbmc",FALSE
"R-HSA-5607763","R-HSA-5607763","CLEC7A (Dectin-1) induces NFAT activation","1/548","13/8368",0.585693176821207,0.882021428766415,0.750899129568453,"805",1,"down","Reactome","Anelloviridae.pbmc",FALSE
"R-HSA-67884671","R-HSA-6788467","IL-6-type cytokine receptor ligand interactions","1/548","13/8368",0.585693176821207,0.882021428766415,0.750899129568453,"9180",1,"down","Reactome","Anelloviridae.pbmc",FALSE
"R-HSA-71336","R-HSA-71336","Pentose phosphate pathway","1/548","13/8368",0.585693176821207,0.882021428766415,0.750899129568453,"5631",1,"down","Reactome","Anelloviridae.pbmc",FALSE
"R-HSA-75035","R-HSA-75035","Chk1/Chk2(Cds1) mediated inactivation of Cyclin B:Cdk1 complex","1/548","13/8368",0.585693176821207,0.882021428766415,0.750899129568453,"7531",1,"down","Reactome","Anelloviridae.pbmc",FALSE
"R-HSA-8849932","R-HSA-8849932","Synaptic adhesion-like molecules","1/548","13/8368",0.585693176821207,0.882021428766415,0.750899129568453,"79414",1,"down","Reactome","Anelloviridae.pbmc",FALSE
"R-HSA-9027284","R-HSA-9027284","Erythropoietin activates RAS","1/548","13/8368",0.585693176821207,0.882021428766415,0.750899129568453,"6464",1,"down","Reactome","Anelloviridae.pbmc",FALSE
"R-HSA-9620244","R-HSA-9620244","Long-term potentiation","1/548","13/8368",0.585693176821207,0.882021428766415,0.750899129568453,"805",1,"down","Reactome","Anelloviridae.pbmc",FALSE
"R-HSA-9637687","R-HSA-9637687","Suppression of phagosomal maturation","1/548","13/8368",0.585693176821207,0.882021428766415,0.750899129568453,"6233",1,"down","Reactome","Anelloviridae.pbmc",FALSE
"R-HSA-14832491","R-HSA-1483249","Inositol phosphate metabolism","3/548","46/8368",0.587855293424178,0.884109544199951,0.752676823409376,"9108/80271/805",3,"down","Reactome","Anelloviridae.pbmc",FALSE
"R-HSA-389356","R-HSA-389356","CD28 co-stimulation","2/548","30/8368",0.593795574840458,0.885511747000796,0.753870573162266,"3932/55615",2,"down","Reactome","Anelloviridae.pbmc",FALSE
"R-HSA-5357956","R-HSA-5357956","TNFR1-induced NFkappaB signaling pathway","2/548","30/8368",0.593795574840458,0.885511747000796,0.753870573162266,"6233/257397",2,"down","Reactome","Anelloviridae.pbmc",FALSE
"R-HSA-5655253","R-HSA-5655253","Signaling by FGFR2 in disease","2/548","30/8368",0.593795574840458,0.885511747000796,0.753870573162266,"5440/5436",2,"down","Reactome","Anelloviridae.pbmc",FALSE
"R-HSA-4281571","R-HSA-428157","Sphingolipid metabolism","5/548","79/8368",0.597071251123434,0.885511747000796,0.753870573162266,"3074/2581/56848/9218/142891",5,"down","Reactome","Anelloviridae.pbmc",FALSE
"R-HSA-3730761","R-HSA-373076","Class A/1 (Rhodopsin-like receptors)","9/548","143/8368",0.598640525399375,0.885511747000796,0.753870573162266,"6361/4922/1238/2796/3627/23566/10663/5021/6352",9,"down","Reactome","Anelloviridae.pbmc",FALSE
"R-HSA-1631251","R-HSA-163125","Post-translational modification: synthesis of GPI-anchored proteins","4/548","63/8368",0.598708230518395,0.885511747000796,0.753870573162266,"5279/10026/53942/5281",4,"down","Reactome","Anelloviridae.pbmc",FALSE
"R-HSA-96096901","R-HSA-9609690","HCMV Early Events","7/548","112/8368",0.606522301121066,0.885511747000796,0.753870573162266,"8655/3017/129401/8347/8349/85236/8353",7,"down","Reactome","Anelloviridae.pbmc",FALSE
"R-HSA-32148471","R-HSA-3214847","HATs acetylate histones","8/548","128/8368",0.60662904270992,0.885511747000796,0.753870573162266,"9643/3017/64769/23587/8347/8349/85236/8353",8,"down","Reactome","Anelloviridae.pbmc",FALSE
"R-HSA-162587","R-HSA-162587","HIV Life Cycle","9/548","144/8368",0.607123486396754,0.885511747000796,0.753870573162266,"9150/2967/5901/6233/5440/129401/5436/8815/404672",9,"down","Reactome","Anelloviridae.pbmc",FALSE
"R-HSA-32148581","R-HSA-3214858","RMTs methylate histone arginines","4/548","64/8368",0.611304192341339,0.885511747000796,0.753870573162266,"6605/55352/10196/8353",4,"down","Reactome","Anelloviridae.pbmc",FALSE
"R-HSA-111933","R-HSA-111933","Calmodulin induced events","2/548","31/8368",0.611875663733621,0.885511747000796,0.753870573162266,"108/805",2,"down","Reactome","Anelloviridae.pbmc",FALSE
"R-HSA-111997","R-HSA-111997","CaM pathway","2/548","31/8368",0.611875663733621,0.885511747000796,0.753870573162266,"108/805",2,"down","Reactome","Anelloviridae.pbmc",FALSE
"R-HSA-168333","R-HSA-168333","NEP/NS2 Interacts with the Cellular Export Machinery","2/548","31/8368",0.611875663733621,0.885511747000796,0.753870573162266,"5901/129401",2,"down","Reactome","Anelloviridae.pbmc",FALSE
"R-HSA-187687","R-HSA-187687","Signalling to ERKs","2/548","31/8368",0.611875663733621,0.885511747000796,0.753870573162266,"6464/5600",2,"down","Reactome","Anelloviridae.pbmc",FALSE
"R-HSA-1980145","R-HSA-1980145","Signaling by NOTCH2","2/548","31/8368",0.611875663733621,0.885511747000796,0.753870573162266,"5664/6233",2,"down","Reactome","Anelloviridae.pbmc",FALSE
"R-HSA-2173796","R-HSA-2173796","SMAD2/SMAD3:SMAD4 heterotrimer regulates transcription","2/548","31/8368",0.611875663733621,0.885511747000796,0.753870573162266,"6233/7027",2,"down","Reactome","Anelloviridae.pbmc",FALSE
"R-HSA-90226921","R-HSA-9022692","Regulation of MECP2 expression and activity","2/548","31/8368",0.611875663733621,0.885511747000796,0.753870573162266,"27161/805",2,"down","Reactome","Anelloviridae.pbmc",FALSE
"R-HSA-917729","R-HSA-917729","Endosomal Sorting Complex Required For Transport (ESCRT)","2/548","31/8368",0.611875663733621,0.885511747000796,0.753870573162266,"10254/6233",2,"down","Reactome","Anelloviridae.pbmc",FALSE
"R-HSA-162594","R-HSA-162594","Early Phase of HIV Life Cycle","1/548","14/8368",0.612867340687393,0.885511747000796,0.753870573162266,"8815",1,"down","Reactome","Anelloviridae.pbmc",FALSE
"R-HSA-164378","R-HSA-164378","PKA activation in glucagon signalling","1/548","14/8368",0.612867340687393,0.885511747000796,0.753870573162266,"108",1,"down","Reactome","Anelloviridae.pbmc",FALSE
"R-HSA-2730905","R-HSA-2730905","Role of LAT2/NTAL/LAB on calcium mobilization","1/548","14/8368",0.612867340687393,0.885511747000796,0.753870573162266,"6464",1,"down","Reactome","Anelloviridae.pbmc",FALSE
"R-HSA-3229121","R-HSA-3229121","Glycogen storage diseases","1/548","14/8368",0.612867340687393,0.885511747000796,0.753870573162266,"6233",1,"down","Reactome","Anelloviridae.pbmc",FALSE
"R-HSA-5676594","R-HSA-5676594","TNF receptor superfamily (TNFSF) members mediating non-canonical NF-kB pathway","1/548","14/8368",0.612867340687393,0.885511747000796,0.753870573162266,"4055",1,"down","Reactome","Anelloviridae.pbmc",FALSE
"R-HSA-68041161","R-HSA-6804116","TP53 Regulates Transcription of Genes Involved in G1 Cell Cycle Arrest","1/548","14/8368",0.612867340687393,0.885511747000796,0.753870573162266,"79733",1,"down","Reactome","Anelloviridae.pbmc",FALSE
"R-HSA-8983432","R-HSA-8983432","Interleukin-15 signaling","1/548","14/8368",0.612867340687393,0.885511747000796,0.753870573162266,"6464",1,"down","Reactome","Anelloviridae.pbmc",FALSE
"R-HSA-90058911","R-HSA-9005891","Loss of function of MECP2 in Rett syndrome","1/548","14/8368",0.612867340687393,0.885511747000796,0.753870573162266,"805",1,"down","Reactome","Anelloviridae.pbmc",FALSE
"R-HSA-90058951","R-HSA-9005895","Pervasive developmental disorders","1/548","14/8368",0.612867340687393,0.885511747000796,0.753870573162266,"805",1,"down","Reactome","Anelloviridae.pbmc",FALSE
"R-HSA-9037629","R-HSA-9037629","Lewis blood group biosynthesis","1/548","14/8368",0.612867340687393,0.885511747000796,0.753870573162266,"6484",1,"down","Reactome","Anelloviridae.pbmc",FALSE
"R-HSA-9617324","R-HSA-9617324","Negative regulation of NMDA receptor-mediated neuronal transmission","1/548","14/8368",0.612867340687393,0.885511747000796,0.753870573162266,"805",1,"down","Reactome","Anelloviridae.pbmc",FALSE
"R-HSA-96751511","R-HSA-9675151","Disorders of Developmental Biology","1/548","14/8368",0.612867340687393,0.885511747000796,0.753870573162266,"805",1,"down","Reactome","Anelloviridae.pbmc",FALSE
"R-HSA-96971541","R-HSA-9697154","Disorders of Nervous System Development","1/548","14/8368",0.612867340687393,0.885511747000796,0.753870573162266,"805",1,"down","Reactome","Anelloviridae.pbmc",FALSE
"R-HSA-2219528","R-HSA-2219528","PI3K/AKT Signaling in Cancer","5/548","81/8368",0.619506509559238,0.891551793524323,0.75901269956549,"2931/685/3932/55615/84335",5,"down","Reactome","Anelloviridae.pbmc",FALSE
"R-HSA-14832571","R-HSA-1483257","Phospholipid metabolism","12/548","194/8368",0.624451358032069,0.891551793524323,0.75901269956549,"9108/56895/1120/63874/8443/204962/8394/51365/55326/11145/201164/8694",12,"down","Reactome","Anelloviridae.pbmc",FALSE
"R-HSA-198933","R-HSA-198933","Immunoregulatory interactions between a Lymphoid and a non-Lymphoid cell","6/548","98/8368",0.627252567864396,0.891551793524323,0.75901269956549,"3821/10225/925/567/915/916",6,"down","Reactome","Anelloviridae.pbmc",FALSE
"R-HSA-2871809","R-HSA-2871809","FCERI mediated Ca+2 mobilization","2/548","32/8368",0.629334866282761,0.891551793524323,0.75901269956549,"805/6464",2,"down","Reactome","Anelloviridae.pbmc",FALSE
"R-HSA-5689901","R-HSA-5689901","Metalloprotease DUBs","2/548","32/8368",0.629334866282761,0.891551793524323,0.75901269956549,"10213/6233",2,"down","Reactome","Anelloviridae.pbmc",FALSE
"R-HSA-88536591","R-HSA-8853659","RET signaling","2/548","32/8368",0.629334866282761,0.891551793524323,0.75901269956549,"6464/5598",2,"down","Reactome","Anelloviridae.pbmc",FALSE
"R-HSA-90295691","R-HSA-9029569","NR1H3 & NR1H2 regulate gene expression linked to cholesterol transport and efflux","2/548","32/8368",0.629334866282761,0.891551793524323,0.75901269956549,"27161/347",2,"down","Reactome","Anelloviridae.pbmc",FALSE
"R-HSA-9480211","R-HSA-948021","Transport to the Golgi and subsequent modification","10/548","163/8368",0.631560041605973,0.891551793524323,0.75901269956549,"966/8655/9117/10175/6484/89866/1315/55860/11258/6811",10,"down","Reactome","Anelloviridae.pbmc",FALSE
"R-HSA-162599","R-HSA-162599","Late Phase of HIV Life Cycle","8/548","131/8368",0.632968234242973,0.891551793524323,0.75901269956549,"9150/2967/5901/6233/5440/129401/5436/404672",8,"down","Reactome","Anelloviridae.pbmc",FALSE
"R-HSA-88566881","R-HSA-8856688","Golgi-to-ER retrograde transport","7/548","115/8368",0.634578683434357,0.891551793524323,0.75901269956549,"23095/8655/1315/55860/60561/11258/23299",7,"down","Reactome","Anelloviridae.pbmc",FALSE
"R-HSA-29954101","R-HSA-2995410","Nuclear Envelope (NE) Reassembly","4/548","66/8368",0.635752842080888,0.891551793524323,0.75901269956549,"7443/5901/129401/8815",4,"down","Reactome","Anelloviridae.pbmc",FALSE
"R-HSA-111447","R-HSA-111447","Activation of BAD and translocation to mitochondria ","1/548","15/8368",0.638262205100047,0.891551793524323,0.75901269956549,"7531",1,"down","Reactome","Anelloviridae.pbmc",FALSE
"R-HSA-1405341","R-HSA-140534","Caspase activation via Death Receptors in the presence of ligand","1/548","15/8368",0.638262205100047,0.891551793524323,0.75901269956549,"8797",1,"down","Reactome","Anelloviridae.pbmc",FALSE
"R-HSA-175474","R-HSA-175474","Assembly Of The HIV Virion","1/548","15/8368",0.638262205100047,0.891551793524323,0.75901269956549,"6233",1,"down","Reactome","Anelloviridae.pbmc",FALSE
"R-HSA-189200","R-HSA-189200","Cellular hexose transport","1/548","15/8368",0.638262205100047,0.891551793524323,0.75901269956549,"154091",1,"down","Reactome","Anelloviridae.pbmc",FALSE
"R-HSA-193639","R-HSA-193639","p75NTR signals via NF-kB","1/548","15/8368",0.638262205100047,0.891551793524323,0.75901269956549,"6233",1,"down","Reactome","Anelloviridae.pbmc",FALSE
"R-HSA-1963640","R-HSA-1963640","GRB2 events in ERBB2 signaling","1/548","15/8368",0.638262205100047,0.891551793524323,0.75901269956549,"685",1,"down","Reactome","Anelloviridae.pbmc",FALSE
"R-HSA-1963642","R-HSA-1963642","PI3K events in ERBB2 signaling","1/548","15/8368",0.638262205100047,0.891551793524323,0.75901269956549,"685",1,"down","Reactome","Anelloviridae.pbmc",FALSE
"R-HSA-204174","R-HSA-204174","Regulation of pyruvate dehydrogenase (PDH) complex","1/548","15/8368",0.638262205100047,0.891551793524323,0.75901269956549,"1738",1,"down","Reactome","Anelloviridae.pbmc",FALSE
"R-HSA-2691230","R-HSA-2691230","Signaling by NOTCH1 HD Domain Mutants in Cancer","1/548","15/8368",0.638262205100047,0.891551793524323,0.75901269956549,"6233",1,"down","Reactome","Anelloviridae.pbmc",FALSE
"R-HSA-2691232","R-HSA-2691232","Constitutive Signaling by NOTCH1 HD Domain Mutants","1/548","15/8368",0.638262205100047,0.891551793524323,0.75901269956549,"6233",1,"down","Reactome","Anelloviridae.pbmc",FALSE
"R-HSA-3322077","R-HSA-3322077","Glycogen synthesis","1/548","15/8368",0.638262205100047,0.891551793524323,0.75901269956549,"6233",1,"down","Reactome","Anelloviridae.pbmc",FALSE
"R-HSA-442982","R-HSA-442982","Ras activation upon Ca2+ influx through NMDA receptor","1/548","15/8368",0.638262205100047,0.891551793524323,0.75901269956549,"805",1,"down","Reactome","Anelloviridae.pbmc",FALSE
"R-HSA-4655427","R-HSA-4655427","SUMOylation of DNA methylation proteins","1/548","15/8368",0.638262205100047,0.891551793524323,0.75901269956549,"648",1,"down","Reactome","Anelloviridae.pbmc",FALSE
"R-HSA-5637810","R-HSA-5637810","Constitutive Signaling by EGFRvIII","1/548","15/8368",0.638262205100047,0.891551793524323,0.75901269956549,"6464",1,"down","Reactome","Anelloviridae.pbmc",FALSE
"R-HSA-5637812","R-HSA-5637812","Signaling by EGFRvIII in Cancer","1/548","15/8368",0.638262205100047,0.891551793524323,0.75901269956549,"6464",1,"down","Reactome","Anelloviridae.pbmc",FALSE
"R-HSA-844456","R-HSA-844456","The NLRP3 inflammasome","1/548","15/8368",0.638262205100047,0.891551793524323,0.75901269956549,"3326",1,"down","Reactome","Anelloviridae.pbmc",FALSE
"R-HSA-26723511","R-HSA-2672351","Stimuli-sensing channels","5/548","83/8368",0.64118662641138,0.891551793524323,0.75901269956549,"6717/161003/805/6233/65267",5,"down","Reactome","Anelloviridae.pbmc",FALSE
"R-HSA-111996","R-HSA-111996","Ca-dependent events","2/548","33/8368",0.646176818837749,0.891551793524323,0.75901269956549,"108/805",2,"down","Reactome","Anelloviridae.pbmc",FALSE
"R-HSA-1123101","R-HSA-112310","Neurotransmitter release cycle","2/548","33/8368",0.646176818837749,0.891551793524323,0.75901269956549,"6804/10550",2,"down","Reactome","Anelloviridae.pbmc",FALSE
"R-HSA-180746","R-HSA-180746","Nuclear import of Rev protein","2/548","33/8368",0.646176818837749,0.891551793524323,0.75901269956549,"5901/129401",2,"down","Reactome","Anelloviridae.pbmc",FALSE
"R-HSA-180910","R-HSA-180910","Vpr-mediated nuclear import of PICs","2/548","33/8368",0.646176818837749,0.891551793524323,0.75901269956549,"129401/8815",2,"down","Reactome","Anelloviridae.pbmc",FALSE
"R-HSA-2559585","R-HSA-2559585","Oncogene Induced Senescence","2/548","33/8368",0.646176818837749,0.891551793524323,0.75901269956549,"6233/7027",2,"down","Reactome","Anelloviridae.pbmc",FALSE
"R-HSA-8950505","R-HSA-8950505","Gene and protein expression by JAK-STAT signaling after Interleukin-12 stimulation","2/548","33/8368",0.646176818837749,0.891551793524323,0.75901269956549,"3313/2939",2,"down","Reactome","Anelloviridae.pbmc",FALSE
"R-HSA-380259","R-HSA-380259","Loss of Nlp from mitotic centrosomes","4/548","67/8368",0.64759739489555,0.891551793524323,0.75901269956549,"8655/7531/11258/1454",4,"down","Reactome","Anelloviridae.pbmc",FALSE
"R-HSA-380284","R-HSA-380284","Loss of proteins required for interphase microtubule organization from the centrosome","4/548","67/8368",0.64759739489555,0.891551793524323,0.75901269956549,"8655/7531/11258/1454",4,"down","Reactome","Anelloviridae.pbmc",FALSE
"R-HSA-68114421","R-HSA-6811442","Intra-Golgi and retrograde Golgi-to-ER traffic","11/548","182/8368",0.653370294284317,0.891551793524323,0.75901269956549,"23095/8655/10226/9267/8675/1315/55860/60561/11258/6811/23299",11,"down","Reactome","Anelloviridae.pbmc",FALSE
"R-HSA-96103791","R-HSA-9610379","HCMV Late Events","6/548","101/8368",0.656477595419077,0.891551793524323,0.75901269956549,"3017/129401/8347/8349/85236/8353",6,"down","Reactome","Anelloviridae.pbmc",FALSE
"R-HSA-4183461","R-HSA-418346","Platelet homeostasis","4/548","68/8368",0.659184551458544,0.891551793524323,0.75901269956549,"5526/6717/5516/805",4,"down","Reactome","Anelloviridae.pbmc",FALSE
"R-HSA-13623001","R-HSA-1362300","Transcription of E2F targets under negative control by p107 (RBL1) and p130 (RBL2) in complex with HDAC1","1/548","16/8368",0.661994075279045,0.891551793524323,0.75901269956549,"7027",1,"down","Reactome","Anelloviridae.pbmc",FALSE
"R-HSA-1433559","R-HSA-1433559","Regulation of KIT signaling","1/548","16/8368",0.661994075279045,0.891551793524323,0.75901269956549,"3932",1,"down","Reactome","Anelloviridae.pbmc",FALSE
"R-HSA-180292","R-HSA-180292","GAB1 signalosome","1/548","16/8368",0.661994075279045,0.891551793524323,0.75901269956549,"685",1,"down","Reactome","Anelloviridae.pbmc",FALSE
"R-HSA-202131","R-HSA-202131","Metabolism of nitric oxide: NOS3 activation and regulation","1/548","16/8368",0.661994075279045,0.891551793524323,0.75901269956549,"805",1,"down","Reactome","Anelloviridae.pbmc",FALSE
"R-HSA-211981","R-HSA-211981","Xenobiotics","1/548","16/8368",0.661994075279045,0.891551793524323,0.75901269956549,"1555",1,"down","Reactome","Anelloviridae.pbmc",FALSE
"R-HSA-212676","R-HSA-212676","Dopamine Neurotransmitter Release Cycle","1/548","16/8368",0.661994075279045,0.891551793524323,0.75901269956549,"6804",1,"down","Reactome","Anelloviridae.pbmc",FALSE
"R-HSA-2142845","R-HSA-2142845","Hyaluronan metabolism","1/548","16/8368",0.661994075279045,0.891551793524323,0.75901269956549,"3074",1,"down","Reactome","Anelloviridae.pbmc",FALSE
"R-HSA-2173791","R-HSA-2173791","TGF-beta receptor signaling in EMT (epithelial to mesenchymal transition)","1/548","16/8368",0.661994075279045,0.891551793524323,0.75901269956549,"6233",1,"down","Reactome","Anelloviridae.pbmc",FALSE
"R-HSA-2559584","R-HSA-2559584","Formation of Senescence-Associated Heterochromatin Foci (SAHF)","1/548","16/8368",0.661994075279045,0.891551793524323,0.75901269956549,"29855",1,"down","Reactome","Anelloviridae.pbmc",FALSE
"R-HSA-381753","R-HSA-381753","Olfactory Signaling Pathway","1/548","16/8368",0.661994075279045,0.891551793524323,0.75901269956549,"80346",1,"down","Reactome","Anelloviridae.pbmc",FALSE
"R-HSA-74259","R-HSA-74259","Purine catabolism","1/548","16/8368",0.661994075279045,0.891551793524323,0.75901269956549,"4907",1,"down","Reactome","Anelloviridae.pbmc",FALSE
"R-HSA-881907","R-HSA-881907","Gastrin-CREB signalling pathway via PKC and MAPK","1/548","16/8368",0.661994075279045,0.891551793524323,0.75901269956549,"5598",1,"down","Reactome","Anelloviridae.pbmc",FALSE
"R-HSA-9034015","R-HSA-9034015","Signaling by NTRK3 (TRKC)","1/548","16/8368",0.661994075279045,0.891551793524323,0.75901269956549,"6464",1,"down","Reactome","Anelloviridae.pbmc",FALSE
"R-HSA-9369641","R-HSA-936964","Activation of IRF3/IRF7 mediated by TBK1/IKK epsilon","1/548","16/8368",0.661994075279045,0.891551793524323,0.75901269956549,"6233",1,"down","Reactome","Anelloviridae.pbmc",FALSE
"R-HSA-9617828","R-HSA-9617828","FOXO-mediated transcription of cell cycle genes","1/548","16/8368",0.661994075279045,0.891551793524323,0.75901269956549,"1647",1,"down","Reactome","Anelloviridae.pbmc",FALSE
"R-HSA-9665348","R-HSA-9665348","Signaling by ERBB2 ECD mutants","1/548","16/8368",0.661994075279045,0.891551793524323,0.75901269956549,"6464",1,"down","Reactome","Anelloviridae.pbmc",FALSE
"R-HSA-165054","R-HSA-165054","Rev-mediated nuclear export of HIV RNA","2/548","34/8368",0.662407341329037,0.891551793524323,0.75901269956549,"5901/129401",2,"down","Reactome","Anelloviridae.pbmc",FALSE
"R-HSA-4085377","R-HSA-4085377","SUMOylation of SUMOylation proteins","2/548","34/8368",0.662407341329037,0.891551793524323,0.75901269956549,"129401/6613",2,"down","Reactome","Anelloviridae.pbmc",FALSE
"R-HSA-445355","R-HSA-445355","Smooth Muscle Contraction","2/548","34/8368",0.662407341329037,0.891551793524323,0.75901269956549,"103910/805",2,"down","Reactome","Anelloviridae.pbmc",FALSE
"R-HSA-2980766","R-HSA-2980766","Nuclear Envelope Breakdown","3/548","52/8368",0.671278505417778,0.901682890722175,0.767637696441224,"7443/129401/8815",3,"down","Reactome","Anelloviridae.pbmc",FALSE
"R-HSA-738871","R-HSA-73887","Death Receptor Signalling","8/548","136/8368",0.674619746896777,0.901682890722175,0.767637696441224,"65078/7984/8797/7531/57142/5664/6233/257397",8,"down","Reactome","Anelloviridae.pbmc",FALSE
"R-HSA-8939243","R-HSA-8939243","RUNX1 interacts with co-factors whose precise effect on RUNX1 targets is not known","2/548","35/8368",0.67803413668182,0.901682890722175,0.767637696441224,"6605/648",2,"down","Reactome","Anelloviridae.pbmc",FALSE
"R-HSA-8854518","R-HSA-8854518","AURKA Activation by TPX2","4/548","70/8368",0.681578069008554,0.901682890722175,0.767637696441224,"8655/7531/11258/1454",4,"down","Reactome","Anelloviridae.pbmc",FALSE
"R-HSA-88480211","R-HSA-8848021","Signaling by PTK6","3/548","53/8368",0.683907957407914,0.901682890722175,0.767637696441224,"10457/6233/685",3,"down","Reactome","Anelloviridae.pbmc",FALSE
"R-HSA-90069271","R-HSA-9006927","Signaling by Non-Receptor Tyrosine Kinases","3/548","53/8368",0.683907957407914,0.901682890722175,0.767637696441224,"10457/6233/685",3,"down","Reactome","Anelloviridae.pbmc",FALSE
"R-HSA-111471","R-HSA-111471","Apoptotic factor-mediated response","1/548","17/8368",0.684171667083054,0.901682890722175,0.767637696441224,"54205",1,"down","Reactome","Anelloviridae.pbmc",FALSE
"R-HSA-193368","R-HSA-193368","Synthesis of bile acids and bile salts via 7alpha-hydroxycholesterol","1/548","17/8368",0.684171667083054,0.901682890722175,0.767637696441224,"8647",1,"down","Reactome","Anelloviridae.pbmc",FALSE
"R-HSA-196757","R-HSA-196757","Metabolism of folate and pterines","1/548","17/8368",0.684171667083054,0.901682890722175,0.767637696441224,"4522",1,"down","Reactome","Anelloviridae.pbmc",FALSE
"R-HSA-197264","R-HSA-197264","Nicotinamide salvaging","1/548","17/8368",0.684171667083054,0.901682890722175,0.767637696441224,"128240",1,"down","Reactome","Anelloviridae.pbmc",FALSE
"R-HSA-4204991","R-HSA-420499","Class C/3 (Metabotropic glutamate/pheromone receptors)","1/548","17/8368",0.684171667083054,0.901682890722175,0.767637696441224,"2915",1,"down","Reactome","Anelloviridae.pbmc",FALSE
"R-HSA-450604","R-HSA-450604","KSRP (KHSRP) binds and destabilizes mRNA","1/548","17/8368",0.684171667083054,0.901682890722175,0.767637696441224,"5600",1,"down","Reactome","Anelloviridae.pbmc",FALSE
"R-HSA-88546911","R-HSA-8854691","Interleukin-20 family signaling","1/548","17/8368",0.684171667083054,0.901682890722175,0.767637696441224,"53832",1,"down","Reactome","Anelloviridae.pbmc",FALSE
"R-HSA-8934593","R-HSA-8934593","Regulation of RUNX1 Expression and Activity","1/548","17/8368",0.684171667083054,0.901682890722175,0.767637696441224,"27161",1,"down","Reactome","Anelloviridae.pbmc",FALSE
"R-HSA-8964038","R-HSA-8964038","LDL clearance","1/548","17/8368",0.684171667083054,0.901682890722175,0.767637696441224,"3988",1,"down","Reactome","Anelloviridae.pbmc",FALSE
"R-HSA-9033658","R-HSA-9033658","Blood group systems biosynthesis","1/548","17/8368",0.684171667083054,0.901682890722175,0.767637696441224,"6484",1,"down","Reactome","Anelloviridae.pbmc",FALSE
"R-HSA-96597871","R-HSA-9659787","Aberrant regulation of mitotic G1/S transition in cancer due to RB1 defects","1/548","17/8368",0.684171667083054,0.901682890722175,0.767637696441224,"7027",1,"down","Reactome","Anelloviridae.pbmc",FALSE
"R-HSA-96610691","R-HSA-9661069","Defective binding of RB1 mutants to E2F1,(E2F2, E2F3)","1/548","17/8368",0.684171667083054,0.901682890722175,0.767637696441224,"7027",1,"down","Reactome","Anelloviridae.pbmc",FALSE
"R-HSA-1566948","R-HSA-1566948","Elastic fibre formation","2/548","36/8368",0.693066520116302,0.903999808847351,0.769610178907902,"2202/4017",2,"down","Reactome","Anelloviridae.pbmc",FALSE
"R-HSA-176187","R-HSA-176187","Activation of ATR in response to replication stress","2/548","36/8368",0.693066520116302,0.903999808847351,0.769610178907902,"4171/6119",2,"down","Reactome","Anelloviridae.pbmc",FALSE
"R-HSA-177243","R-HSA-177243","Interactions of Rev with host cellular proteins","2/548","36/8368",0.693066520116302,0.903999808847351,0.769610178907902,"5901/129401",2,"down","Reactome","Anelloviridae.pbmc",FALSE
"R-HSA-418597","R-HSA-418597","G alpha (z) signalling events","2/548","36/8368",0.693066520116302,0.903999808847351,0.769610178907902,"5583/108",2,"down","Reactome","Anelloviridae.pbmc",FALSE
"R-HSA-451927","R-HSA-451927","Interleukin-2 family signaling","2/548","36/8368",0.693066520116302,0.903999808847351,0.769610178907902,"6464/3932",2,"down","Reactome","Anelloviridae.pbmc",FALSE
"R-HSA-9664323","R-HSA-9664323","FCGR3A-mediated IL10 synthesis","2/548","36/8368",0.693066520116302,0.903999808847351,0.769610178907902,"108/805",2,"down","Reactome","Anelloviridae.pbmc",FALSE
"R-HSA-96751261","R-HSA-9675126","Diseases of mitotic cell cycle","2/548","36/8368",0.693066520116302,0.903999808847351,0.769610178907902,"119504/7027",2,"down","Reactome","Anelloviridae.pbmc",FALSE
"R-HSA-96871391","R-HSA-9687139","Aberrant regulation of mitotic cell cycle due to RB1 defects","2/548","36/8368",0.693066520116302,0.903999808847351,0.769610178907902,"119504/7027",2,"down","Reactome","Anelloviridae.pbmc",FALSE
"R-HSA-977443","R-HSA-977443","GABA receptor activation","2/548","36/8368",0.693066520116302,0.903999808847351,0.769610178907902,"108/27020",2,"down","Reactome","Anelloviridae.pbmc",FALSE
"R-HSA-96791911","R-HSA-9679191","Potential therapeutics for SARS","4/548","72/8368",0.70292232198437,0.90800240179686,0.773017741880614,"23186/3326/51185/10280",4,"down","Reactome","Anelloviridae.pbmc",FALSE
"R-HSA-1368082","R-HSA-1368082","RORA activates gene expression","1/548","18/8368",0.704896601394931,0.90800240179686,0.773017741880614,"23054",1,"down","Reactome","Anelloviridae.pbmc",FALSE
"R-HSA-1912420","R-HSA-1912420","Pre-NOTCH Processing in Golgi","1/548","18/8368",0.704896601394931,0.90800240179686,0.773017741880614,"6484",1,"down","Reactome","Anelloviridae.pbmc",FALSE
"R-HSA-22439191","R-HSA-2243919","Crosslinking of collagen fibrils","1/548","18/8368",0.704896601394931,0.90800240179686,0.773017741880614,"4017",1,"down","Reactome","Anelloviridae.pbmc",FALSE
"R-HSA-3232118","R-HSA-3232118","SUMOylation of transcription factors","1/548","18/8368",0.704896601394931,0.90800240179686,0.773017741880614,"6613",1,"down","Reactome","Anelloviridae.pbmc",FALSE
"R-HSA-39286641","R-HSA-3928664","Ephrin signaling","1/548","18/8368",0.704896601394931,0.90800240179686,0.773017741880614,"1949",1,"down","Reactome","Anelloviridae.pbmc",FALSE
"R-HSA-428930","R-HSA-428930","Thromboxane signalling through TP receptor","1/548","18/8368",0.704896601394931,0.90800240179686,0.773017741880614,"2769",1,"down","Reactome","Anelloviridae.pbmc",FALSE
"R-HSA-5365859","R-HSA-5365859","RA biosynthesis pathway","1/548","18/8368",0.704896601394931,0.90800240179686,0.773017741880614,"220",1,"down","Reactome","Anelloviridae.pbmc",FALSE
"R-HSA-5654696","R-HSA-5654696","Downstream signaling of activated FGFR2","1/548","18/8368",0.704896601394931,0.90800240179686,0.773017741880614,"6464",1,"down","Reactome","Anelloviridae.pbmc",FALSE
"R-HSA-5654708","R-HSA-5654708","Downstream signaling of activated FGFR3","1/548","18/8368",0.704896601394931,0.90800240179686,0.773017741880614,"6464",1,"down","Reactome","Anelloviridae.pbmc",FALSE
"R-HSA-96194831","R-HSA-9619483","Activation of AMPK downstream of NMDARs","1/548","18/8368",0.704896601394931,0.90800240179686,0.773017741880614,"805",1,"down","Reactome","Anelloviridae.pbmc",FALSE
"R-HSA-1489509","R-HSA-1489509","DAG and IP3 signaling","2/548","37/8368",0.707515175720005,0.909320518963704,0.774139906264575,"108/805",2,"down","Reactome","Anelloviridae.pbmc",FALSE
"R-HSA-5578775","R-HSA-5578775","Ion homeostasis","2/548","37/8368",0.707515175720005,0.909320518963704,0.774139906264575,"6717/805",2,"down","Reactome","Anelloviridae.pbmc",FALSE
"R-HSA-2049981","R-HSA-204998","Cell death signalling via NRAGE, NRIF and NADE","4/548","73/8368",0.713200011452076,0.914564694100525,0.778604476417991,"7984/7531/5664/6233",4,"down","Reactome","Anelloviridae.pbmc",FALSE
"R-HSA-6807505","R-HSA-6807505","RNA polymerase II transcribes snRNA genes","4/548","73/8368",0.713200011452076,0.914564694100525,0.778604476417991,"55174/5440/5436/10302",4,"down","Reactome","Anelloviridae.pbmc",FALSE
"R-HSA-1660662","R-HSA-1660662","Glycosphingolipid metabolism","2/548","38/8368",0.721391937891307,0.916382694392114,0.780152210738254,"3074/2581",2,"down","Reactome","Anelloviridae.pbmc",FALSE
"R-HSA-5689896","R-HSA-5689896","Ovarian tumor domain proteases","2/548","38/8368",0.721391937891307,0.916382694392114,0.780152210738254,"55593/6233",2,"down","Reactome","Anelloviridae.pbmc",FALSE
"R-HSA-1296072","R-HSA-1296072","Voltage gated Potassium channels","1/548","19/8368",0.724263866357276,0.916382694392114,0.780152210738254,"3748",1,"down","Reactome","Anelloviridae.pbmc",FALSE
"R-HSA-445144","R-HSA-445144","Signal transduction by L1","1/548","19/8368",0.724263866357276,0.916382694392114,0.780152210738254,"3680",1,"down","Reactome","Anelloviridae.pbmc",FALSE
"R-HSA-5625900","R-HSA-5625900","RHO GTPases activate CIT","1/548","19/8368",0.724263866357276,0.916382694392114,0.780152210738254,"103910",1,"down","Reactome","Anelloviridae.pbmc",FALSE
"R-HSA-5627117","R-HSA-5627117","RHO GTPases Activate ROCKs","1/548","19/8368",0.724263866357276,0.916382694392114,0.780152210738254,"103910",1,"down","Reactome","Anelloviridae.pbmc",FALSE
"R-HSA-5654716","R-HSA-5654716","Downstream signaling of activated FGFR4","1/548","19/8368",0.724263866357276,0.916382694392114,0.780152210738254,"6464",1,"down","Reactome","Anelloviridae.pbmc",FALSE
"R-HSA-5683826","R-HSA-5683826","Surfactant metabolism","1/548","19/8368",0.724263866357276,0.916382694392114,0.780152210738254,"1512",1,"down","Reactome","Anelloviridae.pbmc",FALSE
"R-HSA-68032041","R-HSA-6803204","TP53 Regulates Transcription of Genes Involved in Cytochrome C Release","1/548","19/8368",0.724263866357276,0.916382694392114,0.780152210738254,"147923",1,"down","Reactome","Anelloviridae.pbmc",FALSE
"R-HSA-9669938","R-HSA-9669938","Signaling by KIT in disease","1/548","19/8368",0.724263866357276,0.916382694392114,0.780152210738254,"3932",1,"down","Reactome","Anelloviridae.pbmc",FALSE
"R-HSA-9670439","R-HSA-9670439","Signaling by phosphorylated juxtamembrane, extracellular and kinase domain KIT mutants","1/548","19/8368",0.724263866357276,0.916382694392114,0.780152210738254,"3932",1,"down","Reactome","Anelloviridae.pbmc",FALSE
"R-HSA-9770681","R-HSA-977068","Termination of O-glycan biosynthesis","1/548","19/8368",0.724263866357276,0.916382694392114,0.780152210738254,"6484",1,"down","Reactome","Anelloviridae.pbmc",FALSE
"R-HSA-1987251","R-HSA-198725","Nuclear Events (kinase and transcription factor activation)","3/548","57/8368",0.730797873910456,0.923624807381286,0.786317703052212,"5516/5598/5600",3,"down","Reactome","Anelloviridae.pbmc",FALSE
"R-HSA-88538841","R-HSA-8853884","Transcriptional Regulation by VENTX","2/548","39/8368",0.73470959545003,0.924910343695694,0.787412130089963,"6934/119504",2,"down","Reactome","Anelloviridae.pbmc",FALSE
"R-HSA-1764121","R-HSA-176412","Phosphorylation of the APC/C","1/548","20/8368",0.742362249545228,0.924910343695694,0.787412130089963,"119504",1,"down","Reactome","Anelloviridae.pbmc",FALSE
"R-HSA-2022854","R-HSA-2022854","Keratan sulfate biosynthesis","1/548","20/8368",0.742362249545228,0.924910343695694,0.787412130089963,"6484",1,"down","Reactome","Anelloviridae.pbmc",FALSE
"R-HSA-20282691","R-HSA-2028269","Signaling by Hippo","1/548","20/8368",0.742362249545228,0.924910343695694,0.787412130089963,"7531",1,"down","Reactome","Anelloviridae.pbmc",FALSE
"R-HSA-3997191","R-HSA-399719","Trafficking of AMPA receptors","1/548","20/8368",0.742362249545228,0.924910343695694,0.787412130089963,"27092",1,"down","Reactome","Anelloviridae.pbmc",FALSE
"R-HSA-3997211","R-HSA-399721","Glutamate binding, activation of AMPA receptors and synaptic plasticity","1/548","20/8368",0.742362249545228,0.924910343695694,0.787412130089963,"27092",1,"down","Reactome","Anelloviridae.pbmc",FALSE
"R-HSA-4165721","R-HSA-416572","Sema4D induced cell migration and growth-cone collapse","1/548","20/8368",0.742362249545228,0.924910343695694,0.787412130089963,"103910",1,"down","Reactome","Anelloviridae.pbmc",FALSE
"R-HSA-418592","R-HSA-418592","ADP signalling through P2Y purinoceptor 1","1/548","20/8368",0.742362249545228,0.924910343695694,0.787412130089963,"2769",1,"down","Reactome","Anelloviridae.pbmc",FALSE
"R-HSA-525793","R-HSA-525793","Myogenesis","1/548","20/8368",0.742362249545228,0.924910343695694,0.787412130089963,"5600",1,"down","Reactome","Anelloviridae.pbmc",FALSE
"R-HSA-622312","R-HSA-622312","Inflammasomes","1/548","20/8368",0.742362249545228,0.924910343695694,0.787412130089963,"3326",1,"down","Reactome","Anelloviridae.pbmc",FALSE
"R-HSA-67835891","R-HSA-6783589","Interleukin-6 family signaling","1/548","20/8368",0.742362249545228,0.924910343695694,0.787412130089963,"9180",1,"down","Reactome","Anelloviridae.pbmc",FALSE
"R-HSA-96871361","R-HSA-9687136","Aberrant regulation of mitotic exit in cancer due to RB1 defects","1/548","20/8368",0.742362249545228,0.924910343695694,0.787412130089963,"119504",1,"down","Reactome","Anelloviridae.pbmc",FALSE
"R-HSA-975576","R-HSA-975576","N-glycan antennae elongation in the medial/trans-Golgi","1/548","20/8368",0.742362249545228,0.924910343695694,0.787412130089963,"6484",1,"down","Reactome","Anelloviridae.pbmc",FALSE
"R-HSA-165159","R-HSA-165159","MTOR signalling","2/548","40/8368",0.747481716392084,0.929257531828763,0.79111306033806,"6194/84335",2,"down","Reactome","Anelloviridae.pbmc",FALSE
"R-HSA-6783783","R-HSA-6783783","Interleukin-10 signaling","2/548","40/8368",0.747481716392084,0.929257531828763,0.79111306033806,"3627/6352",2,"down","Reactome","Anelloviridae.pbmc",FALSE
"R-HSA-3737551","R-HSA-373755","Semaphorin interactions","3/548","59/8368",0.752109149150185,0.932975440730371,0.794278260714129,"10371/3326/103910",3,"down","Reactome","Anelloviridae.pbmc",FALSE
"R-HSA-8943724","R-HSA-8943724","Regulation of PTEN gene transcription","3/548","59/8368",0.752109149150185,0.932975440730371,0.794278260714129,"2122/23186/648",3,"down","Reactome","Anelloviridae.pbmc",FALSE
"R-HSA-1414051","R-HSA-141405","Inhibition of the proteolytic activity of APC/C required for the onset of anaphase by mitotic spindle checkpoint components","1/548","21/8368",0.759274742028363,0.934286559042885,0.79539446670133,"119504",1,"down","Reactome","Anelloviridae.pbmc",FALSE
"R-HSA-1414301","R-HSA-141430","Inactivation of APC/C via direct inhibition of the APC/C complex","1/548","21/8368",0.759274742028363,0.934286559042885,0.79539446670133,"119504",1,"down","Reactome","Anelloviridae.pbmc",FALSE
"R-HSA-425410","R-HSA-425410","Metal ion SLC transporters","1/548","21/8368",0.759274742028363,0.934286559042885,0.79539446670133,"64924",1,"down","Reactome","Anelloviridae.pbmc",FALSE
"R-HSA-52189211","R-HSA-5218921","VEGFR2 mediated cell proliferation","1/548","21/8368",0.759274742028363,0.934286559042885,0.79539446670133,"805",1,"down","Reactome","Anelloviridae.pbmc",FALSE
"R-HSA-5654687","R-HSA-5654687","Downstream signaling of activated FGFR1","1/548","21/8368",0.759274742028363,0.934286559042885,0.79539446670133,"6464",1,"down","Reactome","Anelloviridae.pbmc",FALSE
"R-HSA-901032","R-HSA-901032","ER Quality Control Compartment (ERQC)","1/548","21/8368",0.759274742028363,0.934286559042885,0.79539446670133,"6233",1,"down","Reactome","Anelloviridae.pbmc",FALSE
"R-HSA-912631","R-HSA-912631","Regulation of signaling by CBL","1/548","21/8368",0.759274742028363,0.934286559042885,0.79539446670133,"6233",1,"down","Reactome","Anelloviridae.pbmc",FALSE
"R-HSA-9020591","R-HSA-9020591","Interleukin-12 signaling","2/548","41/8368",0.759722491432241,0.934286559042885,0.79539446670133,"3313/2939",2,"down","Reactome","Anelloviridae.pbmc",FALSE
"R-HSA-70326","R-HSA-70326","Glucose metabolism","4/548","79/8368",0.769403105668485,0.944006372230349,0.803669321510971,"4190/5516/3099/129401",4,"down","Reactome","Anelloviridae.pbmc",FALSE
"R-HSA-32148421","R-HSA-3214842","HDMs demethylate histones","2/548","42/8368",0.771446594632931,0.944006372230349,0.803669321510971,"23030/8353",2,"down","Reactome","Anelloviridae.pbmc",FALSE
"R-HSA-14827881","R-HSA-1482788","Acyl chain remodelling of PC","1/548","22/8368",0.775078916147024,0.944006372230349,0.803669321510971,"11145",1,"down","Reactome","Anelloviridae.pbmc",FALSE
"R-HSA-196071","R-HSA-196071","Metabolism of steroid hormones","1/548","22/8368",0.775078916147024,0.944006372230349,0.803669321510971,"6716",1,"down","Reactome","Anelloviridae.pbmc",FALSE
"R-HSA-39286631","R-HSA-3928663","EPHA-mediated growth cone collapse","1/548","22/8368",0.775078916147024,0.944006372230349,0.803669321510971,"103910",1,"down","Reactome","Anelloviridae.pbmc",FALSE
"R-HSA-4200291","R-HSA-420029","Tight junction interactions","1/548","22/8368",0.775078916147024,0.944006372230349,0.803669321510971,"24146",1,"down","Reactome","Anelloviridae.pbmc",FALSE
"R-HSA-8862803","R-HSA-8862803","Deregulated CDK5 triggers multiple neurodegenerative pathways in Alzheimer's disease models","1/548","22/8368",0.775078916147024,0.944006372230349,0.803669321510971,"7531",1,"down","Reactome","Anelloviridae.pbmc",FALSE
"R-HSA-8863678","R-HSA-8863678","Neurodegenerative Diseases","1/548","22/8368",0.775078916147024,0.944006372230349,0.803669321510971,"7531",1,"down","Reactome","Anelloviridae.pbmc",FALSE
"R-HSA-912526","R-HSA-912526","Interleukin receptor SHC signaling","1/548","22/8368",0.775078916147024,0.944006372230349,0.803669321510971,"6464",1,"down","Reactome","Anelloviridae.pbmc",FALSE
"R-HSA-89788681","R-HSA-8978868","Fatty acid metabolism","8/548","151/8368",0.781094875339485,0.945795915115301,0.805192828934726,"4706/30/1962/34/84693/113612/7923/1375",8,"down","Reactome","Anelloviridae.pbmc",FALSE
"R-HSA-211897","R-HSA-211897","Cytochrome P450 - arranged by substrate type","2/548","43/8368",0.782669059558722,0.945795915115301,0.805192828934726,"113612/1555",2,"down","Reactome","Anelloviridae.pbmc",FALSE
"R-HSA-2173793","R-HSA-2173793","Transcriptional activity of SMAD2/SMAD3:SMAD4 heterotrimer","2/548","43/8368",0.782669059558722,0.945795915115301,0.805192828934726,"6233/7027",2,"down","Reactome","Anelloviridae.pbmc",FALSE
"R-HSA-512988","R-HSA-512988","Interleukin-3, Interleukin-5 and GM-CSF signaling","2/548","43/8368",0.782669059558722,0.945795915115301,0.805192828934726,"6233/6464",2,"down","Reactome","Anelloviridae.pbmc",FALSE
"R-HSA-56330081","R-HSA-5633008","TP53 Regulates Transcription of Cell Death Genes","2/548","43/8368",0.782669059558722,0.945795915115301,0.805192828934726,"8797/147923",2,"down","Reactome","Anelloviridae.pbmc",FALSE
"R-HSA-114508","R-HSA-114508","Effects of PIP2 hydrolysis","1/548","23/8368",0.7898472787101,0.945795915115301,0.805192828934726,"5583",1,"down","Reactome","Anelloviridae.pbmc",FALSE
"R-HSA-2173795","R-HSA-2173795","Downregulation of SMAD2/3:SMAD4 transcriptional activity","1/548","23/8368",0.7898472787101,0.945795915115301,0.805192828934726,"6233",1,"down","Reactome","Anelloviridae.pbmc",FALSE
"R-HSA-3541921","R-HSA-354192","Integrin signaling","1/548","23/8368",0.7898472787101,0.945795915115301,0.805192828934726,"6464",1,"down","Reactome","Anelloviridae.pbmc",FALSE
"R-HSA-442742","R-HSA-442742","CREB1 phosphorylation through NMDA receptor-mediated activation of RAS signaling","1/548","23/8368",0.7898472787101,0.945795915115301,0.805192828934726,"805",1,"down","Reactome","Anelloviridae.pbmc",FALSE
"R-HSA-451326","R-HSA-451326","Activation of kainate receptors upon glutamate binding","1/548","23/8368",0.7898472787101,0.945795915115301,0.805192828934726,"805",1,"down","Reactome","Anelloviridae.pbmc",FALSE
"R-HSA-5223345","R-HSA-5223345","Miscellaneous transport and binding events","1/548","23/8368",0.7898472787101,0.945795915115301,0.805192828934726,"57380",1,"down","Reactome","Anelloviridae.pbmc",FALSE
"R-HSA-56264671","R-HSA-5626467","RHO GTPases activate IQGAPs","1/548","23/8368",0.7898472787101,0.945795915115301,0.805192828934726,"805",1,"down","Reactome","Anelloviridae.pbmc",FALSE
"R-HSA-5668599","R-HSA-5668599","RHO GTPases Activate NADPH Oxidases","1/548","23/8368",0.7898472787101,0.945795915115301,0.805192828934726,"5600",1,"down","Reactome","Anelloviridae.pbmc",FALSE
"R-HSA-773871","R-HSA-77387","Insulin receptor recycling","1/548","23/8368",0.7898472787101,0.945795915115301,0.805192828934726,"90423",1,"down","Reactome","Anelloviridae.pbmc",FALSE
"R-HSA-9634638","R-HSA-9634638","Estrogen-dependent nuclear events downstream of ESR-membrane signaling","1/548","23/8368",0.7898472787101,0.945795915115301,0.805192828934726,"685",1,"down","Reactome","Anelloviridae.pbmc",FALSE
"R-HSA-5007921","R-HSA-500792","GPCR ligand binding","11/548","204/8368",0.790088589759877,0.945795915115301,0.805192828934726,"6361/4922/1238/2796/8323/2915/3627/23566/10663/5021/6352",11,"down","Reactome","Anelloviridae.pbmc",FALSE
"R-HSA-70171","R-HSA-70171","Glycolysis","3/548","63/8368",0.790652199214809,0.945795915115301,0.805192828934726,"5516/3099/129401",3,"down","Reactome","Anelloviridae.pbmc",FALSE
"R-HSA-39286651","R-HSA-3928665","EPH-ephrin mediated repulsion of cells","2/548","44/8368",0.793405169526639,0.946471292492391,0.805767803950124,"1949/5664",2,"down","Reactome","Anelloviridae.pbmc",FALSE
"R-HSA-75893","R-HSA-75893","TNF signaling","2/548","44/8368",0.793405169526639,0.946471292492391,0.805767803950124,"6233/257397",2,"down","Reactome","Anelloviridae.pbmc",FALSE
"R-HSA-96096461","R-HSA-9609646","HCMV Infection","7/548","136/8368",0.795973954961073,0.946471292492391,0.805767803950124,"8655/3017/129401/8347/8349/85236/8353",7,"down","Reactome","Anelloviridae.pbmc",FALSE
"R-HSA-5685942","R-HSA-5685942","HDR through Homologous Recombination (HRR)","3/548","64/8368",0.799472592995471,0.946471292492391,0.805767803950124,"6119/5111/6233",3,"down","Reactome","Anelloviridae.pbmc",FALSE
"R-HSA-4253931","R-HSA-425393","Transport of inorganic cations/anions and amino acids/oligopeptides","4/548","83/8368",0.801829529393364,0.946471292492391,0.805767803950124,"6542/9498/6717/805",4,"down","Reactome","Anelloviridae.pbmc",FALSE
"R-HSA-163359","R-HSA-163359","Glucagon signaling in metabolic regulation","1/548","24/8368",0.803647601210623,0.946471292492391,0.805767803950124,"108",1,"down","Reactome","Anelloviridae.pbmc",FALSE
"R-HSA-25148591","R-HSA-2514859","Inactivation, recovery and regulation of the phototransduction cascade","1/548","24/8368",0.803647601210623,0.946471292492391,0.805767803950124,"805",1,"down","Reactome","Anelloviridae.pbmc",FALSE
"R-HSA-4006851","R-HSA-400685","Sema4D in semaphorin signaling","1/548","24/8368",0.803647601210623,0.946471292492391,0.805767803950124,"103910",1,"down","Reactome","Anelloviridae.pbmc",FALSE
"R-HSA-456926","R-HSA-456926","Thrombin signalling through proteinase activated receptors (PARs)","1/548","24/8368",0.803647601210623,0.946471292492391,0.805767803950124,"2769",1,"down","Reactome","Anelloviridae.pbmc",FALSE
"R-HSA-52602711","R-HSA-5260271","Diseases of Immune System","1/548","24/8368",0.803647601210623,0.946471292492391,0.805767803950124,"7098",1,"down","Reactome","Anelloviridae.pbmc",FALSE
"R-HSA-56023581","R-HSA-5602358","Diseases associated with the TLR signaling cascade","1/548","24/8368",0.803647601210623,0.946471292492391,0.805767803950124,"7098",1,"down","Reactome","Anelloviridae.pbmc",FALSE
"R-HSA-90061151","R-HSA-9006115","Signaling by NTRK2 (TRKB)","1/548","24/8368",0.803647601210623,0.946471292492391,0.805767803950124,"6464",1,"down","Reactome","Anelloviridae.pbmc",FALSE
"R-HSA-9006335","R-HSA-9006335","Signaling by Erythropoietin","1/548","24/8368",0.803647601210623,0.946471292492391,0.805767803950124,"6464",1,"down","Reactome","Anelloviridae.pbmc",FALSE
"R-HSA-112043","R-HSA-112043","PLC beta mediated events","2/548","45/8368",0.803670360642662,0.946471292492391,0.805767803950124,"108/805",2,"down","Reactome","Anelloviridae.pbmc",FALSE
"R-HSA-9012852","R-HSA-9012852","Signaling by NOTCH3","2/548","45/8368",0.803670360642662,0.946471292492391,0.805767803950124,"5664/6233",2,"down","Reactome","Anelloviridae.pbmc",FALSE
"R-HSA-5633007","R-HSA-5633007","Regulation of TP53 Activity","8/548","155/8368",0.804684093299996,0.94668716858823,0.805951587662372,"5516/6119/56950/6233/64769/387893/5600/55615",8,"down","Reactome","Anelloviridae.pbmc",FALSE
"R-HSA-1636851","R-HSA-163685","Integration of energy metabolism","4/548","84/8368",0.809334277202558,0.951176367021563,0.809773416799521,"2769/108/5516/6804",4,"down","Reactome","Anelloviridae.pbmc",FALSE
"R-HSA-9135311","R-HSA-913531","Interferon Signaling","9/548","174/8368",0.81307299655473,0.95179885536738,0.810303365326615,"6233/129401/567/7334/3119/3123/3117/3122/3113",9,"down","Reactome","Anelloviridae.pbmc",FALSE
"R-HSA-112040","R-HSA-112040","G-protein mediated events","2/548","46/8368",0.81348013642532,0.95179885536738,0.810303365326615,"108/805",2,"down","Reactome","Anelloviridae.pbmc",FALSE
"R-HSA-45516381","R-HSA-4551638","SUMOylation of chromatin organization proteins","3/548","66/8368",0.816181241103489,0.95179885536738,0.810303365326615,"129401/648/6613",3,"down","Reactome","Anelloviridae.pbmc",FALSE
"R-HSA-1368108","R-HSA-1368108","BMAL1:CLOCK,NPAS2 activates circadian gene expression","1/548","25/8368",0.816543228552015,0.95179885536738,0.810303365326615,"23054",1,"down","Reactome","Anelloviridae.pbmc",FALSE
"R-HSA-25148561","R-HSA-2514856","The phototransduction cascade","1/548","25/8368",0.816543228552015,0.95179885536738,0.810303365326615,"805",1,"down","Reactome","Anelloviridae.pbmc",FALSE
"R-HSA-392518","R-HSA-392518","Signal amplification","1/548","25/8368",0.816543228552015,0.95179885536738,0.810303365326615,"2769",1,"down","Reactome","Anelloviridae.pbmc",FALSE
"R-HSA-69273","R-HSA-69273","Cyclin A/B1/B2 associated events during G2/M transition","1/548","25/8368",0.816543228552015,0.95179885536738,0.810303365326615,"5516",1,"down","Reactome","Anelloviridae.pbmc",FALSE
"R-HSA-983170","R-HSA-983170","Antigen Presentation: Folding, assembly and peptide loading of class I MHC","1/548","25/8368",0.816543228552015,0.95179885536738,0.810303365326615,"567",1,"down","Reactome","Anelloviridae.pbmc",FALSE
"R-HSA-3970141","R-HSA-397014","Muscle contraction","6/548","122/8368",0.819033854762152,0.953726858456439,0.811944749304558,"6717/27092/9424/2259/103910/805",6,"down","Reactome","Anelloviridae.pbmc",FALSE
"R-HSA-1146081","R-HSA-114608","Platelet degranulation ","5/548","104/8368",0.820067169236047,0.95395568666234,0.812139559651595,"6813/7018/29789/805/54676",5,"down","Reactome","Anelloviridae.pbmc",FALSE
"R-HSA-1123161","R-HSA-112316","Neuronal System","13/548","245/8368",0.822607942511205,0.955935835334122,0.813825337191192,"27092/108/22839/9424/6804/217/79414/3748/28988/805/10550/27020/2915",13,"down","Reactome","Anelloviridae.pbmc",FALSE
"R-HSA-21737881","R-HSA-2173788","Downregulation of TGF-beta receptor signaling","1/548","26/8368",0.828593367681045,0.957037932275979,0.814763595160159,"6233",1,"down","Reactome","Anelloviridae.pbmc",FALSE
"R-HSA-352230","R-HSA-352230","Amino acid transport across the plasma membrane","1/548","26/8368",0.828593367681045,0.957037932275979,0.814763595160159,"6542",1,"down","Reactome","Anelloviridae.pbmc",FALSE
"R-HSA-380994","R-HSA-380994","ATF4 activates genes in response to endoplasmic reticulum  stress","1/548","26/8368",0.828593367681045,0.957037932275979,0.814763595160159,"4802",1,"down","Reactome","Anelloviridae.pbmc",FALSE
"R-HSA-4090294","R-HSA-4090294","SUMOylation of intracellular receptors","1/548","26/8368",0.828593367681045,0.957037932275979,0.814763595160159,"6613",1,"down","Reactome","Anelloviridae.pbmc",FALSE
"R-HSA-70263","R-HSA-70263","Gluconeogenesis","1/548","26/8368",0.828593367681045,0.957037932275979,0.814763595160159,"4190",1,"down","Reactome","Anelloviridae.pbmc",FALSE
"R-HSA-901042","R-HSA-901042","Calnexin/calreticulin cycle","1/548","26/8368",0.828593367681045,0.957037932275979,0.814763595160159,"6233",1,"down","Reactome","Anelloviridae.pbmc",FALSE
"R-HSA-90093911","R-HSA-9009391","Extra-nuclear estrogen signaling","3/548","68/8368",0.831694334622298,0.958793430490486,0.816258119032528,"805/6464/685",3,"down","Reactome","Anelloviridae.pbmc",FALSE
"R-HSA-4471151","R-HSA-447115","Interleukin-12 family signaling","2/548","48/8368",0.831795353293939,0.958793430490486,0.816258119032528,"3313/2939",2,"down","Reactome","Anelloviridae.pbmc",FALSE
"R-HSA-9837121","R-HSA-983712","Ion channel transport","7/548","143/8368",0.835814661019801,0.962453246022802,0.819373862265026,"23200/6717/161003/805/6233/65267/90423",7,"down","Reactome","Anelloviridae.pbmc",FALSE
"R-HSA-72306","R-HSA-72306","tRNA processing","5/548","107/8368",0.838557893214345,0.964243163176104,0.820897688317976,"10799/5901/25821/129401/51367",5,"down","Reactome","Anelloviridae.pbmc",FALSE
"R-HSA-68114401","R-HSA-6811440","Retrograde transport at the Trans-Golgi-Network","2/548","49/8368",0.840331511013339,0.964243163176104,0.820897688317976,"10226/8675",2,"down","Reactome","Anelloviridae.pbmc",FALSE
"R-HSA-89869441","R-HSA-8986944","Transcriptional Regulation by MECP2","2/548","49/8368",0.840331511013339,0.964243163176104,0.820897688317976,"27161/805",2,"down","Reactome","Anelloviridae.pbmc",FALSE
"R-HSA-696181","R-HSA-69618","Mitotic Spindle Checkpoint","5/548","108/8368",0.84436505261376,0.964243163176104,0.820897688317976,"5526/8655/79019/5516/119504",5,"down","Reactome","Anelloviridae.pbmc",FALSE
"R-HSA-760051","R-HSA-76005","Response to elevated platelet cytosolic Ca2+","5/548","108/8368",0.84436505261376,0.964243163176104,0.820897688317976,"6813/7018/29789/805/54676",5,"down","Reactome","Anelloviridae.pbmc",FALSE
"R-HSA-1226099","R-HSA-1226099","Signaling by FGFR in disease","2/548","50/8368",0.848473580732485,0.964243163176104,0.820897688317976,"5440/5436",2,"down","Reactome","Anelloviridae.pbmc",FALSE
"R-HSA-75153","R-HSA-75153","Apoptotic execution phase","2/548","50/8368",0.848473580732485,0.964243163176104,0.820897688317976,"28988/3146",2,"down","Reactome","Anelloviridae.pbmc",FALSE
"R-HSA-162588","R-HSA-162588","Budding and maturation of HIV virion","1/548","28/8368",0.850374920809897,0.964243163176104,0.820897688317976,"6233",1,"down","Reactome","Anelloviridae.pbmc",FALSE
"R-HSA-5663084","R-HSA-5663084","Diseases of carbohydrate metabolism","1/548","28/8368",0.850374920809897,0.964243163176104,0.820897688317976,"6233",1,"down","Reactome","Anelloviridae.pbmc",FALSE
"R-HSA-89553321","R-HSA-8955332","Carboxyterminal post-translational modifications of tubulin","1/548","28/8368",0.850374920809897,0.964243163176104,0.820897688317976,"54839",1,"down","Reactome","Anelloviridae.pbmc",FALSE
"R-HSA-141424","R-HSA-141424","Amplification of signal from the kinetochores","4/548","91/8368",0.855579131845558,0.964243163176104,0.820897688317976,"5526/8655/79019/5516",4,"down","Reactome","Anelloviridae.pbmc",FALSE
"R-HSA-141444","R-HSA-141444","Amplification  of signal from unattached  kinetochores via a MAD2  inhibitory signal","4/548","91/8368",0.855579131845558,0.964243163176104,0.820897688317976,"5526/8655/79019/5516",4,"down","Reactome","Anelloviridae.pbmc",FALSE
"R-HSA-1169408","R-HSA-1169408","ISG15 antiviral mechanism","3/548","72/8368",0.859369499643253,0.964243163176104,0.820897688317976,"6233/129401/7334",3,"down","Reactome","Anelloviridae.pbmc",FALSE
"R-HSA-159236","R-HSA-159236","Transport of Mature mRNA derived from an Intron-Containing Transcript","3/548","72/8368",0.859369499643253,0.964243163176104,0.820897688317976,"6432/129401/80145",3,"down","Reactome","Anelloviridae.pbmc",FALSE
"R-HSA-12666951","R-HSA-1266695","Interleukin-7 signaling","1/548","29/8368",0.860206400833419,0.964243163176104,0.820897688317976,"8353",1,"down","Reactome","Anelloviridae.pbmc",FALSE
"R-HSA-170822","R-HSA-170822","Regulation of Glucokinase by Glucokinase Regulatory Protein","1/548","29/8368",0.860206400833419,0.964243163176104,0.820897688317976,"129401",1,"down","Reactome","Anelloviridae.pbmc",FALSE
"R-HSA-2129379","R-HSA-2129379","Molecules associated with elastic fibres","1/548","29/8368",0.860206400833419,0.964243163176104,0.820897688317976,"2202",1,"down","Reactome","Anelloviridae.pbmc",FALSE
"R-HSA-21737821","R-HSA-2173782","Binding and Uptake of Ligands by Scavenger Receptors","1/548","29/8368",0.860206400833419,0.964243163176104,0.820897688317976,"3263",1,"down","Reactome","Anelloviridae.pbmc",FALSE
"R-HSA-5619107","R-HSA-5619107","Defective TPR may confer susceptibility towards thyroid papillary carcinoma (TPC)","1/548","29/8368",0.860206400833419,0.964243163176104,0.820897688317976,"129401",1,"down","Reactome","Anelloviridae.pbmc",FALSE
"R-HSA-760091","R-HSA-76009","Platelet Aggregation (Plug Formation)","1/548","29/8368",0.860206400833419,0.964243163176104,0.820897688317976,"6464",1,"down","Reactome","Anelloviridae.pbmc",FALSE
"R-HSA-89640431","R-HSA-8964043","Plasma lipoprotein clearance","1/548","29/8368",0.860206400833419,0.964243163176104,0.820897688317976,"3988",1,"down","Reactome","Anelloviridae.pbmc",FALSE
"R-HSA-9645723","R-HSA-9645723","Diseases of programmed cell death","1/548","29/8368",0.860206400833419,0.964243163176104,0.820897688317976,"7531",1,"down","Reactome","Anelloviridae.pbmc",FALSE
"R-HSA-975634","R-HSA-975634","Retinoid metabolism and transport","1/548","29/8368",0.860206400833419,0.964243163176104,0.820897688317976,"5947",1,"down","Reactome","Anelloviridae.pbmc",FALSE
"R-HSA-977444","R-HSA-977444","GABA B receptor activation","1/548","29/8368",0.860206400833419,0.964243163176104,0.820897688317976,"108",1,"down","Reactome","Anelloviridae.pbmc",FALSE
"R-HSA-9776061","R-HSA-977606","Regulation of Complement cascade","1/548","29/8368",0.860206400833419,0.964243163176104,0.820897688317976,"966",1,"down","Reactome","Anelloviridae.pbmc",FALSE
"R-HSA-983695","R-HSA-983695","Antigen activates B Cell Receptor (BCR) leading to generation of second messengers","1/548","29/8368",0.860206400833419,0.964243163176104,0.820897688317976,"805",1,"down","Reactome","Anelloviridae.pbmc",FALSE
"R-HSA-991365","R-HSA-991365","Activation of GABAB receptors","1/548","29/8368",0.860206400833419,0.964243163176104,0.820897688317976,"108",1,"down","Reactome","Anelloviridae.pbmc",FALSE
"R-HSA-12960711","R-HSA-1296071","Potassium Channels","2/548","52/8368",0.863634774190614,0.967135208818566,0.823359799197339,"9424/3748",2,"down","Reactome","Anelloviridae.pbmc",FALSE
"R-HSA-3560782","R-HSA-3560782","Diseases associated with glycosaminoglycan metabolism","1/548","30/8368",0.869392981040073,0.969772992549592,0.825605447027446,"3074",1,"down","Reactome","Anelloviridae.pbmc",FALSE
"R-HSA-4085001","R-HSA-4085001","Sialic acid metabolism","1/548","30/8368",0.869392981040073,0.969772992549592,0.825605447027446,"6484",1,"down","Reactome","Anelloviridae.pbmc",FALSE
"R-HSA-6804758","R-HSA-6804758","Regulation of TP53 Activity through Acetylation","1/548","30/8368",0.869392981040073,0.969772992549592,0.825605447027446,"64769",1,"down","Reactome","Anelloviridae.pbmc",FALSE
"R-HSA-8864260","R-HSA-8864260","Transcriptional regulation by the AP-2 (TFAP2) family of transcription factors","1/548","30/8368",0.869392981040073,0.969772992549592,0.825605447027446,"10370",1,"down","Reactome","Anelloviridae.pbmc",FALSE
"R-HSA-96392881","R-HSA-9639288","Amino acids regulate mTORC1","2/548","53/8368",0.870682884652681,0.970256740064583,0.826017280091916,"27244/90423",2,"down","Reactome","Anelloviridae.pbmc",FALSE
"R-HSA-111885","R-HSA-111885","Opioid Signalling","3/548","74/8368",0.87165159563089,0.970256740064583,0.826017280091916,"108/5516/805",3,"down","Reactome","Anelloviridae.pbmc",FALSE
"R-HSA-688771","R-HSA-68877","Mitotic Prometaphase","9/548","188/8368",0.875654135256201,0.970256740064583,0.826017280091916,"5526/8655/79019/5516/7531/11258/29922/440145/1454",9,"down","Reactome","Anelloviridae.pbmc",FALSE
"R-HSA-3108214","R-HSA-3108214","SUMOylation of DNA damage response and repair proteins","3/548","75/8368",0.877430035757812,0.970256740064583,0.826017280091916,"129401/648/6613",3,"down","Reactome","Anelloviridae.pbmc",FALSE
"R-HSA-446193","R-HSA-446193","Biosynthesis of the N-glycan precursor (dolichol lipid-linked oligosaccharide, LLO) and transfer to a nascent protein","3/548","75/8368",0.877430035757812,0.970256740064583,0.826017280091916,"6484/79053/199857",3,"down","Reactome","Anelloviridae.pbmc",FALSE
"R-HSA-168271","R-HSA-168271","Transport of Ribonucleoproteins into the Host Nucleus","1/548","31/8368",0.877976891616955,0.970256740064583,0.826017280091916,"129401",1,"down","Reactome","Anelloviridae.pbmc",FALSE
"R-HSA-2871796","R-HSA-2871796","FCERI mediated MAPK activation","1/548","31/8368",0.877976891616955,0.970256740064583,0.826017280091916,"6464",1,"down","Reactome","Anelloviridae.pbmc",FALSE
"R-HSA-381042","R-HSA-381042","PERK regulates gene expression","1/548","31/8368",0.877976891616955,0.970256740064583,0.826017280091916,"4802",1,"down","Reactome","Anelloviridae.pbmc",FALSE
"R-HSA-4462031","R-HSA-446203","Asparagine N-linked glycosylation","14/548","278/8368",0.880061106301441,0.970256740064583,0.826017280091916,"966/8655/9117/10175/6484/89866/1315/1603/55860/11258/6233/79053/6811/199857",14,"down","Reactome","Anelloviridae.pbmc",FALSE
"R-HSA-89572751","R-HSA-8957275","Post-translational protein phosphorylation","3/548","76/8368",0.882976637294599,0.970256740064583,0.826017280091916,"7018/8404/3490",3,"down","Reactome","Anelloviridae.pbmc",FALSE
"R-HSA-2219530","R-HSA-2219530","Constitutive Signaling by Aberrant PI3K in Cancer","2/548","55/8368",0.883784300231868,0.970256740064583,0.826017280091916,"685/3932",2,"down","Reactome","Anelloviridae.pbmc",FALSE
"R-HSA-429914","R-HSA-429914","Deadenylation-dependent mRNA decay","2/548","55/8368",0.883784300231868,0.970256740064583,0.826017280091916,"23658/27258",2,"down","Reactome","Anelloviridae.pbmc",FALSE
"R-HSA-432722","R-HSA-432722","Golgi Associated Vesicle Biogenesis","2/548","55/8368",0.883784300231868,0.970256740064583,0.826017280091916,"286451/6643",2,"down","Reactome","Anelloviridae.pbmc",FALSE
"R-HSA-114604","R-HSA-114604","GPVI-mediated activation cascade","1/548","32/8368",0.885997602111606,0.970256740064583,0.826017280091916,"3932",1,"down","Reactome","Anelloviridae.pbmc",FALSE
"R-HSA-12225561","R-HSA-1222556","ROS and RNS production in phagocytes","1/548","32/8368",0.885997602111606,0.970256740064583,0.826017280091916,"90423",1,"down","Reactome","Anelloviridae.pbmc",FALSE
"R-HSA-1666581","R-HSA-166658","Complement cascade","1/548","32/8368",0.885997602111606,0.970256740064583,0.826017280091916,"966",1,"down","Reactome","Anelloviridae.pbmc",FALSE
"R-HSA-21737891","R-HSA-2173789","TGF-beta receptor signaling activates SMADs","1/548","32/8368",0.885997602111606,0.970256740064583,0.826017280091916,"6233",1,"down","Reactome","Anelloviridae.pbmc",FALSE
"R-HSA-432040","R-HSA-432040","Vasopressin regulates renal water homeostasis via Aquaporins","1/548","32/8368",0.885997602111606,0.970256740064583,0.826017280091916,"108",1,"down","Reactome","Anelloviridae.pbmc",FALSE
"R-HSA-751051","R-HSA-75105","Fatty acyl-CoA biosynthesis","1/548","32/8368",0.885997602111606,0.970256740064583,0.826017280091916,"7923",1,"down","Reactome","Anelloviridae.pbmc",FALSE
"R-HSA-381340","R-HSA-381340","Transcriptional regulation of white adipocyte differentiation","3/548","77/8368",0.888298738179883,0.971843149256302,0.827367851906104,"9441/10891/23054",3,"down","Reactome","Anelloviridae.pbmc",FALSE
"R-HSA-96608211","R-HSA-9660821","ADORA2B mediated anti-inflammatory cytokines production","2/548","56/8368",0.889864665045117,0.972622932072324,0.82803171133027,"108/10888",2,"down","Reactome","Anelloviridae.pbmc",FALSE
"R-HSA-6806667","R-HSA-6806667","Metabolism of fat-soluble vitamins","1/548","33/8368",0.893492001588914,0.975652185643067,0.830610632652731,"5947",1,"down","Reactome","Anelloviridae.pbmc",FALSE
"R-HSA-159227","R-HSA-159227","Transport of the SLBP independent Mature mRNA","1/548","34/8368",0.900494567051335,0.978376047911328,0.832929562487761,"129401",1,"down","Reactome","Anelloviridae.pbmc",FALSE
"R-HSA-1169410","R-HSA-1169410","Antiviral mechanism by IFN-stimulated genes","3/548","80/8368",0.90299005009194,0.978376047911328,0.832929562487761,"6233/129401/7334",3,"down","Reactome","Anelloviridae.pbmc",FALSE
"R-HSA-4185551","R-HSA-418555","G alpha (s) signalling events","3/548","80/8368",0.90299005009194,0.978376047911328,0.832929562487761,"108/10888/80346",3,"down","Reactome","Anelloviridae.pbmc",FALSE
"R-HSA-4223561","R-HSA-422356","Regulation of insulin secretion","2/548","59/8368",0.906379152694487,0.978376047911328,0.832929562487761,"2769/6804",2,"down","Reactome","Anelloviridae.pbmc",FALSE
"R-HSA-747521","R-HSA-74752","Signaling by Insulin receptor","2/548","59/8368",0.906379152694487,0.978376047911328,0.832929562487761,"6464/90423",2,"down","Reactome","Anelloviridae.pbmc",FALSE
"R-HSA-159230","R-HSA-159230","Transport of the SLBP Dependant Mature mRNA","1/548","35/8368",0.907037520885732,0.978376047911328,0.832929562487761,"129401",1,"down","Reactome","Anelloviridae.pbmc",FALSE
"R-HSA-2428924","R-HSA-2428924","IGF1R signaling cascade","1/548","35/8368",0.907037520885732,0.978376047911328,0.832929562487761,"6464",1,"down","Reactome","Anelloviridae.pbmc",FALSE
"R-HSA-3301854","R-HSA-3301854","Nuclear Pore Complex (NPC) Disassembly","1/548","35/8368",0.907037520885732,0.978376047911328,0.832929562487761,"129401",1,"down","Reactome","Anelloviridae.pbmc",FALSE
"R-HSA-532668","R-HSA-532668","N-glycan trimming in the ER and Calnexin/Calreticulin cycle","1/548","35/8368",0.907037520885732,0.978376047911328,0.832929562487761,"6233",1,"down","Reactome","Anelloviridae.pbmc",FALSE
"R-HSA-5357905","R-HSA-5357905","Regulation of TNFR1 signaling","1/548","35/8368",0.907037520885732,0.978376047911328,0.832929562487761,"6233",1,"down","Reactome","Anelloviridae.pbmc",FALSE
"R-HSA-26823341","R-HSA-2682334","EPH-Ephrin signaling","3/548","81/8368",0.907485627871311,0.978376047911328,0.832929562487761,"1949/103910/5664",3,"down","Reactome","Anelloviridae.pbmc",FALSE
"R-HSA-72202","R-HSA-72202","Transport of Mature Transcript to Cytoplasm","3/548","81/8368",0.907485627871311,0.978376047911328,0.832929562487761,"6432/129401/80145",3,"down","Reactome","Anelloviridae.pbmc",FALSE
"R-HSA-2027331","R-HSA-202733","Cell surface interactions at the vascular wall","4/548","102/8368",0.908891914668725,0.978376047911328,0.832929562487761,"8797/914/6464/3932",4,"down","Reactome","Anelloviridae.pbmc",FALSE
"R-HSA-20294821","R-HSA-2029482","Regulation of actin dynamics for phagocytic cup formation","2/548","60/8368",0.911349243445748,0.978376047911328,0.832929562487761,"3326/4651",2,"down","Reactome","Anelloviridae.pbmc",FALSE
"R-HSA-68114341","R-HSA-6811434","COPI-dependent Golgi-to-ER retrograde traffic","3/548","82/8368",0.911791878192616,0.978376047911328,0.832929562487761,"23095/1315/60561",3,"down","Reactome","Anelloviridae.pbmc",FALSE
"R-HSA-96480251","R-HSA-9648025","EML4 and NUDC in mitotic spindle formation","4/548","103/8368",0.912744623309342,0.978376047911328,0.832929562487761,"5526/8655/79019/5516",4,"down","Reactome","Anelloviridae.pbmc",FALSE
"R-HSA-111465","R-HSA-111465","Apoptotic cleavage of cellular proteins","1/548","36/8368",0.913150978050573,0.978376047911328,0.832929562487761,"28988",1,"down","Reactome","Anelloviridae.pbmc",FALSE
"R-HSA-2404192","R-HSA-2404192","Signaling by Type 1 Insulin-like Growth Factor 1 Receptor (IGF1R)","1/548","36/8368",0.913150978050573,0.978376047911328,0.832929562487761,"6464",1,"down","Reactome","Anelloviridae.pbmc",FALSE
"R-HSA-5685938","R-HSA-5685938","HDR through Single Strand Annealing (SSA)","1/548","36/8368",0.913150978050573,0.978376047911328,0.832929562487761,"6119",1,"down","Reactome","Anelloviridae.pbmc",FALSE
"R-HSA-68031571","R-HSA-6803157","Antimicrobial peptides","1/548","36/8368",0.913150978050573,0.978376047911328,0.832929562487761,"51297",1,"down","Reactome","Anelloviridae.pbmc",FALSE
"R-HSA-1952581","R-HSA-195258","RHO GTPase Effectors","14/548","291/8368",0.91502488803135,0.979463260427924,0.833855148766893,"5526/8655/79019/5516/7531/103910/1729/805/3017/8347/8349/5600/85236/8353",14,"down","Reactome","Anelloviridae.pbmc",FALSE
"R-HSA-1870371","R-HSA-187037","Signaling by NTRK1 (TRKA)","4/548","104/8368",0.916451721472274,0.980070321274289,0.834371963263984,"5516/6464/5598/5600",4,"down","Reactome","Anelloviridae.pbmc",FALSE
"R-HSA-74751","R-HSA-74751","Insulin receptor signalling cascade","1/548","37/8368",0.918863083670867,0.981697527594132,0.83575726725927,"6464",1,"down","Reactome","Anelloviridae.pbmc",FALSE
"R-HSA-3814261","R-HSA-381426","Regulation of Insulin-like Growth Factor (IGF) transport and uptake by Insulin-like Growth Factor Binding Proteins (IGFBPs)","3/548","84/8368",0.919862917719626,0.981697527594132,0.83575726725927,"7018/8404/3490",3,"down","Reactome","Anelloviridae.pbmc",FALSE
"R-HSA-14451481","R-HSA-1445148","Translocation of SLC2A4 (GLUT4) to the plasma membrane","2/548","62/8368",0.920556716665024,0.981697527594132,0.83575726725927,"7531/805",2,"down","Reactome","Anelloviridae.pbmc",FALSE
"R-HSA-56632201","R-HSA-5663220","RHO GTPases Activate Formins","5/548","126/8368",0.922516303347722,0.981908817798691,0.835937146824001,"5526/8655/79019/5516/1729",5,"down","Reactome","Anelloviridae.pbmc",FALSE
"R-HSA-3232142","R-HSA-3232142","SUMOylation of ubiquitinylation proteins","1/548","38/8368",0.924200141664909,0.981908817798691,0.835937146824001,"129401",1,"down","Reactome","Anelloviridae.pbmc",FALSE
"R-HSA-445717","R-HSA-445717","Aquaporin-mediated transport","1/548","38/8368",0.924200141664909,0.981908817798691,0.835937146824001,"108",1,"down","Reactome","Anelloviridae.pbmc",FALSE
"R-HSA-5693616","R-HSA-5693616","Presynaptic phase of homologous DNA pairing and strand exchange","1/548","38/8368",0.924200141664909,0.981908817798691,0.835937146824001,"6119",1,"down","Reactome","Anelloviridae.pbmc",FALSE
"R-HSA-2160831","R-HSA-216083","Integrin cell surface interactions","2/548","64/8368",0.928859213048237,0.984849696803868,0.838440831443367,"3682/3680",2,"down","Reactome","Anelloviridae.pbmc",FALSE
"R-HSA-21873381","R-HSA-2187338","Visual phototransduction","2/548","64/8368",0.928859213048237,0.984849696803868,0.838440831443367,"5947/805",2,"down","Reactome","Anelloviridae.pbmc",FALSE
"R-HSA-14335571","R-HSA-1433557","Signaling by SCF-KIT","1/548","40/8368",0.933845838027232,0.984849696803868,0.838440831443367,"3932",1,"down","Reactome","Anelloviridae.pbmc",FALSE
"R-HSA-168276","R-HSA-168276","NS1 Mediated Effects on Host Pathways","1/548","40/8368",0.933845838027232,0.984849696803868,0.838440831443367,"129401",1,"down","Reactome","Anelloviridae.pbmc",FALSE
"R-HSA-39286621","R-HSA-3928662","EPHB-mediated forward signaling","1/548","40/8368",0.933845838027232,0.984849696803868,0.838440831443367,"1949",1,"down","Reactome","Anelloviridae.pbmc",FALSE
"R-HSA-6804756","R-HSA-6804756","Regulation of TP53 Activity through Phosphorylation","3/548","89/8368",0.937176194151367,0.984849696803868,0.838440831443367,"6119/6233/5600",3,"down","Reactome","Anelloviridae.pbmc",FALSE
"R-HSA-96628511","R-HSA-9662851","Anti-inflammatory response favouring Leishmania parasite infection","3/548","89/8368",0.937176194151367,0.984849696803868,0.838440831443367,"108/10888/805",3,"down","Reactome","Anelloviridae.pbmc",FALSE
"R-HSA-96644331","R-HSA-9664433","Leishmania parasite growth and survival","3/548","89/8368",0.937176194151367,0.984849696803868,0.838440831443367,"108/10888/805",3,"down","Reactome","Anelloviridae.pbmc",FALSE
"R-HSA-1123151","R-HSA-112315","Transmission across Chemical Synapses","7/548","171/8368",0.937503659778785,0.984849696803868,0.838440831443367,"27092/108/6804/217/805/10550/27020",7,"down","Reactome","Anelloviridae.pbmc",FALSE
"R-HSA-159231","R-HSA-159231","Transport of Mature mRNA Derived from an Intronless Transcript","1/548","41/8368",0.938198921692106,0.984849696803868,0.838440831443367,"129401",1,"down","Reactome","Anelloviridae.pbmc",FALSE
"R-HSA-1793185","R-HSA-1793185","Chondroitin sulfate/dermatan sulfate metabolism","1/548","41/8368",0.938198921692106,0.984849696803868,0.838440831443367,"3074",1,"down","Reactome","Anelloviridae.pbmc",FALSE
"R-HSA-383280","R-HSA-383280","Nuclear Receptor transcription pathway","1/548","41/8368",0.938198921692106,0.984849696803868,0.838440831443367,"6097",1,"down","Reactome","Anelloviridae.pbmc",FALSE
"R-HSA-5693579","R-HSA-5693579","Homologous DNA Pairing and Strand Exchange","1/548","41/8368",0.938198921692106,0.984849696803868,0.838440831443367,"6119",1,"down","Reactome","Anelloviridae.pbmc",FALSE
"R-HSA-713871","R-HSA-71387","Metabolism of carbohydrates","11/548","248/8368",0.939606110336222,0.98541947174176,0.83892590299714,"4190/3074/5836/5516/6484/6652/805/6233/5631/3099/129401",11,"down","Reactome","Anelloviridae.pbmc",FALSE
"R-HSA-56689141","R-HSA-5668914","Diseases of metabolism","8/548","192/8368",0.941067636190753,0.985471559078707,0.8389702469719,"3074/4548/326625/6233/113612/79053/199857/54657",8,"down","Reactome","Anelloviridae.pbmc",FALSE
"R-HSA-25002571","R-HSA-2500257","Resolution of Sister Chromatid Cohesion","4/548","112/8368",0.941384673540975,0.985471559078707,0.8389702469719,"5526/8655/79019/5516",4,"down","Reactome","Anelloviridae.pbmc",FALSE
"R-HSA-159234","R-HSA-159234","Transport of Mature mRNAs Derived from Intronless Transcripts","1/548","42/8368",0.942266051620379,0.98548926499746,0.838985320708826,"129401",1,"down","Reactome","Anelloviridae.pbmc",FALSE
"R-HSA-9831891","R-HSA-983189","Kinesins","1/548","43/8368",0.946065980002799,0.987267028699465,0.840498800056239,"23095",1,"down","Reactome","Anelloviridae.pbmc",FALSE
"R-HSA-199992","R-HSA-199992","trans-Golgi Network Vesicle Budding","2/548","69/8368",0.94617327771127,0.987267028699465,0.840498800056239,"286451/6643",2,"down","Reactome","Anelloviridae.pbmc",FALSE
"R-HSA-760021","R-HSA-76002","Platelet activation, signaling and aggregation","9/548","214/8368",0.946563914358346,0.987267028699465,0.840498800056239,"5583/2769/6813/7018/29789/805/6464/54676/3932",9,"down","Reactome","Anelloviridae.pbmc",FALSE
"R-HSA-90069361","R-HSA-9006936","Signaling by TGFB family members","3/548","93/8368",0.948466457765977,0.988347131492883,0.841418333551651,"6233/10589/7027",3,"down","Reactome","Anelloviridae.pbmc",FALSE
"R-HSA-3730801","R-HSA-373080","Class B/2 (Secretin family receptors)","1/548","44/8368",0.949616231409222,0.988641555987683,0.841668988569385,"8323",1,"down","Reactome","Anelloviridae.pbmc",FALSE
"R-HSA-21427531","R-HSA-2142753","Arachidonic acid metabolism","1/548","45/8368",0.952933183017552,0.989843439934299,0.842692199094574,"113612",1,"down","Reactome","Anelloviridae.pbmc",FALSE
"R-HSA-4212701","R-HSA-421270","Cell-cell junction organization","1/548","45/8368",0.952933183017552,0.989843439934299,0.842692199094574,"24146",1,"down","Reactome","Anelloviridae.pbmc",FALSE
"R-HSA-44200971","R-HSA-4420097","VEGFA-VEGFR2 Pathway","3/548","95/8368",0.953375523726193,0.989843439934299,0.842692199094574,"805/5600/55615",3,"down","Reactome","Anelloviridae.pbmc",FALSE
"R-HSA-1708341","R-HSA-170834","Signaling by TGF-beta Receptor Complex","2/548","72/8368",0.954551766050946,0.990162887441381,0.842964157175396,"6233/7027",2,"down","Reactome","Anelloviridae.pbmc",FALSE
"R-HSA-90071011","R-HSA-9007101","Rab regulation of trafficking","4/548","120/8368",0.95935499892592,0.994240635250499,0.846435702401625,"4943/7531/23163/26000",4,"down","Reactome","Anelloviridae.pbmc",FALSE
"R-HSA-1665201","R-HSA-166520","Signaling by NTRKs","4/548","121/8368",0.961202735533682,0.995250788835965,0.847295685417137,"5516/6464/5598/5600",4,"down","Reactome","Anelloviridae.pbmc",FALSE
"R-HSA-9832311","R-HSA-983231","Factors involved in megakaryocyte development and platelet production","4/548","122/8368",0.962972466823581,0.996178413955429,0.848085408741371,"23095/23186/4097/8353",4,"down","Reactome","Anelloviridae.pbmc",FALSE
"R-HSA-9137091","R-HSA-913709","O-linked glycosylation of mucins","1/548","49/8368",0.96415944153176,0.996502051991121,0.8483609343821,"6484",1,"down","Reactome","Anelloviridae.pbmc",FALSE
"R-HSA-1748241","R-HSA-174824","Plasma lipoprotein assembly, remodeling, and clearance","1/548","51/8368",0.96872605589255,0.997003116968096,0.848787510475148,"3988",1,"down","Reactome","Anelloviridae.pbmc",FALSE
"R-HSA-20220901","R-HSA-2022090","Assembly of collagen fibrils and other multimeric structures","1/548","51/8368",0.96872605589255,0.997003116968096,0.848787510475148,"4017",1,"down","Reactome","Anelloviridae.pbmc",FALSE
"R-HSA-1941381","R-HSA-194138","Signaling by VEGF","3/548","103/8368",0.968963277101326,0.997003116968096,0.848787510475148,"805/5600/55615",3,"down","Reactome","Anelloviridae.pbmc",FALSE
"R-HSA-96581951","R-HSA-9658195","Leishmania infection","6/548","170/8368",0.970692150733526,0.997003116968096,0.848787510475148,"108/3326/10888/4907/805/4651",6,"down","Reactome","Anelloviridae.pbmc",FALSE
"R-HSA-1660499","R-HSA-1660499","Synthesis of PIPs at the plasma membrane","1/548","52/8368",0.970786669259255,0.997003116968096,0.848787510475148,"8394",1,"down","Reactome","Anelloviridae.pbmc",FALSE
"R-HSA-14832551","R-HSA-1483255","PI Metabolism","2/548","80/8368",0.971230615358294,0.997003116968096,0.848787510475148,"9108/8394",2,"down","Reactome","Anelloviridae.pbmc",FALSE
"R-HSA-31082321","R-HSA-3108232","SUMO E3 ligases SUMOylate target proteins","6/548","171/8368",0.971899004950062,0.997003116968096,0.848787510475148,"10891/11315/5111/129401/648/6613",6,"down","Reactome","Anelloviridae.pbmc",FALSE
"R-HSA-1123141","R-HSA-112314","Neurotransmitter receptors and postsynaptic signal transmission","4/548","128/8368",0.972110562694962,0.997003116968096,0.848787510475148,"27092/108/805/27020",4,"down","Reactome","Anelloviridae.pbmc",FALSE
"R-HSA-30001781","R-HSA-3000178","ECM proteoglycans","1/548","53/8368",0.972711742040151,0.997003116968096,0.848787510475148,"3680",1,"down","Reactome","Anelloviridae.pbmc",FALSE
"R-HSA-20294801","R-HSA-2029480","Fcgamma receptor (FCGR) dependent phagocytosis","2/548","83/8368",0.975814065610886,0.997003116968096,0.848787510475148,"3326/4651",2,"down","Reactome","Anelloviridae.pbmc",FALSE
"R-HSA-4380641","R-HSA-438064","Post NMDA receptor activation events","1/548","55/8368",0.976190283216396,0.997003116968096,0.848787510475148,"805",1,"down","Reactome","Anelloviridae.pbmc",FALSE
"R-HSA-1936481","R-HSA-193648","NRAGE signals death through JNK","1/548","56/8368",0.977759839910419,0.997003116968096,0.848787510475148,"7984",1,"down","Reactome","Anelloviridae.pbmc",FALSE
"R-HSA-29908461","R-HSA-2990846","SUMOylation","6/548","177/8368",0.978229623055041,0.997003116968096,0.848787510475148,"10891/11315/5111/129401/648/6613",6,"down","Reactome","Anelloviridae.pbmc",FALSE
"R-HSA-37818651","R-HSA-3781865","Diseases of glycosylation","3/548","112/8368",0.980585182123398,0.997003116968096,0.848787510475148,"3074/79053/199857",3,"down","Reactome","Anelloviridae.pbmc",FALSE
"R-HSA-96644071","R-HSA-9664407","Parasite infection","1/548","58/8368",0.98059586868088,0.997003116968096,0.848787510475148,"4651",1,"down","Reactome","Anelloviridae.pbmc",FALSE
"R-HSA-96644171","R-HSA-9664417","Leishmania phagocytosis","1/548","58/8368",0.98059586868088,0.997003116968096,0.848787510475148,"4651",1,"down","Reactome","Anelloviridae.pbmc",FALSE
"R-HSA-96644221","R-HSA-9664422","FCGR3A-mediated phagocytosis","1/548","58/8368",0.98059586868088,0.997003116968096,0.848787510475148,"4651",1,"down","Reactome","Anelloviridae.pbmc",FALSE
"R-HSA-3727901","R-HSA-372790","Signaling by GPCR","21/548","473/8368",0.981885648727973,0.997003116968096,0.848787510475148,"5583/7984/2769/108/6361/5516/5947/10888/4922/805/1238/2796/8323/5598/80346/2915/3627/23566/10663/5021/6352",21,"down","Reactome","Anelloviridae.pbmc",FALSE
"R-HSA-3737601","R-HSA-373760","L1CAM interactions","2/548","89/8368",0.982958314731643,0.997003116968096,0.848787510475148,"3680/100133941",2,"down","Reactome","Anelloviridae.pbmc",FALSE
"R-HSA-446219","R-HSA-446219","Synthesis of substrates in N-glycan biosythesis","1/548","60/8368",0.983070826957566,0.997003116968096,0.848787510475148,"6484",1,"down","Reactome","Anelloviridae.pbmc",FALSE
"R-HSA-67858071","R-HSA-6785807","Interleukin-4 and Interleukin-13 signaling","2/548","91/8368",0.984848174341491,0.997003116968096,0.848787510475148,"5292/6097",2,"down","Reactome","Anelloviridae.pbmc",FALSE
"R-HSA-3883961","R-HSA-388396","GPCR downstream signalling","18/548","429/8368",0.987314166423401,0.997003116968096,0.848787510475148,"5583/7984/2769/108/5516/5947/10888/4922/805/2796/5598/80346/2915/3627/23566/10663/5021/6352",18,"down","Reactome","Anelloviridae.pbmc",FALSE
"R-HSA-1943151","R-HSA-194315","Signaling by Rho GTPases","17/548","411/8368",0.987687962102649,0.997003116968096,0.848787510475148,"7984/5526/8655/79019/5516/7531/103910/9322/1729/805/3017/201176/8347/8349/5600/85236/8353",17,"down","Reactome","Anelloviridae.pbmc",FALSE
"R-HSA-4427551","R-HSA-442755","Activation of NMDA receptors and postsynaptic events","1/548","65/8368",0.987965585049605,0.997003116968096,0.848787510475148,"805",1,"down","Reactome","Anelloviridae.pbmc",FALSE
"R-HSA-16303161","R-HSA-1630316","Glycosaminoglycan metabolism","2/548","99/8368",0.990567748527203,0.997003116968096,0.848787510475148,"3074/6484",2,"down","Reactome","Anelloviridae.pbmc",FALSE
"R-HSA-4164821","R-HSA-416482","G alpha (12/13) signalling events","1/548","69/8368",0.990842227390435,0.997003116968096,0.848787510475148,"7984",1,"down","Reactome","Anelloviridae.pbmc",FALSE
"R-HSA-4185941","R-HSA-418594","G alpha (i) signalling events","8/548","244/8368",0.99227364531601,0.997003116968096,0.848787510475148,"108/5516/5947/805/3627/23566/10663/6352",8,"down","Reactome","Anelloviridae.pbmc",FALSE
"R-HSA-90069341","R-HSA-9006934","Signaling by Receptor Tyrosine Kinases","18/548","445/8368",0.992415608851707,0.997003116968096,0.848787510475148,"5516/10254/3925/23163/1729/6455/5664/805/6233/5440/6464/5598/5436/685/3932/5600/55615/90423",18,"down","Reactome","Anelloviridae.pbmc",FALSE
"R-HSA-14742901","R-HSA-1474290","Collagen formation","1/548","72/8368",0.992539384284054,0.997003116968096,0.848787510475148,"4017",1,"down","Reactome","Anelloviridae.pbmc",FALSE
"R-HSA-4467281","R-HSA-446728","Cell junction organization","1/548","72/8368",0.992539384284054,0.997003116968096,0.848787510475148,"24146",1,"down","Reactome","Anelloviridae.pbmc",FALSE
"R-HSA-56191021","R-HSA-5619102","SLC transporter disorders","1/548","72/8368",0.992539384284054,0.997003116968096,0.848787510475148,"129401",1,"down","Reactome","Anelloviridae.pbmc",FALSE
"R-HSA-1948401","R-HSA-194840","Rho GTPase cycle","3/548","130/8368",0.99263029627964,0.997003116968096,0.848787510475148,"7984/9322/201176",3,"down","Reactome","Anelloviridae.pbmc",FALSE
"R-HSA-51731051","R-HSA-5173105","O-linked glycosylation","1/548","82/8368",0.996234552396599,0.999421388865323,0.850846279347948,"6484",1,"down","Reactome","Anelloviridae.pbmc",FALSE
"R-HSA-1095821","R-HSA-109582","Hemostasis","18/548","474/8368",0.997170825239829,0.999421388865323,0.850846279347948,"5583/23095/2769/5526/6717/6813/23186/7018/8797/5516/914/29789/805/6464/54676/3932/4097/8353",18,"down","Reactome","Anelloviridae.pbmc",FALSE
"R-HSA-88761981","R-HSA-8876198","RAB GEFs exchange GTP for GDP on RABs","1/548","89/8368",0.997668018007664,0.999421388865323,0.850846279347948,"7531",1,"down","Reactome","Anelloviridae.pbmc",FALSE
"R-HSA-15009311","R-HSA-1500931","Cell-Cell communication","1/548","99/8368",0.998824735439492,0.999701666726094,0.851084890786203,"24146",1,"down","Reactome","Anelloviridae.pbmc",FALSE
"R-HSA-14742441","R-HSA-1474244","Extracellular matrix organization","4/548","224/8368",0.99982582955691,0.99982582955691,0.851190595430721,"3682/2202/4017/3680",4,"down","Reactome","Anelloviridae.pbmc",FALSE
