"","virus_compartment","feature","shape","average","summed_virus_smooth_coefficients","average_virus_smooth_coefficients","average_coefficient","virus_n","control_n","shape.adj","average.adj"
"1","Anelloviridae.pbmc","CXCL8","0.549823604612205","0.38597096235181","0.530469962071722","0.058941106896858","0.0523493372546306","170","492",0.683564481409768,0.724680174211562
"2","Anelloviridae.pbmc","VEGFA","0.176505666147137","0.284605786093923","0.506646521982659","0.0562940579980733","0.0434116872480512","170","492",0.369057301944014,0.617908410870446
"3","Anelloviridae.pbmc","CD8A","0.30674142736886","0.853935419223389","0.61808267553577","0.0686758528373078","-0.0118947135795642","170","492",0.513094751235184,0.952078744264048
"4","Anelloviridae.pbmc","CCL7","0.0498409515921255","0.617878646524683","0.447771189648371","0.0497523544053746","0.0354202445493425","170","492",0.159249423074225,0.87468875635052
"5","Anelloviridae.pbmc","GDNF","0.57851337182391","0.825739170206933","-0.176212223807351","-0.0195791359785946","0.00743918294595635","170","492",0.70964306943733,0.952078744264048
"6","Anelloviridae.pbmc","CDCP1","0.0051511747431206","0.907003211129804","1.20238612061606","0.133598457846229","-0.00521216072300181","170","492",0.0526564529296772,0.952078744264048
"7","Anelloviridae.pbmc","CD244","0.807819274482498","0.591721289734905","0.0665482014167838","0.00739424460186487","-0.0154626450224248","170","492",0.864178758748719,0.87468875635052
"8","Anelloviridae.pbmc","IL7","0.690114993957138","0.341749144547154","0.105873349969379","0.0117637055521532","-0.0405419488057042","170","492",0.774275359073862,0.683498289094308
"9","Anelloviridae.pbmc","TNFRSF11B","0.490163293565417","0.372827734793471","-0.0325800661508225","-0.00362000735009139","0.0290818189707615","170","492",0.626319764000255,0.714586491687486
"10","Anelloviridae.pbmc","TGFB1","0.387624754150994","0.554313549040201","0.299096204070531","0.0332329115633923","-0.0158271137061687","170","492",0.576901132970926,0.849947441861642
"11","Anelloviridae.pbmc","PLAU","0.00498000195588599","0.977516984409763","0.493807976680753","0.0548675529645281","-0.000814816042359465","170","492",0.0526564529296772,0.978871732125152
"12","Anelloviridae.pbmc","IL6","0.236073346752457","0.00517883066899886","1.01053513657228","0.112281681841364","0.259389705437113","170","492",0.443239753086246,0.0957501741539838
"13","Anelloviridae.pbmc","IL17C","0.61137506315107","0.00624457657525981","0.405842481105021","0.045093609011669","0.177581852844823","170","492",0.730474101427252,0.0957501741539838
"14","Anelloviridae.pbmc","CCL2","0.465256358279602","0.192031476519307","0.467512417213065","0.051945824134785","0.0622038163958033","170","492",0.611479785167477,0.492585730186379
"15","Anelloviridae.pbmc","IL17A","0.981875588726933","0.70517183906098","0.0129383473878067","0.00143759415420075","0.0188018484369623","169","491",0.981875588726933,0.91932639193096
"16","Anelloviridae.pbmc","CXCL11","0.000166080699359417","0.964524355894014","2.39011824274564","0.265568693638404","0.00317350372566495","170","492",0.00509314144702212,0.978871732125152
"17","Anelloviridae.pbmc","AXIN1","0.62624816810935","0.355420789352434","-0.319609088360572","-0.0355121209289524","-0.0414327446432081","170","492",0.73865168546231,0.695717289796254
"18","Anelloviridae.pbmc","TNFSF10","0.0345711600725399","0.709480150294545","-0.784339468498085","-0.0871488298331206","-0.00986062173240446","170","492",0.130533371654452,0.91932639193096
"19","Anelloviridae.pbmc","IL20RA","0.428353632398851","0.34019115242811","0.235171681023365","0.0261301867803739","0.0280507719523132","170","492",0.583857362317449,0.683498289094308
"20","Anelloviridae.pbmc","CXCL9","0.105167777847274","0.748349034413724","1.35522408650454","0.15058045405606","-0.0223088432163837","170","492",0.254616725314453,0.942394700338291
"21","Anelloviridae.pbmc","CST5","0.0126602089626566","0.0423904167792714","-0.301888399703231","-0.0335431555225813","0.101410291537221","170","492",0.0763527930441815,0.242495698755356
"22","Anelloviridae.pbmc","IL2RB","0.748716265304919","0.57496571237196","0.101312520244669","0.0112569466938521","-0.012555061917647","170","492",0.810375251859442,0.867161402265907
"23","Anelloviridae.pbmc","IL1A","0.406912200530377","0.706162382449746","0.302290133405112","0.033587792600568","0.0108140558898935","170","492",0.583857362317449,0.91932639193096
"24","Anelloviridae.pbmc","OSM","0.077305336021923","0.910684016252568","-0.15502565378641","-0.0172250726429345","-0.00636310727521777","170","492",0.20320259754334,0.952078744264048
"25","Anelloviridae.pbmc","IL2","0.302236889437769","0.637293677952603","0.190207866884793","0.0211342074316437","0.00776616349542434","170","492",0.513094751235184,0.87508982644238
"26","Anelloviridae.pbmc","CXCL1","0.395051862795308","0.14659146859926","0.367699570829438","0.0408555078699375","0.0746610408288711","170","492",0.576901132970926,0.432654037576227
"27","Anelloviridae.pbmc","TSLP","0.285879982372687","0.258605238141038","-0.467666004724555","-0.0519628894138394","-0.0485002421900218","170","491",0.505787661120908,0.610043125871166
"28","Anelloviridae.pbmc","CCL4","0.965539822204314","0.295521413894561","-0.0217926213351755","-0.00242140237057505","-0.0440636582922783","170","492",0.978050107427721,0.617908410870446
"29","Anelloviridae.pbmc","CD6","0.0170117322052635","0.417033620413364","0.263358539217668","0.0292620599130742","-0.0314207040160376","170","492",0.0806898137071912,0.737641685877363
"30","Anelloviridae.pbmc","KITLG","0.67204381904373","0.908263581368362","-0.230514430700344","-0.0256127145222605","0.00508343481330869","170","492",0.772850391900289,0.952078744264048
"31","Anelloviridae.pbmc","IL18","1.86225953952013e-06","0.137040987231083","1.31697115033247","0.146330127814719","0.0678949740367135","170","492",0.000171327877635852,0.422722410713565
"32","Anelloviridae.pbmc","SLAMF1","0.060961527315597","0.611403235730773","0.698010438532066","0.0775567153924517","0.0218560735760013","170","492",0.180918081065643,0.87468875635052
"33","Anelloviridae.pbmc","TGFA","0.010139093472794","0.409486830957986","-0.262588813313308","-0.0291765348125898","0.0419637691313601","170","492",0.0705590416113287,0.737641685877363
"34","Anelloviridae.pbmc","CCL13","0.452319846026751","0.0448089878134897","0.386134670493892","0.0429038522770992","-0.0995582120533101","170","492",0.603093128035668,0.242495698755356
"35","Anelloviridae.pbmc","CCL11","0.856941011662163","0.127446736774208","0.0599230963954317","0.00665812182171463","0.0512357862728434","170","492",0.897831525308785,0.422722410713565
"36","Anelloviridae.pbmc","TNFSF14","0.85879537203449","0.0178874550203114","-0.104852984806317","-0.0116503316451464","-0.102324490235388","170","492",0.897831525308785,0.149604169260786
"37","Anelloviridae.pbmc","FGF23","0.164448975467316","0.00101444261998413","0.702840801289198","0.0780934223654664","0.268272394458611","170","492",0.360221565309359,0.04666436051927
"38","Anelloviridae.pbmc","IL10RA","0.393717798260611","0.132146532509191","0.151702490831099","0.0168558323145666","-0.0711034250426112","170","492",0.576901132970926,0.422722410713565
"39","Anelloviridae.pbmc","FGF5","0.431546746060723","0.0502282181394822","0.181752297920296","0.0201946997689218","0.0497049129873236","170","492",0.583857362317449,0.24321031941223
"40","Anelloviridae.pbmc","MMP1","0.235706768131921","0.869192543162367","-0.377233323728243","-0.0419148137475826","-0.00840185642348005","170","492",0.443239753086246,0.952078744264048
"41","Anelloviridae.pbmc","LIFR","0.0047850729805558","0.857451441196578","0.76940959025112","0.0854899544723467","-0.0044474946406264","170","492",0.0526564529296772,0.952078744264048
"42","Anelloviridae.pbmc","FGF21","0.0154445023567962","0.549855783341285","-0.305814242651526","-0.033979360294614","-0.0654354161662217","170","492",0.0789385676014028,0.849947441861642
"43","Anelloviridae.pbmc","CCL19","0.393627166833931","0.619922407346659","0.728911775146775","0.0809901972385306","-0.0359069970536339","170","492",0.576901132970926,0.87468875635052
"44","Anelloviridae.pbmc","IL15RA","0.00583837303632401","0.0056962588020683","0.825315520880291","0.0917017245422545","0.0929518882635194","170","492",0.0537130319341809,0.0957501741539838
"45","Anelloviridae.pbmc","IL10RB","0.0325159709385409","0.0698915709373329","0.537567098376327","0.0597296775973697","0.0517121342266525","170","492",0.130063883754164,0.303348113938408
"46","Anelloviridae.pbmc","IL22RA1","0.0501981877081796","0.277629170350052","0.879873656823132","0.0977637396470147","0.0416202481793767","170","492",0.159249423074225,0.617908410870446
"47","Anelloviridae.pbmc","IL18R1","0.00173963038900726","0.424945753820655","0.422451518198584","0.0469390575776205","0.0267065400711352","170","492",0.0266743326314447,0.737641685877363
"48","Anelloviridae.pbmc","CD274","0.00144694543017704","0.291436948065158","1.07908089901089","0.119897877667877","0.0426554104332005","170","492",0.0266237959152575,0.617908410870446
"49","Anelloviridae.pbmc","NGF","0.414931173009073","0.0628909469562792","0.0990829626592649","0.0110092180732517","-0.0195692446197267","170","492",0.583857362317449,0.289298355998884
"50","Anelloviridae.pbmc","CXCL5","0.0368898659023451","0.743991230783543","-1.13441239909001","-0.126045822121112","-0.0236201863644205","170","492",0.130533371654452,0.942394700338291
"51","Anelloviridae.pbmc","TNFSF11","9.40517499152804e-05","0.155491023147683","-2.11225253093304","-0.234694725659226","-0.0671509509146629","170","492",0.0043263804961029,0.433490125138995
"52","Anelloviridae.pbmc","HGF","0.00084270678793269","0.210799958202534","0.566429610803414","0.0629366234226015","0.0642466591632739","170","492",0.0193822561224519,0.524151247422517
"53","Anelloviridae.pbmc","IL12B","0.544676948982417","0.1363690394383","-0.507132540876235","-0.0563480600973595","-0.114046673139446","170","492",0.683564481409768,0.422722410713565
"54","Anelloviridae.pbmc","IL24","0.00989854518692923","0.0110648552522765","1.36235956250183","0.151373284722426","0.126312610356137","170","482",0.0705590416113287,0.136174975974227
"55","Anelloviridae.pbmc","IL13","0.0273583865014355","0.978871732125152","0.724855762592671","0.0805395291769635","-0.00102691061530441","170","492",0.114407798096912,0.978871732125152
"56","Anelloviridae.pbmc","ARTN","0.0904054344334308","0.517632728118204","0.191854301535296","0.0213171446150329","0.0196361272088364","170","492",0.224791891023666,0.821072603221979
"57","Anelloviridae.pbmc","MMP10","0.0754922376498919","0.00067045207985855","0.850544366434071","0.0945049296037856","0.159676577513923","170","492",0.20320259754334,0.04666436051927
"58","Anelloviridae.pbmc","IL10","0.0197197605582073","0.137844264363119","0.980847229917972","0.108983025546441","0.087294093977055","170","492",0.0863913319692891,0.422722410713565
"59","Anelloviridae.pbmc","TNF","0.0735591984604446","0.0781326300920036","0.866006480440877","0.0962229422712086","0.0806731961580282","170","492",0.20320259754334,0.312530520368014
"60","Anelloviridae.pbmc","CCL23","0.0175412638493894","0.758013128532973","1.00234178269384","0.111371309188204","-0.0108243039109541","170","492",0.0806898137071912,0.942394700338291
"61","Anelloviridae.pbmc","CD5","0.173028747000085","0.869648323430878","0.417683729698318","0.0464093032998131","0.00635543817863566","170","492",0.369057301944014,0.952078744264048
"62","Anelloviridae.pbmc","CCL3","0.920294007714141","0.150488360896079","0.0645255705887338","0.00716950784319265","0.0955370310503495","170","492",0.951315154041584,0.432654037576227
"63","Anelloviridae.pbmc","FLT3LG","0.220926711508282","0.84352344999924","0.010186338948108","0.00113181543867867","0.00936187996993037","170","492",0.434721894698715,0.952078744264048
"64","Anelloviridae.pbmc","CXCL6","0.0416208864765308","0.823486330406406","0.870620573400742","0.0967356192667491","0.0117837168357661","170","492",0.141819316882994,0.952078744264048
"65","Anelloviridae.pbmc","CXCL10","0.0146391836712525","0.901880962242359","1.13647913444996","0.126275459383329","0.00772502654989295","170","492",0.0789385676014028,0.952078744264048
"66","Anelloviridae.pbmc","EIF4EBP1","0.649248316312902","0.502045639152181","-0.301835913224783","-0.0335373236916426","0.0374872244178949","170","492",0.756086646845405,0.821072603221979
"67","Anelloviridae.pbmc","IL20","0.060608510105948","0.849912845231166","0.532060915053537","0.059117879450393","0.00492125970813708","170","492",0.180918081065643,0.952078744264048
"68","Anelloviridae.pbmc","SIRT2","0.241127492771268","0.508737616685694","0.663255527777624","0.0736950586419582","-0.0358662433085096","170","492",0.443674586699133,0.821072603221979
"69","Anelloviridae.pbmc","CCL28","0.328340711479896","0.0205985186235256","-0.511589438833988","-0.0568432709815543","0.100437878548045","170","492",0.529953429055271,0.157921976113696
"70","Anelloviridae.pbmc","DNER","0.296177047147862","0.0725397663765759","-0.224289478977937","-0.0249210532197708","-0.0361856567029987","170","492",0.513094751235184,0.303348113938408
"71","Anelloviridae.pbmc","S100A12","0.489869369176027","0.495881383955159","0.454054773370784","0.0504505303745315","0.0391604916932432","170","492",0.626319764000255,0.821072603221979
"72","Anelloviridae.pbmc","CD40","0.0867719684354393","0.0127593833511539","0.639588158306681","0.0710653509229646","0.105272564262812","170","492",0.221750586001678,0.136174975974227
"73","Anelloviridae.pbmc","IL33","0.0132787466163794","0.782742895411312","0.735847895204794","0.0817608772449771","0.00686309456186202","170","492",0.0763527930441815,0.952078744264048
"74","Anelloviridae.pbmc","IFNG","0.112310209378708","0.627494107816677","1.66740411220712","0.185267123578569","-0.0553756862515546","170","492",0.264936904175414,0.87468875635052
"75","Anelloviridae.pbmc","FGF19","0.222086185335213","0.488530556888143","1.29596708874156","0.143996343193507","-0.0430328702057267","170","492",0.434721894698715,0.821072603221979
"76","Anelloviridae.pbmc","IL4","0.036232683755006","0.0366848361309849","-0.863900975847583","-0.0959889973163981","-0.0858131276356816","170","492",0.130533371654452,0.225000328270041
"77","Anelloviridae.pbmc","LIF","0.191637520659879","0.0239124384216665","0.627109129425197","0.0696787921583552","0.0754922949608561","170","492",0.391792264460197,0.169226487291794
"78","Anelloviridae.pbmc","NRTN","0.0107372454625935","0.220512624376701","0.784541566908105","0.0871712852120117","-0.0376645518810544","170","492",0.0705590416113287,0.533872669543592
"79","Anelloviridae.pbmc","CCL8","0.0673129432399431","0.407515038270824","0.663490736089865","0.0737211928988738","-0.0531173081908641","170","492",0.193524711814836,0.737641685877363
"80","Anelloviridae.pbmc","CASP8","0.735758826954899","0.704998658732482","0.136833640425009","0.0152037378250011","0.0169852048604541","170","492",0.810375251859442,0.91932639193096
"81","Anelloviridae.pbmc","CCL25","0.590982776000514","0.00333567205812431","0.193154406231609","0.021461600692401","0.127283097993945","170","492",0.715400202526938,0.0957501741539838
"82","Anelloviridae.pbmc","CX3CL1","0.138611805045478","0.013321465040957","0.58093620806216","0.0645484675624622","0.106978139388148","170","492",0.318807151604599,0.136174975974227
"83","Anelloviridae.pbmc","TNFRSF9","0.74198741306225","0.192750937899018","0.295441181271894","0.0328267979190993","0.0774473625736549","170","492",0.810375251859442,0.492585730186379
"84","Anelloviridae.pbmc","NTF3","0.279804682746533","0.173092320028806","0.315607467121516","0.0350674963468351","-0.0398495197930658","170","492",0.504745702209432,0.468367454195593
"85","Anelloviridae.pbmc","TNFSF12","0.00663895418108607","0.0279271800804024","-0.0328970620496157","-0.00365522911662397","-0.0684359809134705","170","492",0.0555257986054471,0.183521469099787
"86","Anelloviridae.pbmc","CCL20","0.146407957920214","0.0497790311998468","0.996421013917315","0.110713445990813","0.142863139500146","170","492",0.328525173869748,0.24321031941223
"87","Anelloviridae.pbmc","SULT1A1","0.967419127999159","0.11939308886237","-0.03515605155956","-0.00390622795106222","-0.0913940956967218","170","492",0.978050107427721,0.422722410713565
"88","Anelloviridae.pbmc","STAMBP","0.390684439760393","0.94875269968853","0.0630490831077964","0.00700545367864405","-0.0028413021578073","170","492",0.576901132970926,0.978871732125152
"89","Anelloviridae.pbmc","IL5","0.343470783069282","0.870060181488271","0.391166183369788","0.0434629092633097","-0.00856600024494433","170","492",0.544815724868516,0.952078744264048
"90","Anelloviridae.pbmc","ADA","0.425287632391964","0.273527427133199","0.053623504519081","0.00595816716878678","0.040175420451079","170","492",0.583857362317449,0.617908410870446
"91","Anelloviridae.pbmc","LTA","0.327985315817013","0.0171785207627545","0.0937827730634029","0.0104203081181559","-0.0881296931666063","170","492",0.529953429055271,0.149604169260786
"92","Anelloviridae.pbmc","CSF1","0.690074618124512","0.0950231851620895","-0.0784982391768978","-0.00872202657521087","0.0301216759239826","170","492",0.774275359073862,0.364255543121343
"93","Enterovirus.nasal","CXCL8","0.441754790725156","0.970258702948843","1.09912601882586","0.122125113202874","0.00365498557734622","47","492",0.597668246275211,0.970258702948843
"94","Enterovirus.nasal","VEGFA","0.0232740511841125","0.877612201678755","1.51939445683027","0.168821606314474","-0.0102786643419844","47","492",0.0764718824620839,0.928049684533856
"95","Enterovirus.nasal","CD8A","0.0118140882398267","0.648634075739635","2.1130775603044","0.234786395589377","-0.0473166862154641","47","492",0.0691344155524744,0.828810207889534
"96","Enterovirus.nasal","CCL7","0.578555665583558","0.231736518868935","-0.778023614156992","-0.0864470682396658","0.141740797387118","47","492",0.693236138695669,0.756960693281765
"97","Enterovirus.nasal","GDNF","0.696331745583443","0.17008091860207","-0.177127632999082","-0.0196808481110091","-0.0741743541107065","47","492",0.744913030159032,0.756960693281765
"98","Enterovirus.nasal","CDCP1","0.0189971193275989","0.829365145649665","1.66369104690953","0.184854560767726","-0.0164272292703873","47","492",0.0699093991255639,0.927046743397163
"99","Enterovirus.nasal","CD244","0.0416429387107065","0.0381450355086044","0.902121040686107","0.100235671187345","-0.0976583241945771","47","492",0.117662744477699,0.438667908348951
"100","Enterovirus.nasal","IL7","0.790294607932629","0.429582146523044","0.205633084877151","0.0228481205419057","-0.0567008761108279","47","492",0.826217090111385,0.816113961137375
"101","Enterovirus.nasal","TNFRSF11B","0.0470825669123769","0.293424129516314","1.45845202805591","0.162050225339546","-0.054876885809464","47","492",0.123759890169676,0.756960693281765
"102","Enterovirus.nasal","TGFB1","0.504757995048227","0.0148264978512178","0.39702900360617","0.0441143337340189","-0.11422590999011","47","492",0.663396222063384,0.304324201881393
"103","Enterovirus.nasal","PLAU","0.0434840577417585","0.0700518042271382","0.931183716345625","0.103464857371736","-0.0880992005951853","47","492",0.117662744477699,0.487364215232662
"104","Enterovirus.nasal","IL6","0.221383959803002","0.292533534151973","2.26495260121136","0.251661400134596","-0.153886952817621","47","492",0.345208886472478,0.756960693281765
"105","Enterovirus.nasal","IL17C","0.0170939157028618","0.870870322165278","2.86651951009053","0.318502167787837","-0.0169238819236837","47","492",0.0691344155524744,0.928049684533856
"106","Enterovirus.nasal","CCL2","0.0762699472493261","0.96332595840406","0.583139531150943","0.0647932812389937","-0.0036433738155009","47","492",0.167067503498524,0.970258702948843
"107","Enterovirus.nasal","IL17A","0.0690696398542123","0.922891366981197","1.55566648442127","0.172851831602364","0.00778876801647316","47","491",0.156848087426228,0.954000064744608
"108","Enterovirus.nasal","CXCL11","0.00280717928879631","0.846433983101757","3.43820848935696","0.382023165484107","0.0228414698291806","47","492",0.0691344155524744,0.927046743397163
"109","Enterovirus.nasal","AXIN1","0.613585410799688","0.0165393587979018","-0.530313872033945","-0.0589237635593272","-0.183904337976163","47","492",0.699402173247872,0.304324201881393
"110","Enterovirus.nasal","TNFSF10","0.214922242891615","0.69937754147904","0.80610720900861","0.0895674676676233","-0.0170838497099313","47","492",0.340911143897044,0.869496402919888
"111","Enterovirus.nasal","IL20RA","0.423249041936696","0.357213761940248","0.322489933976423","0.0358322148862692","0.0478263740462487","47","492",0.588189044319818,0.76640132557861
"112","Enterovirus.nasal","CXCL9","0.0206317348451059","0.516045072713017","3.05330902647257","0.339256558496953","-0.0747557607387717","47","492",0.0710837044772985,0.816113961137375
"113","Enterovirus.nasal","CST5","0.0858726405578763","0.569821574257042","0.54479164847157","0.06053240538573","-0.0459761865788859","47","492",0.175561842918325,0.816113961137375
"114","Enterovirus.nasal","IL2RB","0.132387462201172","0.634694744307908","-0.622582527651617","-0.0691758364057352","0.0176803537310284","47","492",0.248451321598417,0.828810207889534
"115","Enterovirus.nasal","IL1A","0.582342321887622","0.840282491790873","0.273995116659629","0.0304439018510699","-0.0089496914448599","47","492",0.693236138695669,0.927046743397163
"116","Enterovirus.nasal","OSM","0.393465004553466","0.197164553870841","0.595189435940091","0.066132159548899","-0.119914457789392","47","492",0.556904314137213,0.756960693281765
"117","Enterovirus.nasal","IL2","0.750350740006083","0.966646940737072","0.125698578987841","0.0139665087764268","0.00113258431142007","47","492",0.793474345753559,0.970258702948843
"118","Enterovirus.nasal","CXCL1","0.0157405756434753","0.803064982514648","1.99254466004612","0.221393851116235","0.0212309588919654","47","492",0.0691344155524744,0.923524729891845
"119","Enterovirus.nasal","TSLP","0.582147089710206","0.544845247453874","-0.55695811144249","-0.0618842346047211","0.0459163869812632","47","491",0.693236138695669,0.816113961137375
"120","Enterovirus.nasal","CCL4","0.0912403467568623","0.768034359329625","1.40364542627916","0.155960602919906","-0.020163094311041","47","492",0.182480693513725,0.905886680234942
"121","Enterovirus.nasal","CD6","0.191068645370729","0.374870213598233","0.706271352065392","0.0784745946739325","-0.0565802842999664","47","492",0.319605734074674,0.76640132557861
"122","Enterovirus.nasal","KITLG","0.20666260523897","0.265623729490139","0.143491876929552","0.0159435418810613","-0.0801673568196357","47","492",0.33356069617518,0.756960693281765
"123","Enterovirus.nasal","IL18","0.00927437220805671","0.337341178527743","1.4923350557131","0.165815006190344","-0.0745675298071384","47","492",0.0691344155524744,0.756960693281765
"124","Enterovirus.nasal","SLAMF1","0.0840336175764345","0.781708802191053","0.910673325548353","0.101185925060928","0.0192884115365378","47","492",0.175561842918325,0.910344427868062
"125","Enterovirus.nasal","TGFA","0.428355064885085","0.750640348160813","0.0921972873926477","0.0102441430436275","0.0257993068641336","47","492",0.588189044319818,0.896868987412919
"126","Enterovirus.nasal","CCL13","0.0157858150262139","0.240088235429464","2.63574907349727","0.292861008166364","-0.0961303303468","47","492",0.0691344155524744,0.756960693281765
"127","Enterovirus.nasal","CCL11","0.194804395796629","0.116166526858354","0.862224533508041","0.0958027259453379","-0.0855235538741795","47","492",0.320035793094462,0.59374002616492
"128","Enterovirus.nasal","TNFSF14","0.925603140723035","0.111227353522965","0.112808565002841","0.0125342850003157","-0.113280815173412","47","492",0.925603140723035,0.59374002616492
"129","Enterovirus.nasal","FGF23","0.136236687760576","0.430831472401163","1.47920377448753","0.164355974943059","0.0975195556966072","47","492",0.248451321598417,0.816113961137375
"130","Enterovirus.nasal","IL10RA","0.806957727459836","0.308531945900996","0.111507961715329","0.0123897735239255","-0.0825040931040219","47","492",0.834158549733763,0.756960693281765
"131","Enterovirus.nasal","FGF5","0.362603748925974","0.511671831251379","0.29943190520954","0.0332702116899488","-0.0303208100933161","47","492",0.529516585733168,0.816113961137375
"132","Enterovirus.nasal","MMP1","0.0484279113927364","0.0243603726112888","1.53223116106972","0.170247906785525","-0.198275908786891","47","492",0.12376021800366,0.320164897176938
"133","Enterovirus.nasal","LIFR","0.156069207743","0.463935019469888","0.487823801861056","0.0542026446512284","-0.028689651054543","47","492",0.270912587025585,0.816113961137375
"134","Enterovirus.nasal","FGF21","0.291118939226257","0.196693281170479","2.21442394275805","0.246047104750895","-0.226688027146215","47","492",0.431982942077672,0.756960693281765
"135","Enterovirus.nasal","CCL19","0.0646400181550444","0.0210575293663633","2.29579681742264","0.255088535269182","-0.260797074865946","47","492",0.152484145391387,0.320164897176938
"136","Enterovirus.nasal","IL15RA","0.033350555219694","0.588669927504036","0.819097877410076","0.0910108752677862","-0.0288870919203767","47","492",0.102275036007062,0.816113961137375
"137","Enterovirus.nasal","IL10RB","0.0166353088878725","0.27631585071133","0.804995728960903","0.0894439698845447","-0.0500911231858674","47","492",0.0691344155524744,0.756960693281765
"138","Enterovirus.nasal","IL22RA1","0.580087065730151","0.594343863002219","0.293616222656035","0.0326240247395594","0.0337057165767587","47","492",0.693236138695669,0.816113961137375
"139","Enterovirus.nasal","IL18R1","0.0698996911356015","0.823629808051095","0.832553080107456","0.0925058977897174","-0.0123869829093622","47","492",0.156848087426228,0.927046743397163
"140","Enterovirus.nasal","CD274","0.0431645763684041","0.662308105467185","0.589321945513259","0.0654802161681399","-0.0290982657304009","47","492",0.117662744477699,0.834689667164124
"141","Enterovirus.nasal","NGF","0.161931261265037","0.895404296638455","-0.28508742324145","-0.0316763803601611","0.0023387370736082","47","492",0.275882889562656,0.936104491940203
"142","Enterovirus.nasal","CXCL5","0.0833434582225008","0.0771142194818279","1.92885093596246","0.214316770662495","-0.215025510872336","47","492",0.175561842918325,0.487364215232662
"143","Enterovirus.nasal","TNFSF11","0.562332848522378","0.241967268551955","0.465072317592331","0.0516747019547035","-0.0902055956621258","47","492",0.693236138695669,0.756960693281765
"144","Enterovirus.nasal","HGF","0.0208615219661637","0.528557502550113","2.3138044553205","0.2570893839245","-0.0507822278943408","47","492",0.0710837044772985,0.816113961137375
"145","Enterovirus.nasal","IL12B","0.000884869788415232","0.00334775903883931","4.18526994330704","0.465029993700782","-0.353952109299606","47","492",0.0624725676284973,0.153996915786608
"146","Enterovirus.nasal","IL24","0.125955993837049","0.573837898344218","1.20585936548619","0.13398437394291","-0.0411708537551202","47","482",0.241415654854344,0.816113961137375
"147","Enterovirus.nasal","IL13","0.536467078224911","0.632697326531897","-0.39524553810728","-0.0439161709008089","-0.0306133181210886","47","492",0.693236138695669,0.828810207889534
"148","Enterovirus.nasal","ARTN","0.623113928978028","0.373750969209111","0.28053217152259","0.0311702412802878","-0.0428404372953106","47","492",0.699402173247872,0.76640132557861
"149","Enterovirus.nasal","MMP10","0.00851925270080856","0.0780195658817562","2.31874616120348","0.257638462355942","-0.131080179197452","47","492",0.0691344155524744,0.487364215232662
"150","Enterovirus.nasal","IL10","0.0183312955636366","0.30528672625405","2.77600401994788","0.30844489110532","0.0988359114543334","47","492",0.0699093991255639,0.756960693281765
"151","Enterovirus.nasal","TNF","0.00682619909619853","0.470314568499712","2.01018512043902","0.223353902271003","0.0553487639567843","47","492",0.0691344155524744,0.816113961137375
"152","Enterovirus.nasal","CCL23","0.00754770751301453","0.177813483290782","1.74144243231372","0.193493603590413","-0.0776095643083049","47","492",0.0691344155524744,0.756960693281765
"153","Enterovirus.nasal","CD5","0.00369895575207291","0.0965589325364019","1.5150408878843","0.168337876431589","-0.106036657956872","47","492",0.0691344155524744,0.555213862084311
"154","Enterovirus.nasal","CCL3","0.140429007859975","0.24982693425022","1.58028707055387","0.175587452283764","0.129955558250721","47","492",0.248451321598417,0.756960693281765
"155","Enterovirus.nasal","FLT3LG","0.368812927695701","0.554952652688487","0.953962960900226","0.10599588454447","-0.0472716360902695","47","492",0.53016858356257,0.816113961137375
"156","Enterovirus.nasal","CXCL6","0.0121851358806014","0.501716462960143","2.09598580964392","0.232887312182658","-0.0596339387842861","47","492",0.0691344155524744,0.816113961137375
"157","Enterovirus.nasal","CXCL10","0.00978211298876513","0.641217570148187","1.87609755863335","0.208455284292594","-0.0485467757494552","47","492",0.0691344155524744,0.828810207889534
"158","Enterovirus.nasal","EIF4EBP1","0.595278858227803","0.549095381181467","-0.707012426392417","-0.0785569362658241","-0.056238637974052","47","492",0.693236138695669,0.816113961137375
"159","Enterovirus.nasal","IL20","0.0972347094698466","0.274752780411003","-0.651497400797335","-0.0723886000885928","-0.0455809287182499","47","492",0.19033177172821,0.756960693281765
"160","Enterovirus.nasal","SIRT2","0.460442663936043","0.0670356164306774","-0.967929093370022","-0.107547677041114","-0.161370669268281","47","492",0.613923551914724,0.487364215232662
"161","Enterovirus.nasal","CCL28","0.832023142600311","0.750000444621648","-0.146776875626112","-0.0163085417362347","0.021938737648754","47","492",0.844558823736371,0.896868987412919
"162","Enterovirus.nasal","DNER","0.248392548919058","0.0666385523904764","-0.217521427708871","-0.0241690475232079","-0.0646329101667814","47","492",0.374624827877924,0.487364215232662
"163","Enterovirus.nasal","S100A12","0.68023194035941","0.566348142931432","-0.447510177871881","-0.0497233530968757","0.0531861114132297","47","492",0.739593551218726,0.816113961137375
"164","Enterovirus.nasal","CD40","0.00926401842927088","0.442908335870482","0.978169011819729","0.108685445757748","-0.0520922659615451","47","492",0.0691344155524744,0.816113961137375
"165","Enterovirus.nasal","IL33","0.835378836521845","0.316835888453022","0.0867892452539571","0.0096432494726619","-0.040465859860349","47","492",0.844558823736371,0.756960693281765
"166","Enterovirus.nasal","IFNG","0.00135809929627168","0.371248023633127","7.0043029927875","0.7782558880875","-0.167739042039138","47","492",0.0624725676284973,0.76640132557861
"167","Enterovirus.nasal","FGF19","0.592798426965157","0.490289819021895","-0.755215976760388","-0.0839128863067097","-0.0696526542921406","47","492",0.693236138695669,0.816113961137375
"168","Enterovirus.nasal","IL4","0.0416607129340025","0.29647783477384","-1.38483869220895","-0.153870965800994","-0.07463449218673","47","492",0.117662744477699,0.756960693281765
"169","Enterovirus.nasal","LIF","0.0164019745640727","0.628913952234432","1.57073486795375","0.174526096439306","0.0230094275475965","47","492",0.0691344155524744,0.828810207889534
"170","Enterovirus.nasal","NRTN","0.00651500701096025","0.859229914876835","1.20017280419474","0.133352533799415","-0.00952859078366735","47","492",0.0691344155524744,0.928049684533856
"171","Enterovirus.nasal","CCL8","0.013278031751678","0.185532929612786","1.73066227177177","0.192295807974641","-0.132786487219589","47","492",0.0691344155524744,0.756960693281765
"172","Enterovirus.nasal","CASP8","0.674303292755036","0.456322522360868","-0.399311458497954","-0.044367939833106","-0.0536170816761989","47","492",0.739593551218726,0.816113961137375
"173","Enterovirus.nasal","CCL25","0.0598804366502565","0.336761205592477","1.0383297481456","0.115369972016178","-0.0678665336284633","47","492",0.1449736887322,0.756960693281765
"174","Enterovirus.nasal","CX3CL1","0.138644872353449","0.733458640413463","0.25159730265129","0.0279552558501433","0.0238753282318809","47","492",0.248451321598417,0.896868987412919
"175","Enterovirus.nasal","TNFRSF9","0.00385930480810193","0.045594853234465","1.94314708288352","0.215905231431502","-0.189558081603115","47","492",0.0691344155524744,0.466080721952309
"176","Enterovirus.nasal","NTF3","0.225144004767427","0.522380895361066","0.0769745439480713","0.00855272710534126","-0.0324937546623803","47","492",0.345220807310055,0.816113961137375
"177","Enterovirus.nasal","TNFSF12","0.0143555804765816","0.000713553700180631","1.69474581536926","0.188305090596585","-0.17017014803983","47","492",0.0691344155524744,0.0656469404166181
"178","Enterovirus.nasal","CCL20","0.00489229356257542","0.284783179826745","3.74106422405293","0.415673802672548","0.130741739875702","47","492",0.0691344155524744,0.756960693281765
"179","Enterovirus.nasal","SULT1A1","0.683320128843388","0.499352508042655","-0.572268356547298","-0.0635853729496998","-0.0676382894905028","47","492",0.739593551218726,0.816113961137375
"180","Enterovirus.nasal","STAMBP","0.623380197894842","0.0794615568314123","-0.509276716018262","-0.0565863017798069","-0.12838127376684","47","492",0.699402173247872,0.487364215232662
"181","Enterovirus.nasal","IL5","0.0570490101899694","0.00676640681823344","-1.22426976766184","-0.136029974184649","0.247708684791928","47","492",0.141851592904789,0.207503142425826
"182","Enterovirus.nasal","ADA","0.557733292887071","0.579928503503557","0.397451943158143","0.0441613270175714","-0.0329388658081612","47","492",0.693236138695669,0.816113961137375
"183","Enterovirus.nasal","LTA","0.0172836038881186","0.332753736652568","1.47494489470634","0.163882766078482","-0.0598065003224126","47","492",0.0691344155524744,0.756960693281765
"184","Enterovirus.nasal","CSF1","0.0278803212008494","0.206657980288402","0.673607220076767","0.0748452466751963","-0.042219879834287","47","492",0.0884479155337291,0.756960693281765
"185","Human alphaherpesvirus 1 (HSV1).nasal","CXCL8","0.0415186109917479","0.0647686662236024","1.88117052110635","0.209018946789595","0.120169006411953","128","492",0.0888305165404839,0.28575858548264
"186","Human alphaherpesvirus 1 (HSV1).nasal","VEGFA","0.0175120933103067","0.84949036122281","1.18086685729555","0.131207428588394","0.0085811046436802","128","492",0.0423976995933741,0.917936073754168
"187","Human alphaherpesvirus 1 (HSV1).nasal","CD8A","0.00188838493134558","0.90327439961274","1.93017548109982","0.214463942344424","0.00827078206906825","128","492",0.00965174520465519,0.917936073754168
"188","Human alphaherpesvirus 1 (HSV1).nasal","CCL7","0.0829788149394559","0.0145343799281454","0.459055126242351","0.051006125138039","0.193004601644545","128","492",0.155796958661836,0.111430246115781
"189","Human alphaherpesvirus 1 (HSV1).nasal","GDNF","0.965562812184527","0.112711829669813","-0.0136440991862605","-0.00151601102069562","-0.0581423781548504","128","492",0.965562812184527,0.396509937508556
"190","Human alphaherpesvirus 1 (HSV1).nasal","CDCP1","7.14220511490726e-05","0.600877784239126","2.0441065516203","0.227122950180033","-0.0266568362490823","128","492",0.000734631011883942,0.917206387634469
"191","Human alphaherpesvirus 1 (HSV1).nasal","CD244","0.00827539730471233","0.00120217693875689","0.786590943545485","0.0873989937272761","-0.102742500750001","128","492",0.0230708046070768,0.0682791685523278
"192","Human alphaherpesvirus 1 (HSV1).nasal","IL7","0.214207878970155","0.553230621717822","-1.00333986679224","-0.11148220742136","0.0285118486058228","128","492",0.310636191171579,0.888621855537612
"193","Human alphaherpesvirus 1 (HSV1).nasal","TNFRSF11B","0.00452140048871025","0.833955108387197","0.668665148892252","0.0742961276546947","0.00718705613651462","128","492",0.015480818127375,0.917936073754168
"194","Human alphaherpesvirus 1 (HSV1).nasal","TGFB1","0.704423213043175","0.0351775059628588","0.143241452645962","0.0159157169606625","-0.0632554528807528","128","492",0.744907305746806,0.202270659286438
"195","Human alphaherpesvirus 1 (HSV1).nasal","PLAU","0.0145808081569289","0.917936073754168","0.910516150887169","0.101168461209685","0.00329699122541545","128","492",0.0372620652899294,0.917936073754168
"196","Human alphaherpesvirus 1 (HSV1).nasal","IL6","0.126189386951185","0.104368583075847","1.78278617385535","0.198087352650594","0.161988153417783","128","492",0.223258146144404,0.396509937508556
"197","Human alphaherpesvirus 1 (HSV1).nasal","IL17C","0.0141349333767393","0.45748977632942","1.99123443761031","0.22124827084559","0.051330620680034","128","492",0.0371546820188576,0.888621855537612
"198","Human alphaherpesvirus 1 (HSV1).nasal","CCL2","0.0277880435622939","0.0376086289874045","1.38669272468581","0.154076969409534","0.109609873502133","128","492",0.0623536587251473,0.20352905099066
"199","Human alphaherpesvirus 1 (HSV1).nasal","IL17A","0.0448631349471434","0.370349558490795","1.11265237474478","0.123628041638309","-0.0490211547379752","128","491",0.0938047367076635,0.831028277589101
"200","Human alphaherpesvirus 1 (HSV1).nasal","CXCL11","5.28313594017615e-05","0.897710288939847","3.22258625379164","0.358065139310182","0.0100061053956206","128","492",0.000694355009280294,0.917936073754168
"201","Human alphaherpesvirus 1 (HSV1).nasal","AXIN1","0.182335400959711","0.723576600789126","-0.865168692225399","-0.096129854691711","-0.017244087554638","128","492",0.28431960827616,0.917206387634469
"202","Human alphaherpesvirus 1 (HSV1).nasal","TNFSF10","0.374667612591082","0.12755231741853","0.392715983189659","0.0436351092432954","-0.0448164223119609","128","492",0.46580297781594,0.419100471518027
"203","Human alphaherpesvirus 1 (HSV1).nasal","IL20RA","0.191278154230844","0.71698828328242","0.329146372837541","0.0365718192041712","-0.0115242519717061","128","492",0.28848508506947,0.917206387634469
"204","Human alphaherpesvirus 1 (HSV1).nasal","CXCL9","0.00531102251757853","0.195427292373719","2.71170158585377","0.301300176205975","0.0970627669025538","128","492",0.0168487610902491,0.584886092183761
"205","Human alphaherpesvirus 1 (HSV1).nasal","CST5","0.538527164313814","0.45887408710411","0.438342206254472","0.0487046895838302","0.0387764002321613","128","492",0.619306238960886,0.888621855537612
"206","Human alphaherpesvirus 1 (HSV1).nasal","IL2RB","0.181844060224282","0.528557351277514","0.354079232228719","0.0393421369143021","-0.0167989636068539","128","492",0.28431960827616,0.888621855537612
"207","Human alphaherpesvirus 1 (HSV1).nasal","IL1A","0.430105774884228","0.2624353842214","0.273527749464351","0.0303919721627057","-0.0330916526280628","128","492",0.513892614147389,0.6525420364424
"208","Human alphaherpesvirus 1 (HSV1).nasal","OSM","0.0557355607050715","0.116367046877511","-0.838400158781404","-0.0931555731979337","0.0953944326048564","128","492",0.111471121410143,0.396509937508556
"209","Human alphaherpesvirus 1 (HSV1).nasal","IL2","0.216094741684577","0.393929906985932","0.310799043309432","0.0345332270343813","-0.015170647224903","128","492",0.310636191171579,0.842826777737343
"210","Human alphaherpesvirus 1 (HSV1).nasal","CXCL1","0.0483421363415346","0.560217284749576","0.986213891846136","0.109579321316237","0.0321542302202561","128","492",0.0988328120760263,0.888621855537612
"211","Human alphaherpesvirus 1 (HSV1).nasal","TSLP","0.770410464853626","0.551108672220511","-0.127059311804066","-0.0141177013115629","-0.0300561382021142","128","491",0.805429122346973,0.888621855537612
"212","Human alphaherpesvirus 1 (HSV1).nasal","CCL4","0.548535658718667","0.787601137207859","0.313276392235922","0.0348084880262136","-0.0122169328770223","128","492",0.622399048526297,0.917206387634469
"213","Human alphaherpesvirus 1 (HSV1).nasal","CD6","0.00591868202594154","0.00731520668864593","1.20290254695531","0.13365583855059","-0.112308304932869","128","492",0.0175651208511813,0.0766934709052378
"214","Human alphaherpesvirus 1 (HSV1).nasal","KITLG","0.610002714338538","0.0243411107941823","-0.261289661441868","-0.0290321846046519","-0.10795408290188","128","492",0.660238231989947,0.165888435244888
"215","Human alphaherpesvirus 1 (HSV1).nasal","IL18","2.67003219173167e-06","0.837595228899704","2.1537933498753","0.239310372208366","-0.0107864694132864","128","492",0.00012185656464044,0.917936073754168
"216","Human alphaherpesvirus 1 (HSV1).nasal","SLAMF1","0.000412458199434973","0.720784435146667","1.33417986857431","0.148242207619367","0.0165331723037549","128","492",0.00271043959628697,0.917206387634469
"217","Human alphaherpesvirus 1 (HSV1).nasal","TGFA","0.173491550925083","0.00306517588540056","-0.960634897545061","-0.10673721083834","0.161717089309882","128","492",0.280021450615923,0.0766934709052378
"218","Human alphaherpesvirus 1 (HSV1).nasal","CCL13","0.262299722836807","0.658994137672067","0.712753475782484","0.0791948306424982","-0.0250396564281485","128","492",0.354876095602739,0.917206387634469
"219","Human alphaherpesvirus 1 (HSV1).nasal","CCL11","0.110629779110312","0.203438640759569","0.6620499085091","0.0735611009454555","-0.0463153011960556","128","492",0.203558793562974,0.584886092183761
"220","Human alphaherpesvirus 1 (HSV1).nasal","TNFSF14","0.902107218078501","0.770401002923949","-0.130894912096306","-0.0145438791218118","-0.0135043654089452","128","492",0.932515326553057,0.917206387634469
"221","Human alphaherpesvirus 1 (HSV1).nasal","FGF23","0.00121323199923573","0.11399973468495","2.67769053858736","0.297521170954151","0.134913504926003","128","492",0.00656572611351101,0.396509937508556
"222","Human alphaherpesvirus 1 (HSV1).nasal","IL10RA","0.185822438476508","0.718853713813772","0.429120674915","0.0476800749905555","0.0211085543347991","128","492",0.284927738997312,0.917206387634469
"223","Human alphaherpesvirus 1 (HSV1).nasal","FGF5","0.0286674050769982","0.774442868608233","0.505551040212443","0.0561723378013826","-0.00856485001509962","128","492",0.0627952682639008,0.917206387634469
"224","Human alphaherpesvirus 1 (HSV1).nasal","MMP1","0.929090790821665","0.042484154512282","-0.0504735623179738","-0.00560817359088597","-0.114972694477397","128","492",0.939300579731793,0.205712748164734
"225","Human alphaherpesvirus 1 (HSV1).nasal","LIFR","0.00227035639456796","0.230933481200335","0.898720132488005","0.0998577924986672","-0.0324199152146437","128","492",0.010713849376718,0.611751555442763
"226","Human alphaherpesvirus 1 (HSV1).nasal","FGF21","0.335997586490029","0.199882998956983","1.46720504223014","0.163022782470015","-0.149458122191285","128","492",0.429330249403926,0.584886092183761
"227","Human alphaherpesvirus 1 (HSV1).nasal","CCL19","0.0257921891284124","0.526235693728137","1.46568483907211","0.162853871008012","-0.0487686070234673","128","492",0.0593220349953485,0.888621855537612
"228","Human alphaherpesvirus 1 (HSV1).nasal","IL15RA","1.03472079809874e-06","0.304360821743868","1.49206922299172","0.165785469221302","0.0379113222404585","128","492",9.51943134250841e-05,0.71797937437015
"229","Human alphaherpesvirus 1 (HSV1).nasal","IL10RB","0.0036948412019332","0.56021812631719","0.956430572931011","0.106270063659001","-0.0177737056626095","128","492",0.0135970156231142,0.888621855537612
"230","Human alphaherpesvirus 1 (HSV1).nasal","IL22RA1","0.000330014919594335","0.215438151359524","1.56320089725436","0.173688988583818","0.0541579745174013","128","492",0.00233549020020606,0.600615452275037
"231","Human alphaherpesvirus 1 (HSV1).nasal","IL18R1","2.63189864474489e-05","0.642438302447422","1.56858669171184","0.174287410190204","0.0174615392403866","128","492",0.000605336688291325,0.917206387634469
"232","Human alphaherpesvirus 1 (HSV1).nasal","CD274","3.97358362957956e-06","0.782048389422547","1.90629014171125","0.211810015745694","0.0123384904704445","128","492",0.00012185656464044,0.917206387634469
"233","Human alphaherpesvirus 1 (HSV1).nasal","NGF","0.574439844287695","0.86534297593548","0.0769899257898999","0.00855443619887777","-0.00203713648399886","128","492",0.629148400886523,0.917936073754168
"234","Human alphaherpesvirus 1 (HSV1).nasal","CXCL5","0.415611795054057","0.701864204041765","-0.549727414788702","-0.0610808238654113","-0.0299033561452173","128","492",0.503109015065437,0.917206387634469
"235","Human alphaherpesvirus 1 (HSV1).nasal","TNFSF11","0.345760925824186","0.00370229060781581","-0.493106653029139","-0.0547896281143487","-0.14697865949512","128","492",0.435753495559248,0.0766934709052378
"236","Human alphaherpesvirus 1 (HSV1).nasal","HGF","0.00338436960781735","0.065227503207994","1.20541737458979","0.13393526384331","0.10213353983348","128","492",0.0129734168299665,0.28575858548264
"237","Human alphaherpesvirus 1 (HSV1).nasal","IL12B","0.120629833951331","0.0094935206979241","1.33590041932624","0.148433379925138","-0.211224576532061","128","492",0.217606759284754,0.0873403904209017
"238","Human alphaherpesvirus 1 (HSV1).nasal","IL24","0.00232909769059086","0.00514160972435536","1.50429888765479","0.167144320850532","0.14320653057566","128","482",0.010713849376718,0.0766934709052378
"239","Human alphaherpesvirus 1 (HSV1).nasal","IL13","0.381240855305853","0.54759326749411","-0.0237295961461972","-0.00263662179402191","0.0269235311005341","128","492",0.46765544917518,0.888621855537612
"240","Human alphaherpesvirus 1 (HSV1).nasal","ARTN","0.00587886811205662","0.868904362920125","0.486684063997571","0.0540760071108412","0.00544072480573202","128","492",0.0175651208511813,0.917936073754168
"241","Human alphaherpesvirus 1 (HSV1).nasal","MMP10","0.000652853923941876","0.0415972113676849","1.62487434376362","0.180541593751513","0.102555363310869","128","492",0.00400417073351017,0.205712748164734
"242","Human alphaherpesvirus 1 (HSV1).nasal","IL10","0.00500858177233632","0.0133446182821081","2.09118639532114","0.232354043924571","0.169459757335184","128","492",0.0164567686805336,0.111430246115781
"243","Human alphaherpesvirus 1 (HSV1).nasal","TNF","3.98250210562612e-05","0.572063490853782","1.92380811082855","0.213756456758727","0.0273177789127224","128","492",0.000666893541760749,0.892031206077084
"244","Human alphaherpesvirus 1 (HSV1).nasal","CCL23","0.00306005729874165","0.243177331379442","1.52349093779209","0.169276770865788","0.0445329399161079","128","492",0.0127966032492833,0.621453180191907
"245","Human alphaherpesvirus 1 (HSV1).nasal","CD5","0.000229729664690259","0.071212026578221","1.22908091229364","0.136564545810405","-0.0758070031355862","128","492",0.00176126076262532,0.297795747508924
"246","Human alphaherpesvirus 1 (HSV1).nasal","CCL3","0.292533395865256","0.289758801371276","0.805425497524225","0.0894917219471361","-0.0687988199023437","128","492",0.390044527820341,0.701521308583089
"247","Human alphaherpesvirus 1 (HSV1).nasal","FLT3LG","0.626522095724301","0.0793495243956776","0.352295009547104","0.0391438899496782","-0.0935799126500345","128","492",0.670232939612043,0.31739809758271
"248","Human alphaherpesvirus 1 (HSV1).nasal","CXCL6","0.0596570771185455","0.834393675299249","0.943833110007423","0.10487034555638","-0.0122375396731557","128","492",0.11677555521077,0.917936073754168
"249","Human alphaherpesvirus 1 (HSV1).nasal","CXCL10","4.34930570713532e-05","0.159381581321915","3.40627391829666","0.37847487981074","0.0945142918087461","128","492",0.000666893541760749,0.505624326952282
"250","Human alphaherpesvirus 1 (HSV1).nasal","EIF4EBP1","0.299365764780627","0.784761473943595","0.839394592174054","0.0932660657971171","0.016471306837151","128","492",0.393452147997395,0.917206387634469
"251","Human alphaherpesvirus 1 (HSV1).nasal","IL20","0.926349111493516","0.694101476127273","-0.0220413555602997","-0.00244903950669997","-0.0126033416103133","128","492",0.939300579731793,0.917206387634469
"252","Human alphaherpesvirus 1 (HSV1).nasal","SIRT2","0.225107167235663","0.785872465355849","0.98103194220467","0.109003549133852","-0.0157589123948619","128","492",0.318613221318169,0.917206387634469
"253","Human alphaherpesvirus 1 (HSV1).nasal","CCL28","0.0165559600948784","0.908188174600601","1.23007840594824","0.136675378438693","-0.00530677169816602","128","492",0.0411661710467247,0.917936073754168
"254","Human alphaherpesvirus 1 (HSV1).nasal","DNER","0.571731446612822","0.00750262215377326","-0.172989194019656","-0.0192210215577396","-0.0621985264507391","128","492",0.629148400886523,0.0766934709052378
"255","Human alphaherpesvirus 1 (HSV1).nasal","S100A12","0.452512621137965","0.0329740316851074","-0.498349636539756","-0.0553721818377506","0.133052169067817","128","492",0.533732835188369,0.202240727668659
"256","Human alphaherpesvirus 1 (HSV1).nasal","CD40","0.000175286690226373","0.441213122226897","1.68223814868311","0.186915349853678","0.034870193550967","128","492",0.00146603413643876,0.888621855537612
"257","Human alphaherpesvirus 1 (HSV1).nasal","IL33","0.0660597628511559","0.621619175326184","0.508790590936422","0.0565322878818247","-0.012958228916145","128","492",0.126614545464715,0.917206387634469
"258","Human alphaherpesvirus 1 (HSV1).nasal","IFNG","0.00454328358086004","0.53362648420822","4.1658647813389","0.462873864593211","-0.0765347246920903","128","492",0.015480818127375,0.888621855537612
"259","Human alphaherpesvirus 1 (HSV1).nasal","FGF19","0.210605183636822","0.52486713208612","1.45841979047261","0.162046643385846","-0.0439899015447051","128","492",0.310636191171579,0.888621855537612
"260","Human alphaherpesvirus 1 (HSV1).nasal","IL4","0.24367436491746","0.540873724876768","-0.515709876917335","-0.0573010974352594","-0.0297051989172626","128","492",0.339667296551611,0.888621855537612
"261","Human alphaherpesvirus 1 (HSV1).nasal","LIF","0.156315184674889","0.00549312378563176","0.718710126953983","0.0798566807726647","0.100874301486543","128","492",0.261472672547087,0.0766934709052378
"262","Human alphaherpesvirus 1 (HSV1).nasal","NRTN","0.00743950767003504","0.666582913340735","0.838937558808612","0.093215284312068","-0.0150686822865783","128","492",0.0213885845513507,0.917206387634469
"263","Human alphaherpesvirus 1 (HSV1).nasal","CCL8","0.00336332312891258","0.768190581412558","1.67409024669603","0.18601002741067","-0.0204022904085549","128","492",0.0129734168299665,0.917206387634469
"264","Human alphaherpesvirus 1 (HSV1).nasal","CASP8","0.554746978034308","0.668773119098614","0.357314720648842","0.0397016356276491","0.0206429192753951","128","492",0.622399048526297,0.917206387634469
"265","Human alphaherpesvirus 1 (HSV1).nasal","CCL25","7.18660772495161e-05","0.380510947360857","1.49831985092388","0.166479983435986","-0.0411704194975412","128","492",0.000734631011883942,0.833500170409496
"266","Human alphaherpesvirus 1 (HSV1).nasal","CX3CL1","0.00296292433484568","0.513505178687596","1.28609461547243","0.142899401719158","0.0299520034370791","128","492",0.0127966032492833,0.888621855537612
"267","Human alphaherpesvirus 1 (HSV1).nasal","TNFRSF9","0.000866418490558463","0.358426300247208","1.70758794672382","0.189731994080424","-0.0576493130481165","128","492",0.00498190632071116,0.824380490568578
"268","Human alphaherpesvirus 1 (HSV1).nasal","NTF3","0.248736225116117","0.00656777269507705","0.330832496274213","0.0367591662526903","-0.0888324572892948","128","492",0.341548249413176,0.0766934709052378
"269","Human alphaherpesvirus 1 (HSV1).nasal","TNFSF12","0.00854687198661447","0.0252438923198743","0.57929339837529","0.06436593315281","-0.0762011619191333","128","492",0.0231268300814274,0.165888435244888
"270","Human alphaherpesvirus 1 (HSV1).nasal","CCL20","0.00011824672096622","0.883538012120311","3.17484013745802","0.352760015273113","0.0113342382245113","128","492",0.00108786983288922,0.917936073754168
"271","Human alphaherpesvirus 1 (HSV1).nasal","SULT1A1","0.159551883954203","0.232731570005399","-1.22181088340868","-0.135756764823186","-0.0765044531076221","128","492",0.262120952210476,0.611751555442763
"272","Human alphaherpesvirus 1 (HSV1).nasal","STAMBP","0.49029977739356","0.892964270541036","0.443662040993975","0.0492957823326639","-0.00661936487943468","128","492",0.570982019243133,0.917936073754168
"273","Human alphaherpesvirus 1 (HSV1).nasal","IL5","0.151892881551945","0.800230077131429","0.57678129254602","0.0640868102828912","0.0147746106497983","128","492",0.261472672547087,0.917936073754168
"274","Human alphaherpesvirus 1 (HSV1).nasal","ADA","0.024012809453235","0.764411318661246","0.94521123800891","0.105023470889879","-0.011932330225574","128","492",0.0566456017871185,0.917206387634469
"275","Human alphaherpesvirus 1 (HSV1).nasal","LTA","0.305672427880529","0.00148432975113756","0.411317663716639","0.0457019626351821","-0.134102325210328","128","492",0.396082582605756,0.0682791685523278
"276","Human alphaherpesvirus 1 (HSV1).nasal","CSF1","0.154745261195259","0.559873882842132","0.513483287204696","0.0570536985782996","-0.0123178227024891","128","492",0.261472672547087,0.888621855537612
"277","Human alphaherpesvirus 2 (HSV2).nasal","CXCL8","0.157506433019424","0.297479893961476","1.63266483005869","0.181407203339854","0.122570020753075","30","492",0.263465306141582,0.720214480117258
"278","Human alphaherpesvirus 2 (HSV2).nasal","VEGFA","0.00496809095938777","0.0177218114897757","-0.987765839943814","-0.109751759993757","0.193852526922931","30","492",0.030470957884245,0.116457618361383
"279","Human alphaherpesvirus 2 (HSV2).nasal","CD8A","0.00882212242016095","0.778164269179332","2.43353296897987","0.270392552108874","-0.0364512328965764","30","492",0.0477432507444004,0.938395615530886
"280","Human alphaherpesvirus 2 (HSV2).nasal","CCL7","0.0534650663892481","0.0419970018802947","-0.350130089008783","-0.0389033432231981","0.29459456456121","30","492",0.13663294743919,0.203353903841427
"281","Human alphaherpesvirus 2 (HSV2).nasal","GDNF","0.486939982717705","0.0777010093694619","0.340143024483962","0.0377936693871069","-0.120077619140375","30","492",0.567069346962391,0.357424643099525
"282","Human alphaherpesvirus 2 (HSV2).nasal","CDCP1","0.00179340070946327","0.797698560718427","2.0040152799733","0.222668364441478","-0.0237965399941096","30","492",0.0164992865270621,0.938395615530886
"283","Human alphaherpesvirus 2 (HSV2).nasal","CD244","0.0226021904360345","0.00257202581602379","0.918005425911803","0.102000602879089","-0.17400798575253","30","492",0.0770148711153768,0.0575469706182026
"284","Human alphaherpesvirus 2 (HSV2).nasal","IL7","0.408316955509186","0.266222443562825","-0.668648864021009","-0.0742943182245566","0.0951371088885362","30","492",0.487859219569417,0.691249068609545
"285","Human alphaherpesvirus 2 (HSV2).nasal","TNFRSF11B","0.162388963554652","0.592774165932661","0.823288286281794","0.0914764762535327","0.0329085625266217","30","492",0.265682785388876,0.903963054310158
"286","Human alphaherpesvirus 2 (HSV2).nasal","TGFB1","0.165270424715519","0.844789592764297","-0.756596814244228","-0.0840663126938031","-0.0103871244398402","30","492",0.265682785388876,0.938395615530886
"287","Human alphaherpesvirus 2 (HSV2).nasal","PLAU","0.00116488848465496","0.418930940840673","0.763218099807325","0.0848020110897028","0.0464141742493682","30","492",0.0153099629411795,0.856481034607598
"288","Human alphaherpesvirus 2 (HSV2).nasal","IL6","0.127737891289122","0.00312755275098927","2.42031427470381","0.268923808300423","0.52484313170805","30","492",0.235037719971984,0.0575469706182026
"289","Human alphaherpesvirus 2 (HSV2).nasal","IL17C","0.0185251932406723","0.963514336992568","1.42457235751821","0.158285817502023","0.00568037000679444","30","492",0.0702984589827345,0.984925766703514
"290","Human alphaherpesvirus 2 (HSV2).nasal","CCL2","0.0336513114013167","0.0296735586240481","0.0974800246742589","0.0108311138526954","0.207636610774444","30","492",0.0998684080297141,0.171286038860511
"291","Human alphaherpesvirus 2 (HSV2).nasal","IL17A","0.796090119817187","0.816155294473352","-0.238745618031984","-0.0265272908924427","-0.0228263835725954","30","491",0.832276034354332,0.938395615530886
"292","Human alphaherpesvirus 2 (HSV2).nasal","CXCL11","3.74651406705451e-05","0.768588248635089","4.50329971968538","0.500366635520598","0.042152631527766","30","492",0.00172339647084507,0.938395615530886
"293","Human alphaherpesvirus 2 (HSV2).nasal","AXIN1","0.026163637668566","0.467145664185366","-2.40566733687132","-0.26729637076348","0.0653274590910307","30","492",0.0859662380538597,0.896727080689394
"294","Human alphaherpesvirus 2 (HSV2).nasal","TNFSF10","0.561636934539198","0.261656703944055","0.313129612545565","0.0347921791717295","-0.0583449251765847","30","492",0.637908617007484,0.691249068609545
"295","Human alphaherpesvirus 2 (HSV2).nasal","IL20RA","0.0191028421148735","0.864106834997516","0.532665624810237","0.0591850694233597","0.0105387154340381","30","492",0.0702984589827345,0.938395615530886
"296","Human alphaherpesvirus 2 (HSV2).nasal","CXCL9","0.263227065042355","0.245780842078446","1.43128672763202","0.15903185862578","0.164850842203046","30","492",0.361446119162637,0.691249068609545
"297","Human alphaherpesvirus 2 (HSV2).nasal","CST5","0.587958477070456","0.724435560977748","0.325827810501161","0.0362030900556846","-0.0347843149684164","30","492",0.658969770252004,0.938395615530886
"298","Human alphaherpesvirus 2 (HSV2).nasal","IL2RB","0.96816430651387","0.992444214424244","-0.0177706620777416","-0.00197451800863795","-0.000439105937275563","30","492",0.96816430651387,0.992444214424244
"299","Human alphaherpesvirus 2 (HSV2).nasal","IL1A","0.228617535454047","0.609192493122063","0.670555191870131","0.0745061324300146","-0.0279217695971499","30","492",0.333854178758291,0.903963054310158
"300","Human alphaherpesvirus 2 (HSV2).nasal","OSM","0.396156073776628","0.000133995922629618","-1.06070564885465","-0.117856183206072","0.418309119711428","30","492",0.479557352466444,0.00616381244096243
"301","Human alphaherpesvirus 2 (HSV2).nasal","IL2","0.0929692203216124","0.910900886338039","0.710670006215782","0.0789633340239757","0.00368140416694716","30","492",0.186572174384429,0.960281012649462
"302","Human alphaherpesvirus 2 (HSV2).nasal","CXCL1","0.18692508158347","0.568628633140066","0.878816550250352","0.0976462833611502","0.0594344854763158","30","492",0.281919795175069,0.903963054310158
"303","Human alphaherpesvirus 2 (HSV2).nasal","TSLP","0.235876910053034","0.788698138920249","-0.840090854519467","-0.0933434282799407","0.0251662208670086","30","491",0.339073058201236,0.938395615530886
"304","Human alphaherpesvirus 2 (HSV2).nasal","CCL4","0.302830351203687","0.220865242451828","-0.805949339696477","-0.0895499266329419","0.101939599007823","30","492",0.386949893204711,0.691249068609545
"305","Human alphaherpesvirus 2 (HSV2).nasal","CD6","0.0836545139947863","0.181963974328368","1.19993063219845","0.133325625799828","-0.105354197043852","30","492",0.17748119589965,0.669627425528394
"306","Human alphaherpesvirus 2 (HSV2).nasal","KITLG","0.704987548787141","0.0297888763235671","0.338428224550774","0.0376031360611971","-0.188460828768014","30","492",0.763045346922553,0.171286038860511
"307","Human alphaherpesvirus 2 (HSV2).nasal","IL18","0","0.378490257000913","3.40003321042016","0.377781467824462","0.0838099241567395","30","492",0,0.800111925164425
"308","Human alphaherpesvirus 2 (HSV2).nasal","SLAMF1","0.00145670799313341","0.823821990178381","2.19276043352424","0.24364004816936","0.0188291855085528","30","492",0.0164992865270621,0.938395615530886
"309","Human alphaherpesvirus 2 (HSV2).nasal","TGFA","0.0397298254267141","4.87716244208755e-05","-2.38325279422863","-0.264805866025404","0.395416995446984","30","492",0.107504233507579,0.00448698944672055
"310","Human alphaherpesvirus 2 (HSV2).nasal","CCL13","0.252174721556817","0.540370605339264","-0.907717897436793","-0.100857544159644","-0.0604883808486098","30","492",0.356924221280418,0.903963054310158
"311","Human alphaherpesvirus 2 (HSV2).nasal","CCL11","0.315543911158001","0.0858967453546634","0.581563825135373","0.0646182027928192","-0.116382013050043","30","492",0.396781808868107,0.376309551077573
"312","Human alphaherpesvirus 2 (HSV2).nasal","TNFSF14","0.385790215420929","0.125906691575811","-0.831600515445193","-0.0924000572716881","0.123864209267451","30","492",0.473235997583006,0.503626766303244
"313","Human alphaherpesvirus 2 (HSV2).nasal","FGF23","0.00374173600942806","0.702334712107421","3.19666859402302","0.355185399335891","0.0590968994488946","30","492",0.0251751225251398,0.938395615530886
"314","Human alphaherpesvirus 2 (HSV2).nasal","IL10RA","0.0220821033305906","0.218910820791947","1.08664646022034","0.120738495580038","-0.127245209462429","30","492",0.0770148711153768,0.691249068609545
"315","Human alphaherpesvirus 2 (HSV2).nasal","FGF5","0.0724310676119506","0.227329043317271","0.657063101198383","0.0730070112442648","-0.0647052165985738","30","492",0.158658529054749,0.691249068609545
"316","Human alphaherpesvirus 2 (HSV2).nasal","MMP1","0.0848823110824415","0.843373608069698","-1.20613401911141","-0.134014891012379","-0.0223286399882078","30","492",0.17748119589965,0.938395615530886
"317","Human alphaherpesvirus 2 (HSV2).nasal","LIFR","0.00208177820965627","0.340222446910839","1.30756100141295","0.14528455571255","-0.0462193396414772","30","492",0.017411235935307,0.763425978434078
"318","Human alphaherpesvirus 2 (HSV2).nasal","FGF21","0.183428839458615","0.380282497555912","2.96052302573708","0.328947002859676","-0.1883598932729","30","492",0.281257553836543,0.800111925164425
"319","Human alphaherpesvirus 2 (HSV2).nasal","CCL19","0.00722334020040999","0.918529664273398","2.4856564260871","0.276184047343011","-0.0143473299227148","30","492",0.0415342061523574,0.960281012649462
"320","Human alphaherpesvirus 2 (HSV2).nasal","IL15RA","0.0289501781898333","0.577762620399459","0.938119925864307","0.104235547318256","0.0370088946514734","30","492",0.0887805464488221,0.903963054310158
"321","Human alphaherpesvirus 2 (HSV2).nasal","IL10RB","0.0936627369251052","0.662644739571563","0.718415499697218","0.079823944410802","-0.0249785850866255","30","492",0.186572174384429,0.938395615530886
"322","Human alphaherpesvirus 2 (HSV2).nasal","IL22RA1","0.21767192161118","0.725944286980857","0.842203925141417","0.0935782139046019","-0.0270112673605151","30","492",0.322997044971428,0.938395615530886
"323","Human alphaherpesvirus 2 (HSV2).nasal","IL18R1","0.0102487195878956","0.270488765977648","1.25738383276875","0.139709314752083","0.0754756147662113","30","492",0.0501691399594547,0.691249068609545
"324","Human alphaherpesvirus 2 (HSV2).nasal","CD274","0.000191881448048381","0.60913721427282","1.91086028531422","0.212317809479358","0.0419982883233648","30","492",0.00353061864409021,0.903963054310158
"325","Human alphaherpesvirus 2 (HSV2).nasal","NGF","0.269810403440756","0.539486959038091","0.24216953863894","0.0269077265154378","-0.0126321344553184","30","492",0.363900644961164,0.903963054310158
"326","Human alphaherpesvirus 2 (HSV2).nasal","CXCL5","0.256870587728287","0.955570665615369","-1.05825850276804","-0.117584278085338","0.00799527589079052","30","492",0.358062031378824,0.984925766703514
"327","Human alphaherpesvirus 2 (HSV2).nasal","TNFSF11","0.30258854130724","0.000764936142160667","-0.843185370288792","-0.0936872633654214","-0.315383293664535","30","492",0.386949893204711,0.0234580416929271
"328","Human alphaherpesvirus 2 (HSV2).nasal","HGF","0.0476917621355428","0.00615822960707109","2.04357807900954","0.22706423100106","0.265949649319512","30","492",0.125361203327713,0.0708196404813175
"329","Human alphaherpesvirus 2 (HSV2).nasal","IL12B","0.0655505076041367","0.00984927221098696","2.91512055887357","0.323902284319286","-0.377277330961851","30","492",0.153418875982583,0.0823757312191637
"330","Human alphaherpesvirus 2 (HSV2).nasal","IL24","0.0388537124368732","0.0397854562554195","0.907544149109742","0.100838238789971","0.190253265411781","30","482",0.107504233507579,0.2033478875277
"331","Human alphaherpesvirus 2 (HSV2).nasal","IL13","0.175821269013422","0.775146867962311","0.0259338944007425","0.00288154382230473","0.022972347265021","30","492",0.27416197880059,0.938395615530886
"332","Human alphaherpesvirus 2 (HSV2).nasal","ARTN","0.319150585393912","0.46812900539865","0.584333209617549","0.0649259121797277","-0.0439348563812542","30","492",0.396781808868107,0.896727080689394
"333","Human alphaherpesvirus 2 (HSV2).nasal","MMP10","0.0617291606045323","0.0388530034391572","0.387161921918705","0.0430179913243006","0.187501548936398","30","492",0.153418875982583,0.2033478875277
"334","Human alphaherpesvirus 2 (HSV2).nasal","IL10","0.0641785719001319","0.21062795965281","2.23781169954749","0.248645744394165","0.149603180446162","30","492",0.153418875982583,0.691249068609545
"335","Human alphaherpesvirus 2 (HSV2).nasal","TNF","0.000618488399029948","0.979552785500235","2.54588126149475","0.282875695721639","-0.00216337836534023","30","492",0.00948348878512587,0.990317101824413
"336","Human alphaherpesvirus 2 (HSV2).nasal","CCL23","0.594505336205612","0.554950519791671","0.34142359272789","0.0379359547475434","0.040114065294917","30","492",0.658969770252004,0.903963054310158
"337","Human alphaherpesvirus 2 (HSV2).nasal","CD5","0.0106894795446407","0.0947816217445485","1.13370076053013","0.125966751170015","-0.132594216618053","30","492",0.0501691399594547,0.396359509113566
"338","Human alphaherpesvirus 2 (HSV2).nasal","CCL3","0.740465840929914","0.828846375452285","0.333936000844492","0.0371040000938325","0.0272138709338404","30","492",0.783021349029334,0.938395615530886
"339","Human alphaherpesvirus 2 (HSV2).nasal","FLT3LG","0.0352534420973756","0.85201390434054","1.15000347812235","0.127778164235816","-0.0170201149728349","30","492",0.101353646029955,0.938395615530886
"340","Human alphaherpesvirus 2 (HSV2).nasal","CXCL6","0.167495669049509","0.898952973296464","0.873618253411956","0.0970686948235507","-0.0137964197872275","30","492",0.265682785388876,0.960281012649462
"341","Human alphaherpesvirus 2 (HSV2).nasal","CXCL10","0.000106791205783774","0.200020128365666","4.55512819586702","0.506125355096336","0.162568938888833","30","492",0.0032749303107024,0.691249068609545
"342","Human alphaherpesvirus 2 (HSV2).nasal","EIF4EBP1","0.6718936437546","0.557151648941574","-0.559276224276466","-0.0621418026973851","0.0645107761795513","30","492",0.735883514588372,0.903963054310158
"343","Human alphaherpesvirus 2 (HSV2).nasal","IL20","0.927835789441998","0.483042398565681","0.0378602914685151","0.00420669905205723","-0.0364903439352136","30","492",0.948454362540709,0.896727080689394
"344","Human alphaherpesvirus 2 (HSV2).nasal","SIRT2","0.722516678985418","0.731304265339621","-0.481648669709802","-0.0535165188566447","-0.0355491685513498","30","492",0.772924819379749,0.938395615530886
"345","Human alphaherpesvirus 2 (HSV2).nasal","CCL28","0.13873804636987","0.738235182444816","1.13561295989605","0.126179217766228","-0.0276660087219943","30","492",0.245459620500539,0.938395615530886
"346","Human alphaherpesvirus 2 (HSV2).nasal","DNER","0.96232707095583","0.248657900360617","-0.0153595713080054","-0.00170661903422282","-0.0474316944646756","30","492",0.96816430651387,0.691249068609545
"347","Human alphaherpesvirus 2 (HSV2).nasal","S100A12","0.273500552981394","0.00561724566234447","-1.26211456023152","-0.140234951136835","0.305360253653037","30","492",0.363900644961164,0.0708196404813175
"348","Human alphaherpesvirus 2 (HSV2).nasal","CD40","0.014512909039213","0.315421838146063","0.767895100569544","0.0853216778410604","0.0836541292226045","30","492",0.0635803634098855,0.725470227735945
"349","Human alphaherpesvirus 2 (HSV2).nasal","IL33","0.066703859122862","0.475111840231054","0.956501554608879","0.106277950512098","-0.0361053176407334","30","492",0.153418875982583,0.896727080689394
"350","Human alphaherpesvirus 2 (HSV2).nasal","IFNG","0.00383099690599953","0.546900529457075","6.74570990972435","0.749523323302706","0.139385612845688","30","492",0.0251751225251398,0.903963054310158
"351","Human alphaherpesvirus 2 (HSV2).nasal","FGF19","0.276880925513929","0.748579602578604","1.56586169953666","0.173984633281852","-0.0388198500362135","30","492",0.363900644961164,0.938395615530886
"352","Human alphaherpesvirus 2 (HSV2).nasal","IL4","0.0278364306063735","0.24815883927983","-1.56026086736938","-0.173362318596597","-0.104607252542769","30","492",0.0883086764064263,0.691249068609545
"353","Human alphaherpesvirus 2 (HSV2).nasal","LIF","0.0109063347737945","0.00510126838213789","0.546635088737715","0.0607372320819683","0.17295654016151","30","492",0.0501691399594547,0.0708196404813175
"354","Human alphaherpesvirus 2 (HSV2).nasal","NRTN","0.0183070468056263","0.7831134279649","1.08812710856583","0.12090301206287","0.0187895645940909","30","492",0.0702984589827345,0.938395615530886
"355","Human alphaherpesvirus 2 (HSV2).nasal","CCL8","0.000173144868733766","0.31101305822015","2.94623306218261","0.327359229131401","-0.128007707713715","30","492",0.00353061864409021,0.725470227735945
"356","Human alphaherpesvirus 2 (HSV2).nasal","CASP8","0.109465696859557","0.15234947639806","-1.57754702589142","-0.175283002876824","0.12549096789153","30","492",0.205527430838352,0.584006326192563
"357","Human alphaherpesvirus 2 (HSV2).nasal","CCL25","0.0189256485851297","0.00899324473045151","1.24739420234975","0.138599355816639","-0.22886254678002","30","492",0.0702984589827345,0.0823757312191637
"358","Human alphaherpesvirus 2 (HSV2).nasal","CX3CL1","0.00280115456124241","0.595450979360967","1.64645075447663","0.182938972719626","-0.0455704375978464","30","492",0.0214755183028585,0.903963054310158
"359","Human alphaherpesvirus 2 (HSV2).nasal","TNFRSF9","0.00175795770396481","0.285102508326338","1.52186143187915","0.169095714653239","-0.126408900650427","30","492",0.0164992865270621,0.70890353421684
"360","Human alphaherpesvirus 2 (HSV2).nasal","NTF3","0.0953140456094368","0.0154291597229391","0.78129700020572","0.0868107778006355","-0.149634975917482","30","492",0.186572174384429,0.1091909765008
"361","Human alphaherpesvirus 2 (HSV2).nasal","TNFSF12","0.469972490987867","0.0150732064544131","0.473142029049978","0.0525713365611087","-0.144718616998807","30","492",0.554326527831843,0.1091909765008
"362","Human alphaherpesvirus 2 (HSV2).nasal","CCL20","0.0723974485479045","0.487351674287714","2.81722231249733","0.313024701388593","0.0988805407874015","30","492",0.158658529054749,0.896727080689394
"363","Human alphaherpesvirus 2 (HSV2).nasal","SULT1A1","0.108277987805934","0.581454014543984","-2.32148899175698","-0.257943221306331","-0.0643984744674473","30","492",0.205527430838352,0.903963054310158
"364","Human alphaherpesvirus 2 (HSV2).nasal","STAMBP","0.50855737383347","0.755249878531923","-0.699662947908922","-0.0777403275454358","0.0275158944356511","30","492",0.58484097990849,0.938395615530886
"365","Human alphaherpesvirus 2 (HSV2).nasal","IL5","0.904234143082506","0.723506103174393","0.0820903743464568","0.00912115270516187","-0.0375497762238189","30","492",0.934713945658321,0.938395615530886
"366","Human alphaherpesvirus 2 (HSV2).nasal","ADA","0.146194634311118","0.866995949131797","0.906943652420653","0.100771516935628","-0.0117136054248528","30","492",0.253771818049488,0.938395615530886
"367","Human alphaherpesvirus 2 (HSV2).nasal","LTA","0.131272381394734","0.0083060777775817","0.951459760928055","0.105717751214228","-0.192360338058632","30","492",0.23680508016305,0.0823757312191637
"368","Human alphaherpesvirus 2 (HSV2).nasal","CSF1","0.15555505226455","0.382662225078638","0.446415777364801","0.0496017530405335","0.0316161085621765","30","492",0.263465306141582,0.800111925164425
"369","Human betaherpesvirus 5 (CMV).nasal","CXCL8","0.000372172222855793","0.0978827826092624","6.284853592533","0.698317065837","0.226577639589779","22","492",0.00180209707909121,0.377429604086862
"370","Human betaherpesvirus 5 (CMV).nasal","VEGFA","0.000246164280035654","0.40429215270735","2.20394489784311","0.244882766427013","-0.079795927819338","22","492",0.0012581729868489,0.715286116328388
"371","Human betaherpesvirus 5 (CMV).nasal","CD8A","0.0115040961097306","0.800760019385457","2.98925768720701","0.332139743023001","-0.0379941726521249","22","492",0.0278520221604004,0.996788516985458
"372","Human betaherpesvirus 5 (CMV).nasal","CCL7","1.00316358316865e-05","0.571877758253939","6.95338376580439","0.772598196200487","0.0952405680300214","22","492",7.69092080429298e-05,0.862504159989547
"373","Human betaherpesvirus 5 (CMV).nasal","GDNF","0.132470470326651","0.385705525513122","0.890349647883501","0.0989277386537223","-0.070027066994313","22","492",0.213811987193893,0.711583627696101
"374","Human betaherpesvirus 5 (CMV).nasal","CDCP1","0.0101495494459957","0.986476117466835","2.01456185082401","0.223840205647113","0.00183875233831729","22","492",0.0252367175413947,0.997223508748198
"375","Human betaherpesvirus 5 (CMV).nasal","CD244","0.0683038250524476","0.0590589580557052","0.99631839498691","0.110702043887434","-0.128700771818666","22","492",0.125679038096504,0.377429604086862
"376","Human betaherpesvirus 5 (CMV).nasal","IL7","0.0943022051171469","0.0312862234572749","1.62300578424365","0.180333976027072","-0.219656145445754","22","492",0.16066301612551,0.313396085918602
"377","Human betaherpesvirus 5 (CMV).nasal","TNFRSF11B","0.00162740283388363","0.320409455626196","2.0635486447667","0.229283182751856","0.0714333580142779","22","492",0.00575850233528054,0.669947043582046
"378","Human betaherpesvirus 5 (CMV).nasal","TGFB1","0.0130924328415668","0.135823383699748","1.59310011267328","0.177011123630365","-0.0941165697974845","22","492",0.0308847133698499,0.430887975875063
"379","Human betaherpesvirus 5 (CMV).nasal","PLAU","0.0083017631471165","0.977447171585507","1.19728183771355","0.133031315301506","0.0019244340412719","22","492",0.0218217774152777,0.997223508748198
"380","Human betaherpesvirus 5 (CMV).nasal","IL6","0.0251267723846877","0.00323925723351178","3.03399014868271","0.337110016520301","0.612176675522805","22","492",0.0550395966521731,0.0596023330966167
"381","Human betaherpesvirus 5 (CMV).nasal","IL17C","0.159359180105972","0.00265747520821175","2.17236541137948","0.24137393459772","0.439537746065473","22","492",0.23646846080241,0.0596023330966167
"382","Human betaherpesvirus 5 (CMV).nasal","CCL2","0.212159929007114","0.212105358845655","1.65131887791362","0.183479875323735","0.137942408478958","22","492",0.300287899517761,0.527397108481088
"383","Human betaherpesvirus 5 (CMV).nasal","IL17A","0.373116922506812","0.173318222737632","-0.972018217562733","-0.108002024173637","0.153114866678219","22","491",0.457690091608356,0.483190196723095
"384","Human betaherpesvirus 5 (CMV).nasal","CXCL11","0","0.844146881013523","10.7608064079373","1.19564515643747","-0.03324962879461","22","492",0,0.996788516985458
"385","Human betaherpesvirus 5 (CMV).nasal","AXIN1","0.508682789577326","0.705147813802312","0.847559017973585","0.0941732242192872","-0.0396340185394319","22","492",0.563841164350771,0.965318828104536
"386","Human betaherpesvirus 5 (CMV).nasal","TNFSF10","0.243107077787525","0.0489157742828099","-0.789676933670021","-0.0877418815188913","-0.119337832723238","22","492",0.321949344596307,0.375020936168209
"387","Human betaherpesvirus 5 (CMV).nasal","IL20RA","0.199310406228476","0.946954399119053","0.255269744255209","0.0283633049172455","-0.00472266925297905","22","492",0.288678818268879,0.997223508748198
"388","Human betaherpesvirus 5 (CMV).nasal","CXCL9","0.000148596767309273","0.294780315728834","6.06604196201307","0.674004662445897","0.171296077196555","22","492",0.00085443141202832,0.63069276853611
"389","Human betaherpesvirus 5 (CMV).nasal","CST5","0.0567672502219241","0.028193744226536","-1.74797620752283","-0.194219578613648","0.253032057470733","22","492",0.106583408579939,0.313396085918602
"390","Human betaherpesvirus 5 (CMV).nasal","IL2RB","0.152412483696479","0.473383839618088","0.569680815396757","0.0632978683774175","-0.0395679794352734","22","492",0.233699141667934,0.750884711118347
"391","Human betaherpesvirus 5 (CMV).nasal","IL1A","0.420378180936945","0.987646721121007","0.516114905085289","0.0573461005650321","0.00102152204720321","22","492",0.50227003436622,0.997223508748198
"392","Human betaherpesvirus 5 (CMV).nasal","OSM","0.305946266198962","0.0821291188767178","1.65730521498203","0.184145023886893","0.219293030517501","22","492",0.395557397830931,0.377429604086862
"393","Human betaherpesvirus 5 (CMV).nasal","IL2","0.456670564928892","0.915937390119667","0.373302984765105","0.041478109418345","-0.00402669908135394","22","492",0.52337990944186,0.997223508748198
"394","Human betaherpesvirus 5 (CMV).nasal","CXCL1","0.00114906511292451","0.724625973479767","2.60984282246923","0.289982535829914","0.0435678433163441","22","492",0.00459626045169804,0.966167964639689
"395","Human betaherpesvirus 5 (CMV).nasal","TSLP","0.327144309280444","0.425646632100404","-0.513557706938067","-0.057061967437563","-0.0849702897875809","22","491",0.412291458271245,0.725175743578466
"396","Human betaherpesvirus 5 (CMV).nasal","CCL4","0.460801876791203","0.977156289656635","0.701566934130965","0.0779518815701072","-0.00277172518194074","22","492",0.52337990944186,0.997223508748198
"397","Human betaherpesvirus 5 (CMV).nasal","CD6","0.548616743606822","0.905400432892844","0.417156344718625","0.0463507049687361","0.0111444275353637","22","492",0.586892330370089,0.997223508748198
"398","Human betaherpesvirus 5 (CMV).nasal","KITLG","0.00312610585778733","0.0390132959654412","-2.88157757072123","-0.320175285635692","-0.210056868903188","22","492",0.00958672463054781,0.326293020801872
"399","Human betaherpesvirus 5 (CMV).nasal","IL18","0","0.0984598967183117","4.36899766903963","0.485444185448847","-0.187455354352745","22","492",0,0.377429604086862
"400","Human betaherpesvirus 5 (CMV).nasal","SLAMF1","0.00546273953509741","0.980576199090278","1.49438004128002","0.166042226808891","0.00239212314886017","22","492",0.0152294556736049,0.997223508748198
"401","Human betaherpesvirus 5 (CMV).nasal","TGFA","0.536068164956819","0.0562320087089229","0.870396620356579","0.0967107355951754","0.209982997365851","22","492",0.580214955012086,0.377429604086862
"402","Human betaherpesvirus 5 (CMV).nasal","CCL13","0.142181470795128","0.105789643579642","1.44684567142493","0.160760630158325","-0.185867651793729","22","492",0.221706700222911,0.389305888373083
"403","Human betaherpesvirus 5 (CMV).nasal","CCL11","0.339310195984507","0.962213877831396","0.275826162502812","0.0306473513892013","-0.00379156761494888","22","492",0.421845108521279,0.997223508748198
"404","Human betaherpesvirus 5 (CMV).nasal","TNFSF14","0.309566659172033","0.793161785350888","1.16828343715417","0.129809270794908","-0.0247844530483296","22","492",0.395557397830931,0.996788516985458
"405","Human betaherpesvirus 5 (CMV).nasal","FGF23","0.025921090663222","0.00201296776052111","3.47750038752766","0.386388931947517","0.554215858924271","22","492",0.0554590776980564,0.0596023330966167
"406","Human betaherpesvirus 5 (CMV).nasal","IL10RA","0.000725395148633456","0.342641229066796","1.95334107178232","0.217037896864702","-0.113263983477717","22","492",0.00303347062155809,0.670701980300962
"407","Human betaherpesvirus 5 (CMV).nasal","FGF5","0.0196060799989682","0.170474261603315","2.09113501685544","0.23234833520616","0.0896394897049087","22","492",0.0439941307293921,0.483190196723095
"408","Human betaherpesvirus 5 (CMV).nasal","MMP1","0.979134557789959","0.0618532038349886","-0.0183578831087431","-0.00203976478986034","-0.25042137515562","22","492",0.979134557789959,0.377429604086862
"409","Human betaherpesvirus 5 (CMV).nasal","LIFR","2.81619276052414e-05","0.279423220841823","2.12053736531205","0.23561526281245","-0.0614990854857803","22","492",0.000185064095691586,0.626998446767017
"410","Human betaherpesvirus 5 (CMV).nasal","FGF21","0.244961457845016","0.189217037681227","-2.07105391639291","-0.230117101821434","-0.328633004190663","22","492",0.321949344596307,0.49261518555111
"411","Human betaherpesvirus 5 (CMV).nasal","CCL19","0.239183803856893","0.713496525120744","0.909254962489976","0.101028329165553","-0.0599139323344972","22","492",0.321949344596307,0.965318828104536
"412","Human betaherpesvirus 5 (CMV).nasal","IL15RA","1.50841214613395e-06","0.186734692209082","2.79692589623094","0.31076954402566","0.103346917904928","22","492",1.54193241604804e-05,0.49261518555111
"413","Human betaherpesvirus 5 (CMV).nasal","IL10RB","0.495519732346869","0.420189379074056","0.339214964800538","0.0376905516445042","-0.0536011351924555","22","492",0.555948967998926,0.725175743578466
"414","Human betaherpesvirus 5 (CMV).nasal","IL22RA1","0.00187495590265085","0.663701761302918","2.21707865435663","0.246342072706293","-0.03985206426516","22","492",0.00638873863125475,0.947513000567768
"415","Human betaherpesvirus 5 (CMV).nasal","IL18R1","0","0.926424893955546","3.78458492131761","0.420509435701957","0.00741813373535973","22","492",0,0.997223508748198
"416","Human betaherpesvirus 5 (CMV).nasal","CD274","0","0.562015536990114","4.79051937215142","0.532279930239047","-0.0559341305620476","22","492",0,0.861757156718175
"417","Human betaherpesvirus 5 (CMV).nasal","NGF","0.154961668864825","0.00870492915836488","0.326192113545031","0.0362435681716701","-0.0632986752549379","22","492",0.233712680910884,0.114407640367081
"418","Human betaherpesvirus 5 (CMV).nasal","CXCL5","0.438679450418293","0.171660088481307","-0.493203611414227","-0.0548004012682474","-0.238292173962902","22","492",0.510867208082063,0.483190196723095
"419","Human betaherpesvirus 5 (CMV).nasal","TNFSF11","5.65240045663495e-06","0.0732072591304249","-4.45753392826706","-0.495281547585229","-0.19581871926756","22","492",4.72746220009469e-05,0.377429604086862
"420","Human betaherpesvirus 5 (CMV).nasal","HGF","3.08327463468538e-05","0.0921217991410026","6.18456022312448","0.687173358124943","0.190652321412262","22","492",0.00018910751092737,0.377429604086862
"421","Human betaherpesvirus 5 (CMV).nasal","IL12B","0.598960475168753","0.0963520792950662","-0.819564945058562","-0.0910627716731736","-0.284870868958982","22","492",0.633383490983049,0.377429604086862
"422","Human betaherpesvirus 5 (CMV).nasal","IL24","0.0340023456032225","0.074583794382324","2.43505717387671","0.270561908208523","0.19201541932151","22","482",0.0710958135340107,0.377429604086862
"423","Human betaherpesvirus 5 (CMV).nasal","IL13","0.243019016410919","0.669438533009836","0.74666460893937","0.0829627343265966","0.0403867465584964","22","492",0.321949344596307,0.947513000567768
"424","Human betaherpesvirus 5 (CMV).nasal","ARTN","0.00245121876509435","0.793192155412145","2.2884574891033","0.254273054344811","0.018679786630529","22","492",0.00805400451388144,0.996788516985458
"425","Human betaherpesvirus 5 (CMV).nasal","MMP10","0.00393082662790589","0.00234088841841763","2.67075880866213","0.296750978740237","0.325853796231921","22","492",0.011665679024753,0.0596023330966167
"426","Human betaherpesvirus 5 (CMV).nasal","IL10","5.39787720515994e-06","0.00827162003670292","6.63287992361999","0.736986658179999","0.364785695187871","22","492",4.72746220009469e-05,0.114407640367081
"427","Human betaherpesvirus 5 (CMV).nasal","TNF","0.00018014331102284","0.25933889535403","3.24915460995613","0.361017178884015","0.110753912302057","22","492",0.000974893212594193,0.603050181064059
"428","Human betaherpesvirus 5 (CMV).nasal","CCL23","0.00141758710353784","0.760426390280733","2.44882890895506","0.272092100995006","-0.0241417097872803","22","492",0.00543408389689505,0.996788516985458
"429","Human betaherpesvirus 5 (CMV).nasal","CD5","0.0156836646512661","0.997223508748198","1.52582497794373","0.169536108660414","-0.000323941741200003","22","492",0.036072428697912,0.997223508748198
"430","Human betaherpesvirus 5 (CMV).nasal","CCL3","0.0445409220663003","0.707776027828574","2.74921467604937","0.305468297338819","0.0553969604617136","22","492",0.0890818441326006,0.965318828104536
"431","Human betaherpesvirus 5 (CMV).nasal","FLT3LG","0.00156725584801326","0.134863787929695","-4.03547596418585","-0.448386218242872","0.157909671024978","22","492",0.00575850233528054,0.430887975875063
"432","Human betaherpesvirus 5 (CMV).nasal","CXCL6","0.0475560984209434","0.339199801670435","1.63342568773475","0.181491743081639","-0.124125234238981","22","492",0.0930885330792935,0.670701980300962
"433","Human betaherpesvirus 5 (CMV).nasal","CXCL10","0","0.982685240339587","10.305912862748","1.14510142919422","0.00317984213737491","22","492",0,0.997223508748198
"434","Human betaherpesvirus 5 (CMV).nasal","EIF4EBP1","0.00441736178023672","0.331208919287215","4.42989362812402","0.492210403124891","-0.124999327171845","22","492",0.0126999151181806,0.670701980300962
"435","Human betaherpesvirus 5 (CMV).nasal","IL20","0.526499770162361","0.0340647919476741","0.313072315706079","0.034785812856231","-0.130082720750707","22","492",0.576642605415919,0.313396085918602
"436","Human betaherpesvirus 5 (CMV).nasal","SIRT2","0.000693766253504147","0.44440660736276","5.41439365843793","0.601599295381993","-0.0957626630527697","22","492",0.00303347062155809,0.729269522280862
"437","Human betaherpesvirus 5 (CMV).nasal","CCL28","0.138147602085585","0.192762463911304","1.44103952236404","0.160115502484893","0.12904763887707","22","492",0.219130679170238,0.49261518555111
"438","Human betaherpesvirus 5 (CMV).nasal","DNER","0.216554463694305","0.236672762553382","-0.482140255211925","-0.0535711394679917","-0.0557906594407395","22","492",0.30186379787691,0.572997214602925
"439","Human betaherpesvirus 5 (CMV).nasal","S100A12","0.431601694101604","0.134996872426908","1.00681295258544","0.111868105842827","0.196132877627379","22","492",0.509068664837789,0.430887975875063
"440","Human betaherpesvirus 5 (CMV).nasal","CD40","0","0.350801395170905","4.12024479983851","0.457804977759835","0.0907661140034028","22","492",0,0.672369340744235
"441","Human betaherpesvirus 5 (CMV).nasal","IL33","0.106864872944027","0.813725536781297","1.01894582142503","0.113216202380559","0.0138714530582022","22","492",0.175563719836616,0.996788516985458
"442","Human betaherpesvirus 5 (CMV).nasal","IFNG","0.00767200890938635","0.82837638676449","6.03883625992232","0.670981806658035","0.0593944753365511","22","492",0.020759553519516,0.996788516985458
"443","Human betaherpesvirus 5 (CMV).nasal","FGF19","0.768509867117829","0.640528662353296","0.237538085700616","0.0263931206334018","0.0667273934468603","22","492",0.794414694099329,0.94131052504264
"444","Human betaherpesvirus 5 (CMV).nasal","IL4","0.0778593747665881","0.644593076931373","-1.75481372213139","-0.194979302459043","-0.0486666973112779","22","492",0.137751201510117,0.94131052504264
"445","Human betaherpesvirus 5 (CMV).nasal","LIF","0.0863479994118462","0.00012342979366711","1.49744572055659","0.166382857839621","0.256997341942287","22","492",0.149887093318676,0.0113555410173741
"446","Human betaherpesvirus 5 (CMV).nasal","NRTN","0.000392881804313017","0.96600980368508","1.98840188208653","0.220933542454059","-0.00334067000773469","22","492",0.00180725629983988,0.997223508748198
"447","Human betaherpesvirus 5 (CMV).nasal","CCL8","5.58137951300886e-07","0.262195730897417","3.31451336380091","0.368279262644546","-0.167264733305245","22","492",6.41858643996019e-06,0.603050181064059
"448","Human betaherpesvirus 5 (CMV).nasal","CASP8","0.0716778246016066","0.144403037855538","2.12484545954897","0.236093939949886","0.148981429754925","22","492",0.129301173791133,0.442835982756983
"449","Human betaherpesvirus 5 (CMV).nasal","CCL25","0.0500080280734316","0.437195739781789","1.24489074428918","0.138321193809908","0.0782963106187475","22","492",0.0958487204740772,0.729269522280862
"450","Human betaherpesvirus 5 (CMV).nasal","CX3CL1","0","0.892561624509365","3.47561212224311","0.386179124693679","0.0136861112234115","22","492",0,0.997223508748198
"451","Human betaherpesvirus 5 (CMV).nasal","TNFRSF9","0.737902124900884","0.506381078510108","0.364499008319015","0.0404998898132239","0.0918745887851477","22","492",0.771443130578197,0.789611173269999
"452","Human betaherpesvirus 5 (CMV).nasal","NTF3","0.403763679396905","0.451830030108795","0.483679591752572","0.0537421768613969","-0.054443300214259","22","492",0.488766559269938,0.729269522280862
"453","Human betaherpesvirus 5 (CMV).nasal","TNFSF12","0.103926129653733","0.0953556911346467","1.35409559131324","0.150455065701471","-0.117322397443774","22","492",0.17384007142079,0.377429604086862
"454","Human betaherpesvirus 5 (CMV).nasal","CCL20","0.00880422247906265","0.0742637164364008","4.40151018173476","0.489056686859418","0.298240206691232","22","492",0.0224996796687157,0.377429604086862
"455","Human betaherpesvirus 5 (CMV).nasal","SULT1A1","0.936413651483984","0.830214657726711","0.136722890597732","0.0151914322886369","-0.0299679014621413","22","492",0.946703911390401,0.996788516985458
"456","Human betaherpesvirus 5 (CMV).nasal","STAMBP","0.0390005801018504","0.394464837092404","2.5854247928131","0.287269421423678","-0.0870041056733382","22","492",0.0797345193193386,0.711583627696101
"457","Human betaherpesvirus 5 (CMV).nasal","IL5","0.00264210225790384","0.393341817420822","2.5242037055559","0.2804670783951","0.108639635493713","22","492",0.00838184164576391,0.711583627696101
"458","Human betaherpesvirus 5 (CMV).nasal","ADA","1.54958346383349e-05","0.133989938618958","3.40774138354489","0.378637931504987","-0.12357873913473","22","492",0.000109662829748216,0.430887975875063
"459","Human betaherpesvirus 5 (CMV).nasal","LTA","0.935872704171934","0.28982176883957","0.060553150974078","0.00672812788600866","-0.0920022893073535","22","492",0.946703911390401,0.63069276853611
"460","Human betaherpesvirus 5 (CMV).nasal","CSF1","0.200820047491394","0.845103307878975","0.424092151155147","0.0471213501283497","-0.00835802738563202","22","492",0.288678818268879,0.996788516985458
"461","Human betaherpesvirus 5 (CMV).pbmc","CXCL8","0.0022170810366845","0.0174067787775614","1.57082692059424","0.174536324510471","0.259265742847128","36","492",0.00927142978977155,0.0800711823767824
"462","Human betaherpesvirus 5 (CMV).pbmc","VEGFA","0.09043415830708","0.995273625341339","-0.284548463549452","-0.0316164959499391","-0.000452647761742596","36","492",0.190715569572739,0.995626751157358
"463","Human betaherpesvirus 5 (CMV).pbmc","CD8A","0.00027633428071111","0.182573201919385","3.68395079468822","0.409327866076469","-0.160857820088347","36","492",0.00181591098753015,0.393434006589499
"464","Human betaherpesvirus 5 (CMV).pbmc","CCL7","0.000729765492975876","0.137109931019454","2.33291338766751","0.259212598629723","0.201908890346168","36","492",0.00372991251965448,0.340921990642967
"465","Human betaherpesvirus 5 (CMV).pbmc","GDNF","0.926360001347608","0.707709085617499","0.0442944198879608","0.00492160220977342","-0.024417893696436","36","492",0.957585619370561,0.882682985202876
"466","Human betaherpesvirus 5 (CMV).pbmc","CDCP1","0.000178114053805745","0.729172900819767","2.42752904978963","0.269725449976625","-0.0301594244456909","36","492",0.00136554107917738,0.882682985202876
"467","Human betaherpesvirus 5 (CMV).pbmc","CD244","0.0230005359700118","0.103103993205688","0.912359672409041","0.101373296934338","-0.0896804671813901","36","492",0.064122706340639,0.291493902160845
"468","Human betaherpesvirus 5 (CMV).pbmc","IL7","0.375620350997373","0.0880602436627384","-0.735647260363427","-0.0817385844848252","-0.140879473527966","36","492",0.523592004420581,0.261340077966837
"469","Human betaherpesvirus 5 (CMV).pbmc","TNFRSF11B","0.115455152252091","0.0284846719643088","0.369701462150891","0.0410779402389879","0.125626072423515","36","492",0.212437480143847,0.113938687857235
"470","Human betaherpesvirus 5 (CMV).pbmc","TGFB1","0.0561421168004717","0.238979960972917","-0.553903332960826","-0.0615448147734251","-0.0595263464922568","36","492",0.132437813990856,0.448697069581803
"471","Human betaherpesvirus 5 (CMV).pbmc","PLAU","0.00506573704432944","0.76239285732968","1.01875892032139","0.113195435591266","0.0164654472571055","36","492",0.0186419123231323,0.910910946419877
"472","Human betaherpesvirus 5 (CMV).pbmc","IL6","0.238125912291383","0.0339710308282463","2.32727804352393","0.258586449280437","0.355110443078428","36","492",0.359140720177168,0.123333384851804
"473","Human betaherpesvirus 5 (CMV).pbmc","IL17C","0.390013841457939","0.00152820545648749","1.08380700832687","0.120423000925208","0.379046020034589","36","492",0.535541394240752,0.0200849859995499
"474","Human betaherpesvirus 5 (CMV).pbmc","CCL2","0.513161238565466","0.327776373426037","0.639997475982605","0.0711108306647339","0.0878513764396645","36","492",0.600927560375462,0.548280479185371
"475","Human betaherpesvirus 5 (CMV).pbmc","IL17A","0.120429262135048","0.881955481479645","-1.40646359035977","-0.156273732262197","0.0134814438186916","36","491",0.217244943459302,0.989511028001553
"476","Human betaherpesvirus 5 (CMV).pbmc","CXCL11","0","0.721316094463348","6.64554051896497","0.738393390996107","0.0474918645849782","36","492",0,0.882682985202876
"477","Human betaherpesvirus 5 (CMV).pbmc","AXIN1","0.847687192644667","0.798520657373709","-0.199918798029348","-0.0222131997810387","-0.0215251810135047","36","492",0.887454423093594,0.941052655037824
"478","Human betaherpesvirus 5 (CMV).pbmc","TNFSF10","0.76033476863329","0.0277043366080936","-0.171569819387293","-0.0190633132652547","-0.109076011829606","36","492",0.822950573108973,0.113938687857235
"479","Human betaherpesvirus 5 (CMV).pbmc","IL20RA","0.474266520658144","0.674891634235627","0.304273377008084","0.0338081530008983","0.0238138545400685","36","492",0.58560730946537,0.882682985202876
"480","Human betaherpesvirus 5 (CMV).pbmc","CXCL9","4.22813928624421e-06","0.00396250350343361","5.97309324481232","0.663677027201368","0.382723443320268","36","492",6.48314690557446e-05,0.0280423324858379
"481","Human betaherpesvirus 5 (CMV).pbmc","CST5","0.0264612333595212","0.0676158784339057","-1.65772579305656","-0.184191754784062","0.171098017307173","36","492",0.0716009843845868,0.230394845034049
"482","Human betaherpesvirus 5 (CMV).pbmc","IL2RB","0.0995304004586539","0.315912017900822","0.171890029411314","0.0190988921568127","-0.043993053523839","36","492",0.193592889591762,0.548280479185371
"483","Human betaherpesvirus 5 (CMV).pbmc","IL1A","0.947369107039246","0.190786089879061","-0.0356710857622131","-0.00396345397357924","0.0731512490265058","36","492",0.96842175386234,0.396412330779918
"484","Human betaherpesvirus 5 (CMV).pbmc","OSM","0.206258769634484","0.002104733355162","-0.458011247209014","-0.0508901385787794","0.316687880239976","36","492",0.327169082868492,0.0206606785993224
"485","Human betaherpesvirus 5 (CMV).pbmc","IL2","0.959104932354002","0.980776134125646","-0.0208117949979357","-0.0023124216664373","0.000733775821779845","36","492",0.969644546995255,0.995626751157358
"486","Human betaherpesvirus 5 (CMV).pbmc","CXCL1","0.0496735017897003","0.95762953932386","0.297743345348385","0.0330825939275984","-0.00518658223848012","36","492",0.120262162227695,0.995626751157358
"487","Human betaherpesvirus 5 (CMV).pbmc","TSLP","0.22451861735549","0.2503655599325","-0.848611622591182","-0.0942901802879091","-0.0968732317396968","36","491",0.350096827062798,0.4606726302758
"488","Human betaherpesvirus 5 (CMV).pbmc","CCL4","0.695451610335609","0.689176905101588","-0.30628858303972","-0.0340320647821911","0.0308167816423291","36","492",0.770862025914169,0.882682985202876
"489","Human betaherpesvirus 5 (CMV).pbmc","CD6","0.00426406548616609","0.980425746974424","1.47822996853491","0.164247774281657","0.00185854571405287","36","492",0.0163455843636367,0.995626751157358
"490","Human betaherpesvirus 5 (CMV).pbmc","KITLG","0.101004985873963","0.00225319785593308","-1.22323570020176","-0.135915077800196","-0.253267653714591","36","492",0.193592889591762,0.0206606785993224
"491","Human betaherpesvirus 5 (CMV).pbmc","IL18","0","0.720594824840121","4.29927566281176","0.477697295867973","0.0322014699711269","36","492",0,0.882682985202876
"492","Human betaherpesvirus 5 (CMV).pbmc","SLAMF1","0.423126456543693","0.37325064899406","0.331458284670015","0.0368286982966684","0.0704792985035059","36","492",0.557002697279109,0.613197494775956
"493","Human betaherpesvirus 5 (CMV).pbmc","TGFA","0.28721185655784","0.00230032148641772","-1.26626279950272","-0.140695866611414","0.277013183448099","36","492",0.419420488941608,0.0206606785993224
"494","Human betaherpesvirus 5 (CMV).pbmc","CCL13","0.53140899036685","0.0050771236329345","-0.62204088670837","-0.0691156540787078","-0.255435401384636","36","492",0.611120338921877,0.033363955302141
"495","Human betaherpesvirus 5 (CMV).pbmc","CCL11","0.467822514393902","0.197716342667698","0.425248817179976","0.0472498685755529","-0.0825307048008695","36","492",0.58560730946537,0.396412330779918
"496","Human betaherpesvirus 5 (CMV).pbmc","TNFSF14","0.516013883365886","0.642450426363549","0.599919807738018","0.0666577564153353","0.0363819746158898","36","492",0.600927560375462,0.882682985202876
"497","Human betaherpesvirus 5 (CMV).pbmc","FGF23","0.0912117941434841","0.000247428418281596","-1.98883466957233","-0.220981629952481","0.538977306238416","36","492",0.190715569572739,0.00758780482730228
"498","Human betaherpesvirus 5 (CMV).pbmc","IL10RA","0.134788938639318","0.511506019145953","0.741147781869784","0.0823497535410871","-0.0624715862232089","36","492",0.234343210754023,0.771451701007011
"499","Human betaherpesvirus 5 (CMV).pbmc","FGF5","0.0850210305067953","0.0803069861728574","0.622323170385355","0.0691470189317061","0.0910028284812009","36","492",0.186236543014885,0.254766990617341
"500","Human betaherpesvirus 5 (CMV).pbmc","MMP1","0.00154251655318549","0.0105054986331862","-1.8529716817991","-0.205885742422122","-0.274751019535806","36","492",0.00709557614465325,0.0568532867207724
"501","Human betaherpesvirus 5 (CMV).pbmc","LIFR","5.48387773604553e-05","0.686572085588053","1.53924689585673","0.17102743287297","0.0187029921801121","36","492",0.000560574168573543,0.882682985202876
"502","Human betaherpesvirus 5 (CMV).pbmc","FGF21","0.00683231720384925","0.69885946430905","-5.18604691348233","-0.57622743483137","-0.0778734049089201","36","492",0.0241758916443897,0.882682985202876
"503","Human betaherpesvirus 5 (CMV).pbmc","CCL19","0.430824783075531","0.428777469168506","0.93653758805331","0.104059732005923","-0.102890428174683","36","492",0.557002697279109,0.657458786058376
"504","Human betaherpesvirus 5 (CMV).pbmc","IL15RA","0.000377431325213673","0.00123299839244721","1.54212795124429","0.171347550138255","0.207695591055463","36","492",0.00231491212797719,0.0200849859995499
"505","Human betaherpesvirus 5 (CMV).pbmc","IL10RB","0.482813750842804","0.271430917938183","0.259892195994021","0.0288769106660023","0.0591268865446542","36","492",0.58560730946537,0.480223931736785
"506","Human betaherpesvirus 5 (CMV).pbmc","IL22RA1","0.0174284346102119","0.995626751157358","1.62269466073374","0.180299406748194","0.000396887264160561","36","492",0.0501067495043592,0.995626751157358
"507","Human betaherpesvirus 5 (CMV).pbmc","IL18R1","1.22509530016135e-05","0.417565913468153","2.25648688109538","0.250720764566154","0.0520475716819854","36","492",0.000140885959518555,0.651119729475764
"508","Human betaherpesvirus 5 (CMV).pbmc","CD274","3.59302410946061e-06","0.142940297625766","2.69182363220995","0.299091514689995","0.115156680914034","36","492",6.48314690557446e-05,0.346065983725539
"509","Human betaherpesvirus 5 (CMV).pbmc","NGF","0.435915154392346","0.676987177517722","-0.189032195626247","-0.0210035772918052","-0.00807950631091478","36","492",0.557002697279109,0.882682985202876
"510","Human betaherpesvirus 5 (CMV).pbmc","CXCL5","0.0123090253888853","0.104557595340303","-2.5685857557009","-0.2853984173001","-0.224635403490696","36","492",0.0390984375797815,0.291493902160845
"511","Human betaherpesvirus 5 (CMV).pbmc","TNFSF11","0.00814474857108693","0.00554824614398807","-2.3788600608573","-0.2643177845397","-0.241404698497233","36","492",0.0277524766125925,0.0340292430164602
"512","Human betaherpesvirus 5 (CMV).pbmc","HGF","0.00206107234987191","0.000101866224685967","3.24954415702328","0.361060461891476","0.356498408858639","36","492",0.00902945981848646,0.00758780482730228
"513","Human betaherpesvirus 5 (CMV).pbmc","IL12B","0.681121337745336","0.0134589719967256","0.328930629425091","0.0365478477138989","-0.346394324133035","36","492",0.764184915519158,0.0651697591420397
"514","Human betaherpesvirus 5 (CMV).pbmc","IL24","0.0742751319363346","0.0118551568271021","1.54438021854536","0.171597802060596","0.213075246855037","36","482",0.1666661497108,0.0605930237829663
"515","Human betaherpesvirus 5 (CMV).pbmc","IL13","0.435438128191071","0.97177867191396","0.339543902448237","0.0377271002720263","0.00268595220807975","36","492",0.557002697279109,0.995626751157358
"516","Human betaherpesvirus 5 (CMV).pbmc","ARTN","0.0494602623998551","0.624989925087954","1.03573876134214","0.115082084593571","0.0276067017225283","36","492",0.120262162227695,0.882682985202876
"517","Human betaherpesvirus 5 (CMV).pbmc","MMP10","0.17509323341831","0.00114781327588543","1.02423006453055","0.113803340503395","0.278666314761429","36","492",0.282606622359378,0.0200849859995499
"518","Human betaherpesvirus 5 (CMV).pbmc","IL10","2.90308209027756e-06","0.000243554918017028","5.63298859690171","0.625887621877968","0.409268573646452","36","492",6.48314690557446e-05,0.00758780482730228
"519","Human betaherpesvirus 5 (CMV).pbmc","TNF","6.33675420550484e-05","0.198206165389959","2.86455400842607","0.318283778714008","0.100312613832663","36","492",0.000582981386906445,0.396412330779918
"520","Human betaherpesvirus 5 (CMV).pbmc","CCL23","0.0404610257367244","0.0235616741624715","1.28809729323332","0.143121921470369","0.14545257567765","36","492",0.106354696222247,0.103222572521304
"521","Human betaherpesvirus 5 (CMV).pbmc","CD5","0.0135601169618074","0.407857441689575","1.13263875723405","0.125848750803783","0.0618171374702778","36","492",0.041584358682876,0.646946286817947
"522","Human betaherpesvirus 5 (CMV).pbmc","CCL3","0.485631742024247","0.942203452785375","0.704330011678535","0.0782588901865039","0.00844709556608506","36","492",0.58560730946537,0.995626751157358
"523","Human betaherpesvirus 5 (CMV).pbmc","FLT3LG","0.136079400882128","0.170108462506691","-0.822897763993809","-0.091433084888201","-0.118720511301453","36","492",0.234343210754023,0.391249463765389
"524","Human betaherpesvirus 5 (CMV).pbmc","CXCL6","0.490127856835147","0.202829324777789","0.459002861116274","0.0510003179018082","-0.129367613707171","36","492",0.58560730946537,0.397027614458651
"525","Human betaherpesvirus 5 (CMV).pbmc","CXCL10","0","0.183887633514657","8.48618011763611","0.942908901959567","0.158880261292632","36","492",0,0.393434006589499
"526","Human betaherpesvirus 5 (CMV).pbmc","EIF4EBP1","0.0935063216336159","0.324484720383903","2.17521819610959","0.241690910678843","0.101684796077123","36","492",0.191168479784281,0.548280479185371
"527","Human betaherpesvirus 5 (CMV).pbmc","IL20","0.542591427466","0.00723501490812328","0.253592645064509","0.0281769605627232","-0.134421061140591","36","492",0.616276683047802,0.0416013357217089
"528","Human betaherpesvirus 5 (CMV).pbmc","SIRT2","0.0430390109253872","0.636774885023021","2.95055077816658","0.327838975351842","0.0468824964516185","36","492",0.109988583475989,0.882682985202876
"529","Human betaherpesvirus 5 (CMV).pbmc","CCL28","0.069260445062876","0.220213194606428","1.41548500994177","0.157276112215753","0.0956042878684805","36","492",0.159299023644615,0.42207528966232
"530","Human betaherpesvirus 5 (CMV).pbmc","DNER","0.749459916687121","0.0336973840107691","-0.10296566480468","-0.0114406294227423","-0.0817664362645597","36","492",0.820837051609704,0.123333384851804
"531","Human betaherpesvirus 5 (CMV).pbmc","S100A12","0.848869448176481","0.00269487112165075","0.19648389031215","0.0218315433680166","0.317159689430099","36","492",0.887454423093594,0.0206606785993224
"532","Human betaherpesvirus 5 (CMV).pbmc","CD40","0.000272850485877385","0.0025921121973573","1.8450486369806","0.205005404108955","0.236248032555825","36","492",0.00181591098753015,0.0206606785993224
"533","Human betaherpesvirus 5 (CMV).pbmc","IL33","0.354532585123093","0.873395107813553","0.439271105807047","0.0488079006452274","-0.00747479095946035","36","492",0.501799966635762,0.989511028001553
"534","Human betaherpesvirus 5 (CMV).pbmc","IFNG","0.000712727729603069","0.995518199287749","8.20154594679357","0.911282882977064","0.00124551356809656","36","492",0.00372991251965448,0.995626751157358
"535","Human betaherpesvirus 5 (CMV).pbmc","FGF19","0.140096484689905","0.808077823347697","1.8669742284264","0.207441580936267","-0.0285409206521408","36","492",0.234343210754023,0.941052655037824
"536","Human betaherpesvirus 5 (CMV).pbmc","IL4","0.000723860941182874","0.579293516999298","-2.09960782038901","-0.233289757821001","0.046685523069229","36","492",0.00372991251965448,0.845952437522784
"537","Human betaherpesvirus 5 (CMV).pbmc","LIF","0.798711522153879","0.1206759977119","0.175907700467122","0.0195453000519024","0.082521469380337","36","492",0.854435581839033,0.317205479699851
"538","Human betaherpesvirus 5 (CMV).pbmc","NRTN","0.00351308183516807","0.182809735553498","1.16380695743413","0.129311884159347","0.0849015766976912","36","492",0.0140523273406723,0.393434006589499
"539","Human betaherpesvirus 5 (CMV).pbmc","CCL8","9.03799884306444e-05","0.155421747637953","3.73040745310266","0.414489717011406","-0.168365348991937","36","492",0.000755905357783571,0.366635917504915
"540","Human betaherpesvirus 5 (CMV).pbmc","CASP8","0.174666184656839","0.0837282546328041","1.16351414698506","0.129279349665007","0.140781713362983","36","492",0.282606622359378,0.256766647540599
"541","Human betaherpesvirus 5 (CMV).pbmc","CCL25","0.0123245074979746","0.818829542089847","1.32852308813262","0.14761367645918","-0.0183491845268977","36","492",0.0390984375797815,0.941653973403324
"542","Human betaherpesvirus 5 (CMV).pbmc","CX3CL1","5.36166564246709e-06","0.0757131095369272","2.50479131819006","0.278310146465563","0.146466731926855","36","492",7.04676055867103e-05,0.248771645621332
"543","Human betaherpesvirus 5 (CMV).pbmc","TNFRSF9","0.139277486322551","0.12729647878639","0.711302346224201","0.0790335940249112","0.172147899412683","36","492",0.234343210754023,0.325313223565219
"544","Human betaherpesvirus 5 (CMV).pbmc","NTF3","0.399498802197726","0.548001176999063","-0.401441164363161","-0.0446045738181289","-0.0347365446005867","36","492",0.540498379443982,0.813163036837319
"545","Human betaherpesvirus 5 (CMV).pbmc","TNFSF12","0.292961853291963","0.11499134674188","0.693565156040546","0.0770627951156163","-0.0891694334459429","36","492",0.421132664107197,0.311153055889793
"546","Human betaherpesvirus 5 (CMV).pbmc","CCL20","0.113617979705467","0.00132204454831698","1.53541742273664","0.170601935859627","0.437522231557194","36","492",0.212437480143847,0.0200849859995499
"547","Human betaherpesvirus 5 (CMV).pbmc","SULT1A1","0.998318077853784","0.389584138186058","-0.00299644407164345","-0.000332938230182605","-0.0953703720992476","36","492",0.998318077853784,0.628802468651181
"548","Human betaherpesvirus 5 (CMV).pbmc","STAMBP","0.234537057563374","0.940571667584751","1.354132768587","0.150459196509666","-0.00597340699888168","36","492",0.359140720177168,0.995626751157358
"549","Human betaherpesvirus 5 (CMV).pbmc","IL5","0.0148937579881634","0.946782686365764","0.847586026581739","0.0941762251757488","-0.0067563301382305","36","492",0.0442008301584204,0.995626751157358
"550","Human betaherpesvirus 5 (CMV).pbmc","ADA","0.00110362248920859","0.715703957977201","2.02577663889742","0.225086293210825","-0.0240489076131485","36","492",0.00534385626353633,0.882682985202876
"551","Human betaherpesvirus 5 (CMV).pbmc","LTA","0.268320627772332","0.0348550870233359","0.467376850463393","0.0519307611625993","-0.147718645200694","36","492",0.398153189597654,0.123333384851804
"552","Human betaherpesvirus 5 (CMV).pbmc","CSF1","0.0969875329340436","0.268630151839362","0.501444758024071","0.0557160842248968","0.0375942380741537","36","492",0.193592889591762,0.480223931736785
"553","Human gammaherpesvirus 4 (EBV).nasal","CXCL8","0.126783337216021","0.0416623757176763","1.71872238627524","0.190969154030582","0.16399793601971","75","492",0.265092432360771,0.182520884096487
"554","Human gammaherpesvirus 4 (EBV).nasal","VEGFA","0.0330943206377361","0.0704686192996846","0.0903206252844768","0.0100356250316085","0.100249448490732","75","492",0.104988879264542,0.231601101394632
"555","Human gammaherpesvirus 4 (EBV).nasal","CD8A","0.150626235045507","0.560852350780206","1.1178856955671","0.124209521729678","0.0528345850221991","75","492",0.288700283837222,0.732709998897942
"556","Human gammaherpesvirus 4 (EBV).nasal","CCL7","0.0786893680884327","0.290093619249629","2.02874566579482","0.225416185088313","0.103864257468366","75","492",0.185626201644508,0.567842829169487
"557","Human gammaherpesvirus 4 (EBV).nasal","GDNF","0.497526394452557","0.415240039850522","0.280468808370499","0.0311632009300555","0.0409553347579075","75","492",0.715194192025551,0.658942786083563
"558","Human gammaherpesvirus 4 (EBV).nasal","CDCP1","0.00811104057708684","0.589329178375656","1.48458742208247","0.164954158009163","0.0344854257082723","75","492",0.0392745122679994,0.742716224802197
"559","Human gammaherpesvirus 4 (EBV).nasal","CD244","0.014056153651628","0.884048999719472","-0.0229806875353244","-0.00255340972614715","0.00589452449945095","75","492",0.058780278906808,0.934856413496453
"560","Human gammaherpesvirus 4 (EBV).nasal","IL7","0.772357265995956","0.90892636943623","0.14115791579613","0.0156842128662367","-0.0071205509390772","75","492",0.89945403128643,0.93675991654657
"561","Human gammaherpesvirus 4 (EBV).nasal","TNFRSF11B","0.14347464042699","0.00986782623795493","0.656950237750222","0.0729944708611358","0.111727652252113","75","492",0.280843977006023,0.0648457152779895
"562","Human gammaherpesvirus 4 (EBV).nasal","TGFB1","0.0161804973402549","0.424280892445293","-0.120863299665433","-0.0134292555183814","0.0299120035143176","75","492",0.0620252398043104,0.658942786083563
"563","Human gammaherpesvirus 4 (EBV).nasal","PLAU","0.00308437134450718","0.00100915416883005","4.04892655578517","0.449880728420574","0.133657846187682","75","492",0.0218278587457431,0.0232105458830911
"564","Human gammaherpesvirus 4 (EBV).nasal","IL6","0.0214937106014628","0.00773957632384126","3.27959540583986","0.364399489537762","0.320769069597526","75","492",0.0760546682820991,0.0640754864674937
"565","Human gammaherpesvirus 4 (EBV).nasal","IL17C","0.549926451352364","0.197559543632132","0.607066265099817","0.067451807233313","0.114274206218538","75","492",0.778357438837192,0.466037897798876
"566","Human gammaherpesvirus 4 (EBV).nasal","CCL2","0.183103873204718","0.215544572712338","0.606491691711112","0.0673879657456791","0.0826168123020089","75","492",0.323953006439116,0.483660992427685
"567","Human gammaherpesvirus 4 (EBV).nasal","IL17A","0.870891021440963","0.544757125512721","-0.119137385634567","-0.0132374872927297","-0.0398498772903053","75","491",0.952349793936381,0.726342834016961
"568","Human gammaherpesvirus 4 (EBV).nasal","CXCL11","6.92157368753499e-07","0.157015350594911","4.69446114149101","0.521606793499001","0.139444828490703","75","492",3.18392389626609e-05,0.3801424277561
"569","Human gammaherpesvirus 4 (EBV).nasal","AXIN1","0.0895830897127784","0.410805992007098","-1.46265051198229","-0.162516723553588","0.0514903639431721","75","492",0.20604110633939,0.658942786083563
"570","Human gammaherpesvirus 4 (EBV).nasal","TNFSF10","0.879888396571656","0.482892620854809","0.0684975560044334","0.00761083955604815","-0.0259083293923922","75","492",0.952349793936381,0.673123047252158
"571","Human gammaherpesvirus 4 (EBV).nasal","IL20RA","0.467863919170035","0.0758530198129557","0.0734421014745709","0.00816023349717455","0.0791436526085121","75","492",0.694249686510375,0.232615927426397
"572","Human gammaherpesvirus 4 (EBV).nasal","CXCL9","0.124731613662741","0.0381108430227011","1.9136331292429","0.212625903249211","0.199809129065714","75","492",0.265092432360771,0.176722602363237
"573","Human gammaherpesvirus 4 (EBV).nasal","CST5","0.00771143033147154","0.52943084704256","-1.35262489514425","-0.150291655016028","0.0435164634819865","75","492",0.0392745122679994,0.716288793057581
"574","Human gammaherpesvirus 4 (EBV).nasal","IL2RB","0.72427466009274","0.0894329615387434","0.141358645249377","0.0157065161388197","-0.0543787856628053","75","492",0.888443583047094,0.257119764423887
"575","Human gammaherpesvirus 4 (EBV).nasal","IL1A","0.167310883882221","0.678816992506665","-0.0352693146616164","-0.0039188127401796","0.0164366377102683","75","492",0.301815712101261,0.821725833034384
"576","Human gammaherpesvirus 4 (EBV).nasal","OSM","0.143310092549927","0.0362508906389076","-1.45120039499292","-0.161244488332547","0.165918560914974","75","492",0.280843977006023,0.176722602363237
"577","Human gammaherpesvirus 4 (EBV).nasal","IL2","0.789256686432066","0.334331008369092","-0.0928514993406488","-0.0103168332600721","-0.0218753876394859","75","492",0.907645189396876,0.627723525917479
"578","Human gammaherpesvirus 4 (EBV).nasal","CXCL1","0.0991807207867582","0.0169738351538414","0.890545167911702","0.0989494631013002","0.169360332900586","75","492",0.222551861277604,0.0975995521345881
"579","Human gammaherpesvirus 4 (EBV).nasal","TSLP","0.0553453259996787","0.91250524210198","-1.06829546804092","-0.118699496448991","-0.00682562844099408","75","491",0.145479142627727,0.93675991654657
"580","Human gammaherpesvirus 4 (EBV).nasal","CCL4","0.140559919684248","0.0627677457759781","-0.955314998615322","-0.106146110957258","0.108951891852285","75","492",0.280843977006023,0.230985304455599
"581","Human gammaherpesvirus 4 (EBV).nasal","CD6","0.56791228307676","0.448892418546209","0.250258848374268","0.027806538708252","0.041696755222134","75","492",0.790934900049595,0.66050331047308
"582","Human gammaherpesvirus 4 (EBV).nasal","KITLG","0.285726548752345","0.000142846939063784","-0.780927414388231","-0.0867697127098034","-0.227540317675941","75","492",0.461172675179223,0.00657095919693406
"583","Human gammaherpesvirus 4 (EBV).nasal","IL18","0","0.349979861390388","0.98202653651199","0.109114059612443","0.0613248009549596","75","492",0,0.643962944958314
"584","Human gammaherpesvirus 4 (EBV).nasal","SLAMF1","0.22053052459723","0.00810963840088057","0.561968236933634","0.0624409152148482","0.154585324141604","75","492",0.375718671536021,0.0640754864674937
"585","Human gammaherpesvirus 4 (EBV).nasal","TGFA","0.016867681685244","0.0058528234771691","-2.24573133269076","-0.249525703632306","0.19522329248927","75","492",0.0620730686016979,0.0640754864674937
"586","Human gammaherpesvirus 4 (EBV).nasal","CCL13","0.621355503420013","0.634006123813454","-0.32320084431371","-0.0359112049237456","-0.0336590924367378","75","492",0.819112999363361,0.788223829605916
"587","Human gammaherpesvirus 4 (EBV).nasal","CCL11","0.409611074185368","0.565460977410368","0.391886849151177","0.0435429832390196","-0.0274441961871195","75","492",0.618835544739927,0.732709998897942
"588","Human gammaherpesvirus 4 (EBV).nasal","TNFSF14","0.00657344535377519","0.709834153947185","-2.11194493184471","-0.234660547982746","0.0225384334937415","75","492",0.0376980338857019,0.825249745310056
"589","Human gammaherpesvirus 4 (EBV).nasal","FGF23","0.102255945043868","0.00946518305321935","1.35523416945825","0.15058157438425","0.288773992895468","75","492",0.223989212953235,0.0648457152779895
"590","Human gammaherpesvirus 4 (EBV).nasal","IL10RA","0.069807512726179","0.856976370751618","0.70437402259763","0.0782637802886256","0.0131250592072157","75","492",0.173575437048877,0.916765419873824
"591","Human gammaherpesvirus 4 (EBV).nasal","FGF5","0.0125358725680351","0.455632459202827","0.631966289338421","0.0702184765931579","-0.0273713222766786","75","492",0.054919060774249,0.66050331047308
"592","Human gammaherpesvirus 4 (EBV).nasal","MMP1","0.154299331997013","0.834188621027755","-0.626788837495038","-0.0696432041661154","-0.0159007573125278","75","492",0.28970486823929,0.908774379392338
"593","Human gammaherpesvirus 4 (EBV).nasal","LIFR","0.00696594104409709","0.329396306843895","1.14716436106666","0.127462706785184","-0.0333331006501428","75","492",0.0376980338857019,0.627723525917479
"594","Human gammaherpesvirus 4 (EBV).nasal","FGF21","0.0487577943954457","0.916395570534688","-2.27425300887011","-0.252694778763346","0.0159225915796119","75","492",0.135930820738818,0.93675991654657
"595","Human gammaherpesvirus 4 (EBV).nasal","CCL19","0.933995672470005","0.210215549744423","0.1285786149581","0.0142865127731222","0.120531804238324","75","492",0.976450021218642,0.483495764412173
"596","Human gammaherpesvirus 4 (EBV).nasal","IL15RA","8.31707455601349e-05","0.146583783007609","1.56338203613838","0.173709115126487","0.0675405442228764","75","492",0.0012752847652554,0.366013193553659
"597","Human gammaherpesvirus 4 (EBV).nasal","IL10RB","0.997659432406012","0.429511160587474","-0.000889430826226327","-9.88256473584808e-05","0.0309729420112686","75","492",0.997659432406012,0.658942786083563
"598","Human gammaherpesvirus 4 (EBV).nasal","IL22RA1","2.5136971264883e-05","0.743135736953685","2.73082252447405","0.303424724941561","-0.0184158336049391","75","492",0.000462520271273847,0.844055404935049
"599","Human gammaherpesvirus 4 (EBV).nasal","IL18R1","2.07447855476994e-06","0.403450422949211","1.9681819138488","0.218686879316533","0.038862415032083","75","492",6.36173423462782e-05,0.658942786083563
"600","Human gammaherpesvirus 4 (EBV).nasal","CD274","0.000446084685600256","0.135578586450524","1.539043097049","0.171004788561","0.0839209318638544","75","492",0.00455997678613595,0.356377998669949
"601","Human gammaherpesvirus 4 (EBV).nasal","NGF","0.601692943031758","0.271036774571946","0.132753096199893","0.0147503440222104","-0.0158621105564271","75","492",0.814055158219437,0.558274197555796
"602","Human gammaherpesvirus 4 (EBV).nasal","CXCL5","0.656831563176268","0.676464975605268","-0.269775183880384","-0.0299750204311537","0.0412558149763809","75","492",0.819112999363361,0.821725833034384
"603","Human gammaherpesvirus 4 (EBV).nasal","TNFSF11","0.00409361972615202","0.460752967079593","-1.90132060103631","-0.21125784455959","-0.0479668451199303","75","492",0.026900929628999,0.66050331047308
"604","Human gammaherpesvirus 4 (EBV).nasal","HGF","0.307270379229203","3.04772849412226e-05","0.879870061727232","0.0977633401919147","0.278855137914087","75","492",0.487394394639425,0.00280391021459248
"605","Human gammaherpesvirus 4 (EBV).nasal","IL12B","0.803045378257011","0.412777656549673","-0.269056229666043","-0.0298951366295603","-0.0835017231144718","75","492",0.912100923452408,0.658942786083563
"606","Human gammaherpesvirus 4 (EBV).nasal","IL24","0.00149408832686176","0.00707218588733783","1.66816524081","0.185351693423333","0.174294658960376","75","482",0.0114546771726068,0.0640754864674937
"607","Human gammaherpesvirus 4 (EBV).nasal","IL13","0.945007503500663","0.369900649936991","-0.0281421757166933","-0.00312690841296592","0.0507618538838208","75","492",0.976861689011921,0.658942786083563
"608","Human gammaherpesvirus 4 (EBV).nasal","ARTN","0.759103971175707","0.0730046950048295","0.13811718031983","0.01534635336887","0.0792241635796639","75","492",0.895353401899552,0.231601101394632
"609","Human gammaherpesvirus 4 (EBV).nasal","MMP10","0.00113598262350512","0.013888624832703","2.05610135130149","0.228455705700165","0.157286928892955","75","492",0.0104510401362471,0.0851835656405784
"610","Human gammaherpesvirus 4 (EBV).nasal","IL10","0.00136477532776674","0.000493355784737128","4.83660494045768","0.537400548939742","0.283307771656931","75","492",0.0114144845595036,0.0151295773986053
"611","Human gammaherpesvirus 4 (EBV).nasal","TNF","0.0345516920590664","0.00378836913811845","1.25356335146128","0.139284816829031","0.188927096520279","75","492",0.10595852231447,0.0532592477350348
"612","Human gammaherpesvirus 4 (EBV).nasal","CCL23","0.260861805469787","0.069021800970187","0.684950521789506","0.0761056135321674","0.0867912871748674","75","492",0.42855868041465,0.231601101394632
"613","Human gammaherpesvirus 4 (EBV).nasal","CD5","0.236536413613503","0.273835617915008","0.483219914357795","0.0536911015953106","0.059518866941185","75","492",0.395660910044405,0.558274197555796
"614","Human gammaherpesvirus 4 (EBV).nasal","CCL3","0.98113238694391","0.147200958277015","0.0197408226191613","0.00219342473546237","0.123016022219822","75","492",0.991914061525711,0.366013193553659
"615","Human gammaherpesvirus 4 (EBV).nasal","FLT3LG","0.0767332838495696","0.418204016892283","-1.87619892845562","-0.20846654760618","-0.0526035889261012","75","492",0.185626201644508,0.658942786083563
"616","Human gammaherpesvirus 4 (EBV).nasal","CXCL6","0.962535614055217","0.0826448256723794","0.0566877232467359","0.00629863591630399","0.129287615392045","75","492",0.983925294367555,0.245268514898674
"617","Human gammaherpesvirus 4 (EBV).nasal","CXCL10","2.04498927446339e-05","0.455072171162523","4.34034435055526","0.482260483395028","0.063433864919964","75","492",0.000462520271273847,0.66050331047308
"618","Human gammaherpesvirus 4 (EBV).nasal","EIF4EBP1","0.828187633043499","0.415095809973904","-0.228450564587047","-0.0253833960652274","0.0603621731443336","75","492",0.929186124878072,0.658942786083563
"619","Human gammaherpesvirus 4 (EBV).nasal","IL20","0.348259232713104","0.806968447739047","-0.308036752271702","-0.0342263058079669","-0.00868947125820585","75","492",0.543048295078061,0.894471050505932
"620","Human gammaherpesvirus 4 (EBV).nasal","SIRT2","0.757065732112988","0.952920075992928","-0.333563026022928","-0.037062558446992","0.00431897257638853","75","492",0.895353401899552,0.963391725179664
"621","Human gammaherpesvirus 4 (EBV).nasal","CCL28","0.15978412641223","0.0365493005087379","1.00023401303516","0.111137112559462","0.125407208427717","75","492",0.294002792598503,0.176722602363237
"622","Human gammaherpesvirus 4 (EBV).nasal","DNER","0.0474639636391717","0.0478137701229504","-0.53102964821454","-0.05900329424606","-0.0563352010154863","75","492",0.135930820738818,0.191255080491802
"623","Human gammaherpesvirus 4 (EBV).nasal","S100A12","0.0569444445174688","0.0384179570354862","-1.55487615477401","-0.172764017197112","0.160060434328264","75","492",0.145524691544642,0.176722602363237
"624","Human gammaherpesvirus 4 (EBV).nasal","CD40","0.00593502824728626","0.00391647703473689","1.29540060845106","0.143933400939007","0.165293124689156","75","492",0.0364015065833557,0.0532592477350348
"625","Human gammaherpesvirus 4 (EBV).nasal","IL33","0.892060500368798","0.986159916514929","-0.0498141699172106","-0.00553490776857896","-0.000633935907978766","75","492",0.953988292196096,0.986159916514929
"626","Human gammaherpesvirus 4 (EBV).nasal","IFNG","0.000130935764798057","0.708020038805001","6.78402416202911","0.753780462447678","-0.0593518846762317","75","492",0.00172087005163161,0.825249745310056
"627","Human gammaherpesvirus 4 (EBV).nasal","FGF19","0.643171119315031","0.0710252445999357","-0.530375144435579","-0.0589305716039532","-0.158076924905549","75","492",0.819112999363361,0.231601101394632
"628","Human gammaherpesvirus 4 (EBV).nasal","IL4","0.0149119227045296","0.587290098229647","-1.37936743814903","-0.153263048683225","-0.0335312749184457","75","492",0.0596476908181184,0.742716224802197
"629","Human gammaherpesvirus 4 (EBV).nasal","LIF","0.658851760357486","0.00835767214793396","0.291720203287018","0.0324133559207797","0.11039009031094","75","492",0.819112999363361,0.0640754864674937
"630","Human gammaherpesvirus 4 (EBV).nasal","NRTN","0.0234310959113833","0.793846309580596","0.879447717527352","0.0977164130585947","0.0118859206731654","75","492",0.0798392897721209,0.890656835139205
"631","Human gammaherpesvirus 4 (EBV).nasal","CCL8","0.000383972865952542","0.525350607492599","2.11061617392206","0.234512908213563","-0.0547896604914921","75","492",0.00441568795845423,0.716288793057581
"632","Human gammaherpesvirus 4 (EBV).nasal","CASP8","0.205043020349899","0.279137098777898","-1.00451749958137","-0.111613055509041","0.0660741539824312","75","492",0.355923733437561,0.558274197555796
"633","Human gammaherpesvirus 4 (EBV).nasal","CCL25","0.0285478464084202","0.839628502699443","0.972048839037824","0.108005426559758","0.0123079101679045","75","492",0.0938000667705235,0.908774379392338
"634","Human gammaherpesvirus 4 (EBV).nasal","CX3CL1","0.0113162816057672","0.717608474182657","1.27618905779483","0.141798784199426","0.0218766028238371","75","492",0.0520548953865291,0.825249745310056
"635","Human gammaherpesvirus 4 (EBV).nasal","TNFRSF9","0.480803283845922","0.133933580602187","0.399346351996272","0.0443718168884746","0.123675850757204","75","492",0.702125430378172,0.356377998669949
"636","Human gammaherpesvirus 4 (EBV).nasal","NTF3","0.90214110240283","0.276856633717585","0.049080187126425","0.00545335412515833","-0.045627043564807","75","492",0.953988292196096,0.558274197555796
"637","Human gammaherpesvirus 4 (EBV).nasal","TNFSF12","0.647839370901675","0.271907901036353","-0.26139333648413","-0.0290437040537923","-0.0463452767353981","75","492",0.819112999363361,0.558274197555796
"638","Human gammaherpesvirus 4 (EBV).nasal","CCL20","0.0366109152147354","0.00405233406679613","2.30140261469491","0.255711401632768","0.296104164384331","75","492",0.108651748379215,0.0532592477350348
"639","Human gammaherpesvirus 4 (EBV).nasal","SULT1A1","0.0507234080418941","0.46665994761685","-2.27303781591008","-0.252559757323343","-0.0574045131355197","75","492",0.137251574701596,0.66050331047308
"640","Human gammaherpesvirus 4 (EBV).nasal","STAMBP","0.634344916904816","0.429745295271889","-0.405343357505168","-0.0450381508339076","0.0479152747671353","75","492",0.819112999363361,0.658942786083563
"641","Human gammaherpesvirus 4 (EBV).nasal","IL5","0.576006938079596","0.69794081222916","0.299635753049819","0.0332928614499799","-0.0270411937845","75","492",0.790934900049595,0.825249745310056
"642","Human gammaherpesvirus 4 (EBV).nasal","ADA","0.410314872055821","0.0517966450910509","0.423571333592674","0.0470634815102971","0.0968516023851725","75","492",0.618835544739927,0.198553806182362
"643","Human gammaherpesvirus 4 (EBV).nasal","LTA","0.736436835377602","0.111579121160919","0.170590688824047","0.0189545209804497","-0.0843057385327872","75","492",0.891476169141308,0.311069065054683
"644","Human gammaherpesvirus 4 (EBV).nasal","CSF1","0.86841396044086","0.0438587706192358","0.040606400723642","0.00451182230262689","0.0515689685091778","75","492",0.952349793936381,0.183409404407713
"645","Human gammaherpesvirus 4 (EBV).pbmc","CXCL8","0.555796487265389","0.0517976844876584","0.422064921817455","0.0468961024241617","0.098452215689654","266","492",0.838250439810095,0.176495813809799
"646","Human gammaherpesvirus 4 (EBV).pbmc","VEGFA","0.0524457273259426","0.0185394237070211","0.74839855274266","0.0831553947491844","0.0833985783167349","266","492",0.245226698641893,0.0775284991384519
"647","Human gammaherpesvirus 4 (EBV).pbmc","CD8A","0.0341146635817721","0.164777524850048","1.122890316309","0.124765590701","0.0730368573609039","266","492",0.19615931559519,0.355245708379019
"648","Human gammaherpesvirus 4 (EBV).pbmc","CCL7","0.640578278440369","0.000210716162460563","-0.437132769499076","-0.0485703077221195","0.225763825239919","266","492",0.878410570078093,0.00646196231545727
"649","Human gammaherpesvirus 4 (EBV).pbmc","GDNF","0.953098948341715","0.670386515456967","-0.0160846787990549","-0.00178718653322832","-0.0128040852745118","266","492",0.985225879184694,0.775723582312576
"650","Human gammaherpesvirus 4 (EBV).pbmc","CDCP1","0.00853132327621414","0.636342654411373","0.937355296699332","0.104150588522148","0.0182063257463976","266","492",0.0738683240325581,0.775723582312576
"651","Human gammaherpesvirus 4 (EBV).pbmc","CD244","0.664175562417425","0.18592308278651","0.0884751689730612","0.00983057433034014","-0.0323355831379749","266","492",0.878410570078093,0.373757207279026
"652","Human gammaherpesvirus 4 (EBV).pbmc","IL7","0.376862886034047","0.410203766069002","-0.373003806731789","-0.0414448674146432","0.0303117087353632","266","492",0.722320531565257,0.58966791372419
"653","Human gammaherpesvirus 4 (EBV).pbmc","TNFRSF11B","0.384943745662384","0.102072810747998","0.29860359663667","0.0331781774040745","0.0463601700050385","266","492",0.72275152246815,0.246564129898589
"654","Human gammaherpesvirus 4 (EBV).pbmc","TGFB1","0.932944462515735","0.569803427114092","-0.0112312254492691","-0.00124791393880768","0.0131336834516153","266","492",0.985225879184694,0.728082156868006
"655","Human gammaherpesvirus 4 (EBV).pbmc","PLAU","0.118193585804249","0.0799631848762571","0.475345922978998","0.0528162136643331","0.0438841932694655","266","492",0.342267541385219,0.217153002328893
"656","Human gammaherpesvirus 4 (EBV).pbmc","IL6","0.275263052232273","3.73377118785556e-06","1.16943897660771","0.129937664067523","0.352688462624406","266","492",0.588934902450444,0.000171753474641356
"657","Human gammaherpesvirus 4 (EBV).pbmc","IL17C","0.231021210249426","0.00958681478937765","0.785527192342799","0.0872807991491999","0.141521077904619","266","492",0.518389057145054,0.0486130773425207
"658","Human gammaherpesvirus 4 (EBV).pbmc","CCL2","0.621232441879844","0.000474959891100534","0.162673305338872","0.0180748117043191","0.143342270279012","266","492",0.878410570078093,0.00873926199624983
"659","Human gammaherpesvirus 4 (EBV).pbmc","IL17A","0.764889030306097","0.665997518953849","-0.144480055037276","-0.0160533394485862","-0.0182126928906147","266","491",0.913893386859233,0.775723582312576
"660","Human gammaherpesvirus 4 (EBV).pbmc","CXCL11","0.000833780443543986","0.0248811081089001","1.64466243351596","0.182740270390663","0.13186523052019","266","492",0.050393702617898,0.0930309457645657
"661","Human gammaherpesvirus 4 (EBV).pbmc","AXIN1","0.848566567355383","0.48904536033542","-0.103238586835137","-0.011470954092793","-0.0268252842394038","266","492",0.951381642860147,0.661649605159686
"662","Human gammaherpesvirus 4 (EBV).pbmc","TNFSF10","0.461059406500349","0.339121045009352","-0.238636364833354","-0.0265151516481504","-0.0222394487264578","266","492",0.771226643600584,0.537916140359662
"663","Human gammaherpesvirus 4 (EBV).pbmc","IL20RA","0.35437328657731","0.927390745309163","0.210574888785935","0.0233972098651039","0.0022374604871335","266","492",0.693666858832181,0.947999428538255
"664","Human gammaherpesvirus 4 (EBV).pbmc","CXCL9","0.69038174082148","0.00204347002504276","0.27983667153647","0.0310929635040523","0.18229040485717","266","492",0.878410570078093,0.0195893647097871
"665","Human gammaherpesvirus 4 (EBV).pbmc","CST5","0.976058693041604","0.467430498233618","-0.0120850811724223","-0.00134278679693581","0.0316308477389106","266","492",0.988636653235713,0.642434232802643
"666","Human gammaherpesvirus 4 (EBV).pbmc","IL2RB","0.716095573433228","0.686065238759156","0.0830078294089947","0.00922309215655497","-0.00804213068207909","266","492",0.878410570078093,0.775723582312576
"667","Human gammaherpesvirus 4 (EBV).pbmc","IL1A","0.330501615479994","0.983637621351987","-0.301659338898029","-0.0335177043220032","0.00050030806165261","266","492",0.675692191647988,0.983637621351987
"668","Human gammaherpesvirus 4 (EBV).pbmc","OSM","0.217325387825716","0.385485664290377","-0.00372766312869486","-0.000414184792077207","0.0424735259787985","266","492",0.499848391999147,0.565148400375662
"669","Human gammaherpesvirus 4 (EBV).pbmc","IL2","0.951999264819427","0.959416865629659","0.0129685858918751","0.00144095398798612","-0.000749847566139389","266","492",0.985225879184694,0.969959908109106
"670","Human gammaherpesvirus 4 (EBV).pbmc","CXCL1","0.0495218974816282","0.219085777477158","0.7633399239533","0.0848155471059222","0.051380943674114","266","492",0.245226698641893,0.403117830557971
"671","Human gammaherpesvirus 4 (EBV).pbmc","TSLP","0.858311699536872","0.811639835718946","-0.0643721196964963","-0.00715245774405515","0.00899004581651874","266","491",0.951381642860147,0.878480763366389
"672","Human gammaherpesvirus 4 (EBV).pbmc","CCL4","0.420617825306041","0.36892606613716","-0.482950030322229","-0.0536611144802477","0.0322392512374015","266","492",0.74416999861838,0.556413083354405
"673","Human gammaherpesvirus 4 (EBV).pbmc","CD6","0.131715714464324","0.262413486734506","-0.0354694212621253","-0.00394104680690281","-0.0371743067817615","266","492",0.356407227374053,0.463622021838079
"674","Human gammaherpesvirus 4 (EBV).pbmc","KITLG","0.0827067827702962","0.0141638884964996","-0.712702862526251","-0.0791892069473612","-0.0923171788168106","266","492",0.292292769065034,0.0651538870838982
"675","Human gammaherpesvirus 4 (EBV).pbmc","IL18","0.00219103054860426","0.0790828432528105","1.11924950021861","0.124361055579845","0.0694332514510728","266","492",0.050393702617898,0.217153002328893
"676","Human gammaherpesvirus 4 (EBV).pbmc","SLAMF1","0.036865024971565","0.00723041453549062","0.616912384632224","0.0685458205146915","0.0969647363273039","266","492",0.199504841022587,0.0475141526617955
"677","Human gammaherpesvirus 4 (EBV).pbmc","TGFA","0.710163254449838","0.166038755003237","-0.318863540432451","-0.0354292822702723","0.0614705846324491","266","492",0.878410570078093,0.355245708379019
"678","Human gammaherpesvirus 4 (EBV).pbmc","CCL13","0.440074024966109","0.61455505664189","0.0443908752504263","0.00493231947226959","-0.0217369912674555","266","492",0.751575980818575,0.773414078982862
"679","Human gammaherpesvirus 4 (EBV).pbmc","CCL11","0.912111999938465","0.826957301458489","0.0378235793541173","0.00420261992823526","-0.00617208699117464","266","492",0.975747720864404,0.884651996909081
"680","Human gammaherpesvirus 4 (EBV).pbmc","TNFSF14","0.977890602657064","0.267086599537154","0.0138761361684768","0.00154179290760853","-0.0406343310858226","266","492",0.988636653235713,0.463622021838079
"681","Human gammaherpesvirus 4 (EBV).pbmc","FGF23","0.0607563707884778","0.00316162616017758","1.325323288765","0.147258143196111","0.214472866051445","266","492",0.266170767263808,0.0242391338946948
"682","Human gammaherpesvirus 4 (EBV).pbmc","IL10RA","0.178212309924146","0.905332144281879","0.284184257170977","0.031576028574553","0.0051523094303059","266","492",0.431461381921617,0.935848958134077
"683","Human gammaherpesvirus 4 (EBV).pbmc","FGF5","0.405365873582617","0.365487103996044","0.163601731333407","0.0181779701481563","0.0202112682094983","266","492",0.73636745529884,0.556413083354405
"684","Human gammaherpesvirus 4 (EBV).pbmc","MMP1","0.514553409158128","0.902406621537517","-0.26893988222901","-0.0298822091365567","0.00519979935548648","266","492",0.830507256886803,0.935848958134077
"685","Human gammaherpesvirus 4 (EBV).pbmc","LIFR","0.0328957245561218","0.496290030769632","0.482185796093824","0.0535761995659804","0.0144387682675961","266","492",0.19615931559519,0.661720041026176
"686","Human gammaherpesvirus 4 (EBV).pbmc","FGF21","0.0728003030358962","0.782677595754081","-0.405087576414361","-0.0450097307127068","-0.0253484032865174","266","492",0.279067828304269,0.857218319159232
"687","Human gammaherpesvirus 4 (EBV).pbmc","CCL19","0.683591975844517","0.0631548852081131","0.234201875130542","0.0260224305700603","0.109386562455439","266","492",0.878410570078093,0.19367498130488
"688","Human gammaherpesvirus 4 (EBV).pbmc","IL15RA","0.00111666876525002","0.0547196030710625","0.82380718568692","0.0915341317429911","0.0568543980735016","266","492",0.050393702617898,0.179792981519205
"689","Human gammaherpesvirus 4 (EBV).pbmc","IL10RB","0.0910463623041002","0.305004166884383","0.377936100551311","0.0419929000612568","0.0247522441560067","266","492",0.294625577601252,0.501078274167201
"690","Human gammaherpesvirus 4 (EBV).pbmc","IL22RA1","0.0960735579134517","0.319044875148599","0.614616935796709","0.0682907706440788","0.0338011217059289","265","492",0.294625577601252,0.514949623046862
"691","Human gammaherpesvirus 4 (EBV).pbmc","IL18R1","0.00842747767687668","0.017224080710075","0.830268751579796","0.0922520835088662","0.0685586061345981","266","492",0.0738683240325581,0.0754578773965191
"692","Human gammaherpesvirus 4 (EBV).pbmc","CD274","0.00424508946294599","0.00184270546884155","0.858722330081456","0.0954135922312729","0.107121584083509","266","492",0.0557926043701473,0.0195893647097871
"693","Human gammaherpesvirus 4 (EBV).pbmc","NGF","0.538130236431613","0.286327477108416","-0.0727978394357796","-0.00808864882619773","-0.00930507107860016","266","492",0.832330789180566,0.478947779890441
"694","Human gammaherpesvirus 4 (EBV).pbmc","CXCL5","0.838227297867998","0.459169504662657","0.108326604592693","0.0120362893991881","-0.0437227551504847","266","492",0.951381642860147,0.642434232802643
"695","Human gammaherpesvirus 4 (EBV).pbmc","TNFSF11","0.0178878104827663","0.0100396572772597","-1.14369216355737","-0.12707690706193","-0.101027769806418","266","492",0.137139880367875,0.0486130773425207
"696","Human gammaherpesvirus 4 (EBV).pbmc","HGF","0.338320543077158","0.00131579384222852","0.513040162690028","0.0570044625211142","0.137158069542926","266","492",0.676641086154316,0.0195893647097871
"697","Human gammaherpesvirus 4 (EBV).pbmc","IL12B","0.601223852205452","0.10452175071788","0.364014702615656","0.0404460780684062","-0.10167992071421","266","492",0.878410570078093,0.246564129898589
"698","Human gammaherpesvirus 4 (EBV).pbmc","IL24","0.309688788192279","0.00181227299600108","0.522324153089644","0.0580360170099605","0.131715986602339","265","482",0.647531102583856,0.0195893647097871
"699","Human gammaherpesvirus 4 (EBV).pbmc","IL13","0.176695865518052","0.542664291863937","0.408246114777508","0.0453606794197231","0.0202372795540862","266","492",0.431461381921617,0.703170631711017
"700","Human gammaherpesvirus 4 (EBV).pbmc","ARTN","0.712209508797358","0.684353266117814","-0.106757617876466","-0.0118619575418296","0.0103461767388103","266","492",0.878410570078093,0.775723582312576
"701","Human gammaherpesvirus 4 (EBV).pbmc","MMP10","0.00185869483907752","0.197948939432767","1.33796898119616","0.148663220132907","0.0516528363535127","266","492",0.050393702617898,0.387474519740735
"702","Human gammaherpesvirus 4 (EBV).pbmc","IL10","0.0710231030133806","3.02223571116591e-08","1.16468622839359","0.129409580932621","0.286120087114275","266","492",0.279067828304269,2.78045685427264e-06
"703","Human gammaherpesvirus 4 (EBV).pbmc","TNF","0.0332807308871063","0.00860959308105936","0.902905428394311","0.100322825377146","0.0968803453552107","266","492",0.19615931559519,0.0486130773425207
"704","Human gammaherpesvirus 4 (EBV).pbmc","CCL23","0.00795901948190414","0.00541184151991756","1.11006329388864","0.123340365987627","0.0849474487036481","266","492",0.0738683240325581,0.038299186140955
"705","Human gammaherpesvirus 4 (EBV).pbmc","CD5","0.163708457598714","0.691405801626426","0.395799546240725","0.0439777273600806","0.0130973743613023","266","492",0.430319374259477,0.775723582312576
"706","Human gammaherpesvirus 4 (EBV).pbmc","CCL3","0.836664681741","0.226405625263162","-0.185833614615124","-0.0206481794016804","0.0619926889061568","266","492",0.951381642860147,0.408417990670802
"707","Human gammaherpesvirus 4 (EBV).pbmc","FLT3LG","0.996831036932077","0.655752530908896","-0.00233616595021726","-0.000259573994468585","-0.0170454445426822","266","492",0.996831036932077,0.775723582312576
"708","Human gammaherpesvirus 4 (EBV).pbmc","CXCL6","0.0238267769837189","0.852178375475634","0.440342299844956","0.0489269222049951","0.00819484008323968","266","492",0.16862026788478,0.90115414418113
"709","Human gammaherpesvirus 4 (EBV).pbmc","CXCL10","0.205561457171285","0.000432808134006176","0.643624817759485","0.0715138686399427","0.180220637610182","266","492",0.484914206660467,0.00873926199624983
"710","Human gammaherpesvirus 4 (EBV).pbmc","EIF4EBP1","0.892129650760261","0.345417741490101","-0.0913468634834914","-0.0101496514981657","0.0449364316882124","266","492",0.965599151411106,0.538617495204903
"711","Human gammaherpesvirus 4 (EBV).pbmc","IL20","0.542824427726456","0.0810490109132377","-0.122111072617639","-0.0135678969575155","-0.0379559339477689","266","492",0.832330789180566,0.217153002328893
"712","Human gammaherpesvirus 4 (EBV).pbmc","SIRT2","0.408203698046096","0.467859713019316","0.57025018185413","0.0633611313171256","-0.0333902737166151","266","492",0.73636745529884,0.642434232802643
"713","Human gammaherpesvirus 4 (EBV).pbmc","CCL28","0.619264432565389","0.0988711049154909","0.208084219225359","0.0231204688028177","0.0619672441873446","266","492",0.878410570078093,0.246564129898589
"714","Human gammaherpesvirus 4 (EBV).pbmc","DNER","0.0718259818391258","0.0429919972990719","-0.443452100177521","-0.0492724555752802","-0.0381748944625871","266","492",0.279067828304269,0.152125528904408
"715","Human gammaherpesvirus 4 (EBV).pbmc","S100A12","0.504147431735345","0.0707426523807566","-0.361229522467016","-0.0401366136074462","0.0852773627144765","266","492",0.828242209279495,0.209945936097729
"716","Human gammaherpesvirus 4 (EBV).pbmc","CD40","0.00309921658043055","0.00212927877280295","1.04498023826268","0.11610891536252","0.112391669783371","266","492",0.0557926043701473,0.0195893647097871
"717","Human gammaherpesvirus 4 (EBV).pbmc","IL33","0.263986596450747","0.0606794329942701","0.266046584450445","0.029560731605605","0.0437662463095011","266","492",0.578256354130208,0.192500270188719
"718","Human gammaherpesvirus 4 (EBV).pbmc","IFNG","0.441142423523946","0.211893299067184","1.07873919342109","0.119859910380121","0.117543524836905","266","492",0.751575980818575,0.397840479881243
"719","Human gammaherpesvirus 4 (EBV).pbmc","FGF19","0.0533101518786724","0.00986245968594122","1.44265913645266","0.160295459605851","-0.13406643291664","266","492",0.245226698641893,0.0486130773425207
"720","Human gammaherpesvirus 4 (EBV).pbmc","IL4","0.122769878975133","0.100477902833052","-0.559088466767768","-0.0621209407519742","-0.0585233793756499","266","492",0.342267541385219,0.246564129898589
"721","Human gammaherpesvirus 4 (EBV).pbmc","LIF","0.690475949588492","0.0204948095841763","0.160285550706704","0.0178095056340782","0.0671889413145627","266","492",0.878410570078093,0.0819792383367052
"722","Human gammaherpesvirus 4 (EBV).pbmc","NRTN","0.00883208222128412","0.753203551732251","0.632265082776773","0.0702516758640858","-0.0082396095997299","266","492",0.0738683240325581,0.834876226016471
"723","Human gammaherpesvirus 4 (EBV).pbmc","CCL8","0.0857815735299557","0.186878603639513","0.817936206652745","0.0908818007391938","0.0700193990721035","266","492",0.292292769065034,0.373757207279026
"724","Human gammaherpesvirus 4 (EBV).pbmc","CASP8","0.883028586178808","0.149626018580705","0.0730085319556861","0.00811205910618734","0.0543252059534618","266","492",0.965599151411106,0.344139842735621
"725","Human gammaherpesvirus 4 (EBV).pbmc","CCL25","0.0941694736660744","0.534428625122026","0.515919824593554","0.0573244249548394","0.023511786645427","266","492",0.294625577601252,0.702391907303234
"726","Human gammaherpesvirus 4 (EBV).pbmc","CX3CL1","0.171253236763715","0.171038936838573","0.476576373339756","0.052952930371084","0.0510654886835731","266","492",0.431461381921617,0.357626867935198
"727","Human gammaherpesvirus 4 (EBV).pbmc","TNFRSF9","0.0849882068709856","0.205691572864742","0.713757285036131","0.0793063650040145","0.0644535513455983","266","492",0.292292769065034,0.394242181324089
"728","Human gammaherpesvirus 4 (EBV).pbmc","NTF3","0.662100803973205","0.283364690325506","-0.109228897399429","-0.0121365441554921","-0.0265348619714207","266","492",0.878410570078093,0.478947779890441
"729","Human gammaherpesvirus 4 (EBV).pbmc","TNFSF12","0.538624650890998","0.0252801483055885","-0.237536042711041","-0.0263928936345601","-0.0611122768865498","266","492",0.832330789180566,0.0930309457645657
"730","Human gammaherpesvirus 4 (EBV).pbmc","CCL20","0.120406475020036","0.00274263809476033","1.15091770137415","0.127879744597128","0.191457108445739","266","492",0.342267541385219,0.0229384277016319
"731","Human gammaherpesvirus 4 (EBV).pbmc","SULT1A1","0.795694012077893","0.0089101225057105","0.189185077909572","0.0210205642121747","-0.130797616580596","266","492",0.938510886040592,0.0486130773425207
"732","Human gammaherpesvirus 4 (EBV).pbmc","STAMBP","0.756598538416814","0.679124901411419","0.169621883522584","0.0188468759469538","-0.0158385031920361","266","492",0.913893386859233,0.775723582312576
"733","Human gammaherpesvirus 4 (EBV).pbmc","IL5","0.00401120784175546","0.156541670141932","1.01170600694799","0.112411778549777","-0.0572182469489248","266","492",0.0557926043701473,0.351264235440433
"734","Human gammaherpesvirus 4 (EBV).pbmc","ADA","0.708251524251824","0.387003795909421","-0.128847630602519","-0.0143164034002799","0.0265862842836567","266","492",0.878410570078093,0.565148400375662
"735","Human gammaherpesvirus 4 (EBV).pbmc","LTA","0.83652149984192","0.622093933094911","0.068145691368482","0.00757174348538689","-0.0151863938506183","266","492",0.951381642860147,0.773414078982862
"736","Human gammaherpesvirus 4 (EBV).pbmc","CSF1","0.652430964685461","0.082612555233818","0.101873049812205","0.0113192277569116","0.0285854264887531","266","492",0.878410570078093,0.217153002328893
