Module (or Feature),Analysis,P value,Q value,Direction
globalmet.globalmet_mod0,Visit 1 analysis - overall,5.0829655261106237e-5,1.6421888622818938e-4,Severe
globalmet.globalmet_mod1,Visit 1 analysis - overall,2.6878245471187263e-10,2.8222157744746627e-9,Severe
globalmet.globalmet_mod10,Visit 1 analysis - overall,1.4782347812965367e-7,1.2417172162890907e-6,Severe
globalmet.globalmet_mod11,Visit 1 analysis - overall,0.4272570578787126,0.5607748884658103,Severe
globalmet.globalmet_mod12,Visit 1 analysis - overall,0.12773302590069255,0.22353279532621195,Mild
globalmet.globalmet_mod13,Visit 1 analysis - overall,8.014005188703787e-4,0.0021964609811311307,Severe
globalmet.globalmet_mod14,Visit 1 analysis - overall,8.36747040430907e-4,0.0021964609811311307,Mild
globalmet.globalmet_mod15,Visit 1 analysis - overall,0.26622600928616424,0.38754644613369715,Mild
globalmet.globalmet_mod16,Visit 1 analysis - overall,0.6793783207093592,0.6959485236534899,Severe
globalmet.globalmet_mod17,Visit 1 analysis - overall,0.21212076059913954,0.3426566132755331,Severe
globalmet.globalmet_mod18,Visit 1 analysis - overall,0.5953315354352925,0.6579980128495337,Mild
globalmet.globalmet_mod19,Visit 1 analysis - overall,0.4776296408810609,0.5767032684148924,Severe
globalmet.globalmet_mod2,Visit 1 analysis - overall,0.2550711838569986,0.38754644613369715,Mild
globalmet.globalmet_mod20,Visit 1 analysis - overall,0.4943170872127649,0.5767032684148924,Mild
globalmet.globalmet_mod21,Visit 1 analysis - overall,0.6596722058639214,0.6926558161571175,Mild
globalmet.globalmet_mod22,Visit 1 analysis - overall,0.2675915937589814,0.38754644613369715,Mild
globalmet.globalmet_mod23,Visit 1 analysis - overall,0.138454531995039,0.2326036137516655,Mild
globalmet.globalmet_mod24,Visit 1 analysis - overall,1.241643466143075e-5,7.449860796858451e-5,Severe
globalmet.globalmet_mod25,Visit 1 analysis - overall,0.04709218305711388,0.09418436611422776,Mild
globalmet.globalmet_mod26,Visit 1 analysis - overall,0.5379262164851093,0.6106189484425565,Severe
globalmet.globalmet_mod27,Visit 1 analysis - overall,0.6467788797944454,0.6926558161571175,Mild
globalmet.globalmet_mod28,Visit 1 analysis - overall,0.028932487865482637,0.06395602580790899,Severe
globalmet.globalmet_mod29,Visit 1 analysis - overall,3.887829260684373e-5,1.3607402412395305e-4,Severe
globalmet.globalmet_mod3,Visit 1 analysis - overall,3.2290471832850166e-12,4.520666056599024e-11,Mild
globalmet.globalmet_mod30,Visit 1 analysis - overall,0.4551689167057962,0.5767032684148924,Mild
globalmet.globalmet_mod31,Visit 1 analysis - overall,0.30007584926727815,0.42010618897418944,Severe
globalmet.globalmet_mod32,Visit 1 analysis - overall,0.0030636476605448637,0.0075690118672284866,Mild
globalmet.globalmet_mod33,Visit 1 analysis - overall,0.4814341129738105,0.5767032684148924,Mild
globalmet.globalmet_mod34,Visit 1 analysis - overall,0.0708614479799512,0.1352809461435432,Mild
globalmet.globalmet_mod35,Visit 1 analysis - overall,9.210211133132012e-13,1.9341443379577225e-11,Severe
globalmet.globalmet_mod36,Visit 1 analysis - overall,0.03825035687046461,0.08032574942797568,Severe
globalmet.globalmet_mod37,Visit 1 analysis - overall,0.016447624945678967,0.038377791539917584,Mild
globalmet.globalmet_mod38,Visit 1 analysis - overall,0.10832771435507776,0.19781582621362026,Mild
globalmet.globalmet_mod39,Visit 1 analysis - overall,1.7064719692905055e-4,5.119415907871516e-4,Mild
globalmet.globalmet_mod4,Visit 1 analysis - overall,1.9134568954672756e-5,8.036518960962557e-5,Severe
globalmet.globalmet_mod40,Visit 1 analysis - overall,1.5094268953143475e-5,7.924491200400324e-5,Severe
globalmet.globalmet_mod41,Visit 1 analysis - overall,0.8190384051494028,0.8190384051494028,Mild
globalmet.globalmet_mod5,Visit 1 analysis - overall,1.852081788763685e-5,8.036518960962557e-5,Severe
globalmet.globalmet_mod6,Visit 1 analysis - overall,6.834635273635662e-15,2.870546814926978e-13,Severe
globalmet.globalmet_mod7,Visit 1 analysis - overall,0.36387008471971916,0.4929852760718776,Mild
globalmet.globalmet_mod8,Visit 1 analysis - overall,1.0472231173460773e-5,7.330561821422541e-5,Mild
globalmet.globalmet_mod9,Visit 1 analysis - overall,3.150049414359669e-5,1.2027461400282372e-4,Mild
globalmet.globalmet_mod0,Visit 1 analysis - 1|2,0.37356916120510664,0.578963275668431,Mild
globalmet.globalmet_mod0,Visit 1 analysis - 1|3,0.8605543886224002,0.928316659480004,Severe
globalmet.globalmet_mod0,Visit 1 analysis - 1|4,0.15253351731274273,0.32836450995257066,Severe
globalmet.globalmet_mod0,Visit 1 analysis - 1|5,1.1232902058008968e-4,0.0013253053208683717,Severe
globalmet.globalmet_mod0,Visit 1 analysis - 2|3,0.14276751734896626,0.31230394420086366,Severe
globalmet.globalmet_mod0,Visit 1 analysis - 2|4,0.028360714217503424,0.10387621380043471,Severe
globalmet.globalmet_mod0,Visit 1 analysis - 2|5,3.182103850980204e-7,1.1137363478430714e-5,Severe
globalmet.globalmet_mod0,Visit 1 analysis - 3|4,0.28612661711589144,0.4806927167546976,Severe
globalmet.globalmet_mod0,Visit 1 analysis - 3|5,7.41800429047834e-5,9.443700601603765e-4,Severe
globalmet.globalmet_mod0,Visit 1 analysis - 4|5,0.00884529541817038,0.044759326212428424,Severe
globalmet.globalmet_mod1,Visit 1 analysis - 1|2,0.5150323891625543,0.6955421332741891,Severe
globalmet.globalmet_mod1,Visit 1 analysis - 1|3,0.2820390065058237,0.4757284447086183,Severe
globalmet.globalmet_mod1,Visit 1 analysis - 1|4,5.132837449506798e-4,0.004491232768318448,Severe
globalmet.globalmet_mod1,Visit 1 analysis - 1|5,1.4243380616530227e-7,6.646910954380772e-6,Severe
globalmet.globalmet_mod1,Visit 1 analysis - 2|3,0.43148892442647724,0.624914993996967,Severe
globalmet.globalmet_mod1,Visit 1 analysis - 2|4,7.381133220595599e-4,0.0056895954175344085,Severe
globalmet.globalmet_mod1,Visit 1 analysis - 2|5,7.883238195503557e-8,4.138700052639367e-6,Severe
globalmet.globalmet_mod1,Visit 1 analysis - 3|4,0.002489983231170878,0.01686762834018982,Severe
globalmet.globalmet_mod1,Visit 1 analysis - 3|5,1.7658789208708033e-6,4.362759686857279e-5,Severe
globalmet.globalmet_mod1,Visit 1 analysis - 4|5,0.013199786854659026,0.0602598965103999,Severe
globalmet.globalmet_mod10,Visit 1 analysis - 1|2,0.9544573983032886,0.97837339167069,Mild
globalmet.globalmet_mod10,Visit 1 analysis - 1|3,0.8047701892489787,0.9037526189427034,Mild
globalmet.globalmet_mod10,Visit 1 analysis - 1|4,6.628164115519178e-6,1.46517312027266e-4,Severe
globalmet.globalmet_mod10,Visit 1 analysis - 1|5,0.004937589686910027,0.028278544958180926,Severe
globalmet.globalmet_mod10,Visit 1 analysis - 2|3,0.4650824660410797,0.6511154524575116,Severe
globalmet.globalmet_mod10,Visit 1 analysis - 2|4,2.2555885751441037e-8,1.8946944031210471e-6,Severe
globalmet.globalmet_mod10,Visit 1 analysis - 2|5,2.864148642632322e-4,0.002733960067967216,Severe
globalmet.globalmet_mod10,Visit 1 analysis - 3|4,1.5343814923852124e-6,4.0277514175111824e-5,Severe
globalmet.globalmet_mod10,Visit 1 analysis - 3|5,0.004982410302155686,0.028278544958180926,Severe
globalmet.globalmet_mod10,Visit 1 analysis - 4|5,0.9713850103016136,0.97837339167069,Severe
globalmet.globalmet_mod11,Visit 1 analysis - 1|2,0.5017935381831861,0.6864927883939353,Mild
globalmet.globalmet_mod11,Visit 1 analysis - 1|3,0.20694543832837511,0.38802269686570334,Severe
globalmet.globalmet_mod11,Visit 1 analysis - 1|4,0.39259689669717324,0.5922666753412746,Mild
globalmet.globalmet_mod11,Visit 1 analysis - 1|5,0.39944883345056437,0.5970409610293133,Severe
globalmet.globalmet_mod11,Visit 1 analysis - 2|3,0.036719855854968494,0.1186333804545136,Severe
globalmet.globalmet_mod11,Visit 1 analysis - 2|4,0.5518225225593792,0.7205962346553803,Severe
globalmet.globalmet_mod11,Visit 1 analysis - 2|5,0.020102711476172437,0.0810855037489311,Severe
globalmet.globalmet_mod11,Visit 1 analysis - 3|4,0.056340998772219784,0.16319461713332628,Mild
globalmet.globalmet_mod11,Visit 1 analysis - 3|5,0.9647681611845869,0.97837339167069,Mild
globalmet.globalmet_mod11,Visit 1 analysis - 4|5,0.42012610049371846,0.6148186836493441,Severe
globalmet.globalmet_mod12,Visit 1 analysis - 1|2,0.17404349461494273,0.35203287888640583,Mild
globalmet.globalmet_mod12,Visit 1 analysis - 1|3,0.9186033195687539,0.9573533355307112,Mild
globalmet.globalmet_mod12,Visit 1 analysis - 1|4,0.36736716326750346,0.5733405101030111,Mild
globalmet.globalmet_mod12,Visit 1 analysis - 1|5,0.3256510346716358,0.5260516713926424,Mild
globalmet.globalmet_mod12,Visit 1 analysis - 2|3,0.11756888124196702,0.27131280286607773,Severe
globalmet.globalmet_mod12,Visit 1 analysis - 2|4,0.8854321205311183,0.9343756045805771,Severe
globalmet.globalmet_mod12,Visit 1 analysis - 2|5,0.7586252845647375,0.8729386836087392,Mild
globalmet.globalmet_mod12,Visit 1 analysis - 3|4,0.09245801726879244,0.22842568972289895,Mild
globalmet.globalmet_mod12,Visit 1 analysis - 3|5,0.06235708972427687,0.17816311349793393,Mild
globalmet.globalmet_mod12,Visit 1 analysis - 4|5,0.9379966123507314,0.9655847480081059,Mild
globalmet.globalmet_mod13,Visit 1 analysis - 1|2,0.2117811972330729,0.39236686832900153,Mild
globalmet.globalmet_mod13,Visit 1 analysis - 1|3,0.5792254461485696,0.7485374996381515,Mild
globalmet.globalmet_mod13,Visit 1 analysis - 1|4,0.4403782055199259,0.635597410028759,Severe
globalmet.globalmet_mod13,Visit 1 analysis - 1|5,0.014124406139181932,0.06364809084850284,Severe
globalmet.globalmet_mod13,Visit 1 analysis - 2|3,0.4281438413191874,0.622215963162833,Severe
globalmet.globalmet_mod13,Visit 1 analysis - 2|4,0.03459511505219046,0.11435984585844938,Severe
globalmet.globalmet_mod13,Visit 1 analysis - 2|5,1.1617399129569994e-5,2.1214381019214772e-4,Severe
globalmet.globalmet_mod13,Visit 1 analysis - 3|4,0.1030822672993188,0.25025752754747915,Severe
globalmet.globalmet_mod13,Visit 1 analysis - 3|5,6.0754059277032564e-5,8.505568298784559e-4,Severe
globalmet.globalmet_mod13,Visit 1 analysis - 4|5,0.016100840029702603,0.06900360012729687,Severe
globalmet.globalmet_mod14,Visit 1 analysis - 1|2,0.026688843330054238,0.1000831624877034,Mild
globalmet.globalmet_mod14,Visit 1 analysis - 1|3,0.02261116397007162,0.08712558593972551,Mild
globalmet.globalmet_mod14,Visit 1 analysis - 1|4,0.0026272424990413093,0.01751494999360873,Mild
globalmet.globalmet_mod14,Visit 1 analysis - 1|5,3.100595942726076e-4,0.0028938895465443377,Mild
globalmet.globalmet_mod14,Visit 1 analysis - 2|3,0.8696958253187225,0.929900453394388,Severe
globalmet.globalmet_mod14,Visit 1 analysis - 2|4,0.4441871251952386,0.636443515073092,Mild
globalmet.globalmet_mod14,Visit 1 analysis - 2|5,0.15315510891636167,0.32836450995257066,Mild
globalmet.globalmet_mod14,Visit 1 analysis - 3|4,0.27060704354283033,0.4601415315303188,Mild
globalmet.globalmet_mod14,Visit 1 analysis - 3|5,0.10427849870347353,0.25026839688833646,Mild
globalmet.globalmet_mod14,Visit 1 analysis - 4|5,0.4470258022537194,0.636443515073092,Mild
globalmet.globalmet_mod15,Visit 1 analysis - 1|2,0.3670879214739544,0.5733405101030111,Mild
globalmet.globalmet_mod15,Visit 1 analysis - 1|3,0.8682385654690862,0.929900453394388,Mild
globalmet.globalmet_mod15,Visit 1 analysis - 1|4,0.22472634797958208,0.40827734980900926,Mild
globalmet.globalmet_mod15,Visit 1 analysis - 1|5,0.2658974446429493,0.45397124695137686,Mild
globalmet.globalmet_mod15,Visit 1 analysis - 2|3,0.24385024271696767,0.43213967063766423,Severe
globalmet.globalmet_mod15,Visit 1 analysis - 2|4,0.6754543965828089,0.8199157415167044,Severe
globalmet.globalmet_mod15,Visit 1 analysis - 2|5,0.7516135681514302,0.8716708357917978,Mild
globalmet.globalmet_mod15,Visit 1 analysis - 3|4,0.1922009971066097,0.37200192988376074,Mild
globalmet.globalmet_mod15,Visit 1 analysis - 3|5,0.17385527525954492,0.35203287888640583,Mild
globalmet.globalmet_mod15,Visit 1 analysis - 4|5,0.473398179913094,0.6605555998787359,Mild
globalmet.globalmet_mod16,Visit 1 analysis - 1|2,0.02240015504090163,0.08711171404795079,Mild
globalmet.globalmet_mod16,Visit 1 analysis - 1|3,0.6228545025589292,0.7841070570481271,Severe
globalmet.globalmet_mod16,Visit 1 analysis - 1|4,0.17331776708423713,0.35203287888640583,Severe
globalmet.globalmet_mod16,Visit 1 analysis - 1|5,0.21206495026353178,0.39236686832900153,Mild
globalmet.globalmet_mod16,Visit 1 analysis - 2|3,0.005138729664847484,0.028398242884683466,Severe
globalmet.globalmet_mod16,Visit 1 analysis - 2|4,4.562359268524113e-4,0.004165632375608973,Severe
globalmet.globalmet_mod16,Visit 1 analysis - 2|5,0.8082456982451849,0.9039866243720872,Severe
globalmet.globalmet_mod16,Visit 1 analysis - 3|4,0.6625540653664018,0.818385997770287,Severe
globalmet.globalmet_mod16,Visit 1 analysis - 3|5,0.034660862997263765,0.11435984585844938,Mild
globalmet.globalmet_mod16,Visit 1 analysis - 4|5,0.034182213551165304,0.11435984585844938,Mild
globalmet.globalmet_mod17,Visit 1 analysis - 1|2,0.6165790887250786,0.7823662153007039,Mild
globalmet.globalmet_mod17,Visit 1 analysis - 1|3,0.21748226133469753,0.39714152069814335,Mild
globalmet.globalmet_mod17,Visit 1 analysis - 1|4,0.7830143184683762,0.888827064207346,Mild
globalmet.globalmet_mod17,Visit 1 analysis - 1|5,0.245801348705342,0.4337670859506036,Severe
globalmet.globalmet_mod17,Visit 1 analysis - 2|3,0.6644514886658759,0.818385997770287,Mild
globalmet.globalmet_mod17,Visit 1 analysis - 2|4,0.5519553391491546,0.7205962346553803,Severe
globalmet.globalmet_mod17,Visit 1 analysis - 2|5,0.014396591977637548,0.06364809084850284,Severe
globalmet.globalmet_mod17,Visit 1 analysis - 3|4,0.3884786696603164,0.592249417336415,Severe
globalmet.globalmet_mod17,Visit 1 analysis - 3|5,0.012252708156040574,0.05782176882625888,Severe
globalmet.globalmet_mod17,Visit 1 analysis - 4|5,0.13609465324310663,0.30566713562622877,Severe
globalmet.globalmet_mod18,Visit 1 analysis - 1|2,0.7424993996385434,0.8710886811401906,Mild
globalmet.globalmet_mod18,Visit 1 analysis - 1|3,0.3891924742496442,0.592249417336415,Mild
globalmet.globalmet_mod18,Visit 1 analysis - 1|4,0.047451831970273875,0.145732009243325,Mild
globalmet.globalmet_mod18,Visit 1 analysis - 1|5,0.21562337909184678,0.39546645946976267,Severe
globalmet.globalmet_mod18,Visit 1 analysis - 2|3,0.7791900739329629,0.8868830109806082,Mild
globalmet.globalmet_mod18,Visit 1 analysis - 2|4,0.10419718815695404,0.25026839688833646,Mild
globalmet.globalmet_mod18,Visit 1 analysis - 2|5,0.0666952160057474,0.18699619925480304,Severe
globalmet.globalmet_mod18,Visit 1 analysis - 3|4,0.7112347853168187,0.8390972186322019,Mild
globalmet.globalmet_mod18,Visit 1 analysis - 3|5,0.08106374740582906,0.21279233694030125,Severe
globalmet.globalmet_mod18,Visit 1 analysis - 4|5,0.029539640259480266,0.10514109244899755,Severe
globalmet.globalmet_mod19,Visit 1 analysis - 1|2,0.01083132066233811,0.052897147420721005,Severe
globalmet.globalmet_mod19,Visit 1 analysis - 1|3,0.024803839289040175,0.09470556819451705,Severe
globalmet.globalmet_mod19,Visit 1 analysis - 1|4,0.8827641017968383,0.9339066064349423,Mild
globalmet.globalmet_mod19,Visit 1 analysis - 1|5,0.39484445022751646,0.5922666753412746,Severe
globalmet.globalmet_mod19,Visit 1 analysis - 2|3,0.6818154046395949,0.8220853687695712,Mild
globalmet.globalmet_mod19,Visit 1 analysis - 2|4,0.06678435687671537,0.18699619925480304,Mild
globalmet.globalmet_mod19,Visit 1 analysis - 2|5,0.9299828863888694,0.9620512617815891,Mild
globalmet.globalmet_mod19,Visit 1 analysis - 3|4,0.046585039675455554,0.14493123454586174,Mild
globalmet.globalmet_mod19,Visit 1 analysis - 3|5,0.9640729434496011,0.97837339167069,Mild
globalmet.globalmet_mod19,Visit 1 analysis - 4|5,0.4254186050454999,0.6204021323580207,Severe
globalmet.globalmet_mod2,Visit 1 analysis - 1|2,0.0047245400852991065,0.027947983603177812,Mild
globalmet.globalmet_mod2,Visit 1 analysis - 1|3,0.30440278852922076,0.5053326924200503,Mild
globalmet.globalmet_mod2,Visit 1 analysis - 1|4,0.07478770144409125,0.20396645848388523,Mild
globalmet.globalmet_mod2,Visit 1 analysis - 1|5,0.8260864637123181,0.9140539916480654,Mild
globalmet.globalmet_mod2,Visit 1 analysis - 2|3,0.04594301534973897,0.1448211799974268,Severe
globalmet.globalmet_mod2,Visit 1 analysis - 2|4,0.827001230538726,0.9140539916480654,Mild
globalmet.globalmet_mod2,Visit 1 analysis - 2|5,0.017933683027691955,0.07415914975735062,Severe
globalmet.globalmet_mod2,Visit 1 analysis - 3|4,0.04873509439110776,0.145732009243325,Mild
globalmet.globalmet_mod2,Visit 1 analysis - 3|5,0.8819150522175572,0.9339066064349423,Severe
globalmet.globalmet_mod2,Visit 1 analysis - 4|5,0.14143967161182394,0.31101917317783273,Severe
globalmet.globalmet_mod20,Visit 1 analysis - 1|2,0.8601389371565257,0.928316659480004,Mild
globalmet.globalmet_mod20,Visit 1 analysis - 1|3,0.25073281695576327,0.44061833942016976,Severe
globalmet.globalmet_mod20,Visit 1 analysis - 1|4,0.5425044324294112,0.7185833550480472,Severe
globalmet.globalmet_mod20,Visit 1 analysis - 1|5,0.5440702545363786,0.7185833550480472,Mild
globalmet.globalmet_mod20,Visit 1 analysis - 2|3,0.18256132721870313,0.36167810109365717,Severe
globalmet.globalmet_mod20,Visit 1 analysis - 2|4,0.967496927024844,0.97837339167069,Severe
globalmet.globalmet_mod20,Visit 1 analysis - 2|5,0.32246102747858113,0.5229097742895911,Mild
globalmet.globalmet_mod20,Visit 1 analysis - 3|4,0.17021707189058755,0.35203287888640583,Mild
globalmet.globalmet_mod20,Visit 1 analysis - 3|5,0.03112068566885482,0.10713678672884447,Mild
globalmet.globalmet_mod20,Visit 1 analysis - 4|5,0.17145293687119786,0.35203287888640583,Mild
globalmet.globalmet_mod21,Visit 1 analysis - 1|2,0.00454994605056258,0.02729967630337548,Mild
globalmet.globalmet_mod21,Visit 1 analysis - 1|3,0.6895679787467307,0.8251240771328402,Mild
globalmet.globalmet_mod21,Visit 1 analysis - 1|4,0.06305629938904163,0.17894355232025327,Mild
globalmet.globalmet_mod21,Visit 1 analysis - 1|5,0.10037004023497088,0.24652290584027936,Mild
globalmet.globalmet_mod21,Visit 1 analysis - 2|3,0.003286536598560313,0.02029919663816664,Severe
globalmet.globalmet_mod21,Visit 1 analysis - 2|4,0.3803824829894128,0.587355304616005,Severe
globalmet.globalmet_mod21,Visit 1 analysis - 2|5,0.2305387250580078,0.41378745523232163,Severe
globalmet.globalmet_mod21,Visit 1 analysis - 3|4,0.13765402815252417,0.30728753182962926,Mild
globalmet.globalmet_mod21,Visit 1 analysis - 3|5,0.7517180512876623,0.8716708357917978,Mild
globalmet.globalmet_mod21,Visit 1 analysis - 4|5,0.9564063779819886,0.97837339167069,Mild
globalmet.globalmet_mod22,Visit 1 analysis - 1|2,0.33131382086172567,0.531055754615831,Mild
globalmet.globalmet_mod22,Visit 1 analysis - 1|3,0.22649453690325216,0.40827734980900926,Severe
globalmet.globalmet_mod22,Visit 1 analysis - 1|4,0.3338064743299509,0.531055754615831,Mild
globalmet.globalmet_mod22,Visit 1 analysis - 1|5,0.40304612862646066,0.6002814681670691,Mild
globalmet.globalmet_mod22,Visit 1 analysis - 2|3,0.002821887052714903,0.01851863378344155,Severe
globalmet.globalmet_mod22,Visit 1 analysis - 2|4,0.9283458502521409,0.9620512617815891,Severe
globalmet.globalmet_mod22,Visit 1 analysis - 2|5,0.8523048442990093,0.9273817302054217,Mild
globalmet.globalmet_mod22,Visit 1 analysis - 3|4,0.00766322799053178,0.03973525624720182,Mild
globalmet.globalmet_mod22,Visit 1 analysis - 3|5,0.0033819084066669183,0.020585529431885588,Mild
globalmet.globalmet_mod22,Visit 1 analysis - 4|5,0.514189247292901,0.6955421332741891,Mild
globalmet.globalmet_mod23,Visit 1 analysis - 1|2,0.001004647301855019,0.0072750321858466895,Mild
globalmet.globalmet_mod23,Visit 1 analysis - 1|3,0.035118746871492974,0.11435984585844938,Mild
globalmet.globalmet_mod23,Visit 1 analysis - 1|4,0.07098422393249229,0.19614061876083397,Mild
globalmet.globalmet_mod23,Visit 1 analysis - 1|5,0.053933459055063165,0.15840596365822748,Mild
globalmet.globalmet_mod23,Visit 1 analysis - 2|3,0.2068013519697286,0.38802269686570334,Severe
globalmet.globalmet_mod23,Visit 1 analysis - 2|4,0.2621508639905648,0.45310025874912435,Severe
globalmet.globalmet_mod23,Visit 1 analysis - 2|5,0.3185939624527186,0.5186413342253559,Severe
globalmet.globalmet_mod23,Visit 1 analysis - 3|4,0.5558132937488679,0.7205962346553803,Mild
globalmet.globalmet_mod23,Visit 1 analysis - 3|5,0.7059780806652227,0.8352416728997001,Mild
globalmet.globalmet_mod23,Visit 1 analysis - 4|5,0.9703460040348169,0.97837339167069,Severe
globalmet.globalmet_mod24,Visit 1 analysis - 1|2,0.25317700132216214,0.44303000823460775,Severe
globalmet.globalmet_mod24,Visit 1 analysis - 1|3,0.5546387964766277,0.7205962346553803,Severe
globalmet.globalmet_mod24,Visit 1 analysis - 1|4,1.1547224405091843e-5,2.1214381019214772e-4,Severe
globalmet.globalmet_mod24,Visit 1 analysis - 1|5,9.504840406506922e-4,0.00700356661532089,Severe
globalmet.globalmet_mod24,Visit 1 analysis - 2|3,0.5981934639971714,0.7659794356061342,Mild
globalmet.globalmet_mod24,Visit 1 analysis - 2|4,6.229629484382055e-4,0.005031623814308583,Severe
globalmet.globalmet_mod24,Visit 1 analysis - 2|5,0.03459143210589643,0.11435984585844938,Severe
globalmet.globalmet_mod24,Visit 1 analysis - 3|4,1.424090831396941e-4,0.0015739951294387244,Severe
globalmet.globalmet_mod24,Visit 1 analysis - 3|5,0.01728509918424108,0.07259741657381254,Severe
globalmet.globalmet_mod24,Visit 1 analysis - 4|5,0.8620083266600037,0.928316659480004,Severe
globalmet.globalmet_mod25,Visit 1 analysis - 1|2,0.8037485552409313,0.9037526189427034,Mild
globalmet.globalmet_mod25,Visit 1 analysis - 1|3,0.38697367927802384,0.592249417336415,Severe
globalmet.globalmet_mod25,Visit 1 analysis - 1|4,0.10569043218307153,0.2522158040732389,Mild
globalmet.globalmet_mod25,Visit 1 analysis - 1|5,0.4643482696755111,0.6511154524575116,Mild
globalmet.globalmet_mod25,Visit 1 analysis - 2|3,0.4458126270266088,0.636443515073092,Severe
globalmet.globalmet_mod25,Visit 1 analysis - 2|4,0.05533550722181719,0.16139522939696682,Mild
globalmet.globalmet_mod25,Visit 1 analysis - 2|5,0.10872340775315846,0.2559855318287432,Mild
globalmet.globalmet_mod25,Visit 1 analysis - 3|4,0.0059774527528188535,0.03218628405363998,Mild
globalmet.globalmet_mod25,Visit 1 analysis - 3|5,0.08232351975132374,0.21475700804693146,Mild
globalmet.globalmet_mod25,Visit 1 analysis - 4|5,0.68031758618988325,0.8220853687695712,Severe
globalmet.globalmet_mod26,Visit 1 analysis - 1|2,0.5046268058431931,0.6881274625134451,Mild
globalmet.globalmet_mod26,Visit 1 analysis - 1|3,0.19149041332928748,0.37200192988376074,Severe
globalmet.globalmet_mod26,Visit 1 analysis - 1|4,0.4075357081674709,0.6048233124746919,Mild
globalmet.globalmet_mod26,Visit 1 analysis - 1|5,0.7755150103927276,0.885098653165613,Severe
globalmet.globalmet_mod26,Visit 1 analysis - 2|3,0.01801007922678515,0.07415914975735062,Severe
globalmet.globalmet_mod26,Visit 1 analysis - 2|4,0.7554480576862247,0.8716708357917978,Severe
globalmet.globalmet_mod26,Visit 1 analysis - 2|5,0.08918117363939895,0.22163368596773705,Severe
globalmet.globalmet_mod26,Visit 1 analysis - 3|4,0.04769164967895807,0.145732009243325,Mild
globalmet.globalmet_mod26,Visit 1 analysis - 3|5,0.6236059258476249,0.7841070570481271,Mild
globalmet.globalmet_mod26,Visit 1 analysis - 4|5,0.550263426792053,0.7205962346553803,Severe
globalmet.globalmet_mod27,Visit 1 analysis - 1|2,0.41911765427201386,0.6148186836493441,Mild
globalmet.globalmet_mod27,Visit 1 analysis - 1|3,0.22649672025118844,0.40827734980900926,Mild
globalmet.globalmet_mod27,Visit 1 analysis - 1|4,0.0417171365124107,0.13374959797872132,Mild
globalmet.globalmet_mod27,Visit 1 analysis - 1|5,0.30069685644249017,0.5018838971170619,Severe
globalmet.globalmet_mod27,Visit 1 analysis - 2|3,0.8760391510565736,0.9314846669462302,Mild
globalmet.globalmet_mod27,Visit 1 analysis - 2|4,0.08701210228589375,0.2175302557147344,Mild
globalmet.globalmet_mod27,Visit 1 analysis - 2|5,0.046204852665845696,0.1448211799974268,Severe
globalmet.globalmet_mod27,Visit 1 analysis - 3|4,0.169714498648281,0.35203287888640583,Mild
globalmet.globalmet_mod27,Visit 1 analysis - 3|5,0.015663529240057962,0.0683488811716983,Severe
globalmet.globalmet_mod27,Visit 1 analysis - 4|5,0.025548485759282726,0.09666994611620491,Severe
globalmet.globalmet_mod28,Visit 1 analysis - 1|2,0.7544888433927754,0.8716708357917978,Severe
globalmet.globalmet_mod28,Visit 1 analysis - 1|3,0.07722297510550448,0.2052762629386828,Severe
globalmet.globalmet_mod28,Visit 1 analysis - 1|4,0.17127237594294828,0.35203287888640583,Severe
globalmet.globalmet_mod28,Visit 1 analysis - 1|5,0.18197015236587588,0.36167810109365717,Severe
globalmet.globalmet_mod28,Visit 1 analysis - 2|3,0.11738030392741874,0.27131280286607773,Severe
globalmet.globalmet_mod28,Visit 1 analysis - 2|4,0.10909859570796435,0.2559855318287432,Severe
globalmet.globalmet_mod28,Visit 1 analysis - 2|5,0.21363915028762528,0.393545803161415,Severe
globalmet.globalmet_mod28,Visit 1 analysis - 3|4,0.9920985697224421,0.9920985697224421,Mild
globalmet.globalmet_mod28,Visit 1 analysis - 3|5,0.6723337667557676,0.8199157415167044,Severe
globalmet.globalmet_mod28,Visit 1 analysis - 4|5,0.4114805145712175,0.6085275215489836,Severe
globalmet.globalmet_mod29,Visit 1 analysis - 1|2,0.5333654372233957,0.7150962951597771,Severe
globalmet.globalmet_mod29,Visit 1 analysis - 1|3,0.7856282481928245,0.8893904696522542,Severe
globalmet.globalmet_mod29,Visit 1 analysis - 1|4,0.1081033573346485,0.2559855318287432,Severe
globalmet.globalmet_mod29,Visit 1 analysis - 1|5,7.450660665818869e-4,0.0056895954175344085,Severe
globalmet.globalmet_mod29,Visit 1 analysis - 2|3,0.9650686268937267,0.97837339167069,Mild
globalmet.globalmet_mod29,Visit 1 analysis - 2|4,0.08686096615601635,0.2175302557147344,Severe
globalmet.globalmet_mod29,Visit 1 analysis - 2|5,9.572864949566208e-5,0.0011825303761228846,Severe
globalmet.globalmet_mod29,Visit 1 analysis - 3|4,0.03469916498667731,0.11435984585844938,Severe
globalmet.globalmet_mod29,Visit 1 analysis - 3|5,1.3399199631092363e-4,0.0015209902283942682,Severe
globalmet.globalmet_mod29,Visit 1 analysis - 4|5,0.10190658351774416,0.2488416574270497,Severe
globalmet.globalmet_mod3,Visit 1 analysis - 1|2,3.578188547116988e-5,5.667855657202814e-4,Mild
globalmet.globalmet_mod3,Visit 1 analysis - 1|3,0.03032244802679413,0.10525147248969863,Mild
globalmet.globalmet_mod3,Visit 1 analysis - 1|4,3.9796588522082316e-11,1.6714567179274572e-8,Mild
globalmet.globalmet_mod3,Visit 1 analysis - 1|5,3.530487753138504e-5,5.667855657202814e-4,Mild
globalmet.globalmet_mod3,Visit 1 analysis - 2|3,0.07920527570376441,0.20922148299107582,Severe
globalmet.globalmet_mod3,Visit 1 analysis - 2|4,4.365399916717434e-5,6.548099875076151e-4,Mild
globalmet.globalmet_mod3,Visit 1 analysis - 2|5,0.04823349271720322,0.145732009243325,Mild
globalmet.globalmet_mod3,Visit 1 analysis - 3|4,2.3606387756133365e-7,9.01334805234183e-6,Mild
globalmet.globalmet_mod3,Visit 1 analysis - 3|5,0.003207504583534424,0.02029919663816664,Mild
globalmet.globalmet_mod3,Visit 1 analysis - 4|5,0.8701211385333202,0.929900453394388,Severe
globalmet.globalmet_mod30,Visit 1 analysis - 1|2,0.8092832637235828,0.9039866243720872,Severe
globalmet.globalmet_mod30,Visit 1 analysis - 1|3,0.9337103864355675,0.9635340597123792,Severe
globalmet.globalmet_mod30,Visit 1 analysis - 1|4,0.06114429730803452,0.17589455389982533,Mild
globalmet.globalmet_mod30,Visit 1 analysis - 1|5,0.6426186611425577,0.8008897260530392,Severe
globalmet.globalmet_mod30,Visit 1 analysis - 2|3,0.5966164339862151,0.7659794356061342,Mild
globalmet.globalmet_mod30,Visit 1 analysis - 2|4,0.02893129032144477,0.10475122357764485,Mild
globalmet.globalmet_mod30,Visit 1 analysis - 2|5,0.7059139217098972,0.8352416728997001,Severe
globalmet.globalmet_mod30,Visit 1 analysis - 3|4,0.12713127795853565,0.2901350573703792,Mild
globalmet.globalmet_mod30,Visit 1 analysis - 3|5,0.36253839194052045,0.5724290399060848,Severe
globalmet.globalmet_mod30,Visit 1 analysis - 4|5,0.20632648096050996,0.38802269686570334,Severe
globalmet.globalmet_mod31,Visit 1 analysis - 1|2,0.4571272025822686,0.646442508702198,Severe
globalmet.globalmet_mod31,Visit 1 analysis - 1|3,0.658496155656527,0.815835945061184,Severe
globalmet.globalmet_mod31,Visit 1 analysis - 1|4,0.8497448494977612,0.9273817302054217,Severe
globalmet.globalmet_mod31,Visit 1 analysis - 1|5,0.18240069527813174,0.36167810109365717,Severe
globalmet.globalmet_mod31,Visit 1 analysis - 2|3,0.7476181527372178,0.8716708357917978,Severe
globalmet.globalmet_mod31,Visit 1 analysis - 2|4,0.9139124730516465,0.9548339270688844,Mild
globalmet.globalmet_mod31,Visit 1 analysis - 2|5,0.330158122944747,0.531055754615831,Severe
globalmet.globalmet_mod31,Visit 1 analysis - 3|4,0.9078738679604239,0.950890335519646,Severe
globalmet.globalmet_mod31,Visit 1 analysis - 3|5,0.5558885238770076,0.7205962346553803,Severe
globalmet.globalmet_mod31,Visit 1 analysis - 4|5,0.6713271264510331,0.8199157415167044,Severe
globalmet.globalmet_mod32,Visit 1 analysis - 1|2,0.20835887717836837,0.38893657073295435,Mild
globalmet.globalmet_mod32,Visit 1 analysis - 1|3,0.27991377027597786,0.47404751417705926,Mild
globalmet.globalmet_mod32,Visit 1 analysis - 1|4,2.1104083816799737e-4,0.0022159288007639723,Mild
globalmet.globalmet_mod32,Visit 1 analysis - 1|5,0.08513833083434143,0.21671575121468728,Mild
globalmet.globalmet_mod32,Visit 1 analysis - 2|3,0.8309457982830716,0.9160032422018112,Severe
globalmet.globalmet_mod32,Visit 1 analysis - 2|4,0.011767093094392783,0.056161126132329195,Mild
globalmet.globalmet_mod32,Visit 1 analysis - 2|5,0.7947693184036189,0.8973201981976342,Mild
globalmet.globalmet_mod32,Visit 1 analysis - 3|4,0.01722115357452347,0.07259741657381254,Mild
globalmet.globalmet_mod32,Visit 1 analysis - 3|5,0.534619611143262,0.7150962951597771,Mild
globalmet.globalmet_mod32,Visit 1 analysis - 4|5,0.7455044965335664,0.8716708357917978,Severe
globalmet.globalmet_mod33,Visit 1 analysis - 1|2,0.3337391760860493,0.531055754615831,Mild
globalmet.globalmet_mod33,Visit 1 analysis - 1|3,0.8590116142588257,0.928316659480004,Mild
globalmet.globalmet_mod33,Visit 1 analysis - 1|4,0.029876100783110503,0.10525147248969863,Mild
globalmet.globalmet_mod33,Visit 1 analysis - 1|5,0.31765911223000554,0.5186413342253559,Severe
globalmet.globalmet_mod33,Visit 1 analysis - 2|3,0.48613865560060854,0.6713175244115628,Severe
globalmet.globalmet_mod33,Visit 1 analysis - 2|4,0.17026501432718796,0.35203287888640583,Mild
globalmet.globalmet_mod33,Visit 1 analysis - 2|5,0.13827938932333317,0.30728753182962926,Severe
globalmet.globalmet_mod33,Visit 1 analysis - 3|4,0.020271375937232775,0.0810855037489311,Mild
globalmet.globalmet_mod33,Visit 1 analysis - 3|5,0.3664835420232773,0.5733405101030111,Severe
globalmet.globalmet_mod33,Visit 1 analysis - 4|5,0.0030135793919883022,0.019472359148232105,Severe
globalmet.globalmet_mod34,Visit 1 analysis - 1|2,0.1915728692158939,0.37200192988376074,Mild
globalmet.globalmet_mod34,Visit 1 analysis - 1|3,0.6131708890650727,0.7803993133555471,Severe
globalmet.globalmet_mod34,Visit 1 analysis - 1|4,0.23979216146771581,0.4267487619340705,Mild
globalmet.globalmet_mod34,Visit 1 analysis - 1|5,0.07583257707683544,0.20416463059148002,Mild
globalmet.globalmet_mod34,Visit 1 analysis - 2|3,0.11524461634505374,0.26890410480512544,Severe
globalmet.globalmet_mod34,Visit 1 analysis - 2|4,0.8476866249598233,0.9273817302054217,Severe
globalmet.globalmet_mod34,Visit 1 analysis - 2|5,0.3080112136671971,0.5093098808670188,Mild
globalmet.globalmet_mod34,Visit 1 analysis - 3|4,0.08450080737289496,0.21671575121468728,Mild
globalmet.globalmet_mod34,Visit 1 analysis - 3|5,0.00645383053366719,0.034311504103040756,Mild
globalmet.globalmet_mod34,Visit 1 analysis - 4|5,0.39284458801993116,0.5922666753412746,Mild
globalmet.globalmet_mod35,Visit 1 analysis - 1|2,0.014387892784731161,0.06364809084850284,Severe
globalmet.globalmet_mod35,Visit 1 analysis - 1|3,0.012563083553921123,0.05862772325163191,Severe
globalmet.globalmet_mod35,Visit 1 analysis - 1|4,7.791827490800885e-8,4.138700052639367e-6,Severe
globalmet.globalmet_mod35,Visit 1 analysis - 1|5,4.859172440110138e-9,5.102131062115645e-7,Severe
globalmet.globalmet_mod35,Visit 1 analysis - 2|3,0.5404956551593939,0.7185833550480472,Severe
globalmet.globalmet_mod35,Visit 1 analysis - 2|4,1.6734071133127828e-4,0.0018021307374137662,Severe
globalmet.globalmet_mod35,Visit 1 analysis - 2|5,1.1810219502790033e-6,3.54306585083701e-5,Severe
globalmet.globalmet_mod35,Visit 1 analysis - 3|4,0.0017607051688156418,0.012122888047583108,Severe
globalmet.globalmet_mod35,Visit 1 analysis - 3|5,2.804379269319229e-4,0.002733960067967216,Severe
globalmet.globalmet_mod35,Visit 1 analysis - 4|5,0.051114991513855075,0.15118518616774035,Severe
globalmet.globalmet_mod36,Visit 1 analysis - 1|2,0.12383942042671617,0.2842216206514797,Mild
globalmet.globalmet_mod36,Visit 1 analysis - 1|3,0.23517591273941055,0.4203143972363933,Mild
globalmet.globalmet_mod36,Visit 1 analysis - 1|4,0.07530748619479787,0.20405899485042,Severe
globalmet.globalmet_mod36,Visit 1 analysis - 1|5,0.3168338525860396,0.5186413342253559,Severe
globalmet.globalmet_mod36,Visit 1 analysis - 2|3,0.264574667981868,0.45355657368320235,Severe
globalmet.globalmet_mod36,Visit 1 analysis - 2|4,1.1359759893157472e-4,0.0013253053208683717,Severe
globalmet.globalmet_mod36,Visit 1 analysis - 2|5,0.010794846865359,0.052897147420721005,Severe
globalmet.globalmet_mod36,Visit 1 analysis - 3|4,0.009873422749136909,0.049367113745684546,Severe
globalmet.globalmet_mod36,Visit 1 analysis - 3|5,0.16241021626820978,0.34450651935680865,Severe
globalmet.globalmet_mod36,Visit 1 analysis - 4|5,0.4833622071657542,0.6700070198337187,Mild
globalmet.globalmet_mod37,Visit 1 analysis - 1|2,0.06785751922220831,0.18874276869753306,Mild
globalmet.globalmet_mod37,Visit 1 analysis - 1|3,0.13029208323450098,0.294207929884357,Mild
globalmet.globalmet_mod37,Visit 1 analysis - 1|4,6.002259347941008e-5,8.505568298784559e-4,Mild
globalmet.globalmet_mod37,Visit 1 analysis - 1|5,0.6254187240741014,0.7841070570481271,Mild
globalmet.globalmet_mod37,Visit 1 analysis - 2|3,0.8741460971610985,0.9314846669462302,Severe
globalmet.globalmet_mod37,Visit 1 analysis - 2|4,0.03512480979938088,0.11435984585844938,Mild
globalmet.globalmet_mod37,Visit 1 analysis - 2|5,0.6980662713643389,0.8305604361841992,Severe
globalmet.globalmet_mod37,Visit 1 analysis - 3|4,0.01313827091683084,0.0602598965103999,Mild
globalmet.globalmet_mod37,Visit 1 analysis - 3|5,0.540754111438476,0.7185833550480472,Severe
globalmet.globalmet_mod37,Visit 1 analysis - 4|5,0.02011974542083312,0.0810855037489311,Severe
globalmet.globalmet_mod38,Visit 1 analysis - 1|2,0.07651417510305579,0.20468760218651869,Mild
globalmet.globalmet_mod38,Visit 1 analysis - 1|3,0.6682514559600645,0.8199157415167044,Mild
globalmet.globalmet_mod38,Visit 1 analysis - 1|4,0.3873632798519514,0.592249417336415,Mild
globalmet.globalmet_mod38,Visit 1 analysis - 1|5,0.4754165823945087,0.6611753794890518,Mild
globalmet.globalmet_mod38,Visit 1 analysis - 2|3,0.30113033827023716,0.5018838971170619,Severe
globalmet.globalmet_mod38,Visit 1 analysis - 2|4,0.7408852325186327,0.8710886811401906,Mild
globalmet.globalmet_mod38,Visit 1 analysis - 2|5,0.6351588483295053,0.7939485604118817,Mild
globalmet.globalmet_mod38,Visit 1 analysis - 3|4,0.2554801517253137,0.44339530464723864,Mild
globalmet.globalmet_mod38,Visit 1 analysis - 3|5,0.3685760422090786,0.5733405101030111,Mild
globalmet.globalmet_mod38,Visit 1 analysis - 4|5,0.5959088170706957,0.7659794356061342,Mild
globalmet.globalmet_mod39,Visit 1 analysis - 1|2,0.8198273158806135,0.9109192398673484,Mild
globalmet.globalmet_mod39,Visit 1 analysis - 1|3,0.45075273243282626,0.6395815798033345,Severe
globalmet.globalmet_mod39,Visit 1 analysis - 1|4,5.658618021224538e-4,0.0048502440181924615,Mild
globalmet.globalmet_mod39,Visit 1 analysis - 1|5,0.1786761512261438,0.35906212208124594,Mild
globalmet.globalmet_mod39,Visit 1 analysis - 2|3,0.31314638131780687,0.5157705104057995,Severe
globalmet.globalmet_mod39,Visit 1 analysis - 2|4,3.643621493916095e-5,5.667855657202814e-4,Mild
globalmet.globalmet_mod39,Visit 1 analysis - 2|5,0.02941090688325472,0.10514109244899755,Mild
globalmet.globalmet_mod39,Visit 1 analysis - 3|4,1.5143728848196735e-6,4.0277514175111824e-5,Mild
globalmet.globalmet_mod39,Visit 1 analysis - 3|5,0.011693667676265063,0.056161126132329195,Mild
globalmet.globalmet_mod39,Visit 1 analysis - 4|5,0.20562248845423156,0.38802269686570334,Severe
globalmet.globalmet_mod4,Visit 1 analysis - 1|2,0.48910276778556716,0.6713175244115628,Severe
globalmet.globalmet_mod4,Visit 1 analysis - 1|3,0.1835366281941145,0.3619032105236061,Severe
globalmet.globalmet_mod4,Visit 1 analysis - 1|4,8.05565546848328e-4,0.0060417416013624605,Severe
globalmet.globalmet_mod4,Visit 1 analysis - 1|5,0.004948706605214313,0.028278544958180926,Severe
globalmet.globalmet_mod4,Visit 1 analysis - 2|3,0.6234183767833977,0.7841070570481271,Severe
globalmet.globalmet_mod4,Visit 1 analysis - 2|4,5.855734453494036e-4,0.00491881694093499,Severe
globalmet.globalmet_mod4,Visit 1 analysis - 2|5,0.028442296635833312,0.10387621380043471,Severe
globalmet.globalmet_mod4,Visit 1 analysis - 3|4,0.0015538821870973599,0.011061534213235443,Severe
globalmet.globalmet_mod4,Visit 1 analysis - 3|5,0.04892431738883053,0.145732009243325,Severe
globalmet.globalmet_mod4,Visit 1 analysis - 4|5,0.7613375247289518,0.8736660119840429,Mild
globalmet.globalmet_mod40,Visit 1 analysis - 1|2,0.19894009243164482,0.38327907716188453,Severe
globalmet.globalmet_mod40,Visit 1 analysis - 1|3,0.8178064493002016,0.9109192398673484,Severe
globalmet.globalmet_mod40,Visit 1 analysis - 1|4,0.0032515330356508968,0.02029919663816664,Severe
globalmet.globalmet_mod40,Visit 1 analysis - 1|5,4.780746154581006e-4,0.004272156138136218,Severe
globalmet.globalmet_mod40,Visit 1 analysis - 2|3,0.48840589485934727,0.6713175244115628,Mild
globalmet.globalmet_mod40,Visit 1 analysis - 2|4,0.01578533684203508,0.0683488811716983,Severe
globalmet.globalmet_mod40,Visit 1 analysis - 2|5,0.0016097614024554146,0.011268329817187901,Severe
globalmet.globalmet_mod40,Visit 1 analysis - 3|4,0.005327835754809007,0.029060922298958222,Severe
globalmet.globalmet_mod40,Visit 1 analysis - 3|5,2.2012208574584576e-4,0.002254909171055005,Severe
globalmet.globalmet_mod40,Visit 1 analysis - 4|5,0.20144888590383933,0.38458423672551145,Severe
globalmet.globalmet_mod41,Visit 1 analysis - 1|2,0.16393949504513022,0.3460029543666065,Mild
globalmet.globalmet_mod41,Visit 1 analysis - 1|3,0.674412630493913,0.8199157415167044,Severe
globalmet.globalmet_mod41,Visit 1 analysis - 1|4,0.14017388123090074,0.3098580532472543,Mild
globalmet.globalmet_mod41,Visit 1 analysis - 1|5,0.5149865481682049,0.6955421332741891,Severe
globalmet.globalmet_mod41,Visit 1 analysis - 2|3,0.04817426204416143,0.145732009243325,Severe
globalmet.globalmet_mod41,Visit 1 analysis - 2|4,0.9275319622579468,0.9620512617815891,Mild
globalmet.globalmet_mod41,Visit 1 analysis - 2|5,0.1277975847940956,0.2901350573703792,Severe
globalmet.globalmet_mod41,Visit 1 analysis - 3|4,0.07204780943297807,0.19777830040425354,Mild
globalmet.globalmet_mod41,Visit 1 analysis - 3|5,0.9595922848269184,0.97837339167069,Severe
globalmet.globalmet_mod41,Visit 1 analysis - 4|5,0.2542148380584297,0.44303000823460775,Severe
globalmet.globalmet_mod5,Visit 1 analysis - 1|2,0.8523079710935543,0.9273817302054217,Mild
globalmet.globalmet_mod5,Visit 1 analysis - 1|3,0.9786519552960219,0.9833345005366727,Severe
globalmet.globalmet_mod5,Visit 1 analysis - 1|4,0.26329354488192813,0.4532102002065976,Severe
globalmet.globalmet_mod5,Visit 1 analysis - 1|5,2.4270691208735386e-5,4.2473709615286926e-4,Severe
globalmet.globalmet_mod5,Visit 1 analysis - 2|3,0.7731323893559352,0.8847836608433046,Severe
globalmet.globalmet_mod5,Visit 1 analysis - 2|4,0.14688786378324786,0.3196523460568088,Severe
globalmet.globalmet_mod5,Visit 1 analysis - 2|5,7.655163941443072e-7,2.473206811850839e-5,Severe
globalmet.globalmet_mod5,Visit 1 analysis - 3|4,0.08475104076966344,0.21671575121468728,Severe
globalmet.globalmet_mod5,Visit 1 analysis - 3|5,9.836370587883784e-6,1.9672741175767567e-4,Severe
globalmet.globalmet_mod5,Visit 1 analysis - 4|5,0.030094254340729428,0.10525147248969863,Severe
globalmet.globalmet_mod6,Visit 1 analysis - 1|2,0.1743400924008867,0.35203287888640583,Severe
globalmet.globalmet_mod6,Visit 1 analysis - 1|3,0.08683258199012128,0.2175302557147344,Severe
globalmet.globalmet_mod6,Visit 1 analysis - 1|4,1.1619657218008083e-10,2.4401280157816976e-8,Severe
globalmet.globalmet_mod6,Visit 1 analysis - 1|5,6.046463062894628e-10,8.465048288052478e-8,Severe
globalmet.globalmet_mod6,Visit 1 analysis - 2|3,0.5323902093200434,0.7150962951597771,Severe
globalmet.globalmet_mod6,Visit 1 analysis - 2|4,2.1770040857339368e-7,9.01334805234183e-6,Severe
globalmet.globalmet_mod6,Visit 1 analysis - 2|5,4.076251652322493e-8,2.8533761566257447e-6,Severe
globalmet.globalmet_mod6,Visit 1 analysis - 3|4,7.924045991235643e-6,1.6640496581594853e-4,Severe
globalmet.globalmet_mod6,Visit 1 analysis - 3|5,6.1132992376020575e-6,1.4264364887738135e-4,Severe
globalmet.globalmet_mod6,Visit 1 analysis - 4|5,0.027822823041749673,0.1034122626330519,Severe
globalmet.globalmet_mod7,Visit 1 analysis - 1|2,0.6059926884296941,0.7736076873570563,Mild
globalmet.globalmet_mod7,Visit 1 analysis - 1|3,0.9900285470213394,0.9920985697224421,Mild
globalmet.globalmet_mod7,Visit 1 analysis - 1|4,0.15891915412544919,0.33881240981060234,Mild
globalmet.globalmet_mod7,Visit 1 analysis - 1|5,0.8884739461922683,0.9352357328339665,Mild
globalmet.globalmet_mod7,Visit 1 analysis - 2|3,0.44570974061145585,0.636443515073092,Severe
globalmet.globalmet_mod7,Visit 1 analysis - 2|4,0.46200023806898016,0.6511154524575116,Mild
globalmet.globalmet_mod7,Visit 1 analysis - 2|5,0.688190268267136,0.8251240771328402,Severe
globalmet.globalmet_mod7,Visit 1 analysis - 3|4,0.3936236270133245,0.5922666753412746,Mild
globalmet.globalmet_mod7,Visit 1 analysis - 3|5,0.6457645429683905,0.8024293137477041,Mild
globalmet.globalmet_mod7,Visit 1 analysis - 4|5,0.6831137945251913,0.8220853687695712,Severe
globalmet.globalmet_mod8,Visit 1 analysis - 1|2,7.420050472688672e-5,9.443700601603765e-4,Mild
globalmet.globalmet_mod8,Visit 1 analysis - 1|3,0.021010688159622905,0.08324989648152473,Mild
globalmet.globalmet_mod8,Visit 1 analysis - 1|4,2.605177295012198e-4,0.0026051772950121976,Mild
globalmet.globalmet_mod8,Visit 1 analysis - 1|5,7.448867310037159e-4,0.0056895954175344085,Mild
globalmet.globalmet_mod8,Visit 1 analysis - 2|3,0.18574892140444585,0.36455395789657596,Severe
globalmet.globalmet_mod8,Visit 1 analysis - 2|4,0.6970131102011894,0.8305604361841992,Mild
globalmet.globalmet_mod8,Visit 1 analysis - 2|5,0.15323677131119964,0.32836450995257066,Mild
globalmet.globalmet_mod8,Visit 1 analysis - 3|4,0.08322349184716239,0.21576460849264326,Mild
globalmet.globalmet_mod8,Visit 1 analysis - 3|5,0.04353630616054713,0.13852461051083179,Mild
globalmet.globalmet_mod8,Visit 1 analysis - 4|5,0.35850515603650634,0.568196851076727,Mild
globalmet.globalmet_mod9,Visit 1 analysis - 1|2,0.20117236198822752,0.38458423672551145,Mild
globalmet.globalmet_mod9,Visit 1 analysis - 1|3,0.8449471682251392,0.9273817302054217,Mild
globalmet.globalmet_mod9,Visit 1 analysis - 1|4,6.075661205371192e-4,0.005003485698540981,Mild
globalmet.globalmet_mod9,Visit 1 analysis - 1|5,0.022347739942201388,0.08711171404795079,Mild
globalmet.globalmet_mod9,Visit 1 analysis - 2|3,0.41890983074113847,0.6148186836493441,Severe
globalmet.globalmet_mod9,Visit 1 analysis - 2|4,0.0050695466106049384,0.028389461019387656,Mild
globalmet.globalmet_mod9,Visit 1 analysis - 2|5,0.007797149514885465,0.03993661946648653,Mild
globalmet.globalmet_mod9,Visit 1 analysis - 3|4,7.324939183616695e-5,9.443700601603765e-4,Mild
globalmet.globalmet_mod9,Visit 1 analysis - 3|5,0.007593439165876245,0.03973525624720182,Mild
globalmet.globalmet_mod9,Visit 1 analysis - 4|5,0.8983384221098654,0.9432553432153586,Severe
globalmet.globalmet_mod0,Longitudinal analysis - overall shape,2.4893793819607615e-11,1.4936276291764568e-10,Mild
globalmet.globalmet_mod0,Longitudinal analysis - overall average,2.0857459582850218e-5,4.866740569331718e-5,Severe
globalmet.globalmet_mod1,Longitudinal analysis - overall shape,2.5997869997010887e-7,7.799360999103265e-7,Severe
globalmet.globalmet_mod1,Longitudinal analysis - overall average,9.19998962896462e-19,9.65998911041285e-18,Severe
globalmet.globalmet_mod10,Longitudinal analysis - overall shape,1.3245655478051888e-8,4.6359794173181604e-8,Severe
globalmet.globalmet_mod10,Longitudinal analysis - overall average,2.008593225874088e-24,2.812030516223723e-23,Severe
globalmet.globalmet_mod11,Longitudinal analysis - overall shape,1.8012734704032533e-4,3.4387948071334836e-4,Mild
globalmet.globalmet_mod11,Longitudinal analysis - overall average,0.14077710555884043,0.16423995648531384,Severe
globalmet.globalmet_mod12,Longitudinal analysis - overall shape,9.88206141730362e-4,0.001482309212595543,Mild
globalmet.globalmet_mod12,Longitudinal analysis - overall average,1.4268755913377605e-4,2.996438741809297e-4,Mild
globalmet.globalmet_mod13,Longitudinal analysis - overall shape,1.852205820966291e-6,4.862040280036514e-6,Severe
globalmet.globalmet_mod13,Longitudinal analysis - overall average,6.539185685735547e-11,3.051619986676588e-10,Severe
globalmet.globalmet_mod14,Longitudinal analysis - overall shape,8.696846150658295e-9,3.320613984796803e-8,Mild
globalmet.globalmet_mod14,Longitudinal analysis - overall average,1.1781553161621995e-5,2.9107366634595518e-5,Mild
globalmet.globalmet_mod15,Longitudinal analysis - overall shape,2.5948425387228514e-5,5.1896850774457034e-5,Mild
globalmet.globalmet_mod15,Longitudinal analysis - overall average,3.378253590518738e-4,6.168984817468999e-4,Mild
globalmet.globalmet_mod16,Longitudinal analysis - overall shape,2.525867025828549e-6,6.2403773579293564e-06,Mild
globalmet.globalmet_mod16,Longitudinal analysis - overall average,0.014487558966253318,0.020282582552754648,Mild
globalmet.globalmet_mod17,Longitudinal analysis - overall shape,3.958403552209792e-6,9.23627495515618e-6,Mild
globalmet.globalmet_mod17,Longitudinal analysis - overall average,0.01642516226984341,0.02225344565591688,Severe
globalmet.globalmet_mod18,Longitudinal analysis - overall shape,0.1535897131642286,0.15733580372920977,Severe
globalmet.globalmet_mod18,Longitudinal analysis - overall average,3.1275042655258756e-4,5.970689961458489e-4,Severe
globalmet.globalmet_mod19,Longitudinal analysis - overall shape,7.358937083268196e-11,3.8634419687158026e-10,Mild
globalmet.globalmet_mod19,Longitudinal analysis - overall average,0.3581698606603292,0.3581698606603292,Severe
globalmet.globalmet_mod2,Longitudinal analysis - overall shape,2.4533291929712264e-20,5.101241705228648e-19,Mild
globalmet.globalmet_mod2,Longitudinal analysis - overall average,6.532322054431284e-11,3.051619986676588e-10,Mild
globalmet.globalmet_mod20,Longitudinal analysis - overall shape,0.02355167173572443,0.029093241555894885,Mild
globalmet.globalmet_mod20,Longitudinal analysis - overall average,0.08288012115049244,0.1023813261270789,Mild
globalmet.globalmet_mod21,Longitudinal analysis - overall shape,3.64374407516332e-20,5.101241705228648e-19,Mild
globalmet.globalmet_mod21,Longitudinal analysis - overall average,1.3469236255079202e-10,5.657079227133265e-10,Mild
globalmet.globalmet_mod22,Longitudinal analysis - overall shape,0.0015889813612369387,0.002224573905731714,Mild
globalmet.globalmet_mod22,Longitudinal analysis - overall average,1.0632678079646326e-4,2.3503814702376092e-4,Mild
globalmet.globalmet_mod23,Longitudinal analysis - overall shape,9.518562822652089e-4,0.0014806653279681027,Mild
globalmet.globalmet_mod23,Longitudinal analysis - overall average,0.18597136593683405,0.20554729919334291,Mild
globalmet.globalmet_mod24,Longitudinal analysis - overall shape,1.190689024486508e-5,2.500446951421667e-5,Severe
globalmet.globalmet_mod24,Longitudinal analysis - overall average,3.930193981658296e-18,3.301362944592968e-17,Severe
globalmet.globalmet_mod25,Longitudinal analysis - overall shape,1.665656115749069e-6,4.663837124097393e-6,Severe
globalmet.globalmet_mod25,Longitudinal analysis - overall average,0.34785184039620487,0.3563360316253806,Mild
globalmet.globalmet_mod26,Longitudinal analysis - overall shape,3.6634323545566437e-10,1.709601765459767e-9,Mild
globalmet.globalmet_mod26,Longitudinal analysis - overall average,0.0018705776386779133,0.003021702339402783,Mild
globalmet.globalmet_mod27,Longitudinal analysis - overall shape,1.818145432551273e-11,1.2727018027858912e-10,Mild
globalmet.globalmet_mod27,Longitudinal analysis - overall average,1.8342102269885198e-7,4.814801845844865e-7,Severe
globalmet.globalmet_mod28,Longitudinal analysis - overall shape,0.12832911544920472,0.13602832306319748,Severe
globalmet.globalmet_mod28,Longitudinal analysis - overall average,7.531111219314722e-4,0.0013179444633800762,Severe
globalmet.globalmet_mod29,Longitudinal analysis - overall shape,0.10624395149397273,0.11742752533544355,Mild
globalmet.globalmet_mod29,Longitudinal analysis - overall average,2.51548948688507e-4,5.03097897377014e-4,Severe
globalmet.globalmet_mod3,Longitudinal analysis - overall shape,7.789737220683132e-43,3.271689632686916e-41,Mild
globalmet.globalmet_mod3,Longitudinal analysis - overall average,1.1743214500952208e-57,4.932150090399927e-56,Mild
globalmet.globalmet_mod30,Longitudinal analysis - overall shape,0.011817170992365442,0.015510036927479643,Mild
globalmet.globalmet_mod30,Longitudinal analysis - overall average,0.2675656170844719,0.2809438979386955,Severe
globalmet.globalmet_mod31,Longitudinal analysis - overall shape,0.0013984691864609717,0.002025369166598649,Severe
globalmet.globalmet_mod31,Longitudinal analysis - overall average,0.0017070118551042424,0.0028677799165751274,Severe
globalmet.globalmet_mod32,Longitudinal analysis - overall shape,1.2643780866596579e-7,4.0849138184388946e-7,Mild
globalmet.globalmet_mod32,Longitudinal analysis - overall average,1.6612825046575943e-7,4.651591013041264e-7,Mild
globalmet.globalmet_mod33,Longitudinal analysis - overall shape,0.029178249545937295,0.034041291136926846,Mild
globalmet.globalmet_mod33,Longitudinal analysis - overall average,0.13789708005849638,0.16423995648531384,Severe
globalmet.globalmet_mod34,Longitudinal analysis - overall shape,8.470701119998202e-6,1.8724707738943394e-5,Mild
globalmet.globalmet_mod34,Longitudinal analysis - overall average,1.0463661130296842e-7,3.139098339089053e-7,Mild
globalmet.globalmet_mod35,Longitudinal analysis - overall shape,1.4264293172325305e-11,1.1982006264753257e-10,Severe
globalmet.globalmet_mod35,Longitudinal analysis - overall average,3.691641329355361e-17,2.5841489305487524e-16,Severe
globalmet.globalmet_mod36,Longitudinal analysis - overall shape,1.846837416010378e-13,1.939179286810897e-12,Mild
globalmet.globalmet_mod36,Longitudinal analysis - overall average,0.0025870399616814894,0.004024284384837872,Severe
globalmet.globalmet_mod37,Longitudinal analysis - overall shape,7.181367689738278e-4,0.0011600670883423372,Mild
globalmet.globalmet_mod37,Longitudinal analysis - overall average,0.005202267214692268,0.007534318035071561,Mild
globalmet.globalmet_mod38,Longitudinal analysis - overall shape,0.01581015187978314,0.02012201148336036,Severe
globalmet.globalmet_mod38,Longitudinal analysis - overall average,0.19422110227390998,0.20916118706421075,Mild
globalmet.globalmet_mod39,Longitudinal analysis - overall shape,4.8452162286350065e-4,8.139963264106811e-4,Severe
globalmet.globalmet_mod39,Longitudinal analysis - overall average,0.16893529423687376,0.1917643880526675,Mild
globalmet.globalmet_mod4,Longitudinal analysis - overall shape,0.025794346152724537,0.030953215383269443,Severe
globalmet.globalmet_mod4,Longitudinal analysis - overall average,1.2896962927109568e-8,4.166711099527707e-8,Severe
globalmet.globalmet_mod40,Longitudinal analysis - overall shape,0.003988121085735848,0.0054032608258356655,Severe
globalmet.globalmet_mod40,Longitudinal analysis - overall average,7.403257830890177e-14,4.441954698534106e-13,Severe
globalmet.globalmet_mod41,Longitudinal analysis - overall shape,3.716593043212786e-4,6.786822078910306e-4,Mild
globalmet.globalmet_mod41,Longitudinal analysis - overall average,0.024764360383051996,0.032503223002755745,Severe
globalmet.globalmet_mod5,Longitudinal analysis - overall shape,0.06620724725820305,0.07515417256336562,Severe
globalmet.globalmet_mod5,Longitudinal analysis - overall average,2.8826242652408585e-10,1.100638355819237e-9,Severe
globalmet.globalmet_mod6,Longitudinal analysis - overall shape,7.020736666364714e-10,2.9487093998731796e-9,Severe
globalmet.globalmet_mod6,Longitudinal analysis - overall average,2.0406225400795813e-30,4.2853073341671204e-29,Severe
globalmet.globalmet_mod7,Longitudinal analysis - overall shape,0.1838715084329427,0.1838715084329427,Mild
globalmet.globalmet_mod7,Longitudinal analysis - overall average,0.06406830361313469,0.08154147732580778,Mild
globalmet.globalmet_mod8,Longitudinal analysis - overall shape,4.56236302780895e-4,7.984135298665663e-4,Mild
globalmet.globalmet_mod8,Longitudinal analysis - overall average,8.910161732193382e-9,3.118556606267684e-8,Mild
globalmet.globalmet_mod9,Longitudinal analysis - overall shape,0.1295507838697119,0.13602832306319748,Severe
globalmet.globalmet_mod9,Longitudinal analysis - overall average,0.00269824957727871,0.004047374365918064,Mild
globalmet.globalmet_mod0,Longitudinal analysis - 1|2 average,0.19484402855728086,0.34626724398049913,Mild
globalmet.globalmet_mod0,Longitudinal analysis - 1|2 shape,0.6803917880898371,0.7459677797639473,Severe
globalmet.globalmet_mod0,Longitudinal analysis - 1|3 average,0.31771545511698085,0.48231502824987454,Mild
globalmet.globalmet_mod0,Longitudinal analysis - 1|3 shape,9.049925964988232e-4,0.0036547777935529396,Mild
globalmet.globalmet_mod0,Longitudinal analysis - 1|4 average,0.9006127611560143,0.935750686609049,Severe
globalmet.globalmet_mod0,Longitudinal analysis - 1|4 shape,5.495370206715121e-6,4.15597490052346e-5,Mild
globalmet.globalmet_mod0,Longitudinal analysis - 1|5 average,3.179636708170304e-4,0.002399007336703343,Severe
globalmet.globalmet_mod0,Longitudinal analysis - 1|5 shape,0.0017387999270700588,0.006295654908357109,Severe
globalmet.globalmet_mod0,Longitudinal analysis - 2|3 average,0.7652404420590895,0.8435721408525396,Severe
globalmet.globalmet_mod0,Longitudinal analysis - 2|3 shape,0.001180064219897436,0.004547036443641497,Mild
globalmet.globalmet_mod0,Longitudinal analysis - 2|4 average,0.3568575605768678,0.5138748872306896,Severe
globalmet.globalmet_mod0,Longitudinal analysis - 2|4 shape,4.4976547191868156e-6,3.498175892700857e-5,Mild
globalmet.globalmet_mod0,Longitudinal analysis - 2|5 average,2.2375052418273086e-7,4.405088444847514e-6,Severe
globalmet.globalmet_mod0,Longitudinal analysis - 2|5 shape,3.1542765459728714e-4,0.0015404606387309373,Mild
globalmet.globalmet_mod0,Longitudinal analysis - 3|4 average,0.41728784475067526,0.560535910859116,Severe
globalmet.globalmet_mod0,Longitudinal analysis - 3|4 shape,7.766256171567509e-4,0.003261827592058354,Mild
globalmet.globalmet_mod0,Longitudinal analysis - 3|5 average,1.754176763310509e-5,2.0465395571955938e-4,Severe
globalmet.globalmet_mod0,Longitudinal analysis - 3|5 shape,0.04457651657131833,0.0843339502700617,Severe
globalmet.globalmet_mod0,Longitudinal analysis - 4|5 average,3.6870169840074666e-4,0.0026790052868483367,Severe
globalmet.globalmet_mod0,Longitudinal analysis - 4|5 shape,2.7004713304160934e-4,0.001334350539735011,Severe
globalmet.globalmet_mod1,Longitudinal analysis - 1|2 average,0.789282870698999,0.861463249356271,Severe
globalmet.globalmet_mod1,Longitudinal analysis - 1|2 shape,0.6693676317448736,0.7398273824548602,Mild
globalmet.globalmet_mod1,Longitudinal analysis - 1|3 average,0.5234361392556587,0.652641220344213,Severe
globalmet.globalmet_mod1,Longitudinal analysis - 1|3 shape,0.03531919510361178,0.07063839020722355,Mild
globalmet.globalmet_mod1,Longitudinal analysis - 1|4 average,2.3102054700839385e-5,2.5759813206245683e-4,Severe
globalmet.globalmet_mod1,Longitudinal analysis - 1|4 shape,0.31600502355246485,0.3915106486490715,Mild
globalmet.globalmet_mod1,Longitudinal analysis - 1|5 average,1.8094118861223926e-12,1.5199059843428097e-10,Severe
globalmet.globalmet_mod1,Longitudinal analysis - 1|5 shape,5.017491842167058e-9,7.526237763250587e-8,Severe
globalmet.globalmet_mod1,Longitudinal analysis - 2|3 average,0.37581795135917506,0.5284939940988399,Severe
globalmet.globalmet_mod1,Longitudinal analysis - 2|3 shape,0.27601014618319253,0.3555958938556468,Mild
globalmet.globalmet_mod1,Longitudinal analysis - 2|4 average,4.4117922632320544e-5,4.2434032455514415e-4,Severe
globalmet.globalmet_mod1,Longitudinal analysis - 2|4 shape,0.29229138034893254,0.3720072113531869,Mild
globalmet.globalmet_mod1,Longitudinal analysis - 2|5 average,1.1844681482513082e-14,1.4924298667966482e-12,Severe
globalmet.globalmet_mod1,Longitudinal analysis - 2|5 shape,2.826609074841134e-6,2.2830304066024543e-5,Severe
globalmet.globalmet_mod1,Longitudinal analysis - 3|4 average,0.0014549143572167868,0.008220592332256284,Severe
globalmet.globalmet_mod1,Longitudinal analysis - 3|4 shape,0.17628963802673464,0.2535672875727005,Severe
globalmet.globalmet_mod1,Longitudinal analysis - 3|5 average,8.948166345901173e-11,4.697787331598116e-9,Severe
globalmet.globalmet_mod1,Longitudinal analysis - 3|5 shape,5.936120428007772e-13,2.6869656319112698e-11,Severe
globalmet.globalmet_mod1,Longitudinal analysis - 4|5 average,1.5215717976019821e-5,1.8036801074866626e-4,Severe
globalmet.globalmet_mod1,Longitudinal analysis - 4|5 shape,3.1992912004596994e-9,5.3748092167722955e-8,Severe
globalmet.globalmet_mod10,Longitudinal analysis - 1|2 average,0.911507714096458,0.943713820675051,Severe
globalmet.globalmet_mod10,Longitudinal analysis - 1|2 shape,0.19717213889866336,0.27604099445812874,Mild
globalmet.globalmet_mod10,Longitudinal analysis - 1|3 average,0.3518252940959349,0.509208689126247,Severe
globalmet.globalmet_mod10,Longitudinal analysis - 1|3 shape,0.8565025270375801,0.8838977628815349,Severe
globalmet.globalmet_mod10,Longitudinal analysis - 1|4 average,2.3149032721615285e-10,1.1218377395859716e-8,Severe
globalmet.globalmet_mod10,Longitudinal analysis - 1|4 shape,0.20172597754559796,0.2798256904170217,Mild
globalmet.globalmet_mod10,Longitudinal analysis - 1|5 average,4.253434406847172e-9,1.48870204239651e-7,Severe
globalmet.globalmet_mod10,Longitudinal analysis - 1|5 shape,7.662343491507374e-11,1.8930495684900572e-9,Severe
globalmet.globalmet_mod10,Longitudinal analysis - 2|3 average,0.3107390967551722,0.473435625044156,Severe
globalmet.globalmet_mod10,Longitudinal analysis - 2|3 shape,0.15500872375908978,0.2333464658738986,Severe
globalmet.globalmet_mod10,Longitudinal analysis - 2|4 average,2.5737924069280533e-15,4.053723040911684e-13,Severe
globalmet.globalmet_mod10,Longitudinal analysis - 2|4 shape,0.3736036032854523,0.44832432394254274,Severe
globalmet.globalmet_mod10,Longitudinal analysis - 2|5 average,2.01169195517352e-11,1.1521508470539252e-9,Severe
globalmet.globalmet_mod10,Longitudinal analysis - 2|5 shape,2.115394250093723e-12,6.834350654148952e-11,Severe
globalmet.globalmet_mod10,Longitudinal analysis - 3|4 average,1.617629934747503e-9,6.574882960586625e-8,Severe
globalmet.globalmet_mod10,Longitudinal analysis - 3|4 shape,0.1685443826330238,0.24422036791710405,Mild
globalmet.globalmet_mod10,Longitudinal analysis - 3|5 average,7.949776973269359e-10,3.454041029765308e-8,Severe
globalmet.globalmet_mod10,Longitudinal analysis - 3|5 shape,2.1112139530558016e-10,4.433549301417183e-9,Severe
globalmet.globalmet_mod10,Longitudinal analysis - 4|5 average,0.001592512573118813,0.008918070409465352,Mild
globalmet.globalmet_mod10,Longitudinal analysis - 4|5 shape,2.836337077766563e-12,8.509011233299688e-11,Severe
globalmet.globalmet_mod11,Longitudinal analysis - 1|2 average,0.52510869037107,0.652641220344213,Mild
globalmet.globalmet_mod11,Longitudinal analysis - 1|2 shape,0.1283231435609964,0.2017552814359004,Severe
globalmet.globalmet_mod11,Longitudinal analysis - 1|3 average,0.7311690499448598,0.819637902963099,Severe
globalmet.globalmet_mod11,Longitudinal analysis - 1|3 shape,0.294423863523627,0.3735891923864753,Mild
globalmet.globalmet_mod11,Longitudinal analysis - 1|4 average,0.03882139440621157,0.1021189080413916,Mild
globalmet.globalmet_mod11,Longitudinal analysis - 1|4 shape,0.0012513811759108729,0.004778000853477879,Mild
globalmet.globalmet_mod11,Longitudinal analysis - 1|5 average,0.4587646318295555,0.5971523100260743,Severe
globalmet.globalmet_mod11,Longitudinal analysis - 1|5 shape,0.014712164772200729,0.03571739424464917,Mild
globalmet.globalmet_mod11,Longitudinal analysis - 2|3 average,0.30214668625070523,0.46420997548672716,Severe
globalmet.globalmet_mod11,Longitudinal analysis - 2|3 shape,0.050747271132744756,0.09430908794580885,Mild
globalmet.globalmet_mod11,Longitudinal analysis - 2|4 average,0.22147547199108797,0.3793080953942543,Severe
globalmet.globalmet_mod11,Longitudinal analysis - 2|4 shape,6.160390349284179e-7,6.017125457440361e-6,Mild
globalmet.globalmet_mod11,Longitudinal analysis - 2|5 average,0.11292127854660605,0.2287472845156328,Severe
globalmet.globalmet_mod11,Longitudinal analysis - 2|5 shape,0.006806813739714577,0.01958124500465837,Mild
globalmet.globalmet_mod11,Longitudinal analysis - 3|4 average,0.00704046600483185,0.028801906383403023,Mild
globalmet.globalmet_mod11,Longitudinal analysis - 3|4 shape,0.0032326592186904908,0.010364250930152719,Mild
globalmet.globalmet_mod11,Longitudinal analysis - 3|5 average,0.7265952114165182,0.8174196128435829,Mild
globalmet.globalmet_mod11,Longitudinal analysis - 3|5 shape,0.150767214997945,0.22777780683142768,Mild
globalmet.globalmet_mod11,Longitudinal analysis - 4|5 average,0.1526923497246556,0.28752030223949665,Severe
globalmet.globalmet_mod11,Longitudinal analysis - 4|5 shape,0.015941891699646146,0.03782821759238069,Severe
globalmet.globalmet_mod12,Longitudinal analysis - 1|2 average,0.004075840063346314,0.018346492481442014,Severe
globalmet.globalmet_mod12,Longitudinal analysis - 1|2 shape,0.33933897436075655,0.4119143619408028,Mild
globalmet.globalmet_mod12,Longitudinal analysis - 1|3 average,0.3736468096200525,0.5282423467253566,Severe
globalmet.globalmet_mod12,Longitudinal analysis - 1|3 shape,0.2606903574882297,0.340030901071604,Mild
globalmet.globalmet_mod12,Longitudinal analysis - 1|4 average,3.8610240206244696e-4,0.002764142196583427,Severe
globalmet.globalmet_mod12,Longitudinal analysis - 1|4 shape,0.010860071681576995,0.028330621778026942,Mild
globalmet.globalmet_mod12,Longitudinal analysis - 1|5 average,0.009631630767808099,0.0369995572177994,Mild
globalmet.globalmet_mod12,Longitudinal analysis - 1|5 shape,0.027201977549455143,0.05828995189168959,Mild
globalmet.globalmet_mod12,Longitudinal analysis - 2|3 average,0.6458726624758152,0.7556170424508144,Mild
globalmet.globalmet_mod12,Longitudinal analysis - 2|3 shape,1.5742754326592934e-4,8.26494602146129e-4,Severe
globalmet.globalmet_mod12,Longitudinal analysis - 2|4 average,0.022776972800599555,0.07192728252820912,Mild
globalmet.globalmet_mod12,Longitudinal analysis - 2|4 shape,0.23423741924993613,0.3133111977228445,Mild
globalmet.globalmet_mod12,Longitudinal analysis - 2|5 average,0.0015198301438968235,0.008549044559419633,Mild
globalmet.globalmet_mod12,Longitudinal analysis - 2|5 shape,0.04574287972665452,0.08576789948747722,Mild
globalmet.globalmet_mod12,Longitudinal analysis - 3|4 average,0.02396743631657207,0.074713593004058,Mild
globalmet.globalmet_mod12,Longitudinal analysis - 3|4 shape,4.296636497360999e-7,4.296636497360999e-6,Mild
globalmet.globalmet_mod12,Longitudinal analysis - 3|5 average,0.0046598089864886534,0.0202460666309507,Mild
globalmet.globalmet_mod12,Longitudinal analysis - 3|5 shape,0.15811502787880005,0.23632851142027056,Mild
globalmet.globalmet_mod12,Longitudinal analysis - 4|5 average,0.21038331477256209,0.3677281283003438,Mild
globalmet.globalmet_mod12,Longitudinal analysis - 4|5 shape,0.8078290499302337,0.8454239873698269,Severe
globalmet.globalmet_mod13,Longitudinal analysis - 1|2 average,0.22815746740142848,0.3848439209180721,Mild
globalmet.globalmet_mod13,Longitudinal analysis - 1|2 shape,0.2440603410704837,0.32541378809397825,Severe
globalmet.globalmet_mod13,Longitudinal analysis - 1|3 average,0.302473325297304,0.46420997548672716,Mild
globalmet.globalmet_mod13,Longitudinal analysis - 1|3 shape,0.7306770006855086,0.786882923815163,Mild
globalmet.globalmet_mod13,Longitudinal analysis - 1|4 average,0.08782676483934486,0.18788068539486336,Mild
globalmet.globalmet_mod13,Longitudinal analysis - 1|4 shape,6.086447026493685e-5,3.651868215896211e-4,Severe
globalmet.globalmet_mod13,Longitudinal analysis - 1|5 average,7.266796554414507e-5,6.587168099685093e-4,Severe
globalmet.globalmet_mod13,Longitudinal analysis - 1|5 shape,1.5946539666327703e-4,8.268576123281031e-4,Severe
globalmet.globalmet_mod13,Longitudinal analysis - 2|3 average,0.4682278342754538,0.6032383140972104,Severe
globalmet.globalmet_mod13,Longitudinal analysis - 2|3 shape,0.09774240985279481,0.1603586411647415,Mild
globalmet.globalmet_mod13,Longitudinal analysis - 2|4 average,0.0023508954984018684,0.012041172064985178,Severe
globalmet.globalmet_mod13,Longitudinal analysis - 2|4 shape,0.021445448410427413,0.04818211866270665,Severe
globalmet.globalmet_mod13,Longitudinal analysis - 2|5 average,2.5489838211669406e-9,9.446234160795133e-8,Severe
globalmet.globalmet_mod13,Longitudinal analysis - 2|5 shape,0.003452582857414942,0.010985490909956633,Severe
globalmet.globalmet_mod13,Longitudinal analysis - 3|4 average,0.011781945036206195,0.04340716592286493,Mild
globalmet.globalmet_mod13,Longitudinal analysis - 3|4 shape,1.7858176179174105e-5,1.1715060437837001e-4,Severe
globalmet.globalmet_mod13,Longitudinal analysis - 3|5 average,2.663977978679153e-8,7.373765324812877e-7,Severe
globalmet.globalmet_mod13,Longitudinal analysis - 3|5 shape,3.0170813817814872e-5,1.8634914416885655e-4,Severe
globalmet.globalmet_mod13,Longitudinal analysis - 4|5 average,1.6847317522033432e-4,0.0013784168881663718,Severe
globalmet.globalmet_mod13,Longitudinal analysis - 4|5 shape,0.05821732486695194,0.10386501885735987,Severe
globalmet.globalmet_mod14,Longitudinal analysis - 1|2 average,0.029807431142963855,0.0873737346689108,Mild
globalmet.globalmet_mod14,Longitudinal analysis - 1|2 shape,0.5208914261591819,0.596322947930601,Severe
globalmet.globalmet_mod14,Longitudinal analysis - 1|3 average,0.005234678671036482,0.02235828856103718,Mild
globalmet.globalmet_mod14,Longitudinal analysis - 1|3 shape,0.4679835423912102,0.5459557912717943,Mild
globalmet.globalmet_mod14,Longitudinal analysis - 1|4 average,2.70459420437092e-6,4.1057695150691076e-5,Mild
globalmet.globalmet_mod14,Longitudinal analysis - 1|4 shape,7.803844425398304e-7,7.28358813037175e-6,Mild
globalmet.globalmet_mod14,Longitudinal analysis - 1|5 average,4.426118714193423e-7,8.20133761747605e-6,Mild
globalmet.globalmet_mod14,Longitudinal analysis - 1|5 shape,1.6436106754963813e-5,1.0957404503309209e-4,Mild
globalmet.globalmet_mod14,Longitudinal analysis - 2|3 average,0.586175836898992,0.7061009125169502,Mild
globalmet.globalmet_mod14,Longitudinal analysis - 2|3 shape,0.1799060778519307,0.25700868264561527,Mild
globalmet.globalmet_mod14,Longitudinal analysis - 2|4 average,0.02861743115031933,0.0851800023825915,Mild
globalmet.globalmet_mod14,Longitudinal analysis - 2|4 shape,4.162346490936548e-9,6.474761208123519e-8,Mild
globalmet.globalmet_mod14,Longitudinal analysis - 2|5 average,0.008946337774023812,0.03490604166048621,Mild
globalmet.globalmet_mod14,Longitudinal analysis - 2|5 shape,1.9255810624586995e-5,1.2253697670191723e-4,Mild
globalmet.globalmet_mod14,Longitudinal analysis - 3|4 average,0.11139219593120048,0.22674340367255671,Mild
globalmet.globalmet_mod14,Longitudinal analysis - 3|4 shape,7.800455955543104e-6,5.648606036772592e-5,Mild
globalmet.globalmet_mod14,Longitudinal analysis - 3|5 average,0.0331222656178853,0.09253670660429153,Mild
globalmet.globalmet_mod14,Longitudinal analysis - 3|5 shape,1.2735934107600155e-4,6.857810673323159e-4,Mild
globalmet.globalmet_mod14,Longitudinal analysis - 4|5 average,0.21564691981187947,0.37374844424067144,Mild
globalmet.globalmet_mod14,Longitudinal analysis - 4|5 shape,0.06696973515632504,0.11622846597378726,Mild
globalmet.globalmet_mod15,Longitudinal analysis - 1|2 average,0.33781630220953573,0.5003345855151413,Mild
globalmet.globalmet_mod15,Longitudinal analysis - 1|2 shape,0.4864585595446058,0.5612983379360836,Severe
globalmet.globalmet_mod15,Longitudinal analysis - 1|3 average,0.21042220674964116,0.3677281283003438,Mild
globalmet.globalmet_mod15,Longitudinal analysis - 1|3 shape,0.033078541570710794,0.0674416866975657,Mild
globalmet.globalmet_mod15,Longitudinal analysis - 1|4 average,0.001057995562884016,0.006378346455664403,Mild
globalmet.globalmet_mod15,Longitudinal analysis - 1|4 shape,7.667040352737342e-4,0.003261827592058354,Mild
globalmet.globalmet_mod15,Longitudinal analysis - 1|5 average,3.6995787294572273e-4,0.0026790052868483367,Mild
globalmet.globalmet_mod15,Longitudinal analysis - 1|5 shape,0.0228202610072039,0.05018067865458449,Mild
globalmet.globalmet_mod15,Longitudinal analysis - 2|3 average,0.44471208218189673,0.584947422969616,Severe
globalmet.globalmet_mod15,Longitudinal analysis - 2|3 shape,0.036920085421977084,0.07178905498717766,Mild
globalmet.globalmet_mod15,Longitudinal analysis - 2|4 average,0.016268841555089668,0.055552141895428134,Mild
globalmet.globalmet_mod15,Longitudinal analysis - 2|4 shape,0.00307192857549752,0.010079765638351237,Mild
globalmet.globalmet_mod15,Longitudinal analysis - 2|5 average,9.53948067296779e-4,0.0058066404096325675,Mild
globalmet.globalmet_mod15,Longitudinal analysis - 2|5 shape,0.012310958697120948,0.031336985774489685,Mild
globalmet.globalmet_mod15,Longitudinal analysis - 3|4 average,0.4007488782169878,0.5476611567824345,Mild
globalmet.globalmet_mod15,Longitudinal analysis - 3|4 shape,0.7806456668885201,0.8277511463015123,Mild
globalmet.globalmet_mod15,Longitudinal analysis - 3|5 average,0.05493045591956256,0.13158246094800158,Mild
globalmet.globalmet_mod15,Longitudinal analysis - 3|5 shape,0.26031170936115855,0.340030901071604,Mild
globalmet.globalmet_mod15,Longitudinal analysis - 4|5 average,0.13947194164302906,0.2687074105049184,Mild
globalmet.globalmet_mod15,Longitudinal analysis - 4|5 shape,0.3044145060706508,0.3816540076109652,Mild
globalmet.globalmet_mod16,Longitudinal analysis - 1|2 average,0.011835627099607853,0.04347781383529415,Mild
globalmet.globalmet_mod16,Longitudinal analysis - 1|2 shape,0.6998447588024315,0.7595214436615535,Severe
globalmet.globalmet_mod16,Longitudinal analysis - 1|3 average,0.7195180492537027,0.8123590878670837,Mild
globalmet.globalmet_mod16,Longitudinal analysis - 1|3 shape,0.0764454702823488,0.1294641028975262,Mild
globalmet.globalmet_mod16,Longitudinal analysis - 1|4 average,0.4111003390816219,0.5569746529492943,Severe
globalmet.globalmet_mod16,Longitudinal analysis - 1|4 shape,8.637913544061181e-4,0.0035920036519858376,Mild
globalmet.globalmet_mod16,Longitudinal analysis - 1|5 average,0.025162997956664143,0.07733018884243127,Mild
globalmet.globalmet_mod16,Longitudinal analysis - 1|5 shape,0.05369268266193593,0.09678509321035661,Mild
globalmet.globalmet_mod16,Longitudinal analysis - 2|3 average,0.16579585213143525,0.3054134118210649,Severe
globalmet.globalmet_mod16,Longitudinal analysis - 2|3 shape,0.03581092357596917,0.0712824071180429,Mild
globalmet.globalmet_mod16,Longitudinal analysis - 2|4 average,0.014560804002162326,0.05082164277763028,Severe
globalmet.globalmet_mod16,Longitudinal analysis - 2|4 shape,4.5524939126430125e-4,0.0020783124383805056,Mild
globalmet.globalmet_mod16,Longitudinal analysis - 2|5 average,0.7896746452432485,0.861463249356271,Severe
globalmet.globalmet_mod16,Longitudinal analysis - 2|5 shape,0.03628577249903925,0.07154941056148584,Mild
globalmet.globalmet_mod16,Longitudinal analysis - 3|4 average,0.25716204916198626,0.41701953918159934,Severe
globalmet.globalmet_mod16,Longitudinal analysis - 3|4 shape,0.08609033891367363,0.1440555471862268,Mild
globalmet.globalmet_mod16,Longitudinal analysis - 3|5 average,0.3093443912014907,0.4724532520168222,Mild
globalmet.globalmet_mod16,Longitudinal analysis - 3|5 shape,0.6227637447233807,0.6956403531484572,Severe
globalmet.globalmet_mod16,Longitudinal analysis - 4|5 average,0.2281089436009592,0.3848439209180721,Mild
globalmet.globalmet_mod16,Longitudinal analysis - 4|5 shape,0.3038835392424475,0.3816540076109652,Severe
globalmet.globalmet_mod17,Longitudinal analysis - 1|2 average,0.04919286888171984,0.12249607666199011,Mild
globalmet.globalmet_mod17,Longitudinal analysis - 1|2 shape,0.003481567373243898,0.0109944232839281,Severe
globalmet.globalmet_mod17,Longitudinal analysis - 1|3 average,0.021115332982230048,0.06816706973990506,Mild
globalmet.globalmet_mod17,Longitudinal analysis - 1|3 shape,0.042452062687794834,0.08178837765538455,Mild
globalmet.globalmet_mod17,Longitudinal analysis - 1|4 average,0.01980374279719716,0.06481224915446344,Mild
globalmet.globalmet_mod17,Longitudinal analysis - 1|4 shape,0.002934124423574847,0.00978041474524949,Mild
globalmet.globalmet_mod17,Longitudinal analysis - 1|5 average,0.7925621384440908,0.861629244555267,Severe
globalmet.globalmet_mod17,Longitudinal analysis - 1|5 shape,0.12873908434481265,0.2017552814359004,Mild
globalmet.globalmet_mod17,Longitudinal analysis - 2|3 average,0.7530701874634166,0.8360074327787709,Severe
globalmet.globalmet_mod17,Longitudinal analysis - 2|3 shape,8.924520877766399e-4,0.0036547777935529396,Mild
globalmet.globalmet_mod17,Longitudinal analysis - 2|4 average,0.8536388834857307,0.9023364036845811,Severe
globalmet.globalmet_mod17,Longitudinal analysis - 2|4 shape,0.0018084853900196042,0.006382889611833897,Mild
globalmet.globalmet_mod17,Longitudinal analysis - 2|5 average,7.805161804507232e-4,0.00489278799685528,Severe
globalmet.globalmet_mod17,Longitudinal analysis - 2|5 shape,2.2608541402705608e-4,0.0011440466733899223,Mild
globalmet.globalmet_mod17,Longitudinal analysis - 3|4 average,0.647682021547372,0.7570309342761491,Mild
globalmet.globalmet_mod17,Longitudinal analysis - 3|4 shape,0.002396840983480446,0.008118332363401511,Severe
globalmet.globalmet_mod17,Longitudinal analysis - 3|5 average,0.01590310983866408,0.0544508652084694,Severe
globalmet.globalmet_mod17,Longitudinal analysis - 3|5 shape,0.16702115028919637,0.24422036791710405,Mild
globalmet.globalmet_mod17,Longitudinal analysis - 4|5 average,0.03499528603586484,0.09564872105247223,Severe
globalmet.globalmet_mod17,Longitudinal analysis - 4|5 shape,0.0014531657516992523,0.005353768558891982,Mild
globalmet.globalmet_mod18,Longitudinal analysis - 1|2 average,0.38413150531822216,0.5324595123222882,Mild
globalmet.globalmet_mod18,Longitudinal analysis - 1|2 shape,0.3904622119157715,0.4619552929707719,Severe
globalmet.globalmet_mod18,Longitudinal analysis - 1|3 average,0.2243171156877212,0.3819453591439578,Mild
globalmet.globalmet_mod18,Longitudinal analysis - 1|3 shape,0.3767399963427398,0.44951931381804183,Severe
globalmet.globalmet_mod18,Longitudinal analysis - 1|4 average,0.08568421401039052,0.1845673013304233,Mild
globalmet.globalmet_mod18,Longitudinal analysis - 1|4 shape,0.22840340300347728,0.30648379955738164,Severe
globalmet.globalmet_mod18,Longitudinal analysis - 1|5 average,0.06093511374272922,0.14087751067126386,Severe
globalmet.globalmet_mod18,Longitudinal analysis - 1|5 shape,0.06028390926118843,0.10638336928445016,Severe
globalmet.globalmet_mod18,Longitudinal analysis - 2|3 average,0.3952123737095301,0.5424483560719041,Severe
globalmet.globalmet_mod18,Longitudinal analysis - 2|3 shape,0.12105113343563467,0.19185462657723232,Mild
globalmet.globalmet_mod18,Longitudinal analysis - 2|4 average,0.18740606322064376,0.33446407883570983,Mild
globalmet.globalmet_mod18,Longitudinal analysis - 2|4 shape,0.7460958186484032,0.8014328486760343,Severe
globalmet.globalmet_mod18,Longitudinal analysis - 2|5 average,2.2994528460676952e-5,2.5759813206245683e-4,Severe
globalmet.globalmet_mod18,Longitudinal analysis - 2|5 shape,0.11678215945729674,0.18578979913660845,Mild
globalmet.globalmet_mod18,Longitudinal analysis - 3|4 average,0.6219463956826152,0.7372083335466558,Mild
globalmet.globalmet_mod18,Longitudinal analysis - 3|4 shape,0.16443734119718156,0.24232871334321493,Severe
globalmet.globalmet_mod18,Longitudinal analysis - 3|5 average,0.004796620972576828,0.02076887431425018,Severe
globalmet.globalmet_mod18,Longitudinal analysis - 3|5 shape,0.20350487047712507,0.28049428288001965,Severe
globalmet.globalmet_mod18,Longitudinal analysis - 4|5 average,0.0026863476857944,0.013325976709058834,Severe
globalmet.globalmet_mod18,Longitudinal analysis - 4|5 shape,0.6040417545851542,0.6765267651353727,Mild
globalmet.globalmet_mod19,Longitudinal analysis - 1|2 average,0.2638466395461484,0.42423439799490337,Severe
globalmet.globalmet_mod19,Longitudinal analysis - 1|2 shape,7.86860171303152e-5,4.4659631344232955e-4,Mild
globalmet.globalmet_mod19,Longitudinal analysis - 1|3 average,0.6892178934956574,0.7905623911122363,Severe
globalmet.globalmet_mod19,Longitudinal analysis - 1|3 shape,0.027533012324521343,0.05853901919553811,Mild
globalmet.globalmet_mod19,Longitudinal analysis - 1|4 average,0.08303781728191456,0.18101669511282414,Severe
globalmet.globalmet_mod19,Longitudinal analysis - 1|4 shape,1.8130450677604882e-5,1.1715060437837001e-4,Mild
globalmet.globalmet_mod19,Longitudinal analysis - 1|5 average,0.8510133904264814,0.9003164331967815,Severe
globalmet.globalmet_mod19,Longitudinal analysis - 1|5 shape,0.009969257391598858,0.026669350983895036,Mild
globalmet.globalmet_mod19,Longitudinal analysis - 2|3 average,0.2943454292308758,0.45618110803309164,Mild
globalmet.globalmet_mod19,Longitudinal analysis - 2|3 shape,0.8112044450239053,0.8454239873698269,Severe
globalmet.globalmet_mod19,Longitudinal analysis - 2|4 average,0.08855024190378158,0.18910729626909287,Mild
globalmet.globalmet_mod19,Longitudinal analysis - 2|4 shape,0.007109441177537718,0.020040035533998937,Mild
globalmet.globalmet_mod19,Longitudinal analysis - 2|5 average,0.6553498298566931,0.76105141531745,Mild
globalmet.globalmet_mod19,Longitudinal analysis - 2|5 shape,0.3269491532904992,0.399182105761656,Mild
globalmet.globalmet_mod19,Longitudinal analysis - 3|4 average,0.22373205515158165,0.3814646677821284,Mild
globalmet.globalmet_mod19,Longitudinal analysis - 3|4 shape,0.0036707125432267765,0.011505218419069001,Mild
globalmet.globalmet_mod19,Longitudinal analysis - 3|5 average,0.8210731873950552,0.8812199455858344,Severe
globalmet.globalmet_mod19,Longitudinal analysis - 3|5 shape,0.7595239290757401,0.81170496237102,Mild
globalmet.globalmet_mod19,Longitudinal analysis - 4|5 average,0.6877283432104542,0.7899158727850248,Severe
globalmet.globalmet_mod19,Longitudinal analysis - 4|5 shape,0.07584619845820406,0.12896924434188545,Severe
globalmet.globalmet_mod2,Longitudinal analysis - 1|2 average,0.014875575235942521,0.051351300814486515,Mild
globalmet.globalmet_mod2,Longitudinal analysis - 1|2 shape,0.1475313954796314,0.2245042974690043,Severe
globalmet.globalmet_mod2,Longitudinal analysis - 1|3 average,0.03564277673647114,0.0965804272859218,Mild
globalmet.globalmet_mod2,Longitudinal analysis - 1|3 shape,0.014167273650842964,0.03500149960796497,Mild
globalmet.globalmet_mod2,Longitudinal analysis - 1|4 average,1.811078188816992e-8,5.30688027420793e-7,Mild
globalmet.globalmet_mod2,Longitudinal analysis - 1|4 shape,1.5653979961426873e-8,2.1208618012255762e-7,Mild
globalmet.globalmet_mod2,Longitudinal analysis - 1|5 average,6.025934648125436e-4,0.003954519612832317,Mild
globalmet.globalmet_mod2,Longitudinal analysis - 1|5 shape,9.722984190845755e-11,2.268696311197343e-9,Mild
globalmet.globalmet_mod2,Longitudinal analysis - 2|3 average,0.9667858827218823,0.9772042325682583,Severe
globalmet.globalmet_mod2,Longitudinal analysis - 2|3 shape,5.159239348041843e-5,3.1404065596776434e-4,Mild
globalmet.globalmet_mod2,Longitudinal analysis - 2|4 average,1.8005416826544715e-9,7.089632875451981e-8,Mild
globalmet.globalmet_mod2,Longitudinal analysis - 2|4 shape,3.770615956164919e-16,2.6394311693154434e-14,Mild
globalmet.globalmet_mod2,Longitudinal analysis - 2|5 average,0.04169370066802502,0.10899183162180814,Severe
globalmet.globalmet_mod2,Longitudinal analysis - 2|5 shape,3.241098526905299e-16,2.6394311693154434e-14,Mild
globalmet.globalmet_mod2,Longitudinal analysis - 3|4 average,6.703526368975414e-6,9.598230937396616e-5,Mild
globalmet.globalmet_mod2,Longitudinal analysis - 3|4 shape,1.5692388088343909e-6,1.3181605994208884e-5,Mild
globalmet.globalmet_mod2,Longitudinal analysis - 3|5 average,0.030355054647688503,0.08792498587606325,Severe
globalmet.globalmet_mod2,Longitudinal analysis - 3|5 shape,2.4413242321121764e-6,2.0105023087982628e-5,Mild
globalmet.globalmet_mod2,Longitudinal analysis - 4|5 average,0.6503620020269005,0.7592119229107269,Severe
globalmet.globalmet_mod2,Longitudinal analysis - 4|5 shape,0.001790179556471101,0.006371825539981884,Mild
globalmet.globalmet_mod20,Longitudinal analysis - 1|2 average,0.47770914721165203,0.611700737283213,Severe
globalmet.globalmet_mod20,Longitudinal analysis - 1|2 shape,0.4061520994687198,0.4791682072383773,Mild
globalmet.globalmet_mod20,Longitudinal analysis - 1|3 average,0.9544975659740528,0.9706754908210706,Severe
globalmet.globalmet_mod20,Longitudinal analysis - 1|3 shape,0.07443343372699412,0.1276001721034185,Mild
globalmet.globalmet_mod20,Longitudinal analysis - 1|4 average,0.3283928653296557,0.49200357944752227,Severe
globalmet.globalmet_mod20,Longitudinal analysis - 1|4 shape,0.02391534183376226,0.05231481026135495,Mild
globalmet.globalmet_mod20,Longitudinal analysis - 1|5 average,0.03363423624461776,0.09314096190817225,Mild
globalmet.globalmet_mod20,Longitudinal analysis - 1|5 shape,0.028668669061788117,0.0605067387233719,Mild
globalmet.globalmet_mod20,Longitudinal analysis - 2|3 average,0.45867999569879137,0.5971523100260743,Severe
globalmet.globalmet_mod20,Longitudinal analysis - 2|3 shape,0.2539805295331381,0.33334944501224373,Mild
globalmet.globalmet_mod20,Longitudinal analysis - 2|4 average,0.5075807768613512,0.6376388622585268,Mild
globalmet.globalmet_mod20,Longitudinal analysis - 2|4 shape,0.24670799899109136,0.3268686421963986,Mild
globalmet.globalmet_mod20,Longitudinal analysis - 2|5 average,0.023100441360933626,0.07263527497952164,Mild
globalmet.globalmet_mod20,Longitudinal analysis - 2|5 shape,0.24949382722212654,0.3295201491612992,Mild
globalmet.globalmet_mod20,Longitudinal analysis - 3|4 average,0.24278507851923165,0.4025121038608314,Mild
globalmet.globalmet_mod20,Longitudinal analysis - 3|4 shape,0.9953693819152293,0.9953693819152293,Mild
globalmet.globalmet_mod20,Longitudinal analysis - 3|5 average,0.014649966290407882,0.05099159537545285,Mild
globalmet.globalmet_mod20,Longitudinal analysis - 3|5 shape,0.8613097555136497,0.8844745655641391,Mild
globalmet.globalmet_mod20,Longitudinal analysis - 4|5 average,0.08222909907474724,0.18018096153634858,Mild
globalmet.globalmet_mod20,Longitudinal analysis - 4|5 shape,0.7770764123233906,0.8277511463015123,Mild
globalmet.globalmet_mod21,Longitudinal analysis - 1|2 average,0.00141526079213308,0.0081634965904375,Mild
globalmet.globalmet_mod21,Longitudinal analysis - 1|2 shape,0.21752280930154402,0.29470832227951127,Severe
globalmet.globalmet_mod21,Longitudinal analysis - 1|3 average,0.11125319452394947,0.22674340367255671,Mild
globalmet.globalmet_mod21,Longitudinal analysis - 1|3 shape,0.0037138530624517326,0.011554209527627613,Mild
globalmet.globalmet_mod21,Longitudinal analysis - 1|4 average,4.6495401033935783e-10,2.0922930465271104e-8,Mild
globalmet.globalmet_mod21,Longitudinal analysis - 1|4 shape,2.6772387703774555e-11,7.02775177224082e-10,Mild
globalmet.globalmet_mod21,Longitudinal analysis - 1|5 average,5.045948463267894e-8,1.2466460909250093e-6,Mild
globalmet.globalmet_mod21,Longitudinal analysis - 1|5 shape,9.100606680912367e-10,1.661849915644867e-8,Mild
globalmet.globalmet_mod21,Longitudinal analysis - 2|3 average,0.03824930752224362,0.10103590666253032,Severe
globalmet.globalmet_mod21,Longitudinal analysis - 2|3 shape,0.0022036012145376154,0.007524491952079663,Mild
globalmet.globalmet_mod21,Longitudinal analysis - 2|4 average,1.8629232847519654e-5,2.1534709530160334e-4,Severe
globalmet.globalmet_mod21,Longitudinal analysis - 2|4 shape,1.3457090804267804e-14,8.074254482560682e-13,Mild
globalmet.globalmet_mod21,Longitudinal analysis - 2|5 average,0.01997070009721925,0.06518933192356544,Severe
globalmet.globalmet_mod21,Longitudinal analysis - 2|5 shape,1.969956475564827e-12,6.834350654148952e-11,Mild
globalmet.globalmet_mod21,Longitudinal analysis - 3|4 average,2.1803383504783948e-7,4.36067670095679e-6,Mild
globalmet.globalmet_mod21,Longitudinal analysis - 3|4 shape,1.6583294237501177e-4,8.493882414329872e-4,Mild
globalmet.globalmet_mod21,Longitudinal analysis - 3|5 average,0.0014479618499983241,0.00821816185134184,Mild
globalmet.globalmet_mod21,Longitudinal analysis - 3|5 shape,6.579234317372226e-6,4.847856865432167e-5,Mild
globalmet.globalmet_mod21,Longitudinal analysis - 4|5 average,0.38846657540733,0.5362651532427778,Severe
globalmet.globalmet_mod21,Longitudinal analysis - 4|5 shape,0.030134211782215224,0.06235565996729571,Mild
globalmet.globalmet_mod22,Longitudinal analysis - 1|2 average,0.0472623625627958,0.11886342680463613,Mild
globalmet.globalmet_mod22,Longitudinal analysis - 1|2 shape,1.5633363621510897e-8,2.1208618012255762e-7,Severe
globalmet.globalmet_mod22,Longitudinal analysis - 1|3 average,0.5423688427572501,0.6656825655882364,Severe
globalmet.globalmet_mod22,Longitudinal analysis - 1|3 shape,8.470989702921725e-6,5.9296927920452074e-5,Severe
globalmet.globalmet_mod22,Longitudinal analysis - 1|4 average,5.75012372726348e-4,0.0038334158181756533,Mild
globalmet.globalmet_mod22,Longitudinal analysis - 1|4 shape,6.397537218836357e-13,2.6869656319112698e-11,Mild
globalmet.globalmet_mod22,Longitudinal analysis - 1|5 average,0.05518891946460283,0.13161857376618558,Mild
globalmet.globalmet_mod22,Longitudinal analysis - 1|5 shape,0.29040634654075925,0.37186178520463076,Mild
globalmet.globalmet_mod22,Longitudinal analysis - 2|3 average,0.0017023441595041626,0.009325885395544544,Severe
globalmet.globalmet_mod22,Longitudinal analysis - 2|3 shape,0.3022496757994385,0.38121580731460714,Mild
globalmet.globalmet_mod22,Longitudinal analysis - 2|4 average,0.02672210845014918,0.08113218469201919,Mild
globalmet.globalmet_mod22,Longitudinal analysis - 2|4 shape,0.0010757405198933527,0.004183435355140816,Mild
globalmet.globalmet_mod22,Longitudinal analysis - 2|5 average,0.5355977187613399,0.6616207114110669,Severe
globalmet.globalmet_mod22,Longitudinal analysis - 2|5 shape,0.059756490600244225,0.10589757827891381,Mild
globalmet.globalmet_mod22,Longitudinal analysis - 3|4 average,1.2199874950970887e-5,1.5219645978438928e-4,Mild
globalmet.globalmet_mod22,Longitudinal analysis - 3|4 shape,0.00477799881984767,0.01413210918546494,Mild
globalmet.globalmet_mod22,Longitudinal analysis - 3|5 average,0.001862421258898172,0.010028422163297848,Mild
globalmet.globalmet_mod22,Longitudinal analysis - 3|5 shape,0.6737390174686284,0.7410672735562829,Mild
globalmet.globalmet_mod22,Longitudinal analysis - 4|5 average,0.7324561032853831,0.8203356712727183,Mild
globalmet.globalmet_mod22,Longitudinal analysis - 4|5 shape,0.18620542532259346,0.26332080348649584,Mild
globalmet.globalmet_mod23,Longitudinal analysis - 1|2 average,0.010598922256142259,0.039983958211794145,Mild
globalmet.globalmet_mod23,Longitudinal analysis - 1|2 shape,0.03468804724042328,0.07004317231239315,Severe
globalmet.globalmet_mod23,Longitudinal analysis - 1|3 average,0.01779734020354469,0.05977312594461121,Mild
globalmet.globalmet_mod23,Longitudinal analysis - 1|3 shape,0.33374267282786,0.40629542779043826,Severe
globalmet.globalmet_mod23,Longitudinal analysis - 1|4 average,0.13565744822029197,0.26296674578087365,Mild
globalmet.globalmet_mod23,Longitudinal analysis - 1|4 shape,0.012174118361984312,0.031177620195325675,Severe
globalmet.globalmet_mod23,Longitudinal analysis - 1|5 average,0.014853481104682511,0.051351300814486515,Mild
globalmet.globalmet_mod23,Longitudinal analysis - 1|5 shape,0.20187424808656568,0.2798256904170217,Mild
globalmet.globalmet_mod23,Longitudinal analysis - 2|3 average,0.23464687941102622,0.39263621256028286,Severe
globalmet.globalmet_mod23,Longitudinal analysis - 2|3 shape,0.07542882289007115,0.12878091712938977,Mild
globalmet.globalmet_mod23,Longitudinal analysis - 2|4 average,0.41578637825878917,0.559308067359016,Mild
globalmet.globalmet_mod23,Longitudinal analysis - 2|4 shape,0.20369227685334762,0.28049428288001965,Severe
globalmet.globalmet_mod23,Longitudinal analysis - 2|5 average,0.4418481560660372,0.583573036313634,Severe
globalmet.globalmet_mod23,Longitudinal analysis - 2|5 shape,0.039330018395440924,0.07612261624924051,Mild
globalmet.globalmet_mod23,Longitudinal analysis - 3|4 average,0.9204872385690317,0.9506671480303114,Mild
globalmet.globalmet_mod23,Longitudinal analysis - 3|4 shape,0.006980531659315548,0.019918241298706403,Severe
globalmet.globalmet_mod23,Longitudinal analysis - 3|5 average,0.8100564372190279,0.8723684708512608,Severe
globalmet.globalmet_mod23,Longitudinal analysis - 3|5 shape,0.5741203869199625,0.647836446913478,Mild
globalmet.globalmet_mod23,Longitudinal analysis - 4|5 average,0.8977510679340973,0.9346719789382067,Severe
globalmet.globalmet_mod23,Longitudinal analysis - 4|5 shape,0.01266871279280097,0.031861433371116216,Mild
globalmet.globalmet_mod24,Longitudinal analysis - 1|2 average,0.030895808251736365,0.08908173546267237,Severe
globalmet.globalmet_mod24,Longitudinal analysis - 1|2 shape,0.0016759699554270155,0.006120933750255187,Mild
globalmet.globalmet_mod24,Longitudinal analysis - 1|3 average,0.11200374025875037,0.22725396574239207,Severe
globalmet.globalmet_mod24,Longitudinal analysis - 1|3 shape,0.5101028886026869,0.5869677074332288,Severe
globalmet.globalmet_mod24,Longitudinal analysis - 1|4 average,3.870611286350191e-12,2.868806012236024e-10,Severe
globalmet.globalmet_mod24,Longitudinal analysis - 1|4 shape,8.981395488600335e-4,0.0036547777935529396,Mild
globalmet.globalmet_mod24,Longitudinal analysis - 1|5 average,9.24572823549312e-10,3.88320585890711e-8,Severe
globalmet.globalmet_mod24,Longitudinal analysis - 1|5 shape,0.016085880065499637,0.037955447345560944,Severe
globalmet.globalmet_mod24,Longitudinal analysis - 2|3 average,0.24807323186843225,0.40646589356856255,Mild
globalmet.globalmet_mod24,Longitudinal analysis - 2|3 shape,0.16396867096662482,0.24232871334321493,Severe
globalmet.globalmet_mod24,Longitudinal analysis - 2|4 average,1.1746483770890709e-8,3.7001423878305733e-7,Severe
globalmet.globalmet_mod24,Longitudinal analysis - 2|4 shape,0.06655020961729807,0.11597961842018752,Severe
globalmet.globalmet_mod24,Longitudinal analysis - 2|5 average,7.453256533977685e-5,6.652346910751332e-4,Severe
globalmet.globalmet_mod24,Longitudinal analysis - 2|5 shape,0.014055586788961794,0.03493104409091097,Severe
globalmet.globalmet_mod24,Longitudinal analysis - 3|4 average,1.9215266256845758e-9,7.336738025341108e-8,Severe
globalmet.globalmet_mod24,Longitudinal analysis - 3|4 shape,0.00299243533257008,0.009896242832121524,Mild
globalmet.globalmet_mod24,Longitudinal analysis - 3|5 average,8.470573952872289e-7,1.4620442713176828e-5,Severe
globalmet.globalmet_mod24,Longitudinal analysis - 3|5 shape,0.06124688664989515,0.10763051210441826,Severe
globalmet.globalmet_mod24,Longitudinal analysis - 4|5 average,0.12702752315324356,0.25168230589170093,Mild
globalmet.globalmet_mod24,Longitudinal analysis - 4|5 shape,0.004477323555728981,0.013431970667186943,Severe
globalmet.globalmet_mod25,Longitudinal analysis - 1|2 average,0.7923168348089062,0.861629244555267,Mild
globalmet.globalmet_mod25,Longitudinal analysis - 1|2 shape,0.9053909581241386,0.9207365675838698,Mild
globalmet.globalmet_mod25,Longitudinal analysis - 1|3 average,0.09597760862970954,0.20358886679029298,Severe
globalmet.globalmet_mod25,Longitudinal analysis - 1|3 shape,0.10907698583543608,0.17552618410300058,Severe
globalmet.globalmet_mod25,Longitudinal analysis - 1|4 average,0.3806835126504631,0.5300124043531309,Mild
globalmet.globalmet_mod25,Longitudinal analysis - 1|4 shape,1.0487109909393977e-5,7.220633052369623e-5,Severe
globalmet.globalmet_mod25,Longitudinal analysis - 1|5 average,0.7187790288110113,0.8122525347998872,Mild
globalmet.globalmet_mod25,Longitudinal analysis - 1|5 shape,0.021696228005187577,0.04847029660733395,Severe
globalmet.globalmet_mod25,Longitudinal analysis - 2|3 average,0.11613631041574672,0.23418911650851165,Severe
globalmet.globalmet_mod25,Longitudinal analysis - 2|3 shape,0.20978446790065203,0.287939465745993,Severe
globalmet.globalmet_mod25,Longitudinal analysis - 2|4 average,0.33189667817771407,0.49548556220843565,Mild
globalmet.globalmet_mod25,Longitudinal analysis - 2|4 shape,6.689534737555873e-5,3.9571895630612205e-4,Severe
globalmet.globalmet_mod25,Longitudinal analysis - 2|5 average,0.7490132934482632,0.8329715355205751,Mild
globalmet.globalmet_mod25,Longitudinal analysis - 2|5 shape,0.009528100320879125,0.02565257778698226,Severe
globalmet.globalmet_mod25,Longitudinal analysis - 3|4 average,0.23517767271423062,0.39300247694951007,Mild
globalmet.globalmet_mod25,Longitudinal analysis - 3|4 shape,9.141478486804641e-4,0.003656591394721857,Severe
globalmet.globalmet_mod25,Longitudinal analysis - 3|5 average,0.5431124424005611,0.6656825655882364,Mild
globalmet.globalmet_mod25,Longitudinal analysis - 3|5 shape,0.04399325637891888,0.08388687489022575,Severe
globalmet.globalmet_mod25,Longitudinal analysis - 4|5 average,0.709446787544397,0.8038695614262052,Severe
globalmet.globalmet_mod25,Longitudinal analysis - 4|5 shape,0.868953300776004,0.8901472837217601,Mild
globalmet.globalmet_mod26,Longitudinal analysis - 1|2 average,0.4388115845896239,0.5813907429894071,Mild
globalmet.globalmet_mod26,Longitudinal analysis - 1|2 shape,0.2914056469438489,0.37200720886448796,Severe
globalmet.globalmet_mod26,Longitudinal analysis - 1|3 average,0.40155293033174766,0.5481654303553651,Severe
globalmet.globalmet_mod26,Longitudinal analysis - 1|3 shape,0.004924665503436688,0.014464052527576286,Mild
globalmet.globalmet_mod26,Longitudinal analysis - 1|4 average,4.217105354172024e-4,0.002985141992279073,Mild
globalmet.globalmet_mod26,Longitudinal analysis - 1|4 shape,8.053778118905066e-6,5.7331979829493695e-5,Mild
globalmet.globalmet_mod26,Longitudinal analysis - 1|5 average,0.1314146708714405,0.25711566040064443,Mild
globalmet.globalmet_mod26,Longitudinal analysis - 1|5 shape,1.5275594548744818e-4,8.121202165155473e-4,Mild
globalmet.globalmet_mod26,Longitudinal analysis - 2|3 average,0.9872435509837034,0.9903876387256897,Severe
globalmet.globalmet_mod26,Longitudinal analysis - 2|3 shape,7.053549606261625e-5,4.058206622780661e-4,Mild
globalmet.globalmet_mod26,Longitudinal analysis - 2|4 average,0.0014275324986947645,0.008175867947070014,Mild
globalmet.globalmet_mod26,Longitudinal analysis - 2|4 shape,1.9682712403329223e-8,2.5833560029369607e-7,Mild
globalmet.globalmet_mod26,Longitudinal analysis - 2|5 average,0.2450928823757815,0.404210774598802,Severe
globalmet.globalmet_mod26,Longitudinal analysis - 2|5 shape,3.545165724832455e-6,2.8093766121313792e-5,Mild
globalmet.globalmet_mod26,Longitudinal analysis - 3|4 average,0.002215283137031266,0.011534118812642128,Mild
globalmet.globalmet_mod26,Longitudinal analysis - 3|4 shape,0.03527545325142964,0.07063839020722355,Mild
globalmet.globalmet_mod26,Longitudinal analysis - 3|5 average,0.058802542650802245,0.13719452722038175,Mild
globalmet.globalmet_mod26,Longitudinal analysis - 3|5 shape,0.004268076187619395,0.012942289029567263,Mild
globalmet.globalmet_mod26,Longitudinal analysis - 4|5 average,0.908316855056549,0.9411835833645161,Severe
globalmet.globalmet_mod26,Longitudinal analysis - 4|5 shape,0.214787111059619,0.29361889324651913,Mild
globalmet.globalmet_mod27,Longitudinal analysis - 1|2 average,0.2186812156854118,0.37718048847342595,Mild
globalmet.globalmet_mod27,Longitudinal analysis - 1|2 shape,0.008257161501385585,0.022966939275377123,Severe
globalmet.globalmet_mod27,Longitudinal analysis - 1|3 average,0.17286822031923693,0.3143058551258853,Mild
globalmet.globalmet_mod27,Longitudinal analysis - 1|3 shape,0.9546032526365755,0.956881542022343,Mild
globalmet.globalmet_mod27,Longitudinal analysis - 1|4 average,4.81200630406467e-7,8.758198468527469e-6,Mild
globalmet.globalmet_mod27,Longitudinal analysis - 1|4 shape,2.7495409440858215e-5,1.7235928306209627e-4,Mild
globalmet.globalmet_mod27,Longitudinal analysis - 1|5 average,0.14814407697710077,0.28154077977548564,Severe
globalmet.globalmet_mod27,Longitudinal analysis - 1|5 shape,1.270403539524025e-6,1.1116030970835219e-5,Mild
globalmet.globalmet_mod27,Longitudinal analysis - 2|3 average,0.6952504253970733,0.7949324283124432,Severe
globalmet.globalmet_mod27,Longitudinal analysis - 2|3 shape,0.16425906129254947,0.24232871334321493,Mild
globalmet.globalmet_mod27,Longitudinal analysis - 2|4 average,3.317683204544816e-8,8.53118538311524e-7,Mild
globalmet.globalmet_mod27,Longitudinal analysis - 2|4 shape,1.376040886879464e-7,1.4096028597301825e-6,Mild
globalmet.globalmet_mod27,Longitudinal analysis - 2|5 average,0.3769295624929144,0.5289892136896522,Severe
globalmet.globalmet_mod27,Longitudinal analysis - 2|5 shape,6.658005084797002e-8,7.170159322089079e-7,Mild
globalmet.globalmet_mod27,Longitudinal analysis - 3|4 average,1.108332669957078e-6,1.887161032629619e-5,Mild
globalmet.globalmet_mod27,Longitudinal analysis - 3|4 shape,1.3391559611639313e-5,9.071701672400825e-5,Mild
globalmet.globalmet_mod27,Longitudinal analysis - 3|5 average,0.7737917976556946,0.8515088777695853,Severe
globalmet.globalmet_mod27,Longitudinal analysis - 3|5 shape,7.232732432102529e-7,6.903971867006959e-6,Mild
globalmet.globalmet_mod27,Longitudinal analysis - 4|5 average,0.09821201069848352,0.20707483492408002,Severe
globalmet.globalmet_mod27,Longitudinal analysis - 4|5 shape,0.03658096863223914,0.07178905498717766,Mild
globalmet.globalmet_mod28,Longitudinal analysis - 1|2 average,0.8615560117871585,0.9091797109311722,Mild
globalmet.globalmet_mod28,Longitudinal analysis - 1|2 shape,0.28350681558014956,0.3641371943231279,Mild
globalmet.globalmet_mod28,Longitudinal analysis - 1|3 average,0.15422555401264865,0.28917291377371623,Severe
globalmet.globalmet_mod28,Longitudinal analysis - 1|3 shape,0.16924663891667424,0.24427349946736487,Mild
globalmet.globalmet_mod28,Longitudinal analysis - 1|4 average,0.22201349904007367,0.3793080953942543,Severe
globalmet.globalmet_mod28,Longitudinal analysis - 1|4 shape,0.3230942818813596,0.39645252125155134,Mild
globalmet.globalmet_mod28,Longitudinal analysis - 1|5 average,0.2176290783168508,0.37614902425134705,Severe
globalmet.globalmet_mod28,Longitudinal analysis - 1|5 shape,0.7941271479335927,0.8362082598590084,Severe
globalmet.globalmet_mod28,Longitudinal analysis - 2|3 average,0.06319380868865651,0.1447712708140131,Severe
globalmet.globalmet_mod28,Longitudinal analysis - 2|3 shape,0.6402195734203746,0.7113550815781939,Mild
globalmet.globalmet_mod28,Longitudinal analysis - 2|4 average,1.1243322651951125e-4,9.70314146675234e-4,Severe
globalmet.globalmet_mod28,Longitudinal analysis - 2|4 shape,0.5389692906871079,0.6125346147464369,Severe
globalmet.globalmet_mod28,Longitudinal analysis - 2|5 average,0.006198621234024819,0.025861797201560503,Severe
globalmet.globalmet_mod28,Longitudinal analysis - 2|5 shape,0.7205432591317729,0.7779644443067985,Severe
globalmet.globalmet_mod28,Longitudinal analysis - 3|4 average,0.09891391788493975,0.20806600423209362,Severe
globalmet.globalmet_mod28,Longitudinal analysis - 3|4 shape,0.015165000248724768,0.036189205139002284,Severe
globalmet.globalmet_mod28,Longitudinal analysis - 3|5 average,0.10854797725985764,0.22384689254896992,Severe
globalmet.globalmet_mod28,Longitudinal analysis - 3|5 shape,0.682027684355609,0.7459677797639473,Severe
globalmet.globalmet_mod28,Longitudinal analysis - 4|5 average,0.35612838895329246,0.5134116362484537,Severe
globalmet.globalmet_mod28,Longitudinal analysis - 4|5 shape,0.8287035449294264,0.8615234873028691,Severe
globalmet.globalmet_mod29,Longitudinal analysis - 1|2 average,0.9532530695243571,0.9706754908210706,Severe
globalmet.globalmet_mod29,Longitudinal analysis - 1|2 shape,0.29608358210169866,0.3745635677190164,Mild
globalmet.globalmet_mod29,Longitudinal analysis - 1|3 average,0.7181846407580983,0.8122525347998872,Mild
globalmet.globalmet_mod29,Longitudinal analysis - 1|3 shape,0.52107267116793,0.596322947930601,Mild
globalmet.globalmet_mod29,Longitudinal analysis - 1|4 average,0.42820023710840627,0.5703301255355094,Severe
globalmet.globalmet_mod29,Longitudinal analysis - 1|4 shape,0.002120251338448331,0.007299225919248352,Mild
globalmet.globalmet_mod29,Longitudinal analysis - 1|5 average,0.011149757565557836,0.04181159087084189,Severe
globalmet.globalmet_mod29,Longitudinal analysis - 1|5 shape,0.19138326764687724,0.2697348067506324,Mild
globalmet.globalmet_mod29,Longitudinal analysis - 2|3 average,0.5244523037138299,0.652641220344213,Severe
globalmet.globalmet_mod29,Longitudinal analysis - 2|3 shape,0.6895901354168043,0.7503312354276108,Severe
globalmet.globalmet_mod29,Longitudinal analysis - 2|4 average,0.03665465605717552,0.09847519537748647,Severe
globalmet.globalmet_mod29,Longitudinal analysis - 2|4 shape,0.31255400570120323,0.38838071714350697,Mild
globalmet.globalmet_mod29,Longitudinal analysis - 2|5 average,7.894840285843071e-6,1.0696235225980934e-4,Severe
globalmet.globalmet_mod29,Longitudinal analysis - 2|5 shape,0.16862834927609566,0.24422036791710405,Mild
globalmet.globalmet_mod29,Longitudinal analysis - 3|4 average,0.17476423319478931,0.3168387537056612,Severe
globalmet.globalmet_mod29,Longitudinal analysis - 3|4 shape,0.17796204778637004,0.25509918112721985,Mild
globalmet.globalmet_mod29,Longitudinal analysis - 3|5 average,4.846337831018315e-4,0.0033736937387199317,Severe
globalmet.globalmet_mod29,Longitudinal analysis - 3|5 shape,0.3761850415720939,0.44951931381804183,Mild
globalmet.globalmet_mod29,Longitudinal analysis - 4|5 average,0.024178230611054216,0.07485152474183861,Severe
globalmet.globalmet_mod29,Longitudinal analysis - 4|5 shape,0.16826722310092168,0.24422036791710405,Mild
globalmet.globalmet_mod3,Longitudinal analysis - 1|2 average,1.5054479250697128e-5,1.8036801074866626e-4,Mild
globalmet.globalmet_mod3,Longitudinal analysis - 1|2 shape,9.734004479508675e-4,0.0038208241882183584,Severe
globalmet.globalmet_mod3,Longitudinal analysis - 1|3 average,6.930433118653096e-6,9.702606366114335e-5,Mild
globalmet.globalmet_mod3,Longitudinal analysis - 1|3 shape,0.02477475481859605,0.053636067133042996,Mild
globalmet.globalmet_mod3,Longitudinal analysis - 1|4 average,1.6913340920880497e-32,2.1310809560309426e-29,Mild
globalmet.globalmet_mod3,Longitudinal analysis - 1|4 shape,1.4712682197666064e-12,5.6175695663815876e-11,Mild
globalmet.globalmet_mod3,Longitudinal analysis - 1|5 average,3.2872349011119286e-22,1.38063865846701e-19,Mild
globalmet.globalmet_mod3,Longitudinal analysis - 1|5 shape,4.372233306390377e-25,9.181689943419791e-23,Mild
globalmet.globalmet_mod3,Longitudinal analysis - 2|3 average,0.3694625231007619,0.5254207439130474,Severe
globalmet.globalmet_mod3,Longitudinal analysis - 2|3 shape,1.3642064550246182e-6,1.1693198185925299e-5,Mild
globalmet.globalmet_mod3,Longitudinal analysis - 2|4 average,1.3449861935155525e-29,8.47341301914798e-27,Mild
globalmet.globalmet_mod3,Longitudinal analysis - 2|4 shape,2.2353804000156515e-24,3.129532560021912e-22,Mild
globalmet.globalmet_mod3,Longitudinal analysis - 2|5 average,3.03969024162313e-16,5.471442434921635e-14,Mild
globalmet.globalmet_mod3,Longitudinal analysis - 2|5 shape,3.644681153982697e-37,1.5307660846727327e-34,Mild
globalmet.globalmet_mod3,Longitudinal analysis - 3|4 average,1.6717153348972158e-20,5.2659033049262295e-18,Mild
globalmet.globalmet_mod3,Longitudinal analysis - 3|4 shape,1.494778811704728e-8,2.1208618012255762e-7,Mild
globalmet.globalmet_mod3,Longitudinal analysis - 3|5 average,1.4777341615089256e-13,1.551620869584372e-11,Mild
globalmet.globalmet_mod3,Longitudinal analysis - 3|5 shape,1.216220692202927e-13,6.385158634065367e-12,Mild
globalmet.globalmet_mod3,Longitudinal analysis - 4|5 average,0.17779987900634478,0.3204976359771022,Severe
globalmet.globalmet_mod3,Longitudinal analysis - 4|5 shape,8.756205523781385e-5,4.776112103880755e-4,Mild
globalmet.globalmet_mod30,Longitudinal analysis - 1|2 average,0.8678719063114839,0.9150783279936985,Mild
globalmet.globalmet_mod30,Longitudinal analysis - 1|2 shape,0.7076588501434795,0.7660224666501582,Severe
globalmet.globalmet_mod30,Longitudinal analysis - 1|3 average,0.37102836574750875,0.5258669750752093,Mild
globalmet.globalmet_mod30,Longitudinal analysis - 1|3 shape,0.309610405620709,0.385864600476848,Severe
globalmet.globalmet_mod30,Longitudinal analysis - 1|4 average,0.01883329238960647,0.06216094374128284,Mild
globalmet.globalmet_mod30,Longitudinal analysis - 1|4 shape,0.13895502137858523,0.21420036007201324,Severe
globalmet.globalmet_mod30,Longitudinal analysis - 1|5 average,0.3270995945557533,0.4912341944460658,Severe
globalmet.globalmet_mod30,Longitudinal analysis - 1|5 shape,0.027596966192182253,0.05853901919553811,Mild
globalmet.globalmet_mod30,Longitudinal analysis - 2|3 average,0.2604116138635657,0.4217463155116874,Mild
globalmet.globalmet_mod30,Longitudinal analysis - 2|3 shape,0.26869283522056314,0.348305527137767,Severe
globalmet.globalmet_mod30,Longitudinal analysis - 2|4 average,0.07810982263929053,0.17266381846580015,Mild
globalmet.globalmet_mod30,Longitudinal analysis - 2|4 shape,0.031373235149868284,0.06427687201436429,Severe
globalmet.globalmet_mod30,Longitudinal analysis - 2|5 average,0.47436775769997663,0.609317268694464,Severe
globalmet.globalmet_mod30,Longitudinal analysis - 2|5 shape,0.05157807697510719,0.09501224705940799,Mild
globalmet.globalmet_mod30,Longitudinal analysis - 3|4 average,0.6229786690248291,0.7375705281171215,Mild
globalmet.globalmet_mod30,Longitudinal analysis - 3|4 shape,0.09489385443024291,0.15691109787677962,Severe
globalmet.globalmet_mod30,Longitudinal analysis - 3|5 average,0.7208938303160835,0.8131837298104433,Severe
globalmet.globalmet_mod30,Longitudinal analysis - 3|5 shape,0.02468658944290544,0.053636067133042996,Mild
globalmet.globalmet_mod30,Longitudinal analysis - 4|5 average,0.7891044254256017,0.861463249356271,Severe
globalmet.globalmet_mod30,Longitudinal analysis - 4|5 shape,4.116163699126996e-4,0.0019208763929259313,Mild
globalmet.globalmet_mod31,Longitudinal analysis - 1|2 average,0.40866593334407153,0.5548696939800971,Mild
globalmet.globalmet_mod31,Longitudinal analysis - 1|2 shape,0.307186400859964,0.38398300107495503,Mild
globalmet.globalmet_mod31,Longitudinal analysis - 1|3 average,0.2381573429346942,0.39640456023476184,Severe
globalmet.globalmet_mod31,Longitudinal analysis - 1|3 shape,0.10312127681313221,0.16722369212940358,Mild
globalmet.globalmet_mod31,Longitudinal analysis - 1|4 average,0.02401508346559007,0.074713593004058,Mild
globalmet.globalmet_mod31,Longitudinal analysis - 1|4 shape,0.012662851314769423,0.031861433371116216,Severe
globalmet.globalmet_mod31,Longitudinal analysis - 1|5 average,0.003464169912478379,0.01630539429950831,Severe
globalmet.globalmet_mod31,Longitudinal analysis - 1|5 shape,0.004283281369309166,0.012942289029567263,Severe
globalmet.globalmet_mod31,Longitudinal analysis - 2|3 average,0.21379639501893064,0.371051594660954,Severe
globalmet.globalmet_mod31,Longitudinal analysis - 2|3 shape,0.09765137445307906,0.1603586411647415,Severe
globalmet.globalmet_mod31,Longitudinal analysis - 2|4 average,0.010571480046123164,0.039983958211794145,Mild
globalmet.globalmet_mod31,Longitudinal analysis - 2|4 shape,0.0019145093402186707,0.006645404321420179,Severe
globalmet.globalmet_mod31,Longitudinal analysis - 2|5 average,0.0023707937165828186,0.012045161624573997,Severe
globalmet.globalmet_mod31,Longitudinal analysis - 2|5 shape,5.702709214508448e-4,0.0025211977579932083,Severe
globalmet.globalmet_mod31,Longitudinal analysis - 3|4 average,0.26862901924827576,0.4279046324308817,Mild
globalmet.globalmet_mod31,Longitudinal analysis - 3|4 shape,0.017207902351986906,0.03971054388920055,Severe
globalmet.globalmet_mod31,Longitudinal analysis - 3|5 average,0.06808011755731057,0.15456026688686722,Severe
globalmet.globalmet_mod31,Longitudinal analysis - 3|5 shape,0.1360090459889397,0.21078892736293237,Severe
globalmet.globalmet_mod31,Longitudinal analysis - 4|5 average,0.07676127288648649,0.16998102607552368,Severe
globalmet.globalmet_mod31,Longitudinal analysis - 4|5 shape,0.10077759688010565,0.16405655306063713,Severe
globalmet.globalmet_mod32,Longitudinal analysis - 1|2 average,0.07308927958755633,0.16357458664355415,Mild
globalmet.globalmet_mod32,Longitudinal analysis - 1|2 shape,0.11441293179148988,0.1834100433298693,Severe
globalmet.globalmet_mod32,Longitudinal analysis - 1|3 average,0.12703964011676333,0.25168230589170093,Mild
globalmet.globalmet_mod32,Longitudinal analysis - 1|3 shape,0.7791120165716552,0.8277511463015123,Mild
globalmet.globalmet_mod32,Longitudinal analysis - 1|4 average,7.313933987141074e-8,1.6167643550522375e-6,Mild
globalmet.globalmet_mod32,Longitudinal analysis - 1|4 shape,0.01493515668919624,0.03587587573585875,Mild
globalmet.globalmet_mod32,Longitudinal analysis - 1|5 average,3.5746767147356716e-4,0.002618658523585434,Mild
globalmet.globalmet_mod32,Longitudinal analysis - 1|5 shape,5.541299867364612e-6,4.15597490052346e-5,Mild
globalmet.globalmet_mod32,Longitudinal analysis - 2|3 average,0.3357967424795857,0.49894327302391267,Severe
globalmet.globalmet_mod32,Longitudinal analysis - 2|3 shape,0.15697984231841897,0.23546976347762844,Mild
globalmet.globalmet_mod32,Longitudinal analysis - 2|4 average,1.709504288734203e-4,0.0013896615508419972,Mild
globalmet.globalmet_mod32,Longitudinal analysis - 2|4 shape,5.093829248237671e-4,0.0022759662598508743,Mild
globalmet.globalmet_mod32,Longitudinal analysis - 2|5 average,0.23255264787264235,0.3896493834036295,Severe
globalmet.globalmet_mod32,Longitudinal analysis - 2|5 shape,3.730383298737205e-8,4.2344891499179085e-7,Mild
globalmet.globalmet_mod32,Longitudinal analysis - 3|4 average,4.014656647290314e-5,3.9212925392137954e-4,Mild
globalmet.globalmet_mod32,Longitudinal analysis - 3|4 shape,0.07388827216567354,0.12718473077697903,Mild
globalmet.globalmet_mod32,Longitudinal analysis - 3|5 average,0.032612456245552285,0.09151825137950084,Severe
globalmet.globalmet_mod32,Longitudinal analysis - 3|5 shape,2.3242745896935734e-4,0.0011621372948467867,Mild
globalmet.globalmet_mod32,Longitudinal analysis - 4|5 average,0.5813935497100111,0.7010104044350374,Severe
globalmet.globalmet_mod32,Longitudinal analysis - 4|5 shape,4.346322296861363e-4,0.0020059949062437056,Mild
globalmet.globalmet_mod33,Longitudinal analysis - 1|2 average,0.41256973874610814,0.5577714632868076,Mild
globalmet.globalmet_mod33,Longitudinal analysis - 1|2 shape,0.4783590908794393,0.5534733282902603,Severe
globalmet.globalmet_mod33,Longitudinal analysis - 1|3 average,0.5940369718545697,0.7127260561835158,Severe
globalmet.globalmet_mod33,Longitudinal analysis - 1|3 shape,0.539613827276623,0.6125346147464369,Mild
globalmet.globalmet_mod33,Longitudinal analysis - 1|4 average,0.008499567013794824,0.033783767941266495,Mild
globalmet.globalmet_mod33,Longitudinal analysis - 1|4 shape,0.3649076642588739,0.43914389395050724,Mild
globalmet.globalmet_mod33,Longitudinal analysis - 1|5 average,0.5791116288577622,0.6995979409019947,Severe
globalmet.globalmet_mod33,Longitudinal analysis - 1|5 shape,0.2196692673308836,0.29665946070408716,Mild
globalmet.globalmet_mod33,Longitudinal analysis - 2|3 average,0.4447457390515017,0.584947422969616,Severe
globalmet.globalmet_mod33,Longitudinal analysis - 2|3 shape,0.22368219964110256,0.3011106533630227,Mild
globalmet.globalmet_mod33,Longitudinal analysis - 2|4 average,0.3210910991633878,0.48597164543801874,Severe
globalmet.globalmet_mod33,Longitudinal analysis - 2|4 shape,6.620197953979778e-4,0.0028963366048661526,Mild
globalmet.globalmet_mod33,Longitudinal analysis - 2|5 average,0.1583322723977081,0.2942458159603425,Severe
globalmet.globalmet_mod33,Longitudinal analysis - 2|5 shape,0.25277126002640793,0.332802285928186,Mild
globalmet.globalmet_mod33,Longitudinal analysis - 3|4 average,0.055038245254788246,0.13159049150101176,Mild
globalmet.globalmet_mod33,Longitudinal analysis - 3|4 shape,0.0309551115069373,0.06373111192604738,Mild
globalmet.globalmet_mod33,Longitudinal analysis - 3|5 average,0.5777756561298864,0.6993250016557702,Severe
globalmet.globalmet_mod33,Longitudinal analysis - 3|5 shape,0.8107848045342015,0.8454239873698269,Mild
globalmet.globalmet_mod33,Longitudinal analysis - 4|5 average,0.04537902585088263,0.11546516097283445,Severe
globalmet.globalmet_mod33,Longitudinal analysis - 4|5 shape,0.18154169134164444,0.2584661368253921,Severe
globalmet.globalmet_mod34,Longitudinal analysis - 1|2 average,0.035735443662217,0.09662373179054383,Severe
globalmet.globalmet_mod34,Longitudinal analysis - 1|2 shape,0.19641678465469406,0.2759031757691355,Mild
globalmet.globalmet_mod34,Longitudinal analysis - 1|3 average,0.7790217192226332,0.8539656530607107,Severe
globalmet.globalmet_mod34,Longitudinal analysis - 1|3 shape,0.3503511802159147,0.42283763129506946,Mild
globalmet.globalmet_mod34,Longitudinal analysis - 1|4 average,3.3822000134077796e-5,3.3555685172392146e-4,Mild
globalmet.globalmet_mod34,Longitudinal analysis - 1|4 shape,0.003097851122796219,0.01008602691142955,Mild
globalmet.globalmet_mod34,Longitudinal analysis - 1|5 average,2.7684021122679087e-4,0.0021013172659382923,Mild
globalmet.globalmet_mod34,Longitudinal analysis - 1|5 shape,0.003148875430336394,0.01017328985185604,Mild
globalmet.globalmet_mod34,Longitudinal analysis - 2|3 average,0.42810415597054063,0.5703301255355094,Severe
globalmet.globalmet_mod34,Longitudinal analysis - 2|3 shape,0.011606290979154204,0.03002124267156125,Severe
globalmet.globalmet_mod34,Longitudinal analysis - 2|4 average,0.006409942897164996,0.026567526481670704,Mild
globalmet.globalmet_mod34,Longitudinal analysis - 2|4 shape,0.03626079661200825,0.07154941056148584,Mild
globalmet.globalmet_mod34,Longitudinal analysis - 2|5 average,3.2862628572248587e-4,0.002464697142918644,Mild
globalmet.globalmet_mod34,Longitudinal analysis - 2|5 shape,0.010579719639512092,0.02789050231606365,Mild
globalmet.globalmet_mod34,Longitudinal analysis - 3|4 average,1.9052672911031796e-4,0.00151939037138608,Mild
globalmet.globalmet_mod34,Longitudinal analysis - 3|4 shape,8.444104082778595e-5,4.6664785720618553e-4,Mild
globalmet.globalmet_mod34,Longitudinal analysis - 3|5 average,2.5718763216308987e-7,4.985483331161434e-6,Mild
globalmet.globalmet_mod34,Longitudinal analysis - 3|5 shape,0.0038472898599090973,0.011881336332072211,Mild
globalmet.globalmet_mod34,Longitudinal analysis - 4|5 average,0.03753074822693563,0.09976528009691751,Mild
globalmet.globalmet_mod34,Longitudinal analysis - 4|5 shape,0.45623473564826067,0.5352474552298031,Mild
globalmet.globalmet_mod35,Longitudinal analysis - 1|2 average,0.12590165094422012,0.2502146375232135,Severe
globalmet.globalmet_mod35,Longitudinal analysis - 1|2 shape,4.973302695108121e-4,0.0022460076687585064,Mild
globalmet.globalmet_mod35,Longitudinal analysis - 1|3 average,0.05445174507791765,0.13068418818700236,Severe
globalmet.globalmet_mod35,Longitudinal analysis - 1|3 shape,0.008831059700717386,0.024242124668635963,Mild
globalmet.globalmet_mod35,Longitudinal analysis - 1|4 average,6.471223474858965e-5,5.90850839008862e-4,Severe
globalmet.globalmet_mod35,Longitudinal analysis - 1|4 shape,2.0999823096528102e-8,2.67270475773994e-7,Mild
globalmet.globalmet_mod35,Longitudinal analysis - 1|5 average,3.534360708152313e-12,2.7833090576699465e-10,Severe
globalmet.globalmet_mod35,Longitudinal analysis - 1|5 shape,0.051819502791887836,0.09504013612485979,Severe
globalmet.globalmet_mod35,Longitudinal analysis - 2|3 average,0.5705009044831068,0.6951945257724511,Severe
globalmet.globalmet_mod35,Longitudinal analysis - 2|3 shape,0.6400794025268598,0.7113550815781939,Severe
globalmet.globalmet_mod35,Longitudinal analysis - 2|4 average,5.278200193046969e-4,0.003614419697412598,Severe
globalmet.globalmet_mod35,Longitudinal analysis - 2|4 shape,0.051250392970049824,0.09482451562740496,Mild
globalmet.globalmet_mod35,Longitudinal analysis - 2|5 average,4.765477902088208e-12,3.3358345314617455e-10,Severe
globalmet.globalmet_mod35,Longitudinal analysis - 2|5 shape,1.3641682978116956e-7,1.4096028597301825e-6,Severe
globalmet.globalmet_mod35,Longitudinal analysis - 3|4 average,0.007782834800163931,0.031430679000662036,Severe
globalmet.globalmet_mod35,Longitudinal analysis - 3|4 shape,0.009315316997639649,0.025241504122636465,Mild
globalmet.globalmet_mod35,Longitudinal analysis - 3|5 average,1.5568944301770543e-8,4.784602395178264e-7,Severe
globalmet.globalmet_mod35,Longitudinal analysis - 3|5 shape,6.96301060798255e-5,4.058206622780661e-4,Severe
globalmet.globalmet_mod35,Longitudinal analysis - 4|5 average,6.8630417095719435e-6,9.702606366114335e-5,Severe
globalmet.globalmet_mod35,Longitudinal analysis - 4|5 shape,3.537194647340051e-8,4.126727088563393e-7,Severe
globalmet.globalmet_mod36,Longitudinal analysis - 1|2 average,0.008961835906071323,0.03490604166048621,Mild
globalmet.globalmet_mod36,Longitudinal analysis - 1|2 shape,0.144409700482313,0.22055299710025983,Mild
globalmet.globalmet_mod36,Longitudinal analysis - 1|3 average,0.010230070815777871,0.038942263528338725,Mild
globalmet.globalmet_mod36,Longitudinal analysis - 1|3 shape,0.14895503878428104,0.22585240537688822,Mild
globalmet.globalmet_mod36,Longitudinal analysis - 1|4 average,0.1536130825333287,0.28845377644112397,Severe
globalmet.globalmet_mod36,Longitudinal analysis - 1|4 shape,2.370760635204325e-10,4.5259975762991665e-9,Mild
globalmet.globalmet_mod36,Longitudinal analysis - 1|5 average,0.8758699785947848,0.9204788714566117,Severe
globalmet.globalmet_mod36,Longitudinal analysis - 1|5 shape,0.00701880883859178,0.019918241298706403,Mild
globalmet.globalmet_mod36,Longitudinal analysis - 2|3 average,0.5169233076428965,0.6467957970506947,Mild
globalmet.globalmet_mod36,Longitudinal analysis - 2|3 shape,0.0024747412197698164,0.008315130498426583,Severe
globalmet.globalmet_mod36,Longitudinal analysis - 2|4 average,0.0793138022527035,0.17471222174546575,Severe
globalmet.globalmet_mod36,Longitudinal analysis - 2|4 shape,2.7598398695510924e-8,3.311807843461311e-7,Mild
globalmet.globalmet_mod36,Longitudinal analysis - 2|5 average,0.07667006061183596,0.16998102607552368,Severe
globalmet.globalmet_mod36,Longitudinal analysis - 2|5 shape,0.053411035559862034,0.0966923919618192,Mild
globalmet.globalmet_mod36,Longitudinal analysis - 3|4 average,0.008728220054008282,0.03436736646265761,Severe
globalmet.globalmet_mod36,Longitudinal analysis - 3|4 shape,1.292266257337028e-10,2.8565885688502727e-9,Mild
globalmet.globalmet_mod36,Longitudinal analysis - 3|5 average,0.006030338572998297,0.025412129103604863,Severe
globalmet.globalmet_mod36,Longitudinal analysis - 3|5 shape,0.4730156524650231,0.5488026907052754,Mild
globalmet.globalmet_mod36,Longitudinal analysis - 4|5 average,0.36472998456776895,0.5216342571570816,Mild
globalmet.globalmet_mod36,Longitudinal analysis - 4|5 shape,0.0430102275021199,0.08248536781228473,Severe
globalmet.globalmet_mod37,Longitudinal analysis - 1|2 average,0.40493692615554167,0.5509940895852943,Mild
globalmet.globalmet_mod37,Longitudinal analysis - 1|2 shape,0.013846240158890452,0.03461560039722613,Severe
globalmet.globalmet_mod37,Longitudinal analysis - 1|3 average,0.428052967611795,0.5703301255355094,Mild
globalmet.globalmet_mod37,Longitudinal analysis - 1|3 shape,0.014948281556607813,0.03587587573585875,Severe
globalmet.globalmet_mod37,Longitudinal analysis - 1|4 average,6.303928029506651e-4,0.004094303771741433,Mild
globalmet.globalmet_mod37,Longitudinal analysis - 1|4 shape,0.03379974488505362,0.06857919252039865,Severe
globalmet.globalmet_mod37,Longitudinal analysis - 1|5 average,0.09938361037197702,0.20870558178115173,Mild
globalmet.globalmet_mod37,Longitudinal analysis - 1|5 shape,0.06320258348246849,0.11060452109431985,Mild
globalmet.globalmet_mod37,Longitudinal analysis - 2|3 average,0.4986626983449458,0.6304537261459419,Severe
globalmet.globalmet_mod37,Longitudinal analysis - 2|3 shape,0.9516699920759497,0.9562234370141122,Mild
globalmet.globalmet_mod37,Longitudinal analysis - 2|4 average,0.028663746833506983,0.0851800023825915,Mild
globalmet.globalmet_mod37,Longitudinal analysis - 2|4 shape,0.01637830271020625,0.03842953708540014,Mild
globalmet.globalmet_mod37,Longitudinal analysis - 2|5 average,0.32262314108214474,0.48597164543801874,Severe
globalmet.globalmet_mod37,Longitudinal analysis - 2|5 shape,7.71558171217208e-4,0.003261827592058354,Mild
globalmet.globalmet_mod37,Longitudinal analysis - 3|4 average,0.00494043078512484,0.02117327479339217,Mild
globalmet.globalmet_mod37,Longitudinal analysis - 3|4 shape,0.26387561481907457,0.34311999450158304,Mild
globalmet.globalmet_mod37,Longitudinal analysis - 3|5 average,0.26468409928115744,0.42484326763599795,Severe
globalmet.globalmet_mod37,Longitudinal analysis - 3|5 shape,0.0013447654750218052,0.0050421391478681745,Mild
globalmet.globalmet_mod37,Longitudinal analysis - 4|5 average,0.5582422243017431,0.6809150073767631,Severe
globalmet.globalmet_mod37,Longitudinal analysis - 4|5 shape,0.0077842971151088625,0.021796031922304816,Mild
globalmet.globalmet_mod38,Longitudinal analysis - 1|2 average,0.06281871948797198,0.14417411030026356,Mild
globalmet.globalmet_mod38,Longitudinal analysis - 1|2 shape,9.671730497369212e-4,0.0038208241882183584,Severe
globalmet.globalmet_mod38,Longitudinal analysis - 1|3 average,0.348956659688331,0.509208689126247,Mild
globalmet.globalmet_mod38,Longitudinal analysis - 1|3 shape,0.020024282735097165,0.04546053377697735,Severe
globalmet.globalmet_mod38,Longitudinal analysis - 1|4 average,0.006077524115377267,0.025525601284584518,Mild
globalmet.globalmet_mod38,Longitudinal analysis - 1|4 shape,8.340050215101736e-7,7.452810830516445e-6,Severe
globalmet.globalmet_mod38,Longitudinal analysis - 1|5 average,0.4988590198154793,0.6304537261459419,Mild
globalmet.globalmet_mod38,Longitudinal analysis - 1|5 shape,0.030138568984192926,0.06235565996729571,Severe
globalmet.globalmet_mod38,Longitudinal analysis - 2|3 average,0.5326609228809291,0.6594688176499875,Severe
globalmet.globalmet_mod38,Longitudinal analysis - 2|3 shape,0.12554346099836902,0.19822651736584582,Mild
globalmet.globalmet_mod38,Longitudinal analysis - 2|4 average,0.11904471824252182,0.23922862039167062,Mild
globalmet.globalmet_mod38,Longitudinal analysis - 2|4 shape,0.008605243817480172,0.023777647390405738,Mild
globalmet.globalmet_mod38,Longitudinal analysis - 2|5 average,0.5748972522387159,0.6975610085441147,Mild
globalmet.globalmet_mod38,Longitudinal analysis - 2|5 shape,0.0938364048001317,0.15577584986583126,Severe
globalmet.globalmet_mod38,Longitudinal analysis - 3|4 average,0.04844436094312067,0.12111090235780167,Mild
globalmet.globalmet_mod38,Longitudinal analysis - 3|4 shape,0.1392302340468086,0.21420036007201324,Mild
globalmet.globalmet_mod38,Longitudinal analysis - 3|5 average,0.6091794133168882,0.7248027013968642,Mild
globalmet.globalmet_mod38,Longitudinal analysis - 3|5 shape,0.029743261216741673,0.06215009806483335,Severe
globalmet.globalmet_mod38,Longitudinal analysis - 4|5 average,0.299715062855467,0.4627953176444711,Mild
globalmet.globalmet_mod38,Longitudinal analysis - 4|5 shape,0.0189187347646586,0.0434200470008558,Severe
globalmet.globalmet_mod39,Longitudinal analysis - 1|2 average,0.8799709358697294,0.9239694826632158,Mild
globalmet.globalmet_mod39,Longitudinal analysis - 1|2 shape,2.216837230368523e-11,6.207144245031864e-10,Severe
globalmet.globalmet_mod39,Longitudinal analysis - 1|3 average,0.6721931641640978,0.7763184114085823,Mild
globalmet.globalmet_mod39,Longitudinal analysis - 1|3 shape,0.0583622486912784,0.10386501885735987,Severe
globalmet.globalmet_mod39,Longitudinal analysis - 1|4 average,0.07447742617113684,0.16579780384387352,Mild
globalmet.globalmet_mod39,Longitudinal analysis - 1|4 shape,4.0297294867796916e-8,4.453911538019659e-7,Severe
globalmet.globalmet_mod39,Longitudinal analysis - 1|5 average,0.20904287979404615,0.3668440508920587,Mild
globalmet.globalmet_mod39,Longitudinal analysis - 1|5 shape,0.46926200154551845,0.5459557912717943,Severe
globalmet.globalmet_mod39,Longitudinal analysis - 2|3 average,0.839261865880531,0.8938883778609206,Severe
globalmet.globalmet_mod39,Longitudinal analysis - 2|3 shape,0.10614772330470965,0.17146939918453097,Mild
globalmet.globalmet_mod39,Longitudinal analysis - 2|4 average,0.02734491967720889,0.08242726984039042,Mild
globalmet.globalmet_mod39,Longitudinal analysis - 2|4 shape,0.04491411715103398,0.08459161077773215,Severe
globalmet.globalmet_mod39,Longitudinal analysis - 2|5 average,0.043107150656750304,0.11198971098454719,Mild
globalmet.globalmet_mod39,Longitudinal analysis - 2|5 shape,0.947711608018388,0.9545296771408225,Severe
globalmet.globalmet_mod39,Longitudinal analysis - 3|4 average,0.14196091465368785,0.27225380892488077,Mild
globalmet.globalmet_mod39,Longitudinal analysis - 3|4 shape,3.4313589473284066e-4,0.001637694043043103,Severe
globalmet.globalmet_mod39,Longitudinal analysis - 3|5 average,0.28407470279438324,0.44519169840910805,Mild
globalmet.globalmet_mod39,Longitudinal analysis - 3|5 shape,0.16420843705234933,0.24232871334321493,Severe
globalmet.globalmet_mod39,Longitudinal analysis - 4|5 average,0.7003190606403431,0.7971111259320979,Severe
globalmet.globalmet_mod39,Longitudinal analysis - 4|5 shape,0.16767790767026908,0.24422036791710405,Mild
globalmet.globalmet_mod4,Longitudinal analysis - 1|2 average,0.60127326001357,0.7187896656708711,Severe
globalmet.globalmet_mod4,Longitudinal analysis - 1|2 shape,0.9276670452638407,0.9388437566525617,Mild
globalmet.globalmet_mod4,Longitudinal analysis - 1|3 average,0.45422003376967035,0.5930748627458908,Severe
globalmet.globalmet_mod4,Longitudinal analysis - 1|3 shape,0.05334869102537152,0.0966923919618192,Mild
globalmet.globalmet_mod4,Longitudinal analysis - 1|4 average,3.3097454669537485e-5,3.3362234306893784e-4,Severe
globalmet.globalmet_mod4,Longitudinal analysis - 1|4 shape,0.21745186231699942,0.29470832227951127,Mild
globalmet.globalmet_mod4,Longitudinal analysis - 1|5 average,3.432933484255406e-4,0.0025476441857316145,Severe
globalmet.globalmet_mod4,Longitudinal analysis - 1|5 shape,0.01448214617731382,0.03557018359340237,Severe
globalmet.globalmet_mod4,Longitudinal analysis - 2|3 average,0.7515793311500791,0.8350881457223102,Severe
globalmet.globalmet_mod4,Longitudinal analysis - 2|3 shape,0.09898046124644484,0.1617579522315441,Mild
globalmet.globalmet_mod4,Longitudinal analysis - 2|4 average,4.27768438177112e-6,6.41652657265668e-5,Severe
globalmet.globalmet_mod4,Longitudinal analysis - 2|4 shape,0.24653799861593811,0.3268686421963986,Mild
globalmet.globalmet_mod4,Longitudinal analysis - 2|5 average,1.1868735161140787e-5,1.4954606303037394e-4,Severe
globalmet.globalmet_mod4,Longitudinal analysis - 2|5 shape,0.005649370606782819,0.016477330936449888,Severe
globalmet.globalmet_mod4,Longitudinal analysis - 3|4 average,7.484313332530096e-5,6.652346910751332e-4,Severe
globalmet.globalmet_mod4,Longitudinal analysis - 3|4 shape,0.3406743244517987,0.41234356273704736,Severe
globalmet.globalmet_mod4,Longitudinal analysis - 3|5 average,1.334032429214778e-4,0.0011357303113585272,Severe
globalmet.globalmet_mod4,Longitudinal analysis - 3|5 shape,7.255308895134777e-4,0.0031414739545944396,Severe
globalmet.globalmet_mod4,Longitudinal analysis - 4|5 average,0.2951797118397619,0.4569120846659705,Severe
globalmet.globalmet_mod4,Longitudinal analysis - 4|5 shape,0.01667047899529796,0.03868287943660301,Severe
globalmet.globalmet_mod40,Longitudinal analysis - 1|2 average,0.26256433621263625,0.42305762612266196,Severe
globalmet.globalmet_mod40,Longitudinal analysis - 1|2 shape,0.3872348270097654,0.4594311506895522,Mild
globalmet.globalmet_mod40,Longitudinal analysis - 1|3 average,0.08466008597224604,0.18328472220795536,Severe
globalmet.globalmet_mod40,Longitudinal analysis - 1|3 shape,0.38262145754089116,0.4552436605302388,Severe
globalmet.globalmet_mod40,Longitudinal analysis - 1|4 average,1.1344686450240023e-5,1.443869184576003e-4,Severe
globalmet.globalmet_mod40,Longitudinal analysis - 1|4 shape,0.5579385665463239,0.6316285659014987,Severe
globalmet.globalmet_mod40,Longitudinal analysis - 1|5 average,7.447243464942254e-8,1.6178494423840066e-6,Severe
globalmet.globalmet_mod40,Longitudinal analysis - 1|5 shape,0.0017750568080791007,0.006371825539981884,Severe
globalmet.globalmet_mod40,Longitudinal analysis - 2|3 average,0.5796778940161811,0.6996112513988392,Mild
globalmet.globalmet_mod40,Longitudinal analysis - 2|3 shape,0.13251744676086158,0.20690456371584337,Severe
globalmet.globalmet_mod40,Longitudinal analysis - 2|4 average,5.563555712253454e-5,5.192651998103224e-4,Severe
globalmet.globalmet_mod40,Longitudinal analysis - 2|4 shape,0.31831464774846224,0.39321221192457106,Severe
globalmet.globalmet_mod40,Longitudinal analysis - 2|5 average,1.857143249866265e-8,5.318182942798849e-7,Severe
globalmet.globalmet_mod40,Longitudinal analysis - 2|5 shape,8.43886839333124e-5,4.6664785720618553e-4,Severe
globalmet.globalmet_mod40,Longitudinal analysis - 3|4 average,0.002365154439623467,0.012045161624573997,Severe
globalmet.globalmet_mod40,Longitudinal analysis - 3|4 shape,0.8332665228585897,0.8641282459274264,Mild
globalmet.globalmet_mod40,Longitudinal analysis - 3|5 average,4.002927956960312e-8,1.0087378451539986e-6,Severe
globalmet.globalmet_mod40,Longitudinal analysis - 3|5 shape,3.216083841412321e-4,0.0015525921993024996,Severe
globalmet.globalmet_mod40,Longitudinal analysis - 4|5 average,1.6676795384390635e-4,0.0013733831493027582,Severe
globalmet.globalmet_mod40,Longitudinal analysis - 4|5 shape,0.001320637614043949,0.0049970071882744025,Severe
globalmet.globalmet_mod41,Longitudinal analysis - 1|2 average,0.11178458544721126,0.2271751252636874,Mild
globalmet.globalmet_mod41,Longitudinal analysis - 1|2 shape,0.6740183297583334,0.7410672735562829,Severe
globalmet.globalmet_mod41,Longitudinal analysis - 1|3 average,0.9613859145888205,0.97531904378576,Mild
globalmet.globalmet_mod41,Longitudinal analysis - 1|3 shape,0.6508382228938394,0.7212455240512204,Severe
globalmet.globalmet_mod41,Longitudinal analysis - 1|4 average,5.920664822193356e-4,0.003905778887939072,Mild
globalmet.globalmet_mod41,Longitudinal analysis - 1|4 shape,0.0838118211680639,0.14080385956234737,Mild
globalmet.globalmet_mod41,Longitudinal analysis - 1|5 average,0.338315435243718,0.5003345855151413,Severe
globalmet.globalmet_mod41,Longitudinal analysis - 1|5 shape,0.0019036835112311208,0.006645404321420179,Mild
globalmet.globalmet_mod41,Longitudinal analysis - 2|3 average,0.22801255585533867,0.3848439209180721,Severe
globalmet.globalmet_mod41,Longitudinal analysis - 2|3 shape,0.20010810031277976,0.27922060508759966,Mild
globalmet.globalmet_mod41,Longitudinal analysis - 2|4 average,0.03461599764372344,0.09506816096543995,Mild
globalmet.globalmet_mod41,Longitudinal analysis - 2|4 shape,0.011651101322534486,0.03002124267156125,Mild
globalmet.globalmet_mod41,Longitudinal analysis - 2|5 average,0.9865541223472153,0.9903876387256897,Severe
globalmet.globalmet_mod41,Longitudinal analysis - 2|5 shape,3.8387345647221253e-4,0.0018115376597565085,Mild
globalmet.globalmet_mod41,Longitudinal analysis - 3|4 average,9.89061367112841e-4,0.005991429435395095,Mild
globalmet.globalmet_mod41,Longitudinal analysis - 3|4 shape,0.019878503063731304,0.045374843949821456,Mild
globalmet.globalmet_mod41,Longitudinal analysis - 3|5 average,0.4181141313105887,0.5610477161356142,Severe
globalmet.globalmet_mod41,Longitudinal analysis - 3|5 shape,0.010564454518615209,0.02789050231606365,Mild
globalmet.globalmet_mod41,Longitudinal analysis - 4|5 average,0.5491516683581426,0.6711261902340054,Severe
globalmet.globalmet_mod41,Longitudinal analysis - 4|5 shape,0.07714925657942742,0.13013127615807035,Mild
globalmet.globalmet_mod5,Longitudinal analysis - 1|2 average,0.7580447328689358,0.8378389152761923,Mild
globalmet.globalmet_mod5,Longitudinal analysis - 1|2 shape,0.8586435410849196,0.8838977628815349,Mild
globalmet.globalmet_mod5,Longitudinal analysis - 1|3 average,0.8810859733994423,0.9243699637662758,Mild
globalmet.globalmet_mod5,Longitudinal analysis - 1|3 shape,0.8575118704163142,0.8838977628815349,Mild
globalmet.globalmet_mod5,Longitudinal analysis - 1|4 average,0.0536474162782369,0.12974231192049615,Mild
globalmet.globalmet_mod5,Longitudinal analysis - 1|4 shape,0.5869309749482667,0.6591203461985883,Severe
globalmet.globalmet_mod5,Longitudinal analysis - 1|5 average,2.0100172696720864e-6,3.1382842888247025e-5,Severe
globalmet.globalmet_mod5,Longitudinal analysis - 1|5 shape,0.029220680498641502,0.06136342904714716,Severe
globalmet.globalmet_mod5,Longitudinal analysis - 2|3 average,0.21882455323339234,0.37718048847342595,Severe
globalmet.globalmet_mod5,Longitudinal analysis - 2|3 shape,0.5753404635683983,0.647836446913478,Mild
globalmet.globalmet_mod5,Longitudinal analysis - 2|4 average,0.0076938892050085845,0.031171383917398127,Severe
globalmet.globalmet_mod5,Longitudinal analysis - 2|4 shape,0.8009135410374639,0.840959218089337,Severe
globalmet.globalmet_mod5,Longitudinal analysis - 2|5 average,1.0068338814900558e-11,6.343053453387351e-10,Severe
globalmet.globalmet_mod5,Longitudinal analysis - 2|5 shape,0.02227064497649686,0.04924424818647965,Severe
globalmet.globalmet_mod5,Longitudinal analysis - 3|4 average,0.13407293502256742,0.2611003062263292,Severe
globalmet.globalmet_mod5,Longitudinal analysis - 3|4 shape,0.04414047464461879,0.08388687489022575,Severe
globalmet.globalmet_mod5,Longitudinal analysis - 3|5 average,5.453121173660845e-7,9.542962053906477e-6,Severe
globalmet.globalmet_mod5,Longitudinal analysis - 3|5 shape,0.006562525319915153,0.019008694030099065,Severe
globalmet.globalmet_mod5,Longitudinal analysis - 4|5 average,2.581448195886763e-4,0.001995475292525964,Severe
globalmet.globalmet_mod5,Longitudinal analysis - 4|5 shape,0.010624953263262342,0.02789050231606365,Severe
globalmet.globalmet_mod6,Longitudinal analysis - 1|2 average,0.6185384121420872,0.734550800470339,Severe
globalmet.globalmet_mod6,Longitudinal analysis - 1|2 shape,0.03678104589046602,0.07178905498717766,Mild
globalmet.globalmet_mod6,Longitudinal analysis - 1|3 average,0.15241930623749406,0.2874974938012612,Severe
globalmet.globalmet_mod6,Longitudinal analysis - 1|3 shape,0.022277159893883652,0.04924424818647965,Mild
globalmet.globalmet_mod6,Longitudinal analysis - 1|4 average,9.586571093423614e-12,6.343053453387351e-10,Severe
globalmet.globalmet_mod6,Longitudinal analysis - 1|4 shape,0.8954477287131025,0.915056073137477,Mild
globalmet.globalmet_mod6,Longitudinal analysis - 1|5 average,1.4034801943422273e-18,3.5367700897424126e-16,Severe
globalmet.globalmet_mod6,Longitudinal analysis - 1|5 shape,2.3691025110512152e-8,2.926538396004442e-7,Severe
globalmet.globalmet_mod6,Longitudinal analysis - 2|3 average,0.5989806513705931,0.7174102858621172,Severe
globalmet.globalmet_mod6,Longitudinal analysis - 2|3 shape,0.7824219168611913,0.8277511463015123,Severe
globalmet.globalmet_mod6,Longitudinal analysis - 2|4 average,1.0704889188688838e-12,9.634400269819954e-11,Severe
globalmet.globalmet_mod6,Longitudinal analysis - 2|4 shape,0.009256974365295162,0.025241504122636465,Severe
globalmet.globalmet_mod6,Longitudinal analysis - 2|5 average,7.85091953520346e-17,1.6486931023927266e-14,Severe
globalmet.globalmet_mod6,Longitudinal analysis - 2|5 shape,2.346320360092878e-10,4.5259975762991665e-9,Severe
globalmet.globalmet_mod6,Longitudinal analysis - 3|4 average,2.7876172999305502e-9,1.0035422279749981e-7,Severe
globalmet.globalmet_mod6,Longitudinal analysis - 3|4 shape,0.0560304382856966,0.1005674533333016,Severe
globalmet.globalmet_mod6,Longitudinal analysis - 3|5 average,2.2311988826471722e-13,2.1625466093349514e-11,Severe
globalmet.globalmet_mod6,Longitudinal analysis - 3|5 shape,3.8028644937084e-9,6.143088797528954e-8,Severe
globalmet.globalmet_mod6,Longitudinal analysis - 4|5 average,1.397907601992787e-5,1.693618825491261e-4,Mild
globalmet.globalmet_mod6,Longitudinal analysis - 4|5 shape,2.1957951366118794e-9,3.842641489070789e-8,Severe
globalmet.globalmet_mod7,Longitudinal analysis - 1|2 average,0.02902489370761797,0.0858482771633771,Mild
globalmet.globalmet_mod7,Longitudinal analysis - 1|2 shape,0.06790759138851829,0.11737114560978469,Mild
globalmet.globalmet_mod7,Longitudinal analysis - 1|3 average,0.37526530209204345,0.5284939940988399,Mild
globalmet.globalmet_mod7,Longitudinal analysis - 1|3 shape,0.09251900295580451,0.15419833825967416,Mild
globalmet.globalmet_mod7,Longitudinal analysis - 1|4 average,4.6407453963786096e-4,0.0032485217774650267,Mild
globalmet.globalmet_mod7,Longitudinal analysis - 1|4 shape,3.451857949562539e-17,3.6244508470406654e-15,Severe
globalmet.globalmet_mod7,Longitudinal analysis - 1|5 average,0.5402697954024698,0.6656825655882364,Mild
globalmet.globalmet_mod7,Longitudinal analysis - 1|5 shape,0.0042395808439220015,0.012942289029567263,Mild
globalmet.globalmet_mod7,Longitudinal analysis - 2|3 average,0.08322251119214952,0.18110598290519583,Severe
globalmet.globalmet_mod7,Longitudinal analysis - 2|3 shape,0.4614103952353582,0.5398116044536224,Mild
globalmet.globalmet_mod7,Longitudinal analysis - 2|4 average,0.3338046350507976,0.49774418954320115,Mild
globalmet.globalmet_mod7,Longitudinal analysis - 2|4 shape,0.2738688905435353,0.3539228739331841,Severe
globalmet.globalmet_mod7,Longitudinal analysis - 2|5 average,0.08050889607003457,0.1767624939196596,Severe
globalmet.globalmet_mod7,Longitudinal analysis - 2|5 shape,0.7586000904221589,0.81170496237102,Mild
globalmet.globalmet_mod7,Longitudinal analysis - 3|4 average,0.13246724429272447,0.25877322140904313,Mild
globalmet.globalmet_mod7,Longitudinal analysis - 3|4 shape,0.13399147998461558,0.20843119108717978,Severe
globalmet.globalmet_mod7,Longitudinal analysis - 3|5 average,0.8042546359792385,0.8676034600460963,Mild
globalmet.globalmet_mod7,Longitudinal analysis - 3|5 shape,0.42687896374676293,0.502210545584427,Mild
globalmet.globalmet_mod7,Longitudinal analysis - 4|5 average,0.22462467662060376,0.3819528914196501,Severe
globalmet.globalmet_mod7,Longitudinal analysis - 4|5 shape,0.794397846866058,0.8362082598590084,Mild
globalmet.globalmet_mod8,Longitudinal analysis - 1|2 average,8.236460737616072e-4,0.005137594321483292,Mild
globalmet.globalmet_mod8,Longitudinal analysis - 1|2 shape,0.05229282548566725,0.09549124653904455,Severe
globalmet.globalmet_mod8,Longitudinal analysis - 1|3 average,0.03554047249132266,0.09654853971919318,Mild
globalmet.globalmet_mod8,Longitudinal analysis - 1|3 shape,0.6884872824644046,0.7503312354276108,Severe
globalmet.globalmet_mod8,Longitudinal analysis - 1|4 average,5.203339408279983e-7,9.234095287933492e-6,Mild
globalmet.globalmet_mod8,Longitudinal analysis - 1|4 shape,0.21532052171411403,0.29361889324651913,Mild
globalmet.globalmet_mod8,Longitudinal analysis - 1|5 average,1.3985993478518536e-7,2.937058630488893e-6,Mild
globalmet.globalmet_mod8,Longitudinal analysis - 1|5 shape,0.0013565755326407232,0.0050421391478681745,Mild
globalmet.globalmet_mod8,Longitudinal analysis - 2|3 average,0.9894629530114212,0.991824439772785,Severe
globalmet.globalmet_mod8,Longitudinal analysis - 2|3 shape,0.014637075923907436,0.03571739424464917,Mild
globalmet.globalmet_mod8,Longitudinal analysis - 2|4 average,0.014257625945630655,0.0502838850678692,Severe
globalmet.globalmet_mod8,Longitudinal analysis - 2|4 shape,0.004732085897106381,0.014095575012657305,Mild
globalmet.globalmet_mod8,Longitudinal analysis - 2|5 average,1.7381205600681339e-4,0.0014038666062088773,Mild
globalmet.globalmet_mod8,Longitudinal analysis - 2|5 shape,8.169580728493393e-7,7.452810830516445e-6,Mild
globalmet.globalmet_mod8,Longitudinal analysis - 3|4 average,0.058074300141525745,0.1360104427106365,Mild
globalmet.globalmet_mod8,Longitudinal analysis - 3|4 shape,0.04933559354917232,0.092093107958455,Mild
globalmet.globalmet_mod8,Longitudinal analysis - 3|5 average,0.0036567966070579863,0.017002080165657057,Mild
globalmet.globalmet_mod8,Longitudinal analysis - 3|5 shape,0.016650867320367073,0.03868287943660301,Mild
globalmet.globalmet_mod8,Longitudinal analysis - 4|5 average,0.051348005100708125,0.1263642313025239,Mild
globalmet.globalmet_mod8,Longitudinal analysis - 4|5 shape,0.021452514737919388,0.04818211866270665,Mild
globalmet.globalmet_mod9,Longitudinal analysis - 1|2 average,0.6822037287669558,0.7851635396003779,Mild
globalmet.globalmet_mod9,Longitudinal analysis - 1|2 shape,0.11586241509717102,0.18502743095365715,Severe
globalmet.globalmet_mod9,Longitudinal analysis - 1|3 average,0.8955496873196218,0.9346719789382067,Mild
globalmet.globalmet_mod9,Longitudinal analysis - 1|3 shape,0.02664460773276374,0.057388385885952665,Severe
globalmet.globalmet_mod9,Longitudinal analysis - 1|4 average,0.0012613194749119879,0.007391918783205139,Mild
globalmet.globalmet_mod9,Longitudinal analysis - 1|4 shape,0.1824140460978042,0.2588307410847222,Severe
globalmet.globalmet_mod9,Longitudinal analysis - 1|5 average,0.011773998326267068,0.04340716592286493,Mild
globalmet.globalmet_mod9,Longitudinal analysis - 1|5 shape,0.9021093851074731,0.9196260721969385,Mild
globalmet.globalmet_mod9,Longitudinal analysis - 2|3 average,0.7290115487125033,0.8189193939632878,Severe
globalmet.globalmet_mod9,Longitudinal analysis - 2|3 shape,0.14000992701855774,0.21461375674377464,Mild
globalmet.globalmet_mod9,Longitudinal analysis - 2|4 average,0.007481085402916566,0.030505396788591824,Mild
globalmet.globalmet_mod9,Longitudinal analysis - 2|4 shape,0.9348507299019897,0.9438396792279704,Severe
globalmet.globalmet_mod9,Longitudinal analysis - 2|5 average,0.0012671863790806532,0.007391920544637143,Mild
globalmet.globalmet_mod9,Longitudinal analysis - 2|5 shape,0.5318268528457757,0.6069762994435484,Mild
globalmet.globalmet_mod9,Longitudinal analysis - 3|4 average,0.0024671296286727057,0.012484270410151042,Mild
globalmet.globalmet_mod9,Longitudinal analysis - 3|4 shape,0.32376955902210025,0.39645252125155134,Severe
globalmet.globalmet_mod9,Longitudinal analysis - 3|5 average,0.029668712985579382,0.08734247280801406,Mild
globalmet.globalmet_mod9,Longitudinal analysis - 3|5 shape,0.32329420015892923,0.39645252125155134,Mild
globalmet.globalmet_mod9,Longitudinal analysis - 4|5 average,0.9370347839900623,0.9592620072224635,Severe
globalmet.globalmet_mod9,Longitudinal analysis - 4|5 shape,0.9242335766276866,0.9376282661440298,Mild
globalmet.globalmet_mod0,Longitudinal analysis DFSO - overall shape,0.009153336360808324,0.01423852322792406,Mild
globalmet.globalmet_mod0,Longitudinal analysis DFSO- overall average,0.07812087721421687,0.11718131582132531,Severe
globalmet.globalmet_mod1,Longitudinal analysis DFSO - overall shape,1.825261951898758e-5,5.897000152288295e-5,Severe
globalmet.globalmet_mod1,Longitudinal analysis DFSO- overall average,1.5022434229866835e-7,7.010469307271189e-7,Severe
globalmet.globalmet_mod10,Longitudinal analysis DFSO - overall shape,1.5144225232403072e-5,5.782340543281173e-5,Severe
globalmet.globalmet_mod10,Longitudinal analysis DFSO- overall average,1.0436951373497574e-15,1.4611731922896604e-14,Severe
globalmet.globalmet_mod11,Longitudinal analysis DFSO - overall shape,0.008498431785945025,0.013728235961911195,Severe
globalmet.globalmet_mod11,Longitudinal analysis DFSO- overall average,0.054239870384034036,0.08804090111860939,Mild
globalmet.globalmet_mod12,Longitudinal analysis DFSO - overall shape,0.006885796355813906,0.011568137877767361,Mild
globalmet.globalmet_mod12,Longitudinal analysis DFSO- overall average,0.03729124832143818,0.06525968456251681,Mild
globalmet.globalmet_mod13,Longitudinal analysis DFSO - overall shape,2.7524060185900285e-4,6.800061928281246e-4,Severe
globalmet.globalmet_mod13,Longitudinal analysis DFSO- overall average,5.206244113355195e-5,1.4577483517394548e-4,Severe
globalmet.globalmet_mod14,Longitudinal analysis DFSO - overall shape,4.4371189502225705e-7,2.662271370133542e-6,Mild
globalmet.globalmet_mod14,Longitudinal analysis DFSO- overall average,3.4044269534147613e-5,1.0213280860244283e-4,Mild
globalmet.globalmet_mod15,Longitudinal analysis DFSO - overall shape,0.4077310289019358,0.41767568814344647,Mild
globalmet.globalmet_mod15,Longitudinal analysis DFSO- overall average,0.002110186997323932,0.004923769660422508,Mild
globalmet.globalmet_mod16,Longitudinal analysis DFSO - overall shape,6.278860122099082e-5,1.8836580366297248e-4,Mild
globalmet.globalmet_mod16,Longitudinal analysis DFSO- overall average,0.2874825912060419,0.3658869342622352,Severe
globalmet.globalmet_mod17,Longitudinal analysis DFSO - overall shape,0.17074304274808222,0.19381642690322845,Mild
globalmet.globalmet_mod17,Longitudinal analysis DFSO- overall average,0.39485180528591945,0.4606604395002394,Severe
globalmet.globalmet_mod18,Longitudinal analysis DFSO - overall shape,0.019017444408950916,0.028526166613426374,Severe
globalmet.globalmet_mod18,Longitudinal analysis DFSO- overall average,0.02295711479622673,0.041921687888761855,Mild
globalmet.globalmet_mod19,Longitudinal analysis DFSO - overall shape,0.13228218246246712,0.1543292128728783,Severe
globalmet.globalmet_mod19,Longitudinal analysis DFSO- overall average,0.450814919316744,0.5048233934267664,Mild
globalmet.globalmet_mod2,Longitudinal analysis DFSO - overall shape,3.145346625477287e-9,2.201742637834101e-8,Mild
globalmet.globalmet_mod2,Longitudinal analysis DFSO- overall average,2.4416279367151267e-9,1.464976762029076e-8,Mild
globalmet.globalmet_mod20,Longitudinal analysis DFSO - overall shape,0.1090016341259428,0.13080196095113136,Mild
globalmet.globalmet_mod20,Longitudinal analysis DFSO- overall average,0.649223684205257,0.649223684205257,Severe
globalmet.globalmet_mod21,Longitudinal analysis DFSO - overall shape,3.982427676605634e-11,5.575398747247887e-10,Mild
globalmet.globalmet_mod21,Longitudinal analysis DFSO- overall average,1.5304253371865718e-9,1.0712977360306004e-8,Mild
globalmet.globalmet_mod22,Longitudinal analysis DFSO - overall shape,9.413124472990382e-11,7.90702455731192e-10,Mild
globalmet.globalmet_mod22,Longitudinal analysis DFSO- overall average,0.007976332551390006,0.01595266510278001,Mild
globalmet.globalmet_mod23,Longitudinal analysis DFSO - overall shape,0.003517992426237662,0.0064241600826948604,Mild
globalmet.globalmet_mod23,Longitudinal analysis DFSO- overall average,0.4606993811411221,0.5048233934267664,Severe
globalmet.globalmet_mod24,Longitudinal analysis DFSO - overall shape,0.23011528496863104,0.24781646073544883,Severe
globalmet.globalmet_mod24,Longitudinal analysis DFSO- overall average,7.696680510782648e-13,8.081514536321782e-12,Severe
globalmet.globalmet_mod25,Longitudinal analysis DFSO - overall shape,5.444928941970631e-4,0.0012036158713829817,Mild
globalmet.globalmet_mod25,Longitudinal analysis DFSO- overall average,0.6163014266846876,0.6313331687989483,Severe
globalmet.globalmet_mod26,Longitudinal analysis DFSO - overall shape,5.116620507848317e-7,2.6862257666203664e-6,Mild
globalmet.globalmet_mod26,Longitudinal analysis DFSO- overall average,0.0029319373745085144,0.0064811247225977685,Mild
globalmet.globalmet_mod27,Longitudinal analysis DFSO - overall shape,1.7931376400144958e-5,5.897000152288295e-5,Mild
globalmet.globalmet_mod27,Longitudinal analysis DFSO- overall average,3.281341892723251e-5,1.0213280860244283e-4,Severe
globalmet.globalmet_mod28,Longitudinal analysis DFSO - overall shape,0.2628622649571577,0.2760053782050156,Mild
globalmet.globalmet_mod28,Longitudinal analysis DFSO- overall average,0.004415220500319874,0.009271963050671735,Severe
globalmet.globalmet_mod29,Longitudinal analysis DFSO - overall shape,0.059620200322507394,0.0758802549559185,Mild
globalmet.globalmet_mod29,Longitudinal analysis DFSO- overall average,0.00919243105175848,0.0175491865533571,Severe
globalmet.globalmet_mod3,Longitudinal analysis DFSO - overall shape,2.3999793592395054e-20,5.039956654402961e-19,Mild
globalmet.globalmet_mod3,Longitudinal analysis DFSO- overall average,2.4230594285459677e-40,1.0176849599893064e-38,Mild
globalmet.globalmet_mod30,Longitudinal analysis DFSO - overall shape,0.038289661381162264,0.05360552593362717,Mild
globalmet.globalmet_mod30,Longitudinal analysis DFSO- overall average,0.23657105375499704,0.3104995080534336,Mild
globalmet.globalmet_mod31,Longitudinal analysis DFSO - overall shape,5.065057693678921e-4,0.0011818467951917482,Severe
globalmet.globalmet_mod31,Longitudinal analysis DFSO- overall average,0.558883336020005,0.5868275028210052,Mild
globalmet.globalmet_mod32,Longitudinal analysis DFSO - overall shape,2.3064168255677983e-4,6.054344167115471e-4,Mild
globalmet.globalmet_mod32,Longitudinal analysis DFSO- overall average,1.4228489958915596e-5,4.979971485620459e-5,Severe
globalmet.globalmet_mod33,Longitudinal analysis DFSO - overall shape,0.05474697559547483,0.07185540546906072,Severe
globalmet.globalmet_mod33,Longitudinal analysis DFSO- overall average,0.32266025147971844,0.3871923017756621,Severe
globalmet.globalmet_mod34,Longitudinal analysis DFSO - overall shape,6.909189115404838e-7,3.224288253855591e-6,Mild
globalmet.globalmet_mod34,Longitudinal analysis DFSO- overall average,1.2070070789038413e-5,4.608572483087395e-5,Mild
globalmet.globalmet_mod35,Longitudinal analysis DFSO - overall shape,8.47151847726435e-7,3.558037760451027e-6,Severe
globalmet.globalmet_mod35,Longitudinal analysis DFSO- overall average,2.9495020398507656e-9,1.548488570921652e-8,Severe
globalmet.globalmet_mod36,Longitudinal analysis DFSO - overall shape,6.405182921861836e-11,6.725442067954928e-10,Mild
globalmet.globalmet_mod36,Longitudinal analysis DFSO- overall average,0.08282224067196245,0.11994945200766975,Severe
globalmet.globalmet_mod37,Longitudinal analysis DFSO - overall shape,0.021952772069572357,0.03179366989386341,Severe
globalmet.globalmet_mod37,Longitudinal analysis DFSO- overall average,0.3053593257769014,0.3772085789008782,Mild
globalmet.globalmet_mod38,Longitudinal analysis DFSO - overall shape,0.05384796529090411,0.07185540546906072,Mild
globalmet.globalmet_mod38,Longitudinal analysis DFSO- overall average,0.23110812460814778,0.3104995080534336,Mild
globalmet.globalmet_mod39,Longitudinal analysis DFSO - overall shape,0.0010047582374451973,0.0021099922986349143,Mild
globalmet.globalmet_mod39,Longitudinal analysis DFSO- overall average,0.46876457961056883,0.5048233934267664,Severe
globalmet.globalmet_mod4,Longitudinal analysis DFSO - overall shape,0.0011294577205550255,0.002258915441110051,Mild
globalmet.globalmet_mod4,Longitudinal analysis DFSO- overall average,1.0921925429957563e-9,9.174417361164352e-9,Severe
globalmet.globalmet_mod40,Longitudinal analysis DFSO - overall shape,0.07900430843596032,0.09759355747971568,Severe
globalmet.globalmet_mod40,Longitudinal analysis DFSO- overall average,3.641272753432263e-7,1.5293345564415506e-6,Severe
globalmet.globalmet_mod41,Longitudinal analysis DFSO - overall shape,0.004848363821194624,0.008484636687090591,Mild
globalmet.globalmet_mod41,Longitudinal analysis DFSO- overall average,0.054501510216282,0.08804090111860939,Severe
globalmet.globalmet_mod5,Longitudinal analysis DFSO - overall shape,0.4532154053185462,0.4532154053185462,Severe
globalmet.globalmet_mod5,Longitudinal analysis DFSO- overall average,0.001892819773211068,0.004676378263227345,Severe
globalmet.globalmet_mod6,Longitudinal analysis DFSO - overall shape,1.4547261182988597e-4,4.073233131236807e-4,Severe
globalmet.globalmet_mod6,Longitudinal analysis DFSO- overall average,2.306098091031959e-18,4.842805991167114e-17,Severe
globalmet.globalmet_mod7,Longitudinal analysis DFSO - overall shape,3.0959002022913867e-21,1.3002780849623824e-19,Severe
globalmet.globalmet_mod7,Longitudinal analysis DFSO- overall average,0.12995685208188423,0.18193959291463793,Mild
globalmet.globalmet_mod8,Longitudinal analysis DFSO - overall shape,0.002214586514775417,0.0042278469827530685,Mild
globalmet.globalmet_mod8,Longitudinal analysis DFSO- overall average,7.425713888413296e-4,0.0019492498957084901,Mild
globalmet.globalmet_mod9,Longitudinal analysis DFSO - overall shape,0.19840652933790434,0.21929142716294692,Mild
globalmet.globalmet_mod9,Longitudinal analysis DFSO- overall average,0.05927710340675754,0.09220882752162284,Mild
globalmet.globalmet_mod0,Longitudinal analysis DFSO - 1|2 average,0.4288433873314821,0.6351143345106129,Mild
globalmet.globalmet_mod0,Longitudinal analysis DFSO - 1|2 shape,0.5727196299764391,0.6483618452563461,Severe
globalmet.globalmet_mod0,Longitudinal analysis DFSO - 1|3 average,0.3927546665089071,0.6037264663315479,Mild
globalmet.globalmet_mod0,Longitudinal analysis DFSO - 1|3 shape,0.024716203349970205,0.06329759394504565,Mild
globalmet.globalmet_mod0,Longitudinal analysis DFSO - 1|4 average,0.18231921786021282,0.38608775546868596,Severe
globalmet.globalmet_mod0,Longitudinal analysis DFSO - 1|4 shape,0.0010123985894587568,0.004209974332402751,Mild
globalmet.globalmet_mod0,Longitudinal analysis DFSO - 1|5 average,0.08100913374946243,0.24064447419625704,Severe
globalmet.globalmet_mod0,Longitudinal analysis DFSO - 1|5 shape,0.7227321564856476,0.7743558819489081,Severe
globalmet.globalmet_mod0,Longitudinal analysis DFSO - 2|3 average,0.5810757236171918,0.75015923335826,Severe
globalmet.globalmet_mod0,Longitudinal analysis DFSO - 2|3 shape,0.04695923963042403,0.10114297766552868,Mild
globalmet.globalmet_mod0,Longitudinal analysis DFSO - 2|4 average,0.9011319671529071,0.940401722820854,Severe
globalmet.globalmet_mod0,Longitudinal analysis DFSO - 2|4 shape,5.3188337895577694e-05,3.919140687042567e-4,Mild
globalmet.globalmet_mod0,Longitudinal analysis DFSO - 2|5 average,0.003121800815777766,0.02383920622957567,Severe
globalmet.globalmet_mod0,Longitudinal analysis DFSO - 2|5 shape,0.5104425364791997,0.5889721574759996,Mild
globalmet.globalmet_mod0,Longitudinal analysis DFSO - 3|4 average,0.7519031631908496,0.8527434614045639,Severe
globalmet.globalmet_mod0,Longitudinal analysis DFSO - 3|4 shape,0.03414012305121055,0.07750730638653207,Mild
globalmet.globalmet_mod0,Longitudinal analysis DFSO - 3|5 average,0.02995697933299034,0.12020953490308225,Severe
globalmet.globalmet_mod0,Longitudinal analysis DFSO - 3|5 shape,0.24031002262231088,0.3427109218548027,Severe
globalmet.globalmet_mod0,Longitudinal analysis DFSO - 4|5 average,0.02238192539479088,0.09624991807998809,Severe
globalmet.globalmet_mod0,Longitudinal analysis DFSO - 4|5 shape,0.03406454732959441,0.07750730638653207,Severe
globalmet.globalmet_mod1,Longitudinal analysis DFSO - 1|2 average,0.4399261995856312,0.6406146109780388,Severe
globalmet.globalmet_mod1,Longitudinal analysis DFSO - 1|2 shape,0.876783606191556,0.9025713593148371,Mild
globalmet.globalmet_mod1,Longitudinal analysis DFSO - 1|3 average,0.4289542052924854,0.6351143345106129,Severe
globalmet.globalmet_mod1,Longitudinal analysis DFSO - 1|3 shape,0.06091296361848207,0.12182592723696413,Mild
globalmet.globalmet_mod1,Longitudinal analysis DFSO - 1|4 average,0.019165010014949913,0.08749243702477134,Severe
globalmet.globalmet_mod1,Longitudinal analysis DFSO - 1|4 shape,0.7100395358161369,0.7655498947993216,Mild
globalmet.globalmet_mod1,Longitudinal analysis DFSO - 1|5 average,6.2104665622080945e-6,1.788062504129578e-4,Severe
globalmet.globalmet_mod1,Longitudinal analysis DFSO - 1|5 shape,7.289106978892529e-9,2.2330187855634157e-7,Severe
globalmet.globalmet_mod1,Longitudinal analysis DFSO - 2|3 average,0.33063576040934173,0.5488814994937689,Severe
globalmet.globalmet_mod1,Longitudinal analysis DFSO - 2|3 shape,0.420078767240788,0.5069916156354338,Mild
globalmet.globalmet_mod1,Longitudinal analysis DFSO - 2|4 average,0.009632613514005052,0.05323652386111156,Severe
globalmet.globalmet_mod1,Longitudinal analysis DFSO - 2|4 shape,0.993782605556635,0.993782605556635,Mild
globalmet.globalmet_mod1,Longitudinal analysis DFSO - 2|5 average,1.4046591511109783e-6,5.0567729439995215e-5,Severe
globalmet.globalmet_mod1,Longitudinal analysis DFSO - 2|5 shape,2.2842390811504824e-5,1.881138066829809e-4,Severe
globalmet.globalmet_mod1,Longitudinal analysis DFSO - 3|4 average,0.08940799740747435,0.2542981416104237,Severe
globalmet.globalmet_mod1,Longitudinal analysis DFSO - 3|4 shape,0.31882803153581835,0.4171581721029399,Severe
globalmet.globalmet_mod1,Longitudinal analysis DFSO - 3|5 average,4.2617609127793715e-4,0.005535895618661864,Severe
globalmet.globalmet_mod1,Longitudinal analysis DFSO - 3|5 shape,4.505858010290219e-12,4.299893678055243e-10,Severe
globalmet.globalmet_mod1,Longitudinal analysis DFSO - 4|5 average,0.01505594715577582,0.07213115367405905,Mild
globalmet.globalmet_mod1,Longitudinal analysis DFSO - 4|5 shape,2.124164794224934e-8,4.695522176707749e-7,Severe
globalmet.globalmet_mod10,Longitudinal analysis DFSO - 1|2 average,0.20656091772927476,0.41181448787798447,Severe
globalmet.globalmet_mod10,Longitudinal analysis DFSO - 1|2 shape,0.024712133897769384,0.06329759394504565,Mild
globalmet.globalmet_mod10,Longitudinal analysis DFSO - 1|3 average,0.15300210676101167,0.34548862817002635,Severe
globalmet.globalmet_mod10,Longitudinal analysis DFSO - 1|3 shape,0.8900816340899943,0.9140202599457153,Mild
globalmet.globalmet_mod10,Longitudinal analysis DFSO - 1|4 average,6.181449538700817e-8,3.7088697232204905e-06,Severe
globalmet.globalmet_mod10,Longitudinal analysis DFSO - 1|4 shape,0.11364068773929285,0.19245600342944758,Mild
globalmet.globalmet_mod10,Longitudinal analysis DFSO - 1|5 average,1.0245064256256677e-6,3.9117518069343676e-5,Severe
globalmet.globalmet_mod10,Longitudinal analysis DFSO - 1|5 shape,1.4993168197949993e-8,3.4984059128549985e-7,Severe
globalmet.globalmet_mod10,Longitudinal analysis DFSO - 2|3 average,0.3758211742105243,0.5913551650271083,Mild
globalmet.globalmet_mod10,Longitudinal analysis DFSO - 2|3 shape,0.05847599728064439,0.11807653297053194,Severe
globalmet.globalmet_mod10,Longitudinal analysis DFSO - 2|4 average,2.7502850770645748e-11,6.930718394202728e-9,Severe
globalmet.globalmet_mod10,Longitudinal analysis DFSO - 2|4 shape,0.44626171702384876,0.5309629494334744,Severe
globalmet.globalmet_mod10,Longitudinal analysis DFSO - 2|5 average,1.7544756437085828e-5,4.0193442019505714e-4,Mild
globalmet.globalmet_mod10,Longitudinal analysis DFSO - 2|5 shape,7.395463346097671e-10,3.49672313419014e-8,Severe
globalmet.globalmet_mod10,Longitudinal analysis DFSO - 3|4 average,1.57674655689235e-5,3.7484918144987944e-4,Severe
globalmet.globalmet_mod10,Longitudinal analysis DFSO - 3|4 shape,0.1646769341669181,0.25428056011068234,Mild
globalmet.globalmet_mod10,Longitudinal analysis DFSO - 3|5 average,4.479470719172328e-4,0.0055926984397981,Mild
globalmet.globalmet_mod10,Longitudinal analysis DFSO - 3|5 shape,1.9265868732485407e-6,2.303314193539932e-5,Severe
globalmet.globalmet_mod10,Longitudinal analysis DFSO - 4|5 average,0.05999240717524094,0.19332591570538,Mild
globalmet.globalmet_mod10,Longitudinal analysis DFSO - 4|5 shape,4.8779894850339815e-9,1.7072963197618933e-7,Severe
globalmet.globalmet_mod11,Longitudinal analysis DFSO - 1|2 average,0.7785325536179359,0.8688671546134625,Mild
globalmet.globalmet_mod11,Longitudinal analysis DFSO - 1|2 shape,0.09635381287888886,0.17440414600318271,Severe
globalmet.globalmet_mod11,Longitudinal analysis DFSO - 1|3 average,0.8514703767441971,0.9122896893687826,Severe
globalmet.globalmet_mod11,Longitudinal analysis DFSO - 1|3 shape,0.5207026750197277,0.5991647219405086,Severe
globalmet.globalmet_mod11,Longitudinal analysis DFSO - 1|4 average,0.01688446282329364,0.08028084210320749,Mild
globalmet.globalmet_mod11,Longitudinal analysis DFSO - 1|4 shape,0.0167417614813158,0.04595777661537671,Mild
globalmet.globalmet_mod11,Longitudinal analysis DFSO - 1|5 average,0.8696955834150928,0.9240287049022646,Mild
globalmet.globalmet_mod11,Longitudinal analysis DFSO - 1|5 shape,0.11627500194112808,0.19612650929828834,Severe
globalmet.globalmet_mod11,Longitudinal analysis DFSO - 2|3 average,0.22190055194969366,0.4281695183102818,Severe
globalmet.globalmet_mod11,Longitudinal analysis DFSO - 2|3 shape,0.18480115945707493,0.27849309198685857,Mild
globalmet.globalmet_mod11,Longitudinal analysis DFSO - 2|4 average,0.06790572040033381,0.21052250820882434,Severe
globalmet.globalmet_mod11,Longitudinal analysis DFSO - 2|4 shape,1.0791677727521143e-4,6.973084070090584e-4,Mild
globalmet.globalmet_mod11,Longitudinal analysis DFSO - 2|5 average,0.4854629776464632,0.6796481687050484,Severe
globalmet.globalmet_mod11,Longitudinal analysis DFSO - 2|5 shape,0.08770032465181576,0.165175499344227,Severe
globalmet.globalmet_mod11,Longitudinal analysis DFSO - 3|4 average,0.0027103334384582737,0.021614051471249524,Mild
globalmet.globalmet_mod11,Longitudinal analysis DFSO - 3|4 shape,0.008290795322674894,0.02622277688331064,Mild
globalmet.globalmet_mod11,Longitudinal analysis DFSO - 3|5 average,0.30737874710590585,0.5198620420851562,Mild
globalmet.globalmet_mod11,Longitudinal analysis DFSO - 3|5 shape,0.12599765466375318,0.20602681008155713,Severe
globalmet.globalmet_mod11,Longitudinal analysis DFSO - 4|5 average,0.09385855186558525,0.26048849196175644,Mild
globalmet.globalmet_mod11,Longitudinal analysis DFSO - 4|5 shape,8.995089834746043e-4,0.0038160987177710487,Severe
globalmet.globalmet_mod12,Longitudinal analysis DFSO - 1|2 average,0.5691014545931699,0.7412015021128336,Mild
globalmet.globalmet_mod12,Longitudinal analysis DFSO - 1|2 shape,5.8432882631757455e-5,4.090301784223022e-4,Severe
globalmet.globalmet_mod12,Longitudinal analysis DFSO - 1|3 average,0.8543835848805681,0.9146332344515853,Severe
globalmet.globalmet_mod12,Longitudinal analysis DFSO - 1|3 shape,0.22678594210669792,0.329585106175824,Mild
globalmet.globalmet_mod12,Longitudinal analysis DFSO - 1|4 average,0.008616668619491164,0.049126707966329716,Severe
globalmet.globalmet_mod12,Longitudinal analysis DFSO - 1|4 shape,3.964206598204487e-5,3.038179749568237e-4,Mild
globalmet.globalmet_mod12,Longitudinal analysis DFSO - 1|5 average,0.15675351685570008,0.35081604127563426,Severe
globalmet.globalmet_mod12,Longitudinal analysis DFSO - 1|5 shape,2.884807406489548e-4,0.0015942356720073817,Mild
globalmet.globalmet_mod12,Longitudinal analysis DFSO - 2|3 average,0.7761381242315475,0.8675107351977173,Mild
globalmet.globalmet_mod12,Longitudinal analysis DFSO - 2|3 shape,0.9755456458128071,0.9844648136104651,Mild
globalmet.globalmet_mod12,Longitudinal analysis DFSO - 2|4 average,0.036764583247907864,0.13910923391100272,Severe
globalmet.globalmet_mod12,Longitudinal analysis DFSO - 2|4 shape,0.008628753992310577,0.02704534833410778,Mild
globalmet.globalmet_mod12,Longitudinal analysis DFSO - 2|5 average,0.11407692087409935,0.28979217802694596,Mild
globalmet.globalmet_mod12,Longitudinal analysis DFSO - 2|5 shape,0.10206766922984192,0.1802095409402863,Mild
globalmet.globalmet_mod12,Longitudinal analysis DFSO - 3|4 average,0.019786355790898002,0.08872173771007645,Severe
globalmet.globalmet_mod12,Longitudinal analysis DFSO - 3|4 shape,0.006959732268432472,0.022659593432105725,Mild
globalmet.globalmet_mod12,Longitudinal analysis DFSO - 3|5 average,0.02606091271489872,0.10766147547794225,Mild
globalmet.globalmet_mod12,Longitudinal analysis DFSO - 3|5 shape,0.025287997009060585,0.06336774075259256,Mild
globalmet.globalmet_mod12,Longitudinal analysis DFSO - 4|5 average,0.8002711895061878,0.8870231834691328,Mild
globalmet.globalmet_mod12,Longitudinal analysis DFSO - 4|5 shape,0.4087674152439794,0.4990764953560214,Severe
globalmet.globalmet_mod13,Longitudinal analysis DFSO - 1|2 average,0.6863139768501163,0.8168230181557988,Mild
globalmet.globalmet_mod13,Longitudinal analysis DFSO - 1|2 shape,0.4325076881061596,0.5165658543380428,Severe
globalmet.globalmet_mod13,Longitudinal analysis DFSO - 1|3 average,0.8568933112490155,0.9165412327451269,Severe
globalmet.globalmet_mod13,Longitudinal analysis DFSO - 1|3 shape,0.747076304193326,0.7943596145853087,Mild
globalmet.globalmet_mod13,Longitudinal analysis DFSO - 1|4 average,0.10793706888557068,0.27983684525888697,Mild
globalmet.globalmet_mod13,Longitudinal analysis DFSO - 1|4 shape,9.608599962541991e-4,0.004035611984267637,Severe
globalmet.globalmet_mod13,Longitudinal analysis DFSO - 1|5 average,0.008057255617850916,0.04743991625463623,Severe
globalmet.globalmet_mod13,Longitudinal analysis DFSO - 1|5 shape,0.009756877842876432,0.02969484560875436,Severe
globalmet.globalmet_mod13,Longitudinal analysis DFSO - 2|3 average,0.23218795897701128,0.43943802014754657,Severe
globalmet.globalmet_mod13,Longitudinal analysis DFSO - 2|3 shape,0.2868611517401298,0.3874009123178602,Mild
globalmet.globalmet_mod13,Longitudinal analysis DFSO - 2|4 average,0.00969944783489002,0.05336814092559575,Mild
globalmet.globalmet_mod13,Longitudinal analysis DFSO - 2|4 shape,0.016429850066317347,0.04539826992008741,Severe
globalmet.globalmet_mod13,Longitudinal analysis DFSO - 2|5 average,2.092245231345251e-4,0.003176179507825321,Severe
globalmet.globalmet_mod13,Longitudinal analysis DFSO - 2|5 shape,0.08470807037993541,0.16025851152960752,Severe
globalmet.globalmet_mod13,Longitudinal analysis DFSO - 3|4 average,0.07199178362749546,0.22070473812808827,Mild
globalmet.globalmet_mod13,Longitudinal analysis DFSO - 3|4 shape,1.770764220229202e-4,0.001047494327459528,Severe
globalmet.globalmet_mod13,Longitudinal analysis DFSO - 3|5 average,0.0025270932902130795,0.02053615751694326,Severe
globalmet.globalmet_mod13,Longitudinal analysis DFSO - 3|5 shape,0.002615264163640805,0.009807240613653017,Severe
globalmet.globalmet_mod13,Longitudinal analysis DFSO - 4|5 average,0.06765985064735298,0.21052250820882434,Severe
globalmet.globalmet_mod13,Longitudinal analysis DFSO - 4|5 shape,0.49690354187208796,0.5756534446263587,Severe
globalmet.globalmet_mod14,Longitudinal analysis DFSO - 1|2 average,0.002408467581227672,0.020097146704283884,Mild
globalmet.globalmet_mod14,Longitudinal analysis DFSO - 1|2 shape,0.35574026440130124,0.44600271954790005,Severe
globalmet.globalmet_mod14,Longitudinal analysis DFSO - 1|3 average,0.005137075729246984,0.034829009767230454,Mild
globalmet.globalmet_mod14,Longitudinal analysis DFSO - 1|3 shape,0.9741323031876803,0.9844648136104651,Severe
globalmet.globalmet_mod14,Longitudinal analysis DFSO - 1|4 average,2.1694472522735703e-6,7.38784739963432e-5,Mild
globalmet.globalmet_mod14,Longitudinal analysis DFSO - 1|4 shape,1.9970429734584656e-7,3.355032195410222e-6,Mild
globalmet.globalmet_mod14,Longitudinal analysis DFSO - 1|5 average,5.468242556536669e-8,3.4449928106181016e-6,Mild
globalmet.globalmet_mod14,Longitudinal analysis DFSO - 1|5 shape,3.3300325165576937e-4,0.001748267071192789,Mild
globalmet.globalmet_mod14,Longitudinal analysis DFSO - 2|3 average,0.6123241488295881,0.7738499774576539,Mild
globalmet.globalmet_mod14,Longitudinal analysis DFSO - 2|3 shape,0.39405408386896446,0.48574016736932163,Mild
globalmet.globalmet_mod14,Longitudinal analysis DFSO - 2|4 average,0.04741411968305123,0.16561315539091598,Severe
globalmet.globalmet_mod14,Longitudinal analysis DFSO - 2|4 shape,3.914339535516012e-8,8.220113024583625e-7,Mild
globalmet.globalmet_mod14,Longitudinal analysis DFSO - 2|5 average,0.03357993292289198,0.13119789789933173,Mild
globalmet.globalmet_mod14,Longitudinal analysis DFSO - 2|5 shape,0.0030532770120132546,0.011151098652570147,Mild
globalmet.globalmet_mod14,Longitudinal analysis DFSO - 3|4 average,0.09563119924856935,0.26298260533942097,Mild
globalmet.globalmet_mod14,Longitudinal analysis DFSO - 3|4 shape,1.8917324049328927e-7,3.3105317086325622e-6,Mild
globalmet.globalmet_mod14,Longitudinal analysis DFSO - 3|5 average,0.08446017085367671,0.24414627429053676,Mild
globalmet.globalmet_mod14,Longitudinal analysis DFSO - 3|5 shape,6.3590085057464e-4,0.002934927002652185,Mild
globalmet.globalmet_mod14,Longitudinal analysis DFSO - 4|5 average,0.4781308171907157,0.6753865803366612,Severe
globalmet.globalmet_mod14,Longitudinal analysis DFSO - 4|5 shape,0.01609268287898243,0.0450595120611508,Mild
globalmet.globalmet_mod15,Longitudinal analysis DFSO - 1|2 average,0.5998348655816415,0.7677361223431483,Mild
globalmet.globalmet_mod15,Longitudinal analysis DFSO - 1|2 shape,0.712315552723974,0.7655498947993216,Mild
globalmet.globalmet_mod15,Longitudinal analysis DFSO - 1|3 average,0.3710801370507414,0.5859160058695917,Mild
globalmet.globalmet_mod15,Longitudinal analysis DFSO - 1|3 shape,0.6524821976265333,0.7137382835411157,Mild
globalmet.globalmet_mod15,Longitudinal analysis DFSO - 1|4 average,0.021941970865555976,0.09468110715959085,Mild
globalmet.globalmet_mod15,Longitudinal analysis DFSO - 1|4 shape,0.02515072253325433,0.06336774075259256,Mild
globalmet.globalmet_mod15,Longitudinal analysis DFSO - 1|5 average,0.0015522657982406953,0.014930190120483024,Mild
globalmet.globalmet_mod15,Longitudinal analysis DFSO - 1|5 shape,0.05372853882539198,0.11116249412150066,Mild
globalmet.globalmet_mod15,Longitudinal analysis DFSO - 2|3 average,0.6085653395086135,0.7711695840099172,Severe
globalmet.globalmet_mod15,Longitudinal analysis DFSO - 2|3 shape,0.45676379869125106,0.5419231509896199,Mild
globalmet.globalmet_mod15,Longitudinal analysis DFSO - 2|4 average,0.11600299277475297,0.2935015479843147,Severe
globalmet.globalmet_mod15,Longitudinal analysis DFSO - 2|4 shape,0.17648836859028327,0.26856925655043107,Mild
globalmet.globalmet_mod15,Longitudinal analysis DFSO - 2|5 average,0.0015347507135235988,0.014875276146459497,Mild
globalmet.globalmet_mod15,Longitudinal analysis DFSO - 2|5 shape,0.2102115573469892,0.30978545293240517,Mild
globalmet.globalmet_mod15,Longitudinal analysis DFSO - 3|4 average,0.38883365782327206,0.6008306108979635,Mild
globalmet.globalmet_mod15,Longitudinal analysis DFSO - 3|4 shape,0.6678806930622722,0.7285971197042969,Mild
globalmet.globalmet_mod15,Longitudinal analysis DFSO - 3|5 average,0.013257175477375675,0.06654996454778227,Mild
globalmet.globalmet_mod15,Longitudinal analysis DFSO - 3|5 shape,0.42986172912602116,0.5158340749512254,Mild
globalmet.globalmet_mod15,Longitudinal analysis DFSO - 4|5 average,0.05703520506843956,0.1871467666308173,Mild
globalmet.globalmet_mod15,Longitudinal analysis DFSO - 4|5 shape,0.6520852901934167,0.7137382835411157,Mild
globalmet.globalmet_mod16,Longitudinal analysis DFSO - 1|2 average,0.4503917312815865,0.6485736823107304,Severe
globalmet.globalmet_mod16,Longitudinal analysis DFSO - 1|2 shape,0.03260311976466347,0.07565364807269977,Mild
globalmet.globalmet_mod16,Longitudinal analysis DFSO - 1|3 average,0.969304517983634,0.9778412271091904,Severe
globalmet.globalmet_mod16,Longitudinal analysis DFSO - 1|3 shape,0.35977310583130984,0.4483819123120182,Mild
globalmet.globalmet_mod16,Longitudinal analysis DFSO - 1|4 average,0.4358050606187065,0.6401721012855963,Severe
globalmet.globalmet_mod16,Longitudinal analysis DFSO - 1|4 shape,7.417479808578519e-4,0.003279306862739977,Mild
globalmet.globalmet_mod16,Longitudinal analysis DFSO - 1|5 average,0.14624728898494657,0.3344311871525094,Severe
globalmet.globalmet_mod16,Longitudinal analysis DFSO - 1|5 shape,0.006504407979728221,0.021342588683483224,Mild
globalmet.globalmet_mod16,Longitudinal analysis DFSO - 2|3 average,0.4948842180605909,0.6872054517710359,Severe
globalmet.globalmet_mod16,Longitudinal analysis DFSO - 2|3 shape,0.003144943058098871,0.01119386512204683,Mild
globalmet.globalmet_mod16,Longitudinal analysis DFSO - 2|4 average,0.09580080623078906,0.26298260533942097,Severe
globalmet.globalmet_mod16,Longitudinal analysis DFSO - 2|4 shape,0.05017052849555424,0.10588754757855669,Mild
globalmet.globalmet_mod16,Longitudinal analysis DFSO - 2|5 average,0.9355625616974198,0.9603017439317599,Severe
globalmet.globalmet_mod16,Longitudinal analysis DFSO - 2|5 shape,0.26820142836028876,0.3681196075533375,Mild
globalmet.globalmet_mod16,Longitudinal analysis DFSO - 3|4 average,0.7618777614154504,0.8578784444892471,Severe
globalmet.globalmet_mod16,Longitudinal analysis DFSO - 3|4 shape,0.06735236373765083,0.13343392815949692,Mild
globalmet.globalmet_mod16,Longitudinal analysis DFSO - 3|5 average,0.4095785135845851,0.6217697917067195,Severe
globalmet.globalmet_mod16,Longitudinal analysis DFSO - 3|5 shape,0.2333963381423243,0.33707155410423284,Mild
globalmet.globalmet_mod16,Longitudinal analysis DFSO - 4|5 average,0.25978773454915,0.4696306248664691,Mild
globalmet.globalmet_mod16,Longitudinal analysis DFSO - 4|5 shape,0.6934654548548972,0.7506584820594249,Mild
globalmet.globalmet_mod17,Longitudinal analysis DFSO - 1|2 average,0.2832108240337349,0.4963082590855437,Mild
globalmet.globalmet_mod17,Longitudinal analysis DFSO - 1|2 shape,0.4114291465939349,0.5008133685780244,Severe
globalmet.globalmet_mod17,Longitudinal analysis DFSO - 1|3 average,0.23934207154851567,0.44677186689056253,Severe
globalmet.globalmet_mod17,Longitudinal analysis DFSO - 1|3 shape,0.12641513231521845,0.20602681008155713,Mild
globalmet.globalmet_mod17,Longitudinal analysis DFSO - 1|4 average,0.27231780508117726,0.48191072247511707,Severe
globalmet.globalmet_mod17,Longitudinal analysis DFSO - 1|4 shape,0.09220282083007908,0.17135037499395225,Mild
globalmet.globalmet_mod17,Longitudinal analysis DFSO - 1|5 average,0.6847327829086995,0.8166426394548505,Severe
globalmet.globalmet_mod17,Longitudinal analysis DFSO - 1|5 shape,0.3943747549355683,0.48574016736932163,Mild
globalmet.globalmet_mod17,Longitudinal analysis DFSO - 2|3 average,0.6501094161710579,0.7960523463319076,Severe
globalmet.globalmet_mod17,Longitudinal analysis DFSO - 2|3 shape,0.04550326015990343,0.09925236727412219,Mild
globalmet.globalmet_mod17,Longitudinal analysis DFSO - 2|4 average,0.9195619355551352,0.9512709678156572,Severe
globalmet.globalmet_mod17,Longitudinal analysis DFSO - 2|4 shape,0.0015606082486783034,0.006183542117404598,Mild
globalmet.globalmet_mod17,Longitudinal analysis DFSO - 2|5 average,0.022756366850454634,0.09752728650194843,Severe
globalmet.globalmet_mod17,Longitudinal analysis DFSO - 2|5 shape,0.23724162217704264,0.3407469728656584,Mild
globalmet.globalmet_mod17,Longitudinal analysis DFSO - 3|4 average,0.8718679544735173,0.9254874664167075,Severe
globalmet.globalmet_mod17,Longitudinal analysis DFSO - 3|4 shape,0.26469432289280337,0.36449710037697514,Mild
globalmet.globalmet_mod17,Longitudinal analysis DFSO - 3|5 average,0.14726030685471558,0.3360203990456443,Severe
globalmet.globalmet_mod17,Longitudinal analysis DFSO - 3|5 shape,0.987038456066262,0.9893941564387352,Mild
globalmet.globalmet_mod17,Longitudinal analysis DFSO - 4|5 average,0.24438538175583838,0.45084272476186876,Severe
globalmet.globalmet_mod17,Longitudinal analysis DFSO - 4|5 shape,0.3257034306736881,0.42351529685123535,Severe
globalmet.globalmet_mod18,Longitudinal analysis DFSO - 1|2 average,0.013466257869460693,0.06685385507987718,Mild
globalmet.globalmet_mod18,Longitudinal analysis DFSO - 1|2 shape,3.03664312451572e-5,2.4526732928780814e-4,Severe
globalmet.globalmet_mod18,Longitudinal analysis DFSO - 1|3 average,0.00802864125961814,0.04743991625463623,Mild
globalmet.globalmet_mod18,Longitudinal analysis DFSO - 1|3 shape,4.4554872796883174e-4,0.0022217946767511803,Mild
globalmet.globalmet_mod18,Longitudinal analysis DFSO - 1|4 average,0.00182119724095145,0.01662832263477411,Mild
globalmet.globalmet_mod18,Longitudinal analysis DFSO - 1|4 shape,6.724003983311994e-6,6.724003983311994e-5,Severe
globalmet.globalmet_mod18,Longitudinal analysis DFSO - 1|5 average,0.9590430251185502,0.9729927043483225,Mild
globalmet.globalmet_mod18,Longitudinal analysis DFSO - 1|5 shape,0.10307199345858888,0.18037598855253054,Severe
globalmet.globalmet_mod18,Longitudinal analysis DFSO - 2|3 average,0.7226657912128845,0.8353751347965455,Severe
globalmet.globalmet_mod18,Longitudinal analysis DFSO - 2|3 shape,0.3543854141212401,0.4456343530865893,Mild
globalmet.globalmet_mod18,Longitudinal analysis DFSO - 2|4 average,0.118440914916079,0.29724280799243075,Mild
globalmet.globalmet_mod18,Longitudinal analysis DFSO - 2|4 shape,0.9036934451741279,0.9257347487149602,Severe
globalmet.globalmet_mod18,Longitudinal analysis DFSO - 2|5 average,0.048010822518719076,0.16664913601538853,Severe
globalmet.globalmet_mod18,Longitudinal analysis DFSO - 2|5 shape,0.5872563994541452,0.6594857961784518,Severe
globalmet.globalmet_mod18,Longitudinal analysis DFSO - 3|4 average,0.5799788673254871,0.7495653361896706,Mild
globalmet.globalmet_mod18,Longitudinal analysis DFSO - 3|4 shape,0.2742158228682421,0.37393066754760285,Severe
globalmet.globalmet_mod18,Longitudinal analysis DFSO - 3|5 average,0.06502463250912961,0.20525930322578737,Severe
globalmet.globalmet_mod18,Longitudinal analysis DFSO - 3|5 shape,0.27851891051938676,0.37856939293897235,Severe
globalmet.globalmet_mod18,Longitudinal analysis DFSO - 4|5 average,0.16826461364891568,0.36680521314469505,Severe
globalmet.globalmet_mod18,Longitudinal analysis DFSO - 4|5 shape,0.35307085785167175,0.44531459548859503,Severe
globalmet.globalmet_mod19,Longitudinal analysis DFSO - 1|2 average,0.692656663507295,0.8210577608598996,Severe
globalmet.globalmet_mod19,Longitudinal analysis DFSO - 1|2 shape,0.5745441571879057,0.6486788871476356,Mild
globalmet.globalmet_mod19,Longitudinal analysis DFSO - 1|3 average,0.39151501701600433,0.6030671411248967,Mild
globalmet.globalmet_mod19,Longitudinal analysis DFSO - 1|3 shape,0.7908558774349923,0.8324798709842025,Mild
globalmet.globalmet_mod19,Longitudinal analysis DFSO - 1|4 average,0.06303980928166503,0.2000759690047807,Severe
globalmet.globalmet_mod19,Longitudinal analysis DFSO - 1|4 shape,0.011289402341065192,0.033391190022868875,Mild
globalmet.globalmet_mod19,Longitudinal analysis DFSO - 1|5 average,0.16906276380652283,0.3679086051748165,Mild
globalmet.globalmet_mod19,Longitudinal analysis DFSO - 1|5 shape,0.14987596776746703,0.23314039430494873,Severe
globalmet.globalmet_mod19,Longitudinal analysis DFSO - 2|3 average,0.6602101987306945,0.8037341549764977,Mild
globalmet.globalmet_mod19,Longitudinal analysis DFSO - 2|3 shape,0.4013203617971947,0.4914126879149323,Severe
globalmet.globalmet_mod19,Longitudinal analysis DFSO - 2|4 average,0.26324584682429714,0.47316657203796636,Severe
globalmet.globalmet_mod19,Longitudinal analysis DFSO - 2|4 shape,0.05177808216715413,0.10789912417660144,Mild
globalmet.globalmet_mod19,Longitudinal analysis DFSO - 2|5 average,0.5165945883890235,0.7029256818252371,Mild
globalmet.globalmet_mod19,Longitudinal analysis DFSO - 2|5 shape,0.10616938860546415,0.1842609223731196,Severe
globalmet.globalmet_mod19,Longitudinal analysis DFSO - 3|4 average,0.16984587364151477,0.3689755186005321,Severe
globalmet.globalmet_mod19,Longitudinal analysis DFSO - 3|4 shape,0.008867574972344265,0.02758801102507105,Mild
globalmet.globalmet_mod19,Longitudinal analysis DFSO - 3|5 average,0.24039506721068585,0.44741179421782,Mild
globalmet.globalmet_mod19,Longitudinal analysis DFSO - 3|5 shape,0.3497718006418901,0.44248239840239106,Severe
globalmet.globalmet_mod19,Longitudinal analysis DFSO - 4|5 average,0.6143918038250022,0.7748251155174585,Mild
globalmet.globalmet_mod19,Longitudinal analysis DFSO - 4|5 shape,0.023599419431608114,0.0619484760079713,Severe
globalmet.globalmet_mod2,Longitudinal analysis DFSO - 1|2 average,0.24186823948903302,0.4481676202296788,Mild
globalmet.globalmet_mod2,Longitudinal analysis DFSO - 1|2 shape,0.100628492318035,0.17908460497277415,Severe
globalmet.globalmet_mod2,Longitudinal analysis DFSO - 1|3 average,0.3977246781596827,0.6099341991915804,Mild
globalmet.globalmet_mod2,Longitudinal analysis DFSO - 1|3 shape,0.09026191015781419,0.16924108154590162,Mild
globalmet.globalmet_mod2,Longitudinal analysis DFSO - 1|4 average,3.927362548006996e-8,2.6044614792046393e-6,Mild
globalmet.globalmet_mod2,Longitudinal analysis DFSO - 1|4 shape,1.5017842670765203e-5,1.3420199833449756e-4,Mild
globalmet.globalmet_mod2,Longitudinal analysis DFSO - 1|5 average,9.045813893883021e-4,0.009737110045248094,Mild
globalmet.globalmet_mod2,Longitudinal analysis DFSO - 1|5 shape,1.9259215404724893e-5,1.6507898918335625e-4,Mild
globalmet.globalmet_mod2,Longitudinal analysis DFSO - 2|3 average,0.44249787070681623,0.642335618767959,Severe
globalmet.globalmet_mod2,Longitudinal analysis DFSO - 2|3 shape,0.0259611545448716,0.06413932299321219,Mild
globalmet.globalmet_mod2,Longitudinal analysis DFSO - 2|4 average,6.74297421763957e-8,3.8618852337390264e-6,Severe
globalmet.globalmet_mod2,Longitudinal analysis DFSO - 2|4 shape,8.705754211915573e-10,3.656416769004541e-8,Mild
globalmet.globalmet_mod2,Longitudinal analysis DFSO - 2|5 average,0.06732662950058564,0.21052250820882434,Severe
globalmet.globalmet_mod2,Longitudinal analysis DFSO - 2|5 shape,9.492601241069528e-7,1.2459039128903755e-5,Mild
globalmet.globalmet_mod2,Longitudinal analysis DFSO - 3|4 average,7.024390203311489e-7,2.765853642553899e-5,Mild
globalmet.globalmet_mod2,Longitudinal analysis DFSO - 3|4 shape,3.0291098341037926e-4,0.0016451519417836867,Mild
globalmet.globalmet_mod2,Longitudinal analysis DFSO - 3|5 average,0.02706725938243932,0.11072969747361538,Severe
globalmet.globalmet_mod2,Longitudinal analysis DFSO - 3|5 shape,3.0552821775982754e-4,0.0016451519417836867,Mild
globalmet.globalmet_mod2,Longitudinal analysis DFSO - 4|5 average,0.7990504548253703,0.8870231834691328,Severe
globalmet.globalmet_mod2,Longitudinal analysis DFSO - 4|5 shape,0.04584514107423739,0.09925236727412219,Mild
globalmet.globalmet_mod20,Longitudinal analysis DFSO - 1|2 average,0.6587805977751731,0.8027693938072709,Mild
globalmet.globalmet_mod20,Longitudinal analysis DFSO - 1|2 shape,0.8711642540157768,0.89899013927918,Mild
globalmet.globalmet_mod20,Longitudinal analysis DFSO - 1|3 average,0.6236931059238886,0.7762283346575001,Severe
globalmet.globalmet_mod20,Longitudinal analysis DFSO - 1|3 shape,0.3646687671460338,0.45180201239331624,Mild
globalmet.globalmet_mod20,Longitudinal analysis DFSO - 1|4 average,0.5689821342627536,0.7412015021128336,Severe
globalmet.globalmet_mod20,Longitudinal analysis DFSO - 1|4 shape,0.018027968711573684,0.048849979734586754,Mild
globalmet.globalmet_mod20,Longitudinal analysis DFSO - 1|5 average,0.21437071037084107,0.41992385431672496,Severe
globalmet.globalmet_mod20,Longitudinal analysis DFSO - 1|5 shape,0.09632116193286104,0.17440414600318271,Mild
globalmet.globalmet_mod20,Longitudinal analysis DFSO - 2|3 average,0.5758638595989494,0.7457229836533157,Severe
globalmet.globalmet_mod20,Longitudinal analysis DFSO - 2|3 shape,0.3156935658960519,0.4143478052385682,Mild
globalmet.globalmet_mod20,Longitudinal analysis DFSO - 2|4 average,0.5974787420096792,0.7668859688491643,Severe
globalmet.globalmet_mod20,Longitudinal analysis DFSO - 2|4 shape,0.01831559318196942,0.04931121241299459,Mild
globalmet.globalmet_mod20,Longitudinal analysis DFSO - 2|5 average,0.3340105854454355,0.5523009680593814,Severe
globalmet.globalmet_mod20,Longitudinal analysis DFSO - 2|5 shape,0.16790516762531982,0.258315642500492,Mild
globalmet.globalmet_mod20,Longitudinal analysis DFSO - 3|4 average,0.2873937389510052,0.5001603744174952,Mild
globalmet.globalmet_mod20,Longitudinal analysis DFSO - 3|4 shape,0.17070965882528077,0.2616717398051749,Mild
globalmet.globalmet_mod20,Longitudinal analysis DFSO - 3|5 average,0.10054745779681581,0.2707046940683503,Mild
globalmet.globalmet_mod20,Longitudinal analysis DFSO - 3|5 shape,0.3081430815140431,0.4082652815012559,Mild
globalmet.globalmet_mod20,Longitudinal analysis DFSO - 4|5 average,0.47561524349644513,0.6739459251399408,Mild
globalmet.globalmet_mod20,Longitudinal analysis DFSO - 4|5 shape,0.7278064273649634,0.7778083956572128,Mild
globalmet.globalmet_mod21,Longitudinal analysis DFSO - 1|2 average,0.001655583744868386,0.015567429242792285,Mild
globalmet.globalmet_mod21,Longitudinal analysis DFSO - 1|2 shape,0.033247955252859555,0.07630678254754653,Severe
globalmet.globalmet_mod21,Longitudinal analysis DFSO - 1|3 average,0.291877681131302,0.5037847329757409,Mild
globalmet.globalmet_mod21,Longitudinal analysis DFSO - 1|3 shape,0.29724759208262275,0.39712363946178925,Mild
globalmet.globalmet_mod21,Longitudinal analysis DFSO - 1|4 average,3.7455429891799615e-7,1.6854943451309828e-5,Mild
globalmet.globalmet_mod21,Longitudinal analysis DFSO - 1|4 shape,2.004568328170299e-6,2.303314193539932e-5,Mild
globalmet.globalmet_mod21,Longitudinal analysis DFSO - 1|5 average,7.249987703747041e-6,1.9471946956536193e-4,Mild
globalmet.globalmet_mod21,Longitudinal analysis DFSO - 1|5 shape,8.773728567767989e-7,1.1886987091814696e-5,Mild
globalmet.globalmet_mod21,Longitudinal analysis DFSO - 2|3 average,0.01416310942982363,0.06890161344238523,Severe
globalmet.globalmet_mod21,Longitudinal analysis DFSO - 2|3 shape,0.0010822275210409726,0.0044129665906525095,Mild
globalmet.globalmet_mod21,Longitudinal analysis DFSO - 2|4 average,1.0220842460667908e-4,0.0017403056081677787,Severe
globalmet.globalmet_mod21,Longitudinal analysis DFSO - 2|4 shape,1.6150182176146792e-11,1.1305127523302754e-9,Mild
globalmet.globalmet_mod21,Longitudinal analysis DFSO - 2|5 average,0.0737386624577342,0.2242338993275506,Severe
globalmet.globalmet_mod21,Longitudinal analysis DFSO - 2|5 shape,8.990488767697608e-9,2.3600033015206222e-7,Mild
globalmet.globalmet_mod21,Longitudinal analysis DFSO - 3|4 average,9.932872028764002e-8,5.441486415757671e-6,Mild
globalmet.globalmet_mod21,Longitudinal analysis DFSO - 3|4 shape,2.4408313151440377e-6,2.6285875701551176e-5,Mild
globalmet.globalmet_mod21,Longitudinal analysis DFSO - 3|5 average,0.0019234880051219537,0.01706756962291311,Severe
globalmet.globalmet_mod21,Longitudinal analysis DFSO - 3|5 shape,3.978568719672691e-5,3.038179749568237e-4,Mild
globalmet.globalmet_mod21,Longitudinal analysis DFSO - 4|5 average,0.6315103774444577,0.782402237541806,Severe
globalmet.globalmet_mod21,Longitudinal analysis DFSO - 4|5 shape,0.2967935200833358,0.39712363946178925,Mild
globalmet.globalmet_mod22,Longitudinal analysis DFSO - 1|2 average,0.6192903554848763,0.775405106343607,Mild
globalmet.globalmet_mod22,Longitudinal analysis DFSO - 1|2 shape,0.0010381157190917224,0.0042745941374365045,Severe
globalmet.globalmet_mod22,Longitudinal analysis DFSO - 1|3 average,0.1305426886740893,0.3115223252449858,Severe
globalmet.globalmet_mod22,Longitudinal analysis DFSO - 1|3 shape,1.4146602661402041e-5,1.2916463299540994e-4,Severe
globalmet.globalmet_mod22,Longitudinal analysis DFSO - 1|4 average,0.14076674053896815,0.3260406122777571,Mild
globalmet.globalmet_mod22,Longitudinal analysis DFSO - 1|4 shape,5.991937762358554e-6,6.138082585830714e-5,Mild
globalmet.globalmet_mod22,Longitudinal analysis DFSO - 1|5 average,0.18553651849790553,0.3890468668084678,Mild
globalmet.globalmet_mod22,Longitudinal analysis DFSO - 1|5 shape,0.00290581236576375,0.010705624505445394,Mild
globalmet.globalmet_mod22,Longitudinal analysis DFSO - 2|3 average,0.013102957004073422,0.06654996454778227,Severe
globalmet.globalmet_mod22,Longitudinal analysis DFSO - 2|3 shape,0.3973828639375653,0.4880140434320977,Mild
globalmet.globalmet_mod22,Longitudinal analysis DFSO - 2|4 average,0.02602559044384568,0.10766147547794225,Severe
globalmet.globalmet_mod22,Longitudinal analysis DFSO - 2|4 shape,0.0034183801123983215,0.012064870984935253,Mild
globalmet.globalmet_mod22,Longitudinal analysis DFSO - 2|5 average,0.2101572879353337,0.4150441736653926,Mild
globalmet.globalmet_mod22,Longitudinal analysis DFSO - 2|5 shape,8.535171561041644e-5,5.781890412318533e-4,Mild
globalmet.globalmet_mod22,Longitudinal analysis DFSO - 3|4 average,0.00109711241256383,0.011238712518946552,Mild
globalmet.globalmet_mod22,Longitudinal analysis DFSO - 3|4 shape,0.0017380668056357887,0.00682231830249562,Mild
globalmet.globalmet_mod22,Longitudinal analysis DFSO - 3|5 average,4.895716987807862e-5,9.638442819746727e-4,Mild
globalmet.globalmet_mod22,Longitudinal analysis DFSO - 3|5 shape,1.0187845936965863e-5,9.78483119907628e-5,Mild
globalmet.globalmet_mod22,Longitudinal analysis DFSO - 4|5 average,0.082888365613905,0.24187636592471903,Mild
globalmet.globalmet_mod22,Longitudinal analysis DFSO - 4|5 shape,1.0250775541889437e-5,9.78483119907628e-5,Severe
globalmet.globalmet_mod23,Longitudinal analysis DFSO - 1|2 average,0.5308996464291011,0.7154369566852059,Mild
globalmet.globalmet_mod23,Longitudinal analysis DFSO - 1|2 shape,0.0832582264063953,0.15822830357776482,Severe
globalmet.globalmet_mod23,Longitudinal analysis DFSO - 1|3 average,0.4982172391572668,0.6880396037810264,Mild
globalmet.globalmet_mod23,Longitudinal analysis DFSO - 1|3 shape,0.09468967077294921,0.17366664508575838,Severe
globalmet.globalmet_mod23,Longitudinal analysis DFSO - 1|4 average,0.5127050830723738,0.6991432950986916,Mild
globalmet.globalmet_mod23,Longitudinal analysis DFSO - 1|4 shape,0.026166736716459176,0.06426917790007518,Severe
globalmet.globalmet_mod23,Longitudinal analysis DFSO - 1|5 average,0.03431733956773992,0.1330456857087763,Mild
globalmet.globalmet_mod23,Longitudinal analysis DFSO - 1|5 shape,0.07588040495051886,0.14686529990423003,Mild
globalmet.globalmet_mod23,Longitudinal analysis DFSO - 2|3 average,0.18587794747515682,0.3890468668084678,Severe
globalmet.globalmet_mod23,Longitudinal analysis DFSO - 2|3 shape,0.8391340127056119,0.8745317254003896,Mild
globalmet.globalmet_mod23,Longitudinal analysis DFSO - 2|4 average,0.7274158778637352,0.8377915960770624,Mild
globalmet.globalmet_mod23,Longitudinal analysis DFSO - 2|4 shape,0.3113165978550003,0.41117286509150985,Severe
globalmet.globalmet_mod23,Longitudinal analysis DFSO - 2|5 average,0.900684711555677,0.940401722820854,Severe
globalmet.globalmet_mod23,Longitudinal analysis DFSO - 2|5 shape,0.014219313468791062,0.04035210578981248,Mild
globalmet.globalmet_mod23,Longitudinal analysis DFSO - 3|4 average,0.5504065181820743,0.7331657604343678,Mild
globalmet.globalmet_mod23,Longitudinal analysis DFSO - 3|4 shape,0.2521699721887395,0.35375213656201143,Severe
globalmet.globalmet_mod23,Longitudinal analysis DFSO - 3|5 average,0.25259650785929705,0.46059565832520155,Severe
globalmet.globalmet_mod23,Longitudinal analysis DFSO - 3|5 shape,0.024215735645501765,0.06278153685870828,Mild
globalmet.globalmet_mod23,Longitudinal analysis DFSO - 4|5 average,0.5009331160458934,0.6905642518794592,Severe
globalmet.globalmet_mod23,Longitudinal analysis DFSO - 4|5 shape,0.004037172943462796,0.013898464231593233,Mild
globalmet.globalmet_mod24,Longitudinal analysis DFSO - 1|2 average,0.01441093756515875,0.06983762050807703,Severe
globalmet.globalmet_mod24,Longitudinal analysis DFSO - 1|2 shape,0.03594337872748122,0.08072844420075996,Mild
globalmet.globalmet_mod24,Longitudinal analysis DFSO - 1|3 average,0.09079188859397903,0.2559234443588671,Severe
globalmet.globalmet_mod24,Longitudinal analysis DFSO - 1|3 shape,0.07813874347554856,0.15054253330151557,Mild
globalmet.globalmet_mod24,Longitudinal analysis DFSO - 1|4 average,4.9369033269285096e-9,6.220498191929921e-7,Severe
globalmet.globalmet_mod24,Longitudinal analysis DFSO - 1|4 shape,0.11319131731959223,0.19245600342944758,Mild
globalmet.globalmet_mod24,Longitudinal analysis DFSO - 1|5 average,5.204587161338548e-7,2.1859266077621902e-5,Severe
globalmet.globalmet_mod24,Longitudinal analysis DFSO - 1|5 shape,0.01528642831284492,0.04308926101607293,Severe
globalmet.globalmet_mod24,Longitudinal analysis DFSO - 2|3 average,0.19783634394564947,0.40335565270472223,Mild
globalmet.globalmet_mod24,Longitudinal analysis DFSO - 2|3 shape,0.11000460985351548,0.18857933117745512,Severe
globalmet.globalmet_mod24,Longitudinal analysis DFSO - 2|4 average,7.199722632887207e-6,1.9471946956536193e-4,Severe
globalmet.globalmet_mod24,Longitudinal analysis DFSO - 2|4 shape,0.09307983703819543,0.17221820068741003,Severe
globalmet.globalmet_mod24,Longitudinal analysis DFSO - 2|5 average,3.889278005298763e-4,0.005158410828080464,Severe
globalmet.globalmet_mod24,Longitudinal analysis DFSO - 2|5 shape,0.06089745205858628,0.12182592723696413,Severe
globalmet.globalmet_mod24,Longitudinal analysis DFSO - 3|4 average,2.2686136866929484e-6,7.522245382192408e-5,Severe
globalmet.globalmet_mod24,Longitudinal analysis DFSO - 3|4 shape,0.7541371160236667,0.7998423957826768,Mild
globalmet.globalmet_mod24,Longitudinal analysis DFSO - 3|5 average,5.799329080553499e-5,0.0010438792344996297,Severe
globalmet.globalmet_mod24,Longitudinal analysis DFSO - 3|5 shape,0.15909721007868077,0.24657132189315842,Severe
globalmet.globalmet_mod24,Longitudinal analysis DFSO - 4|5 average,0.2937299346588336,0.5037847329757409,Mild
globalmet.globalmet_mod24,Longitudinal analysis DFSO - 4|5 shape,0.12179640611282488,0.20139563215506479,Severe
globalmet.globalmet_mod25,Longitudinal analysis DFSO - 1|2 average,0.5555238667032643,0.7352521765190262,Severe
globalmet.globalmet_mod25,Longitudinal analysis DFSO - 1|2 shape,0.20224645919753714,0.3012181307197362,Mild
globalmet.globalmet_mod25,Longitudinal analysis DFSO - 1|3 average,0.29131114303510214,0.5035007410483247,Severe
globalmet.globalmet_mod25,Longitudinal analysis DFSO - 1|3 shape,0.010216562649410857,0.03087018930037813,Severe
globalmet.globalmet_mod25,Longitudinal analysis DFSO - 1|4 average,0.19422819445981226,0.3983476221757641,Mild
globalmet.globalmet_mod25,Longitudinal analysis DFSO - 1|4 shape,4.4964892267583415e-4,0.0022217946767511803,Severe
globalmet.globalmet_mod25,Longitudinal analysis DFSO - 1|5 average,0.41369173020866423,0.6236052158441574,Severe
globalmet.globalmet_mod25,Longitudinal analysis DFSO - 1|5 shape,0.8054525934402321,0.8436161826556048,Mild
globalmet.globalmet_mod25,Longitudinal analysis DFSO - 2|3 average,0.5698113550002606,0.7412015021128336,Mild
globalmet.globalmet_mod25,Longitudinal analysis DFSO - 2|3 shape,0.03213649084036459,0.07498514529418404,Severe
globalmet.globalmet_mod25,Longitudinal analysis DFSO - 2|4 average,0.3929013511046582,0.6037264663315479,Mild
globalmet.globalmet_mod25,Longitudinal analysis DFSO - 2|4 shape,0.0031341947041898808,0.01119386512204683,Severe
globalmet.globalmet_mod25,Longitudinal analysis DFSO - 2|5 average,0.906004137207484,0.9411089966046412,Severe
globalmet.globalmet_mod25,Longitudinal analysis DFSO - 2|5 shape,0.7954518050032032,0.8352243952533633,Mild
globalmet.globalmet_mod25,Longitudinal analysis DFSO - 3|4 average,0.8258777587222685,0.897017908355335,Mild
globalmet.globalmet_mod25,Longitudinal analysis DFSO - 3|4 shape,0.33306821295650924,0.42864578060962905,Severe
globalmet.globalmet_mod25,Longitudinal analysis DFSO - 3|5 average,0.9347705327794098,0.9603017439317599,Severe
globalmet.globalmet_mod25,Longitudinal analysis DFSO - 3|5 shape,0.35815590921864726,0.44769488652330913,Mild
globalmet.globalmet_mod25,Longitudinal analysis DFSO - 4|5 average,0.81127095881164,0.8880985300631332,Severe
globalmet.globalmet_mod25,Longitudinal analysis DFSO - 4|5 shape,0.129823316385614,0.2089110838389191,Mild
globalmet.globalmet_mod26,Longitudinal analysis DFSO - 1|2 average,0.9037766949331338,0.9411089966046412,Mild
globalmet.globalmet_mod26,Longitudinal analysis DFSO - 1|2 shape,0.8508800824137446,0.8845783034994374,Severe
globalmet.globalmet_mod26,Longitudinal analysis DFSO - 1|3 average,0.20730038891893837,0.41251763186951873,Severe
globalmet.globalmet_mod26,Longitudinal analysis DFSO - 1|3 shape,0.037410012781997876,0.08357556047042078,Mild
globalmet.globalmet_mod26,Longitudinal analysis DFSO - 1|4 average,4.3744594062377213e-4,0.0055674937897571,Severe
globalmet.globalmet_mod26,Longitudinal analysis DFSO - 1|4 shape,4.627232088005097e-4,0.0022598110197234195,Mild
globalmet.globalmet_mod26,Longitudinal analysis DFSO - 1|5 average,0.0952223174722771,0.26298260533942097,Mild
globalmet.globalmet_mod26,Longitudinal analysis DFSO - 1|5 shape,0.0017605176403060353,0.006846457490079026,Mild
globalmet.globalmet_mod26,Longitudinal analysis DFSO - 2|3 average,0.8934978362177597,0.9381727280286477,Severe
globalmet.globalmet_mod26,Longitudinal analysis DFSO - 2|3 shape,0.005018678165271593,0.016728927217571975,Mild
globalmet.globalmet_mod26,Longitudinal analysis DFSO - 2|4 average,0.0010125056403294465,0.010543447163761177,Severe
globalmet.globalmet_mod26,Longitudinal analysis DFSO - 2|4 shape,4.1255419775162266e-5,3.09415648313717e-4,Mild
globalmet.globalmet_mod26,Longitudinal analysis DFSO - 2|5 average,0.18553840714992487,0.3890468668084678,Severe
globalmet.globalmet_mod26,Longitudinal analysis DFSO - 2|5 shape,2.7423522782126674e-4,0.0015357172757990937,Mild
globalmet.globalmet_mod26,Longitudinal analysis DFSO - 3|4 average,0.007843296750307148,0.04705978050184288,Mild
globalmet.globalmet_mod26,Longitudinal analysis DFSO - 3|4 shape,0.04566793402180806,0.09925236727412219,Mild
globalmet.globalmet_mod26,Longitudinal analysis DFSO - 3|5 average,0.17544530747051018,0.37595423029395036,Mild
globalmet.globalmet_mod26,Longitudinal analysis DFSO - 3|5 shape,0.00902275581264172,0.02786439295080531,Mild
globalmet.globalmet_mod26,Longitudinal analysis DFSO - 4|5 average,0.5427528185994229,0.726746600887644,Mild
globalmet.globalmet_mod26,Longitudinal analysis DFSO - 4|5 shape,0.07419164851720214,0.14493252268476697,Severe
globalmet.globalmet_mod27,Longitudinal analysis DFSO - 1|2 average,0.20875921819986054,0.41357958322613875,Mild
globalmet.globalmet_mod27,Longitudinal analysis DFSO - 1|2 shape,0.8534046737064251,0.8850122542140705,Severe
globalmet.globalmet_mod27,Longitudinal analysis DFSO - 1|3 average,0.08767742993014217,0.2505069426575491,Mild
globalmet.globalmet_mod27,Longitudinal analysis DFSO - 1|3 shape,0.7581492161369987,0.8020722185832228,Mild
globalmet.globalmet_mod27,Longitudinal analysis DFSO - 1|4 average,8.259435356394476e-6,2.0813777098114078e-4,Mild
globalmet.globalmet_mod27,Longitudinal analysis DFSO - 1|4 shape,2.2062380394298237e-4,0.0012693424336445562,Mild
globalmet.globalmet_mod27,Longitudinal analysis DFSO - 1|5 average,0.10147493652002701,0.2726192324418636,Severe
globalmet.globalmet_mod27,Longitudinal analysis DFSO - 1|5 shape,4.0885209049160176e-4,0.0020688900964635267,Mild
globalmet.globalmet_mod27,Longitudinal analysis DFSO - 2|3 average,0.5466967108743324,0.7304749265128937,Severe
globalmet.globalmet_mod27,Longitudinal analysis DFSO - 2|3 shape,0.4966711928541766,0.5756534446263587,Mild
globalmet.globalmet_mod27,Longitudinal analysis DFSO - 2|4 average,1.1433336767773823e-5,2.824706730861768e-4,Mild
globalmet.globalmet_mod27,Longitudinal analysis DFSO - 2|4 shape,5.56109261638387e-5,4.0269981015193546e-4,Mild
globalmet.globalmet_mod27,Longitudinal analysis DFSO - 2|5 average,0.40888060369715296,0.6215969347984185,Severe
globalmet.globalmet_mod27,Longitudinal analysis DFSO - 2|5 shape,3.93284008136562e-4,0.0020392504125599513,Mild
globalmet.globalmet_mod27,Longitudinal analysis DFSO - 3|4 average,2.4394482655214163e-4,0.0035740753657639355,Mild
globalmet.globalmet_mod27,Longitudinal analysis DFSO - 3|4 shape,1.02045391309068e-4,6.696728804657587e-4,Mild
globalmet.globalmet_mod27,Longitudinal analysis DFSO - 3|5 average,0.9579752752152771,0.9729927043483225,Severe
globalmet.globalmet_mod27,Longitudinal analysis DFSO - 3|5 shape,1.8878487632344285e-4,0.00110124511188675,Mild
globalmet.globalmet_mod27,Longitudinal analysis DFSO - 4|5 average,0.08304343044774924,0.24187636592471903,Severe
globalmet.globalmet_mod27,Longitudinal analysis DFSO - 4|5 shape,0.19292692981539594,0.2893903947230939,Mild
globalmet.globalmet_mod28,Longitudinal analysis DFSO - 1|2 average,0.23014433164017056,0.43870175168928127,Severe
globalmet.globalmet_mod28,Longitudinal analysis DFSO - 1|2 shape,0.057032852510630075,0.1162805730799254,Mild
globalmet.globalmet_mod28,Longitudinal analysis DFSO - 1|3 average,0.9211567399063076,0.952139042068866,Severe
globalmet.globalmet_mod28,Longitudinal analysis DFSO - 1|3 shape,0.047895076844488356,0.10263230752390362,Mild
globalmet.globalmet_mod28,Longitudinal analysis DFSO - 1|4 average,0.9429788072630658,0.9628470803496458,Severe
globalmet.globalmet_mod28,Longitudinal analysis DFSO - 1|4 shape,0.3414051699399427,0.43421383817721004,Mild
globalmet.globalmet_mod28,Longitudinal analysis DFSO - 1|5 average,0.3600417098696701,0.5742437397921321,Severe
globalmet.globalmet_mod28,Longitudinal analysis DFSO - 1|5 shape,0.7783482116583557,0.8213724846645964,Mild
globalmet.globalmet_mod28,Longitudinal analysis DFSO - 2|3 average,0.1928611340706813,0.3981824903464941,Severe
globalmet.globalmet_mod28,Longitudinal analysis DFSO - 2|3 shape,0.24071362368373045,0.3427109218548027,Severe
globalmet.globalmet_mod28,Longitudinal analysis DFSO - 2|4 average,0.0010707934702948148,0.011059014529274316,Severe
globalmet.globalmet_mod28,Longitudinal analysis DFSO - 2|4 shape,0.26213661154039064,0.36279790453768335,Severe
globalmet.globalmet_mod28,Longitudinal analysis DFSO - 2|5 average,0.005518123457227738,0.03621268518805703,Severe
globalmet.globalmet_mod28,Longitudinal analysis DFSO - 2|5 shape,0.5284089623197232,0.6063709403668955,Severe
globalmet.globalmet_mod28,Longitudinal analysis DFSO - 3|4 average,0.2625764965698699,0.4726376938257658,Severe
globalmet.globalmet_mod28,Longitudinal analysis DFSO - 3|4 shape,0.9549581170403738,0.9711438478376683,Severe
globalmet.globalmet_mod28,Longitudinal analysis DFSO - 3|5 average,0.09729443793820997,0.265348467104209,Severe
globalmet.globalmet_mod28,Longitudinal analysis DFSO - 3|5 shape,0.9680507340665117,0.9820804548500842,Severe
globalmet.globalmet_mod28,Longitudinal analysis DFSO - 4|5 average,0.3208828802040244,0.5362233807122955,Severe
globalmet.globalmet_mod28,Longitudinal analysis DFSO - 4|5 shape,0.41257482268570583,0.5008133685780244,Mild
globalmet.globalmet_mod29,Longitudinal analysis DFSO - 1|2 average,0.29651718342975225,0.5069357545746104,Severe
globalmet.globalmet_mod29,Longitudinal analysis DFSO - 1|2 shape,0.34121238493289574,0.43421383817721004,Mild
globalmet.globalmet_mod29,Longitudinal analysis DFSO - 1|3 average,0.216820875869473,0.42240004908948103,Severe
globalmet.globalmet_mod29,Longitudinal analysis DFSO - 1|3 shape,0.1184471884844002,0.19741198080733366,Mild
globalmet.globalmet_mod29,Longitudinal analysis DFSO - 1|4 average,0.06800211177856469,0.21052250820882434,Severe
globalmet.globalmet_mod29,Longitudinal analysis DFSO - 1|4 shape,4.8329975431903364e-4,0.0022830982011293514,Mild
globalmet.globalmet_mod29,Longitudinal analysis DFSO - 1|5 average,0.024770908063105116,0.10440929075595881,Severe
globalmet.globalmet_mod29,Longitudinal analysis DFSO - 1|5 shape,0.05513267693819891,0.11350845251982129,Mild
globalmet.globalmet_mod29,Longitudinal analysis DFSO - 2|3 average,0.260292188295824,0.46986842013286284,Severe
globalmet.globalmet_mod29,Longitudinal analysis DFSO - 2|3 shape,0.5625393611991627,0.6394091935421442,Severe
globalmet.globalmet_mod29,Longitudinal analysis DFSO - 2|4 average,0.05809997983790625,0.1893955032528527,Severe
globalmet.globalmet_mod29,Longitudinal analysis DFSO - 2|4 shape,0.07882148201477582,0.15077020693868276,Mild
globalmet.globalmet_mod29,Longitudinal analysis DFSO - 2|5 average,0.0021142086462181335,0.01862869156807586,Severe
globalmet.globalmet_mod29,Longitudinal analysis DFSO - 2|5 shape,0.03934240387533221,0.0874275641674049,Mild
globalmet.globalmet_mod29,Longitudinal analysis DFSO - 3|4 average,0.41285583055751673,0.6236052158441574,Severe
globalmet.globalmet_mod29,Longitudinal analysis DFSO - 3|4 shape,0.025497971874257484,0.06336774075259256,Mild
globalmet.globalmet_mod29,Longitudinal analysis DFSO - 3|5 average,0.07318983554781208,0.2232910237051894,Severe
globalmet.globalmet_mod29,Longitudinal analysis DFSO - 3|5 shape,0.2813633665492862,0.3812019804861297,Mild
globalmet.globalmet_mod29,Longitudinal analysis DFSO - 4|5 average,0.20521924763626345,0.41048974695235474,Severe
globalmet.globalmet_mod29,Longitudinal analysis DFSO - 4|5 shape,0.4176046563990067,0.5054580855549937,Severe
globalmet.globalmet_mod3,Longitudinal analysis DFSO - 1|2 average,0.008444341807412107,0.04880674622632686,Mild
globalmet.globalmet_mod3,Longitudinal analysis DFSO - 1|2 shape,0.005279673813198243,0.017460338594828834,Severe
globalmet.globalmet_mod3,Longitudinal analysis DFSO - 1|3 average,0.0011956383946906011,0.011956383946906011,Mild
globalmet.globalmet_mod3,Longitudinal analysis DFSO - 1|3 shape,0.24732906756431228,0.34895792321011754,Mild
globalmet.globalmet_mod3,Longitudinal analysis DFSO - 1|4 average,1.123851571368683e-22,7.080264899622703e-20,Mild
globalmet.globalmet_mod3,Longitudinal analysis DFSO - 1|4 shape,7.975067091297913e-9,2.2330187855634157e-7,Mild
globalmet.globalmet_mod3,Longitudinal analysis DFSO - 1|5 average,2.8874993397261144e-17,1.212749722684968e-14,Mild
globalmet.globalmet_mod3,Longitudinal analysis DFSO - 1|5 shape,1.4206264782965982e-16,1.9888770696152377e-14,Mild
globalmet.globalmet_mod3,Longitudinal analysis DFSO - 2|3 average,0.6192630682619414,0.775405106343607,Severe
globalmet.globalmet_mod3,Longitudinal analysis DFSO - 2|3 shape,2.51501091170731e-4,0.0014274386255636086,Mild
globalmet.globalmet_mod3,Longitudinal analysis DFSO - 2|4 average,7.336830171479379e-24,9.244406016064018e-21,Mild
globalmet.globalmet_mod3,Longitudinal analysis DFSO - 2|4 shape,5.709513759929889e-18,1.1989978895852768e-15,Mild
globalmet.globalmet_mod3,Longitudinal analysis DFSO - 2|5 average,7.502957237836885e-9,7.878105099728729e-7,Severe
globalmet.globalmet_mod3,Longitudinal analysis DFSO - 2|5 shape,6.454613364369104e-25,2.710937613035024e-22,Mild
globalmet.globalmet_mod3,Longitudinal analysis DFSO - 3|4 average,1.2037808863410124e-16,3.7919097919741893e-14,Mild
globalmet.globalmet_mod3,Longitudinal analysis DFSO - 3|4 shape,1.1432306551146101e-7,2.2864613102292203e-6,Mild
globalmet.globalmet_mod3,Longitudinal analysis DFSO - 3|5 average,1.1059661857096424e-7,5.574069575976598e-6,Severe
globalmet.globalmet_mod3,Longitudinal analysis DFSO - 3|5 shape,5.1189210453038606e-12,4.299893678055243e-10,Mild
globalmet.globalmet_mod3,Longitudinal analysis DFSO - 4|5 average,0.5674024331666858,0.7412015021128336,Severe
globalmet.globalmet_mod3,Longitudinal analysis DFSO - 4|5 shape,0.004288570471418335,0.014409596783965606,Mild
globalmet.globalmet_mod30,Longitudinal analysis DFSO - 1|2 average,0.14747561958114389,0.3360203990456443,Mild
globalmet.globalmet_mod30,Longitudinal analysis DFSO - 1|2 shape,0.91920951054726,0.9393381859607036,Severe
globalmet.globalmet_mod30,Longitudinal analysis DFSO - 1|3 average,0.0367435806772083,0.13910923391100272,Mild
globalmet.globalmet_mod30,Longitudinal analysis DFSO - 1|3 shape,0.5768253180334184,0.6495084010027767,Severe
globalmet.globalmet_mod30,Longitudinal analysis DFSO - 1|4 average,0.031927348888505624,0.12690365804264064,Mild
globalmet.globalmet_mod30,Longitudinal analysis DFSO - 1|4 shape,0.10211873986616224,0.1802095409402863,Severe
globalmet.globalmet_mod30,Longitudinal analysis DFSO - 1|5 average,0.3689131031892018,0.5839579271587867,Mild
globalmet.globalmet_mod30,Longitudinal analysis DFSO - 1|5 shape,0.0042863428737565466,0.014409596783965606,Mild
globalmet.globalmet_mod30,Longitudinal analysis DFSO - 2|3 average,0.38408193864716367,0.5967240970350508,Mild
globalmet.globalmet_mod30,Longitudinal analysis DFSO - 2|3 shape,0.2624044580757283,0.36279790453768335,Severe
globalmet.globalmet_mod30,Longitudinal analysis DFSO - 2|4 average,0.2469655136178825,0.453770749274359,Mild
globalmet.globalmet_mod30,Longitudinal analysis DFSO - 2|4 shape,0.09375934077365683,0.17271457510936783,Severe
globalmet.globalmet_mod30,Longitudinal analysis DFSO - 2|5 average,0.776628658177004,0.8675107351977173,Severe
globalmet.globalmet_mod30,Longitudinal analysis DFSO - 2|5 shape,0.0019134204288579434,0.007372812661654461,Mild
globalmet.globalmet_mod30,Longitudinal analysis DFSO - 3|4 average,0.8025447850435011,0.8870231834691328,Mild
globalmet.globalmet_mod30,Longitudinal analysis DFSO - 3|4 shape,0.4821892469801694,0.5641211246007554,Severe
globalmet.globalmet_mod30,Longitudinal analysis DFSO - 3|5 average,0.4371600027726953,0.6401721012855963,Severe
globalmet.globalmet_mod30,Longitudinal analysis DFSO - 3|5 shape,0.1313368272718573,0.21002967725175534,Mild
globalmet.globalmet_mod30,Longitudinal analysis DFSO - 4|5 average,0.8438281194752172,0.9056417636616472,Severe
globalmet.globalmet_mod30,Longitudinal analysis DFSO - 4|5 shape,0.0015089628632190487,0.006035851452876195,Mild
globalmet.globalmet_mod31,Longitudinal analysis DFSO - 1|2 average,0.7043306045520636,0.8263096477985105,Severe
globalmet.globalmet_mod31,Longitudinal analysis DFSO - 1|2 shape,0.3352958644912294,0.429342265507062,Mild
globalmet.globalmet_mod31,Longitudinal analysis DFSO - 1|3 average,0.696187445564598,0.8238207887974898,Mild
globalmet.globalmet_mod31,Longitudinal analysis DFSO - 1|3 shape,0.34220185818251553,0.43421383817721004,Severe
globalmet.globalmet_mod31,Longitudinal analysis DFSO - 1|4 average,0.4504545330468107,0.6485736823107304,Mild
globalmet.globalmet_mod31,Longitudinal analysis DFSO - 1|4 shape,0.031865424841853895,0.0747680359417801,Severe
globalmet.globalmet_mod31,Longitudinal analysis DFSO - 1|5 average,0.3632883209970774,0.5786893608803003,Mild
globalmet.globalmet_mod31,Longitudinal analysis DFSO - 1|5 shape,0.008303879346381703,0.02622277688331064,Severe
globalmet.globalmet_mod31,Longitudinal analysis DFSO - 2|3 average,0.7743531949658753,0.8665053513827734,Mild
globalmet.globalmet_mod31,Longitudinal analysis DFSO - 2|3 shape,0.13858626149417252,0.2196461502926508,Severe
globalmet.globalmet_mod31,Longitudinal analysis DFSO - 2|4 average,0.1571230206333984,0.3510195141809964,Mild
globalmet.globalmet_mod31,Longitudinal analysis DFSO - 2|4 shape,0.03125342995027708,0.073744048197283,Severe
globalmet.globalmet_mod31,Longitudinal analysis DFSO - 2|5 average,0.4985556811524421,0.6880396037810264,Mild
globalmet.globalmet_mod31,Longitudinal analysis DFSO - 2|5 shape,4.043630640230047e-4,0.0020688900964635267,Severe
globalmet.globalmet_mod31,Longitudinal analysis DFSO - 3|4 average,0.3046253626964763,0.5179864466903645,Mild
globalmet.globalmet_mod31,Longitudinal analysis DFSO - 3|4 shape,0.0506516953623506,0.10636856026093625,Severe
globalmet.globalmet_mod31,Longitudinal analysis DFSO - 3|5 average,0.4569672210438773,0.6557843946643342,Mild
globalmet.globalmet_mod31,Longitudinal analysis DFSO - 3|5 shape,0.007550120430562042,0.02439269677566198,Severe
globalmet.globalmet_mod31,Longitudinal analysis DFSO - 4|5 average,0.4289119268379016,0.6351143345106129,Mild
globalmet.globalmet_mod31,Longitudinal analysis DFSO - 4|5 shape,0.035783836128230974,0.08072844420075996,Severe
globalmet.globalmet_mod32,Longitudinal analysis DFSO - 1|2 average,0.012326963714070143,0.06375466790053319,Mild
globalmet.globalmet_mod32,Longitudinal analysis DFSO - 1|2 shape,0.01235472689557217,0.03578610549062283,Severe
globalmet.globalmet_mod32,Longitudinal analysis DFSO - 1|3 average,0.03297989398271489,0.12985833255693988,Mild
globalmet.globalmet_mod32,Longitudinal analysis DFSO - 1|3 shape,0.020185838155579373,0.05400033137161361,Mild
globalmet.globalmet_mod32,Longitudinal analysis DFSO - 1|4 average,4.1241444149449105e-7,1.791869642355375e-5,Mild
globalmet.globalmet_mod32,Longitudinal analysis DFSO - 1|4 shape,9.41581064815078e-5,6.277207098767187e-4,Mild
globalmet.globalmet_mod32,Longitudinal analysis DFSO - 1|5 average,3.392253867761987e-4,0.004858315940720231,Severe
globalmet.globalmet_mod32,Longitudinal analysis DFSO - 1|5 shape,3.927012281109694e-5,3.038179749568237e-4,Mild
globalmet.globalmet_mod32,Longitudinal analysis DFSO - 2|3 average,0.8001471454810227,0.8870231834691328,Severe
globalmet.globalmet_mod32,Longitudinal analysis DFSO - 2|3 shape,0.6202391819282861,0.6891584548329163,Mild
globalmet.globalmet_mod32,Longitudinal analysis DFSO - 2|4 average,7.401605970717453e-4,0.00825311816203893,Mild
globalmet.globalmet_mod32,Longitudinal analysis DFSO - 2|4 shape,8.246091842023666e-4,0.0036076651808853535,Mild
globalmet.globalmet_mod32,Longitudinal analysis DFSO - 2|5 average,0.28914406886015387,0.5025124507086812,Severe
globalmet.globalmet_mod32,Longitudinal analysis DFSO - 2|5 shape,2.0738150691906568e-5,1.742004658120152e-4,Mild
globalmet.globalmet_mod32,Longitudinal analysis DFSO - 3|4 average,0.005776689856186049,0.03732630368612524,Mild
globalmet.globalmet_mod32,Longitudinal analysis DFSO - 3|4 shape,1.7487899080621385e-4,0.001047494327459528,Mild
globalmet.globalmet_mod32,Longitudinal analysis DFSO - 3|5 average,0.20087567686297056,0.40727248677830585,Severe
globalmet.globalmet_mod32,Longitudinal analysis DFSO - 3|5 shape,2.4118719288834405e-6,2.6285875701551176e-5,Mild
globalmet.globalmet_mod32,Longitudinal analysis DFSO - 4|5 average,0.5738294201971917,0.7438529521074708,Severe
globalmet.globalmet_mod32,Longitudinal analysis DFSO - 4|5 shape,0.1288550998142927,0.20815054585385742,Mild
globalmet.globalmet_mod33,Longitudinal analysis DFSO - 1|2 average,0.3190032777027253,0.5337903451599387,Mild
globalmet.globalmet_mod33,Longitudinal analysis DFSO - 1|2 shape,0.9824358673816724,0.9871365174648383,Severe
globalmet.globalmet_mod33,Longitudinal analysis DFSO - 1|3 average,0.30542748059414426,0.5186504387447733,Mild
globalmet.globalmet_mod33,Longitudinal analysis DFSO - 1|3 shape,0.14763100892781034,0.2313620289167177,Mild
globalmet.globalmet_mod33,Longitudinal analysis DFSO - 1|4 average,0.045686509229232716,0.16124650316199782,Mild
globalmet.globalmet_mod33,Longitudinal analysis DFSO - 1|4 shape,0.12558408701510193,0.20602681008155713,Mild
globalmet.globalmet_mod33,Longitudinal analysis DFSO - 1|5 average,0.7174126297985403,0.8346628933944236,Mild
globalmet.globalmet_mod33,Longitudinal analysis DFSO - 1|5 shape,0.029988561163078173,0.07115929767510075,Severe
globalmet.globalmet_mod33,Longitudinal analysis DFSO - 2|3 average,0.7604791731189674,0.8570695511000884,Severe
globalmet.globalmet_mod33,Longitudinal analysis DFSO - 2|3 shape,0.2526800975442939,0.35375213656201143,Mild
globalmet.globalmet_mod33,Longitudinal analysis DFSO - 2|4 average,0.8649324040399362,0.9212297794508196,Severe
globalmet.globalmet_mod33,Longitudinal analysis DFSO - 2|4 shape,0.23354243391507562,0.33707155410423284,Mild
globalmet.globalmet_mod33,Longitudinal analysis DFSO - 2|5 average,0.06186792083992901,0.19735083609698875,Severe
globalmet.globalmet_mod33,Longitudinal analysis DFSO - 2|5 shape,0.07468911466966253,0.14522883407989937,Severe
globalmet.globalmet_mod33,Longitudinal analysis DFSO - 3|4 average,0.6740014053115447,0.8088016863738536,Mild
globalmet.globalmet_mod33,Longitudinal analysis DFSO - 3|4 shape,0.2475939550395596,0.34895792321011754,Mild
globalmet.globalmet_mod33,Longitudinal analysis DFSO - 3|5 average,0.22741946707478597,0.43550622702921193,Severe
globalmet.globalmet_mod33,Longitudinal analysis DFSO - 3|5 shape,0.0028068395829239138,0.010432501104672955,Severe
globalmet.globalmet_mod33,Longitudinal analysis DFSO - 4|5 average,0.12367890299046275,0.30121794627020065,Severe
globalmet.globalmet_mod33,Longitudinal analysis DFSO - 4|5 shape,0.09680364857160093,0.17440414600318271,Severe
globalmet.globalmet_mod34,Longitudinal analysis DFSO - 1|2 average,0.6802282828082413,0.8133525035159733,Mild
globalmet.globalmet_mod34,Longitudinal analysis DFSO - 1|2 shape,1.725728044482208e-4,0.001047494327459528,Mild
globalmet.globalmet_mod34,Longitudinal analysis DFSO - 1|3 average,0.6683348270636453,0.8061766859026718,Severe
globalmet.globalmet_mod34,Longitudinal analysis DFSO - 1|3 shape,0.4975290485699243,0.5756534446263587,Mild
globalmet.globalmet_mod34,Longitudinal analysis DFSO - 1|4 average,0.002871993764434906,0.022616950894924888,Mild
globalmet.globalmet_mod34,Longitudinal analysis DFSO - 1|4 shape,0.003108881359853403,0.01119386512204683,Mild
globalmet.globalmet_mod34,Longitudinal analysis DFSO - 1|5 average,0.0019211405889725654,0.01706756962291311,Severe
globalmet.globalmet_mod34,Longitudinal analysis DFSO - 1|5 shape,3.323600864360859e-4,0.001748267071192789,Mild
globalmet.globalmet_mod34,Longitudinal analysis DFSO - 2|3 average,0.17357561651716372,0.37321719592427693,Severe
globalmet.globalmet_mod34,Longitudinal analysis DFSO - 2|3 shape,0.7342929274896657,0.7827488059534508,Mild
globalmet.globalmet_mod34,Longitudinal analysis DFSO - 2|4 average,0.012932753424355846,0.06624093217352994,Severe
globalmet.globalmet_mod34,Longitudinal analysis DFSO - 2|4 shape,0.027855476920983425,0.0676260133341794,Mild
globalmet.globalmet_mod34,Longitudinal analysis DFSO - 2|5 average,0.003466582218726533,0.025693491738796658,Severe
globalmet.globalmet_mod34,Longitudinal analysis DFSO - 2|5 shape,1.7118317665713422e-4,0.001047494327459528,Mild
globalmet.globalmet_mod34,Longitudinal analysis DFSO - 3|4 average,3.8192619737683383e-4,0.005126002148945503,Mild
globalmet.globalmet_mod34,Longitudinal analysis DFSO - 3|4 shape,0.014125522535552042,0.04035210578981248,Mild
globalmet.globalmet_mod34,Longitudinal analysis DFSO - 3|5 average,3.739385566184405e-5,7.85270968898725e-4,Mild
globalmet.globalmet_mod34,Longitudinal analysis DFSO - 3|5 shape,0.00921792520333756,0.028259332740158946,Mild
globalmet.globalmet_mod34,Longitudinal analysis DFSO - 4|5 average,0.08041176830591544,0.24009200963377597,Severe
globalmet.globalmet_mod34,Longitudinal analysis DFSO - 4|5 shape,0.029380367271933293,0.0701122400807499,Mild
globalmet.globalmet_mod35,Longitudinal analysis DFSO - 1|2 average,0.4132028849790409,0.6236052158441574,Severe
globalmet.globalmet_mod35,Longitudinal analysis DFSO - 1|2 shape,0.011447710657187027,0.033622646685444416,Mild
globalmet.globalmet_mod35,Longitudinal analysis DFSO - 1|3 average,0.4736864348356582,0.6739459251399408,Severe
globalmet.globalmet_mod35,Longitudinal analysis DFSO - 1|3 shape,0.2618049645080078,0.36279790453768335,Mild
globalmet.globalmet_mod35,Longitudinal analysis DFSO - 1|4 average,0.011552116305141807,0.06078960613539497,Severe
globalmet.globalmet_mod35,Longitudinal analysis DFSO - 1|4 shape,2.0291101228804165e-6,2.303314193539932e-5,Mild
globalmet.globalmet_mod35,Longitudinal analysis DFSO - 1|5 average,2.4516144568124997e-6,7.920600552778846e-5,Severe
globalmet.globalmet_mod35,Longitudinal analysis DFSO - 1|5 shape,0.004252656814039123,0.014409596783965606,Severe
globalmet.globalmet_mod35,Longitudinal analysis DFSO - 2|3 average,0.8793766311517319,0.928763248324545,Mild
globalmet.globalmet_mod35,Longitudinal analysis DFSO - 2|3 shape,0.3151624267362258,0.4143478052385682,Severe
globalmet.globalmet_mod35,Longitudinal analysis DFSO - 2|4 average,5.590332159596622e-4,0.006645111812350702,Severe
globalmet.globalmet_mod35,Longitudinal analysis DFSO - 2|4 shape,0.01629819650785054,0.045332732008590906,Mild
globalmet.globalmet_mod35,Longitudinal analysis DFSO - 2|5 average,3.783821177403285e-6,1.1628328496410094e-4,Severe
globalmet.globalmet_mod35,Longitudinal analysis DFSO - 2|5 shape,4.28625295197818e-7,6.578069776967647e-6,Severe
globalmet.globalmet_mod35,Longitudinal analysis DFSO - 3|4 average,0.0057005832162160385,0.03702440645583613,Severe
globalmet.globalmet_mod35,Longitudinal analysis DFSO - 3|4 shape,6.751630159366798e-4,0.003072284883726264,Mild
globalmet.globalmet_mod35,Longitudinal analysis DFSO - 3|5 average,2.081079834193182e-4,0.003176179507825321,Severe
globalmet.globalmet_mod35,Longitudinal analysis DFSO - 3|5 shape,1.4668785922813135e-4,9.195358339673907e-4,Severe
globalmet.globalmet_mod35,Longitudinal analysis DFSO - 4|5 average,0.0027585934989245117,0.021860552255628204,Mild
globalmet.globalmet_mod35,Longitudinal analysis DFSO - 4|5 shape,1.4312462178777554e-8,3.4984059128549985e-7,Severe
globalmet.globalmet_mod36,Longitudinal analysis DFSO - 1|2 average,0.18284899614774233,0.38655995829891837,Mild
globalmet.globalmet_mod36,Longitudinal analysis DFSO - 1|2 shape,0.10733298439723632,0.18551380019275412,Mild
globalmet.globalmet_mod36,Longitudinal analysis DFSO - 1|3 average,0.07728567847720504,0.23352507165774186,Mild
globalmet.globalmet_mod36,Longitudinal analysis DFSO - 1|3 shape,0.9318909386324044,0.9499859083145871,Mild
globalmet.globalmet_mod36,Longitudinal analysis DFSO - 1|4 average,0.1350843392248007,0.31719349955034154,Severe
globalmet.globalmet_mod36,Longitudinal analysis DFSO - 1|4 shape,7.80602112921123e-9,2.2330187855634157e-7,Mild
globalmet.globalmet_mod36,Longitudinal analysis DFSO - 1|5 average,0.9239974351157778,0.9527305795792799,Severe
globalmet.globalmet_mod36,Longitudinal analysis DFSO - 1|5 shape,0.05620222716173244,0.11514602638013474,Mild
globalmet.globalmet_mod36,Longitudinal analysis DFSO - 2|3 average,0.6688005345419754,0.8061766859026718,Mild
globalmet.globalmet_mod36,Longitudinal analysis DFSO - 2|3 shape,0.0918462721312058,0.17135037499395225,Severe
globalmet.globalmet_mod36,Longitudinal analysis DFSO - 2|4 average,0.08312100511539948,0.24187636592471903,Severe
globalmet.globalmet_mod36,Longitudinal analysis DFSO - 2|4 shape,8.249976357699593e-7,1.154996690077943e-5,Mild
globalmet.globalmet_mod36,Longitudinal analysis DFSO - 2|5 average,0.15077176635708908,0.3419286805898239,Severe
globalmet.globalmet_mod36,Longitudinal analysis DFSO - 2|5 shape,0.30192156248142404,0.40128815266518386,Mild
globalmet.globalmet_mod36,Longitudinal analysis DFSO - 3|4 average,0.08283614263102104,0.24187636592471903,Severe
globalmet.globalmet_mod36,Longitudinal analysis DFSO - 3|4 shape,1.5743959046412798e-7,2.874983825866685e-6,Mild
globalmet.globalmet_mod36,Longitudinal analysis DFSO - 3|5 average,0.05103517861361618,0.1742308102324478,Severe
globalmet.globalmet_mod36,Longitudinal analysis DFSO - 3|5 shape,0.14296014252183495,0.22488112306805497,Mild
globalmet.globalmet_mod36,Longitudinal analysis DFSO - 4|5 average,0.7828154744480045,0.8728738918623767,Mild
globalmet.globalmet_mod36,Longitudinal analysis DFSO - 4|5 shape,0.10303716577374053,0.18037598855253054,Severe
globalmet.globalmet_mod37,Longitudinal analysis DFSO - 1|2 average,0.3319395752808624,0.5503208748077455,Mild
globalmet.globalmet_mod37,Longitudinal analysis DFSO - 1|2 shape,0.003965263767060006,0.013763725472439689,Severe
globalmet.globalmet_mod37,Longitudinal analysis DFSO - 1|3 average,0.21462774776188165,0.41992385431672496,Mild
globalmet.globalmet_mod37,Longitudinal analysis DFSO - 1|3 shape,0.021411853227859337,0.05691758452975267,Severe
globalmet.globalmet_mod37,Longitudinal analysis DFSO - 1|4 average,0.003913042337601055,0.02785555562360073,Mild
globalmet.globalmet_mod37,Longitudinal analysis DFSO - 1|4 shape,0.46641590746105543,0.5518160031933613,Severe
globalmet.globalmet_mod37,Longitudinal analysis DFSO - 1|5 average,0.09790127125179791,0.26585259003720985,Mild
globalmet.globalmet_mod37,Longitudinal analysis DFSO - 1|5 shape,0.10804117012524221,0.1859725059532858,Severe
globalmet.globalmet_mod37,Longitudinal analysis DFSO - 2|3 average,0.7241233535182336,0.8355269463671927,Severe
globalmet.globalmet_mod37,Longitudinal analysis DFSO - 2|3 shape,0.6094622129555209,0.6807822591524436,Mild
globalmet.globalmet_mod37,Longitudinal analysis DFSO - 2|4 average,0.3085595739492637,0.5201572500002241,Severe
globalmet.globalmet_mod37,Longitudinal analysis DFSO - 2|4 shape,0.10031227100257292,0.17908460497277415,Mild
globalmet.globalmet_mod37,Longitudinal analysis DFSO - 2|5 average,0.804789773673406,0.8871561258566061,Severe
globalmet.globalmet_mod37,Longitudinal analysis DFSO - 2|5 shape,0.07277786263480002,0.14350564463200005,Mild
globalmet.globalmet_mod37,Longitudinal analysis DFSO - 3|4 average,0.11264579898934113,0.2873151958027729,Mild
globalmet.globalmet_mod37,Longitudinal analysis DFSO - 3|4 shape,0.2701643059297669,0.36960589084854106,Mild
globalmet.globalmet_mod37,Longitudinal analysis DFSO - 3|5 average,0.7079723775335361,0.8290382859593454,Severe
globalmet.globalmet_mod37,Longitudinal analysis DFSO - 3|5 shape,0.1283814168674642,0.20815054585385742,Mild
globalmet.globalmet_mod37,Longitudinal analysis DFSO - 4|5 average,0.37096324467070685,0.5859160058695917,Severe
globalmet.globalmet_mod37,Longitudinal analysis DFSO - 4|5 shape,0.328784384479592,0.42620197988095265,Mild
globalmet.globalmet_mod38,Longitudinal analysis DFSO - 1|2 average,0.9733549856586188,0.9787927230086669,Mild
globalmet.globalmet_mod38,Longitudinal analysis DFSO - 1|2 shape,0.05189434067541307,0.10789912417660144,Severe
globalmet.globalmet_mod38,Longitudinal analysis DFSO - 1|3 average,0.6226291628272969,0.7762283346575001,Mild
globalmet.globalmet_mod38,Longitudinal analysis DFSO - 1|3 shape,0.20215171368764268,0.3012181307197362,Severe
globalmet.globalmet_mod38,Longitudinal analysis DFSO - 1|4 average,0.11246056739931945,0.2873151958027729,Mild
globalmet.globalmet_mod38,Longitudinal analysis DFSO - 1|4 shape,7.719805003978353e-5,5.315275576509685e-4,Mild
globalmet.globalmet_mod38,Longitudinal analysis DFSO - 1|5 average,0.5875265491176838,0.7569360448755436,Severe
globalmet.globalmet_mod38,Longitudinal analysis DFSO - 1|5 shape,0.47845325625520774,0.5613138760535957,Mild
globalmet.globalmet_mod38,Longitudinal analysis DFSO - 2|3 average,0.8301620302800621,0.8978576464831574,Severe
globalmet.globalmet_mod38,Longitudinal analysis DFSO - 2|3 shape,0.6525607163804487,0.7137382835411157,Mild
globalmet.globalmet_mod38,Longitudinal analysis DFSO - 2|4 average,0.05130129412399852,0.1742308102324478,Mild
globalmet.globalmet_mod38,Longitudinal analysis DFSO - 2|4 shape,0.01694360778039454,0.046209839401076015,Mild
globalmet.globalmet_mod38,Longitudinal analysis DFSO - 2|5 average,0.29696142810442394,0.5070073162758457,Severe
globalmet.globalmet_mod38,Longitudinal analysis DFSO - 2|5 shape,0.1742436385889844,0.2661175571177216,Mild
globalmet.globalmet_mod38,Longitudinal analysis DFSO - 3|4 average,0.08590773976125325,0.24713185410771482,Mild
globalmet.globalmet_mod38,Longitudinal analysis DFSO - 3|4 shape,5.655475495200328e-6,5.938249269960345e-5,Mild
globalmet.globalmet_mod38,Longitudinal analysis DFSO - 3|5 average,0.6709896925552951,0.8063782347513555,Severe
globalmet.globalmet_mod38,Longitudinal analysis DFSO - 3|5 shape,0.17960392222698976,0.2723236365896595,Mild
globalmet.globalmet_mod38,Longitudinal analysis DFSO - 4|5 average,0.42962783714237884,0.6353651112668983,Severe
globalmet.globalmet_mod38,Longitudinal analysis DFSO - 4|5 shape,0.6023691463708791,0.6746534439353846,Mild
globalmet.globalmet_mod39,Longitudinal analysis DFSO - 1|2 average,0.045180671450161886,0.15990911805394376,Severe
globalmet.globalmet_mod39,Longitudinal analysis DFSO - 1|2 shape,3.656222679796972e-7,5.90620586736434e-6,Severe
globalmet.globalmet_mod39,Longitudinal analysis DFSO - 1|3 average,0.663405803558774,0.8059308128625144,Mild
globalmet.globalmet_mod39,Longitudinal analysis DFSO - 1|3 shape,0.20449244608230613,0.3024184061780584,Severe
globalmet.globalmet_mod39,Longitudinal analysis DFSO - 1|4 average,0.8203500301393303,0.8930336290348406,Mild
globalmet.globalmet_mod39,Longitudinal analysis DFSO - 1|4 shape,4.949154167683638e-4,0.0023096052782523645,Severe
globalmet.globalmet_mod39,Longitudinal analysis DFSO - 1|5 average,0.8657326900109955,0.921303369437377,Severe
globalmet.globalmet_mod39,Longitudinal analysis DFSO - 1|5 shape,0.4871801407609275,0.5683768308877488,Mild
globalmet.globalmet_mod39,Longitudinal analysis DFSO - 2|3 average,0.44822572523558457,0.6485736823107304,Mild
globalmet.globalmet_mod39,Longitudinal analysis DFSO - 2|3 shape,0.24586069980618902,0.34885639837364657,Severe
globalmet.globalmet_mod39,Longitudinal analysis DFSO - 2|4 average,0.08178293537452788,0.24076284713061946,Mild
globalmet.globalmet_mod39,Longitudinal analysis DFSO - 2|4 shape,0.002416023987010643,0.009141712383283514,Severe
globalmet.globalmet_mod39,Longitudinal analysis DFSO - 2|5 average,0.33495413275996655,0.5526321947280547,Severe
globalmet.globalmet_mod39,Longitudinal analysis DFSO - 2|5 shape,0.042441950737212075,0.09381904899804774,Mild
globalmet.globalmet_mod39,Longitudinal analysis DFSO - 3|4 average,0.37703406475217593,0.5913551650271083,Mild
globalmet.globalmet_mod39,Longitudinal analysis DFSO - 3|4 shape,0.02394442892400131,0.0624637276278295,Severe
globalmet.globalmet_mod39,Longitudinal analysis DFSO - 3|5 average,0.9026072621580544,0.9406825064674513,Severe
globalmet.globalmet_mod39,Longitudinal analysis DFSO - 3|5 shape,0.03321033756938974,0.07630678254754653,Mild
globalmet.globalmet_mod39,Longitudinal analysis DFSO - 4|5 average,0.6223893383318829,0.7762283346575001,Severe
globalmet.globalmet_mod39,Longitudinal analysis DFSO - 4|5 shape,0.0011038668984137945,0.004457924012824939,Mild
globalmet.globalmet_mod4,Longitudinal analysis DFSO - 1|2 average,0.05169292054633548,0.17508892443113633,Severe
globalmet.globalmet_mod4,Longitudinal analysis DFSO - 1|2 shape,0.04874985329069349,0.10371620725217096,Mild
globalmet.globalmet_mod4,Longitudinal analysis DFSO - 1|3 average,0.3587657485270138,0.5729338949861057,Severe
globalmet.globalmet_mod4,Longitudinal analysis DFSO - 1|3 shape,0.007994010829887828,0.025629653042388456,Mild
globalmet.globalmet_mod4,Longitudinal analysis DFSO - 1|4 average,5.5406533325780245e-5,0.0010212582967448868,Severe
globalmet.globalmet_mod4,Longitudinal analysis DFSO - 1|4 shape,0.027113697325694925,0.06620786556274343,Mild
globalmet.globalmet_mod4,Longitudinal analysis DFSO - 1|5 average,1.4850719567272393e-6,5.197751848545338e-5,Severe
globalmet.globalmet_mod4,Longitudinal analysis DFSO - 1|5 shape,0.4701354097644961,0.5531004820758777,Mild
globalmet.globalmet_mod4,Longitudinal analysis DFSO - 2|3 average,0.7149866496078372,0.8326092222789971,Severe
globalmet.globalmet_mod4,Longitudinal analysis DFSO - 2|3 shape,0.4271573646840794,0.5140575735453105,Mild
globalmet.globalmet_mod4,Longitudinal analysis DFSO - 2|4 average,8.403503229028135e-5,0.001450467680626774,Severe
globalmet.globalmet_mod4,Longitudinal analysis DFSO - 2|4 shape,0.46890168142988625,0.5531004820758777,Mild
globalmet.globalmet_mod4,Longitudinal analysis DFSO - 2|5 average,7.5724238164307405e-6,1.9471946956536193e-4,Severe
globalmet.globalmet_mod4,Longitudinal analysis DFSO - 2|5 shape,0.3611001146119484,0.4487042844290483,Severe
globalmet.globalmet_mod4,Longitudinal analysis DFSO - 3|4 average,2.0191490573046684e-4,0.00314089853358504,Severe
globalmet.globalmet_mod4,Longitudinal analysis DFSO - 3|4 shape,0.6336713202048334,0.7022215157942745,Severe
globalmet.globalmet_mod4,Longitudinal analysis DFSO - 3|5 average,7.920329380694979e-5,0.0013860576416216213,Severe
globalmet.globalmet_mod4,Longitudinal analysis DFSO - 3|5 shape,0.09716802420177323,0.17440414600318271,Severe
globalmet.globalmet_mod4,Longitudinal analysis DFSO - 4|5 average,0.16634662598550337,0.3638832443432886,Mild
globalmet.globalmet_mod4,Longitudinal analysis DFSO - 4|5 shape,0.20336473379840264,0.30181338584921946,Severe
globalmet.globalmet_mod40,Longitudinal analysis DFSO - 1|2 average,0.19856327915742691,0.40353182538444826,Severe
globalmet.globalmet_mod40,Longitudinal analysis DFSO - 1|2 shape,1.6645610329475304e-5,1.456490903829089e-4,Mild
globalmet.globalmet_mod40,Longitudinal analysis DFSO - 1|3 average,0.052474073624213455,0.17535688404942426,Severe
globalmet.globalmet_mod40,Longitudinal analysis DFSO - 1|3 shape,0.00222876152755828,0.00850981674158616,Severe
globalmet.globalmet_mod40,Longitudinal analysis DFSO - 1|4 average,5.752164599672405e-4,0.006773577005221711,Severe
globalmet.globalmet_mod40,Longitudinal analysis DFSO - 1|4 shape,4.3853798513117645e-7,6.578069776967647e-6,Mild
globalmet.globalmet_mod40,Longitudinal analysis DFSO - 1|5 average,4.369166384849636e-5,8.738332769699273e-4,Severe
globalmet.globalmet_mod40,Longitudinal analysis DFSO - 1|5 shape,0.21719315541923379,0.31784364207692745,Severe
globalmet.globalmet_mod40,Longitudinal analysis DFSO - 2|3 average,0.815329309107151,0.8899246194331555,Mild
globalmet.globalmet_mod40,Longitudinal analysis DFSO - 2|3 shape,0.02818471274314958,0.06764331058355899,Severe
globalmet.globalmet_mod40,Longitudinal analysis DFSO - 2|4 average,0.0011786158687742713,0.011880447957244656,Severe
globalmet.globalmet_mod40,Longitudinal analysis DFSO - 2|4 shape,0.6757829214151686,0.7334078216908806,Severe
globalmet.globalmet_mod40,Longitudinal analysis DFSO - 2|5 average,8.123953586446863e-4,0.008824294412864695,Severe
globalmet.globalmet_mod40,Longitudinal analysis DFSO - 2|5 shape,0.0037179708835883844,0.013012898092559346,Severe
globalmet.globalmet_mod40,Longitudinal analysis DFSO - 3|4 average,0.008276189981569693,0.048055296667178865,Severe
globalmet.globalmet_mod40,Longitudinal analysis DFSO - 3|4 shape,0.1265593261929565,0.20602681008155713,Mild
globalmet.globalmet_mod40,Longitudinal analysis DFSO - 3|5 average,6.603033791805282e-4,0.007563475070613323,Severe
globalmet.globalmet_mod40,Longitudinal analysis DFSO - 3|5 shape,0.1423846029863996,0.224817794189052,Severe
globalmet.globalmet_mod40,Longitudinal analysis DFSO - 4|5 average,0.03455679788720639,0.13315463406079525,Severe
globalmet.globalmet_mod40,Longitudinal analysis DFSO - 4|5 shape,0.010551902666458366,0.03143119943200364,Severe
globalmet.globalmet_mod41,Longitudinal analysis DFSO - 1|2 average,0.6642030593716544,0.8059308128625144,Mild
globalmet.globalmet_mod41,Longitudinal analysis DFSO - 1|2 shape,0.9774329220846761,0.9844648136104651,Severe
globalmet.globalmet_mod41,Longitudinal analysis DFSO - 1|3 average,0.8100930510290327,0.8875802124318098,Mild
globalmet.globalmet_mod41,Longitudinal analysis DFSO - 1|3 shape,0.6202426093496246,0.6891584548329163,Severe
globalmet.globalmet_mod41,Longitudinal analysis DFSO - 1|4 average,0.011578972597218089,0.06078960613539497,Mild
globalmet.globalmet_mod41,Longitudinal analysis DFSO - 1|4 shape,0.06687836474091245,0.13312281133262194,Mild
globalmet.globalmet_mod41,Longitudinal analysis DFSO - 1|5 average,0.5397964229869872,0.724327468544839,Severe
globalmet.globalmet_mod41,Longitudinal analysis DFSO - 1|5 shape,5.8278030815587935e-5,4.090301784223022e-4,Mild
globalmet.globalmet_mod41,Longitudinal analysis DFSO - 2|3 average,0.14336582299594258,0.33023937289741806,Severe
globalmet.globalmet_mod41,Longitudinal analysis DFSO - 2|3 shape,0.6411611151872574,0.7086517588911793,Severe
globalmet.globalmet_mod41,Longitudinal analysis DFSO - 2|4 average,0.044321580292276216,0.15820167469764315,Mild
globalmet.globalmet_mod41,Longitudinal analysis DFSO - 2|4 shape,0.04513995871359926,0.09925236727412219,Mild
globalmet.globalmet_mod41,Longitudinal analysis DFSO - 2|5 average,0.7728799470777188,0.865625540727045,Severe
globalmet.globalmet_mod41,Longitudinal analysis DFSO - 2|5 shape,4.837993807155054e-4,0.0022830982011293514,Mild
globalmet.globalmet_mod41,Longitudinal analysis DFSO - 3|4 average,0.0014889442720044518,0.014543176610276041,Mild
globalmet.globalmet_mod41,Longitudinal analysis DFSO - 3|4 shape,0.025408599411072177,0.06336774075259256,Mild
globalmet.globalmet_mod41,Longitudinal analysis DFSO - 3|5 average,0.8190042677287107,0.8926863125762765,Severe
globalmet.globalmet_mod41,Longitudinal analysis DFSO - 3|5 shape,6.857424010172255e-4,0.003072284883726264,Mild
globalmet.globalmet_mod41,Longitudinal analysis DFSO - 4|5 average,0.41592739200477313,0.6246347007461431,Severe
globalmet.globalmet_mod41,Longitudinal analysis DFSO - 4|5 shape,0.010388606430553941,0.031165819291661824,Mild
globalmet.globalmet_mod5,Longitudinal analysis DFSO - 1|2 average,0.9092749014240231,0.9429517496249129,Severe
globalmet.globalmet_mod5,Longitudinal analysis DFSO - 1|2 shape,0.21902685040622388,0.3194141568424098,Mild
globalmet.globalmet_mod5,Longitudinal analysis DFSO - 1|3 average,0.9050360267842679,0.9411089966046412,Severe
globalmet.globalmet_mod5,Longitudinal analysis DFSO - 1|3 shape,0.11744850791668468,0.19731349330003028,Mild
globalmet.globalmet_mod5,Longitudinal analysis DFSO - 1|4 average,0.5584841787875487,0.7368482358872371,Severe
globalmet.globalmet_mod5,Longitudinal analysis DFSO - 1|4 shape,0.022588570664222613,0.059667922509267286,Severe
globalmet.globalmet_mod5,Longitudinal analysis DFSO - 1|5 average,0.01494172791340552,0.07185716477439295,Severe
globalmet.globalmet_mod5,Longitudinal analysis DFSO - 1|5 shape,0.1315185836124087,0.21002967725175534,Severe
globalmet.globalmet_mod5,Longitudinal analysis DFSO - 2|3 average,0.5213487449029746,0.7071037874895026,Severe
globalmet.globalmet_mod5,Longitudinal analysis DFSO - 2|3 shape,0.824560873903682,0.8614815100486231,Mild
globalmet.globalmet_mod5,Longitudinal analysis DFSO - 2|4 average,0.13645021826250148,0.3189745361980554,Severe
globalmet.globalmet_mod5,Longitudinal analysis DFSO - 2|4 shape,0.7126904973012732,0.7655498947993216,Severe
globalmet.globalmet_mod5,Longitudinal analysis DFSO - 2|5 average,5.229350653031324e-5,9.98330579215071e-4,Severe
globalmet.globalmet_mod5,Longitudinal analysis DFSO - 2|5 shape,0.23771157868961407,0.3407469728656584,Severe
globalmet.globalmet_mod5,Longitudinal analysis DFSO - 3|4 average,0.30905053541904526,0.5201572500002241,Mild
globalmet.globalmet_mod5,Longitudinal analysis DFSO - 3|4 shape,0.6473823164686907,0.7136497976820212,Severe
globalmet.globalmet_mod5,Longitudinal analysis DFSO - 3|5 average,0.002540572570627889,0.02053615751694326,Severe
globalmet.globalmet_mod5,Longitudinal analysis DFSO - 3|5 shape,0.12097355253147488,0.20082566032893062,Severe
globalmet.globalmet_mod5,Longitudinal analysis DFSO - 4|5 average,0.09769607625331211,0.26585259003720985,Severe
globalmet.globalmet_mod5,Longitudinal analysis DFSO - 4|5 shape,0.028135677773335047,0.06764331058355899,Severe
globalmet.globalmet_mod6,Longitudinal analysis DFSO - 1|2 average,0.1417190801239254,0.32764411184613945,Severe
globalmet.globalmet_mod6,Longitudinal analysis DFSO - 1|2 shape,4.801553143471955e-4,0.0022830982011293514,Mild
globalmet.globalmet_mod6,Longitudinal analysis DFSO - 1|3 average,0.07776370799342718,0.2344073494538714,Severe
globalmet.globalmet_mod6,Longitudinal analysis DFSO - 1|3 shape,0.1122994953204014,0.191730845668978,Mild
globalmet.globalmet_mod6,Longitudinal analysis DFSO - 1|4 average,2.926836644182119e-9,4.609767714586837e-7,Severe
globalmet.globalmet_mod6,Longitudinal analysis DFSO - 1|4 shape,0.4329313826833121,0.5165658543380428,Mild
globalmet.globalmet_mod6,Longitudinal analysis DFSO - 1|5 average,1.9675693869556693e-10,4.131895712606905e-8,Severe
globalmet.globalmet_mod6,Longitudinal analysis DFSO - 1|5 shape,1.8087774596636317e-6,2.2343721560550743e-5,Severe
globalmet.globalmet_mod6,Longitudinal analysis DFSO - 2|3 average,0.5020523358465789,0.690850821757439,Mild
globalmet.globalmet_mod6,Longitudinal analysis DFSO - 2|3 shape,0.6741688371381167,0.7334078216908806,Severe
globalmet.globalmet_mod6,Longitudinal analysis DFSO - 2|4 average,2.7662209116043398e-8,2.0502578521302754e-6,Severe
globalmet.globalmet_mod6,Longitudinal analysis DFSO - 2|4 shape,0.333731357760354,0.42864578060962905,Severe
globalmet.globalmet_mod6,Longitudinal analysis DFSO - 2|5 average,6.8470223420301004e-09,7.842952864507205e-7,Severe
globalmet.globalmet_mod6,Longitudinal analysis DFSO - 2|5 shape,1.38483056352793e-7,2.643767439462412e-6,Severe
globalmet.globalmet_mod6,Longitudinal analysis DFSO - 3|4 average,2.7988700260292586e-5,6.080303849649769e-4,Severe
globalmet.globalmet_mod6,Longitudinal analysis DFSO - 3|4 shape,0.14904452205831642,0.23270891919885833,Mild
globalmet.globalmet_mod6,Longitudinal analysis DFSO - 3|5 average,7.44386988020663e-6,1.9471946956536193e-4,Mild
globalmet.globalmet_mod6,Longitudinal analysis DFSO - 3|5 shape,7.492978144693156e-10,3.49672313419014e-8,Severe
globalmet.globalmet_mod6,Longitudinal analysis DFSO - 4|5 average,0.0062262344787528436,0.04002579307769685,Mild
globalmet.globalmet_mod6,Longitudinal analysis DFSO - 4|5 shape,1.32115067971442e-6,1.6814645014547164e-5,Severe
globalmet.globalmet_mod7,Longitudinal analysis DFSO - 1|2 average,0.0038008769181386176,0.02721082339121965,Mild
globalmet.globalmet_mod7,Longitudinal analysis DFSO - 1|2 shape,3.5432632868444735e-9,1.3528823458860718e-7,Mild
globalmet.globalmet_mod7,Longitudinal analysis DFSO - 1|3 average,0.12232269650375421,0.30121794627020065,Mild
globalmet.globalmet_mod7,Longitudinal analysis DFSO - 1|3 shape,6.185041065345468e-7,8.95764568084516e-6,Mild
globalmet.globalmet_mod7,Longitudinal analysis DFSO - 1|4 average,0.001859891434067843,0.016859447531838004,Mild
globalmet.globalmet_mod7,Longitudinal analysis DFSO - 1|4 shape,5.024334998822677e-11,3.014600999293606e-9,Mild
globalmet.globalmet_mod7,Longitudinal analysis DFSO - 1|5 average,0.11689218853432637,0.29515863237124496,Mild
globalmet.globalmet_mod7,Longitudinal analysis DFSO - 1|5 shape,0.3240411714909745,0.42266239759692326,Severe
globalmet.globalmet_mod7,Longitudinal analysis DFSO - 2|3 average,0.5293648609479049,0.7153898917466135,Severe
globalmet.globalmet_mod7,Longitudinal analysis DFSO - 2|3 shape,0.5632890514537937,0.6394091935421442,Severe
globalmet.globalmet_mod7,Longitudinal analysis DFSO - 2|4 average,0.45142787252897665,0.6485736823107304,Mild
globalmet.globalmet_mod7,Longitudinal analysis DFSO - 2|4 shape,0.1849989825341275,0.27849309198685857,Severe
globalmet.globalmet_mod7,Longitudinal analysis DFSO - 2|5 average,0.7445362772080091,0.8501500432169153,Mild
globalmet.globalmet_mod7,Longitudinal analysis DFSO - 2|5 shape,0.01169552840710179,0.03411195785404689,Severe
globalmet.globalmet_mod7,Longitudinal analysis DFSO - 3|4 average,0.6690217117952655,0.8061766859026718,Mild
globalmet.globalmet_mod7,Longitudinal analysis DFSO - 3|4 shape,0.13555268055767075,0.21565199179629438,Severe
globalmet.globalmet_mod7,Longitudinal analysis DFSO - 3|5 average,0.47657604706324386,0.6739459251399408,Mild
globalmet.globalmet_mod7,Longitudinal analysis DFSO - 3|5 shape,0.05834455583358391,0.11807653297053194,Severe
globalmet.globalmet_mod7,Longitudinal analysis DFSO - 4|5 average,0.5397950800448821,0.724327468544839,Mild
globalmet.globalmet_mod7,Longitudinal analysis DFSO - 4|5 shape,8.844532331521971e-4,0.0037905138563665594,Severe
globalmet.globalmet_mod8,Longitudinal analysis DFSO - 1|2 average,0.2713125067463735,0.48080697398091515,Mild
globalmet.globalmet_mod8,Longitudinal analysis DFSO - 1|2 shape,0.07415771200499825,0.14493252268476697,Severe
globalmet.globalmet_mod8,Longitudinal analysis DFSO - 1|3 average,0.5041586493796981,0.69122948663593,Mild
globalmet.globalmet_mod8,Longitudinal analysis DFSO - 1|3 shape,0.5536288132952916,0.6318589716957131,Severe
globalmet.globalmet_mod8,Longitudinal analysis DFSO - 1|4 average,6.048160524546394e-4,0.00705618727863746,Mild
globalmet.globalmet_mod8,Longitudinal analysis DFSO - 1|4 shape,0.013437979463130445,0.03865720119530676,Mild
globalmet.globalmet_mod8,Longitudinal analysis DFSO - 1|5 average,5.09592534802153e-4,0.006173909556256853,Mild
globalmet.globalmet_mod8,Longitudinal analysis DFSO - 1|5 shape,6.876066168339733e-4,0.003072284883726264,Mild
globalmet.globalmet_mod8,Longitudinal analysis DFSO - 2|3 average,0.5022375815315985,0.690850821757439,Severe
globalmet.globalmet_mod8,Longitudinal analysis DFSO - 2|3 shape,0.5349835797554165,0.6122427888209127,Mild
globalmet.globalmet_mod8,Longitudinal analysis DFSO - 2|4 average,0.04299114380120261,0.15521157933958535,Severe
globalmet.globalmet_mod8,Longitudinal analysis DFSO - 2|4 shape,0.07897487030121479,0.15077020693868276,Mild
globalmet.globalmet_mod8,Longitudinal analysis DFSO - 2|5 average,0.061808325029085745,0.19735083609698875,Severe
globalmet.globalmet_mod8,Longitudinal analysis DFSO - 2|5 shape,1.2031228821170908e-5,1.1229146899759513e-4,Mild
globalmet.globalmet_mod8,Longitudinal analysis DFSO - 3|4 average,0.011972251524519207,0.06259351419458174,Mild
globalmet.globalmet_mod8,Longitudinal analysis DFSO - 3|4 shape,0.3316762525825937,0.42862777256827495,Mild
globalmet.globalmet_mod8,Longitudinal analysis DFSO - 3|5 average,0.03868292624405163,0.14377724798674058,Severe
globalmet.globalmet_mod8,Longitudinal analysis DFSO - 3|5 shape,8.662293779630298e-4,0.003750683904582191,Mild
globalmet.globalmet_mod8,Longitudinal analysis DFSO - 4|5 average,0.2696055366639708,0.48048511484668066,Severe
globalmet.globalmet_mod8,Longitudinal analysis DFSO - 4|5 shape,1.383869085931495e-4,8.806439637745878e-4,Mild
globalmet.globalmet_mod9,Longitudinal analysis DFSO - 1|2 average,0.8022947893428124,0.8870231834691328,Mild
globalmet.globalmet_mod9,Longitudinal analysis DFSO - 1|2 shape,0.26259657852251367,0.36279790453768335,Severe
globalmet.globalmet_mod9,Longitudinal analysis DFSO - 1|3 average,0.6583772813319799,0.8027693938072709,Mild
globalmet.globalmet_mod9,Longitudinal analysis DFSO - 1|3 shape,0.02514060929677034,0.06336774075259256,Severe
globalmet.globalmet_mod9,Longitudinal analysis DFSO - 1|4 average,0.025253803701026974,0.1057135968880199,Mild
globalmet.globalmet_mod9,Longitudinal analysis DFSO - 1|4 shape,0.29111641391868814,0.39188748027515713,Severe
globalmet.globalmet_mod9,Longitudinal analysis DFSO - 1|5 average,0.05209724314129534,0.17535688404942426,Mild
globalmet.globalmet_mod9,Longitudinal analysis DFSO - 1|5 shape,0.11842833400257044,0.19741198080733366,Mild
globalmet.globalmet_mod9,Longitudinal analysis DFSO - 2|3 average,0.28482362724326027,0.4977500281921053,Mild
globalmet.globalmet_mod9,Longitudinal analysis DFSO - 2|3 shape,0.21432305159164577,0.31474014569402525,Severe
globalmet.globalmet_mod9,Longitudinal analysis DFSO - 2|4 average,0.007472170160538272,0.04591682268574517,Mild
globalmet.globalmet_mod9,Longitudinal analysis DFSO - 2|4 shape,0.8616857905820967,0.8913990937056172,Severe
globalmet.globalmet_mod9,Longitudinal analysis DFSO - 2|5 average,0.024365484073731646,0.10371793896250633,Mild
globalmet.globalmet_mod9,Longitudinal analysis DFSO - 2|5 shape,0.09625436694404634,0.17440414600318271,Mild
globalmet.globalmet_mod9,Longitudinal analysis DFSO - 3|4 average,0.09142700498019314,0.25699824653596143,Mild
globalmet.globalmet_mod9,Longitudinal analysis DFSO - 3|4 shape,0.29784272959634195,0.39712363946178925,Mild
globalmet.globalmet_mod9,Longitudinal analysis DFSO - 3|5 average,0.48518310805117837,0.6796481687050484,Severe
globalmet.globalmet_mod9,Longitudinal analysis DFSO - 3|5 shape,0.048894783418880594,0.10371620725217096,Mild
globalmet.globalmet_mod9,Longitudinal analysis DFSO - 4|5 average,0.6308522295306582,0.782402237541806,Severe
globalmet.globalmet_mod9,Longitudinal analysis DFSO - 4|5 shape,0.10556728009778116,0.18397617278451486,Mild
