Module (or Feature),Analysis,P value,Adj. p value,Direction
Basophil,Visit 1 analysis Parent population - overall,2.3794658499404293e-6,5.778702778426756e-6,Mild
CD4pos_T_Cell,Visit 1 analysis Parent population - overall,1.83732214788349e-12,1.5617238257009665e-11,Mild
CD8pos_T_Cell,Visit 1 analysis Parent population - overall,1.5628456781760303e-10,4.428062754832086e-10,Mild
Conventional_DC,Visit 1 analysis Parent population - overall,7.765672221373802e-4,0.0013201642776335463,Mild
gd_T_Cell,Visit 1 analysis Parent population - overall,0.0023962079557665315,0.0033946279373359197,Mild
Monocytes,Visit 1 analysis Parent population - overall,2.622829756835346e-5,5.57351323327511e-5,Mild
Neutrophil,Visit 1 analysis Parent population - overall,1.328461668444168e-12,1.5617238257009665e-11,Severe
NK_Cell,Visit 1 analysis Parent population - overall,2.2983021021467101e-4,4.341237304054897e-4,Mild
Plasmacytoid_DC,Visit 1 analysis Parent population - overall,0.002313490908547072,0.0033946279373359197,Mild
Myeloid,Visit 1 analysis Parent population - overall,7.51882163153491e-12,3.1954991934023366e-11,Severe
Lymphocyte,Visit 1 analysis Parent population - overall,5.364146545333604e-12,3.0396830423557095e-11,Mild
MyeloidToLymphocyte,Visit 1 analysis Parent population - overall,3.135199382106505e-11,1.0659677899162116e-10,Severe
Basophil,Visit 1 analysis Parent population - 1|2,0.0018517877436607258,0.006424569722904559,Mild
Basophil,Visit 1 analysis Parent population - 1|4,5.8945946604520504e-6,8.342663415766607e-5,Mild
Basophil,Visit 1 analysis Parent population - 1|5,0.03129521593573249,0.08721617555859874,Mild
Basophil,Visit 1 analysis Parent population - 2|4,2.15132713563786e-4,0.0014066369733016777,Mild
Basophil,Visit 1 analysis Parent population - 3|4,5.436330905325971e-5,4.4008393043115e-4,Mild
Basophil,Visit 1 analysis Parent population - 3|5,0.03256307145354624,0.0892858410823042,Mild
CD4pos_T_Cell,Visit 1 analysis Parent population - 1|2,0.00235156789155943,0.007687818107021214,Mild
CD4pos_T_Cell,Visit 1 analysis Parent population - 1|3,0.0039390056446811815,0.012370671879195043,Mild
CD4pos_T_Cell,Visit 1 analysis Parent population - 1|4,1.8263318703740233e-9,3.10476417963584e-7,Mild
CD4pos_T_Cell,Visit 1 analysis Parent population - 1|5,0.014275715011759931,0.04113341613557946,Mild
CD4pos_T_Cell,Visit 1 analysis Parent population - 2|4,1.095715932052364e-7,3.725434168978038e-6,Mild
CD4pos_T_Cell,Visit 1 analysis Parent population - 2|5,5.926910723275226e-4,0.0026515126919915482,Mild
CD4pos_T_Cell,Visit 1 analysis Parent population - 3|4,2.0035884208831285e-6,3.7845559061125763e-5,Mild
CD4pos_T_Cell,Visit 1 analysis Parent population - 3|5,0.015422407083099169,0.04369682006878098,Mild
CD8pos_T_Cell,Visit 1 analysis Parent population - 1|2,5.8783094774921156e-5,4.542330050789362e-4,Mild
CD8pos_T_Cell,Visit 1 analysis Parent population - 1|3,0.01031701289923914,0.03077003847141498,Mild
CD8pos_T_Cell,Visit 1 analysis Parent population - 1|4,2.699717610690801e-7,7.64919989695727e-6,Mild
CD8pos_T_Cell,Visit 1 analysis Parent population - 1|5,0.0035559443099914133,0.011405859107519628,Mild
CD8pos_T_Cell,Visit 1 analysis Parent population - 2|4,3.799211992168801e-5,3.399294940361559e-4,Mild
CD8pos_T_Cell,Visit 1 analysis Parent population - 2|5,0.04390056344447557,0.11481685823939765,Mild
CD8pos_T_Cell,Visit 1 analysis Parent population - 3|4,3.558231224187406e-6,6.04899308111859e-5,Mild
Conventional_DC,Visit 1 analysis Parent population - 1|2,0.011635966230864615,0.03410541826287904,Mild
Conventional_DC,Visit 1 analysis Parent population - 1|4,1.0320941691506927e-5,1.0320941691506927e-4,Mild
Conventional_DC,Visit 1 analysis Parent population - 2|4,3.60460239019282e-4,0.0019767174397831593,Mild
Conventional_DC,Visit 1 analysis Parent population - 3|4,2.777755137790813e-4,0.001686494190801565,Mild
Conventional_DC,Visit 1 analysis Parent population - 4|5,6.751871364202042e-4,0.0029431234151649924,Severe
gd_T_Cell,Visit 1 analysis Parent population - 1|4,0.04342099851248207,0.11481685823939765,Mild
Lymphocyte,Visit 1 analysis Parent population - 1|2,4.204715906443248e-4,0.0021660657699859157,Mild
Lymphocyte,Visit 1 analysis Parent population - 1|3,3.516690757188575e-4,0.0019767174397831593,Mild
Lymphocyte,Visit 1 analysis Parent population - 1|4,4.728076740122828e-8,2.0094326145522017e-6,Mild
Lymphocyte,Visit 1 analysis Parent population - 1|5,2.587048920194592e-4,0.0016288826534558542,Mild
Lymphocyte,Visit 1 analysis Parent population - 2|4,8.368750063162796e-6,8.891796942110471e-5,Mild
Lymphocyte,Visit 1 analysis Parent population - 2|5,5.870917165226772e-4,0.0026515126919915482,Mild
Lymphocyte,Visit 1 analysis Parent population - 3|4,0.0017199363438143692,0.006221046349966867,Mild
Monocytes,Visit 1 analysis Parent population - 1|4,9.965767708176049e-5,6.776722041559714e-4,Mild
Monocytes,Visit 1 analysis Parent population - 2|4,4.85021165958701e-5,4.1226799106489586e-4,Mild
Monocytes,Visit 1 analysis Parent population - 3|4,5.149346439349173e-4,0.002431635818581554,Mild
Myeloid,Visit 1 analysis Parent population - 1|2,4.643386290740666e-4,0.002255359055502609,Severe
Myeloid,Visit 1 analysis Parent population - 1|3,4.1243328676281323e-4,0.0021660657699859157,Severe
Myeloid,Visit 1 analysis Parent population - 1|4,4.6957654715448673e-8,2.0094326145522017e-6,Severe
Myeloid,Visit 1 analysis Parent population - 1|5,3.1851615686057604e-4,0.0018671636781482043,Severe
Myeloid,Visit 1 analysis Parent population - 2|4,7.753822981787409e-6,8.891796942110471e-5,Severe
Myeloid,Visit 1 analysis Parent population - 2|5,7.39000138648795e-4,0.003064146916348662,Severe
Myeloid,Visit 1 analysis Parent population - 3|4,0.0015599857846980327,0.005968263766212674,Severe
MyeloidToLymphocyte,Visit 1 analysis Parent population - 1|2,0.010120735942378377,0.03072366268222007,Severe
MyeloidToLymphocyte,Visit 1 analysis Parent population - 1|3,0.004002276196210161,0.012370671879195043,Severe
MyeloidToLymphocyte,Visit 1 analysis Parent population - 1|4,5.248322835326739e-6,8.111044381868597e-5,Severe
MyeloidToLymphocyte,Visit 1 analysis Parent population - 1|5,1.6001395986679358e-5,1.511242954297495e-4,Severe
MyeloidToLymphocyte,Visit 1 analysis Parent population - 2|4,8.36663002883851e-6,8.891796942110471e-5,Severe
MyeloidToLymphocyte,Visit 1 analysis Parent population - 2|5,6.379683788527406e-6,8.342663415766607e-5,Severe
MyeloidToLymphocyte,Visit 1 analysis Parent population - 3|4,0.0019087342883785821,0.006489696580487179,Severe
MyeloidToLymphocyte,Visit 1 analysis Parent population - 3|5,0.0015798345263504136,0.005968263766212674,Severe
Neutrophil,Visit 1 analysis Parent population - 1|2,4.3536038947647275e-4,0.002176801947382364,Severe
Neutrophil,Visit 1 analysis Parent population - 1|3,9.715174235958469e-4,0.003932332428840332,Severe
Neutrophil,Visit 1 analysis Parent population - 1|4,8.979666211834468e-9,7.632716280059297e-7,Severe
Neutrophil,Visit 1 analysis Parent population - 1|5,0.0017945129983500412,0.006355566869156395,Severe
Neutrophil,Visit 1 analysis Parent population - 2|4,3.7112644044611353e-7,9.01307069654847e-6,Severe
Neutrophil,Visit 1 analysis Parent population - 2|5,0.0016795273068346992,0.006206948742649976,Severe
Neutrophil,Visit 1 analysis Parent population - 3|4,6.871018070624939e-5,4.8669711333593316e-4,Severe
Neutrophil,Visit 1 analysis Parent population - 3|5,0.04801853611721138,0.12368410818069597,Severe
NK_Cell,Visit 1 analysis Parent population - 1|4,0.002322563775133978,0.007687818107021214,Mild
NK_Cell,Visit 1 analysis Parent population - 2|4,0.001253338786308874,0.004955060317965315,Mild
NK_Cell,Visit 1 analysis Parent population - 2|5,0.0434026543132191,0.11481685823939765,Mild
Plasmacytoid_DC,Visit 1 analysis Parent population - 1|4,7.986638259107501e-7,1.697160630060344e-5,Mild
Plasmacytoid_DC,Visit 1 analysis Parent population - 2|4,7.134712757647567e-4,0.003032252922000216,Mild
Plasmacytoid_DC,Visit 1 analysis Parent population - 3|4,6.731209669319495e-5,4.8669711333593316e-4,Mild
Basophil,Visit 1 analysis Child population - overall,2.3794658499404293e-6,1.546652802461279e-5,Mild
CD4pos_T_Cell__CM_,Visit 1 analysis Child population - overall,2.1723366573568777e-11,5.648075309127882e-10,Mild
CD4pos_T_Cell__EM_CD27hi_,Visit 1 analysis Child population - overall,4.304791779574242e-7,4.476983450757212e-6,Mild
CD4pos_T_Cell__EM_CD27low_,Visit 1 analysis Child population - overall,3.8360561228322096e-8,6.649163946242496e-7,Mild
CD4pos_T_Cell__EM_CD57hi_,Visit 1 analysis Child population - overall,0.04848029825234021,0.08693018996971348,Mild
CD4pos_T_Cell__EMRA_CD57low_,Visit 1 analysis Child population - overall,0.027752002865354626,0.05550400573070925,Mild
CD4pos_T_Cell__activated_,Visit 1 analysis Child population - overall,0.008439757722497917,0.019227305315980336,Mild
CD4pos_T_Cell__naive_,Visit 1 analysis Child population - overall,7.655389195917251e-6,3.775416632637753e-5,Mild
CD4pos_Treg__CD39hi_,Visit 1 analysis Child population - overall,5.337691037075439e-7,4.625998898798713e-6,Mild
CD4pos_Treg__naive_,Visit 1 analysis Child population - overall,0.014386955990296896,0.031171737978976606,Mild
CD8pos_NKT_Cell,Visit 1 analysis Child population - overall,1.1522991785206054e-5,4.993296440255956e-5,Mild
CD8pos_T_Cell__CD161pos_MAIT_,Visit 1 analysis Child population - overall,0.004208849993199665,0.01042191426887536,Mild
CD8pos_T_Cell__CM_,Visit 1 analysis Child population - overall,1.9360063453984725e-4,6.292020622545036e-4,Mild
CD8pos_T_Cell__EM_CD27hi_,Visit 1 analysis Child population - overall,7.574779029934127e-7,5.626978707951066e-6,Mild
CD8pos_T_Cell__EMRA_CD57hi_,Visit 1 analysis Child population - overall,5.169081585700651e-6,2.986580471738154e-5,Mild
CD8pos_T_Cell__EMRA_CD57low_,Visit 1 analysis Child population - overall,7.986458261349093e-6,3.775416632637753e-5,Mild
CD8pos_T_Cell__activated_,Visit 1 analysis Child population - overall,0.01771624779247247,0.03684979540834274,Mild
CD8pos_T_Cell__naive_,Visit 1 analysis Child population - overall,2.787842820414162e-5,1.1151371281656648e-4,Mild
Conventional_DC,Visit 1 analysis Child population - overall,7.765672221373802e-4,0.0023753820912437514,Mild
Monocytes__CD14posCD16pos_,Visit 1 analysis Child population - overall,9.956056809094492e-4,0.002876194189293964,Mild
Monocytes__CD14posCD16neg_,Visit 1 analysis Child population - overall,1.1211275906627113e-4,4.1641881938900705e-4,Mild
Monocytes__CD14negCD16pos_,Visit 1 analysis Child population - overall,0.04339598257671579,0.08059253907104362,Mild
NK_Cell__CD56hi_CD16low_,Visit 1 analysis Child population - overall,0.04195471207540923,0.08059253907104362,Mild
NK_Cell__CD56low_CD16hi_CD57hi_,Visit 1 analysis Child population - overall,0.008504385043606687,0.019227305315980336,Mild
NK_Cell__CD56low_CD16hi_CD57low_,Visit 1 analysis Child population - overall,1.2036575496088018e-4,4.172679505310513e-4,Mild
Neutrophil__CD16hi_,Visit 1 analysis Child population - overall,2.3960996116805407e-7,3.1149294951847027e-6,Severe
Plasmacytoid_DC,Visit 1 analysis Child population - overall,0.002313490908547072,0.006230140684992982,Mild
gd_T_Cell,Visit 1 analysis Child population - overall,0.0023962079557665315,0.006230140684992982,Mild
T_Cell,Visit 1 analysis Child population - overall,3.022757118631832e-14,1.5718337016885526e-12,Mild
Basophil,Visit 1 analysis Child population - 1|2,0.0018517877436607258,0.015729146716171895,Mild
Basophil,Visit 1 analysis Child population - 1|4,5.8945946604520504e-6,2.8710025331532085e-4,Mild
Basophil,Visit 1 analysis Child population - 1|5,0.03129521593573249,0.1320505452897981,Mild
Basophil,Visit 1 analysis Child population - 2|4,2.15132713563786e-4,0.0030339316968900167,Mild
Basophil,Visit 1 analysis Child population - 3|4,5.436330905325971e-5,0.001282479881756445,Mild
Basophil,Visit 1 analysis Child population - 3|5,0.03256307145354624,0.13307270932590945,Mild
CD4pos_T_Cell__activated_,Visit 1 analysis Child population - 1|4,4.0389641558795234e-4,0.004991005706908269,Mild
CD4pos_T_Cell__activated_,Visit 1 analysis Child population - 1|5,0.03170692724041694,0.1325115266562224,Mild
CD4pos_T_Cell__activated_,Visit 1 analysis Child population - 2|4,0.0053248933963340175,0.03543102144483789,Mild
CD4pos_T_Cell__activated_,Visit 1 analysis Child population - 3|4,0.01595951645480975,0.07964412538506019,Mild
CD4pos_T_Cell__CM_,Visit 1 analysis Child population - 1|2,1.7228196652665243e-4,0.0027565735618660164,Mild
CD4pos_T_Cell__CM_,Visit 1 analysis Child population - 1|3,1.5433583126564794e-4,0.0025838805298990736,Mild
CD4pos_T_Cell__CM_,Visit 1 analysis Child population - 1|4,1.0923757411382746e-7,1.684236995531358e-5,Mild
CD4pos_T_Cell__CM_,Visit 1 analysis Child population - 1|5,0.0018790117464405733,0.015729146716171895,Mild
CD4pos_T_Cell__CM_,Visit 1 analysis Child population - 2|4,4.335059687859198e-5,0.0010713790371423447,Mild
CD4pos_T_Cell__CM_,Visit 1 analysis Child population - 2|5,0.00632209020356394,0.038601939007643346,Mild
CD4pos_T_Cell__CM_,Visit 1 analysis Child population - 3|4,0.0031734806995682295,0.02441527384918155,Mild
CD4pos_T_Cell__EM_CD27hi_,Visit 1 analysis Child population - 1|2,0.01200779768826775,0.06491715625219753,Mild
CD4pos_T_Cell__EM_CD27hi_,Visit 1 analysis Child population - 1|4,4.5922943458027295e-8,1.1917003827358082e-5,Mild
CD4pos_T_Cell__EM_CD27hi_,Visit 1 analysis Child population - 1|5,0.017843170908850254,0.08736420473295549,Mild
CD4pos_T_Cell__EM_CD27hi_,Visit 1 analysis Child population - 2|4,1.0707512775449972e-4,0.002058221900169828,Mild
CD4pos_T_Cell__EM_CD27hi_,Visit 1 analysis Child population - 2|5,0.034111698140173355,0.1361843948826921,Mild
CD4pos_T_Cell__EM_CD27hi_,Visit 1 analysis Child population - 3|4,1.2673967100871835e-4,0.0023492103304830294,Mild
CD4pos_T_Cell__EM_CD27low_,Visit 1 analysis Child population - 1|2,2.2860746104821816e-4,0.003122296639053295,Mild
CD4pos_T_Cell__EM_CD27low_,Visit 1 analysis Child population - 1|4,1.298063195014534e-7,1.684236995531358e-5,Mild
CD4pos_T_Cell__EM_CD27low_,Visit 1 analysis Child population - 1|5,0.003137716046445309,0.02441527384918155,Mild
CD4pos_T_Cell__EM_CD27low_,Visit 1 analysis Child population - 2|4,6.145931565778052e-6,2.8710025331532085e-4,Mild
CD4pos_T_Cell__EM_CD27low_,Visit 1 analysis Child population - 2|5,0.0032571445902862856,0.02441527384918155,Mild
CD4pos_T_Cell__EM_CD27low_,Visit 1 analysis Child population - 3|4,1.4799088495605453e-5,4.518074664246606e-4,Mild
CD4pos_T_Cell__EM_CD27low_,Visit 1 analysis Child population - 3|5,0.03225829543524766,0.13287345500709152,Mild
CD4pos_T_Cell__EM_CD57hi_,Visit 1 analysis Child population - 1|4,1.9288879675157765e-5,5.561626973003822e-4,Mild
CD4pos_T_Cell__EM_CD57hi_,Visit 1 analysis Child population - 2|4,7.180692385556315e-4,0.007261198026211884,Mild
CD4pos_T_Cell__EM_CD57hi_,Visit 1 analysis Child population - 3|4,0.019380292374096254,0.09227863983629317,Mild
CD4pos_T_Cell__EMRA_CD57low_,Visit 1 analysis Child population - 2|4,0.025417569530009305,0.11274973150491308,Mild
CD4pos_T_Cell__EMRA_CD57low_,Visit 1 analysis Child population - 3|4,0.008654278747340148,0.049357919449115786,Mild
CD4pos_T_Cell__naive_,Visit 1 analysis Child population - 1|4,8.380483099189563e-5,0.0017397882913917533,Mild
CD4pos_T_Cell__naive_,Visit 1 analysis Child population - 2|4,5.090095271867136e-4,0.0057429553176066165,Mild
CD4pos_T_Cell__naive_,Visit 1 analysis Child population - 2|5,0.007860074830739555,0.04556222294272988,Mild
CD4pos_T_Cell__naive_,Visit 1 analysis Child population - 3|4,0.0239715818471455,0.10818479111885665,Mild
CD4pos_Treg__CD39hi_,Visit 1 analysis Child population - 1|2,2.4123800633174342e-6,1.788607504088212e-4,Mild
CD4pos_Treg__CD39hi_,Visit 1 analysis Child population - 1|3,0.0019376715642780273,0.015962722886671367,Mild
CD4pos_Treg__CD39hi_,Visit 1 analysis Child population - 1|4,2.4666497328346396e-5,6.40095605670589e-4,Mild
CD4pos_Treg__CD39hi_,Visit 1 analysis Child population - 1|5,0.023498005240165164,0.10792446654553735,Mild
CD4pos_Treg__CD39hi_,Visit 1 analysis Child population - 3|4,0.014028439575486745,0.07262320597777644,Mild
CD8pos_NKT_Cell,Visit 1 analysis Child population - 1|2,7.275188773853911e-4,0.007261198026211884,Mild
CD8pos_NKT_Cell,Visit 1 analysis Child population - 1|3,0.030748356061771395,0.13080653111524063,Mild
CD8pos_NKT_Cell,Visit 1 analysis Child population - 1|4,8.150161381735416e-4,0.007981007088906946,Mild
CD8pos_NKT_Cell,Visit 1 analysis Child population - 1|5,0.04395961288114143,0.1653263701834232,Mild
CD8pos_NKT_Cell,Visit 1 analysis Child population - 2|4,0.014132839698950713,0.07262320597777644,Mild
CD8pos_NKT_Cell,Visit 1 analysis Child population - 3|4,0.004511452826671649,0.03121925356056781,Mild
CD8pos_NKT_Cell,Visit 1 analysis Child population - 4|5,0.013714145395114712,0.07189536828348016,Severe
CD8pos_T_Cell__activated_,Visit 1 analysis Child population - 1|4,1.0193184559549835e-4,0.00203471645631014,Mild
CD8pos_T_Cell__activated_,Visit 1 analysis Child population - 2|4,0.0339915623196133,0.1361843948826921,Mild
CD8pos_T_Cell__activated_,Visit 1 analysis Child population - 3|4,0.016822842659305007,0.08315290800170762,Mild
CD8pos_T_Cell__CD161pos_MAIT_,Visit 1 analysis Child population - 1|4,0.034071387254804145,0.1361843948826921,Mild
CD8pos_T_Cell__CD161pos_MAIT_,Visit 1 analysis Child population - 2|4,0.01218456442992474,0.06519370040341176,Mild
CD8pos_T_Cell__CD161pos_MAIT_,Visit 1 analysis Child population - 3|4,0.007138330706194781,0.04258383490247231,Mild
CD8pos_T_Cell__CM_,Visit 1 analysis Child population - 1|2,0.003988308639780396,0.027972056541162502,Mild
CD8pos_T_Cell__CM_,Visit 1 analysis Child population - 1|4,0.0013555661308499397,0.012342786349317871,Mild
CD8pos_T_Cell__CM_,Visit 1 analysis Child population - 1|5,0.01554495182866884,0.07832844659300124,Mild
CD8pos_T_Cell__CM_,Visit 1 analysis Child population - 3|4,0.023811563786221377,0.10818479111885665,Mild
CD8pos_T_Cell__EM_CD27hi_,Visit 1 analysis Child population - 1|2,3.886422268485457e-4,0.004919641847180372,Mild
CD8pos_T_Cell__EM_CD27hi_,Visit 1 analysis Child population - 1|4,1.980400426359424e-4,0.0030230230037662973,Mild
CD8pos_T_Cell__EM_CD27hi_,Visit 1 analysis Child population - 1|5,0.015088161844508178,0.07677211762058572,Mild
CD8pos_T_Cell__EM_CD27hi_,Visit 1 analysis Child population - 2|4,0.02884130087699155,0.12551328076380017,Mild
CD8pos_T_Cell__EM_CD27hi_,Visit 1 analysis Child population - 3|4,0.0032991448977052772,0.02441527384918155,Mild
CD8pos_T_Cell__EM_CD27hi_,Visit 1 analysis Child population - 3|5,0.04771562148416248,0.17439723626957976,Mild
CD8pos_T_Cell__EMRA_CD57hi_,Visit 1 analysis Child population - 1|2,0.0033400470969015225,0.02441527384918155,Mild
CD8pos_T_Cell__EMRA_CD57hi_,Visit 1 analysis Child population - 1|3,0.029020411737294832,0.12551328076380017,Mild
CD8pos_T_Cell__EMRA_CD57hi_,Visit 1 analysis Child population - 1|4,1.3562250814106388e-5,4.39925510782576e-4,Mild
CD8pos_T_Cell__EMRA_CD57hi_,Visit 1 analysis Child population - 1|5,0.006155392614008895,0.038489744176754416,Mild
CD8pos_T_Cell__EMRA_CD57hi_,Visit 1 analysis Child population - 2|4,0.003307494053691959,0.02441527384918155,Mild
CD8pos_T_Cell__EMRA_CD57hi_,Visit 1 analysis Child population - 3|4,0.0013237216194138305,0.012268062865638892,Mild
CD8pos_T_Cell__EMRA_CD57low_,Visit 1 analysis Child population - 1|2,0.0013059016029470126,0.012268062865638892,Mild
CD8pos_T_Cell__EMRA_CD57low_,Visit 1 analysis Child population - 1|3,0.019970889712622068,0.09422628873500775,Mild
CD8pos_T_Cell__EMRA_CD57low_,Visit 1 analysis Child population - 1|4,2.345791623513135e-5,6.40095605670589e-4,Mild
CD8pos_T_Cell__EMRA_CD57low_,Visit 1 analysis Child population - 1|5,0.004686727964892547,0.03200541860235831,Mild
CD8pos_T_Cell__EMRA_CD57low_,Visit 1 analysis Child population - 2|4,0.012916852872338307,0.06840659837493451,Mild
CD8pos_T_Cell__EMRA_CD57low_,Visit 1 analysis Child population - 3|4,0.006133955414126254,0.038489744176754416,Mild
CD8pos_T_Cell__naive_,Visit 1 analysis Child population - 1|2,0.04201942582763254,0.16128198206350222,Mild
CD8pos_T_Cell__naive_,Visit 1 analysis Child population - 1|3,0.031915107576161464,0.1325115266562224,Mild
CD8pos_T_Cell__naive_,Visit 1 analysis Child population - 1|4,7.736116965553847e-5,0.0016729352938010195,Mild
CD8pos_T_Cell__naive_,Visit 1 analysis Child population - 2|4,6.221243976886162e-4,0.006726720050008163,Mild
CD8pos_T_Cell__naive_,Visit 1 analysis Child population - 3|4,0.0025697119006383774,0.02051816117586643,Mild
Conventional_DC,Visit 1 analysis Child population - 1|2,0.011635966230864615,0.06491715625219753,Mild
Conventional_DC,Visit 1 analysis Child population - 1|4,1.0320941691506927e-5,3.826120527065782e-4,Mild
Conventional_DC,Visit 1 analysis Child population - 2|4,3.60460239019282e-4,0.004676971601275184,Mild
Conventional_DC,Visit 1 analysis Child population - 3|4,2.777755137790813e-4,0.003696551067983159,Mild
Conventional_DC,Visit 1 analysis Child population - 4|5,6.751871364202042e-4,0.007151471914328285,Severe
gd_T_Cell,Visit 1 analysis Child population - 1|4,0.04342099851248207,0.16449268779546128,Mild
Monocytes__CD14negCD16pos_,Visit 1 analysis Child population - 1|4,1.1242044264258334e-5,3.889747315433384e-4,Mild
Monocytes__CD14negCD16pos_,Visit 1 analysis Child population - 2|4,0.0018407448822541348,0.015729146716171895,Mild
Monocytes__CD14negCD16pos_,Visit 1 analysis Child population - 3|4,0.0033979313154729146,0.024493421565700592,Mild
Monocytes__CD14posCD16neg_,Visit 1 analysis Child population - 1|2,0.04753842147866883,0.17439723626957976,Mild
Monocytes__CD14posCD16neg_,Visit 1 analysis Child population - 1|4,5.765563014196736e-4,0.006366653626315119,Mild
Monocytes__CD14posCD16neg_,Visit 1 analysis Child population - 2|4,0.0010699076663823865,0.010283001460230715,Mild
Monocytes__CD14posCD16neg_,Visit 1 analysis Child population - 3|4,0.006018291183448509,0.038489744176754416,Mild
Monocytes__CD14posCD16pos_,Visit 1 analysis Child population - 1|4,2.0792516935176715e-4,0.0030339316968900167,Mild
Monocytes__CD14posCD16pos_,Visit 1 analysis Child population - 2|4,4.88967910854648e-4,0.005740391821411619,Mild
Monocytes__CD14posCD16pos_,Visit 1 analysis Child population - 3|4,2.1629185507693763e-4,0.0030339316968900167,Mild
Neutrophil__CD16hi_,Visit 1 analysis Child population - 1|2,0.011826703767234775,0.06491715625219753,Severe
Neutrophil__CD16hi_,Visit 1 analysis Child population - 1|4,4.148298857073355e-6,2.691208883526339e-4,Severe
Neutrophil__CD16hi_,Visit 1 analysis Child population - 1|5,0.01863714262063556,0.09039885065523229,Severe
Neutrophil__CD16hi_,Visit 1 analysis Child population - 2|4,6.63815614601898e-6,2.8710025331532085e-4,Severe
Neutrophil__CD16hi_,Visit 1 analysis Child population - 2|5,0.0017073119528565224,0.015277498336767848,Severe
Neutrophil__CD16hi_,Visit 1 analysis Child population - 3|4,4.97721834226441e-4,0.005740391821411619,Severe
NK_Cell__CD56hi_CD16low_,Visit 1 analysis Child population - 1|3,0.005938239630614527,0.038489744176754416,Mild
NK_Cell__CD56low_CD16hi_CD57hi_,Visit 1 analysis Child population - 1|4,0.009680450356898698,0.05461036668728722,Mild
NK_Cell__CD56low_CD16hi_CD57hi_,Visit 1 analysis Child population - 2|4,0.005808035324494413,0.038156586498893676,Mild
NK_Cell__CD56low_CD16hi_CD57hi_,Visit 1 analysis Child population - 3|4,0.02955631809362086,0.12677462058338204,Mild
NK_Cell__CD56low_CD16hi_CD57low_,Visit 1 analysis Child population - 1|4,1.44070316334842e-4,0.0025783618681994138,Mild
NK_Cell__CD56low_CD16hi_CD57low_,Visit 1 analysis Child population - 2|4,4.5792248958166014e-4,0.00552701795564841,Mild
NK_Cell__CD56low_CD16hi_CD57low_,Visit 1 analysis Child population - 3|4,0.0036175028289008046,0.025718958468486545,Mild
Plasmacytoid_DC,Visit 1 analysis Child population - 1|4,7.986638259107501e-7,8.290130512953585e-5,Mild
Plasmacytoid_DC,Visit 1 analysis Child population - 2|4,7.134712757647567e-4,0.007261198026211884,Mild
Plasmacytoid_DC,Visit 1 analysis Child population - 3|4,6.731209669319495e-5,0.0015189120949464425,Mild
T_Cell,Visit 1 analysis Child population - 1|2,9.359890772203434e-6,3.736756392902755e-4,Mild
T_Cell,Visit 1 analysis Child population - 1|3,1.5416412883528671e-4,0.0025838805298990736,Mild
T_Cell,Visit 1 analysis Child population - 1|4,4.703507304004819e-12,2.4411202907785012e-9,Mild
T_Cell,Visit 1 analysis Child population - 1|5,1.752734634712496e-4,0.0027565735618660164,Mild
T_Cell,Visit 1 analysis Child population - 2|4,1.698634629998097e-6,1.4693189549483537e-4,Mild
T_Cell,Visit 1 analysis Child population - 2|5,0.0017611804540305829,0.015492417892235127,Mild
T_Cell,Visit 1 analysis Child population - 3|4,6.071415787246033e-6,2.8710025331532085e-4,Mild
T_Cell,Visit 1 analysis Child population - 3|5,0.021576701941238088,0.09998489560270149,Mild
B_Cell,Visit 1 analysis Parent population of non granulocytes - overall,0.014503390278785916,0.022791041866663583,Severe
CD4pos_T_Cell,Visit 1 analysis Parent population of non granulocytes - overall,6.1588812075950226e-6,2.965402234798296e-5,Mild
CD8pos_T_Cell,Visit 1 analysis Parent population of non granulocytes - overall,3.2482682247021613e-4,8.932737617930943e-4,Mild
gd_T_Cell,Visit 1 analysis Parent population of non granulocytes - overall,0.023567986830261362,0.03240598189160937,Mild
Hematopoetic_progrenitor_Cell,Visit 1 analysis Parent population of non granulocytes - overall,0.0034583713543615215,0.006340347482996123,Severe
Monocytes,Visit 1 analysis Parent population of non granulocytes - overall,8.087460640358989e-6,2.965402234798296e-5,Severe
Plasmacytoid_DC,Visit 1 analysis Parent population of non granulocytes - overall,0.002399731147071337,0.005279408523556942,Mild
T_Cell,Visit 1 analysis Parent population of non granulocytes - overall,3.35062106694248e-10,3.6856831736367276e-9,Mild
B_Cell,Visit 1 analysis Parent population of non granulocytes - 1|2,0.015767281285868493,0.05980692901536325,Severe
B_Cell,Visit 1 analysis Parent population of non granulocytes - 1|4,1.5440980807531374e-4,0.002123134861035564,Severe
B_Cell,Visit 1 analysis Parent population of non granulocytes - 3|4,0.0084040027974412,0.03601396905276633,Severe
CD4pos_T_Cell,Visit 1 analysis Parent population of non granulocytes - 1|4,3.903966523312298e-5,7.157271959405879e-4,Mild
CD4pos_T_Cell,Visit 1 analysis Parent population of non granulocytes - 1|5,0.024748762727881422,0.08006952647255755,Mild
CD4pos_T_Cell,Visit 1 analysis Parent population of non granulocytes - 2|4,0.001557261409455858,0.010076397355302611,Mild
CD4pos_T_Cell,Visit 1 analysis Parent population of non granulocytes - 2|5,0.008675049681107055,0.03601396905276633,Mild
CD4pos_T_Cell,Visit 1 analysis Parent population of non granulocytes - 3|4,0.0033080375263171286,0.018194206394744207,Mild
CD4pos_T_Cell,Visit 1 analysis Parent population of non granulocytes - 3|5,0.019327705369453378,0.06458600378367665,Mild
CD8pos_T_Cell,Visit 1 analysis Parent population of non granulocytes - 1|2,0.012175884274228404,0.04783383107732587,Mild
CD8pos_T_Cell,Visit 1 analysis Parent population of non granulocytes - 1|4,4.6121685798591406e-4,0.0046121685798591406,Mild
CD8pos_T_Cell,Visit 1 analysis Parent population of non granulocytes - 1|5,0.004945227458331136,0.025100687673160964,Mild
CD8pos_T_Cell,Visit 1 analysis Parent population of non granulocytes - 3|4,0.0024607307790009306,0.015037799205005685,Mild
gd_T_Cell,Visit 1 analysis Parent population of non granulocytes - 1|2,0.028207662586632404,0.0871243317437725,Mild
gd_T_Cell,Visit 1 analysis Parent population of non granulocytes - 1|3,0.028513417661598275,0.0871243317437725,Mild
gd_T_Cell,Visit 1 analysis Parent population of non granulocytes - 1|4,0.0484730618880879,0.124000855992783,Mild
Hematopoetic_progrenitor_Cell,Visit 1 analysis Parent population of non granulocytes - 1|2,0.01852106490061205,0.06458600378367665,Severe
Hematopoetic_progrenitor_Cell,Visit 1 analysis Parent population of non granulocytes - 1|3,0.04602049652603463,0.12052987185390021,Severe
Hematopoetic_progrenitor_Cell,Visit 1 analysis Parent population of non granulocytes - 1|4,0.03943555570531073,0.10580271042888245,Severe
Hematopoetic_progrenitor_Cell,Visit 1 analysis Parent population of non granulocytes - 1|5,0.016748633293364547,0.061411655409003334,Severe
Hematopoetic_progrenitor_Cell,Visit 1 analysis Parent population of non granulocytes - 2|5,0.03556507668367626,0.10031175474883049,Severe
Hematopoetic_progrenitor_Cell,Visit 1 analysis Parent population of non granulocytes - 3|5,0.03339949717747851,0.0966827549874378,Severe
Monocytes,Visit 1 analysis Parent population of non granulocytes - 1|3,0.029357515975814527,0.08727910154971887,Severe
Monocytes,Visit 1 analysis Parent population of non granulocytes - 1|4,2.4000731703936414e-5,5.280160974866011e-4,Severe
Monocytes,Visit 1 analysis Parent population of non granulocytes - 1|5,9.245779805977122e-7,5.085178893287417e-5,Severe
Monocytes,Visit 1 analysis Parent population of non granulocytes - 2|4,0.008839792403860826,0.03601396905276633,Severe
Monocytes,Visit 1 analysis Parent population of non granulocytes - 2|5,0.0013839194702452834,0.009514446357936324,Severe
Monocytes,Visit 1 analysis Parent population of non granulocytes - 3|5,0.0388654042956175,0.10580271042888245,Severe
Plasmacytoid_DC,Visit 1 analysis Parent population of non granulocytes - 1|4,3.2328654569275443e-6,1.1853840008734328e-4,Mild
Plasmacytoid_DC,Visit 1 analysis Parent population of non granulocytes - 2|4,3.9939893089442293e-4,0.0046121685798591406,Mild
Plasmacytoid_DC,Visit 1 analysis Parent population of non granulocytes - 3|4,6.593227900488063e-5,0.0010360786700766957,Mild
Plasmacytoid_DC,Visit 1 analysis Parent population of non granulocytes - 4|5,0.019375801135102996,0.06458600378367665,Severe
T_Cell,Visit 1 analysis Parent population of non granulocytes - 1|2,4.242324279910848e-4,0.0046121685798591406,Mild
T_Cell,Visit 1 analysis Parent population of non granulocytes - 1|3,0.0013777091547680044,0.009514446357936324,Mild
T_Cell,Visit 1 analysis Parent population of non granulocytes - 1|4,2.297247487941761e-11,2.526972236735937e-9,Mild
T_Cell,Visit 1 analysis Parent population of non granulocytes - 1|5,6.224215039218367e-6,1.711659135785051e-4,Mild
T_Cell,Visit 1 analysis Parent population of non granulocytes - 2|4,8.117263957835288e-4,0.007203489512328752,Mild
T_Cell,Visit 1 analysis Parent population of non granulocytes - 2|5,0.0027484195968685817,0.015911902929239156,Mild
T_Cell,Visit 1 analysis Parent population of non granulocytes - 3|4,8.513214878206706e-4,0.007203489512328752,Mild
T_Cell,Visit 1 analysis Parent population of non granulocytes - 3|5,0.007324054280975737,0.035028085691623086,Mild
B_Cell__naive_,Visit 1 analysis Child population of non granulocytes - overall,0.014072295316164055,0.06613978798597106,Severe
CD4pos_T_Cell__CM_,Visit 1 analysis Child population of non granulocytes - overall,0.0012135775561695425,0.014259536284992123,Mild
CD4pos_T_Cell__EM_CD27hi_,Visit 1 analysis Child population of non granulocytes - overall,9.176244465460772e-6,2.1564174493832812e-4,Mild
CD4pos_T_Cell__EM_CD27low_,Visit 1 analysis Child population of non granulocytes - overall,4.2079884501759984e-4,0.006592515238609064,Mild
CD8pos_NKT_Cell,Visit 1 analysis Child population of non granulocytes - overall,0.00279899548395878,0.021925464624343777,Mild
CD8pos_T_Cell__EM_CD27hi_,Visit 1 analysis Child population of non granulocytes - overall,0.006104493686769044,0.03586390040976813,Mild
CD8pos_T_Cell__naive_,Visit 1 analysis Child population of non granulocytes - overall,0.013243384139027224,0.06613978798597106,Mild
Hematopoetic_progrenitor_Cell,Visit 1 analysis Child population of non granulocytes - overall,0.0034583713543615215,0.0232204933792845,Severe
Monocytes__CD14posCD16pos_,Visit 1 analysis Child population of non granulocytes - overall,0.016889591696169517,0.07216461906545157,Mild
Monocytes__CD14posCD16neg_,Visit 1 analysis Child population of non granulocytes - overall,4.0676231249636595e-8,1.91178286873292e-6,Severe
Plasmacytoid_DC,Visit 1 analysis Child population of non granulocytes - overall,0.002399731147071337,0.021925464624343777,Mild
gd_T_Cell,Visit 1 analysis Child population of non granulocytes - overall,0.023567986830261362,0.09230794841852366,Mild
B_Cell__naive_,Visit 1 analysis Child population of non granulocytes - 1|2,0.00355367061732092,0.05952398284012541,Severe
B_Cell__naive_,Visit 1 analysis Child population of non granulocytes - 1|3,0.02228052135085369,0.20095316372212274,Severe
B_Cell__naive_,Visit 1 analysis Child population of non granulocytes - 1|4,2.7226086164592083e-5,0.0019275106774778016,Severe
B_Cell__naive_,Visit 1 analysis Child population of non granulocytes - 2|4,0.01134365922814387,0.11822613728887724,Severe
B_Cell__naive_,Visit 1 analysis Child population of non granulocytes - 3|4,7.563556854193464e-4,0.021959627492340626,Severe
B_Cell__naive_,Visit 1 analysis Child population of non granulocytes - 4|5,0.0011287920119266175,0.025163548002046593,Mild
CD4pos_T_Cell__CM_,Visit 1 analysis Child population of non granulocytes - 1|2,0.0020955921514347864,0.0393133087609166,Mild
CD4pos_T_Cell__CM_,Visit 1 analysis Child population of non granulocytes - 1|3,0.006137228777890447,0.08465765578913588,Mild
CD4pos_T_Cell__CM_,Visit 1 analysis Child population of non granulocytes - 1|4,0.00418490024335856,0.06767993841845395,Mild
CD4pos_T_Cell__CM_,Visit 1 analysis Child population of non granulocytes - 1|5,0.0023877002448034275,0.04147523758565954,Mild
CD4pos_T_Cell__EM_CD27hi_,Visit 1 analysis Child population of non granulocytes - 1|4,1.4326114062943915e-6,2.2396491651735655e-4,Mild
CD4pos_T_Cell__EM_CD27hi_,Visit 1 analysis Child population of non granulocytes - 1|5,0.01092551110464557,0.11645601609269937,Mild
CD4pos_T_Cell__EM_CD27hi_,Visit 1 analysis Child population of non granulocytes - 2|4,7.171577872921229e-4,0.021959627492340626,Mild
CD4pos_T_Cell__EM_CD27hi_,Visit 1 analysis Child population of non granulocytes - 2|5,0.034060209289642145,0.24529442595064954,Mild
CD4pos_T_Cell__EM_CD27hi_,Visit 1 analysis Child population of non granulocytes - 3|4,0.0011803796504158317,0.025163548002046593,Mild
CD4pos_T_Cell__EM_CD27low_,Visit 1 analysis Child population of non granulocytes - 1|2,0.036659902676337446,0.2462418457680315,Mild
CD4pos_T_Cell__EM_CD27low_,Visit 1 analysis Child population of non granulocytes - 1|4,2.8768816081758234e-5,0.0019275106774778016,Mild
CD4pos_T_Cell__EM_CD27low_,Visit 1 analysis Child population of non granulocytes - 1|5,0.006473116413399242,0.08673975993954984,Mild
CD4pos_T_Cell__EM_CD27low_,Visit 1 analysis Child population of non granulocytes - 2|4,0.009806914127719172,0.1091987675764776,Mild
CD4pos_T_Cell__EM_CD27low_,Visit 1 analysis Child population of non granulocytes - 3|4,4.331597006691219e-4,0.016929324967818182,Mild
CD8pos_NKT_Cell,Visit 1 analysis Child population of non granulocytes - 1|2,0.0022533070260716886,0.04064619212413931,Mild
CD8pos_NKT_Cell,Visit 1 analysis Child population of non granulocytes - 1|3,0.03384622704163148,0.24529442595064954,Mild
CD8pos_NKT_Cell,Visit 1 analysis Child population of non granulocytes - 1|4,0.0014388962957289028,0.028779494542274797,Mild
CD8pos_NKT_Cell,Visit 1 analysis Child population of non granulocytes - 4|5,0.03675251429373604,0.2462418457680315,Severe
CD8pos_T_Cell__EM_CD27hi_,Visit 1 analysis Child population of non granulocytes - 1|2,0.009754292487998811,0.1091987675764776,Mild
CD8pos_T_Cell__EM_CD27hi_,Visit 1 analysis Child population of non granulocytes - 1|4,0.044030022227956316,0.27533440566548684,Mild
CD8pos_T_Cell__naive_,Visit 1 analysis Child population of non granulocytes - 1|4,0.0010658076440340637,0.025163548002046593,Mild
CD8pos_T_Cell__naive_,Visit 1 analysis Child population of non granulocytes - 2|4,0.007429048154997326,0.09410823429958008,Mild
CD8pos_T_Cell__naive_,Visit 1 analysis Child population of non granulocytes - 3|4,0.025687444262345597,0.21904384289163792,Mild
gd_T_Cell,Visit 1 analysis Child population of non granulocytes - 1|2,0.028207662586632404,0.2264298941757583,Mild
gd_T_Cell,Visit 1 analysis Child population of non granulocytes - 1|3,0.028513417661598275,0.2264298941757583,Mild
gd_T_Cell,Visit 1 analysis Child population of non granulocytes - 1|4,0.0484730618880879,0.2914598208399131,Mild
Hematopoetic_progrenitor_Cell,Visit 1 analysis Child population of non granulocytes - 1|2,0.01852106490061205,0.17727304976300104,Severe
Hematopoetic_progrenitor_Cell,Visit 1 analysis Child population of non granulocytes - 1|3,0.04602049652603463,0.2803066606585745,Severe
Hematopoetic_progrenitor_Cell,Visit 1 analysis Child population of non granulocytes - 1|4,0.03943555570531073,0.2556263395948793,Severe
Hematopoetic_progrenitor_Cell,Visit 1 analysis Child population of non granulocytes - 1|5,0.016748633293364547,0.16364810447058276,Severe
Hematopoetic_progrenitor_Cell,Visit 1 analysis Child population of non granulocytes - 2|5,0.03556507668367626,0.24529442595064954,Severe
Hematopoetic_progrenitor_Cell,Visit 1 analysis Child population of non granulocytes - 3|5,0.03339949717747851,0.24529442595064954,Severe
Monocytes__CD14posCD16neg_,Visit 1 analysis Child population of non granulocytes - 1|3,0.00967288171389565,0.1091987675764776,Severe
Monocytes__CD14posCD16neg_,Visit 1 analysis Child population of non granulocytes - 1|4,1.2653624340954268e-7,2.9672749079537758e-5,Severe
Monocytes__CD14posCD16neg_,Visit 1 analysis Child population of non granulocytes - 1|5,1.255395344547902e-7,2.9672749079537758e-5,Severe
Monocytes__CD14posCD16neg_,Visit 1 analysis Child population of non granulocytes - 2|4,1.5965110712686618e-4,0.008319596582500028,Severe
Monocytes__CD14posCD16neg_,Visit 1 analysis Child population of non granulocytes - 2|5,6.204470198663615e-4,0.021959627492340626,Severe
Monocytes__CD14posCD16neg_,Visit 1 analysis Child population of non granulocytes - 3|4,0.01001182730445317,0.1091987675764776,Severe
Monocytes__CD14posCD16neg_,Visit 1 analysis Child population of non granulocytes - 3|5,0.0076249742076418825,0.09410823429958008,Severe
Monocytes__CD14posCD16pos_,Visit 1 analysis Child population of non granulocytes - 1|4,0.0010807177297502493,0.025163548002046593,Mild
Monocytes__CD14posCD16pos_,Visit 1 analysis Child population of non granulocytes - 2|4,1.955399214723932e-4,0.009170822317055242,Mild
Monocytes__CD14posCD16pos_,Visit 1 analysis Child population of non granulocytes - 3|4,7.959779688055237e-4,0.021959627492340626,Mild
Monocytes__CD14posCD16pos_,Visit 1 analysis Child population of non granulocytes - 4|5,0.02339609205248116,0.20319939208543822,Severe
Plasmacytoid_DC,Visit 1 analysis Child population of non granulocytes - 1|4,3.2328654569275443e-6,3.7905347482475457e-4,Mild
Plasmacytoid_DC,Visit 1 analysis Child population of non granulocytes - 2|4,3.9939893089442293e-4,0.016929324967818182,Mild
Plasmacytoid_DC,Visit 1 analysis Child population of non granulocytes - 3|4,6.593227900488063e-5,0.003865279856661127,Mild
Plasmacytoid_DC,Visit 1 analysis Child population of non granulocytes - 4|5,0.019375801135102996,0.1817450146472661,Severe
B_Cell__CD11cpos_CXCR5neg_,Visit 1 analysis Child to parent ratio - overall,0.010089042463722104,0.07230480432334174,Severe
B_Cell__CD71pos_activated_,Visit 1 analysis Child to parent ratio - overall,0.035077686588866536,0.18854256541515763,Severe
CD4pos_T_Cell__EM_CD27hi_,Visit 1 analysis Child to parent ratio - overall,0.004757457000964735,0.0511426627603709,Mild
CD8pos_T_Cell__activated_,Visit 1 analysis Child to parent ratio - overall,0.009110569986503586,0.07230480432334174,Severe
CD8pos_T_Cell__EM_CD57hi_,Visit 1 analysis Child to parent ratio - overall,0.004204353183740116,0.0511426627603709,Severe
Monocytes__CD14negCD16pos_,Visit 1 analysis Child to parent ratio - overall,0.03333520332589172,0.18854256541515763,Mild
Monocytes__CD14posCD16pos_,Visit 1 analysis Child to parent ratio - overall,8.675928022406824e-6,3.7306490496349346e-4,Mild
Monocytes__CD14posCD16neg_,Visit 1 analysis Child to parent ratio - overall,1.779432161952061e-5,3.8257791481969314e-4,Severe
B_Cell__CD11cpos_CXCR5neg_,Visit 1 analysis Child to parent ratio - 2|5,0.04600489693849697,0.49734819670503433,Severe
CD4pos_T_Cell__EM_CD27hi_,Visit 1 analysis Child to parent ratio - 1|5,0.021372562430786814,0.42538474351186445,Mild
CD4pos_T_Cell__EM_CD27hi_,Visit 1 analysis Child to parent ratio - 2|5,0.04975899366680398,0.49734819670503433,Mild
CD8pos_T_Cell__activated_,Visit 1 analysis Child to parent ratio - 2|5,0.029853397191717073,0.4584628854442265,Severe
CD8pos_T_Cell__activated_,Visit 1 analysis Child to parent ratio - 3|5,0.024215698561111935,0.4338645992199222,Severe
CD8pos_T_Cell__EM_CD57hi_,Visit 1 analysis Child to parent ratio - 1|4,0.004109309467868758,0.13592331316796663,Severe
CD8pos_T_Cell__EM_CD57hi_,Visit 1 analysis Child to parent ratio - 2|4,0.008358564548550225,0.2246364222422873,Severe
CD8pos_T_Cell__EM_CD57hi_,Visit 1 analysis Child to parent ratio - 3|4,0.013534349240070047,0.34233942195471295,Severe
Monocytes__CD14negCD16pos_,Visit 1 analysis Child to parent ratio - 1|4,6.304625903156248e-6,5.421978276714374e-4,Mild
Monocytes__CD14negCD16pos_,Visit 1 analysis Child to parent ratio - 1|5,0.0063489349402349755,0.19500300173578855,Mild
Monocytes__CD14negCD16pos_,Visit 1 analysis Child to parent ratio - 2|4,0.0021068493790763147,0.08235865754571049,Mild
Monocytes__CD14negCD16pos_,Visit 1 analysis Child to parent ratio - 3|4,9.734427872129074e-4,0.048353037954975184,Mild
Monocytes__CD14negCD16pos_,Visit 1 analysis Child to parent ratio - 3|5,0.03141681121070623,0.4627372651294548,Mild
Monocytes__CD14posCD16neg_,Visit 1 analysis Child to parent ratio - 1|4,9.574463986037842e-8,4.117019513996272e-5,Severe
Monocytes__CD14posCD16neg_,Visit 1 analysis Child to parent ratio - 1|5,0.027686266053892183,0.45788824627590924,Severe
Monocytes__CD14posCD16neg_,Visit 1 analysis Child to parent ratio - 2|4,1.9574283910122814e-6,2.805647360450937e-4,Severe
Monocytes__CD14posCD16neg_,Visit 1 analysis Child to parent ratio - 3|4,1.2865600755558872e-5,9.220347208150526e-4,Severe
Monocytes__CD14posCD16pos_,Visit 1 analysis Child to parent ratio - 1|4,1.1183517343330601e-6,2.4044562288160794e-4,Mild
Monocytes__CD14posCD16pos_,Visit 1 analysis Child to parent ratio - 2|4,3.873805477211014e-6,4.1643408880018403e-4,Mild
Monocytes__CD14posCD16pos_,Visit 1 analysis Child to parent ratio - 3|4,5.376360463775309e-5,0.0033026214277476896,Mild
B Cell,Longitudinal analysis Parent population - overall shape,0.006626292567569251,0.014080871706084658,Mild
B Cell,Longitudinal analysis Parent population - overall average,0.012211907155252092,0.01887294742175323,Mild
Basophil,Longitudinal analysis Parent population - overall shape,0.006310216445904979,0.014080871706084658,Mild
CD4+ T Cell,Longitudinal analysis Parent population - overall shape,0.017939877211677144,0.023459839430654727,Mild
CD4+ T Cell,Longitudinal analysis Parent population - overall average,2.985318008543897e-10,5.0750406145246245e-9,Mild
CD8+ T Cell,Longitudinal analysis Parent population - overall shape,0.0037338353627708893,0.01057920019451752,Mild
CD8+ T Cell,Longitudinal analysis Parent population - overall average,4.9274409427169966e-5,9.307388447354327e-5,Mild
Conventional DC,Longitudinal analysis Parent population - overall shape,0.010501970066331948,0.017736942800317377,Mild
Conventional DC,Longitudinal analysis Parent population - overall average,2.9958350701711713e-5,6.366149524113739e-5,Severe
Eosinophil,Longitudinal analysis Parent population - overall shape,2.3842260930688494e-4,0.002026592179108522,Mild
gd T Cell,Longitudinal analysis Parent population - overall shape,0.001660051139843339,0.005644173875467353,Severe
Hematopoetic progrenitor Cell,Longitudinal analysis Parent population - overall shape,6.803419125010245e-18,1.1565812512517416e-16,Mild
Hematopoetic progrenitor Cell,Longitudinal analysis Parent population - overall average,0.04444470838038722,0.06296333687221524,Severe
Lymphocyte,Longitudinal analysis Parent population - overall shape,0.015156252214043913,0.02147135730322888,Mild
Lymphocyte,Longitudinal analysis Parent population - overall average,4.870773032098468e-9,2.5307075842002445e-8,Mild
Monocytes,Longitudinal analysis Parent population - overall shape,0.039661759098155384,0.0449499936445761,Mild
Monocytes,Longitudinal analysis Parent population - overall average,5.014737917073102e-4,8.525054459024272e-4,Mild
Myeloid,Longitudinal analysis Parent population - overall shape,0.011476845341381832,0.017736942800317377,Severe
Myeloid,Longitudinal analysis Parent population - overall average,2.6459697761743872e-9,2.2490743097482292e-8,Severe
MyeloidToLymphocyte,Longitudinal analysis Parent population - overall shape,6.464601499315308e-4,0.002747455637209006,Severe
MyeloidToLymphocyte,Longitudinal analysis Parent population - overall average,2.882343318994253e-5,6.366149524113739e-5,Severe
Neutrophil,Longitudinal analysis Parent population - overall shape,3.5943388276044047e-4,0.002036792002309163,Severe
Neutrophil,Longitudinal analysis Parent population - overall average,5.954606080471164e-9,2.5307075842002445e-8,Severe
NK Cell,Longitudinal analysis Parent population - overall shape,0.026916135848976362,0.03268387924518558,Mild
NK Cell,Longitudinal analysis Parent population - overall average,4.155469120487901e-6,1.177382917471572e-5,Mild
Plasmacytoid DC,Longitudinal analysis Parent population - overall shape,0.0093437049033681,0.017649220373028632,Mild
Plasmacytoid DC,Longitudinal analysis Parent population - overall average,1.8657767551518745e-8,6.343640967516373e-8,Mild
B Cell,Longitudinal analysis Parent population - 1|4 average,0.04095793961819207,0.06962849735092652,Mild
B Cell,Longitudinal analysis Parent population - 1|5 average,0.0023189733948679138,0.005631792530393504,Mild
B Cell,Longitudinal analysis Parent population - 2|5 average,0.011469039912899007,0.027853382645611872,Mild
B Cell,Longitudinal analysis Parent population - 3|4 shape,0.03279017737302862,0.17083348584696997,Mild
B Cell,Longitudinal analysis Parent population - 3|5 average,0.008452725907874024,0.01656055113997903,Mild
B Cell,Longitudinal analysis Parent population - 4|5 average,0.0026314948433188087,0.022367706168209874,Mild
Basophil,Longitudinal analysis Parent population - 1|4 shape,0.004331630994663713,0.02454590896976104,Severe
Basophil,Longitudinal analysis Parent population - 1|5 average,0.03267434944102668,0.05049672186340486,Mild
Basophil,Longitudinal analysis Parent population - 1|5 shape,0.017520231716333396,0.04964065652961129,Mild
Basophil,Longitudinal analysis Parent population - 2|5 shape,0.007044604796791972,0.011932814084885278,Mild
Basophil,Longitudinal analysis Parent population - 3|5 average,0.0097415006705759,0.01656055113997903,Mild
Basophil,Longitudinal analysis Parent population - 3|5 shape,0.0016834686022442055,0.009539655412717165,Mild
Basophil,Longitudinal analysis Parent population - 4|5 shape,9.556088694879078e-4,0.0040613376953236085,Mild
CD4+ T Cell,Longitudinal analysis Parent population - 1|2 shape,0.02500688021407786,0.1470693470083977,Severe
CD4+ T Cell,Longitudinal analysis Parent population - 1|4 average,4.500908844520139e-7,3.8257725178421185e-6,Mild
CD4+ T Cell,Longitudinal analysis Parent population - 1|5 average,3.724432361302818e-6,6.33153501421479e-5,Mild
CD4+ T Cell,Longitudinal analysis Parent population - 1|5 shape,0.04113568646847403,0.07770074110711761,Mild
CD4+ T Cell,Longitudinal analysis Parent population - 2|4 average,2.7062476502955457e-7,4.600621005502427e-6,Mild
CD4+ T Cell,Longitudinal analysis Parent population - 2|4 shape,0.033283206119516046,0.0943024173386288,Mild
CD4+ T Cell,Longitudinal analysis Parent population - 2|5 average,2.7130891334767874e-4,9.224503053821076e-4,Mild
CD4+ T Cell,Longitudinal analysis Parent population - 2|5 shape,7.16015120897022e-4,0.0030430642638123433,Mild
CD4+ T Cell,Longitudinal analysis Parent population - 3|4 average,2.6909783905746362e-5,2.2873316319884407e-4,Mild
CD4+ T Cell,Longitudinal analysis Parent population - 3|5 average,3.0763205951803504e-4,0.0038193214755666994,Mild
CD4+ T Cell,Longitudinal analysis Parent population - 3|5 shape,0.011587491074968148,0.032831224712409755,Mild
CD4+ T Cell,Longitudinal analysis Parent population - 4|5 average,0.019240469409753647,0.06812156670407978,Severe
CD4+ T Cell,Longitudinal analysis Parent population - 4|5 shape,0.0032772020739082544,0.007958919322348617,Mild
CD8+ T Cell,Longitudinal analysis Parent population - 1|2 shape,0.007028528808731111,0.11948498974842889,Severe
CD8+ T Cell,Longitudinal analysis Parent population - 1|3 shape,0.03807930878716356,0.16183706234544515,Severe
CD8+ T Cell,Longitudinal analysis Parent population - 1|4 average,0.003088945120517436,0.005834674116532934,Mild
CD8+ T Cell,Longitudinal analysis Parent population - 1|5 average,2.2375817658580257e-4,0.001646309598808426,Mild
CD8+ T Cell,Longitudinal analysis Parent population - 1|5 shape,0.0318487061380181,0.06767850054328847,Mild
CD8+ T Cell,Longitudinal analysis Parent population - 2|4 average,8.25393123231377e-4,0.0014031683094933409,Mild
CD8+ T Cell,Longitudinal analysis Parent population - 2|5 average,0.01435819051688783,0.030511154848386637,Mild
CD8+ T Cell,Longitudinal analysis Parent population - 2|5 shape,0.0019325679210017255,0.006570730931405867,Mild
CD8+ T Cell,Longitudinal analysis Parent population - 3|4 average,7.814701024699287e-4,0.0026569983483977575,Mild
CD8+ T Cell,Longitudinal analysis Parent population - 3|5 average,0.03783664102894146,0.058474808862909525,Mild
CD8+ T Cell,Longitudinal analysis Parent population - 3|5 shape,0.03637826395157609,0.05893670452913501,Mild
CD8+ T Cell,Longitudinal analysis Parent population - 4|5 shape,0.007498251016116675,0.010622522272831957,Mild
Conventional DC,Longitudinal analysis Parent population - 1|4 average,1.3287435493177442e-5,4.51772806768033e-5,Mild
Conventional DC,Longitudinal analysis Parent population - 1|5 average,0.010656342432798196,0.018115782135756934,Severe
Conventional DC,Longitudinal analysis Parent population - 1|5 shape,7.981846818664665e-4,0.0033922848979324825,Mild
Conventional DC,Longitudinal analysis Parent population - 2|4 average,4.1185388062950975e-5,8.751894963377081e-5,Mild
Conventional DC,Longitudinal analysis Parent population - 2|4 shape,0.02478484130312254,0.0943024173386288,Mild
Conventional DC,Longitudinal analysis Parent population - 2|5 shape,1.1437677103697581e-5,6.481350358761963e-5,Mild
Conventional DC,Longitudinal analysis Parent population - 3|4 average,2.4270668657921774e-4,0.0013753378906155673,Mild
Conventional DC,Longitudinal analysis Parent population - 3|5 shape,0.006682373132262137,0.028400085812114083,Mild
Conventional DC,Longitudinal analysis Parent population - 4|5 shape,2.298022777546286e-5,1.953319360914343e-4,Mild
Eosinophil,Longitudinal analysis Parent population - 1|3 shape,0.02675730485023324,0.16183706234544515,Severe
Eosinophil,Longitudinal analysis Parent population - 1|4 shape,0.001714938049172319,0.014576973417964711,Severe
Eosinophil,Longitudinal analysis Parent population - 1|5 shape,0.010630214699777119,0.03614272997924221,Severe
Eosinophil,Longitudinal analysis Parent population - 2|4 shape,0.012474382699534744,0.0943024173386288,Severe
Eosinophil,Longitudinal analysis Parent population - 3|4 shape,0.03518032095369571,0.17083348584696997,Severe
gd T Cell,Longitudinal analysis Parent population - 1|2 average,0.04890403652369944,0.17069862852745588,Mild
gd T Cell,Longitudinal analysis Parent population - 1|3 average,0.004834546401639981,0.08218728882787968,Mild
gd T Cell,Longitudinal analysis Parent population - 1|5 shape,5.182302161262309e-4,0.0029366378913819754,Severe
gd T Cell,Longitudinal analysis Parent population - 2|5 shape,0.005943879275304154,0.011932814084885278,Severe
gd T Cell,Longitudinal analysis Parent population - 3|5 average,0.009602542205723869,0.01656055113997903,Mild
gd T Cell,Longitudinal analysis Parent population - 3|5 shape,3.449083153851058e-24,5.863441361546798e-23,Severe
gd T Cell,Longitudinal analysis Parent population - 4|5 shape,0.006834490572646108,0.010622522272831957,Severe
Hematopoetic progrenitor Cell,Longitudinal analysis Parent population - 1|5 average,3.0751703583684216e-4,0.001646309598808426,Severe
Hematopoetic progrenitor Cell,Longitudinal analysis Parent population - 1|5 shape,5.65770203108198e-124,9.618093452839366e-123,Mild
Hematopoetic progrenitor Cell,Longitudinal analysis Parent population - 2|5 average,4.899428514346132e-4,0.0013881714123980707,Severe
Hematopoetic progrenitor Cell,Longitudinal analysis Parent population - 2|5 shape,9.65304235763504e-53,1.6410172007979567e-51,Mild
Hematopoetic progrenitor Cell,Longitudinal analysis Parent population - 3|4 shape,0.04019611431693411,0.17083348584696997,Severe
Hematopoetic progrenitor Cell,Longitudinal analysis Parent population - 3|5 average,4.4933193830196463e-4,0.0038193214755666994,Severe
Hematopoetic progrenitor Cell,Longitudinal analysis Parent population - 3|5 shape,1.3842221610785923e-16,1.1765888369168035e-15,Mild
Hematopoetic progrenitor Cell,Longitudinal analysis Parent population - 4|5 average,0.0010288629767086148,0.01749067060404645,Severe
Hematopoetic progrenitor Cell,Longitudinal analysis Parent population - 4|5 shape,6.738225609272542e-42,1.145498353576332e-40,Mild
Lymphocyte,Longitudinal analysis Parent population - 1|2 average,0.04445346848328444,0.17069862852745588,Mild
Lymphocyte,Longitudinal analysis Parent population - 1|2 shape,0.042615506073819046,0.1470693470083977,Severe
Lymphocyte,Longitudinal analysis Parent population - 1|4 average,7.758067554906494e-6,3.2971787108352596e-5,Mild
Lymphocyte,Longitudinal analysis Parent population - 1|5 average,5.991613014456255e-4,0.0016976236874292722,Mild
Lymphocyte,Longitudinal analysis Parent population - 2|4 average,2.9055664430037423e-6,9.878925906212723e-6,Mild
Lymphocyte,Longitudinal analysis Parent population - 2|4 shape,0.02939786344181074,0.0943024173386288,Mild
Lymphocyte,Longitudinal analysis Parent population - 2|5 average,4.0066512495960314e-5,2.270435708104418e-4,Mild
Lymphocyte,Longitudinal analysis Parent population - 2|5 shape,0.007480279100852481,0.011932814084885278,Mild
Lymphocyte,Longitudinal analysis Parent population - 3|4 average,0.0014033012800647936,0.00340801739444307,Mild
Lymphocyte,Longitudinal analysis Parent population - 3|5 average,0.0014122158633220721,0.004801533935295045,Mild
Lymphocyte,Longitudinal analysis Parent population - 3|5 shape,0.04897609534818054,0.06938280174325577,Mild
Lymphocyte,Longitudinal analysis Parent population - 4|5 average,0.024746249964909737,0.06812156670407978,Severe
Lymphocyte,Longitudinal analysis Parent population - 4|5 shape,0.015465909174378182,0.02022465045880224,Mild
Monocytes,Longitudinal analysis Parent population - 2|4 average,1.8422632309997517e-5,4.4740678467136824e-5,Mild
Monocytes,Longitudinal analysis Parent population - 2|5 average,0.021719930917941027,0.04102653617833305,Mild
Monocytes,Longitudinal analysis Parent population - 3|4 average,0.00703694239747806,0.014953502594640877,Mild
Monocytes,Longitudinal analysis Parent population - 3|5 shape,0.0195223308672695,0.04148495309294769,Mild
Monocytes,Longitudinal analysis Parent population - 4|5 shape,0.002388851331596998,0.007823034109930684,Mild
Myeloid,Longitudinal analysis Parent population - 1|2 average,0.04441948071266682,0.17069862852745588,Severe
Myeloid,Longitudinal analysis Parent population - 1|2 shape,0.04316104582819022,0.1470693470083977,Mild
Myeloid,Longitudinal analysis Parent population - 1|4 average,7.543854256203805e-6,3.2971787108352596e-5,Severe
Myeloid,Longitudinal analysis Parent population - 1|5 average,4.4060633349819723e-4,0.001646309598808426,Severe
Myeloid,Longitudinal analysis Parent population - 2|4 average,2.6914624967373073e-6,9.878925906212723e-6,Severe
Myeloid,Longitudinal analysis Parent population - 2|4 shape,0.03033305736472413,0.0943024173386288,Severe
Myeloid,Longitudinal analysis Parent population - 2|5 average,3.8029328976394484e-5,2.270435708104418e-4,Severe
Myeloid,Longitudinal analysis Parent population - 2|5 shape,0.003502961632412503,0.008507192535858936,Severe
Myeloid,Longitudinal analysis Parent population - 3|4 average,0.0012913497058864888,0.00340801739444307,Severe
Myeloid,Longitudinal analysis Parent population - 3|5 average,0.001118114715226855,0.004751987539714134,Severe
Myeloid,Longitudinal analysis Parent population - 3|5 shape,0.03300592912050118,0.05893670452913501,Severe
Myeloid,Longitudinal analysis Parent population - 4|5 average,0.021197848718912577,0.06812156670407978,Mild
Myeloid,Longitudinal analysis Parent population - 4|5 shape,0.007237183204399245,0.010622522272831957,Severe
MyeloidToLymphocyte,Longitudinal analysis Parent population - 1|3 average,0.04630829170393964,0.2624136529889913,Severe
MyeloidToLymphocyte,Longitudinal analysis Parent population - 1|4 average,0.0025199009161731892,0.005354789446868027,Severe
MyeloidToLymphocyte,Longitudinal analysis Parent population - 1|4 shape,0.0010047404881887586,0.014576973417964711,Mild
MyeloidToLymphocyte,Longitudinal analysis Parent population - 2|4 average,2.2441037382722678e-6,9.878925906212723e-6,Severe
MyeloidToLymphocyte,Longitudinal analysis Parent population - 2|4 shape,3.778122164305305e-5,6.422807679319018e-4,Mild
MyeloidToLymphocyte,Longitudinal analysis Parent population - 2|5 average,3.25818941245241e-5,2.270435708104418e-4,Severe
MyeloidToLymphocyte,Longitudinal analysis Parent population - 2|5 shape,0.007721232643161062,0.011932814084885278,Severe
MyeloidToLymphocyte,Longitudinal analysis Parent population - 3|4 shape,0.029068135528574887,0.17083348584696997,Mild
MyeloidToLymphocyte,Longitudinal analysis Parent population - 3|5 average,0.001995428605631473,0.005653714382622507,Severe
MyeloidToLymphocyte,Longitudinal analysis Parent population - 4|5 average,0.01869573420204386,0.06812156670407978,Severe
MyeloidToLymphocyte,Longitudinal analysis Parent population - 4|5 shape,0.0027610708623284764,0.007823034109930684,Severe
Neutrophil,Longitudinal analysis Parent population - 1|2 shape,0.04819735741495687,0.1470693470083977,Mild
Neutrophil,Longitudinal analysis Parent population - 1|3 shape,0.036669413771560404,0.16183706234544515,Mild
Neutrophil,Longitudinal analysis Parent population - 1|4 average,2.486008321182999e-4,6.037448780015854e-4,Severe
Neutrophil,Longitudinal analysis Parent population - 1|5 average,0.002753331248527823,0.005850828903121623,Severe
Neutrophil,Longitudinal analysis Parent population - 2|4 average,1.00478419542723e-6,8.540665661131454e-6,Severe
Neutrophil,Longitudinal analysis Parent population - 2|5 average,6.729235749830786e-5,2.859925193678084e-4,Severe
Neutrophil,Longitudinal analysis Parent population - 2|5 shape,0.003068646504408594,0.008507192535858936,Severe
Neutrophil,Longitudinal analysis Parent population - 3|4 average,7.157022509863567e-4,0.0026569983483977575,Severe
Neutrophil,Longitudinal analysis Parent population - 3|5 average,9.188079195273488e-4,0.004751987539714134,Severe
Neutrophil,Longitudinal analysis Parent population - 3|5 shape,0.009434285067972266,0.0320765692311057,Severe
Neutrophil,Longitudinal analysis Parent population - 4|5 average,0.0280500568781505,0.06812156670407978,Mild
Neutrophil,Longitudinal analysis Parent population - 4|5 shape,5.590597145709462e-4,0.003168005049235362,Severe
NK Cell,Longitudinal analysis Parent population - 1|2 average,0.015229030838176831,0.17069862852745588,Mild
NK Cell,Longitudinal analysis Parent population - 1|4 average,2.1914442070810108e-5,6.209091920062864e-5,Mild
NK Cell,Longitudinal analysis Parent population - 1|5 average,4.8420870553189e-4,0.001646309598808426,Mild
NK Cell,Longitudinal analysis Parent population - 1|5 shape,0.028986026368698993,0.06767850054328847,Mild
NK Cell,Longitudinal analysis Parent population - 2|4 average,4.263278683907866e-4,8.052859736270413e-4,Mild
NK Cell,Longitudinal analysis Parent population - 2|5 average,0.03773788848381417,0.0641544104224841,Mild
NK Cell,Longitudinal analysis Parent population - 3|4 average,0.00861860494717481,0.016279587122441305,Mild
NK Cell,Longitudinal analysis Parent population - 3|5 shape,0.015178443215410564,0.03686193352313994,Mild
NK Cell,Longitudinal analysis Parent population - 4|5 shape,0.006107430113271248,0.010622522272831957,Mild
Plasmacytoid DC,Longitudinal analysis Parent population - 1|3 average,0.02569150545411718,0.21837779635999605,Mild
Plasmacytoid DC,Longitudinal analysis Parent population - 1|4 average,1.250745040138567e-10,2.126266568235564e-9,Mild
Plasmacytoid DC,Longitudinal analysis Parent population - 1|5 average,0.0036138482271829177,0.006826157762456622,Mild
Plasmacytoid DC,Longitudinal analysis Parent population - 2|4 average,1.1828966235344755e-5,3.351540433347681e-5,Mild
Plasmacytoid DC,Longitudinal analysis Parent population - 3|4 average,2.358233432138493e-7,4.008996834635438e-6,Mild
Plasmacytoid DC,Longitudinal analysis Parent population - 3|5 average,0.0072149935297201725,0.01656055113997903,Mild
Plasmacytoid DC,Longitudinal analysis Parent population - 3|5 shape,0.038135514695322656,0.05893670452913501,Mild
Plasmacytoid DC,Longitudinal analysis Parent population - 4|5 shape,0.005134066656964552,0.010622522272831957,Mild
B Cell (CD11c+ CXCR5-),Longitudinal analysis Child population - overall shape,8.416774603915471e-6,8.75344558807209e-5,Mild
B Cell (naive),Longitudinal analysis Child population - overall shape,8.512577825932576e-4,0.0034050311303730303,Mild
B Cell (naive),Longitudinal analysis Child population - overall average,0.009281883346634795,0.022983711144048066,Mild
B Cell (Plasmablast),Longitudinal analysis Child population - overall shape,0.0010985961606805837,0.004080500025385026,Severe
Basophil,Longitudinal analysis Child population - overall shape,0.006310216445904979,0.016406562759352948,Mild
CD4+ NKT Cell,Longitudinal analysis Child population - overall shape,4.3741806307716246e-15,1.1372869640006223e-13,Mild
CD4+ T Cell (activated),Longitudinal analysis Child population - overall shape,7.271596667342198e-5,5.401757524311348e-4,Severe
CD4+ T Cell (activated),Longitudinal analysis Child population - overall average,0.04114373278193935,0.0822874655638787,Mild
CD4+ T Cell (CM),Longitudinal analysis Child population - overall average,4.2258369025577916e-9,2.1974351893300516e-7,Mild
CD4+ T Cell (EM CD27hi),Longitudinal analysis Child population - overall shape,0.04172485801479299,0.0774890220274727,Mild
CD4+ T Cell (EM CD27hi),Longitudinal analysis Child population - overall average,6.509669743029875e-6,7.353026649516354e-5,Mild
CD4+ T Cell (EM CD27low),Longitudinal analysis Child population - overall average,1.2423059783456303e-5,1.0766651812328796e-4,Mild
CD4+ T Cell (EM CD57hi),Longitudinal analysis Child population - overall shape,7.921390180948454e-4,0.0034050311303730303,Mild
CD4+ T Cell (EM CD57hi),Longitudinal analysis Child population - overall average,0.04732095554811869,0.08485136856904041,Mild
CD4+ T Cell (EMRA CD57hi),Longitudinal analysis Child population - overall shape,0.018316157936571164,0.03809760850806802,Mild
CD4+ T Cell (EMRA CD57hi),Longitudinal analysis Child population - overall average,0.033185693186010216,0.07190233523635546,Severe
CD4+ T Cell (EMRA CD57low),Longitudinal analysis Child population - overall shape,5.390847875139971e-10,9.344136316909282e-9,Mild
CD4+ T Cell (EMRA CD57low),Longitudinal analysis Child population - overall average,0.0027563664861254976,0.008958191079907868,Mild
CD4+ T Cell (naive),Longitudinal analysis Child population - overall shape,8.730485008698704e-5,5.674815255654157e-4,Mild
CD4+ T Cell (naive),Longitudinal analysis Child population - overall average,0.004344679379055253,0.011296166385543658,Mild
CD4+ Treg (CD39hi),Longitudinal analysis Child population - overall average,0.0018418825296992248,0.007367530118796899,Mild
CD4+ Treg (CD39low),Longitudinal analysis Child population - overall average,0.043793464458599496,0.0825401727064334,Mild
CD4+ Treg (naive),Longitudinal analysis Child population - overall shape,0.024920337079815214,0.04984067415963043,Mild
CD8+ NKT Cell,Longitudinal analysis Child population - overall average,0.002115749012536207,0.00785849633227734,Mild
CD8+ T Cell (CD161+ MAIT),Longitudinal analysis Child population - overall average,0.010962283503770511,0.024784293138959416,Mild
CD8+ T Cell (CM),Longitudinal analysis Child population - overall shape,2.1781873570802268e-7,2.831643564204295e-6,Mild
CD8+ T Cell (CM),Longitudinal analysis Child population - overall average,1.0413134369782806e-4,6.768537340358824e-4,Mild
CD8+ T Cell (EM CD27hi),Longitudinal analysis Child population - overall average,0.003993374062784874,0.010929234277095443,Mild
CD8+ T Cell (EMRA CD57hi),Longitudinal analysis Child population - overall shape,0.0012854992426434512,0.004456397374497298,Mild
CD8+ T Cell (EMRA CD57hi),Longitudinal analysis Child population - overall average,0.010051068772661395,0.02375707164447239,Mild
CD8+ T Cell (EMRA CD57low),Longitudinal analysis Child population - overall shape,1.3574695127164425e-5,1.1764735776875834e-4,Mild
CD8+ T Cell (naive),Longitudinal analysis Child population - overall shape,1.9563657239305218e-4,0.0011303446404931903,Mild
CD8+ T Cell (naive),Longitudinal analysis Child population - overall average,7.282099369848907e-4,0.0037866916723214316,Mild
Conventional DC,Longitudinal analysis Child population - overall shape,0.010501970066331948,0.023743584497793967,Mild
Conventional DC,Longitudinal analysis Child population - overall average,2.9958350701711713e-5,2.2254774806985844e-4,Severe
Eosinophil,Longitudinal analysis Child population - overall shape,2.3842260930688494e-4,0.0012397975683958017,Mild
gd T Cell,Longitudinal analysis Child population - overall shape,0.001660051139843339,0.005395166204490852,Severe
Hematopoetic progrenitor Cell,Longitudinal analysis Child population - overall shape,6.803419125010245e-18,3.537777945005327e-16,Mild
Hematopoetic progrenitor Cell,Longitudinal analysis Child population - overall average,0.04444470838038722,0.0825401727064334,Severe
Monocytes (CD14-CD16+),Longitudinal analysis Child population - overall shape,0.0028596114551363346,0.008261099759282743,Mild
Monocytes (CD14-CD16+),Longitudinal analysis Child population - overall average,0.03837836692674562,0.07982700320763089,Severe
Monocytes (CD14+CD16-),Longitudinal analysis Child population - overall shape,0.03432502306710131,0.06610745183293584,Mild
Monocytes (CD14+CD16-),Longitudinal analysis Child population - overall average,0.0014614871989243395,0.006333111195338804,Mild
Monocytes (CD14+CD16+),Longitudinal analysis Child population - overall average,0.0027349050698239545,0.008958191079907868,Severe
Neutrophil (CD16hi),Longitudinal analysis Child population - overall shape,0.002205257413762625,0.006745493265626852,Mild
Neutrophil (CD16hi),Longitudinal analysis Child population - overall average,1.6891807653271219e-4,9.759711088556704e-4,Severe
Neutrophil (CD16low),Longitudinal analysis Child population - overall shape,0.014313911359379887,0.031013474611989753,Severe
Neutrophil (CD16low),Longitudinal analysis Child population - overall average,0.0038843836968062333,0.010929234277095443,Severe
NK Cell (CD56hi CD16low),Longitudinal analysis Child population - overall average,0.0036639278054753084,0.010929234277095443,Mild
NK Cell (CD56low CD16hi CD57hi),Longitudinal analysis Child population - overall average,0.00133318546548637,0.006302331291390113,Mild
NK Cell (CD56low CD16hi CD57low),Longitudinal analysis Child population - overall shape,4.0414274421514195e-4,0.0019104929726533983,Mild
NK Cell (CD56low CD16hi CD57low),Longitudinal analysis Child population - overall average,7.070217932227263e-6,7.353026649516354e-5,Mild
Plasmacytoid DC,Longitudinal analysis Child population - overall shape,0.0093437049033681,0.022085120680688238,Mild
Plasmacytoid DC,Longitudinal analysis Child population - overall average,1.8657767551518745e-8,4.851019563394873e-7,Mild
T Cell,Longitudinal analysis Child population - overall shape,0.004476415061182706,0.012251241220078984,Mild
T Cell,Longitudinal analysis Child population - overall average,3.466416057721856e-8,6.008454500051216e-7,Mild
Tier3_CD8_Undefined,Longitudinal analysis Child population - overall shape,0.007624228506727824,0.018879042016659374,Severe
B Cell (naive),Longitudinal analysis Child population - 1|4 shape,0.004982057212771297,0.0384946422427292,Mild
B Cell (naive),Longitudinal analysis Child population - 1|5 average,0.014887414742935942,0.0351884348469395,Mild
B Cell (naive),Longitudinal analysis Child population - 2|4 shape,0.011805303880284928,0.11908089688748766,Mild
B Cell (naive),Longitudinal analysis Child population - 2|5 average,0.008434090783535781,0.06265324582055153,Mild
B Cell (naive),Longitudinal analysis Child population - 3|4 shape,0.0017821427565124287,0.030890474446215427,Mild
B Cell (naive),Longitudinal analysis Child population - 3|5 average,0.0060499398736145495,0.057724950405894926,Mild
B Cell (naive),Longitudinal analysis Child population - 4|5 average,0.0017606573700101815,0.030518061080176476,Mild
B Cell (Plasmablast),Longitudinal analysis Child population - 1|4 shape,0.005922252652727569,0.0384946422427292,Severe
B Cell (Plasmablast),Longitudinal analysis Child population - 2|5 average,0.041980426004931334,0.15592729658974497,Mild
B Cell (Plasmablast),Longitudinal analysis Child population - 3|4 shape,0.0065314993604319235,0.06294680797165725,Severe
Basophil,Longitudinal analysis Child population - 1|4 shape,0.004331630994663713,0.0384946422427292,Severe
Basophil,Longitudinal analysis Child population - 1|5 average,0.03267434944102668,0.0679626468373355,Mild
Basophil,Longitudinal analysis Child population - 1|5 shape,0.017520231716333396,0.056940753078083536,Mild
Basophil,Longitudinal analysis Child population - 2|5 shape,0.007044604796791972,0.030526620786098545,Mild
Basophil,Longitudinal analysis Child population - 3|5 average,0.0097415006705759,0.057724950405894926,Mild
Basophil,Longitudinal analysis Child population - 3|5 shape,0.0016834686022442055,0.02358011588887961,Mild
Basophil,Longitudinal analysis Child population - 4|5 shape,9.556088694879078e-4,0.016563887071123735,Mild
CD4+ NKT Cell,Longitudinal analysis Child population - 1|3 shape,0.011881844414287211,0.15446397738573375,Severe
CD4+ NKT Cell,Longitudinal analysis Child population - 1|5 average,0.02084029836958507,0.04515397980076765,Severe
CD4+ NKT Cell,Longitudinal analysis Child population - 2|3 shape,1.5453168553856598e-5,8.035647648005431e-4,Severe
CD4+ NKT Cell,Longitudinal analysis Child population - 2|4 shape,0.03407204590825405,0.16676431652806714,Mild
CD4+ NKT Cell,Longitudinal analysis Child population - 2|5 shape,0.02721991306504398,0.07077177396911435,Mild
CD4+ NKT Cell,Longitudinal analysis Child population - 3|4 shape,0.0016193621815850038,0.030890474446215427,Mild
CD4+ NKT Cell,Longitudinal analysis Child population - 4|5 shape,0.006930423027909661,0.03276199976830022,Mild
CD4+ T Cell (activated),Longitudinal analysis Child population - 1|5 average,0.035038504936972234,0.07007700987394447,Mild
CD4+ T Cell (activated),Longitudinal analysis Child population - 2|4 average,0.0043566575855669525,0.013326246732322442,Mild
CD4+ T Cell (activated),Longitudinal analysis Child population - 2|5 average,0.0151045804125554,0.08067894050337608,Mild
CD4+ T Cell (CM),Longitudinal analysis Child population - 1|2 average,0.024143437613056932,0.22377299201918585,Mild
CD4+ T Cell (CM),Longitudinal analysis Child population - 1|3 average,0.008128449385896599,0.14089312268887436,Mild
CD4+ T Cell (CM),Longitudinal analysis Child population - 1|4 average,9.859540450695062e-9,2.563480517180716e-7,Mild
CD4+ T Cell (CM),Longitudinal analysis Child population - 1|5 average,7.824351776867969e-6,4.0686629239713437e-4,Mild
CD4+ T Cell (CM),Longitudinal analysis Child population - 1|5 shape,0.034331480350627934,0.09917983212403625,Mild
CD4+ T Cell (CM),Longitudinal analysis Child population - 2|3 shape,0.031187962374626444,0.23168200621151072,Mild
CD4+ T Cell (CM),Longitudinal analysis Child population - 2|4 average,5.491053671669343e-5,4.75891318211343e-4,Mild
CD4+ T Cell (CM),Longitudinal analysis Child population - 2|4 shape,0.002571494006149663,0.06685884415989124,Mild
CD4+ T Cell (CM),Longitudinal analysis Child population - 2|5 average,0.0017866764140995802,0.03096905784439272,Mild
CD4+ T Cell (CM),Longitudinal analysis Child population - 2|5 shape,0.0019404589396515195,0.01487036342603821,Mild
CD4+ T Cell (CM),Longitudinal analysis Child population - 3|4 average,0.005946749891144913,0.02311756453109156,Mild
CD4+ T Cell (CM),Longitudinal analysis Child population - 3|5 average,0.00235535666030963,0.03689463682277807,Mild
CD4+ T Cell (CM),Longitudinal analysis Child population - 4|5 average,0.01375042291158876,0.17875549785065387,Mild
CD4+ T Cell (CM),Longitudinal analysis Child population - 4|5 shape,0.01960720521023015,0.05799262930713456,Mild
CD4+ T Cell (EM CD27hi),Longitudinal analysis Child population - 1|2 average,0.03788880975464146,0.22377299201918585,Mild
CD4+ T Cell (EM CD27hi),Longitudinal analysis Child population - 1|4 average,4.573704700892923e-5,2.9729080555804e-4,Mild
CD4+ T Cell (EM CD27hi),Longitudinal analysis Child population - 1|5 average,3.061266769335615e-4,0.0031981771727031586,Mild
CD4+ T Cell (EM CD27hi),Longitudinal analysis Child population - 2|4 average,2.3827756557084028e-4,0.0013767148232981883,Mild
CD4+ T Cell (EM CD27hi),Longitudinal analysis Child population - 2|5 average,0.026244302152631564,0.11372530932807011,Mild
CD4+ T Cell (EM CD27hi),Longitudinal analysis Child population - 2|5 shape,0.010927936964907261,0.043711747859629044,Mild
CD4+ T Cell (EM CD27hi),Longitudinal analysis Child population - 3|4 average,0.01840975541117172,0.056312193022407614,Mild
CD4+ T Cell (EM CD27hi),Longitudinal analysis Child population - 4|5 shape,0.01222590741767939,0.04240872602622099,Mild
CD4+ T Cell (EM CD27low),Longitudinal analysis Child population - 1|2 average,0.016433300830345613,0.21363291079449298,Mild
CD4+ T Cell (EM CD27low),Longitudinal analysis Child population - 1|4 average,2.1199134778786808e-4,0.0012248388983299044,Mild
CD4+ T Cell (EM CD27low),Longitudinal analysis Child population - 1|5 average,0.0031625855468337518,0.01291897265122095,Mild
CD4+ T Cell (EM CD27low),Longitudinal analysis Child population - 2|4 average,0.005265703840825356,0.015212033317939916,Mild
CD4+ T Cell (EM CD27low),Longitudinal analysis Child population - 2|5 average,0.006174407283285169,0.05735989709783711,Mild
CD4+ T Cell (EM CD27low),Longitudinal analysis Child population - 2|5 shape,0.01825681945162191,0.05533410338355686,Mild
CD4+ T Cell (EM CD27low),Longitudinal analysis Child population - 3|4 average,0.0062239596814477275,0.02311756453109156,Mild
CD4+ T Cell (EM CD27low),Longitudinal analysis Child population - 3|5 average,0.012831033528530312,0.06672137434835762,Mild
CD4+ T Cell (EM CD27low),Longitudinal analysis Child population - 4|5 shape,0.008612994323499351,0.03732297540183052,Mild
CD4+ T Cell (EM CD57hi),Longitudinal analysis Child population - 1|2 shape,0.002320309644027317,0.060328050744710246,Severe
CD4+ T Cell (EM CD57hi),Longitudinal analysis Child population - 1|4 average,0.009447696119593802,0.026705864205353952,Mild
CD4+ T Cell (EM CD57hi),Longitudinal analysis Child population - 1|4 shape,0.005270029806318665,0.0384946422427292,Severe
CD4+ T Cell (EM CD57hi),Longitudinal analysis Child population - 2|3 shape,0.01722464151823431,0.17913627178963681,Mild
CD4+ T Cell (EM CD57hi),Longitudinal analysis Child population - 2|4 average,1.446679791099895e-4,9.403418642149317e-4,Mild
CD4+ T Cell (EM CD57hi),Longitudinal analysis Child population - 2|4 shape,0.01597058575067372,0.11908089688748766,Mild
CD4+ T Cell (EM CD57hi),Longitudinal analysis Child population - 2|5 shape,0.016429625886168208,0.05339628413004668,Mild
CD4+ T Cell (EM CD57hi),Longitudinal analysis Child population - 4|5 shape,0.004721370213485001,0.03276199976830022,Mild
CD4+ T Cell (EMRA CD57hi),Longitudinal analysis Child population - 2|4 average,9.594331441830555e-4,0.004265920564278925,Mild
CD4+ T Cell (EMRA CD57hi),Longitudinal analysis Child population - 3|4 average,0.006140844664704696,0.02311756453109156,Mild
CD4+ T Cell (EMRA CD57hi),Longitudinal analysis Child population - 3|4 shape,0.024070151705377376,0.16078445726773644,Mild
CD4+ T Cell (EMRA CD57low),Longitudinal analysis Child population - 1|2 shape,0.02815542853971574,0.18301028550815232,Severe
CD4+ T Cell (EMRA CD57low),Longitudinal analysis Child population - 1|3 shape,0.010268877984124975,0.15446397738573375,Severe
CD4+ T Cell (EMRA CD57low),Longitudinal analysis Child population - 1|4 shape,0.026707863041170475,0.11573407317840538,Severe
CD4+ T Cell (EMRA CD57low),Longitudinal analysis Child population - 2|4 average,0.021287445100351698,0.050315779328104014,Mild
CD4+ T Cell (EMRA CD57low),Longitudinal analysis Child population - 2|4 shape,0.049826383581367845,0.18506942473079485,Mild
CD4+ T Cell (EMRA CD57low),Longitudinal analysis Child population - 3|4 average,0.0017069657849192112,0.00986246897953322,Mild
CD4+ T Cell (EMRA CD57low),Longitudinal analysis Child population - 3|4 shape,5.809173835411225e-4,0.03020770394413837,Mild
CD4+ T Cell (naive),Longitudinal analysis Child population - 1|2 shape,6.468268652673361e-4,0.033634996993901475,Severe
CD4+ T Cell (naive),Longitudinal analysis Child population - 1|3 shape,0.009265923521217169,0.15446397738573375,Severe
CD4+ T Cell (naive),Longitudinal analysis Child population - 1|4 average,0.0011205260275560633,0.004855612786076274,Mild
CD4+ T Cell (naive),Longitudinal analysis Child population - 1|5 average,0.04334695543481427,0.07772557526242559,Mild
CD4+ T Cell (naive),Longitudinal analysis Child population - 2|4 average,0.0012753488155121475,0.00510139526204859,Mild
CD4+ T Cell (naive),Longitudinal analysis Child population - 2|4 shape,0.016030120734854107,0.11908089688748766,Mild
CD4+ T Cell (naive),Longitudinal analysis Child population - 2|5 average,0.015515180866033863,0.08067894050337608,Mild
CD4+ T Cell (naive),Longitudinal analysis Child population - 2|5 shape,0.019570094728562554,0.05533410338355686,Mild
CD4+ T Cell (naive),Longitudinal analysis Child population - 3|4 average,0.02268253246560711,0.06552731601175388,Mild
CD4+ T Cell (naive),Longitudinal analysis Child population - 3|5 average,0.021337822156524636,0.08580035008990679,Mild
CD4+ Treg (CD39hi),Longitudinal analysis Child population - 1|2 average,0.0024793261053700434,0.08611254106517345,Mild
CD4+ Treg (CD39hi),Longitudinal analysis Child population - 1|4 average,0.010271486232828442,0.026705864205353952,Mild
CD4+ Treg (CD39hi),Longitudinal analysis Child population - 1|5 average,1.577764186591107e-5,4.1021868851368786e-4,Mild
CD4+ Treg (CD39hi),Longitudinal analysis Child population - 1|5 shape,0.049890141002790114,0.1365414385339519,Mild
CD4+ Treg (CD39hi),Longitudinal analysis Child population - 2|4 shape,0.02545475801818177,0.14707193521616133,Mild
CD4+ Treg (CD39hi),Longitudinal analysis Child population - 2|5 shape,0.020218230082453468,0.05533410338355686,Mild
CD4+ Treg (CD39hi),Longitudinal analysis Child population - 3|5 average,0.040991425115012824,0.12489399399279644,Mild
CD4+ Treg (CD39hi),Longitudinal analysis Child population - 3|5 shape,0.04655914442030162,0.1729339649896917,Mild
CD4+ Treg (CD39hi),Longitudinal analysis Child population - 4|5 shape,0.03214612743036116,0.07598175574449002,Mild
CD4+ Treg (CD39low),Longitudinal analysis Child population - 2|4 average,0.01631674878422488,0.040403377941890174,Mild
CD4+ Treg (CD39low),Longitudinal analysis Child population - 3|5 shape,0.040561689552686554,0.16224675821074622,Mild
CD4+ Treg (naive),Longitudinal analysis Child population - 1|4 shape,0.03357221479433398,0.1342888591773359,Severe
CD8+ NKT Cell,Longitudinal analysis Child population - 1|2 average,0.04613067872456589,0.22377299201918585,Mild
CD8+ NKT Cell,Longitudinal analysis Child population - 1|3 average,0.020761794633632917,0.19307497938392687,Mild
CD8+ NKT Cell,Longitudinal analysis Child population - 1|4 average,7.107854350788537e-6,7.392168524820078e-5,Mild
CD8+ NKT Cell,Longitudinal analysis Child population - 1|5 average,0.011959353334462852,0.02961363682819373,Mild
CD8+ NKT Cell,Longitudinal analysis Child population - 2|4 average,0.034365757282498466,0.07445914077874667,Mild
CD8+ NKT Cell,Longitudinal analysis Child population - 3|4 average,0.014877301086247179,0.05157464376565689,Mild
CD8+ T Cell (CD161+ MAIT),Longitudinal analysis Child population - 1|4 average,0.003457693687836431,0.011986671451166294,Mild
CD8+ T Cell (CD161+ MAIT),Longitudinal analysis Child population - 2|4 average,0.003924353184292849,0.01275414784895176,Mild
CD8+ T Cell (CD161+ MAIT),Longitudinal analysis Child population - 3|4 average,0.0015972552797142664,0.00986246897953322,Mild
CD8+ T Cell (CD161+ MAIT),Longitudinal analysis Child population - 4|5 shape,0.027336510774165296,0.0691660344969479,Mild
CD8+ T Cell (CM),Longitudinal analysis Child population - 1|2 average,0.014305717012867156,0.21363291079449298,Mild
CD8+ T Cell (CM),Longitudinal analysis Child population - 1|4 average,3.516873930967953e-5,2.6125349201476224e-4,Mild
CD8+ T Cell (CM),Longitudinal analysis Child population - 1|4 shape,0.009300893820151744,0.05373849762754341,Mild
CD8+ T Cell (CM),Longitudinal analysis Child population - 1|5 average,0.0011478448507006706,0.00852684746234784,Mild
CD8+ T Cell (CM),Longitudinal analysis Child population - 1|5 shape,7.392656356776914e-4,0.004611733717450695,Mild
CD8+ T Cell (CM),Longitudinal analysis Child population - 2|3 shape,0.023916874490334843,0.2072795789162353,Severe
CD8+ T Cell (CM),Longitudinal analysis Child population - 2|4 average,0.013660818872662808,0.0355181290689233,Mild
CD8+ T Cell (CM),Longitudinal analysis Child population - 2|5 average,0.009812476226801972,0.06378109547421282,Mild
CD8+ T Cell (CM),Longitudinal analysis Child population - 2|5 shape,7.949068513740537e-4,0.008267031254290158,Mild
CD8+ T Cell (CM),Longitudinal analysis Child population - 3|4 average,9.650460117284487e-4,0.008363732101646554,Mild
CD8+ T Cell (CM),Longitudinal analysis Child population - 3|5 average,0.01911436650136412,0.08580035008990679,Mild
CD8+ T Cell (CM),Longitudinal analysis Child population - 4|5 average,0.04042186313889765,0.34091944410147285,Severe
CD8+ T Cell (CM),Longitudinal analysis Child population - 4|5 shape,0.02498437664538548,0.06837829397684447,Mild
CD8+ T Cell (EM CD27hi),Longitudinal analysis Child population - 1|5 average,0.002749307054072855,0.01291897265122095,Mild
CD8+ T Cell (EM CD27hi),Longitudinal analysis Child population - 3|5 average,0.0028380489863675438,0.03689463682277807,Mild
CD8+ T Cell (EMRA CD57hi),Longitudinal analysis Child population - 1|2 shape,0.014565296989310549,0.10952104594684679,Severe
CD8+ T Cell (EMRA CD57hi),Longitudinal analysis Child population - 1|3 shape,0.021141745053246327,0.15459776135690317,Severe
CD8+ T Cell (EMRA CD57hi),Longitudinal analysis Child population - 1|4 shape,0.024032752492233533,0.11360937541783125,Severe
CD8+ T Cell (EMRA CD57hi),Longitudinal analysis Child population - 2|4 average,0.0021237614715765786,0.0073623731014654725,Mild
CD8+ T Cell (EMRA CD57hi),Longitudinal analysis Child population - 3|4 average,0.003203044852182305,0.016655833231347988,Mild
CD8+ T Cell (EMRA CD57hi),Longitudinal analysis Child population - 4|5 shape,0.012233286353717593,0.04240872602622099,Mild
CD8+ T Cell (EMRA CD57low),Longitudinal analysis Child population - 1|2 shape,0.013063630441881396,0.10952104594684679,Severe
CD8+ T Cell (EMRA CD57low),Longitudinal analysis Child population - 1|3 shape,9.730471187602932e-4,0.05059845017553524,Severe
CD8+ T Cell (EMRA CD57low),Longitudinal analysis Child population - 1|4 shape,0.013901790413099701,0.07228931014811844,Severe
CD8+ T Cell (EMRA CD57low),Longitudinal analysis Child population - 2|3 shape,0.011280063722905525,0.14664082839777182,Severe
CD8+ T Cell (EMRA CD57low),Longitudinal analysis Child population - 2|5 shape,0.016211821820993726,0.05339628413004668,Mild
CD8+ T Cell (naive),Longitudinal analysis Child population - 1|2 shape,0.004089445408537009,0.07088372041464147,Severe
CD8+ T Cell (naive),Longitudinal analysis Child population - 1|4 average,4.093009009865673e-4,0.0019348769864819546,Mild
CD8+ T Cell (naive),Longitudinal analysis Child population - 1|5 average,0.005889432498681331,0.018014734701848775,Mild
CD8+ T Cell (naive),Longitudinal analysis Child population - 2|4 average,9.41144764241938e-5,6.991361105797253e-4,Mild
CD8+ T Cell (naive),Longitudinal analysis Child population - 2|4 shape,2.932424106128847e-5,0.0015248605351870005,Mild
CD8+ T Cell (naive),Longitudinal analysis Child population - 2|5 shape,0.049000873741879475,0.11582024702626058,Mild
CD8+ T Cell (naive),Longitudinal analysis Child population - 3|4 average,3.131703969027407e-4,0.005061919573545326,Mild
CD8+ T Cell (naive),Longitudinal analysis Child population - 3|4 shape,0.03904470115094049,0.16078445726773644,Mild
CD8+ T Cell (naive),Longitudinal analysis Child population - 3|5 average,0.0099908568010202755,0.057724950405894926,Mild
Conventional DC,Longitudinal analysis Child population - 1|4 average,1.3287435493177442e-5,1.151577742742045e-4,Mild
Conventional DC,Longitudinal analysis Child population - 1|5 average,0.010656342432798196,0.02770649032527531,Severe
Conventional DC,Longitudinal analysis Child population - 1|5 shape,7.981846818664665e-4,0.004611733717450695,Mild
Conventional DC,Longitudinal analysis Child population - 2|4 average,4.1185388062950975e-5,4.75891318211343e-4,Mild
Conventional DC,Longitudinal analysis Child population - 2|4 shape,0.02478484130312254,0.14707193521616133,Mild
Conventional DC,Longitudinal analysis Child population - 2|5 shape,1.1437677103697581e-5,1.4868980234806854e-4,Mild
Conventional DC,Longitudinal analysis Child population - 3|4 average,2.4270668657921774e-4,0.005061919573545326,Mild
Conventional DC,Longitudinal analysis Child population - 3|5 shape,0.006682373132262137,0.057913900479605186,Mild
Conventional DC,Longitudinal analysis Child population - 4|5 shape,2.298022777546286e-5,5.974859221620344e-4,Mild
Eosinophil,Longitudinal analysis Child population - 1|3 shape,0.02675730485023324,0.15459776135690317,Severe
Eosinophil,Longitudinal analysis Child population - 1|4 shape,0.001714938049172319,0.029725592852320196,Severe
Eosinophil,Longitudinal analysis Child population - 1|5 shape,0.010630214699777119,0.05025192403531002,Severe
Eosinophil,Longitudinal analysis Child population - 2|4 shape,0.012474382699534744,0.11908089688748766,Severe
Eosinophil,Longitudinal analysis Child population - 3|4 shape,0.03518032095369571,0.16078445726773644,Severe
gd T Cell,Longitudinal analysis Child population - 1|2 average,0.04890403652369944,0.22377299201918585,Mild
gd T Cell,Longitudinal analysis Child population - 1|3 average,0.004834546401639981,0.12569820644263952,Mild
gd T Cell,Longitudinal analysis Child population - 1|5 shape,5.182302161262309e-4,0.0038497101769377155,Severe
gd T Cell,Longitudinal analysis Child population - 2|5 shape,0.005943879275304154,0.02809833839234691,Severe
gd T Cell,Longitudinal analysis Child population - 3|5 average,0.009602542205723869,0.057724950405894926,Mild
gd T Cell,Longitudinal analysis Child population - 3|5 shape,3.449083153851058e-24,1.79352324000255e-22,Severe
gd T Cell,Longitudinal analysis Child population - 4|5 shape,0.006834490572646108,0.03276199976830022,Severe
Hematopoetic progrenitor Cell,Longitudinal analysis Child population - 1|5 average,3.0751703583684216e-4,0.0031981771727031586,Severe
Hematopoetic progrenitor Cell,Longitudinal analysis Child population - 1|5 shape,5.65770203108198e-124,2.9420050561626297e-122,Mild
Hematopoetic progrenitor Cell,Longitudinal analysis Child population - 2|5 average,4.899428514346132e-4,0.022461558310772314,Severe
Hematopoetic progrenitor Cell,Longitudinal analysis Child population - 2|5 shape,9.65304235763504e-53,5.0195820259702206e-51,Mild
Hematopoetic progrenitor Cell,Longitudinal analysis Child population - 3|4 shape,0.04019611431693411,0.16078445726773644,Severe
Hematopoetic progrenitor Cell,Longitudinal analysis Child population - 3|5 average,4.4933193830196463e-4,0.02336526079170216,Severe
Hematopoetic progrenitor Cell,Longitudinal analysis Child population - 3|5 shape,1.3842221610785923e-16,3.59897761880434e-15,Mild
Hematopoetic progrenitor Cell,Longitudinal analysis Child population - 4|5 average,0.0010288629767086148,0.026750437394423985,Severe
Hematopoetic progrenitor Cell,Longitudinal analysis Child population - 4|5 shape,6.738225609272542e-42,3.5038773168217217e-40,Mild
Monocytes (CD14-CD16+),Longitudinal analysis Child population - 1|5 average,0.0015750129427894788,0.010237584128131612,Mild
Monocytes (CD14-CD16+),Longitudinal analysis Child population - 1|5 shape,4.508265601911914e-5,3.907163521656992e-4,Mild
Monocytes (CD14-CD16+),Longitudinal analysis Child population - 2|4 average,0.023957219131164095,0.054164147600892734,Mild
Monocytes (CD14-CD16+),Longitudinal analysis Child population - 3|4 shape,0.00517104156675336,0.06294680797165725,Severe
Monocytes (CD14-CD16+),Longitudinal analysis Child population - 3|5 average,0.023100094254974904,0.08580035008990679,Mild
Monocytes (CD14-CD16+),Longitudinal analysis Child population - 4|5 shape,0.0028790944962091523,0.03276199976830022,Mild
Monocytes (CD14+CD16-),Longitudinal analysis Child population - 2|4 average,4.666083049432215e-5,4.75891318211343e-4,Mild
Monocytes (CD14+CD16-),Longitudinal analysis Child population - 2|5 average,0.019264723277109794,0.09106960094633722,Mild
Monocytes (CD14+CD16-),Longitudinal analysis Child population - 3|4 average,0.01730302462694212,0.05623483003756189,Mild
Monocytes (CD14+CD16-),Longitudinal analysis Child population - 4|5 shape,0.020074371683238886,0.05799262930713456,Mild
Monocytes (CD14+CD16+),Longitudinal analysis Child population - 1|4 shape,0.0012108087936447006,0.029725592852320196,Severe
Monocytes (CD14+CD16+),Longitudinal analysis Child population - 2|4 average,0.0014773916378860506,0.005487454655005331,Mild
Monocytes (CD14+CD16+),Longitudinal analysis Child population - 3|4 average,0.0014473879611571821,0.00986246897953322,Mild
Monocytes (CD14+CD16+),Longitudinal analysis Child population - 3|4 shape,0.03752867435028891,0.16078445726773644,Severe
Monocytes (CD14+CD16+),Longitudinal analysis Child population - 3|5 average,0.04323253638212184,0.12489399399279644,Mild
Monocytes (CD14+CD16+),Longitudinal analysis Child population - 4|5 shape,0.011112929265110805,0.04240872602622099,Mild
Neutrophil (CD16hi),Longitudinal analysis Child population - 1|4 average,0.009871094874015272,0.026705864205353952,Severe
Neutrophil (CD16hi),Longitudinal analysis Child population - 1|4 shape,0.005592096274877059,0.0384946422427292,Mild
Neutrophil (CD16hi),Longitudinal analysis Child population - 2|4 average,1.0977387096239916e-5,2.0503541474597574e-4,Severe
Neutrophil (CD16hi),Longitudinal analysis Child population - 2|4 shape,0.008279693175904695,0.11908089688748766,Mild
Neutrophil (CD16hi),Longitudinal analysis Child population - 2|5 average,0.005575639147180346,0.05735989709783711,Severe
Neutrophil (CD16hi),Longitudinal analysis Child population - 3|4 average,0.004919467551044592,0.02311756453109156,Severe
Neutrophil (CD16hi),Longitudinal analysis Child population - 3|4 shape,0.007263093227498914,0.06294680797165725,Mild
Neutrophil (CD16low),Longitudinal analysis Child population - 1|2 average,0.04130708278181761,0.22377299201918585,Severe
Neutrophil (CD16low),Longitudinal analysis Child population - 1|4 average,0.005090701611961088,0.016544780238873538,Severe
Neutrophil (CD16low),Longitudinal analysis Child population - 1|5 average,0.009363151959917706,0.025625468521880038,Severe
Neutrophil (CD16low),Longitudinal analysis Child population - 1|5 shape,0.01567234042092044,0.05433078012585753,Severe
Neutrophil (CD16low),Longitudinal analysis Child population - 2|4 shape,0.04512336755480019,0.18049347021920076,Severe
Neutrophil (CD16low),Longitudinal analysis Child population - 2|5 average,0.0461138219473854,0.1598612494176027,Mild
Neutrophil (CD16low),Longitudinal analysis Child population - 2|5 shape,0.002001779691966682,0.01487036342603821,Severe
Neutrophil (CD16low),Longitudinal analysis Child population - 3|4 shape,0.035196996238920426,0.16078445726773644,Severe
Neutrophil (CD16low),Longitudinal analysis Child population - 3|5 average,0.02551985309828825,0.08681227047917096,Mild
Neutrophil (CD16low),Longitudinal analysis Child population - 3|5 shape,0.0018138550683753547,0.02358011588887961,Severe
Neutrophil (CD16low),Longitudinal analysis Child population - 4|5 average,2.1129853947377412e-4,0.010987524052636255,Severe
Neutrophil (CD16low),Longitudinal analysis Child population - 4|5 shape,0.0068346032299991585,0.03276199976830022,Severe
NK Cell (CD56hi CD16low),Longitudinal analysis Child population - 1|3 average,9.191167557581472e-4,0.04779407129942366,Mild
NK Cell (CD56hi CD16low),Longitudinal analysis Child population - 1|4 average,0.006045272433578301,0.018491421561533626,Mild
NK Cell (CD56hi CD16low),Longitudinal analysis Child population - 2|4 average,9.844432071412904e-4,0.004265920564278925,Mild
NK Cell (CD56hi CD16low),Longitudinal analysis Child population - 3|5 shape,0.010919877023815512,0.06760375368904477,Mild
NK Cell (CD56low CD16hi CD57hi),Longitudinal analysis Child population - 1|4 average,0.0020832111395404865,0.008332844558161946,Mild
NK Cell (CD56low CD16hi CD57hi),Longitudinal analysis Child population - 1|5 average,0.0024650372206935067,0.01291897265122095,Mild
NK Cell (CD56low CD16hi CD57hi),Longitudinal analysis Child population - 1|5 shape,0.014425538997460394,0.05433078012585753,Mild
NK Cell (CD56low CD16hi CD57hi),Longitudinal analysis Child population - 2|4 average,0.01093796687048608,0.029935488277119796,Mild
NK Cell (CD56low CD16hi CD57hi),Longitudinal analysis Child population - 2|5 shape,0.037023768559069845,0.09167790309864914,Mild
NK Cell (CD56low CD16hi CD57hi),Longitudinal analysis Child population - 3|4 average,0.03841196037732471,0.10388942922458912,Mild
NK Cell (CD56low CD16hi CD57hi),Longitudinal analysis Child population - 3|5 shape,0.017553246332196012,0.09127688092741927,Mild
NK Cell (CD56low CD16hi CD57hi),Longitudinal analysis Child population - 4|5 shape,0.003809751250448526,0.03276199976830022,Mild
NK Cell (CD56low CD16hi CD57low),Longitudinal analysis Child population - 1|4 average,1.4139192715311577e-6,2.4507934039873398e-5,Mild
NK Cell (CD56low CD16hi CD57low),Longitudinal analysis Child population - 1|5 average,6.663865153714605e-4,0.005775349799885991,Mild
NK Cell (CD56low CD16hi CD57low),Longitudinal analysis Child population - 1|5 shape,0.01978774912235423,0.060527232609554116,Mild
NK Cell (CD56low CD16hi CD57low),Longitudinal analysis Child population - 2|4 average,5.119162341120035e-4,0.0026619644173824183,Mild
NK Cell (CD56low CD16hi CD57low),Longitudinal analysis Child population - 3|4 average,5.210905649079147e-4,0.005419341875042313,Mild
NK Cell (CD56low CD16hi CD57low),Longitudinal analysis Child population - 3|5 average,0.046885790718670245,0.1283190061774133,Severe
NK Cell (CD56low CD16hi CD57low),Longitudinal analysis Child population - 3|5 shape,0.011700649676950056,0.06760375368904477,Mild
NK Cell (CD56low CD16hi CD57low),Longitudinal analysis Child population - 4|5 shape,0.0039740517251916335,0.03276199976830022,Mild
Plasmacytoid DC,Longitudinal analysis Child population - 1|3 average,0.02569150545411718,0.19307497938392687,Mild
Plasmacytoid DC,Longitudinal analysis Child population - 1|4 average,1.250745040138567e-10,6.503874208720549e-9,Mild
Plasmacytoid DC,Longitudinal analysis Child population - 1|5 average,0.0036138482271829177,0.01291897265122095,Mild
Plasmacytoid DC,Longitudinal analysis Child population - 2|4 average,1.1828966235344755e-5,2.0503541474597574e-4,Mild
Plasmacytoid DC,Longitudinal analysis Child population - 3|4 average,2.358233432138493e-7,1.2262813847120164e-5,Mild
Plasmacytoid DC,Longitudinal analysis Child population - 3|5 average,0.0072149935297201725,0.057724950405894926,Mild
Plasmacytoid DC,Longitudinal analysis Child population - 3|5 shape,0.038135514695322656,0.16224675821074622,Mild
Plasmacytoid DC,Longitudinal analysis Child population - 4|5 shape,0.005134066656964552,0.03276199976830022,Mild
T Cell,Longitudinal analysis Child population - 1|2 average,0.035166492021656046,0.22377299201918585,Mild
T Cell,Longitudinal analysis Child population - 1|2 shape,0.014743217723613991,0.10952104594684679,Severe
T Cell,Longitudinal analysis Child population - 1|4 average,2.54111223023523e-6,3.3034458993057994e-5,Mild
T Cell,Longitudinal analysis Child population - 1|5 average,7.024824174225105e-5,0.001217636190199018,Mild
T Cell,Longitudinal analysis Child population - 2|4 average,8.85053415689262e-6,2.0503541474597574e-4,Mild
T Cell,Longitudinal analysis Child population - 2|4 shape,0.036886338946959106,0.16676431652806714,Mild
T Cell,Longitudinal analysis Child population - 2|5 average,8.639060888758582e-4,0.022461558310772314,Mild
T Cell,Longitudinal analysis Child population - 2|5 shape,0.003130897759550981,0.0191297202761275,Mild
T Cell,Longitudinal analysis Child population - 3|4 average,3.893784287342558e-4,0.005061919573545326,Mild
T Cell,Longitudinal analysis Child population - 3|5 average,0.0024763946004651345,0.03689463682277807,Mild
T Cell,Longitudinal analysis Child population - 3|5 shape,0.019623101016795444,0.09276375026121483,Mild
T Cell,Longitudinal analysis Child population - 4|5 average,0.03361964588349757,0.34091944410147285,Severe
T Cell,Longitudinal analysis Child population - 4|5 shape,0.015541167245649742,0.05050879354836166,Mild
Tier3_CD8_Undefined,Longitudinal analysis Child population - 1|3 shape,0.024364340822880547,0.15459776135690317,Severe
Tier3_CD8_Undefined,Longitudinal analysis Child population - 1|4 shape,0.04097180563355267,0.15218099235319563,Severe
Tier3_CD8_Undefined,Longitudinal analysis Child population - 1|5 average,0.004444444544671253,0.014444444770181572,Mild
Tier3_CD8_Undefined,Longitudinal analysis Child population - 1|5 shape,5.665910436110469e-23,1.473136713388722e-21,Severe
Tier3_CD8_Undefined,Longitudinal analysis Child population - 2|3 shape,0.04098848020645121,0.26642512134193286,Severe
Tier3_CD8_Undefined,Longitudinal analysis Child population - 3|4 shape,0.033881430130294404,0.16078445726773644,Mild
B Cell,Longitudinal analysis Parent population of non granulocytes - overall shape,0.01549799143268908,0.02841298429326331,Severe
B Cell,Longitudinal analysis Parent population of non granulocytes - overall average,0.0030690258016503095,0.006751856763630682,Mild
CD4+ T Cell,Longitudinal analysis Parent population of non granulocytes - overall average,1.717823670504934e-5,6.298686791851425e-5,Mild
CD8+ T Cell,Longitudinal analysis Parent population of non granulocytes - overall shape,0.0025378159864382355,0.013957987925410295,Mild
Conventional DC,Longitudinal analysis Parent population of non granulocytes - overall shape,0.012192784486285807,0.026824125869828776,Mild
Conventional DC,Longitudinal analysis Parent population of non granulocytes - overall average,0.0052272076283484585,0.009583213985305507,Severe
Hematopoetic progrenitor Cell,Longitudinal analysis Parent population of non granulocytes - overall shape,0.008161867824535665,0.02244513651747308,Mild
ILC,Longitudinal analysis Parent population of non granulocytes - overall shape,1.6024751728514537e-9,1.762722690136599e-8,Severe
ILC,Longitudinal analysis Parent population of non granulocytes - overall average,0.020517086153778067,0.02821099346144484,Mild
Monocytes,Longitudinal analysis Parent population of non granulocytes - overall average,9.914029231445384e-4,0.0027263580386474805,Severe
NK Cell,Longitudinal analysis Parent population of non granulocytes - overall average,0.012250095715592484,0.01925015041021676,Mild
Plasmacytoid DC,Longitudinal analysis Parent population of non granulocytes - overall average,5.821112119628426e-7,6.403223331591269e-6,Mild
T Cell,Longitudinal analysis Parent population of non granulocytes - overall shape,0.00389993493579927,0.01429976143126399,Mild
T Cell,Longitudinal analysis Parent population of non granulocytes - overall average,1.815297055852059e-6,9.984133807186325e-6,Mild
B Cell,Longitudinal analysis Parent population of non granulocytes - 1|2 shape,0.04220667632178994,0.13176262826142707,Mild
B Cell,Longitudinal analysis Parent population of non granulocytes - 1|3 shape,0.04788725565191777,0.17558660405703183,Mild
B Cell,Longitudinal analysis Parent population of non granulocytes - 1|4 shape,0.0014481878825704435,0.01593006670827488,Mild
B Cell,Longitudinal analysis Parent population of non granulocytes - 1|5 shape,0.007277125952926912,0.016009677096439207,Severe
B Cell,Longitudinal analysis Parent population of non granulocytes - 3|4 average,0.004289380245675756,0.015727727567477773,Severe
B Cell,Longitudinal analysis Parent population of non granulocytes - 3|5 shape,0.013044638943862636,0.0239151713970815,Severe
B Cell,Longitudinal analysis Parent population of non granulocytes - 4|5 average,0.01706907362442073,0.06037456050027283,Mild
B Cell,Longitudinal analysis Parent population of non granulocytes - 4|5 shape,0.016137621935618802,0.02535912018454383,Severe
CD4+ T Cell,Longitudinal analysis Parent population of non granulocytes - 1|2 average,0.03551660625690317,0.09767066720648372,Mild
CD4+ T Cell,Longitudinal analysis Parent population of non granulocytes - 1|4 average,8.047653450960321e-4,0.0017704837592112707,Mild
CD4+ T Cell,Longitudinal analysis Parent population of non granulocytes - 1|5 average,4.48581945223966e-4,0.0012336003493659065,Mild
CD4+ T Cell,Longitudinal analysis Parent population of non granulocytes - 1|5 shape,0.006747844147131617,0.016009677096439207,Mild
CD4+ T Cell,Longitudinal analysis Parent population of non granulocytes - 2|4 average,0.005003933127754823,0.021851277757797962,Mild
CD4+ T Cell,Longitudinal analysis Parent population of non granulocytes - 2|5 average,0.0034145737852346323,0.009390077909395238,Mild
CD4+ T Cell,Longitudinal analysis Parent population of non granulocytes - 2|5 shape,9.801154327117399e-4,0.0035937565866097127,Mild
CD4+ T Cell,Longitudinal analysis Parent population of non granulocytes - 3|4 average,0.010678146643836569,0.023491922616440453,Mild
CD4+ T Cell,Longitudinal analysis Parent population of non granulocytes - 3|5 average,0.0010970483207823625,0.006033765764302993,Mild
CD4+ T Cell,Longitudinal analysis Parent population of non granulocytes - 3|5 shape,0.008753547844725814,0.019257805258396793,Mild
CD4+ T Cell,Longitudinal analysis Parent population of non granulocytes - 4|5 average,0.021954385636462848,0.06037456050027283,Severe
CD4+ T Cell,Longitudinal analysis Parent population of non granulocytes - 4|5 shape,0.003654318463815161,0.010049375775491693,Mild
CD8+ T Cell,Longitudinal analysis Parent population of non granulocytes - 1|3 shape,0.0349085282346826,0.17558660405703183,Severe
CD8+ T Cell,Longitudinal analysis Parent population of non granulocytes - 1|4 shape,0.0029215801296859616,0.016068690713272788,Severe
CD8+ T Cell,Longitudinal analysis Parent population of non granulocytes - 1|5 average,0.026612665968432633,0.04181990366467985,Mild
Conventional DC,Longitudinal analysis Parent population of non granulocytes - 1|4 average,3.9672039775666217e-4,0.001090981093830821,Mild
Conventional DC,Longitudinal analysis Parent population of non granulocytes - 1|5 shape,0.003450073682655229,0.012650270169735838,Mild
Conventional DC,Longitudinal analysis Parent population of non granulocytes - 2|4 average,0.013002769971058061,0.03575761742040967,Mild
Conventional DC,Longitudinal analysis Parent population of non granulocytes - 2|5 shape,0.0031803641558825176,0.008746001428676924,Mild
Conventional DC,Longitudinal analysis Parent population of non granulocytes - 3|4 average,7.80220018595762e-4,0.004291210102276691,Mild
Conventional DC,Longitudinal analysis Parent population of non granulocytes - 3|5 shape,0.002309268252351061,0.006350487693965417,Mild
Conventional DC,Longitudinal analysis Parent population of non granulocytes - 4|5 shape,1.1478327209073842e-4,6.313079964990613e-4,Mild
Hematopoetic progrenitor Cell,Longitudinal analysis Parent population of non granulocytes - 1|4 average,0.04271158412252739,0.06711820362111447,Severe
Hematopoetic progrenitor Cell,Longitudinal analysis Parent population of non granulocytes - 1|5 average,0.020427069350059415,0.03744962714177559,Severe
Hematopoetic progrenitor Cell,Longitudinal analysis Parent population of non granulocytes - 1|5 shape,3.079593928603466e-11,1.6937766607319064e-10,Mild
Hematopoetic progrenitor Cell,Longitudinal analysis Parent population of non granulocytes - 2|5 shape,5.023199860449291e-10,2.76275992324711e-9,Mild
Hematopoetic progrenitor Cell,Longitudinal analysis Parent population of non granulocytes - 3|5 average,0.023890991542986115,0.03754298671040675,Severe
Hematopoetic progrenitor Cell,Longitudinal analysis Parent population of non granulocytes - 3|5 shape,4.364578930901806e-11,2.4005184119959934e-10,Mild
Hematopoetic progrenitor Cell,Longitudinal analysis Parent population of non granulocytes - 4|5 shape,5.152355843248397e-4,0.001889197142524412,Mild
ILC,Longitudinal analysis Parent population of non granulocytes - 1|5 average,1.6202611906625716e-4,8.911436548644144e-4,Mild
ILC,Longitudinal analysis Parent population of non granulocytes - 1|5 shape,0,0,Severe
ILC,Longitudinal analysis Parent population of non granulocytes - 2|5 average,4.924803928535274e-4,0.003604315227348396,Mild
ILC,Longitudinal analysis Parent population of non granulocytes - 2|5 shape,2.8998017477187853e-56,3.1897819224906638e-55,Severe
ILC,Longitudinal analysis Parent population of non granulocytes - 3|5 average,0.004135463964453469,0.015163367869662719,Mild
ILC,Longitudinal analysis Parent population of non granulocytes - 3|5 shape,1.1257655033049377e-17,1.2383420536354316e-16,Severe
ILC,Longitudinal analysis Parent population of non granulocytes - 4|5 average,0.0018852861278353776,0.020738147406189154,Mild
ILC,Longitudinal analysis Parent population of non granulocytes - 4|5 shape,1.7858865909095471e-6,1.964475250000502e-5,Severe
Monocytes,Longitudinal analysis Parent population of non granulocytes - 1|2 average,0.002994111045078636,0.032935221495864996,Severe
Monocytes,Longitudinal analysis Parent population of non granulocytes - 1|3 average,0.03230641998405881,0.1184568732748823,Severe
Monocytes,Longitudinal analysis Parent population of non granulocytes - 1|4 average,3.6798561776728418e-6,2.023920897720063e-5,Severe
Monocytes,Longitudinal analysis Parent population of non granulocytes - 1|5 average,1.6774312714782236e-5,1.845174398626046e-4,Severe
Monocytes,Longitudinal analysis Parent population of non granulocytes - 2|4 average,0.04537957942843703,0.0929697922590412,Severe
Monocytes,Longitudinal analysis Parent population of non granulocytes - 2|5 average,6.55330041336072e-4,0.003604315227348396,Severe
Monocytes,Longitudinal analysis Parent population of non granulocytes - 3|5 average,0.014353008615468782,0.03157661895403133,Severe
NK Cell,Longitudinal analysis Parent population of non granulocytes - 1|2 average,0.02367171834875251,0.09767066720648372,Mild
NK Cell,Longitudinal analysis Parent population of non granulocytes - 1|2 shape,0.022987625902295514,0.13176262826142707,Mild
NK Cell,Longitudinal analysis Parent population of non granulocytes - 1|3 average,0.02096970343153081,0.11533336887341945,Mild
NK Cell,Longitudinal analysis Parent population of non granulocytes - 1|4 average,0.0020249694817897714,0.003712444049947914,Mild
Plasmacytoid DC,Longitudinal analysis Parent population of non granulocytes - 1|4 average,1.0249862110159607e-12,1.1274848321175568e-11,Mild
Plasmacytoid DC,Longitudinal analysis Parent population of non granulocytes - 1|4 shape,0.014020071252318154,0.04745216276579309,Severe
Plasmacytoid DC,Longitudinal analysis Parent population of non granulocytes - 1|5 average,0.001774811250473947,0.0039045847510426838,Mild
Plasmacytoid DC,Longitudinal analysis Parent population of non granulocytes - 1|5 shape,0.047333948081402344,0.08677890481590429,Mild
Plasmacytoid DC,Longitudinal analysis Parent population of non granulocytes - 2|4 average,2.7981029888608106e-6,3.0779132877468914e-5,Mild
Plasmacytoid DC,Longitudinal analysis Parent population of non granulocytes - 2|5 average,0.0365077781997473,0.08031711203944407,Severe
Plasmacytoid DC,Longitudinal analysis Parent population of non granulocytes - 3|4 average,4.190547553132457e-6,4.609602308445703e-5,Mild
Plasmacytoid DC,Longitudinal analysis Parent population of non granulocytes - 3|4 shape,0.018154368580044537,0.1996980543804899,Severe
Plasmacytoid DC,Longitudinal analysis Parent population of non granulocytes - 3|5 average,0.01759270134503411,0.0322532857992292,Mild
Plasmacytoid DC,Longitudinal analysis Parent population of non granulocytes - 4|5 shape,0.008389540193603967,0.01845698842592873,Mild
T Cell,Longitudinal analysis Parent population of non granulocytes - 1|2 average,0.03505971924248366,0.09767066720648372,Mild
T Cell,Longitudinal analysis Parent population of non granulocytes - 1|2 shape,0.0345403052989116,0.13176262826142707,Severe
T Cell,Longitudinal analysis Parent population of non granulocytes - 1|3 shape,0.04691731836113999,0.17558660405703183,Severe
T Cell,Longitudinal analysis Parent population of non granulocytes - 1|4 average,7.787224240137494e-5,2.855315554717081e-4,Mild
T Cell,Longitudinal analysis Parent population of non granulocytes - 1|4 shape,0.01725533191483385,0.04745216276579309,Severe
T Cell,Longitudinal analysis Parent population of non granulocytes - 1|5 average,4.3564936439331715e-4,0.0012336003493659065,Mild
T Cell,Longitudinal analysis Parent population of non granulocytes - 2|4 average,0.005959439388490354,0.021851277757797962,Mild
T Cell,Longitudinal analysis Parent population of non granulocytes - 2|5 average,0.002055584037169574,0.007537141469621771,Mild
T Cell,Longitudinal analysis Parent population of non granulocytes - 2|5 shape,0.014362312646969293,0.03159708782333245,Mild
T Cell,Longitudinal analysis Parent population of non granulocytes - 3|4 average,0.00844510567168531,0.0232240405971346,Mild
T Cell,Longitudinal analysis Parent population of non granulocytes - 3|5 average,0.001046699847767195,0.006033765764302993,Mild
T Cell,Longitudinal analysis Parent population of non granulocytes - 3|5 shape,0.01740867206444676,0.02735648467270205,Mild
T Cell,Longitudinal analysis Parent population of non granulocytes - 4|5 average,0.007061863095031696,0.03884024702267433,Mild
T Cell,Longitudinal analysis Parent population of non granulocytes - 4|5 shape,0.012158237165808848,0.022290101470649554,Mild
B Cell (naive),Longitudinal analysis Child population of non granulocytes - overall shape,1.8310942235124138e-5,2.1515357126270862e-4,Mild
B Cell (naive),Longitudinal analysis Child population of non granulocytes - overall average,7.196118090865187e-5,0.0011273918342355458,Mild
B Cell (transitional),Longitudinal analysis Child population of non granulocytes - overall shape,1.4081650877114993e-4,0.0013236751824488094,Severe
CD4+ NKT Cell,Longitudinal analysis Child population of non granulocytes - overall shape,1.895270045870664e-9,4.4538846077960605e-8,Mild
CD4+ T Cell (activated),Longitudinal analysis Child population of non granulocytes - overall shape,0.020820912260690792,0.0611614297657792,Severe
CD4+ T Cell (CM),Longitudinal analysis Child population of non granulocytes - overall average,0.005076839122106187,0.03637034614186933,Mild
CD4+ T Cell (EM CD27hi),Longitudinal analysis Child population of non granulocytes - overall average,1.8797601192422042e-4,0.00220871814010959,Mild
CD4+ T Cell (EM CD27low),Longitudinal analysis Child population of non granulocytes - overall average,0.012749505917386095,0.06576317112887435,Mild
CD4+ T Cell (EMRA CD57low),Longitudinal analysis Child population of non granulocytes - overall average,0.040883021433989135,0.13725014338553496,Severe
CD4+ Treg (naive),Longitudinal analysis Child population of non granulocytes - overall shape,0.014546464800420338,0.04883456040141113,Mild
CD8+ NKT Cell,Longitudinal analysis Child population of non granulocytes - overall average,0.00944111229327449,0.055466534722987626,Mild
CD8+ T Cell (activated),Longitudinal analysis Child population of non granulocytes - overall shape,8.779070296311637e-4,0.0058945186275235276,Severe
CD8+ T Cell (CM),Longitudinal analysis Child population of non granulocytes - overall shape,0.0029665473912787346,0.01549196971001117,Mild
CD8+ T Cell (CM),Longitudinal analysis Child population of non granulocytes - overall average,0.005416860063682666,0.03637034614186933,Mild
CD8+ T Cell (EMRA CD57hi),Longitudinal analysis Child population of non granulocytes - overall shape,0.04715346369250643,0.13036545844398836,Severe
CD8+ T Cell (EMRA CD57low),Longitudinal analysis Child population of non granulocytes - overall shape,0.008699983549336173,0.037172656983527286,Mild
CD8+ T Cell (naive),Longitudinal analysis Child population of non granulocytes - overall shape,0.011243351078483269,0.04403645839072613,Mild
CD8+ T Cell (naive),Longitudinal analysis Child population of non granulocytes - overall average,0.013992164069973265,0.06576317112887435,Mild
Conventional DC,Longitudinal analysis Child population of non granulocytes - overall shape,0.012192784486285807,0.044081605450417914,Mild
Conventional DC,Longitudinal analysis Child population of non granulocytes - overall average,0.0052272076283484585,0.03637034614186933,Severe
Hematopoetic progrenitor Cell,Longitudinal analysis Child population of non granulocytes - overall shape,0.008161867824535665,0.037172656983527286,Mild
ILC,Longitudinal analysis Child population of non granulocytes - overall shape,1.6024751728514537e-9,4.4538846077960605e-8,Severe
ILC,Longitudinal analysis Child population of non granulocytes - overall average,0.020517086153778067,0.08766391356614264,Mild
Monocytes (CD14-CD16+),Longitudinal analysis Child population of non granulocytes - overall shape,0.018337575751501026,0.05745773735470321,Mild
Monocytes (CD14+CD16-),Longitudinal analysis Child population of non granulocytes - overall average,3.870387600111862e-5,9.095410860262876e-4,Severe
NK Cell (CD56hi CD16low),Longitudinal analysis Child population of non granulocytes - overall average,0.04825822523940501,0.15120910575013571,Mild
NK Cell (CD56low CD16hi CD57low),Longitudinal analysis Child population of non granulocytes - overall shape,4.514316497683425e-8,7.072429179704032e-7,Mild
NK Cell (CD56low CD16hi CD57low),Longitudinal analysis Child population of non granulocytes - overall average,0.03756974844148567,0.13725014338553496,Severe
Plasmacytoid DC,Longitudinal analysis Child population of non granulocytes - overall average,5.821112119628426e-7,2.73592269622536e-5,Mild
Tier2_NK_Undefined,Longitudinal analysis Child population of non granulocytes - overall shape,2.449197839546799e-4,0.0019185383076449924,Severe
Tier2_NK_Undefined,Longitudinal analysis Child population of non granulocytes - overall average,0.0391250247950541,0.13725014338553496,Mild
Tier3_CD4_Undefined,Longitudinal analysis Child population of non granulocytes - overall shape,0.002515055180796003,0.014775949187176519,Mild
B Cell (naive),Longitudinal analysis Child population of non granulocytes - 1|2 shape,7.338047407251773e-4,0.03448882281408333,Mild
B Cell (naive),Longitudinal analysis Child population of non granulocytes - 1|3 shape,0.04770950075263605,0.464883149449035,Mild
B Cell (naive),Longitudinal analysis Child population of non granulocytes - 1|4 shape,1.0066733385250007e-4,0.004731364691067503,Mild
B Cell (naive),Longitudinal analysis Child population of non granulocytes - 2|4 shape,0.006926103146627279,0.08138171197287053,Mild
B Cell (naive),Longitudinal analysis Child population of non granulocytes - 2|5 average,0.0382231194418792,0.2803160175796339,Mild
B Cell (naive),Longitudinal analysis Child population of non granulocytes - 3|4 average,0.005185479476623578,0.08123917846710273,Severe
B Cell (naive),Longitudinal analysis Child population of non granulocytes - 3|4 shape,0.0022182244234442553,0.03475218263396,Mild
B Cell (naive),Longitudinal analysis Child population of non granulocytes - 3|5 average,0.03021374155040027,0.11833715440573439,Mild
B Cell (naive),Longitudinal analysis Child population of non granulocytes - 4|5 average,0.0014546222892350723,0.04430422400413137,Mild
B Cell (transitional),Longitudinal analysis Child population of non granulocytes - 1|5 average,0.014127905246675326,0.06640115465937403,Mild
B Cell (transitional),Longitudinal analysis Child population of non granulocytes - 1|5 shape,3.3722845422299743e-19,5.28324578282696e-18,Severe
B Cell (transitional),Longitudinal analysis Child population of non granulocytes - 2|5 average,0.04784242057435791,0.28107422087435274,Mild
B Cell (transitional),Longitudinal analysis Child population of non granulocytes - 2|5 shape,1.3994683483950728e-7,1.6443753093642106e-6,Severe
B Cell (transitional),Longitudinal analysis Child population of non granulocytes - 3|5 average,0.02404827846660029,0.11302690879302137,Mild
B Cell (transitional),Longitudinal analysis Child population of non granulocytes - 3|5 shape,4.406866430099099e-15,6.904090740488587e-14,Severe
B Cell (transitional),Longitudinal analysis Child population of non granulocytes - 4|5 average,0.04780026361912076,0.32094462715695365,Mild
B Cell (transitional),Longitudinal analysis Child population of non granulocytes - 4|5 shape,1.1406682460497167e-4,0.001798271262754902,Severe
CD4+ NKT Cell,Longitudinal analysis Child population of non granulocytes - 1|5 average,0.012189811084843391,0.06365790233195993,Severe
CD4+ NKT Cell,Longitudinal analysis Child population of non granulocytes - 2|3 shape,3.647038603024032e-5,0.001714108143421295,Severe
CD4+ NKT Cell,Longitudinal analysis Child population of non granulocytes - 2|5 shape,0.03210334390017833,0.1406697729883751,Mild
CD4+ NKT Cell,Longitudinal analysis Child population of non granulocytes - 3|4 shape,0.002168090770697165,0.03475218263396,Mild
CD4+ T Cell (CM),Longitudinal analysis Child population of non granulocytes - 1|2 average,0.015793548000579166,0.22847364564668615,Mild
CD4+ T Cell (CM),Longitudinal analysis Child population of non granulocytes - 1|3 average,0.010404942402492946,0.12225807322929211,Mild
CD4+ T Cell (CM),Longitudinal analysis Child population of non granulocytes - 1|4 average,0.012499498649230303,0.08392520521626061,Mild
CD4+ T Cell (CM),Longitudinal analysis Child population of non granulocytes - 1|5 average,0.0035235489196696296,0.027601133204078764,Mild
CD4+ T Cell (CM),Longitudinal analysis Child population of non granulocytes - 2|5 shape,0.047424267250598645,0.1714569662137028,Mild
CD4+ T Cell (CM),Longitudinal analysis Child population of non granulocytes - 4|5 average,0.0376156181394122,0.32094462715695365,Mild
CD4+ T Cell (EM CD27hi),Longitudinal analysis Child population of non granulocytes - 1|3 average,0.0191022247318628,0.14963409373292527,Mild
CD4+ T Cell (EM CD27hi),Longitudinal analysis Child population of non granulocytes - 1|4 average,0.0020587814749657807,0.01788356495825882,Mild
CD4+ T Cell (EM CD27hi),Longitudinal analysis Child population of non granulocytes - 1|5 average,1.2548370870039383e-4,0.0025384091987046956,Mild
CD4+ T Cell (EM CD27hi),Longitudinal analysis Child population of non granulocytes - 1|5 shape,0.03406472423388823,0.11436014564233907,Mild
CD4+ T Cell (EM CD27hi),Longitudinal analysis Child population of non granulocytes - 2|4 average,0.008355706610489792,0.0873043126628184,Mild
CD4+ T Cell (EM CD27hi),Longitudinal analysis Child population of non granulocytes - 2|5 average,0.019980460381518357,0.2347704094828407,Mild
CD4+ T Cell (EM CD27hi),Longitudinal analysis Child population of non granulocytes - 2|5 shape,0.01367233365809569,0.07139996465894416,Mild
CD4+ T Cell (EM CD27hi),Longitudinal analysis Child population of non granulocytes - 4|5 average,0.03885669458442377,0.32094462715695365,Severe
CD4+ T Cell (EM CD27hi),Longitudinal analysis Child population of non granulocytes - 4|5 shape,0.0030761721318387242,0.02065429859948858,Mild
CD4+ T Cell (EM CD27low),Longitudinal analysis Child population of non granulocytes - 1|2 average,0.04927167294789409,0.355074387934292,Mild
CD4+ T Cell (EM CD27low),Longitudinal analysis Child population of non granulocytes - 1|5 average,0.007717899971472,0.05182018552274058,Mild
CD4+ T Cell (EM CD27low),Longitudinal analysis Child population of non granulocytes - 1|5 shape,0.02711900558388665,0.098045635572513265,Mild
CD4+ T Cell (EM CD27low),Longitudinal analysis Child population of non granulocytes - 2|4 shape,0.022052517967995715,0.15602302142656962,Severe
CD4+ T Cell (EM CD27low),Longitudinal analysis Child population of non granulocytes - 3|5 average,0.028444902383861218,0.11833715440573439,Mild
CD4+ T Cell (EM CD27low),Longitudinal analysis Child population of non granulocytes - 4|5 shape,0.0030625954194683654,0.02065429859948858,Mild
CD4+ Treg (naive),Longitudinal analysis Child population of non granulocytes - 1|4 shape,0.013761959719331727,0.08344924881826887,Severe
CD8+ NKT Cell,Longitudinal analysis Child population of non granulocytes - 1|2 average,0.03188099480083375,0.2996813511278373,Mild
CD8+ NKT Cell,Longitudinal analysis Child population of non granulocytes - 1|3 average,7.713594118946928e-4,0.03625389235905056,Mild
CD8+ NKT Cell,Longitudinal analysis Child population of non granulocytes - 1|4 average,1.2158293252643234e-4,0.0019047992762474398,Mild
CD8+ T Cell (activated),Longitudinal analysis Child population of non granulocytes - 1|4 shape,0.001133058727427257,0.02347366040189992,Severe
CD8+ T Cell (activated),Longitudinal analysis Child population of non granulocytes - 2|4 average,0.030256221352863454,0.17775530044807278,Mild
CD8+ T Cell (activated),Longitudinal analysis Child population of non granulocytes - 2|4 shape,8.110870212328495e-4,0.019060544998971963,Severe
CD8+ T Cell (activated),Longitudinal analysis Child population of non granulocytes - 2|5 shape,0.010860804120816466,0.07139996465894416,Severe
CD8+ T Cell (CM),Longitudinal analysis Child population of non granulocytes - 1|5 shape,0.016089519658796094,0.06629143954738206,Mild
CD8+ T Cell (CM),Longitudinal analysis Child population of non granulocytes - 2|5 shape,0.01309555771968243,0.07139996465894416,Mild
CD8+ T Cell (CM),Longitudinal analysis Child population of non granulocytes - 3|4 average,0.017409092349789143,0.11688962006286996,Mild
CD8+ T Cell (CM),Longitudinal analysis Child population of non granulocytes - 3|5 average,0.009676171183341135,0.08673233792866433,Mild
CD8+ T Cell (EMRA CD57low),Longitudinal analysis Child population of non granulocytes - 1|3 shape,2.1795420108474328e-4,0.010243847450982934,Severe
CD8+ T Cell (EMRA CD57low),Longitudinal analysis Child population of non granulocytes - 1|4 shape,0.01510307847457347,0.08344924881826887,Severe
CD8+ T Cell (EMRA CD57low),Longitudinal analysis Child population of non granulocytes - 2|3 shape,0.00848166900338269,0.19931922157949322,Severe
CD8+ T Cell (EMRA CD57low),Longitudinal analysis Child population of non granulocytes - 2|4 shape,0.023237471276297602,0.15602302142656962,Severe
CD8+ T Cell (naive),Longitudinal analysis Child population of non granulocytes - 1|2 shape,0.017409213738801464,0.2045582614309172,Severe
CD8+ T Cell (naive),Longitudinal analysis Child population of non granulocytes - 1|4 average,0.04758856125185106,0.18638853156975,Mild
CD8+ T Cell (naive),Longitudinal analysis Child population of non granulocytes - 1|5 average,0.01565621885059196,0.06689475327071111,Mild
CD8+ T Cell (naive),Longitudinal analysis Child population of non granulocytes - 2|4 average,0.005000000987186544,0.0873043126628184,Mild
CD8+ T Cell (naive),Longitudinal analysis Child population of non granulocytes - 2|4 shape,0.022156809084453007,0.15602302142656962,Mild
CD8+ T Cell (naive),Longitudinal analysis Child population of non granulocytes - 3|4 average,0.0076755154515463575,0.08851041957888899,Mild
CD8+ T Cell (naive),Longitudinal analysis Child population of non granulocytes - 3|5 average,0.00936246522882888,0.08673233792866433,Mild
Conventional DC,Longitudinal analysis Child population of non granulocytes - 1|4 average,3.9672039775666217e-4,0.004661464673640781,Mild
Conventional DC,Longitudinal analysis Child population of non granulocytes - 1|5 shape,0.003450073682655229,0.022056310851438853,Mild
Conventional DC,Longitudinal analysis Child population of non granulocytes - 2|4 average,0.013002769971058061,0.0873043126628184,Mild
Conventional DC,Longitudinal analysis Child population of non granulocytes - 2|5 shape,0.0031803641558825176,0.029895423065295666,Mild
Conventional DC,Longitudinal analysis Child population of non granulocytes - 3|4 average,7.80220018595762e-4,0.018335170437000406,Mild
Conventional DC,Longitudinal analysis Child population of non granulocytes - 3|5 shape,0.002309268252351061,0.015505086837214266,Mild
Conventional DC,Longitudinal analysis Child population of non granulocytes - 4|5 shape,1.1478327209073842e-4,0.001798271262754902,Mild
Hematopoetic progrenitor Cell,Longitudinal analysis Child population of non granulocytes - 1|4 average,0.04271158412252739,0.18249495034170793,Severe
Hematopoetic progrenitor Cell,Longitudinal analysis Child population of non granulocytes - 1|5 average,0.020427069350059415,0.08000602162106604,Severe
Hematopoetic progrenitor Cell,Longitudinal analysis Child population of non granulocytes - 1|5 shape,3.079593928603466e-11,3.618522866109073e-10,Mild
Hematopoetic progrenitor Cell,Longitudinal analysis Child population of non granulocytes - 2|5 shape,5.023199860449291e-10,7.869679781370555e-9,Mild
Hematopoetic progrenitor Cell,Longitudinal analysis Child population of non granulocytes - 3|5 average,0.023890991542986115,0.11302690879302137,Severe
Hematopoetic progrenitor Cell,Longitudinal analysis Child population of non granulocytes - 3|5 shape,4.364578930901806e-11,4.102704195047698e-10,Mild
Hematopoetic progrenitor Cell,Longitudinal analysis Child population of non granulocytes - 4|5 shape,5.152355843248397e-4,0.006054018115816866,Mild
ILC,Longitudinal analysis Child population of non granulocytes - 1|5 average,1.6202611906625716e-4,0.0025384091987046956,Mild
ILC,Longitudinal analysis Child population of non granulocytes - 1|5 shape,0,0,Severe
ILC,Longitudinal analysis Child population of non granulocytes - 2|5 average,4.924803928535274e-4,0.012790442338387251,Mild
ILC,Longitudinal analysis Child population of non granulocytes - 2|5 shape,2.8998017477187853e-56,1.362906821427829e-54,Severe
ILC,Longitudinal analysis Child population of non granulocytes - 3|5 average,0.004135463964453469,0.06478893544310435,Mild
ILC,Longitudinal analysis Child population of non granulocytes - 3|5 shape,1.1257655033049377e-17,2.6455489327666037e-16,Severe
ILC,Longitudinal analysis Child population of non granulocytes - 4|5 average,0.0018852861278353776,0.04430422400413137,Mild
ILC,Longitudinal analysis Child population of non granulocytes - 4|5 shape,1.7858865909095471e-6,8.393666977274871e-5,Severe
Monocytes (CD14-CD16+),Longitudinal analysis Child population of non granulocytes - 1|5 average,0.02979923011985008,0.10004027254521099,Mild
Monocytes (CD14-CD16+),Longitudinal analysis Child population of non granulocytes - 1|5 shape,0.0037542656768406557,0.022056310851438853,Mild
Monocytes (CD14-CD16+),Longitudinal analysis Child population of non granulocytes - 2|4 shape,4.945165175369985e-6,2.324227632423893e-4,Severe
Monocytes (CD14-CD16+),Longitudinal analysis Child population of non granulocytes - 3|4 shape,5.857270034801511e-6,2.7529169163567103e-4,Severe
Monocytes (CD14+CD16-),Longitudinal analysis Child population of non granulocytes - 1|2 average,0.0027655344266852453,0.12998011805420653,Severe
Monocytes (CD14+CD16-),Longitudinal analysis Child population of non granulocytes - 1|3 average,0.014061761045574285,0.13218055382839827,Severe
Monocytes (CD14+CD16-),Longitudinal analysis Child population of non granulocytes - 1|4 average,2.742626507446008e-6,6.445172292498119e-5,Severe
Monocytes (CD14+CD16-),Longitudinal analysis Child population of non granulocytes - 1|5 average,1.9704121222420678e-5,9.260936974537718e-4,Severe
Monocytes (CD14+CD16-),Longitudinal analysis Child population of non granulocytes - 2|4 average,0.012297996450747684,0.0873043126628184,Severe
Monocytes (CD14+CD16-),Longitudinal analysis Child population of non granulocytes - 2|5 average,5.442741420590319e-4,0.012790442338387251,Severe
Monocytes (CD14+CD16-),Longitudinal analysis Child population of non granulocytes - 3|5 average,0.0036182623084025224,0.06478893544310435,Severe
NK Cell (CD56hi CD16low),Longitudinal analysis Child population of non granulocytes - 1|3 average,0.002636222649691141,0.0590462880128787,Mild
NK Cell (CD56hi CD16low),Longitudinal analysis Child population of non granulocytes - 1|4 average,0.021775100944734498,0.12163374206109509,Mild
NK Cell (CD56hi CD16low),Longitudinal analysis Child population of non granulocytes - 2|4 average,0.012729821297945098,0.0873043126628184,Mild
NK Cell (CD56hi CD16low),Longitudinal analysis Child population of non granulocytes - 3|5 average,0.03578457397579638,0.12937499822018692,Severe
NK Cell (CD56low CD16hi CD57low),Longitudinal analysis Child population of non granulocytes - 1|2 shape,0.005154345725324116,0.12112712454511673,Mild
NK Cell (CD56low CD16hi CD57low),Longitudinal analysis Child population of non granulocytes - 1|3 shape,0.003500237225564551,0.08225557480076695,Mild
NK Cell (CD56low CD16hi CD57low),Longitudinal analysis Child population of non granulocytes - 1|4 average,0.0022830082925436794,0.01788356495825882,Mild
NK Cell (CD56low CD16hi CD57low),Longitudinal analysis Child population of non granulocytes - 1|5 shape,0.016925473926991164,0.06629143954738206,Mild
NK Cell (CD56low CD16hi CD57low),Longitudinal analysis Child population of non granulocytes - 3|4 average,0.00941600208286053,0.08851041957888899,Mild
NK Cell (CD56low CD16hi CD57low),Longitudinal analysis Child population of non granulocytes - 4|5 shape,0.009371000671196129,0.044043703154621805,Mild
Plasmacytoid DC,Longitudinal analysis Child population of non granulocytes - 1|4 average,1.0249862110159607e-12,4.8174351917750154e-11,Mild
Plasmacytoid DC,Longitudinal analysis Child population of non granulocytes - 1|4 shape,0.014020071252318154,0.08344924881826887,Severe
Plasmacytoid DC,Longitudinal analysis Child population of non granulocytes - 1|5 average,0.001774811250473947,0.016683225754455102,Mild
Plasmacytoid DC,Longitudinal analysis Child population of non granulocytes - 1|5 shape,0.047333948081402344,0.14831303732172735,Mild
Plasmacytoid DC,Longitudinal analysis Child population of non granulocytes - 2|4 average,2.7981029888608106e-6,1.315108404764581e-4,Mild
Plasmacytoid DC,Longitudinal analysis Child population of non granulocytes - 2|5 average,0.0365077781997473,0.2803160175796339,Severe
Plasmacytoid DC,Longitudinal analysis Child population of non granulocytes - 3|4 average,4.190547553132457e-6,1.969557349972255e-4,Mild
Plasmacytoid DC,Longitudinal analysis Child population of non granulocytes - 3|4 shape,0.018154368580044537,0.21331383081552333,Severe
Plasmacytoid DC,Longitudinal analysis Child population of non granulocytes - 3|5 average,0.01759270134503411,0.1033571204020754,Mild
Plasmacytoid DC,Longitudinal analysis Child population of non granulocytes - 4|5 shape,0.008389540193603967,0.04381204323326516,Mild
Tier2_NK_Undefined,Longitudinal analysis Child population of non granulocytes - 1|5 average,4.5510703945325957e-4,0.0053475077135758,Mild
Tier2_NK_Undefined,Longitudinal analysis Child population of non granulocytes - 1|5 shape,1.1405159717469672e-113,2.680212533605373e-112,Severe
Tier2_NK_Undefined,Longitudinal analysis Child population of non granulocytes - 2|5 average,9.45916577171509e-4,0.014819359709020308,Mild
Tier2_NK_Undefined,Longitudinal analysis Child population of non granulocytes - 2|5 shape,1.767485669335807e-11,4.1535913229391463e-10,Severe
Tier2_NK_Undefined,Longitudinal analysis Child population of non granulocytes - 3|5 average,4.3711503510454044e-4,0.020544406649913402,Mild
Tier2_NK_Undefined,Longitudinal analysis Child population of non granulocytes - 3|5 shape,6.135695146908201e-28,2.883776719046854e-26,Severe
Tier2_NK_Undefined,Longitudinal analysis Child population of non granulocytes - 4|5 average,0.003653348676787793,0.05723579593634209,Mild
Tier2_NK_Undefined,Longitudinal analysis Child population of non granulocytes - 4|5 shape,0.0028180025574037165,0.02065429859948858,Severe
B Cell (naive),Longitudinal analysis Child to parent ratio - overall average,0.023834383016587628,0.13042903417397486,Mild
CD4+ T Cell (CM),Longitudinal analysis Child to parent ratio - overall shape,0.002030333395264321,0.01746086719927316,Severe
CD4+ T Cell (CM),Longitudinal analysis Child to parent ratio - overall average,0.01807501623564758,0.13042903417397486,Mild
CD4+ T Cell (EM CD27hi),Longitudinal analysis Child to parent ratio - overall average,0.034459246699994645,0.14817476080997696,Mild
CD8+ NKT Cell,Longitudinal analysis Child to parent ratio - overall shape,0.03580956569459326,0.11844702498980847,Severe
CD8+ NKT Cell,Longitudinal analysis Child to parent ratio - overall average,0.022569584578393056,0.13042903417397486,Mild
CD8+ T Cell (activated),Longitudinal analysis Child to parent ratio - overall shape,0.02003603037290499,0.07179577550290955,Severe
CD8+ T Cell (activated),Longitudinal analysis Child to parent ratio - overall average,0.0027494200944053263,0.11822506405942904,Severe
CD8+ T Cell (CM),Longitudinal analysis Child to parent ratio - overall shape,0.015669951885836288,0.06479609160087688,Mild
CD8+ T Cell (EM CD27hi),Longitudinal analysis Child to parent ratio - overall shape,0.014607265875555272,0.06479609160087688,Severe
CD8+ T Cell (EM CD27low),Longitudinal analysis Child to parent ratio - overall shape,0.04850895740863859,0.14195155943811577,Severe
CD8+ T Cell (EM CD57hi),Longitudinal analysis Child to parent ratio - overall average,0.026128089134130197,0.13042903417397486,Mild
Monocytes (CD14+CD16-),Longitudinal analysis Child to parent ratio - overall average,0.009412105967531456,0.13042903417397486,Severe
Monocytes (CD14+CD16+),Longitudinal analysis Child to parent ratio - overall shape,0.0010498066629212716,0.015047228835204894,Mild
Monocytes (CD14+CD16+),Longitudinal analysis Child to parent ratio - overall average,0.01085533638422703,0.13042903417397486,Mild
Neutrophil (CD16hi),Longitudinal analysis Child to parent ratio - overall shape,0.013892273880066237,0.06479609160087688,Mild
Neutrophil (CD16hi),Longitudinal analysis Child to parent ratio - overall average,0.02727883390136321,0.13042903417397486,Mild
Neutrophil (CD16low),Longitudinal analysis Child to parent ratio - overall shape,0.013920269178759458,0.06479609160087688,Severe
Neutrophil (CD16low),Longitudinal analysis Child to parent ratio - overall average,0.027299100175948228,0.13042903417397486,Severe
NK Cell (CD56hi CD16low),Longitudinal analysis Child to parent ratio - overall shape,0.016575744363015014,0.06479609160087688,Severe
NK Cell (CD56low CD16hi CD57hi),Longitudinal analysis Child to parent ratio - overall shape,1.0617104661619387e-4,0.0022826775022481683,Severe
NK Cell (CD56low CD16hi CD57low),Longitudinal analysis Child to parent ratio - overall shape,1.6187661752439714e-5,6.960694553549076e-4,Mild
Tier2_Bcell_Undefined,Longitudinal analysis Child to parent ratio - overall shape,0.010097452649193206,0.06479609160087688,Mild
Tier2_NK_Undefined,Longitudinal analysis Child to parent ratio - overall shape,0.0017304991227905494,0.01746086719927316,Severe
Tier2_NK_Undefined,Longitudinal analysis Child to parent ratio - overall average,0.04960129445017804,0.19389596921433233,Mild
B Cell (naive),Longitudinal analysis Child to parent ratio - 1|3 average,0.03843774639142364,0.5300127760894204,Severe
B Cell (naive),Longitudinal analysis Child to parent ratio - 1|4 shape,0.008103443653059119,0.06968961541630841,Mild
B Cell (naive),Longitudinal analysis Child to parent ratio - 2|4 shape,0.028664785186802023,0.11205325118477155,Mild
B Cell (naive),Longitudinal analysis Child to parent ratio - 3|4 shape,0.001096736955736585,0.01571989636555772,Mild
B Cell (naive),Longitudinal analysis Child to parent ratio - 3|5 average,0.01372842799479515,0.11942895459667015,Mild
B Cell (naive),Longitudinal analysis Child to parent ratio - 4|5 average,0.00224939740380262,0.032241362787837555,Mild
CD4+ T Cell (CM),Longitudinal analysis Child to parent ratio - 1|3 average,0.0204579495587794,0.4398459155137571,Mild
CD4+ T Cell (CM),Longitudinal analysis Child to parent ratio - 1|5 shape,7.485049404630342e-4,0.006437142487982094,Severe
CD4+ T Cell (CM),Longitudinal analysis Child to parent ratio - 2|4 average,0.038999887022169916,0.33539902839066127,Severe
CD4+ T Cell (CM),Longitudinal analysis Child to parent ratio - 2|4 shape,0.04698940519123686,0.1683787019352654,Mild
CD4+ T Cell (CM),Longitudinal analysis Child to parent ratio - 2|5 average,0.027234426571092842,0.2879018919349612,Mild
CD4+ T Cell (CM),Longitudinal analysis Child to parent ratio - 2|5 shape,0.0015077556536703953,0.0324167465539135,Severe
CD4+ T Cell (CM),Longitudinal analysis Child to parent ratio - 3|4 average,0.016816281327038468,0.3427516269329779,Severe
CD4+ T Cell (CM),Longitudinal analysis Child to parent ratio - 3|4 shape,0.023099740508370034,0.12591259189417148,Mild
CD4+ T Cell (CM),Longitudinal analysis Child to parent ratio - 3|5 average,0.03642680295191859,0.2610587544887499,Mild
CD4+ T Cell (CM),Longitudinal analysis Child to parent ratio - 3|5 shape,7.096476957724308e-4,0.01525742545910726,Severe
CD4+ T Cell (CM),Longitudinal analysis Child to parent ratio - 4|5 shape,1.2647473630219547e-4,0.005438413660994405,Severe
CD4+ T Cell (EM CD27hi),Longitudinal analysis Child to parent ratio - 1|5 average,0.006893599095750459,0.059284952223453945,Mild
CD8+ NKT Cell,Longitudinal analysis Child to parent ratio - 1|2 average,0.0033603140533169243,0.14449350429262775,Mild
CD8+ NKT Cell,Longitudinal analysis Child to parent ratio - 1|3 average,1.0605553795001221e-4,0.004560388131850526,Mild
CD8+ NKT Cell,Longitudinal analysis Child to parent ratio - 1|4 average,3.653089521273803e-4,0.015708284941477354,Mild
CD8+ T Cell (activated),Longitudinal analysis Child to parent ratio - 1|4 shape,0.0015447306947216455,0.03321170993651538,Severe
CD8+ T Cell (activated),Longitudinal analysis Child to parent ratio - 2|4 average,0.010689465732116318,0.16467145663695376,Severe
CD8+ T Cell (activated),Longitudinal analysis Child to parent ratio - 2|4 shape,0.002739630166571646,0.042703588317968104,Severe
CD8+ T Cell (activated),Longitudinal analysis Child to parent ratio - 3|4 average,0.006720169002181536,0.28896726709380605,Severe
CD8+ T Cell (activated),Longitudinal analysis Child to parent ratio - 3|4 shape,0.013717356386013596,0.11796926491971692,Severe
CD8+ T Cell (activated),Longitudinal analysis Child to parent ratio - 3|5 average,7.508969146520996e-4,0.016144283665020142,Severe
CD8+ T Cell (CM),Longitudinal analysis Child to parent ratio - 1|5 shape,0.017575856110146566,0.0944702265920378,Mild
CD8+ T Cell (CM),Longitudinal analysis Child to parent ratio - 3|5 shape,0.021621450695753427,0.1328174828453425,Mild
CD8+ T Cell (CM),Longitudinal analysis Child to parent ratio - 4|5 shape,0.04755893681652913,0.2272260314567503,Mild
CD8+ T Cell (EM CD27hi),Longitudinal analysis Child to parent ratio - 1|3 shape,0.03451088852783703,0.24732803444949872,Mild
CD8+ T Cell (EM CD27hi),Longitudinal analysis Child to parent ratio - 1|4 shape,0.025089803162442012,0.15412307656928664,Mild
CD8+ T Cell (EM CD27hi),Longitudinal analysis Child to parent ratio - 3|4 shape,0.0292819981149236,0.12591259189417148,Severe
CD8+ T Cell (EM CD27hi),Longitudinal analysis Child to parent ratio - 3|5 shape,0.00925434116493011,0.09948416752299868,Severe
CD8+ T Cell (EM CD57hi),Longitudinal analysis Child to parent ratio - 1|2 shape,0.009321964080066256,0.10021111386071226,Mild
CD8+ T Cell (EM CD57hi),Longitudinal analysis Child to parent ratio - 2|4 average,0.00471152875096183,0.16467145663695376,Severe
Monocytes (CD14+CD16-),Longitudinal analysis Child to parent ratio - 1|4 average,0.04121095350560202,0.35441420014817737,Severe
Monocytes (CD14+CD16-),Longitudinal analysis Child to parent ratio - 1|5 average,0.01352087179586186,0.09689958120367666,Severe
Monocytes (CD14+CD16-),Longitudinal analysis Child to parent ratio - 1|5 shape,0.046117032828813714,0.19830324116389897,Severe
Monocytes (CD14+CD16-),Longitudinal analysis Child to parent ratio - 2|4 average,0.015531421842131615,0.16696278480291485,Severe
Monocytes (CD14+CD16-),Longitudinal analysis Child to parent ratio - 3|4 shape,1.6839692164496002e-4,0.0036205338153666405,Mild
Monocytes (CD14+CD16-),Longitudinal analysis Child to parent ratio - 3|5 average,0.013887087743798855,0.11942895459667015,Severe
Monocytes (CD14+CD16-),Longitudinal analysis Child to parent ratio - 4|5 shape,0.004541694963031598,0.04882322085258968,Severe
Monocytes (CD14+CD16+),Longitudinal analysis Child to parent ratio - 1|4 shape,6.105674210067481e-5,0.002625439910329017,Severe
Monocytes (CD14+CD16+),Longitudinal analysis Child to parent ratio - 2|4 average,0.011488706276996774,0.16467145663695376,Mild
Monocytes (CD14+CD16+),Longitudinal analysis Child to parent ratio - 2|4 shape,0.007139831192622167,0.0511687902137922,Severe
Monocytes (CD14+CD16+),Longitudinal analysis Child to parent ratio - 3|4 average,0.025286757757910266,0.3427516269329779,Mild
Monocytes (CD14+CD16+),Longitudinal analysis Child to parent ratio - 3|5 average,0.01032944417992068,0.11942895459667015,Mild
Monocytes (CD14+CD16+),Longitudinal analysis Child to parent ratio - 4|5 shape,0.01142986530927564,0.09829684165977051,Mild
Neutrophil (CD16hi),Longitudinal analysis Child to parent ratio - 1|2 average,0.02512859245720921,0.270174160324769,Mild
Neutrophil (CD16hi),Longitudinal analysis Child to parent ratio - 1|4 average,0.008017857426095825,0.1149226231073735,Mild
Neutrophil (CD16hi),Longitudinal analysis Child to parent ratio - 1|4 shape,0.049539220130316516,0.2366873850670678,Mild
Neutrophil (CD16hi),Longitudinal analysis Child to parent ratio - 1|5 average,7.693263413551557e-4,0.011027017645450967,Mild
Neutrophil (CD16hi),Longitudinal analysis Child to parent ratio - 1|5 shape,0.013659927990720064,0.08391109675121043,Mild
Neutrophil (CD16hi),Longitudinal analysis Child to parent ratio - 2|4 shape,0.01994924359008412,0.09531800867103175,Mild
Neutrophil (CD16hi),Longitudinal analysis Child to parent ratio - 2|5 shape,0.011552786054645735,0.12439574833094048,Mild
Neutrophil (CD16hi),Longitudinal analysis Child to parent ratio - 3|4 shape,0.029134857833894273,0.12591259189417148,Mild
Neutrophil (CD16hi),Longitudinal analysis Child to parent ratio - 3|5 shape,0.0176477124915265,0.12647527285593993,Mild
Neutrophil (CD16hi),Longitudinal analysis Child to parent ratio - 4|5 average,7.373986442823402e-4,0.015854085694236606,Mild
Neutrophil (CD16hi),Longitudinal analysis Child to parent ratio - 4|5 shape,0.021281646736477308,0.11438890031306148,Mild
Neutrophil (CD16low),Longitudinal analysis Child to parent ratio - 1|2 average,0.02513248003021107,0.270174160324769,Severe
Neutrophil (CD16low),Longitudinal analysis Child to parent ratio - 1|4 average,0.008017852181352146,0.1149226231073735,Severe
Neutrophil (CD16low),Longitudinal analysis Child to parent ratio - 1|4 shape,0.04953920419135248,0.2366873850670678,Severe
Neutrophil (CD16low),Longitudinal analysis Child to parent ratio - 1|5 average,7.693268124733233e-4,0.011027017645450967,Severe
Neutrophil (CD16low),Longitudinal analysis Child to parent ratio - 1|5 shape,0.013659945982755186,0.08391109675121043,Severe
Neutrophil (CD16low),Longitudinal analysis Child to parent ratio - 2|4 shape,0.019950280884634554,0.09531800867103175,Severe
Neutrophil (CD16low),Longitudinal analysis Child to parent ratio - 2|5 shape,0.011571697519157254,0.12439574833094048,Severe
Neutrophil (CD16low),Longitudinal analysis Child to parent ratio - 3|4 shape,0.029134866808243468,0.12591259189417148,Severe
Neutrophil (CD16low),Longitudinal analysis Child to parent ratio - 3|5 shape,0.01764704060195283,0.12647527285593993,Severe
Neutrophil (CD16low),Longitudinal analysis Child to parent ratio - 4|5 average,7.373993346156561e-4,0.015854085694236606,Severe
Neutrophil (CD16low),Longitudinal analysis Child to parent ratio - 4|5 shape,0.021281655872197484,0.11438890031306148,Severe
NK Cell (CD56hi CD16low),Longitudinal analysis Child to parent ratio - 1|2 shape,0.0033558463264908448,0.07215069601955316,Severe
NK Cell (CD56hi CD16low),Longitudinal analysis Child to parent ratio - 2|3 shape,0.0014755732436228495,0.06344964947578254,Mild
NK Cell (CD56hi CD16low),Longitudinal analysis Child to parent ratio - 2|4 shape,0.005579118475434249,0.0511687902137922,Mild
NK Cell (CD56low CD16hi CD57hi),Longitudinal analysis Child to parent ratio - 1|3 shape,0.03301423752235905,0.24732803444949872,Severe
NK Cell (CD56low CD16hi CD57hi),Longitudinal analysis Child to parent ratio - 1|4 shape,0.0036008128771286394,0.038708738429132875,Severe
NK Cell (CD56low CD16hi CD57hi),Longitudinal analysis Child to parent ratio - 2|4 shape,0.01556845977257552,0.09531800867103175,Severe
NK Cell (CD56low CD16hi CD57low),Longitudinal analysis Child to parent ratio - 1|2 shape,2.05183725389561e-5,8.822900191751123e-4,Mild
NK Cell (CD56low CD16hi CD57low),Longitudinal analysis Child to parent ratio - 1|3 shape,0.010143749326958695,0.21809061052961196,Mild
Tier2_Bcell_Undefined,Longitudinal analysis Child to parent ratio - 4|5 shape,0.016923502676709466,0.11438890031306148,Mild
Tier2_NK_Undefined,Longitudinal analysis Child to parent ratio - 1|5 average,0.0013730810843610164,0.014760621656880926,Mild
Tier2_NK_Undefined,Longitudinal analysis Child to parent ratio - 1|5 shape,1.1550952042152276e-37,4.966909378125479e-36,Severe
Tier2_NK_Undefined,Longitudinal analysis Child to parent ratio - 2|5 shape,8.795270111592326e-4,0.0324167465539135,Severe
Tier2_NK_Undefined,Longitudinal analysis Child to parent ratio - 3|5 average,2.749187993477902e-4,0.011821508371954979,Mild
Tier2_NK_Undefined,Longitudinal analysis Child to parent ratio - 3|5 shape,1.7195478043545867e-43,7.394055558724722e-42,Severe
Tier2_NK_Undefined,Longitudinal analysis Child to parent ratio - 4|5 average,0.003842009256881265,0.0413015995114736,Mild
Tier2_NK_Undefined,Longitudinal analysis Child to parent ratio - 4|5 shape,0.0017013276325027785,0.036578544098809736,Severe
B Cell,Longitudinal analysis DFSO Parent population - overall shape,0.03814572364166934,0.12969546038167576,Severe
Basophil,Longitudinal analysis DFSO Parent population - overall shape,8.169012639237291e-4,0.005892126828668721,Mild
Basophil,Longitudinal analysis DFSO Parent population - overall average,0.020922629343816952,0.032334972622262564,Severe
CD4+ T Cell,Longitudinal analysis DFSO Parent population - overall average,4.857018679289834e-9,4.128465877396359e-8,Mild
CD8+ T Cell,Longitudinal analysis DFSO Parent population - overall shape,0.013738625464810295,0.05838915822544376,Mild
CD8+ T Cell,Longitudinal analysis DFSO Parent population - overall average,5.5067242330015686e-5,1.0401590217891851e-4,Mild
Conventional DC,Longitudinal analysis DFSO Parent population - overall average,8.380143309934556e-5,1.4246243626888746e-4,Severe
Eosinophil,Longitudinal analysis DFSO Parent population - overall shape,1.0110884850813393e-7,1.7188504246382767e-6,Severe
Hematopoetic progrenitor Cell,Longitudinal analysis DFSO Parent population - overall shape,0.0010397870874121271,0.005892126828668721,Mild
Lymphocyte,Longitudinal analysis DFSO Parent population - overall average,1.5795514937642373e-8,6.713093848498009e-8,Mild
Monocytes,Longitudinal analysis DFSO Parent population - overall average,3.619941421618293e-5,7.692375520938873e-5,Mild
Myeloid,Longitudinal analysis DFSO Parent population - overall average,1.3553938867951397e-8,6.713093848498009e-8,Severe
MyeloidToLymphocyte,Longitudinal analysis DFSO Parent population - overall average,8.742507776446772e-6,2.1231804599942157e-5,Severe
Neutrophil,Longitudinal analysis DFSO Parent population - overall average,3.829910177761939e-9,4.128465877396359e-8,Severe
NK Cell,Longitudinal analysis DFSO Parent population - overall average,4.789286827345356e-6,1.3569646010811844e-5,Mild
Plasmacytoid DC,Longitudinal analysis DFSO Parent population - overall average,6.263865146996975e-8,2.1297141499789714e-7,Mild
B Cell,Longitudinal analysis DFSO Parent population - 1|4 average,0.049787798932353015,0.08463925818500012,Mild
B Cell,Longitudinal analysis DFSO Parent population - 1|4 shape,0.03767273176279799,0.21347881332252197,Mild
B Cell,Longitudinal analysis DFSO Parent population - 1|5 average,0.003480515480162554,0.008452680451823345,Mild
B Cell,Longitudinal analysis DFSO Parent population - 2|5 average,0.007963296435940658,0.01933943420157017,Mild
B Cell,Longitudinal analysis DFSO Parent population - 3|4 shape,0.008688702943196458,0.04923598334477993,Mild
B Cell,Longitudinal analysis DFSO Parent population - 4|5 average,0.015152657510004315,0.09244296872773501,Mild
Basophil,Longitudinal analysis DFSO Parent population - 1|4 shape,0.016993765659111322,0.14444700810244623,Severe
Basophil,Longitudinal analysis DFSO Parent population - 2|3 average,0.01000265009382949,0.17004505159510133,Severe
Basophil,Longitudinal analysis DFSO Parent population - 2|4 shape,0.0062644592421384655,0.04278435510127081,Severe
Basophil,Longitudinal analysis DFSO Parent population - 3|4 shape,1.598317678741713e-4,0.002717140053860912,Severe
Basophil,Longitudinal analysis DFSO Parent population - 3|5 shape,0.038864334741099946,0.17322443988885472,Mild
Basophil,Longitudinal analysis DFSO Parent population - 4|5 shape,0.018842056364952117,0.055102339177551134,Mild
CD4+ T Cell,Longitudinal analysis DFSO Parent population - 1|4 average,3.9449445179705826e-8,3.3532028402749955e-7,Mild
CD4+ T Cell,Longitudinal analysis DFSO Parent population - 1|5 average,1.0943779356880198e-4,4.6511062266740844e-4,Mild
CD4+ T Cell,Longitudinal analysis DFSO Parent population - 2|4 average,4.414952112195386e-7,4.709053281931481e-6,Mild
CD4+ T Cell,Longitudinal analysis DFSO Parent population - 2|4 shape,0.036920673222983355,0.12553028895814342,Mild
CD4+ T Cell,Longitudinal analysis DFSO Parent population - 2|5 average,0.004386776158510768,0.01242919911578051,Mild
CD4+ T Cell,Longitudinal analysis DFSO Parent population - 2|5 shape,0.011987190814631309,0.027691762634997272,Mild
CD4+ T Cell,Longitudinal analysis DFSO Parent population - 3|4 average,1.6746349176699122e-6,2.2586107761247686e-5,Mild
CD4+ T Cell,Longitudinal analysis DFSO Parent population - 3|5 average,0.02484572940515525,0.08447547997752784,Mild
CD4+ T Cell,Longitudinal analysis DFSO Parent population - 4|5 shape,0.01944788441560628,0.055102339177551134,Mild
CD8+ T Cell,Longitudinal analysis DFSO Parent population - 1|2 shape,0.04573882684084858,0.3930034950181135,Severe
CD8+ T Cell,Longitudinal analysis DFSO Parent population - 1|4 average,0.001575482965639472,0.003347901301983878,Mild
CD8+ T Cell,Longitudinal analysis DFSO Parent population - 1|5 average,8.137728292334607e-4,0.0023056896828281387,Mild
CD8+ T Cell,Longitudinal analysis DFSO Parent population - 2|4 average,4.786549347014394e-4,8.13713388992447e-4,Mild
CD8+ T Cell,Longitudinal analysis DFSO Parent population - 2|5 average,0.041579218589412555,0.0785385240022237,Severe
CD8+ T Cell,Longitudinal analysis DFSO Parent population - 2|5 shape,0.005972435993952805,0.027691762634997272,Mild
CD8+ T Cell,Longitudinal analysis DFSO Parent population - 3|4 average,2.905123806954204e-4,9.877420943644293e-4,Mild
CD8+ T Cell,Longitudinal analysis DFSO Parent population - 3|5 shape,0.03529066962464816,0.17322443988885472,Mild
CD8+ T Cell,Longitudinal analysis DFSO Parent population - 4|5 shape,0.012177343711359617,0.055102339177551134,Mild
Conventional DC,Longitudinal analysis DFSO Parent population - 1|4 average,4.329406723289572e-6,1.4719982859184545e-5,Mild
Conventional DC,Longitudinal analysis DFSO Parent population - 1|5 average,0.034819875260888776,0.05381253449410083,Severe
Conventional DC,Longitudinal analysis DFSO Parent population - 1|5 shape,0.0065714366448881185,0.03723814098769934,Mild
Conventional DC,Longitudinal analysis DFSO Parent population - 2|4 average,9.840518804422305e-6,2.09111024593974e-5,Mild
Conventional DC,Longitudinal analysis DFSO Parent population - 2|4 shape,0.023906574994112896,0.10160294372497981,Mild
Conventional DC,Longitudinal analysis DFSO Parent population - 2|5 shape,0.011970032500032118,0.027691762634997272,Mild
Conventional DC,Longitudinal analysis DFSO Parent population - 3|4 average,2.1929430809111285e-4,9.320008093872297e-4,Mild
Conventional DC,Longitudinal analysis DFSO Parent population - 4|5 shape,0.01712902754327425,0.055102339177551134,Mild
Eosinophil,Longitudinal analysis DFSO Parent population - 1|3 shape,0.007548546667461166,0.12832529334683981,Severe
Eosinophil,Longitudinal analysis DFSO Parent population - 1|4 shape,4.7213102722956914e-5,8.026227462902676e-4,Severe
Eosinophil,Longitudinal analysis DFSO Parent population - 1|5 shape,5.106120160591645e-4,0.004340202136502899,Severe
Eosinophil,Longitudinal analysis DFSO Parent population - 2|4 shape,3.612177373670482e-4,0.00614070153523982,Severe
Eosinophil,Longitudinal analysis DFSO Parent population - 2|5 shape,0.028590232645319916,0.05400377277449317,Mild
Eosinophil,Longitudinal analysis DFSO Parent population - 3|4 shape,0.0029069980937630833,0.024709483796986207,Severe
Hematopoetic progrenitor Cell,Longitudinal analysis DFSO Parent population - 1|5 shape,0.012880203573488208,0.054740865187324884,Mild
Hematopoetic progrenitor Cell,Longitudinal analysis DFSO Parent population - 2|5 shape,0.001078806843830727,0.009169858172561178,Mild
Hematopoetic progrenitor Cell,Longitudinal analysis DFSO Parent population - 3|4 shape,0.04627650884369094,0.11238580719182084,Severe
Hematopoetic progrenitor Cell,Longitudinal analysis DFSO Parent population - 3|5 shape,0.04075869173855405,0.17322443988885472,Mild
Hematopoetic progrenitor Cell,Longitudinal analysis DFSO Parent population - 4|5 shape,8.079299041503432e-6,1.3734808370555833e-4,Mild
Lymphocyte,Longitudinal analysis DFSO Parent population - 1|2 average,0.029173560087493864,0.1663929299664292,Mild
Lymphocyte,Longitudinal analysis DFSO Parent population - 1|4 average,1.979885836048496e-6,8.41451480320611e-6,Mild
Lymphocyte,Longitudinal analysis DFSO Parent population - 1|5 average,1.5170410357880294e-5,1.7828415657051e-4,Mild
Lymphocyte,Longitudinal analysis DFSO Parent population - 2|4 average,2.277228844666276e-6,7.474096473188782e-6,Mild
Lymphocyte,Longitudinal analysis DFSO Parent population - 2|5 average,6.887254855750491e-4,0.0025626603048714814,Mild
Lymphocyte,Longitudinal analysis DFSO Parent population - 2|5 shape,0.013031417710586952,0.027691762634997272,Mild
Lymphocyte,Longitudinal analysis DFSO Parent population - 3|4 average,5.384720112665019e-4,0.0013077177416472186,Mild
Lymphocyte,Longitudinal analysis DFSO Parent population - 3|4 shape,0.02605823518767421,0.083650201871586,Mild
Lymphocyte,Longitudinal analysis DFSO Parent population - 3|5 average,0.010653595917688372,0.04880417398190449,Mild
Lymphocyte,Longitudinal analysis DFSO Parent population - 4|5 average,0.027189108449333827,0.09244296872773501,Severe
Lymphocyte,Longitudinal analysis DFSO Parent population - 4|5 shape,0.04393495327157361,0.08298824506852792,Mild
Monocytes,Longitudinal analysis DFSO Parent population - 2|4 average,3.1673027528093234e-6,7.692020971108356e-6,Mild
Monocytes,Longitudinal analysis DFSO Parent population - 2|5 average,7.537236190798475e-4,0.0025626603048714814,Mild
Monocytes,Longitudinal analysis DFSO Parent population - 3|4 average,0.005139656112272826,0.010921769238579754,Mild
Monocytes,Longitudinal analysis DFSO Parent population - 4|5 shape,0.028279476780822637,0.06867872932485497,Mild
Myeloid,Longitudinal analysis DFSO Parent population - 1|2 average,0.02936345822936986,0.1663929299664292,Severe
Myeloid,Longitudinal analysis DFSO Parent population - 1|4 average,1.956501199258112e-6,8.41451480320611e-6,Severe
Myeloid,Longitudinal analysis DFSO Parent population - 1|5 average,2.0974606655354118e-5,1.7828415657051e-4,Severe
Myeloid,Longitudinal analysis DFSO Parent population - 2|4 average,2.0248219680939674e-6,7.474096473188782e-6,Severe
Myeloid,Longitudinal analysis DFSO Parent population - 2|5 average,7.361468347057013e-4,0.0025626603048714814,Severe
Myeloid,Longitudinal analysis DFSO Parent population - 2|5 shape,0.009134910551327487,0.027691762634997272,Severe
Myeloid,Longitudinal analysis DFSO Parent population - 3|4 average,5.052916130085286e-4,0.0013077177416472186,Severe
Myeloid,Longitudinal analysis DFSO Parent population - 3|4 shape,0.029523600660559764,0.083650201871586,Severe
Myeloid,Longitudinal analysis DFSO Parent population - 3|5 average,0.011483335054565762,0.04880417398190449,Severe
Myeloid,Longitudinal analysis DFSO Parent population - 4|5 average,0.026948082533399108,0.09244296872773501,Mild
Myeloid,Longitudinal analysis DFSO Parent population - 4|5 shape,0.033611226980947886,0.07142385733451426,Severe
MyeloidToLymphocyte,Longitudinal analysis DFSO Parent population - 1|4 average,0.0022983149765331418,0.004341261622340379,Severe
MyeloidToLymphocyte,Longitudinal analysis DFSO Parent population - 1|5 average,0.01837721913991382,0.031241272537853495,Severe
MyeloidToLymphocyte,Longitudinal analysis DFSO Parent population - 2|4 average,2.637916402301923e-6,7.474096473188782e-6,Severe
MyeloidToLymphocyte,Longitudinal analysis DFSO Parent population - 2|5 average,1.5947049383596312e-6,2.710998395211373e-5,Severe
MyeloidToLymphocyte,Longitudinal analysis DFSO Parent population - 3|5 average,0.0015430431832155823,0.0262317341146649,Severe
MyeloidToLymphocyte,Longitudinal analysis DFSO Parent population - 4|5 average,0.004617467997953013,0.07849695596520122,Severe
Neutrophil,Longitudinal analysis DFSO Parent population - 1|4 average,3.690622412937469e-5,8.962940145705281e-5,Severe
Neutrophil,Longitudinal analysis DFSO Parent population - 1|5 average,5.782181679435045e-5,3.2765696183465257e-4,Severe
Neutrophil,Longitudinal analysis DFSO Parent population - 2|4 average,5.540062684625272e-7,4.709053281931481e-6,Severe
Neutrophil,Longitudinal analysis DFSO Parent population - 2|4 shape,0.007550180311988965,0.04278435510127081,Severe
Neutrophil,Longitudinal analysis DFSO Parent population - 2|5 average,3.62252643555362e-4,0.0025626603048714814,Severe
Neutrophil,Longitudinal analysis DFSO Parent population - 2|5 shape,0.009991972668724602,0.027691762634997272,Severe
Neutrophil,Longitudinal analysis DFSO Parent population - 3|4 average,1.44392456661292e-4,8.182239210806548e-4,Severe
Neutrophil,Longitudinal analysis DFSO Parent population - 3|4 shape,0.024372608617533487,0.083650201871586,Severe
Neutrophil,Longitudinal analysis DFSO Parent population - 3|5 average,0.008496953055239516,0.04880417398190449,Mild
Neutrophil,Longitudinal analysis DFSO Parent population - 4|5 average,0.022315971455810123,0.09244296872773501,Mild
Neutrophil,Longitudinal analysis DFSO Parent population - 4|5 shape,0.006418622913902681,0.05455829476817278,Severe
NK Cell,Longitudinal analysis DFSO Parent population - 1|2 average,0.01929700130502031,0.1663929299664292,Mild
NK Cell,Longitudinal analysis DFSO Parent population - 1|4 average,5.451456574303482e-6,1.54457936271932e-5,Mild
NK Cell,Longitudinal analysis DFSO Parent population - 1|5 average,5.502385866587659e-4,0.001870811194639804,Mild
NK Cell,Longitudinal analysis DFSO Parent population - 1|5 shape,0.019261204127419575,0.06548809403322656,Mild
NK Cell,Longitudinal analysis DFSO Parent population - 2|4 average,1.1178455365909519e-4,2.1114860135606868e-4,Mild
NK Cell,Longitudinal analysis DFSO Parent population - 2|5 average,0.012079569731882464,0.025669085680250236,Severe
NK Cell,Longitudinal analysis DFSO Parent population - 3|4 average,0.020194854605828642,0.038145836477676325,Mild
NK Cell,Longitudinal analysis DFSO Parent population - 3|5 shape,0.018868647998071586,0.17322443988885472,Mild
Plasmacytoid DC,Longitudinal analysis DFSO Parent population - 1|3 average,0.01385326003771067,0.1177527103205407,Mild
Plasmacytoid DC,Longitudinal analysis DFSO Parent population - 1|4 average,1.4195409274524715e-10,2.4132195766692016e-9,Mild
Plasmacytoid DC,Longitudinal analysis DFSO Parent population - 1|5 average,0.007242709358270476,0.015390757386324762,Mild
Plasmacytoid DC,Longitudinal analysis DFSO Parent population - 2|4 average,1.970437302630335e-6,7.474096473188782e-6,Mild
Plasmacytoid DC,Longitudinal analysis DFSO Parent population - 3|4 average,2.6571891483820806e-6,2.2586107761247686e-5,Mild
B Cell (naive),Longitudinal analysis DFSO Child population - overall shape,0.03999036633839984,0.08664579373319965,Mild
B Cell (Plasmablast),Longitudinal analysis DFSO Child population - overall shape,0.0023184725368635634,0.008611469422636093,Severe
Basophil,Longitudinal analysis DFSO Child population - overall shape,8.169012639237291e-4,0.003861715065821265,Mild
Basophil,Longitudinal analysis DFSO Child population - overall average,0.020922629343816952,0.04533236357827006,Severe
CD4+ NKT Cell,Longitudinal analysis DFSO Child population - overall shape,5.767694677991192e-23,2.9992012325554198e-21,Severe
CD4+ T Cell (activated),Longitudinal analysis DFSO Child population - overall average,0.004102833382339744,0.01024395939833504,Mild
CD4+ T Cell (CM),Longitudinal analysis DFSO Child population - overall shape,0.007035513419504993,0.019255089358645245,Mild
CD4+ T Cell (CM),Longitudinal analysis DFSO Child population - overall average,1.004938356945466e-7,2.2243140863682146e-6,Mild
CD4+ T Cell (EM CD27hi),Longitudinal analysis DFSO Child population - overall shape,0.008273826312991207,0.02151194841377714,Mild
CD4+ T Cell (EM CD27hi),Longitudinal analysis DFSO Child population - overall average,3.229214032452891e-6,3.358382593751007e-5,Mild
CD4+ T Cell (EM CD27low),Longitudinal analysis DFSO Child population - overall shape,0.03170206913582905,0.07167424326361349,Mild
CD4+ T Cell (EM CD27low),Longitudinal analysis DFSO Child population - overall average,4.373010862300435e-5,3.7899427473270437e-4,Mild
CD4+ T Cell (EM CD57hi),Longitudinal analysis DFSO Child population - overall shape,0.005719677187017985,0.01652351187360751,Mild
CD4+ T Cell (EM CD57hi),Longitudinal analysis DFSO Child population - overall average,0.01144532292704427,0.027052581463922823,Mild
CD4+ T Cell (EMRA CD57low),Longitudinal analysis DFSO Child population - overall shape,3.998615794617282e-14,1.0396401066004934e-12,Severe
CD4+ T Cell (EMRA CD57low),Longitudinal analysis DFSO Child population - overall average,0.04766861106439569,0.08852742054816343,Mild
CD4+ T Cell (naive),Longitudinal analysis DFSO Child population - overall shape,3.0164642065839275e-4,0.0015685613874236424,Mild
CD4+ T Cell (naive),Longitudinal analysis DFSO Child population - overall average,0.0041369836031737665,0.01024395939833504,Mild
CD4+ Treg (CD39hi),Longitudinal analysis DFSO Child population - overall average,0.0033291502295767278,0.009617545107666102,Mild
CD4+ Treg (CD39low),Longitudinal analysis DFSO Child population - overall shape,2.3629026510950434e-4,0.0015347691289341755,Mild
CD4+ Treg (naive),Longitudinal analysis DFSO Child population - overall shape,3.155410348668979e-12,5.469377937692897e-11,Severe
CD8+ NKT Cell,Longitudinal analysis DFSO Child population - overall shape,0.043746917939490794,0.08938882890436693,Mild
CD8+ NKT Cell,Longitudinal analysis DFSO Child population - overall average,0.001354902339156006,0.005376122416382033,Mild
CD8+ T Cell (activated),Longitudinal analysis DFSO Child population - overall shape,0.003152085784623694,0.010927230720028805,Mild
CD8+ T Cell (CD161+ MAIT),Longitudinal analysis DFSO Child population - overall average,0.02294745850455305,0.04677088212797375,Mild
CD8+ T Cell (CM),Longitudinal analysis DFSO Child population - overall shape,4.843245818666934e-5,3.597839751009722e-4,Mild
CD8+ T Cell (CM),Longitudinal analysis DFSO Child population - overall average,2.573822375377298e-4,0.001338387635196195,Mild
CD8+ T Cell (EM CD27hi),Longitudinal analysis DFSO Child population - overall average,0.0027199645838136585,0.00883988489739439,Mild
CD8+ T Cell (EMRA CD57hi),Longitudinal analysis DFSO Child population - overall shape,0.003947057214330743,0.01207335147912933,Mild
CD8+ T Cell (EMRA CD57hi),Longitudinal analysis DFSO Child population - overall average,0.020465424304596285,0.04533236357827006,Mild
CD8+ T Cell (EMRA CD57low),Longitudinal analysis DFSO Child population - overall shape,2.2105750683479428e-5,1.9158317259015503e-4,Mild
CD8+ T Cell (naive),Longitudinal analysis DFSO Child population - overall shape,0.0037689483383904383,0.01207335147912933,Mild
CD8+ T Cell (naive),Longitudinal analysis DFSO Child population - overall average,0.0029077391969563283,0.008894261073042887,Mild
Conventional DC,Longitudinal analysis DFSO Child population - overall average,8.380143309934556e-5,6.225249315951385e-4,Severe
Eosinophil,Longitudinal analysis DFSO Child population - overall shape,1.0110884850813393e-7,1.051532024484593e-6,Severe
Hematopoetic progrenitor Cell,Longitudinal analysis DFSO Child population - overall shape,0.0010397870874121271,0.004307309666444905,Mild
Monocytes (CD14-CD16+),Longitudinal analysis DFSO Child population - overall shape,0.0010768274166112262,0.004307309666444905,Mild
Monocytes (CD14-CD16+),Longitudinal analysis DFSO Child population - overall average,0.0014474175736413164,0.005376122416382033,Severe
Monocytes (CD14+CD16-),Longitudinal analysis DFSO Child population - overall average,2.3179672815513904e-4,0.001338387635196195,Mild
Monocytes (CD14+CD16+),Longitudinal analysis DFSO Child population - overall average,8.339791523996415e-4,0.003942446902252851,Mild
Neutrophil (CD16hi),Longitudinal analysis DFSO Child population - overall average,1.6724200998321888e-4,0.0010870730648909227,Severe
Neutrophil (CD16low),Longitudinal analysis DFSO Child population - overall average,0.023385441063986875,0.04677088212797375,Severe
NK Cell (CD56hi CD16low),Longitudinal analysis DFSO Child population - overall shape,0.044694414452183466,0.08938882890436693,Mild
NK Cell (CD56hi CD16low),Longitudinal analysis DFSO Child population - overall average,0.004067759080647914,0.01024395939833504,Mild
NK Cell (CD56low CD16hi CD57hi),Longitudinal analysis DFSO Child population - overall average,0.001618884945737249,0.005612134478555797,Mild
NK Cell (CD56low CD16hi CD57low),Longitudinal analysis DFSO Child population - overall shape,2.6563311846937654e-4,0.0015347691289341755,Mild
NK Cell (CD56low CD16hi CD57low),Longitudinal analysis DFSO Child population - overall average,9.413560207162699e-7,1.223762826931151e-5,Severe
Plasmacytoid DC,Longitudinal analysis DFSO Child population - overall average,6.263865146996975e-8,2.2243140863682146e-6,Mild
T Cell,Longitudinal analysis DFSO Child population - overall average,1.2832581267508932e-7,2.2243140863682146e-6,Mild
Tier3_CD8_Undefined,Longitudinal analysis DFSO Child population - overall shape,0.01092878281880134,0.02583166848080317,Mild
Tier3_CD8_Undefined,Longitudinal analysis DFSO Child population - overall average,0.030102252952479463,0.057974709389960445,Severe
Tier4_nonTreg_Undefined,Longitudinal analysis DFSO Child population - overall shape,0.008932074768830353,0.02211751847519897,Mild
Tier4_Treg_Undefined,Longitudinal analysis DFSO Child population - overall shape,1.8675665758558854e-8,2.427836548612651e-7,Mild
Tier4_Treg_Undefined,Longitudinal analysis DFSO Child population - overall average,0.001360294104121557,0.005376122416382033,Severe
B Cell (naive),Longitudinal analysis DFSO Child population - 1|4 shape,0.012961741881525284,0.09050135801060465,Mild
B Cell (naive),Longitudinal analysis DFSO Child population - 1|5 average,0.026395902171988266,0.0841369381732126,Mild
B Cell (naive),Longitudinal analysis DFSO Child population - 2|4 shape,0.0467350658281583,0.19862402976967278,Mild
B Cell (naive),Longitudinal analysis DFSO Child population - 2|5 average,0.046627807525361935,0.15943101379935026,Mild
B Cell (naive),Longitudinal analysis DFSO Child population - 3|4 shape,6.295912846554494e-4,0.010703051839142639,Mild
B Cell (naive),Longitudinal analysis DFSO Child population - 4|5 average,0.012304921589955067,0.6272941866007216,Mild
B Cell (Plasmablast),Longitudinal analysis DFSO Child population - 1|2 average,0.04984931870152345,0.2837433633005453,Mild
B Cell (Plasmablast),Longitudinal analysis DFSO Child population - 1|4 shape,0.009871682222166021,0.09050135801060465,Severe
B Cell (Plasmablast),Longitudinal analysis DFSO Child population - 2|5 average,0.04822407435877048,0.15943101379935026,Mild
B Cell (Plasmablast),Longitudinal analysis DFSO Child population - 3|4 shape,0.036328302535988594,0.1684312208486744,Severe
Basophil,Longitudinal analysis DFSO Child population - 1|4 shape,0.016993765659111322,0.09050135801060465,Severe
Basophil,Longitudinal analysis DFSO Child population - 2|3 average,0.01000265009382949,0.5101351547853039,Severe
Basophil,Longitudinal analysis DFSO Child population - 2|4 shape,0.0062644592421384655,0.06389748426981234,Severe
Basophil,Longitudinal analysis DFSO Child population - 3|4 shape,1.598317678741713e-4,0.004075710080791368,Severe
Basophil,Longitudinal analysis DFSO Child population - 3|5 shape,0.038864334741099946,0.28445684092043305,Mild
Basophil,Longitudinal analysis DFSO Child population - 4|5 shape,0.018842056364952117,0.160157479102093,Mild
CD4+ NKT Cell,Longitudinal analysis DFSO Child population - 1|3 shape,3.734678085305685e-4,0.006348952745019665,Severe
CD4+ NKT Cell,Longitudinal analysis DFSO Child population - 1|5 average,0.046942679722840545,0.09576306663459472,Severe
CD4+ NKT Cell,Longitudinal analysis DFSO Child population - 2|3 shape,1.4548612900712347e-5,3.7098962896816483e-4,Severe
CD4+ NKT Cell,Longitudinal analysis DFSO Child population - 2|5 shape,0.04145357536503888,0.14094215624113218,Mild
CD4+ NKT Cell,Longitudinal analysis DFSO Child population - 3|4 shape,3.221072691917765e-8,1.6427470728780602e-6,Mild
CD4+ T Cell (activated),Longitudinal analysis DFSO Child population - 1|4 average,0.04583358759321941,0.08990434489439192,Mild
CD4+ T Cell (activated),Longitudinal analysis DFSO Child population - 1|5 average,0.005355723503162362,0.031397892388320754,Mild
CD4+ T Cell (activated),Longitudinal analysis DFSO Child population - 1|5 shape,0.04601549275414371,0.16762786646152353,Mild
CD4+ T Cell (activated),Longitudinal analysis DFSO Child population - 2|4 average,0.0036503267140595955,0.010950980142178787,Mild
CD4+ T Cell (activated),Longitudinal analysis DFSO Child population - 2|5 average,0.003532783575110338,0.062263973641213825,Mild
CD4+ T Cell (activated),Longitudinal analysis DFSO Child population - 3|5 average,0.015067369253340908,0.44038856751128014,Severe
CD4+ T Cell (CM),Longitudinal analysis DFSO Child population - 1|2 average,0.047739994066198825,0.2837433633005453,Mild
CD4+ T Cell (CM),Longitudinal analysis DFSO Child population - 1|3 average,2.4602627245664534e-4,0.012547339895288912,Mild
CD4+ T Cell (CM),Longitudinal analysis DFSO Child population - 1|4 average,1.668294685555022e-9,4.254151448165306e-8,Mild
CD4+ T Cell (CM),Longitudinal analysis DFSO Child population - 1|4 shape,0.03704113918355615,0.13493557845438311,Mild
CD4+ T Cell (CM),Longitudinal analysis DFSO Child population - 1|5 average,7.030689410132199e-5,0.0017928257995837107,Mild
CD4+ T Cell (CM),Longitudinal analysis DFSO Child population - 2|4 average,2.6471401565327073e-5,1.763634604331098e-4,Mild
CD4+ T Cell (CM),Longitudinal analysis DFSO Child population - 2|5 average,0.009354109534810494,0.1155214184994677,Severe
CD4+ T Cell (CM),Longitudinal analysis DFSO Child population - 2|5 shape,0.012659978109702071,0.06163011663989771,Mild
CD4+ T Cell (CM),Longitudinal analysis DFSO Child population - 3|4 average,0.007581818877746507,0.02761948305464799,Mild
CD4+ T Cell (EM CD27hi),Longitudinal analysis DFSO Child population - 1|4 average,9.644137804650055e-7,9.837020560743055e-6,Mild
CD4+ T Cell (EM CD27hi),Longitudinal analysis DFSO Child population - 1|4 shape,0.017745364315804833,0.09050135801060465,Mild
CD4+ T Cell (EM CD27hi),Longitudinal analysis DFSO Child population - 1|5 average,0.0019412228582932863,0.016500394295492934,Mild
CD4+ T Cell (EM CD27hi),Longitudinal analysis DFSO Child population - 2|4 average,2.8341028123050843e-5,1.763634604331098e-4,Mild
CD4+ T Cell (EM CD27hi),Longitudinal analysis DFSO Child population - 2|4 shape,0.014515609774872401,0.12338268308641541,Mild
CD4+ T Cell (EM CD27hi),Longitudinal analysis DFSO Child population - 2|5 average,0.03650810821116195,0.15943101379935026,Severe
CD4+ T Cell (EM CD27hi),Longitudinal analysis DFSO Child population - 2|5 shape,0.029718274155704365,0.11658707553391712,Mild
CD4+ T Cell (EM CD27hi),Longitudinal analysis DFSO Child population - 3|4 average,0.001531427083825314,0.013017130212515169,Mild
CD4+ T Cell (EM CD27hi),Longitudinal analysis DFSO Child population - 4|5 shape,0.023932408393939862,0.17436468972727615,Mild
CD4+ T Cell (EM CD27low),Longitudinal analysis DFSO Child population - 1|2 average,0.007730714219260081,0.09856660629556603,Mild
CD4+ T Cell (EM CD27low),Longitudinal analysis DFSO Child population - 1|4 average,8.44515355769795e-5,4.307028314425954e-4,Mild
CD4+ T Cell (EM CD27low),Longitudinal analysis DFSO Child population - 1|5 average,0.014923316266341864,0.05436350925595965,Mild
CD4+ T Cell (EM CD27low),Longitudinal analysis DFSO Child population - 2|4 average,0.004024651614537187,0.011403179574522032,Mild
CD4+ T Cell (EM CD27low),Longitudinal analysis DFSO Child population - 2|4 shape,0.029315680924006302,0.1661221919027024,Severe
CD4+ T Cell (EM CD27low),Longitudinal analysis DFSO Child population - 2|5 average,0.01303628453858404,0.1155214184994677,Severe
CD4+ T Cell (EM CD27low),Longitudinal analysis DFSO Child population - 3|4 average,0.012884674465169029,0.03865402339550709,Mild
CD4+ T Cell (EM CD27low),Longitudinal analysis DFSO Child population - 3|4 shape,0.017178297831735953,0.1095116486773167,Severe
CD4+ T Cell (EM CD27low),Longitudinal analysis DFSO Child population - 4|5 shape,0.011898292012158276,0.160157479102093,Mild
CD4+ T Cell (EM CD57hi),Longitudinal analysis DFSO Child population - 1|2 shape,0.00860099752618671,0.10966271845888055,Severe
CD4+ T Cell (EM CD57hi),Longitudinal analysis DFSO Child population - 1|4 average,2.336324707844406e-4,0.00108320509181877,Mild
CD4+ T Cell (EM CD57hi),Longitudinal analysis DFSO Child population - 1|4 shape,0.0265931819253662,0.11302102318280635,Severe
CD4+ T Cell (EM CD57hi),Longitudinal analysis DFSO Child population - 2|3 shape,0.03408401038369176,0.19314272550758663,Mild
CD4+ T Cell (EM CD57hi),Longitudinal analysis DFSO Child population - 2|4 average,2.1386462884106207e-4,0.0010907096070894165,Mild
CD4+ T Cell (EM CD57hi),Longitudinal analysis DFSO Child population - 4|5 shape,0.04867697833474105,0.2413530115137433,Mild
CD4+ T Cell (EMRA CD57low),Longitudinal analysis DFSO Child population - 1|3 shape,0.026461658684656456,0.1966671655422502,Severe
CD4+ T Cell (EMRA CD57low),Longitudinal analysis DFSO Child population - 2|3 shape,0.044560874803420095,0.22726046149744247,Severe
CD4+ T Cell (EMRA CD57low),Longitudinal analysis DFSO Child population - 2|4 average,0.04173271986910234,0.08186033512785458,Mild
CD4+ T Cell (EMRA CD57low),Longitudinal analysis DFSO Child population - 3|4 average,0.0030215385095503505,0.015848552539345473,Mild
CD4+ T Cell (EMRA CD57low),Longitudinal analysis DFSO Child population - 3|4 shape,0.0010117378535751459,0.01289965763308311,Mild
CD4+ T Cell (naive),Longitudinal analysis DFSO Child population - 1|2 shape,0.0010798870870937808,0.02753712072089141,Severe
CD4+ T Cell (naive),Longitudinal analysis DFSO Child population - 1|3 shape,0.03079395271879149,0.1966671655422502,Severe
CD4+ T Cell (naive),Longitudinal analysis DFSO Child population - 1|4 average,0.002777713713699706,0.009444226626579,Mild
CD4+ T Cell (naive),Longitudinal analysis DFSO Child population - 1|4 shape,0.03483979812434447,0.13493557845438311,Severe
CD4+ T Cell (naive),Longitudinal analysis DFSO Child population - 2|4 average,0.001478883749790877,0.005387362231381052,Mild
CD4+ T Cell (naive),Longitudinal analysis DFSO Child population - 2|5 average,0.04942282502684077,0.15943101379935026,Mild
CD4+ T Cell (naive),Longitudinal analysis DFSO Child population - 3|4 average,0.003155289308859459,0.015848552539345473,Mild
CD4+ T Cell (naive),Longitudinal analysis DFSO Child population - 3|5 average,0.040817003717598666,0.44038856751128014,Mild
CD4+ Treg (CD39hi),Longitudinal analysis DFSO Child population - 1|2 average,0.006338700624553407,0.09856660629556603,Mild
CD4+ Treg (CD39hi),Longitudinal analysis DFSO Child population - 1|4 average,0.0037658318004135578,0.010669856767838415,Mild
CD4+ Treg (CD39hi),Longitudinal analysis DFSO Child population - 1|5 average,1.294955849419441e-4,0.0022014249440130496,Mild
CD4+ Treg (CD39hi),Longitudinal analysis DFSO Child population - 2|5 average,0.02583852187162043,0.15943101379935026,Severe
CD4+ Treg (CD39low),Longitudinal analysis DFSO Child population - 1|2 shape,2.8625104366009414e-6,1.45988032266648e-4,Severe
CD4+ Treg (CD39low),Longitudinal analysis DFSO Child population - 2|3 shape,0.008208217798217713,0.06976985128485055,Mild
CD4+ Treg (CD39low),Longitudinal analysis DFSO Child population - 2|4 average,0.021887426919066283,0.048532990124886106,Mild
CD4+ Treg (naive),Longitudinal analysis DFSO Child population - 1|2 shape,0.04476966403817067,0.285406608243338,Severe
CD4+ Treg (naive),Longitudinal analysis DFSO Child population - 1|3 shape,9.895246590895631e-6,5.046575761356772e-4,Severe
CD4+ Treg (naive),Longitudinal analysis DFSO Child population - 2|3 shape,3.194159522175513e-7,1.6290213563095117e-5,Severe
CD4+ Treg (naive),Longitudinal analysis DFSO Child population - 2|5 average,0.028874488959917146,0.15943101379935026,Mild
CD8+ NKT Cell,Longitudinal analysis DFSO Child population - 1|3 average,0.020298901695504218,0.147891998067245,Mild
CD8+ NKT Cell,Longitudinal analysis DFSO Child population - 1|4 average,2.3599840471514812e-5,1.5044898300590692e-4,Mild
CD8+ NKT Cell,Longitudinal analysis DFSO Child population - 1|5 average,0.038692848012975414,0.09396834517436886,Mild
CD8+ NKT Cell,Longitudinal analysis DFSO Child population - 2|4 average,0.028453848585234597,0.05804585111387858,Mild
CD8+ NKT Cell,Longitudinal analysis DFSO Child population - 2|4 shape,0.038944157070824936,0.19861520106120717,Mild
CD8+ NKT Cell,Longitudinal analysis DFSO Child population - 3|4 average,0.023740279073159946,0.057654963463388435,Mild
CD8+ T Cell (activated),Longitudinal analysis DFSO Child population - 1|4 shape,0.014546956697987239,0.09050135801060465,Severe
CD8+ T Cell (activated),Longitudinal analysis DFSO Child population - 1|5 average,9.728809617058029e-4,0.012404232261748986,Mild
CD8+ T Cell (activated),Longitudinal analysis DFSO Child population - 2|4 shape,0.005006771674375443,0.06383633884828689,Severe
CD8+ T Cell (activated),Longitudinal analysis DFSO Child population - 2|5 shape,0.034629048650905894,0.12614867722830003,Mild
CD8+ T Cell (CD161+ MAIT),Longitudinal analysis DFSO Child population - 1|4 average,0.003308308477292319,0.010545233271369267,Mild
CD8+ T Cell (CD161+ MAIT),Longitudinal analysis DFSO Child population - 1|5 average,0.04363344544259654,0.09576306663459472,Mild
CD8+ T Cell (CD161+ MAIT),Longitudinal analysis DFSO Child population - 2|4 average,0.011602978067781542,0.02817866102175517,Mild
CD8+ T Cell (CD161+ MAIT),Longitudinal analysis DFSO Child population - 3|4 average,0.011133073896902606,0.03548667304637706,Mild
CD8+ T Cell (CM),Longitudinal analysis DFSO Child population - 1|2 average,0.0452163578028402,0.2837433633005453,Mild
CD8+ T Cell (CM),Longitudinal analysis DFSO Child population - 1|4 average,5.2474801966864945e-5,2.9735721114556804e-4,Mild
CD8+ T Cell (CM),Longitudinal analysis DFSO Child population - 1|4 shape,0.0014042796824515254,0.023872754601675934,Mild
CD8+ T Cell (CM),Longitudinal analysis DFSO Child population - 1|5 average,0.00728642573843559,0.031397892388320754,Severe
CD8+ T Cell (CM),Longitudinal analysis DFSO Child population - 1|5 shape,0.011718161422879049,0.07298782024976652,Mild
CD8+ T Cell (CM),Longitudinal analysis DFSO Child population - 2|4 average,0.007247023228927943,0.018479909233766252,Mild
CD8+ T Cell (CM),Longitudinal analysis DFSO Child population - 2|5 average,0.03498630319419416,0.15943101379935026,Severe
CD8+ T Cell (CM),Longitudinal analysis DFSO Child population - 2|5 shape,0.00550172546493889,0.0582284938073548,Mild
CD8+ T Cell (CM),Longitudinal analysis DFSO Child population - 3|4 average,0.010604745849743722,0.03548667304637706,Mild
CD8+ T Cell (EM CD27hi),Longitudinal analysis DFSO Child population - 1|4 average,0.02214660303035953,0.04910768498036244,Mild
CD8+ T Cell (EM CD27hi),Longitudinal analysis DFSO Child population - 1|5 average,0.007387739385487237,0.031397892388320754,Mild
CD8+ T Cell (EM CD27hi),Longitudinal analysis DFSO Child population - 2|4 average,0.023271156293738233,0.04945120712419374,Mild
CD8+ T Cell (EM CD27hi),Longitudinal analysis DFSO Child population - 3|4 average,0.04520683212750593,0.10479765629558194,Mild
CD8+ T Cell (EM CD27hi),Longitudinal analysis DFSO Child population - 3|5 average,0.03251076949594649,0.44038856751128014,Mild
CD8+ T Cell (EMRA CD57hi),Longitudinal analysis DFSO Child population - 1|2 shape,0.024403789778177785,0.20743221311451118,Severe
CD8+ T Cell (EMRA CD57hi),Longitudinal analysis DFSO Child population - 1|3 shape,0.035125650773549844,0.1966671655422502,Severe
CD8+ T Cell (EMRA CD57hi),Longitudinal analysis DFSO Child population - 1|4 shape,0.013350510381165533,0.09050135801060465,Severe
CD8+ T Cell (EMRA CD57hi),Longitudinal analysis DFSO Child population - 2|4 average,0.0023582087730575647,0.007516790464120987,Mild
CD8+ T Cell (EMRA CD57hi),Longitudinal analysis DFSO Child population - 3|4 average,0.003729071185728347,0.015848552539345473,Mild
CD8+ T Cell (EMRA CD57hi),Longitudinal analysis DFSO Child population - 4|5 shape,0.031057519654792802,0.19799168779930412,Mild
CD8+ T Cell (EMRA CD57low),Longitudinal analysis DFSO Child population - 1|3 shape,2.907400325860284e-4,0.006348952745019665,Severe
CD8+ T Cell (EMRA CD57low),Longitudinal analysis DFSO Child population - 1|4 shape,0.025065997070639636,0.11302102318280635,Severe
CD8+ T Cell (EMRA CD57low),Longitudinal analysis DFSO Child population - 2|3 shape,0.0017755964600135545,0.022010482977037702,Severe
CD8+ T Cell (EMRA CD57low),Longitudinal analysis DFSO Child population - 2|5 shape,0.011974169166101122,0.06163011663989771,Mild
CD8+ T Cell (EMRA CD57low),Longitudinal analysis DFSO Child population - 4|5 shape,0.049457482820955134,0.2413530115137433,Mild
CD8+ T Cell (naive),Longitudinal analysis DFSO Child population - 1|2 shape,0.013981033356053546,0.14260654023174615,Severe
CD8+ T Cell (naive),Longitudinal analysis DFSO Child population - 1|4 average,0.0021408996174578656,0.008398913883873165,Mild
CD8+ T Cell (naive),Longitudinal analysis DFSO Child population - 1|5 average,0.02047067684392999,0.06960030126936195,Mild
CD8+ T Cell (naive),Longitudinal analysis DFSO Child population - 2|4 average,3.640564610562507e-4,0.0015472399594890656,Severe
CD8+ T Cell (naive),Longitudinal analysis DFSO Child population - 2|4 shape,2.630505218719579e-4,0.00921105230285973,Mild
CD8+ T Cell (naive),Longitudinal analysis DFSO Child population - 3|4 average,0.0013335922868682975,0.013017130212515169,Mild
Conventional DC,Longitudinal analysis DFSO Child population - 1|4 average,4.329406723289572e-6,3.154282041253831e-5,Mild
Conventional DC,Longitudinal analysis DFSO Child population - 1|5 average,0.034819875260888776,0.08879068191526637,Severe
Conventional DC,Longitudinal analysis DFSO Child population - 1|5 shape,0.0065714366448881185,0.05955518768322442,Mild
Conventional DC,Longitudinal analysis DFSO Child population - 2|4 average,9.840518804422305e-6,1.2546661475638438e-4,Mild
Conventional DC,Longitudinal analysis DFSO Child population - 2|4 shape,0.023906574994112896,0.1661221919027024,Mild
Conventional DC,Longitudinal analysis DFSO Child population - 2|5 shape,0.011970032500032118,0.06163011663989771,Mild
Conventional DC,Longitudinal analysis DFSO Child population - 3|4 average,2.1929430809111285e-4,0.004269105584913711,Mild
Conventional DC,Longitudinal analysis DFSO Child population - 4|5 shape,0.01712902754327425,0.160157479102093,Mild
Eosinophil,Longitudinal analysis DFSO Child population - 1|3 shape,0.007548546667461166,0.09624397001012987,Severe
Eosinophil,Longitudinal analysis DFSO Child population - 1|4 shape,4.7213102722956914e-5,0.0012039341194354013,Severe
Eosinophil,Longitudinal analysis DFSO Child population - 1|5 shape,5.106120160591645e-4,0.013020606409508697,Severe
Eosinophil,Longitudinal analysis DFSO Child population - 2|4 shape,3.612177373670482e-4,0.00921105230285973,Severe
Eosinophil,Longitudinal analysis DFSO Child population - 2|5 shape,0.028590232645319916,0.11658707553391712,Mild
Eosinophil,Longitudinal analysis DFSO Child population - 3|4 shape,0.0029069980937630833,0.029651380556383448,Severe
Hematopoetic progrenitor Cell,Longitudinal analysis DFSO Child population - 1|5 shape,0.012880203573488208,0.07298782024976652,Mild
Hematopoetic progrenitor Cell,Longitudinal analysis DFSO Child population - 2|5 shape,0.001078806843830727,0.027509574517683537,Mild
Hematopoetic progrenitor Cell,Longitudinal analysis DFSO Child population - 3|4 shape,0.04627650884369094,0.19667516258568649,Severe
Hematopoetic progrenitor Cell,Longitudinal analysis DFSO Child population - 3|5 shape,0.04075869173855405,0.28445684092043305,Mild
Hematopoetic progrenitor Cell,Longitudinal analysis DFSO Child population - 4|5 shape,8.079299041503432e-6,4.12044251116675e-4,Mild
Monocytes (CD14-CD16+),Longitudinal analysis DFSO Child population - 1|4 average,0.008726839868519133,0.021826321836405236,Mild
Monocytes (CD14-CD16+),Longitudinal analysis DFSO Child population - 1|5 average,0.031607896554626466,0.08607096859984156,Severe
Monocytes (CD14-CD16+),Longitudinal analysis DFSO Child population - 1|5 shape,0.040570842968424385,0.15916253779920336,Mild
Monocytes (CD14-CD16+),Longitudinal analysis DFSO Child population - 2|4 average,0.0010471223520450324,0.004107941534945896,Mild
Monocytes (CD14-CD16+),Longitudinal analysis DFSO Child population - 2|4 shape,0.026578126214839612,0.1661221919027024,Severe
Monocytes (CD14-CD16+),Longitudinal analysis DFSO Child population - 3|4 average,0.0036675872025921635,0.015848552539345473,Mild
Monocytes (CD14-CD16+),Longitudinal analysis DFSO Child population - 3|4 shape,0.0273235581548961,0.1393501465899701,Severe
Monocytes (CD14+CD16-),Longitudinal analysis DFSO Child population - 2|4 average,2.3347762868685355e-5,1.763634604331098e-4,Mild
Monocytes (CD14+CD16-),Longitudinal analysis DFSO Child population - 2|5 average,7.642025052989126e-4,0.038974327770244545,Mild
Monocytes (CD14+CD16-),Longitudinal analysis DFSO Child population - 3|4 average,0.01764126999217355,0.047352882610571106,Mild
Monocytes (CD14+CD16+),Longitudinal analysis DFSO Child population - 1|4 average,0.002340596633148354,0.00852645916361186,Mild
Monocytes (CD14+CD16+),Longitudinal analysis DFSO Child population - 1|4 shape,0.006809626006602254,0.08682273158417875,Severe
Monocytes (CD14+CD16+),Longitudinal analysis DFSO Child population - 2|4 average,3.0292997511961603e-4,0.001404493521009129,Mild
Monocytes (CD14+CD16+),Longitudinal analysis DFSO Child population - 3|4 average,0.0035839367943786117,0.015848552539345473,Mild
Monocytes (CD14+CD16+),Longitudinal analysis DFSO Child population - 3|4 shape,0.026719940990871372,0.1393501465899701,Severe
Neutrophil (CD16hi),Longitudinal analysis DFSO Child population - 1|4 average,0.004424097799708915,0.011875209883429192,Severe
Neutrophil (CD16hi),Longitudinal analysis DFSO Child population - 2|4 average,2.156471000860822e-5,1.763634604331098e-4,Severe
Neutrophil (CD16hi),Longitudinal analysis DFSO Child population - 2|4 shape,0.044910695617474836,0.19862402976967278,Mild
Neutrophil (CD16hi),Longitudinal analysis DFSO Child population - 3|4 average,0.002113227192343962,0.015396369544220294,Severe
Neutrophil (CD16low),Longitudinal analysis DFSO Child population - 1|4 average,0.00898730899146098,0.021826321836405236,Severe
Neutrophil (CD16low),Longitudinal analysis DFSO Child population - 2|5 average,0.025284607426259154,0.15943101379935026,Mild
Neutrophil (CD16low),Longitudinal analysis DFSO Child population - 2|5 shape,0.006850411036159389,0.0582284938073548,Severe
Neutrophil (CD16low),Longitudinal analysis DFSO Child population - 3|5 average,0.022163668538357446,0.44038856751128014,Severe
Neutrophil (CD16low),Longitudinal analysis DFSO Child population - 3|5 shape,0.0280290898213868,0.28445684092043305,Severe
NK Cell (CD56hi CD16low),Longitudinal analysis DFSO Child population - 1|2 shape,0.03249714527629638,0.23676491558444504,Severe
NK Cell (CD56hi CD16low),Longitudinal analysis DFSO Child population - 1|3 average,0.0017570281018799074,0.029869477731958426,Mild
NK Cell (CD56hi CD16low),Longitudinal analysis DFSO Child population - 1|4 average,0.01456259239119861,0.03375873690686951,Mild
NK Cell (CD56hi CD16low),Longitudinal analysis DFSO Child population - 2|4 average,0.0016881670319245257,0.005739767908543387,Mild
NK Cell (CD56hi CD16low),Longitudinal analysis DFSO Child population - 2|5 average,0.04938585527790392,0.15943101379935026,Mild
NK Cell (CD56low CD16hi CD57hi),Longitudinal analysis DFSO Child population - 1|2 average,0.03637787892945775,0.2837433633005453,Mild
NK Cell (CD56low CD16hi CD57hi),Longitudinal analysis DFSO Child population - 1|4 average,0.001067658825552717,0.004537550008599047,Mild
NK Cell (CD56low CD16hi CD57hi),Longitudinal analysis DFSO Child population - 1|5 average,0.004563508044303058,0.031397892388320754,Mild
NK Cell (CD56low CD16hi CD57hi),Longitudinal analysis DFSO Child population - 1|5 shape,0.035318187266496784,0.15916253779920336,Mild
NK Cell (CD56low CD16hi CD57hi),Longitudinal analysis DFSO Child population - 2|4 average,0.0195360653610938,0.04528815151889926,Mild
NK Cell (CD56low CD16hi CD57low),Longitudinal analysis DFSO Child population - 1|4 average,6.938031788718919e-8,1.1794654040822164e-6,Mild
NK Cell (CD56low CD16hi CD57low),Longitudinal analysis DFSO Child population - 1|5 average,0.0019307201298928843,0.016500394295492934,Mild
NK Cell (CD56low CD16hi CD57low),Longitudinal analysis DFSO Child population - 1|5 shape,0.01525515833137192,0.0778013074899968,Mild
NK Cell (CD56low CD16hi CD57low),Longitudinal analysis DFSO Child population - 2|4 average,6.413645371927044e-6,1.0903197132275975e-4,Mild
NK Cell (CD56low CD16hi CD57low),Longitudinal analysis DFSO Child population - 2|5 average,0.013590755117584436,0.1155214184994677,Severe
NK Cell (CD56low CD16hi CD57low),Longitudinal analysis DFSO Child population - 3|4 average,4.2403415072552803e-4,0.005406435421750482,Mild
NK Cell (CD56low CD16hi CD57low),Longitudinal analysis DFSO Child population - 3|5 shape,0.004432789564010307,0.11303613388226282,Mild
NK Cell (CD56low CD16hi CD57low),Longitudinal analysis DFSO Child population - 4|5 average,0.040331512048819365,0.6272941866007216,Severe
NK Cell (CD56low CD16hi CD57low),Longitudinal analysis DFSO Child population - 4|5 shape,0.003557453879653698,0.0907150739311693,Mild
Plasmacytoid DC,Longitudinal analysis DFSO Child population - 1|3 average,0.01385326003771067,0.1177527103205407,Mild
Plasmacytoid DC,Longitudinal analysis DFSO Child population - 1|4 average,1.4195409274524715e-10,7.239658730007605e-9,Mild
Plasmacytoid DC,Longitudinal analysis DFSO Child population - 1|5 average,0.007242709358270476,0.031397892388320754,Mild
Plasmacytoid DC,Longitudinal analysis DFSO Child population - 2|4 average,1.970437302630335e-6,9.454246600965766e-5,Mild
Plasmacytoid DC,Longitudinal analysis DFSO Child population - 3|4 average,2.6571891483820806e-6,1.3551664656748612e-4,Mild
T Cell,Longitudinal analysis DFSO Child population - 1|4 average,6.407717174638361e-7,8.16983939766391e-6,Mild
T Cell,Longitudinal analysis DFSO Child population - 1|5 average,2.4657040250989565e-5,0.0012575090528004677,Mild
T Cell,Longitudinal analysis DFSO Child population - 2|4 average,3.7075476866532416e-6,9.454246600965766e-5,Mild
T Cell,Longitudinal analysis DFSO Child population - 2|5 average,0.0036625866847772837,0.062263973641213825,Severe
T Cell,Longitudinal analysis DFSO Child population - 2|5 shape,0.00618802529203554,0.0582284938073548,Mild
T Cell,Longitudinal analysis DFSO Child population - 3|4 average,2.5112385793610065e-4,0.004269105584913711,Mild
T Cell,Longitudinal analysis DFSO Child population - 4|5 average,0.04444858437901333,0.6272941866007216,Severe
T Cell,Longitudinal analysis DFSO Child population - 4|5 shape,0.016315518694674555,0.160157479102093,Mild
Tier3_CD8_Undefined,Longitudinal analysis DFSO Child population - 1|3 average,0.03969835956310952,0.20246163377185852,Severe
Tier3_CD8_Undefined,Longitudinal analysis DFSO Child population - 1|3 shape,0.041020819067869044,0.1966671655422502,Severe
Tier3_CD8_Undefined,Longitudinal analysis DFSO Child population - 2|3 shape,0.013208254937718596,0.09623157168909263,Severe
Tier3_CD8_Undefined,Longitudinal analysis DFSO Child population - 3|4 average,0.006661123774395048,0.026132100961088263,Mild
Tier3_CD8_Undefined,Longitudinal analysis DFSO Child population - 3|4 shape,0.0042710130783572935,0.034751182285593825,Mild
Tier4_nonTreg_Undefined,Longitudinal analysis DFSO Child population - 1|3 average,0.03758989938877239,0.20246163377185852,Severe
Tier4_nonTreg_Undefined,Longitudinal analysis DFSO Child population - 1|3 shape,0.03480991518250799,0.1966671655422502,Severe
Tier4_nonTreg_Undefined,Longitudinal analysis DFSO Child population - 2|3 shape,0.017975036136144734,0.11459085536792268,Severe
Tier4_nonTreg_Undefined,Longitudinal analysis DFSO Child population - 3|4 average,0.021755831985980696,0.05547737156425077,Mild
Tier4_Treg_Undefined,Longitudinal analysis DFSO Child population - 1|2 shape,0.0038314695731509613,0.06513498274356634,Mild
Tier4_Treg_Undefined,Longitudinal analysis DFSO Child population - 1|3 shape,0.042418408254210824,0.1966671655422502,Mild
Tier4_Treg_Undefined,Longitudinal analysis DFSO Child population - 1|4 average,3.4634772061121485e-6,2.9439556251953262e-5,Severe
Tier4_Treg_Undefined,Longitudinal analysis DFSO Child population - 1|4 shape,8.210518255666125e-7,4.187364310389724e-5,Mild
Tier4_Treg_Undefined,Longitudinal analysis DFSO Child population - 1|5 average,0.032065654968568426,0.08607096859984156,Severe
Tier4_Treg_Undefined,Longitudinal analysis DFSO Child population - 2|4 average,3.11229636058429e-5,1.763634604331098e-4,Mild
Tier4_Treg_Undefined,Longitudinal analysis DFSO Child population - 2|4 shape,0.0016231110744817073,0.027592888266189025,Mild
B Cell,Longitudinal analysis DFSO Parent population of non granulocytes - overall shape,5.626280079463951e-4,0.005206076011130141,Severe
B Cell,Longitudinal analysis DFSO Parent population of non granulocytes - overall average,0.004994918484137907,0.010988820665103396,Mild
CD4+ T Cell,Longitudinal analysis DFSO Parent population of non granulocytes - overall average,9.541384268374173e-4,0.00349850756507053,Mild
CD8+ T Cell,Longitudinal analysis DFSO Parent population of non granulocytes - overall shape,0.007917805004205865,0.02903195168208817,Mild
Conventional DC,Longitudinal analysis DFSO Parent population of non granulocytes - overall average,0.007446418148679318,0.013651766605912082,Severe
Hematopoetic progrenitor Cell,Longitudinal analysis DFSO Parent population of non granulocytes - overall shape,0.01624947568536794,0.044686058134761834,Mild
ILC,Longitudinal analysis DFSO Parent population of non granulocytes - overall shape,9.465592747509346e-4,0.005206076011130141,Severe
Monocytes,Longitudinal analysis DFSO Parent population of non granulocytes - overall average,0.0017947924059356036,0.00493567911632291,Severe
NK Cell,Longitudinal analysis DFSO Parent population of non granulocytes - overall shape,0.021242258985933973,0.04673296976905474,Mild
NK Cell,Longitudinal analysis DFSO Parent population of non granulocytes - overall average,0.012718146138321134,0.01998565821736178,Severe
Plasmacytoid DC,Longitudinal analysis DFSO Parent population of non granulocytes - overall average,1.3982302894565585e-6,1.5380533184022143e-5,Mild
T Cell,Longitudinal analysis DFSO Parent population of non granulocytes - overall shape,0.047514802210061505,0.08711047071844609,Mild
T Cell,Longitudinal analysis DFSO Parent population of non granulocytes - overall average,7.116081823100615e-5,3.913845002705338e-4,Mild
B Cell,Longitudinal analysis DFSO Parent population of non granulocytes - 1|2 shape,0.04179708485625191,0.22399926723345054,Mild
B Cell,Longitudinal analysis DFSO Parent population of non granulocytes - 1|4 shape,0.009683416214897433,0.053258789181935884,Mild
B Cell,Longitudinal analysis DFSO Parent population of non granulocytes - 1|5 shape,0.026268231666065917,0.14447527416336253,Severe
B Cell,Longitudinal analysis DFSO Parent population of non granulocytes - 2|4 average,0.013465569382876076,0.029624252642327372,Severe
B Cell,Longitudinal analysis DFSO Parent population of non granulocytes - 3|4 average,0.018557270195948817,0.0408259944310874,Severe
B Cell,Longitudinal analysis DFSO Parent population of non granulocytes - 3|5 shape,0.013682033237737664,0.0651978472077112,Severe
CD4+ T Cell,Longitudinal analysis DFSO Parent population of non granulocytes - 1|4 average,0.0017317754425214553,0.003174921644622668,Mild
CD4+ T Cell,Longitudinal analysis DFSO Parent population of non granulocytes - 1|5 average,0.014168199110977775,0.051950063406918504,Mild
CD4+ T Cell,Longitudinal analysis DFSO Parent population of non granulocytes - 2|4 average,0.004454847265394909,0.015594418675642789,Mild
CD4+ T Cell,Longitudinal analysis DFSO Parent population of non granulocytes - 2|5 average,0.012024344146137868,0.04450231887370333,Mild
CD4+ T Cell,Longitudinal analysis DFSO Parent population of non granulocytes - 3|4 average,0.010093167395515386,0.03700828045022308,Mild
CD8+ T Cell,Longitudinal analysis DFSO Parent population of non granulocytes - 1|3 shape,0.04658837797940416,0.31127386787721323,Severe
CD8+ T Cell,Longitudinal analysis DFSO Parent population of non granulocytes - 1|4 shape,0.04785913556170324,0.1316126227946839,Severe
Conventional DC,Longitudinal analysis DFSO Parent population of non granulocytes - 1|4 average,3.741325829975092e-4,0.0010288646032431503,Mild
Conventional DC,Longitudinal analysis DFSO Parent population of non granulocytes - 2|4 average,0.005670697700233741,0.015594418675642789,Mild
Conventional DC,Longitudinal analysis DFSO Parent population of non granulocytes - 3|4 average,0.0015943451211102788,0.008768898166106534,Mild
Hematopoetic progrenitor Cell,Longitudinal analysis DFSO Parent population of non granulocytes - 1|4 average,0.039088976808334966,0.061425534984526374,Severe
Hematopoetic progrenitor Cell,Longitudinal analysis DFSO Parent population of non granulocytes - 2|5 average,0.02464603563079029,0.06777659798467331,Severe
Hematopoetic progrenitor Cell,Longitudinal analysis DFSO Parent population of non granulocytes - 2|5 shape,0.011857093838490042,0.06521401611169524,Mild
Hematopoetic progrenitor Cell,Longitudinal analysis DFSO Parent population of non granulocytes - 4|5 shape,0.022542798474672734,0.12398539161070005,Mild
ILC,Longitudinal analysis DFSO Parent population of non granulocytes - 1|5 shape,0.0025241538273793667,0.027765692101173033,Severe
ILC,Longitudinal analysis DFSO Parent population of non granulocytes - 2|4 average,0.04954577558461352,0.09083392190512478,Severe
ILC,Longitudinal analysis DFSO Parent population of non granulocytes - 2|5 shape,1.7000949298960028e-12,1.870104422885603e-11,Severe
ILC,Longitudinal analysis DFSO Parent population of non granulocytes - 3|5 shape,4.437403088235568e-5,4.881143397059125e-4,Severe
ILC,Longitudinal analysis DFSO Parent population of non granulocytes - 4|5 shape,0.0011823662152808103,0.013006028368088913,Severe
Monocytes,Longitudinal analysis DFSO Parent population of non granulocytes - 1|2 average,0.006416694753324264,0.0705836422865669,Severe
Monocytes,Longitudinal analysis DFSO Parent population of non granulocytes - 1|4 average,5.99119322206764e-5,3.295156272137202e-4,Severe
Monocytes,Longitudinal analysis DFSO Parent population of non granulocytes - 1|5 average,6.469193004147914e-5,7.116112304562705e-4,Severe
Monocytes,Longitudinal analysis DFSO Parent population of non granulocytes - 2|5 average,0.012136996056464545,0.04450231887370333,Severe
Monocytes,Longitudinal analysis DFSO Parent population of non granulocytes - 3|5 average,0.0294818228724351,0.3243000515967861,Severe
NK Cell,Longitudinal analysis DFSO Parent population of non granulocytes - 1|2 average,0.0269914847265097,0.14845316599580335,Mild
NK Cell,Longitudinal analysis DFSO Parent population of non granulocytes - 1|2 shape,0.0029369869394493824,0.03230685633394321,Mild
NK Cell,Longitudinal analysis DFSO Parent population of non granulocytes - 1|3 average,0.03830485773972868,0.14045114504567183,Mild
NK Cell,Longitudinal analysis DFSO Parent population of non granulocytes - 1|4 average,4.726370253454135e-4,0.0010398014557599098,Mild
NK Cell,Longitudinal analysis DFSO Parent population of non granulocytes - 1|4 shape,0.006435803448049413,0.053258789181935884,Severe
NK Cell,Longitudinal analysis DFSO Parent population of non granulocytes - 1|5 average,0.047232398093729276,0.1298890947577555,Mild
Plasmacytoid DC,Longitudinal analysis DFSO Parent population of non granulocytes - 1|3 average,0.004511830721629271,0.04963013793792198,Mild
Plasmacytoid DC,Longitudinal analysis DFSO Parent population of non granulocytes - 1|4 average,1.1018322578945381e-12,1.212015483683992e-11,Mild
Plasmacytoid DC,Longitudinal analysis DFSO Parent population of non granulocytes - 2|4 average,2.0142263766315424e-6,2.2156490142946967e-5,Mild
Plasmacytoid DC,Longitudinal analysis DFSO Parent population of non granulocytes - 3|4 average,8.127391469262638e-6,8.940130616188902e-5,Mild
T Cell,Longitudinal analysis DFSO Parent population of non granulocytes - 1|4 average,1.3063357337816207e-4,4.789897690532609e-4,Mild
T Cell,Longitudinal analysis DFSO Parent population of non granulocytes - 1|4 shape,0.03183488220742857,0.11672790142723809,Severe
T Cell,Longitudinal analysis DFSO Parent population of non granulocytes - 1|5 average,0.003230086118079741,0.017765473649438576,Mild
T Cell,Longitudinal analysis DFSO Parent population of non granulocytes - 2|4 average,0.002612427575134784,0.014368351663241312,Mild
T Cell,Longitudinal analysis DFSO Parent population of non granulocytes - 2|5 average,0.01145329564363266,0.04450231887370333,Mild
T Cell,Longitudinal analysis DFSO Parent population of non granulocytes - 3|4 average,0.01385278726822225,0.03809516498761119,Mild
B Cell (CD27+ non-switched memory),Longitudinal analysis DFSO Child population of non granulocytes - overall shape,0.028153178294768638,0.08269996124088287,Severe
B Cell (naive),Longitudinal analysis DFSO Child population of non granulocytes - overall shape,8.912823241377441e-5,0.0010472567308618494,Mild
B Cell (naive),Longitudinal analysis DFSO Child population of non granulocytes - overall average,0.0012094727451359732,0.014211304755347685,Severe
CD4+ NKT Cell,Longitudinal analysis DFSO Child population of non granulocytes - overall shape,1.1746283747807745e-13,5.5207533614696405e-12,Mild
CD4+ T Cell (EM CD27hi),Longitudinal analysis DFSO Child population of non granulocytes - overall shape,8.976120189129531e-4,0.004943142879254881,Mild
CD4+ T Cell (EM CD27hi),Longitudinal analysis DFSO Child population of non granulocytes - overall average,1.308264341728083e-4,0.0028688415169227936,Mild
CD4+ T Cell (EM CD27low),Longitudinal analysis DFSO Child population of non granulocytes - overall shape,2.758497414102815e-4,0.0021608229743805387,Mild
CD4+ T Cell (EM CD27low),Longitudinal analysis DFSO Child population of non granulocytes - overall average,0.006935689244667484,0.058330275497987985,Mild
CD4+ T Cell (EM CD57hi),Longitudinal analysis DFSO Child population of non granulocytes - overall shape,1.0746018695983362e-6,1.6835429290373934e-5,Mild
CD4+ T Cell (EM CD57hi),Longitudinal analysis DFSO Child population of non granulocytes - overall average,0.03246457460080427,0.16460882295316254,Mild
CD4+ Treg (CD39low),Longitudinal analysis DFSO Child population of non granulocytes - overall shape,0.011134691756987574,0.041395896341843555,Mild
CD4+ Treg (naive),Longitudinal analysis DFSO Child population of non granulocytes - overall shape,5.640283000765963e-4,0.003787047157657147,Severe
CD8+ NKT Cell,Longitudinal analysis DFSO Child population of non granulocytes - overall average,0.012887719881294628,0.0865318334886925,Mild
CD8+ T Cell (activated),Longitudinal analysis DFSO Child population of non granulocytes - overall shape,1.899485833834723e-4,0.0017855166838046399,Severe
CD8+ T Cell (CD161+ MAIT),Longitudinal analysis DFSO Child population of non granulocytes - overall shape,0.010712967470211877,0.041395896341843555,Mild
CD8+ T Cell (CM),Longitudinal analysis DFSO Child population of non granulocytes - overall shape,0.015851621323843722,0.050915023814152874,Mild
CD8+ T Cell (EMRA CD57low),Longitudinal analysis DFSO Child population of non granulocytes - overall shape,0.011449928775403536,0.041395896341843555,Mild
CD8+ T Cell (naive),Longitudinal analysis DFSO Child population of non granulocytes - overall average,0.019740593633075877,0.11597598759432078,Mild
Conventional DC,Longitudinal analysis DFSO Child population of non granulocytes - overall average,0.007446418148679318,0.058330275497987985,Severe
Hematopoetic progrenitor Cell,Longitudinal analysis DFSO Child population of non granulocytes - overall shape,0.01624947568536794,0.050915023814152874,Mild
ILC,Longitudinal analysis DFSO Child population of non granulocytes - overall shape,9.465592747509346e-4,0.004943142879254881,Severe
Monocytes (CD14+CD16-),Longitudinal analysis DFSO Child population of non granulocytes - overall average,1.8311754363336982e-4,0.0028688415169227936,Severe
NK Cell (CD56hi CD16low),Longitudinal analysis DFSO Child population of non granulocytes - overall shape,0.04937624908271944,0.12214124773093757,Severe
NK Cell (CD56low CD16hi CD57hi),Longitudinal analysis DFSO Child population of non granulocytes - overall shape,0.032019861490798704,0.08360741611486329,Mild
NK Cell (CD56low CD16hi CD57low),Longitudinal analysis DFSO Child population of non granulocytes - overall shape,8.375015228107696e-10,1.9681285786053087e-8,Mild
Plasmacytoid DC,Longitudinal analysis DFSO Child population of non granulocytes - overall average,1.3982302894565585e-6,6.571682360445825e-5,Mild
Tier3_CD8_Undefined,Longitudinal analysis DFSO Child population of non granulocytes - overall shape,0.031199074058465972,0.08360741611486329,Mild
Tier4_Treg_Undefined,Longitudinal analysis DFSO Child population of non granulocytes - overall shape,0.001368357551716517,0.00643128049306763,Mild
Tier4_Treg_Undefined,Longitudinal analysis DFSO Child population of non granulocytes - overall average,0.035023153819821816,0.16460882295316254,Severe
B Cell (CD27+ non-switched memory),Longitudinal analysis DFSO Child population of non granulocytes - 2|4 shape,0.03074247938227035,0.20747689693414134,Mild
B Cell (CD27+ non-switched memory),Longitudinal analysis DFSO Child population of non granulocytes - 3|4 shape,0.04048199997430416,0.1692883635289083,Mild
B Cell (naive),Longitudinal analysis DFSO Child population of non granulocytes - 1|2 shape,0.0010702123968983814,0.024396657973526994,Mild
B Cell (naive),Longitudinal analysis DFSO Child population of non granulocytes - 1|4 shape,2.41576433465976e-4,0.004201266429015392,Mild
B Cell (naive),Longitudinal analysis DFSO Child population of non granulocytes - 2|4 average,0.03914490731929523,0.18006657366875803,Severe
B Cell (naive),Longitudinal analysis DFSO Child population of non granulocytes - 3|4 average,0.022074890645049767,0.25386124241807234,Severe
B Cell (naive),Longitudinal analysis DFSO Child population of non granulocytes - 3|4 shape,0.010788784926531052,0.12407102665510711,Mild
B Cell (naive),Longitudinal analysis DFSO Child population of non granulocytes - 4|5 average,0.012784607940778124,0.5880919652757937,Mild
CD4+ NKT Cell,Longitudinal analysis DFSO Child population of non granulocytes - 1|3 shape,0.012414696981013686,0.1427690152816574,Severe
CD4+ NKT Cell,Longitudinal analysis DFSO Child population of non granulocytes - 1|5 average,0.02056459559226602,0.13513877103489097,Severe
CD4+ NKT Cell,Longitudinal analysis DFSO Child population of non granulocytes - 2|3 shape,6.261469676878471e-4,0.028802760513640967,Severe
CD4+ NKT Cell,Longitudinal analysis DFSO Child population of non granulocytes - 3|4 shape,0.0011541280254812629,0.03951821362910758,Mild
CD4+ T Cell (EM CD27hi),Longitudinal analysis DFSO Child population of non granulocytes - 1|4 average,5.130994156450904e-4,0.004720514623934832,Mild
CD4+ T Cell (EM CD27hi),Longitudinal analysis DFSO Child population of non granulocytes - 1|4 shape,0.008484192872220386,0.055753267446019675,Mild
CD4+ T Cell (EM CD27hi),Longitudinal analysis DFSO Child population of non granulocytes - 1|5 average,0.0015530250115562679,0.03571957526579416,Mild
CD4+ T Cell (EM CD27hi),Longitudinal analysis DFSO Child population of non granulocytes - 1|5 shape,0.039806553601220825,0.20345571840623974,Mild
CD4+ T Cell (EM CD27hi),Longitudinal analysis DFSO Child population of non granulocytes - 2|4 average,7.78971690845602e-4,0.012138162191205896,Mild
CD4+ T Cell (EM CD27hi),Longitudinal analysis DFSO Child population of non granulocytes - 2|4 shape,0.005545402827783768,0.08502951002601779,Mild
CD4+ T Cell (EM CD27hi),Longitudinal analysis DFSO Child population of non granulocytes - 2|5 average,0.01259416471929349,0.19311052569583353,Mild
CD4+ T Cell (EM CD27hi),Longitudinal analysis DFSO Child population of non granulocytes - 2|5 shape,0.02519609016370159,0.165574306790039,Mild
CD4+ T Cell (EM CD27hi),Longitudinal analysis DFSO Child population of non granulocytes - 4|5 shape,0.005209459175886661,0.05055606560747861,Mild
CD4+ T Cell (EM CD27low),Longitudinal analysis DFSO Child population of non granulocytes - 1|2 average,0.007263934371856885,0.16707049055270837,Mild
CD4+ T Cell (EM CD27low),Longitudinal analysis DFSO Child population of non granulocytes - 1|3 shape,0.019249626166248486,0.17709656072948607,Severe
CD4+ T Cell (EM CD27low),Longitudinal analysis DFSO Child population of non granulocytes - 1|5 average,0.01339692454131549,0.13513877103489097,Mild
CD4+ T Cell (EM CD27low),Longitudinal analysis DFSO Child population of non granulocytes - 2|4 shape,0.015621426606398713,0.1796464059735852,Severe
CD4+ T Cell (EM CD27low),Longitudinal analysis DFSO Child population of non granulocytes - 2|5 average,0.03308733989954837,0.30440352707584495,Severe
CD4+ T Cell (EM CD27low),Longitudinal analysis DFSO Child population of non granulocytes - 3|4 shape,0.01958664715083961,0.12871225270551742,Severe
CD4+ T Cell (EM CD27low),Longitudinal analysis DFSO Child population of non granulocytes - 4|5 shape,0.0031887679132089363,0.05055606560747861,Mild
CD4+ T Cell (EM CD57hi),Longitudinal analysis DFSO Child population of non granulocytes - 1|2 shape,0.0016051161996744087,0.024396657973526994,Severe
CD4+ T Cell (EM CD57hi),Longitudinal analysis DFSO Child population of non granulocytes - 1|4 average,0.016220846294928763,0.08290654772963589,Mild
CD4+ T Cell (EM CD57hi),Longitudinal analysis DFSO Child population of non granulocytes - 1|4 shape,2.5041235137058924e-4,0.004201266429015392,Severe
CD4+ T Cell (EM CD57hi),Longitudinal analysis DFSO Child population of non granulocytes - 2|3 average,0.03581946601677904,0.8721792218977331,Mild
CD4+ T Cell (EM CD57hi),Longitudinal analysis DFSO Child population of non granulocytes - 2|4 average,0.003099583978365191,0.035645215751199694,Mild
CD4+ T Cell (EM CD57hi),Longitudinal analysis DFSO Child population of non granulocytes - 3|4 shape,0.001718183201265547,0.03951821362910758,Severe
CD4+ T Cell (EM CD57hi),Longitudinal analysis DFSO Child population of non granulocytes - 3|5 shape,0.025567284658622104,0.15113159319672065,Mild
CD4+ T Cell (EM CD57hi),Longitudinal analysis DFSO Child population of non granulocytes - 4|5 shape,0.003416811299431764,0.05055606560747861,Mild
CD4+ Treg (CD39low),Longitudinal analysis DFSO Child population of non granulocytes - 1|2 shape,0.0011745413132501204,0.024396657973526994,Severe
CD4+ Treg (naive),Longitudinal analysis DFSO Child population of non granulocytes - 1|3 shape,0.0060774367556602135,0.09318736358678995,Severe
CD4+ Treg (naive),Longitudinal analysis DFSO Child population of non granulocytes - 1|4 shape,0.014143933775500068,0.08132761920912539,Severe
CD4+ Treg (naive),Longitudinal analysis DFSO Child population of non granulocytes - 2|5 average,0.011366281597244631,0.19311052569583353,Mild
CD8+ NKT Cell,Longitudinal analysis DFSO Child population of non granulocytes - 1|3 average,0.0012403968141007765,0.05705825344863572,Mild
CD8+ NKT Cell,Longitudinal analysis DFSO Child population of non granulocytes - 1|4 average,3.8693251247120907e-4,0.004449723893418904,Mild
CD8+ NKT Cell,Longitudinal analysis DFSO Child population of non granulocytes - 3|5 shape,0.03391471792251884,0.15600770244358667,Mild
CD8+ NKT Cell,Longitudinal analysis DFSO Child population of non granulocytes - 4|5 shape,0.0070542724571788715,0.054082755505038015,Mild
CD8+ T Cell (activated),Longitudinal analysis DFSO Child population of non granulocytes - 1|4 shape,4.0651896145070754e-4,0.004674968056683136,Severe
CD8+ T Cell (activated),Longitudinal analysis DFSO Child population of non granulocytes - 2|3 shape,0.01332460516282699,0.2043106124966805,Severe
CD8+ T Cell (activated),Longitudinal analysis DFSO Child population of non granulocytes - 2|4 shape,4.2012105345709366e-5,0.001932556845902631,Severe
CD8+ T Cell (activated),Longitudinal analysis DFSO Child population of non granulocytes - 3|4 shape,0.008821470918533655,0.12407102665510711,Severe
CD8+ T Cell (CD161+ MAIT),Longitudinal analysis DFSO Child population of non granulocytes - 1|5 average,0.04318459514766543,0.18059012516296452,Mild
CD8+ T Cell (CM),Longitudinal analysis DFSO Child population of non granulocytes - 1|4 shape,0.04280134358792434,0.18694599835498815,Mild
CD8+ T Cell (CM),Longitudinal analysis DFSO Child population of non granulocytes - 1|5 average,0.019410928750933632,0.13513877103489097,Severe
CD8+ T Cell (CM),Longitudinal analysis DFSO Child population of non granulocytes - 1|5 shape,0.016243632992027114,0.10674387394760675,Mild
CD8+ T Cell (CM),Longitudinal analysis DFSO Child population of non granulocytes - 2|4 shape,0.03608293859724197,0.20747689693414134,Mild
CD8+ T Cell (CM),Longitudinal analysis DFSO Child population of non granulocytes - 2|5 shape,0.012278764547571475,0.09413719486471465,Mild
CD8+ T Cell (EMRA CD57low),Longitudinal analysis DFSO Child population of non granulocytes - 1|3 shape,7.075153007839809e-5,0.003254570383606312,Severe
CD8+ T Cell (EMRA CD57low),Longitudinal analysis DFSO Child population of non granulocytes - 2|3 shape,0.002113792087140525,0.04861721800423208,Severe
CD8+ T Cell (EMRA CD57low),Longitudinal analysis DFSO Child population of non granulocytes - 2|4 shape,0.040652429308540176,0.20777908313253865,Severe
CD8+ T Cell (naive),Longitudinal analysis DFSO Child population of non granulocytes - 1|5 average,0.03957300812840194,0.18059012516296452,Mild
CD8+ T Cell (naive),Longitudinal analysis DFSO Child population of non granulocytes - 2|4 average,0.007392042659237357,0.05667232705415307,Mild
CD8+ T Cell (naive),Longitudinal analysis DFSO Child population of non granulocytes - 2|4 shape,0.03362099156395075,0.20747689693414134,Mild
CD8+ T Cell (naive),Longitudinal analysis DFSO Child population of non granulocytes - 3|4 average,0.043772079544366606,0.33558594317347734,Mild
CD8+ T Cell (naive),Longitudinal analysis DFSO Child population of non granulocytes - 3|5 average,0.02457104565907157,0.5651340501586462,Mild
CD8+ T Cell (naive),Longitudinal analysis DFSO Child population of non granulocytes - 3|5 shape,0.029569224755880127,0.15113159319672065,Mild
Conventional DC,Longitudinal analysis DFSO Child population of non granulocytes - 1|4 average,3.741325829975092e-4,0.004449723893418904,Mild
Conventional DC,Longitudinal analysis DFSO Child population of non granulocytes - 2|4 average,0.005670697700233741,0.052170418842150415,Mild
Conventional DC,Longitudinal analysis DFSO Child population of non granulocytes - 3|4 average,0.0015943451211102788,0.03666993778553641,Mild
Hematopoetic progrenitor Cell,Longitudinal analysis DFSO Child population of non granulocytes - 1|4 average,0.039088976808334966,0.16346299392576438,Severe
Hematopoetic progrenitor Cell,Longitudinal analysis DFSO Child population of non granulocytes - 2|5 average,0.02464603563079029,0.28342940975408837,Severe
Hematopoetic progrenitor Cell,Longitudinal analysis DFSO Child population of non granulocytes - 2|5 shape,0.011857093838490042,0.09413719486471465,Mild
Hematopoetic progrenitor Cell,Longitudinal analysis DFSO Child population of non granulocytes - 4|5 shape,0.022542798474672734,0.14813838997642081,Mild
ILC,Longitudinal analysis DFSO Child population of non granulocytes - 1|5 shape,0.0025241538273793667,0.029027769014862717,Severe
ILC,Longitudinal analysis DFSO Child population of non granulocytes - 2|4 average,0.04954577558461352,0.18941902020641077,Severe
ILC,Longitudinal analysis DFSO Child population of non granulocytes - 2|5 shape,1.7000949298960028e-12,7.820436677521613e-11,Severe
ILC,Longitudinal analysis DFSO Child population of non granulocytes - 3|5 shape,4.437403088235568e-5,0.0020412054205883614,Severe
ILC,Longitudinal analysis DFSO Child population of non granulocytes - 4|5 shape,0.0011823662152808103,0.05055606560747861,Severe
Monocytes (CD14+CD16-),Longitudinal analysis DFSO Child population of non granulocytes - 1|2 average,0.006227605509768437,0.16707049055270837,Severe
Monocytes (CD14+CD16-),Longitudinal analysis DFSO Child population of non granulocytes - 1|3 average,0.027520372363159424,0.1582421410881667,Severe
Monocytes (CD14+CD16-),Longitudinal analysis DFSO Child population of non granulocytes - 1|4 average,1.1162994642185659e-5,2.5674887677027016e-4,Severe
Monocytes (CD14+CD16-),Longitudinal analysis DFSO Child population of non granulocytes - 1|5 average,1.8950743270347217e-4,0.00871734190435972,Severe
Monocytes (CD14+CD16-),Longitudinal analysis DFSO Child population of non granulocytes - 2|4 average,0.017305799786144434,0.09810119765214638,Severe
Monocytes (CD14+CD16-),Longitudinal analysis DFSO Child population of non granulocytes - 2|5 average,0.006017572509989255,0.19311052569583353,Severe
Monocytes (CD14+CD16-),Longitudinal analysis DFSO Child population of non granulocytes - 3|4 average,0.03667979680185137,0.33558594317347734,Severe
Monocytes (CD14+CD16-),Longitudinal analysis DFSO Child population of non granulocytes - 3|5 average,0.023214105299555,0.5651340501586462,Severe
NK Cell (CD56hi CD16low),Longitudinal analysis DFSO Child population of non granulocytes - 1|3 average,0.007913997448741689,0.08917308355093448,Mild
NK Cell (CD56hi CD16low),Longitudinal analysis DFSO Child population of non granulocytes - 2|4 average,0.019193712584115598,0.09810119765214638,Mild
NK Cell (CD56low CD16hi CD57hi),Longitudinal analysis DFSO Child population of non granulocytes - 1|2 average,0.016025590092652555,0.2235620821571263,Mild
NK Cell (CD56low CD16hi CD57hi),Longitudinal analysis DFSO Child population of non granulocytes - 1|2 shape,0.04984600116332603,0.2579861444142784,Severe
NK Cell (CD56low CD16hi CD57hi),Longitudinal analysis DFSO Child population of non granulocytes - 1|4 average,0.010241482737504809,0.05888852574065265,Mild
NK Cell (CD56low CD16hi CD57hi),Longitudinal analysis DFSO Child population of non granulocytes - 1|4 shape,0.016120608700441835,0.0823942222467027,Severe
NK Cell (CD56low CD16hi CD57hi),Longitudinal analysis DFSO Child population of non granulocytes - 1|5 average,0.030437201662651184,0.1612109664061689,Mild
NK Cell (CD56low CD16hi CD57low),Longitudinal analysis DFSO Child population of non granulocytes - 1|2 shape,0.0021214485194371298,0.024396657973526994,Mild
NK Cell (CD56low CD16hi CD57low),Longitudinal analysis DFSO Child population of non granulocytes - 1|3 shape,0.0016969151227887989,0.03902904782414238,Mild
NK Cell (CD56low CD16hi CD57low),Longitudinal analysis DFSO Child population of non granulocytes - 1|4 average,8.656188482056096e-4,0.00663641116957634,Mild
NK Cell (CD56low CD16hi CD57low),Longitudinal analysis DFSO Child population of non granulocytes - 1|4 shape,0.0011069083638441711,0.010183556947366374,Mild
NK Cell (CD56low CD16hi CD57low),Longitudinal analysis DFSO Child population of non granulocytes - 1|5 shape,0.011736962626969123,0.08998338014009662,Mild
NK Cell (CD56low CD16hi CD57low),Longitudinal analysis DFSO Child population of non granulocytes - 2|4 average,0.011248552230410058,0.07391905751412323,Mild
NK Cell (CD56low CD16hi CD57low),Longitudinal analysis DFSO Child population of non granulocytes - 3|4 average,0.020311109521207335,0.25386124241807234,Mild
NK Cell (CD56low CD16hi CD57low),Longitudinal analysis DFSO Child population of non granulocytes - 3|5 shape,0.027966410743077427,0.15113159319672065,Mild
NK Cell (CD56low CD16hi CD57low),Longitudinal analysis DFSO Child population of non granulocytes - 4|5 shape,0.03273384835283833,0.1882196280288204,Mild
Plasmacytoid DC,Longitudinal analysis DFSO Child population of non granulocytes - 1|3 average,0.004511830721629271,0.08917308355093448,Mild
Plasmacytoid DC,Longitudinal analysis DFSO Child population of non granulocytes - 1|4 average,1.1018322578945381e-12,5.0684283863148756e-11,Mild
Plasmacytoid DC,Longitudinal analysis DFSO Child population of non granulocytes - 2|4 average,2.0142263766315424e-6,9.265441332505095e-5,Mild
Plasmacytoid DC,Longitudinal analysis DFSO Child population of non granulocytes - 3|4 average,8.127391469262638e-6,3.7386000758608134e-4,Mild
Tier4_Treg_Undefined,Longitudinal analysis DFSO Child population of non granulocytes - 1|2 shape,0.0255909966857297,0.19619764125726105,Mild
Tier4_Treg_Undefined,Longitudinal analysis DFSO Child population of non granulocytes - 1|4 average,0.0016298767435148197,0.010710618600240243,Severe
Tier4_Treg_Undefined,Longitudinal analysis DFSO Child population of non granulocytes - 1|4 shape,0.0030198973021266784,0.0231525459829712,Mild
Tier4_Treg_Undefined,Longitudinal analysis DFSO Child population of non granulocytes - 1|5 average,0.012901828165773127,0.13513877103489097,Mild
Tier4_Treg_Undefined,Longitudinal analysis DFSO Child population of non granulocytes - 2|4 average,7.916192733395149e-4,0.012138162191205896,Mild
B Cell (CD27+ switched memory),Longitudinal analysis DFSO Child to parent ratio - overall shape,0.017096286330888062,0.08087252618194248,Mild
B Cell (CD71+ activated),Longitudinal analysis DFSO Child to parent ratio - overall shape,1.477468236297642e-4,0.0021177044720266202,Mild
B Cell (Plasmablast),Longitudinal analysis DFSO Child to parent ratio - overall shape,0.04204141725865136,0.12912721015157205,Mild
CD4+ T Cell (CM),Longitudinal analysis DFSO Child to parent ratio - overall average,0.006811244542513675,0.09988987790027554,Mild
CD4+ T Cell (EM CD27hi),Longitudinal analysis DFSO Child to parent ratio - overall average,0.017684565031720303,0.19010907409099326,Severe
CD4+ T Cell (EM CD27low),Longitudinal analysis DFSO Child to parent ratio - overall shape,0.020688320651194587,0.08087252618194248,Mild
CD8+ NKT Cell,Longitudinal analysis DFSO Child to parent ratio - overall shape,4.893175933166654e-4,0.005260164128154153,Severe
CD8+ T Cell (activated),Longitudinal analysis DFSO Child to parent ratio - overall shape,0.03757437275914357,0.12428446374178256,Severe
CD8+ T Cell (CD161+ MAIT),Longitudinal analysis DFSO Child to parent ratio - overall shape,0.02031249909834244,0.08087252618194248,Mild
CD8+ T Cell (EM CD27hi),Longitudinal analysis DFSO Child to parent ratio - overall shape,0.018552401517736402,0.08087252618194248,Severe
CD8+ T Cell (EMRA CD57low),Longitudinal analysis DFSO Child to parent ratio - overall shape,0.012068897784069565,0.08087252618194248,Mild
Monocytes (CD14+CD16-),Longitudinal analysis DFSO Child to parent ratio - overall average,0.002404262644784262,0.09988987790027554,Severe
Monocytes (CD14+CD16+),Longitudinal analysis DFSO Child to parent ratio - overall shape,0.02866253242402697,0.10270740785276332,Mild
Monocytes (CD14+CD16+),Longitudinal analysis DFSO Child to parent ratio - overall average,0.006969061248856432,0.09988987790027554,Mild
NK Cell (CD56hi CD16low),Longitudinal analysis DFSO Child to parent ratio - overall shape,0.01479814512170894,0.08087252618194248,Severe
NK Cell (CD56low CD16hi CD57hi),Longitudinal analysis DFSO Child to parent ratio - overall shape,1.641313703844576e-5,7.057648926531676e-4,Severe
NK Cell (CD56low CD16hi CD57low),Longitudinal analysis DFSO Child to parent ratio - overall shape,1.0704382519050769e-4,0.0021177044720266202,Mild
Tier2_Bcell_Undefined,Longitudinal analysis DFSO Child to parent ratio - overall shape,0.013047718321065098,0.08087252618194248,Mild
B Cell (CD27+ switched memory),Longitudinal analysis DFSO Child to parent ratio - 2|4 shape,0.022694967507055963,0.16264726713390107,Mild
B Cell (CD71+ activated),Longitudinal analysis DFSO Child to parent ratio - 2|5 shape,1.7116434072839002e-4,0.007360066651320771,Mild
B Cell (CD71+ activated),Longitudinal analysis DFSO Child to parent ratio - 4|5 shape,0.009869114873347564,0.14145731318464844,Mild
B Cell (Plasmablast),Longitudinal analysis DFSO Child to parent ratio - 1|4 shape,0.004680367056132736,0.10062789170685382,Severe
B Cell (Plasmablast),Longitudinal analysis DFSO Child to parent ratio - 2|4 shape,0.008226384824511972,0.11791151581800494,Severe
B Cell (Plasmablast),Longitudinal analysis DFSO Child to parent ratio - 3|4 shape,0.026545916829085515,0.1630677748072396,Severe
CD4+ T Cell (CM),Longitudinal analysis DFSO Child to parent ratio - 1|3 average,0.004391943818321725,0.09442679209391709,Mild
CD4+ T Cell (CM),Longitudinal analysis DFSO Child to parent ratio - 2|4 shape,0.031603917443260965,0.19413835000860308,Mild
CD4+ T Cell (CM),Longitudinal analysis DFSO Child to parent ratio - 3|4 average,0.004339748887364938,0.18660920215669233,Severe
CD4+ T Cell (CM),Longitudinal analysis DFSO Child to parent ratio - 3|4 shape,0.045483960776403126,0.20512398323647862,Mild
CD4+ T Cell (CM),Longitudinal analysis DFSO Child to parent ratio - 3|5 average,0.012384453927861232,0.24556944992122234,Mild
CD4+ T Cell (CM),Longitudinal analysis DFSO Child to parent ratio - 3|5 shape,0.011069332058588866,0.07933021308655354,Severe
CD4+ T Cell (CM),Longitudinal analysis DFSO Child to parent ratio - 4|5 shape,0.01631046054036107,0.17533745080888152,Severe
CD4+ T Cell (EM CD27hi),Longitudinal analysis DFSO Child to parent ratio - 1|4 average,0.035827474079743904,0.19257267317862348,Mild
CD4+ T Cell (EM CD27hi),Longitudinal analysis DFSO Child to parent ratio - 1|5 average,0.01481208537378601,0.3302581886314812,Mild
CD4+ T Cell (EM CD27hi),Longitudinal analysis DFSO Child to parent ratio - 2|4 average,0.01899690433348114,0.20421672158492227,Mild
CD4+ T Cell (EM CD27low),Longitudinal analysis DFSO Child to parent ratio - 1|3 shape,0.028022719809457246,0.13388632797851796,Severe
CD4+ T Cell (EM CD27low),Longitudinal analysis DFSO Child to parent ratio - 1|5 average,0.024523032706759693,0.3302581886314812,Severe
CD4+ T Cell (EM CD27low),Longitudinal analysis DFSO Child to parent ratio - 1|5 shape,0.003135341976425965,0.04526148984592904,Mild
CD4+ T Cell (EM CD27low),Longitudinal analysis DFSO Child to parent ratio - 2|5 average,0.043541394721853637,0.5678230877058055,Severe
CD4+ T Cell (EM CD27low),Longitudinal analysis DFSO Child to parent ratio - 3|5 shape,5.239934706232049e-5,0.002253171923679781,Mild
CD8+ NKT Cell,Longitudinal analysis DFSO Child to parent ratio - 1|2 average,0.00850320158866087,0.3153355723540695,Mild
CD8+ NKT Cell,Longitudinal analysis DFSO Child to parent ratio - 1|3 average,1.7541737030517482e-4,0.007542946923122518,Mild
CD8+ NKT Cell,Longitudinal analysis DFSO Child to parent ratio - 1|4 average,0.0012363233384706514,0.053161903554238006,Mild
CD8+ NKT Cell,Longitudinal analysis DFSO Child to parent ratio - 2|5 shape,0.034339268956739895,0.2614242349006377,Severe
CD8+ NKT Cell,Longitudinal analysis DFSO Child to parent ratio - 3|5 shape,0.007429553831627897,0.06389416295199991,Severe
CD8+ NKT Cell,Longitudinal analysis DFSO Child to parent ratio - 4|5 shape,0.005263550017346775,0.14145731318464844,Severe
CD8+ T Cell (activated),Longitudinal analysis DFSO Child to parent ratio - 1|3 shape,0.04033481533515805,0.15962319800924923,Severe
CD8+ T Cell (activated),Longitudinal analysis DFSO Child to parent ratio - 1|4 shape,0.00824198382900689,0.11813510154909877,Severe
CD8+ T Cell (activated),Longitudinal analysis DFSO Child to parent ratio - 2|4 shape,0.002065917188283408,0.04441721954809327,Severe
CD8+ T Cell (activated),Longitudinal analysis DFSO Child to parent ratio - 3|4 average,0.035351595727079195,0.38002965406610134,Mild
CD8+ T Cell (activated),Longitudinal analysis DFSO Child to parent ratio - 3|4 shape,0.01249988752347643,0.13187457411211842,Severe
CD8+ T Cell (activated),Longitudinal analysis DFSO Child to parent ratio - 3|5 average,0.027501128482543977,0.29563713118734775,Severe
CD8+ T Cell (CD161+ MAIT),Longitudinal analysis DFSO Child to parent ratio - 1|3 shape,0.027074903063142242,0.13388632797851796,Mild
CD8+ T Cell (EM CD27hi),Longitudinal analysis DFSO Child to parent ratio - 1|5 shape,0.003157778361343886,0.04526148984592904,Severe
CD8+ T Cell (EM CD27hi),Longitudinal analysis DFSO Child to parent ratio - 3|5 shape,0.004943383760910535,0.05314137542978825,Severe
CD8+ T Cell (EMRA CD57low),Longitudinal analysis DFSO Child to parent ratio - 1|3 shape,0.006426266023971011,0.08350947008209528,Severe
CD8+ T Cell (EMRA CD57low),Longitudinal analysis DFSO Child to parent ratio - 2|3 shape,0.023525926375244498,0.5058074170677567,Severe
Monocytes (CD14+CD16-),Longitudinal analysis DFSO Child to parent ratio - 1|4 average,0.004588397500044249,0.09865054625095136,Severe
Monocytes (CD14+CD16-),Longitudinal analysis DFSO Child to parent ratio - 1|5 average,0.03940808874078564,0.3302581886314812,Severe
Monocytes (CD14+CD16-),Longitudinal analysis DFSO Child to parent ratio - 2|4 average,0.0031830133510802583,0.11974629462124343,Severe
Monocytes (CD14+CD16-),Longitudinal analysis DFSO Child to parent ratio - 3|4 average,0.014617354719614796,0.3142731264717181,Severe
Monocytes (CD14+CD16-),Longitudinal analysis DFSO Child to parent ratio - 3|4 shape,0.0018341065034590434,0.07886657964873886,Mild
Monocytes (CD14+CD16+),Longitudinal analysis DFSO Child to parent ratio - 1|4 average,0.023128804061691457,0.14207693923610468,Mild
Monocytes (CD14+CD16+),Longitudinal analysis DFSO Child to parent ratio - 1|4 shape,3.634734831870268e-6,1.5629359777042152e-4,Severe
Monocytes (CD14+CD16+),Longitudinal analysis DFSO Child to parent ratio - 2|4 average,0.005569595098662485,0.11974629462124343,Mild
Monocytes (CD14+CD16+),Longitudinal analysis DFSO Child to parent ratio - 2|4 shape,9.307607242171667e-4,0.040022711141338166,Severe
Monocytes (CD14+CD16+),Longitudinal analysis DFSO Child to parent ratio - 3|4 average,0.034399864446709665,0.38002965406610134,Mild
Monocytes (CD14+CD16+),Longitudinal analysis DFSO Child to parent ratio - 3|4 shape,0.007412495416378666,0.13187457411211842,Severe
Monocytes (CD14+CD16+),Longitudinal analysis DFSO Child to parent ratio - 4|5 shape,0.03471813696787769,0.2985759779237481,Mild
NK Cell (CD56hi CD16low),Longitudinal analysis DFSO Child to parent ratio - 1|2 shape,0.003780566143869725,0.0541881147287994,Severe
NK Cell (CD56hi CD16low),Longitudinal analysis DFSO Child to parent ratio - 2|3 shape,0.008372678864355467,0.3600251911672851,Mild
NK Cell (CD56hi CD16low),Longitudinal analysis DFSO Child to parent ratio - 2|4 shape,0.014936404643395197,0.12927018091832582,Mild
NK Cell (CD56low CD16hi CD57hi),Longitudinal analysis DFSO Child to parent ratio - 1|2 shape,0.001178007215587501,0.02532715513513127,Severe
NK Cell (CD56low CD16hi CD57hi),Longitudinal analysis DFSO Child to parent ratio - 1|3 shape,0.008603639342787898,0.08350947008209528,Severe
NK Cell (CD56low CD16hi CD57hi),Longitudinal analysis DFSO Child to parent ratio - 1|4 shape,0.011351493113425056,0.12202855096931936,Severe
NK Cell (CD56low CD16hi CD57low),Longitudinal analysis DFSO Child to parent ratio - 1|2 shape,1.8918457628449366e-4,0.008134936780233228,Mild
NK Cell (CD56low CD16hi CD57low),Longitudinal analysis DFSO Child to parent ratio - 1|3 shape,0.004402511576473833,0.08350947008209528,Mild
NK Cell (CD56low CD16hi CD57low),Longitudinal analysis DFSO Child to parent ratio - 1|4 shape,0.03601282565366574,0.25809191718460445,Mild
Tier2_Bcell_Undefined,Longitudinal analysis DFSO Child to parent ratio - 2|5 shape,0.01716187711928524,0.2459869053764218,Mild
Tier2_Bcell_Undefined,Longitudinal analysis DFSO Child to parent ratio - 4|5 shape,0.006937545669010869,0.14145731318464844,Mild
