"","variable","numDF","denDF","F-value","p-value","feature","omic","virus","level","coefficient","p.adj"
"1","(Intercept)",1,3168,0.324765629911227,0.568798061843092,"B Cell (CD11c+ CXCR5-)","CyTOF","Human gammaherpesvirus 4 (EBV).pbmc","child",-0.187379110111134,0.763386872473623
"2","trajectory_group",1,3168,5.82441863258255,0.015861594054309,"B Cell (CD11c+ CXCR5-)","CyTOF","Human gammaherpesvirus 4 (EBV).pbmc","child",0.042046521212814,0.0425758577247241
"3","sex",1,3168,0.0469981204211978,0.828385575766029,"B Cell (CD11c+ CXCR5-)","CyTOF","Human gammaherpesvirus 4 (EBV).pbmc","child",NA,0.874456238454451
"4","discretized_admit_age_quantile",4,3168,15.2614394967644,2.29505303650512e-12,"B Cell (CD11c+ CXCR5-)","CyTOF","Human gammaherpesvirus 4 (EBV).pbmc","child",NA,1.46309631077202e-11
"5","virus_positive",1,3168,0.524526901680804,0.468970476308786,"B Cell (CD11c+ CXCR5-)","CyTOF","Human gammaherpesvirus 4 (EBV).pbmc","child",0.0439200346411477,0.771532073927358
"6","event_type",11,3168,1.85477695809489,0.0405668967786548,"B Cell (CD11c+ CXCR5-)","CyTOF","Human gammaherpesvirus 4 (EBV).pbmc","child",NA,0.0504612618466194
"7","(Intercept)",1,3168,1.1654329654673,0.280423816237051,"B Cell (CD27+ non-switched memory)","CyTOF","Human gammaherpesvirus 4 (EBV).pbmc","child",0.360470237375151,0.55006210108037
"8","trajectory_group",1,3168,0.406085973388933,0.524008873865345,"B Cell (CD27+ non-switched memory)","CyTOF","Human gammaherpesvirus 4 (EBV).pbmc","child",0.0113299462720643,0.68524237351622
"9","sex",1,3168,3.72782125967423,0.0536022865929907,"B Cell (CD27+ non-switched memory)","CyTOF","Human gammaherpesvirus 4 (EBV).pbmc","child",NA,0.101248763564538
"10","discretized_admit_age_quantile",4,3168,2.64713593851722,0.031789799575062,"B Cell (CD27+ non-switched memory)","CyTOF","Human gammaherpesvirus 4 (EBV).pbmc","child",NA,0.047684699362593
"11","virus_positive",1,3168,0.0879804801910644,0.766779873399863,"B Cell (CD27+ non-switched memory)","CyTOF","Human gammaherpesvirus 4 (EBV).pbmc","child",-0.0182210627182087,0.939312729033555
"12","event_type",11,3168,0.863527522680047,0.576019881685485,"B Cell (CD27+ non-switched memory)","CyTOF","Human gammaherpesvirus 4 (EBV).pbmc","child",NA,0.625042850339569
"13","(Intercept)",1,3168,4.27449538096708,0.0387694735789412,"B Cell (CD27+ switched memory)","CyTOF","Human gammaherpesvirus 4 (EBV).pbmc","child",0.685533527877366,0.156877466666992
"14","trajectory_group",1,3168,0.0487126501758786,0.825332915055526,"B Cell (CD27+ switched memory)","CyTOF","Human gammaherpesvirus 4 (EBV).pbmc","child",0.00390064405602411,0.894297261210512
"15","sex",1,3168,9.63497143278534,0.00192592223339294,"B Cell (CD27+ switched memory)","CyTOF","Human gammaherpesvirus 4 (EBV).pbmc","child",NA,0.00613887711894
"16","discretized_admit_age_quantile",4,3168,9.39579744638776,1.50856051428505e-07,"B Cell (CD27+ switched memory)","CyTOF","Human gammaherpesvirus 4 (EBV).pbmc","child",NA,5.49547044489554e-07
"17","virus_positive",1,3168,5.0891202123381,0.0241443322005743,"B Cell (CD27+ switched memory)","CyTOF","Human gammaherpesvirus 4 (EBV).pbmc","child",0.137036738906238,0.123136094222929
"18","event_type",11,3168,3.00498864160529,0.0005400257067667,"B Cell (CD27+ switched memory)","CyTOF","Human gammaherpesvirus 4 (EBV).pbmc","child",NA,0.00081003856015005
"19","(Intercept)",1,3168,4.93198838941734,0.0264344335954286,"B Cell (CD71+ activated)","CyTOF","Human gammaherpesvirus 4 (EBV).pbmc","child",0.684066442639955,0.122559646669715
"20","trajectory_group",1,3168,0.938751216762431,0.332673166277502,"B Cell (CD71+ activated)","CyTOF","Human gammaherpesvirus 4 (EBV).pbmc","child",0.0157724008252102,0.547301015488793
"21","sex",1,3168,0.032333099655292,0.857310037700442,"B Cell (CD71+ activated)","CyTOF","Human gammaherpesvirus 4 (EBV).pbmc","child",NA,0.874456238454451
"22","discretized_admit_age_quantile",4,3168,3.43775612224603,0.00822435557525114,"B Cell (CD71+ activated)","CyTOF","Human gammaherpesvirus 4 (EBV).pbmc","child",NA,0.0144635218737175
"23","virus_positive",1,3168,6.41850988053976,0.0113415217067647,"B Cell (CD71+ activated)","CyTOF","Human gammaherpesvirus 4 (EBV).pbmc","child",0.144014779683642,0.0723022008806251
"24","event_type",11,3168,3.23092915716367,0.000213434231433274,"B Cell (CD71+ activated)","CyTOF","Human gammaherpesvirus 4 (EBV).pbmc","child",NA,0.00032985290312415
"25","(Intercept)",1,3168,0.335735482220583,0.562342385937223,"B Cell (Plasmablast)","CyTOF","Human gammaherpesvirus 4 (EBV).pbmc","child",0.169018348233221,0.763386872473623
"26","trajectory_group",1,3168,4.7078660174169,0.0300989989373688,"B Cell (Plasmablast)","CyTOF","Human gammaherpesvirus 4 (EBV).pbmc","child",0.0336148546739157,0.0697749520820822
"27","sex",1,3168,3.37604762122558,0.06624411682819,"B Cell (Plasmablast)","CyTOF","Human gammaherpesvirus 4 (EBV).pbmc","child",NA,0.120658927079917
"28","discretized_admit_age_quantile",4,3168,2.48697031396965,0.041529532305757,"B Cell (Plasmablast)","CyTOF","Human gammaherpesvirus 4 (EBV).pbmc","child",NA,0.0580399455554937
"29","virus_positive",1,3168,42.1261409985577,9.89589521438461e-11,"B Cell (Plasmablast)","CyTOF","Human gammaherpesvirus 4 (EBV).pbmc","child",0.348900091225973,5.04690655933615e-09
"30","event_type",11,3168,70.0423356714997,0,"B Cell (Plasmablast)","CyTOF","Human gammaherpesvirus 4 (EBV).pbmc","child",NA,0
"31","(Intercept)",1,3168,4.06514308134839,0.0438612242996869,"B Cell (naive)","CyTOF","Human gammaherpesvirus 4 (EBV).pbmc","child",0.640578283709101,0.15760351706671
"32","trajectory_group",1,3168,12.6541332903245,0.000380228005321781,"B Cell (naive)","CyTOF","Human gammaherpesvirus 4 (EBV).pbmc","child",0.0602445452655374,0.00138511630510077
"33","sex",1,3168,2.14889215148404,0.142772049142912,"B Cell (naive)","CyTOF","Human gammaherpesvirus 4 (EBV).pbmc","child",NA,0.220647712311773
"34","discretized_admit_age_quantile",4,3168,28.6469299875719,0,"B Cell (naive)","CyTOF","Human gammaherpesvirus 4 (EBV).pbmc","child",NA,0
"35","virus_positive",1,3168,0.218591562565981,0.640147336323938,"B Cell (naive)","CyTOF","Human gammaherpesvirus 4 (EBV).pbmc","child",0.0272651138787775,0.882365247365429
"36","event_type",11,3168,17.2796050564201,0,"B Cell (naive)","CyTOF","Human gammaherpesvirus 4 (EBV).pbmc","child",NA,0
"37","(Intercept)",1,3168,8.63783814708057,0.0033163094519475,"B Cell (transitional)","CyTOF","Human gammaherpesvirus 4 (EBV).pbmc","child",0.940616359339794,0.0563772606831074
"38","trajectory_group",1,3168,0.159349764951069,0.689782785959912,"B Cell (transitional)","CyTOF","Human gammaherpesvirus 4 (EBV).pbmc","child",0.00681031654992666,0.818114467068733
"39","sex",1,3168,12.6031933187111,0.000390689110354336,"B Cell (transitional)","CyTOF","Human gammaherpesvirus 4 (EBV).pbmc","child",NA,0.00166042871900593
"40","discretized_admit_age_quantile",4,3168,26.6712143148586,0,"B Cell (transitional)","CyTOF","Human gammaherpesvirus 4 (EBV).pbmc","child",NA,0
"41","virus_positive",1,3168,3.8211646526123,0.0506968781801006,"B Cell (transitional)","CyTOF","Human gammaherpesvirus 4 (EBV).pbmc","child",0.114720958821724,0.173293101381834
"42","event_type",11,3168,8.37334558061856,1.0991207943789e-14,"B Cell (transitional)","CyTOF","Human gammaherpesvirus 4 (EBV).pbmc","child",NA,2.54796184151473e-14
"43","(Intercept)",1,3168,1.22615859327431,0.268239471085246,"CD4+ NKT Cell","CyTOF","Human gammaherpesvirus 4 (EBV).pbmc","child",-0.36863975270401,0.547208521013902
"44","trajectory_group",1,3168,0.438313042353006,0.507985958280103,"CD4+ NKT Cell","CyTOF","Human gammaherpesvirus 4 (EBV).pbmc","child",-0.011566783405261,0.68524237351622
"45","sex",1,3168,7.24238216635104,0.00715765018500747,"CD4+ NKT Cell","CyTOF","Human gammaherpesvirus 4 (EBV).pbmc","child",NA,0.0192126399702832
"46","discretized_admit_age_quantile",4,3168,5.52427481479052,0.000197924803559957,"CD4+ NKT Cell","CyTOF","Human gammaherpesvirus 4 (EBV).pbmc","child",NA,0.000420590207564908
"47","virus_positive",1,3168,4.06285839838224,0.0439205203152599,"CD4+ NKT Cell","CyTOF","Human gammaherpesvirus 4 (EBV).pbmc","child",-0.123950695095448,0.172303579698327
"48","event_type",11,3168,0.864120896543872,0.575422355431355,"CD4+ NKT Cell","CyTOF","Human gammaherpesvirus 4 (EBV).pbmc","child",NA,0.625042850339569
"49","(Intercept)",1,3168,0.124256581037133,0.724486415102653,"CD4+ T Cell (CM)","CyTOF","Human gammaherpesvirus 4 (EBV).pbmc","child",0.112166185969354,0.85568723271241
"50","trajectory_group",1,3168,55.1004953824811,1.46327394645596e-13,"CD4+ T Cell (CM)","CyTOF","Human gammaherpesvirus 4 (EBV).pbmc","child",-0.125464350754047,1.49253942538508e-12
"51","sex",1,3168,28.8250217561168,8.49346373232862e-08,"CD4+ T Cell (CM)","CyTOF","Human gammaherpesvirus 4 (EBV).pbmc","child",NA,6.18809500498228e-07
"52","discretized_admit_age_quantile",4,3168,5.30465863820848,0.00029508819053925,"CD4+ T Cell (CM)","CyTOF","Human gammaherpesvirus 4 (EBV).pbmc","child",NA,0.00060197990870007
"53","virus_positive",1,3168,4.39468318397527,0.03613028546339,"CD4+ T Cell (CM)","CyTOF","Human gammaherpesvirus 4 (EBV).pbmc","child",-0.121352198272908,0.153553713219408
"54","event_type",11,3168,7.8719123431982,1.23456800338317e-13,"CD4+ T Cell (CM)","CyTOF","Human gammaherpesvirus 4 (EBV).pbmc","child",NA,2.62345700718924e-13
"55","(Intercept)",1,3168,1.05303198610607,0.304888170638674,"CD4+ T Cell (EM CD27hi)","CyTOF","Human gammaherpesvirus 4 (EBV).pbmc","child",0.288928336784149,0.575899877873051
"56","trajectory_group",1,3168,91.0300173883814,0,"CD4+ T Cell (EM CD27hi)","CyTOF","Human gammaherpesvirus 4 (EBV).pbmc","child",-0.142690078049673,0
"57","sex",1,3168,39.6560585089796,3.44643980021431e-10,"CD4+ T Cell (EM CD27hi)","CyTOF","Human gammaherpesvirus 4 (EBV).pbmc","child",NA,4.39421074527324e-09
"58","discretized_admit_age_quantile",4,3168,15.5216820998567,1.39965816714493e-12,"CD4+ T Cell (EM CD27hi)","CyTOF","Human gammaherpesvirus 4 (EBV).pbmc","child",NA,1.1607381722456e-11
"59","virus_positive",1,3168,1.81266187436634,0.17828556373875,"CD4+ T Cell (EM CD27hi)","CyTOF","Human gammaherpesvirus 4 (EBV).pbmc","child",-0.0689599826420658,0.379675882344273
"60","event_type",11,3168,58.2952395439553,0,"CD4+ T Cell (EM CD27hi)","CyTOF","Human gammaherpesvirus 4 (EBV).pbmc","child",NA,0
"61","(Intercept)",1,3168,1.28185638322389,0.257639844370038,"CD4+ T Cell (EM CD27low)","CyTOF","Human gammaherpesvirus 4 (EBV).pbmc","child",-0.345621364282081,0.547208521013902
"62","trajectory_group",1,3168,55.4943476918659,1.20237153566904e-13,"CD4+ T Cell (EM CD27low)","CyTOF","Human gammaherpesvirus 4 (EBV).pbmc","child",-0.120403551182128,1.49253942538508e-12
"63","sex",1,3168,12.3294533668152,0.00045208989694645,"CD4+ T Cell (EM CD27low)","CyTOF","Human gammaherpesvirus 4 (EBV).pbmc","child",NA,0.00177358344186684
"64","discretized_admit_age_quantile",4,3168,2.30470127727596,0.0560981855077882,"CD4+ T Cell (EM CD27low)","CyTOF","Human gammaherpesvirus 4 (EBV).pbmc","child",NA,0.0733591656640308
"65","virus_positive",1,3168,2.53322796981083,0.111571738064494,"CD4+ T Cell (EM CD27low)","CyTOF","Human gammaherpesvirus 4 (EBV).pbmc","child",-0.0879997531240642,0.284507932064459
"66","event_type",11,3168,35.6493271974028,0,"CD4+ T Cell (EM CD27low)","CyTOF","Human gammaherpesvirus 4 (EBV).pbmc","child",NA,0
"67","(Intercept)",1,3168,4.22185420934221,0.0399883738562921,"CD4+ T Cell (EM CD57hi)","CyTOF","Human gammaherpesvirus 4 (EBV).pbmc","child",-0.679746608748704,0.156877466666992
"68","trajectory_group",1,3168,0.00441832077409188,0.947007477162827,"CD4+ T Cell (EM CD57hi)","CyTOF","Human gammaherpesvirus 4 (EBV).pbmc","child",-0.00116823206541369,0.965947626706084
"69","sex",1,3168,13.2686556601229,0.000274205020698415,"CD4+ T Cell (EM CD57hi)","CyTOF","Human gammaherpesvirus 4 (EBV).pbmc","child",NA,0.00127131418687447
"70","discretized_admit_age_quantile",4,3168,13.3619529597802,8.44547765055381e-11,"CD4+ T Cell (EM CD57hi)","CyTOF","Human gammaherpesvirus 4 (EBV).pbmc","child",NA,4.78577066864716e-10
"71","virus_positive",1,3168,0.00545888274341829,0.941107150948792,"CD4+ T Cell (EM CD57hi)","CyTOF","Human gammaherpesvirus 4 (EBV).pbmc","child",0.00444759904574404,0.961596715344851
"72","event_type",11,3168,3.52034461318826,6.33123775320987e-05,"CD4+ T Cell (EM CD57hi)","CyTOF","Human gammaherpesvirus 4 (EBV).pbmc","child",NA,0.000104159072714098
"73","(Intercept)",1,3168,3.53340794374746,0.0602357497021855,"CD4+ T Cell (EMRA CD57hi)","CyTOF","Human gammaherpesvirus 4 (EBV).pbmc","child",-0.625673064673035,0.192001452175716
"74","trajectory_group",1,3168,0.786127959198439,0.375340819935752,"CD4+ T Cell (EMRA CD57hi)","CyTOF","Human gammaherpesvirus 4 (EBV).pbmc","child",-0.0156999428315497,0.580072176264344
"75","sex",1,3168,0.04768172301772,0.827161563556726,"CD4+ T Cell (EMRA CD57hi)","CyTOF","Human gammaherpesvirus 4 (EBV).pbmc","child",NA,0.874456238454451
"76","discretized_admit_age_quantile",4,3168,8.64248049789447,6.1878347634714e-07,"CD4+ T Cell (EMRA CD57hi)","CyTOF","Human gammaherpesvirus 4 (EBV).pbmc","child",NA,1.97237233085651e-06
"77","virus_positive",1,3168,1.7177766163281,0.190074499827963,"CD4+ T Cell (EMRA CD57hi)","CyTOF","Human gammaherpesvirus 4 (EBV).pbmc","child",-0.0803208679733129,0.387751979649044
"78","event_type",11,3168,1.22692696732456,0.262710897381077,"CD4+ T Cell (EMRA CD57hi)","CyTOF","Human gammaherpesvirus 4 (EBV).pbmc","child",NA,0.297739017031887
"79","(Intercept)",1,3168,0.75638914248392,0.384526787378359,"CD4+ T Cell (EMRA CD57low)","CyTOF","Human gammaherpesvirus 4 (EBV).pbmc","child",-0.290739410564976,0.632608585686977
"80","trajectory_group",1,3168,0.617606523717387,0.431996883509298,"CD4+ T Cell (EMRA CD57low)","CyTOF","Human gammaherpesvirus 4 (EBV).pbmc","child",-0.0139869410228803,0.629481173113548
"81","sex",1,3168,2.16293407670397,0.141473823954865,"CD4+ T Cell (EMRA CD57low)","CyTOF","Human gammaherpesvirus 4 (EBV).pbmc","child",NA,0.220647712311773
"82","discretized_admit_age_quantile",4,3168,7.02829545503313,1.24845645392835e-05,"CD4+ T Cell (EMRA CD57low)","CyTOF","Human gammaherpesvirus 4 (EBV).pbmc","child",NA,3.35111995528136e-05
"83","virus_positive",1,3168,0.0467648698010367,0.828805349147255,"CD4+ T Cell (EMRA CD57low)","CyTOF","Human gammaherpesvirus 4 (EBV).pbmc","child",-0.0133016561451564,0.939312729033555
"84","event_type",11,3168,0.635448071103891,0.799719542005496,"CD4+ T Cell (EMRA CD57low)","CyTOF","Human gammaherpesvirus 4 (EBV).pbmc","child",NA,0.832361155964904
"85","(Intercept)",1,3168,5.27242276774689,0.021730827278488,"CD4+ T Cell (activated)","CyTOF","Human gammaherpesvirus 4 (EBV).pbmc","child",0.701077295433785,0.120725720922001
"86","trajectory_group",1,3168,10.6606781048588,0.00110601754555795,"CD4+ T Cell (activated)","CyTOF","Human gammaherpesvirus 4 (EBV).pbmc","child",0.0522228980456744,0.00376045965489702
"87","sex",1,3168,0.0494411106313982,0.824052985108732,"CD4+ T Cell (activated)","CyTOF","Human gammaherpesvirus 4 (EBV).pbmc","child",NA,0.874456238454451
"88","discretized_admit_age_quantile",4,3168,7.21667989249362,8.80714308548747e-06,"CD4+ T Cell (activated)","CyTOF","Human gammaherpesvirus 4 (EBV).pbmc","child",NA,2.49535720755478e-05
"89","virus_positive",1,3168,14.1539692708234,0.00017149073516598,"CD4+ T Cell (activated)","CyTOF","Human gammaherpesvirus 4 (EBV).pbmc","child",0.205475020931274,0.00291534249782166
"90","event_type",11,3168,35.3623331515388,0,"CD4+ T Cell (activated)","CyTOF","Human gammaherpesvirus 4 (EBV).pbmc","child",NA,0
"91","(Intercept)",1,3168,2.21061403785032,0.137163619319595,"CD4+ T Cell (naive)","CyTOF","Human gammaherpesvirus 4 (EBV).pbmc","child",0.480992870343718,0.333669516886208
"92","trajectory_group",1,3168,14.3178521655371,0.000157250450335322,"CD4+ T Cell (naive)","CyTOF","Human gammaherpesvirus 4 (EBV).pbmc","child",-0.0652496860236171,0.000616905612853957
"93","sex",1,3168,31.5838247342629,2.07565042931179e-08,"CD4+ T Cell (naive)","CyTOF","Human gammaherpesvirus 4 (EBV).pbmc","child",NA,1.76430286491502e-07
"94","discretized_admit_age_quantile",4,3168,11.1404121187773,5.65169977484459e-09,"CD4+ T Cell (naive)","CyTOF","Human gammaherpesvirus 4 (EBV).pbmc","child",NA,2.40197240430895e-08
"95","virus_positive",1,3168,0.00293974903813639,0.95676374132702,"CD4+ T Cell (naive)","CyTOF","Human gammaherpesvirus 4 (EBV).pbmc","child",-0.00321463676356854,0.961596715344851
"96","event_type",11,3168,3.7982725734601,1.92456750125469e-05,"CD4+ T Cell (naive)","CyTOF","Human gammaherpesvirus 4 (EBV).pbmc","child",NA,3.38458422634446e-05
"97","(Intercept)",1,3168,0.0973792383070358,0.75501814651095,"CD4+ Treg (CD39hi)","CyTOF","Human gammaherpesvirus 4 (EBV).pbmc","child",-0.101277196425974,0.85568723271241
"98","trajectory_group",1,3168,4.81897348312459,0.0282204033177291,"CD4+ Treg (CD39hi)","CyTOF","Human gammaherpesvirus 4 (EBV).pbmc","child",-0.0376388026317009,0.0685352652001993
"99","sex",1,3168,5.07647598950513,0.0243207483588945,"CD4+ Treg (CD39hi)","CyTOF","Human gammaherpesvirus 4 (EBV).pbmc","child",NA,0.0563799166501646
"100","discretized_admit_age_quantile",4,3168,8.40022377997731,9.73168940987534e-07,"CD4+ Treg (CD39hi)","CyTOF","Human gammaherpesvirus 4 (EBV).pbmc","child",NA,2.9195068229626e-06
"101","virus_positive",1,3168,0.035268574897386,0.851046016316367,"CD4+ Treg (CD39hi)","CyTOF","Human gammaherpesvirus 4 (EBV).pbmc","child",0.0110090438035492,0.943551018089885
"102","event_type",11,3168,2.9075111982079,0.000800997161427119,"CD4+ Treg (CD39hi)","CyTOF","Human gammaherpesvirus 4 (EBV).pbmc","child",NA,0.00116716729236523
"103","(Intercept)",1,3168,0.159856245178964,0.689315857343293,"CD4+ Treg (CD39low)","CyTOF","Human gammaherpesvirus 4 (EBV).pbmc","child",-0.132475144784651,0.85568723271241
"104","trajectory_group",1,3168,2.08817301400202,0.14854240320948,"CD4+ Treg (CD39low)","CyTOF","Human gammaherpesvirus 4 (EBV).pbmc","child",-0.0254914383390971,0.27055937727441
"105","sex",1,3168,1.74191989553358,0.186991108980826,"CD4+ Treg (CD39low)","CyTOF","Human gammaherpesvirus 4 (EBV).pbmc","child",NA,0.280486663471239
"106","discretized_admit_age_quantile",4,3168,0.501980178546779,0.734302425937614,"CD4+ Treg (CD39low)","CyTOF","Human gammaherpesvirus 4 (EBV).pbmc","child",NA,0.774992193497946
"107","virus_positive",1,3168,3.1978997873894,0.0738284328478782,"CD4+ Treg (CD39low)","CyTOF","Human gammaherpesvirus 4 (EBV).pbmc","child",-0.109021117232766,0.209180559735655
"108","event_type",11,3168,4.67257358591985,4.03567337992072e-07,"CD4+ Treg (CD39low)","CyTOF","Human gammaherpesvirus 4 (EBV).pbmc","child",NA,7.91612855292142e-07
"109","(Intercept)",1,3168,0.135214665663627,0.713109969675819,"CD4+ Treg (naive)","CyTOF","Human gammaherpesvirus 4 (EBV).pbmc","child",0.118039990565065,0.85568723271241
"110","trajectory_group",1,3168,0.02647155772035,0.870764376027587,"CD4+ Treg (naive)","CyTOF","Human gammaherpesvirus 4 (EBV).pbmc","child",-0.0027646374425594,0.906305779130754
"111","sex",1,3168,35.2047674224425,3.28846960773177e-09,"CD4+ Treg (naive)","CyTOF","Human gammaherpesvirus 4 (EBV).pbmc","child",NA,3.35423899988641e-08
"112","discretized_admit_age_quantile",4,3168,2.59903140817891,0.0344563299146514,"CD4+ Treg (naive)","CyTOF","Human gammaherpesvirus 4 (EBV).pbmc","child",NA,0.0502077950184921
"113","virus_positive",1,3168,0.394040784208228,0.530228247791334,"CD4+ Treg (naive)","CyTOF","Human gammaherpesvirus 4 (EBV).pbmc","child",0.0371742808663845,0.845051269917439
"114","event_type",11,3168,25.8333058434658,0,"CD4+ Treg (naive)","CyTOF","Human gammaherpesvirus 4 (EBV).pbmc","child",NA,0
"115","(Intercept)",1,3168,0.183822739135683,0.668137564941424,"CD8+ NKT Cell","CyTOF","Human gammaherpesvirus 4 (EBV).pbmc","child",-0.139940625098173,0.851875395300316
"116","trajectory_group",1,3168,26.1111829695417,3.41406182435833e-07,"CD8+ NKT Cell","CyTOF","Human gammaherpesvirus 4 (EBV).pbmc","child",-0.0889008056755734,1.58288320947522e-06
"117","sex",1,3168,1.2298285087065,0.26752456961556,"CD8+ NKT Cell","CyTOF","Human gammaherpesvirus 4 (EBV).pbmc","child",NA,0.359046132905094
"118","discretized_admit_age_quantile",4,3168,2.66723952499097,0.0307354177848429,"CD8+ NKT Cell","CyTOF","Human gammaherpesvirus 4 (EBV).pbmc","child",NA,0.0475001911220299
"119","virus_positive",1,3168,0.00507006594213206,0.94323957765998,"CD8+ NKT Cell","CyTOF","Human gammaherpesvirus 4 (EBV).pbmc","child",-0.00426700264502267,0.961596715344851
"120","event_type",11,3168,3.62863437526306,3.99120952516707e-05,"CD8+ NKT Cell","CyTOF","Human gammaherpesvirus 4 (EBV).pbmc","child",NA,6.78505619278402e-05
"121","(Intercept)",1,3168,7.49422886883095,0.0062242800890786,"CD8+ T Cell (CD161+ MAIT)","CyTOF","Human gammaherpesvirus 4 (EBV).pbmc","child",0.820294597440207,0.0793595711357522
"122","trajectory_group",1,3168,44.4398196303342,3.08210124089214e-11,"CD8+ T Cell (CD161+ MAIT)","CyTOF","Human gammaherpesvirus 4 (EBV).pbmc","child",-0.104875457109156,1.96483954106874e-10
"123","sex",1,3168,9.20339481216773,0.00243526789374293,"CD8+ T Cell (CD161+ MAIT)","CyTOF","Human gammaherpesvirus 4 (EBV).pbmc","child",NA,0.0073058036812288
"124","discretized_admit_age_quantile",4,3168,82.1365661644061,0,"CD8+ T Cell (CD161+ MAIT)","CyTOF","Human gammaherpesvirus 4 (EBV).pbmc","child",NA,0
"125","virus_positive",1,3168,2.07865453176473,0.149470632361668,"CD8+ T Cell (CD161+ MAIT)","CyTOF","Human gammaherpesvirus 4 (EBV).pbmc","child",-0.0797965462727672,0.36300010716405
"126","event_type",11,3168,10.7463050447995,0,"CD8+ T Cell (CD161+ MAIT)","CyTOF","Human gammaherpesvirus 4 (EBV).pbmc","child",NA,0
"127","(Intercept)",1,3168,0.0979152946302343,0.754366448480968,"CD8+ T Cell (CM)","CyTOF","Human gammaherpesvirus 4 (EBV).pbmc","child",-0.099694488565156,0.85568723271241
"128","trajectory_group",1,3168,17.0845957035193,3.66776875062591e-05,"CD8+ T Cell (CM)","CyTOF","Human gammaherpesvirus 4 (EBV).pbmc","child",-0.070004384822137,0.000155880171901601
"129","sex",1,3168,0.842755458204535,0.358679779957211,"CD8+ T Cell (CM)","CyTOF","Human gammaherpesvirus 4 (EBV).pbmc","child",NA,0.454243027246798
"130","discretized_admit_age_quantile",4,3168,5.05956583828606,0.000460097148407335,"CD8+ T Cell (CM)","CyTOF","Human gammaherpesvirus 4 (EBV).pbmc","child",NA,0.000902498252645156
"131","virus_positive",1,3168,3.60932922299803,0.0575470143590691,"CD8+ T Cell (CM)","CyTOF","Human gammaherpesvirus 4 (EBV).pbmc","child",-0.111495141387816,0.183431108269533
"132","event_type",11,3168,14.1957108228293,0,"CD8+ T Cell (CM)","CyTOF","Human gammaherpesvirus 4 (EBV).pbmc","child",NA,0
"133","(Intercept)",1,3168,0.213998490872598,0.64368308802998,"CD8+ T Cell (EM CD27hi)","CyTOF","Human gammaherpesvirus 4 (EBV).pbmc","child",-0.143109303282908,0.841739422808436
"134","trajectory_group",1,3168,45.1278065317747,2.1796120464046e-11,"CD8+ T Cell (EM CD27hi)","CyTOF","Human gammaherpesvirus 4 (EBV).pbmc","child",-0.110754756510204,1.58800306238049e-10
"135","sex",1,3168,15.7609630746424,7.3466534092903e-05,"CD8+ T Cell (EM CD27hi)","CyTOF","Human gammaherpesvirus 4 (EBV).pbmc","child",NA,0.000416310359859784
"136","discretized_admit_age_quantile",4,3168,6.27447474041864,5.01496195564055e-05,"CD8+ T Cell (EM CD27hi)","CyTOF","Human gammaherpesvirus 4 (EBV).pbmc","child",NA,0.000127881529868834
"137","virus_positive",1,3168,0.634443730616583,0.425789679006364,"CD8+ T Cell (EM CD27hi)","CyTOF","Human gammaherpesvirus 4 (EBV).pbmc","child",-0.0451194764891901,0.723842454310818
"138","event_type",11,3168,28.5555813487566,0,"CD8+ T Cell (EM CD27hi)","CyTOF","Human gammaherpesvirus 4 (EBV).pbmc","child",NA,0
"139","(Intercept)",1,3168,2.73831946477303,0.0980668022294762,"CD8+ T Cell (EM CD27low)","CyTOF","Human gammaherpesvirus 4 (EBV).pbmc","child",0.552159256768694,0.277855939650183
"140","trajectory_group",1,3168,0.119113374202924,0.730021015207015,"CD8+ T Cell (EM CD27low)","CyTOF","Human gammaherpesvirus 4 (EBV).pbmc","child",-0.00612872927950204,0.829079387900816
"141","sex",1,3168,3.29692355162234,0.0695042603345624,"CD8+ T Cell (EM CD27low)","CyTOF","Human gammaherpesvirus 4 (EBV).pbmc","child",NA,0.122231630243541
"142","discretized_admit_age_quantile",4,3168,0.48797835263777,0.744600342772537,"CD8+ T Cell (EM CD27low)","CyTOF","Human gammaherpesvirus 4 (EBV).pbmc","child",NA,0.774992193497946
"143","virus_positive",1,3168,1.12472344922003,0.28898448695251,"CD8+ T Cell (EM CD27low)","CyTOF","Human gammaherpesvirus 4 (EBV).pbmc","child",-0.0651346399156028,0.545859586465853
"144","event_type",11,3168,1.29589756354829,0.219833171129933,"CD8+ T Cell (EM CD27low)","CyTOF","Human gammaherpesvirus 4 (EBV).pbmc","child",NA,0.260732365758758
"145","(Intercept)",1,3168,0.00473449702431989,0.945147046161954,"CD8+ T Cell (EM CD57hi)","CyTOF","Human gammaherpesvirus 4 (EBV).pbmc","child",0.022058207820413,0.950656755408087
"146","trajectory_group",1,3168,0.49090055660353,0.483577315297756,"CD8+ T Cell (EM CD57hi)","CyTOF","Human gammaherpesvirus 4 (EBV).pbmc","child",0.0119706399542909,0.685067863338488
"147","sex",1,3168,13.7016191034015,0.000217917505580978,"CD8+ T Cell (EM CD57hi)","CyTOF","Human gammaherpesvirus 4 (EBV).pbmc","child",NA,0.00111137927846299
"148","discretized_admit_age_quantile",4,3168,3.40203900269203,0.00875092502117381,"CD8+ T Cell (EM CD57hi)","CyTOF","Human gammaherpesvirus 4 (EBV).pbmc","child",NA,0.0148765725359955
"149","virus_positive",1,3168,3.8121992360082,0.0509685592299511,"CD8+ T Cell (EM CD57hi)","CyTOF","Human gammaherpesvirus 4 (EBV).pbmc","child",-0.114620803014696,0.173293101381834
"150","event_type",11,3168,13.4844666396542,0,"CD8+ T Cell (EM CD57hi)","CyTOF","Human gammaherpesvirus 4 (EBV).pbmc","child",NA,0
"151","(Intercept)",1,3168,3.9717984337709,0.0463539756078558,"CD8+ T Cell (EMRA CD57hi)","CyTOF","Human gammaherpesvirus 4 (EBV).pbmc","child",-0.645454124433607,0.15760351706671
"152","trajectory_group",1,3168,1.24162659298385,0.265242328019285,"CD8+ T Cell (EMRA CD57hi)","CyTOF","Human gammaherpesvirus 4 (EBV).pbmc","child",-0.0192332365952886,0.466460645827018
"153","sex",1,3168,0.0639812900607041,0.800326947470537,"CD8+ T Cell (EMRA CD57hi)","CyTOF","Human gammaherpesvirus 4 (EBV).pbmc","child",NA,0.874456238454451
"154","discretized_admit_age_quantile",4,3168,6.13482771055656,6.48112241802279e-05,"CD8+ T Cell (EMRA CD57hi)","CyTOF","Human gammaherpesvirus 4 (EBV).pbmc","child",NA,0.000157398687294839
"155","virus_positive",1,3168,0.13539913456617,0.71292300961252,"CD8+ T Cell (EMRA CD57hi)","CyTOF","Human gammaherpesvirus 4 (EBV).pbmc","child",-0.0218921319477032,0.908976837255963
"156","event_type",11,3168,15.8346040954235,0,"CD8+ T Cell (EMRA CD57hi)","CyTOF","Human gammaherpesvirus 4 (EBV).pbmc","child",NA,0
"157","(Intercept)",1,3168,2.38378222283489,0.122700276442195,"CD8+ T Cell (EMRA CD57low)","CyTOF","Human gammaherpesvirus 4 (EBV).pbmc","child",-0.495205537615899,0.329353373607997
"158","trajectory_group",1,3168,2.38565436899433,0.122553487463504,"CD8+ T Cell (EMRA CD57low)","CyTOF","Human gammaherpesvirus 4 (EBV).pbmc","child",-0.0263852088900306,0.240393379255335
"159","sex",1,3168,26.1180998498613,3.40195349446404e-07,"CD8+ T Cell (EMRA CD57low)","CyTOF","Human gammaherpesvirus 4 (EBV).pbmc","child",NA,2.16874535272082e-06
"160","discretized_admit_age_quantile",4,3168,13.1464841871772,1.27060251209343e-10,"CD8+ T Cell (EMRA CD57low)","CyTOF","Human gammaherpesvirus 4 (EBV).pbmc","child",NA,6.48007281167651e-10
"161","virus_positive",1,3168,0.188204401445226,0.66444483933553,"CD8+ T Cell (EMRA CD57low)","CyTOF","Human gammaherpesvirus 4 (EBV).pbmc","child",0.0254328339966492,0.891754915950316
"162","event_type",11,3168,12.5201865079815,0,"CD8+ T Cell (EMRA CD57low)","CyTOF","Human gammaherpesvirus 4 (EBV).pbmc","child",NA,0
"163","(Intercept)",1,3168,6.65847098870223,0.00991316807773979,"CD8+ T Cell (activated)","CyTOF","Human gammaherpesvirus 4 (EBV).pbmc","child",0.829485870292628,0.0842619286607882
"164","trajectory_group",1,3168,0.0398987279603503,0.841691539962835,"CD8+ T Cell (activated)","CyTOF","Human gammaherpesvirus 4 (EBV).pbmc","child",0.00341613686897702,0.894297261210512
"165","sex",1,3168,2.44184529614797,0.118237060452871,"CD8+ T Cell (activated)","CyTOF","Human gammaherpesvirus 4 (EBV).pbmc","child",NA,0.194519034938594
"166","discretized_admit_age_quantile",4,3168,4.21813220148009,0.00208275080347775,"CD8+ T Cell (activated)","CyTOF","Human gammaherpesvirus 4 (EBV).pbmc","child",NA,0.00379358182062019
"167","virus_positive",1,3168,8.37029305607816,0.00384006533513037,"CD8+ T Cell (activated)","CyTOF","Human gammaherpesvirus 4 (EBV).pbmc","child",0.171223261387011,0.0376900212341115
"168","event_type",11,3168,25.2344548745121,0,"CD8+ T Cell (activated)","CyTOF","Human gammaherpesvirus 4 (EBV).pbmc","child",NA,0
"169","(Intercept)",1,3168,43.0460496503893,6.22183415899258e-11,"CD8+ T Cell (naive)","CyTOF","Human gammaherpesvirus 4 (EBV).pbmc","child",1.70243738970366,3.17313542108622e-09
"170","trajectory_group",1,3168,50.9991884050046,1.14108722470974e-12,"CD8+ T Cell (naive)","CyTOF","Human gammaherpesvirus 4 (EBV).pbmc","child",-0.0987506715061348,9.69924141003276e-12
"171","sex",1,3168,82.7806076154161,0,"CD8+ T Cell (naive)","CyTOF","Human gammaherpesvirus 4 (EBV).pbmc","child",NA,0
"172","discretized_admit_age_quantile",4,3168,335.745929394458,0,"CD8+ T Cell (naive)","CyTOF","Human gammaherpesvirus 4 (EBV).pbmc","child",NA,0
"173","virus_positive",1,3168,0.002318787212073,0.961596715344851,"CD8+ T Cell (naive)","CyTOF","Human gammaherpesvirus 4 (EBV).pbmc","child",-0.0022957637187383,0.961596715344851
"174","event_type",11,3168,1.71028344895824,0.0650808088641524,"CD8+ T Cell (naive)","CyTOF","Human gammaherpesvirus 4 (EBV).pbmc","child",NA,0.0790266964778993
"175","(Intercept)",1,3168,5.82025577948617,0.0158991065120475,"Conventional DC","CyTOF","Human gammaherpesvirus 4 (EBV).pbmc","child",-0.785664550817694,0.115836347444918
"176","trajectory_group",1,3168,2.58707368820914,0.107838867252659,"Conventional DC","CyTOF","Human gammaherpesvirus 4 (EBV).pbmc","child",-0.0279212465680892,0.219991289195423
"177","sex",1,3168,4.04307162596124,0.0444376053655329,"Conventional DC","CyTOF","Human gammaherpesvirus 4 (EBV).pbmc","child",NA,0.0885310425273409
"178","discretized_admit_age_quantile",4,3168,1.00151534827711,0.405357438038544,"Conventional DC","CyTOF","Human gammaherpesvirus 4 (EBV).pbmc","child",NA,0.469846121362858
"179","virus_positive",1,3168,3.20074795432314,0.073700105497666,"Conventional DC","CyTOF","Human gammaherpesvirus 4 (EBV).pbmc","child",0.10679187393763,0.209180559735655
"180","event_type",11,3168,3.90741418101042,1.19895506217604e-05,"Conventional DC","CyTOF","Human gammaherpesvirus 4 (EBV).pbmc","child",NA,2.18381100610637e-05
"181","(Intercept)",1,3168,2.20803077725127,0.137393330482556,"Hematopoetic progenitor Cell","CyTOF","Human gammaherpesvirus 4 (EBV).pbmc","child",-0.485653322850844,0.333669516886208
"182","trajectory_group",1,3168,27.1769844801165,1.97563089665564e-07,"Hematopoetic progenitor Cell","CyTOF","Human gammaherpesvirus 4 (EBV).pbmc","child",0.0908047563715842,1.00757175729438e-06
"183","sex",1,3168,4.26030159503818,0.0390942401899311,"Hematopoetic progenitor Cell","CyTOF","Human gammaherpesvirus 4 (EBV).pbmc","child",NA,0.0830752604036036
"184","discretized_admit_age_quantile",4,3168,3.01577075745814,0.01702724832972,"Hematopoetic progenitor Cell","CyTOF","Human gammaherpesvirus 4 (EBV).pbmc","child",NA,0.0280125698327652
"185","virus_positive",1,3168,0.066338139265176,0.796761754963643,"Hematopoetic progenitor Cell","CyTOF","Human gammaherpesvirus 4 (EBV).pbmc","child",0.0154638093797834,0.939312729033555
"186","event_type",11,3168,7.42791726276486,1.04005692946885e-12,"Hematopoetic progenitor Cell","CyTOF","Human gammaherpesvirus 4 (EBV).pbmc","child",NA,2.12171613611645e-12
"187","(Intercept)",1,3168,0.344798154990043,0.557114487740805,"ILC","CyTOF","Human gammaherpesvirus 4 (EBV).pbmc","child",-0.190185331807242,0.763386872473623
"188","trajectory_group",1,3168,0.272526909794113,0.601678212617826,"ILC","CyTOF","Human gammaherpesvirus 4 (EBV).pbmc","child",0.00900124668755321,0.748428996183149
"189","sex",1,3168,1.25965498623776,0.261801461292886,"ILC","CyTOF","Human gammaherpesvirus 4 (EBV).pbmc","child",NA,0.359046132905094
"190","discretized_admit_age_quantile",4,3168,1.24355782170508,0.290193037749837,"ILC","CyTOF","Human gammaherpesvirus 4 (EBV).pbmc","child",NA,0.344182440121899
"191","virus_positive",1,3168,5.79022428967596,0.0161724524315865,"ILC","CyTOF","Human gammaherpesvirus 4 (EBV).pbmc","child",0.142311252371554,0.0916438971123235
"192","event_type",11,3168,1.91881286687795,0.0326856078145419,"ILC","CyTOF","Human gammaherpesvirus 4 (EBV).pbmc","child",NA,0.0416741499635409
"193","(Intercept)",1,3168,6.87802436312651,0.00876799328529221,"Monocytes (CD14+CD16+)","CyTOF","Human gammaherpesvirus 4 (EBV).pbmc","child",-0.851262731204456,0.0842619286607882
"194","trajectory_group",1,3168,7.12089923871211,0.00765787815220409,"Monocytes (CD14+CD16+)","CyTOF","Human gammaherpesvirus 4 (EBV).pbmc","child",-0.0461724364929926,0.0229736344566123
"195","sex",1,3168,6.00170486475581,0.0143458234613258,"Monocytes (CD14+CD16+)","CyTOF","Human gammaherpesvirus 4 (EBV).pbmc","child",NA,0.0354491286541352
"196","discretized_admit_age_quantile",4,3168,10.2688301835914,2.92281040481512e-08,"Monocytes (CD14+CD16+)","CyTOF","Human gammaherpesvirus 4 (EBV).pbmc","child",NA,1.14664100496593e-07
"197","virus_positive",1,3168,16.2600987288928,5.65161428491834e-05,"Monocytes (CD14+CD16+)","CyTOF","Human gammaherpesvirus 4 (EBV).pbmc","child",-0.240137757403041,0.00144116164265418
"198","event_type",11,3168,8.24924319220261,1.99840144432528e-14,"Monocytes (CD14+CD16+)","CyTOF","Human gammaherpesvirus 4 (EBV).pbmc","child",NA,4.43123798524302e-14
"199","(Intercept)",1,3168,1.65334186470099,0.198598670575802,"Monocytes (CD14+CD16-)","CyTOF","Human gammaherpesvirus 4 (EBV).pbmc","child",-0.361671052717882,0.440370965189822
"200","trajectory_group",1,3168,167.934369478254,0,"Monocytes (CD14+CD16-)","CyTOF","Human gammaherpesvirus 4 (EBV).pbmc","child",0.194249760676332,0
"201","sex",1,3168,86.233114488212,0,"Monocytes (CD14+CD16-)","CyTOF","Human gammaherpesvirus 4 (EBV).pbmc","child",NA,0
"202","discretized_admit_age_quantile",4,3168,15.4535583840293,1.5931700403371e-12,"Monocytes (CD14+CD16-)","CyTOF","Human gammaherpesvirus 4 (EBV).pbmc","child",NA,1.1607381722456e-11
"203","virus_positive",1,3168,0.159833673892685,0.689336647734327,"Monocytes (CD14+CD16-)","CyTOF","Human gammaherpesvirus 4 (EBV).pbmc","child",0.0206608337473368,0.901440231652582
"204","event_type",11,3168,46.6352386561533,0,"Monocytes (CD14+CD16-)","CyTOF","Human gammaherpesvirus 4 (EBV).pbmc","child",NA,0
"205","(Intercept)",1,3168,15.0001222794373,0.000109677169508826,"Monocytes (CD14-CD16+)","CyTOF","Human gammaherpesvirus 4 (EBV).pbmc","child",-1.07889448660905,0.00279676782247507
"206","trajectory_group",1,3168,0.000341953145232631,0.985247543857589,"Monocytes (CD14-CD16+)","CyTOF","Human gammaherpesvirus 4 (EBV).pbmc","child",0.000274245318372331,0.985247543857589
"207","sex",1,3168,7.6161511750666,0.00581805023876103,"Monocytes (CD14-CD16+)","CyTOF","Human gammaherpesvirus 4 (EBV).pbmc","child",NA,0.0164844756764896
"208","discretized_admit_age_quantile",4,3168,5.98909323821649,8.46652662352954e-05,"Monocytes (CD14-CD16+)","CyTOF","Human gammaherpesvirus 4 (EBV).pbmc","child",NA,0.000196269480818185
"209","virus_positive",1,3168,7.82878652028182,0.00517314016938786,"Monocytes (CD14-CD16+)","CyTOF","Human gammaherpesvirus 4 (EBV).pbmc","child",-0.142337013499816,0.0376900212341115
"210","event_type",11,3168,108.829083784904,0,"Monocytes (CD14-CD16+)","CyTOF","Human gammaherpesvirus 4 (EBV).pbmc","child",NA,0
"211","(Intercept)",1,3168,0.957479906946973,0.327897346401748,"NK Cell (CD56hi CD16low)","CyTOF","Human gammaherpesvirus 4 (EBV).pbmc","child",-0.313328315216296,0.597241595231754
"212","trajectory_group",1,3168,8.31674129820322,0.0039546246173946,"NK Cell (CD56hi CD16low)","CyTOF","Human gammaherpesvirus 4 (EBV).pbmc","child",-0.0492115712759583,0.0126053659679453
"213","sex",1,3168,0.0406348755304302,0.840257288704739,"NK Cell (CD56hi CD16low)","CyTOF","Human gammaherpesvirus 4 (EBV).pbmc","child",NA,0.874456238454451
"214","discretized_admit_age_quantile",4,3168,2.47864421762926,0.0421074114814366,"NK Cell (CD56hi CD16low)","CyTOF","Human gammaherpesvirus 4 (EBV).pbmc","child",NA,0.0580399455554937
"215","virus_positive",1,3168,4.4303201764578,0.0353844457962242,"NK Cell (CD56hi CD16low)","CyTOF","Human gammaherpesvirus 4 (EBV).pbmc","child",-0.123389000572028,0.153553713219408
"216","event_type",11,3168,3.27229577891464,0.000179708732268025,"NK Cell (CD56hi CD16low)","CyTOF","Human gammaherpesvirus 4 (EBV).pbmc","child",NA,0.000286410792052164
"217","(Intercept)",1,3168,5.19425178512122,0.022727947681308,"NK Cell (CD56low CD16hi CD57hi)","CyTOF","Human gammaherpesvirus 4 (EBV).pbmc","child",-0.716968567551051,0.120725720922001
"218","trajectory_group",1,3168,0.682542470306462,0.408774819521328,"NK Cell (CD56low CD16hi CD57hi)","CyTOF","Human gammaherpesvirus 4 (EBV).pbmc","child",-0.0138515832596257,0.613162229281993
"219","sex",1,3168,59.8269467368463,1.37667655053519e-14,"NK Cell (CD56low CD16hi CD57hi)","CyTOF","Human gammaherpesvirus 4 (EBV).pbmc","child",NA,2.34035013590983e-13
"220","discretized_admit_age_quantile",4,3168,45.7328920097261,0,"NK Cell (CD56low CD16hi CD57hi)","CyTOF","Human gammaherpesvirus 4 (EBV).pbmc","child",NA,0
"221","virus_positive",1,3168,0.999532781777706,0.317499943186421,"NK Cell (CD56low CD16hi CD57hi)","CyTOF","Human gammaherpesvirus 4 (EBV).pbmc","child",0.0575989730033884,0.578303467946696
"222","event_type",11,3168,17.3492317152401,0,"NK Cell (CD56low CD16hi CD57hi)","CyTOF","Human gammaherpesvirus 4 (EBV).pbmc","child",NA,0
"223","(Intercept)",1,3168,0.476959560123417,0.489853343277333,"NK Cell (CD56low CD16hi CD57low)","CyTOF","Human gammaherpesvirus 4 (EBV).pbmc","child",-0.223339883160232,0.734780014915999
"224","trajectory_group",1,3168,4.28823216482703,0.0384578579491598,"NK Cell (CD56low CD16hi CD57low)","CyTOF","Human gammaherpesvirus 4 (EBV).pbmc","child",-0.0355952009262462,0.0852761198003108
"225","sex",1,3168,0.229683133814208,0.631791958902524,"NK Cell (CD56low CD16hi CD57low)","CyTOF","Human gammaherpesvirus 4 (EBV).pbmc","child",NA,0.732304316000653
"226","discretized_admit_age_quantile",4,3168,5.65042337880378,0.000157263728252977,"NK Cell (CD56low CD16hi CD57low)","CyTOF","Human gammaherpesvirus 4 (EBV).pbmc","child",NA,0.00034871522351747
"227","virus_positive",1,3168,1.9172417502168,0.166258557056656,"NK Cell (CD56low CD16hi CD57low)","CyTOF","Human gammaherpesvirus 4 (EBV).pbmc","child",-0.0824874961381327,0.379675882344273
"228","event_type",11,3168,9.43156187496388,0,"NK Cell (CD56low CD16hi CD57low)","CyTOF","Human gammaherpesvirus 4 (EBV).pbmc","child",NA,0
"229","(Intercept)",1,3168,0.0507270237553278,0.821817519889139,"Plasmacytoid DC","CyTOF","Human gammaherpesvirus 4 (EBV).pbmc","child",0.075790022181754,0.891759436475448
"230","trajectory_group",1,3168,2.27562928278244,0.131521488761119,"Plasmacytoid DC","CyTOF","Human gammaherpesvirus 4 (EBV).pbmc","child",-0.0264355455382919,0.248429478771002
"231","sex",1,3168,1.68701831830768,0.194089014686946,"Plasmacytoid DC","CyTOF","Human gammaherpesvirus 4 (EBV).pbmc","child",NA,0.282815421400978
"232","discretized_admit_age_quantile",4,3168,0.461336710822889,0.764168025503005,"Plasmacytoid DC","CyTOF","Human gammaherpesvirus 4 (EBV).pbmc","child",NA,0.777138346036398
"233","virus_positive",1,3168,1.44285116129846,0.229768312799913,"Plasmacytoid DC","CyTOF","Human gammaherpesvirus 4 (EBV).pbmc","child",-0.0747028005763482,0.450699382799829
"234","event_type",11,3168,1.26961029858347,0.235504653590574,"Plasmacytoid DC","CyTOF","Human gammaherpesvirus 4 (EBV).pbmc","child",NA,0.272971303025438
"235","(Intercept)",1,3168,0.483512833155159,0.486886441523829,"Tier2_Bcell_Undefined","CyTOF","Human gammaherpesvirus 4 (EBV).pbmc","child",0.230638491278787,0.734780014915999
"236","trajectory_group",1,3168,5.85709618742303,0.0155702802565648,"Tier2_Bcell_Undefined","CyTOF","Human gammaherpesvirus 4 (EBV).pbmc","child",-0.0427216001105932,0.0425758577247241
"237","sex",1,3168,1.30957052492921,0.252558882716895,"Tier2_Bcell_Undefined","CyTOF","Human gammaherpesvirus 4 (EBV).pbmc","child",NA,0.357791750515602
"238","discretized_admit_age_quantile",4,3168,1.63891249289609,0.161608735479973,"Tier2_Bcell_Undefined","CyTOF","Human gammaherpesvirus 4 (EBV).pbmc","child",NA,0.201025500231186
"239","virus_positive",1,3168,0.220715277521093,0.638527787767878,"Tier2_Bcell_Undefined","CyTOF","Human gammaherpesvirus 4 (EBV).pbmc","child",0.0286815056516309,0.882365247365429
"240","event_type",11,3168,2.44142480064284,0.00495929919241012,"Tier2_Bcell_Undefined","CyTOF","Human gammaherpesvirus 4 (EBV).pbmc","child",NA,0.00683579077872746
"241","(Intercept)",1,3168,0.0679974793206546,0.794292024765752,"Tier2_NK_Undefined","CyTOF","Human gammaherpesvirus 4 (EBV).pbmc","child",0.0879123095172836,0.880628114414203
"242","trajectory_group",1,3168,0.370479444847514,0.542786684812305,"Tier2_NK_Undefined","CyTOF","Human gammaherpesvirus 4 (EBV).pbmc","child",-0.0108975122053474,0.692053023135689
"243","sex",1,3168,1.17337294961244,0.278791708502532,"Tier2_NK_Undefined","CyTOF","Human gammaherpesvirus 4 (EBV).pbmc","child",NA,0.364573772657157
"244","discretized_admit_age_quantile",4,3168,0.615660277264853,0.651370053715119,"Tier2_NK_Undefined","CyTOF","Human gammaherpesvirus 4 (EBV).pbmc","child",NA,0.72217114651024
"245","virus_positive",1,3168,0.309926940630014,0.577764344200218,"Tier2_NK_Undefined","CyTOF","Human gammaherpesvirus 4 (EBV).pbmc","child",0.0345892470975528,0.866646516300327
"246","event_type",11,3168,2.65641908621132,0.00216846106032231,"Tier2_NK_Undefined","CyTOF","Human gammaherpesvirus 4 (EBV).pbmc","child",NA,0.00307198650212328
"247","(Intercept)",1,3168,0.788372038071589,0.374660245103282,"Tier2_Tcell_Undefined","CyTOF","Human gammaherpesvirus 4 (EBV).pbmc","child",-0.264281749666747,0.632608585686977
"248","trajectory_group",1,3168,0.0922442745968295,0.76136312613314,"Tier2_Tcell_Undefined","CyTOF","Human gammaherpesvirus 4 (EBV).pbmc","child",0.00481891095619546,0.844119987669351
"249","sex",1,3168,10.2021207468986,0.00141655186130862,"Tier2_Tcell_Undefined","CyTOF","Human gammaherpesvirus 4 (EBV).pbmc","child",NA,0.00481627632844932
"250","discretized_admit_age_quantile",4,3168,1.30822736912827,0.26447837536773,"Tier2_Tcell_Undefined","CyTOF","Human gammaherpesvirus 4 (EBV).pbmc","child",NA,0.321152312946529
"251","virus_positive",1,3168,0.273046943006449,0.601331680029187,"Tier2_Tcell_Undefined","CyTOF","Human gammaherpesvirus 4 (EBV).pbmc","child",0.0285165224703044,0.876226162328244
"252","event_type",11,3168,0.799940810717776,0.640381746637256,"Tier2_Tcell_Undefined","CyTOF","Human gammaherpesvirus 4 (EBV).pbmc","child",NA,0.680405605802085
"253","(Intercept)",1,3168,0.00918635372123111,0.92364936751676,"Tier3_CD4_Undefined","CyTOF","Human gammaherpesvirus 4 (EBV).pbmc","child",0.0323811889520474,0.950656755408087
"254","trajectory_group",1,3168,0.798874653761566,0.371497936457356,"Tier3_CD4_Undefined","CyTOF","Human gammaherpesvirus 4 (EBV).pbmc","child",-0.0153100061172109,0.580072176264344
"255","sex",1,3168,0.620223766285104,0.431023061514424,"Tier3_CD4_Undefined","CyTOF","Human gammaherpesvirus 4 (EBV).pbmc","child",NA,0.523385146124657
"256","discretized_admit_age_quantile",4,3168,0.52771046528301,0.715387605710371,"Tier3_CD4_Undefined","CyTOF","Human gammaherpesvirus 4 (EBV).pbmc","child",NA,0.774992193497946
"257","virus_positive",1,3168,0.0477564255054601,0.827028364965954,"Tier3_CD4_Undefined","CyTOF","Human gammaherpesvirus 4 (EBV).pbmc","child",-0.0136562342834988,0.939312729033555
"258","event_type",11,3168,0.452780517793965,0.931951484754719,"Tier3_CD4_Undefined","CyTOF","Human gammaherpesvirus 4 (EBV).pbmc","child",NA,0.935120171033502
"259","(Intercept)",1,3168,0.800252206102339,0.371085932272384,"Tier3_CD8_Undefined","CyTOF","Human gammaherpesvirus 4 (EBV).pbmc","child",0.291925819155636,0.632608585686977
"260","trajectory_group",1,3168,0.117722499451205,0.731540636383073,"Tier3_CD8_Undefined","CyTOF","Human gammaherpesvirus 4 (EBV).pbmc","child",-0.0059663973599098,0.829079387900816
"261","sex",1,3168,2.83362342212267,0.0924084002939878,"Tier3_CD8_Undefined","CyTOF","Human gammaherpesvirus 4 (EBV).pbmc","child",NA,0.157094280499779
"262","discretized_admit_age_quantile",4,3168,2.33899463186255,0.0530284402057052,"Tier3_CD8_Undefined","CyTOF","Human gammaherpesvirus 4 (EBV).pbmc","child",NA,0.0711697486971306
"263","virus_positive",1,3168,0.0709840801277279,0.789926652084048,"Tier3_CD8_Undefined","CyTOF","Human gammaherpesvirus 4 (EBV).pbmc","child",-0.0159772958364692,0.939312729033555
"264","event_type",11,3168,2.22546749082586,0.011071753792942,"Tier3_CD8_Undefined","CyTOF","Human gammaherpesvirus 4 (EBV).pbmc","child",NA,0.0148594590378959
"265","(Intercept)",1,3168,0.00382999590456677,0.950656755408087,"Tier4_Treg_Undefined","CyTOF","Human gammaherpesvirus 4 (EBV).pbmc","child",-0.0208686303043692,0.950656755408087
"266","trajectory_group",1,3168,0.244339522771651,0.621123574854673,"Tier4_Treg_Undefined","CyTOF","Human gammaherpesvirus 4 (EBV).pbmc","child",-0.0084509683486701,0.754221483752103
"267","sex",1,3168,5.97106611578471,0.0145967000340557,"Tier4_Treg_Undefined","CyTOF","Human gammaherpesvirus 4 (EBV).pbmc","child",NA,0.0354491286541352
"268","discretized_admit_age_quantile",4,3168,0.443617351959851,0.777138346036398,"Tier4_Treg_Undefined","CyTOF","Human gammaherpesvirus 4 (EBV).pbmc","child",NA,0.777138346036398
"269","virus_positive",1,3168,2.57642448579944,0.108566092137615,"Tier4_Treg_Undefined","CyTOF","Human gammaherpesvirus 4 (EBV).pbmc","child",-0.100114583119263,0.284507932064459
"270","event_type",11,3168,0.44671088665515,0.935120171033502,"Tier4_Treg_Undefined","CyTOF","Human gammaherpesvirus 4 (EBV).pbmc","child",NA,0.935120171033502
"271","(Intercept)",1,3168,0.496741991285208,0.480986981790063,"Tier4_nonTreg_Undefined","CyTOF","Human gammaherpesvirus 4 (EBV).pbmc","child",0.231312039380546,0.734780014915999
"272","trajectory_group",1,3168,0.958269988748996,0.327697884776484,"Tier4_nonTreg_Undefined","CyTOF","Human gammaherpesvirus 4 (EBV).pbmc","child",-0.0171261581038944,0.547301015488793
"273","sex",1,3168,0.820250644497064,0.365175767002328,"Tier4_nonTreg_Undefined","CyTOF","Human gammaherpesvirus 4 (EBV).pbmc","child",NA,0.454243027246798
"274","discretized_admit_age_quantile",4,3168,4.25488578411187,0.00195089354435751,"Tier4_nonTreg_Undefined","CyTOF","Human gammaherpesvirus 4 (EBV).pbmc","child",NA,0.00368502113934197
"275","virus_positive",1,3168,0.00310194644920536,0.955588198831415,"Tier4_nonTreg_Undefined","CyTOF","Human gammaherpesvirus 4 (EBV).pbmc","child",-0.00335371588670383,0.961596715344851
"276","event_type",11,3168,3.94239836687366,1.02955979733865e-05,"Tier4_nonTreg_Undefined","CyTOF","Human gammaherpesvirus 4 (EBV).pbmc","child",NA,1.94472406163968e-05
"277","(Intercept)",1,3168,0.0161006175175949,0.899036931923894,"gd T Cell","CyTOF","Human gammaherpesvirus 4 (EBV).pbmc","child",-0.0401554961871592,0.950656755408087
"278","trajectory_group",1,3168,3.20940290145892,0.0733116147382447,"gd T Cell","CyTOF","Human gammaherpesvirus 4 (EBV).pbmc","child",-0.0301581414253519,0.15578718131877
"279","sex",1,3168,0.0159000020347697,0.899664560474404,"gd T Cell","CyTOF","Human gammaherpesvirus 4 (EBV).pbmc","child",NA,0.899664560474404
"280","discretized_admit_age_quantile",4,3168,8.99410029717848,3.20396934538891e-07,"gd T Cell","CyTOF","Human gammaherpesvirus 4 (EBV).pbmc","child",NA,1.08934957743223e-06
"281","virus_positive",1,3168,0.835690973168485,0.360701639098372,"gd T Cell","CyTOF","Human gammaherpesvirus 4 (EBV).pbmc","child",-0.0527504670227235,0.634337365310931
"282","event_type",11,3168,1.95584844245193,0.0287976944041417,"gd T Cell","CyTOF","Human gammaherpesvirus 4 (EBV).pbmc","child",NA,0.0376585234515699
"283","(Intercept)",1,3168,5.12347273046001,0.0236717099847061,"Basophil","CyTOF","Human gammaherpesvirus 4 (EBV).pbmc","child",-0.609348084970229,0.120725720922001
"284","trajectory_group",1,3168,4.90724589437655,0.026815120766724,"Basophil","CyTOF","Human gammaherpesvirus 4 (EBV).pbmc","child",-0.031691663141427,0.0683785579551462
"285","sex",1,3168,4.01682297725923,0.0451334726609973,"Basophil","CyTOF","Human gammaherpesvirus 4 (EBV).pbmc","child",NA,0.0885310425273409
"286","discretized_admit_age_quantile",4,3168,0.884676047232976,0.472147252972433,"Basophil","CyTOF","Human gammaherpesvirus 4 (EBV).pbmc","child",NA,0.535100220035424
"287","virus_positive",1,3168,8.07474801229826,0.0045173270530332,"Basophil","CyTOF","Human gammaherpesvirus 4 (EBV).pbmc","child",-0.140933974644176,0.0376900212341115
"288","event_type",11,3168,107.776632536484,0,"Basophil","CyTOF","Human gammaherpesvirus 4 (EBV).pbmc","child",NA,0
"289","(Intercept)",1,3168,1.98504033463409,0.158958564644915,"Eosinophil","CyTOF","Human gammaherpesvirus 4 (EBV).pbmc","child",-0.423385589255573,0.368494854404122
"290","trajectory_group",1,3168,0.417816874366027,0.518075219069327,"Eosinophil","CyTOF","Human gammaherpesvirus 4 (EBV).pbmc","child",0.0103454877861783,0.68524237351622
"291","sex",1,3168,4.78408729402473,0.0287967308618902,"Eosinophil","CyTOF","Human gammaherpesvirus 4 (EBV).pbmc","child",NA,0.0638536206067999
"292","discretized_admit_age_quantile",4,3168,2.73657490901443,0.0273519136815452,"Eosinophil","CyTOF","Human gammaherpesvirus 4 (EBV).pbmc","child",NA,0.0435921124299627
"293","virus_positive",1,3168,1.80944582066548,0.178671003456129,"Eosinophil","CyTOF","Human gammaherpesvirus 4 (EBV).pbmc","child",-0.0743438948178088,0.379675882344273
"294","event_type",11,3168,45.3803406216501,0,"Eosinophil","CyTOF","Human gammaherpesvirus 4 (EBV).pbmc","child",NA,0
"295","(Intercept)",1,3168,0.379068766332923,0.538146267143582,"Neutrophil (CD16hi)","CyTOF","Human gammaherpesvirus 4 (EBV).pbmc","child",0.187842654969109,0.763386872473623
"296","trajectory_group",1,3168,39.5921163909646,3.55970808385564e-10,"Neutrophil (CD16hi)","CyTOF","Human gammaherpesvirus 4 (EBV).pbmc","child",0.102207556492625,2.01716791418486e-09
"297","sex",1,3168,10.4678025556394,0.00122722667227992,"Neutrophil (CD16hi)","CyTOF","Human gammaherpesvirus 4 (EBV).pbmc","child",NA,0.00447061144901972
"298","discretized_admit_age_quantile",4,3168,11.4985118998637,2.8739961521751e-09,"Neutrophil (CD16hi)","CyTOF","Human gammaherpesvirus 4 (EBV).pbmc","child",NA,1.33248912509936e-08
"299","virus_positive",1,3168,9.26716953056303,0.00235215058845406,"Neutrophil (CD16hi)","CyTOF","Human gammaherpesvirus 4 (EBV).pbmc","child",0.170889519842941,0.0299899200027893
"300","event_type",11,3168,19.9490083899911,0,"Neutrophil (CD16hi)","CyTOF","Human gammaherpesvirus 4 (EBV).pbmc","child",NA,0
"301","(Intercept)",1,3168,3.1562576076883,0.0757323346173152,"Neutrophil (CD16low)","CyTOF","Human gammaherpesvirus 4 (EBV).pbmc","child",-0.559481238674246,0.227197003851946
"302","trajectory_group",1,3168,66.2457392327223,5.55111512312578e-16,"Neutrophil (CD16low)","CyTOF","Human gammaherpesvirus 4 (EBV).pbmc","child",0.136301563930576,9.43689570931383e-15
"303","sex",1,3168,0.279169588635905,0.597283024516958,"Neutrophil (CD16low)","CyTOF","Human gammaherpesvirus 4 (EBV).pbmc","child",NA,0.708405447682903
"304","discretized_admit_age_quantile",4,3168,2.01638149038915,0.0894830621547802,"Neutrophil (CD16low)","CyTOF","Human gammaherpesvirus 4 (EBV).pbmc","child",NA,0.114090904247345
"305","virus_positive",1,3168,0.362102450793986,0.547383959798451,"Neutrophil (CD16low)","CyTOF","Human gammaherpesvirus 4 (EBV).pbmc","child",-0.0349001250268086,0.845957028779424
"306","event_type",11,3168,17.3200889498859,0,"Neutrophil (CD16low)","CyTOF","Human gammaherpesvirus 4 (EBV).pbmc","child",NA,0
"307","(Intercept)",1,3168,0.314686214880603,0.574858346303823,"B Cell (CD11c+ CXCR5-)","CyTOF","Human betaherpesvirus 5 (CMV).pbmc","child",-0.184489242327611,0.771520412144605
"308","trajectory_group",1,3168,6.1272004061723,0.0133636843369216,"B Cell (CD11c+ CXCR5-)","CyTOF","Human betaherpesvirus 5 (CMV).pbmc","child",0.0430842608963357,0.0358709421675264
"309","sex",1,3168,0.0405491463595734,0.840423617341079,"B Cell (CD11c+ CXCR5-)","CyTOF","Human betaherpesvirus 5 (CMV).pbmc","child",NA,0.902009060478116
"310","discretized_admit_age_quantile",4,3168,15.3522556313463,1.93134397363792e-12,"B Cell (CD11c+ CXCR5-)","CyTOF","Human betaherpesvirus 5 (CMV).pbmc","child",NA,1.23123178319418e-11
"311","virus_positive",1,3168,0.000426948110440629,0.9835160068639,"B Cell (CD11c+ CXCR5-)","CyTOF","Human betaherpesvirus 5 (CMV).pbmc","child",-0.00305853715696932,0.9835160068639
"312","event_type",11,3168,1.92872284540669,0.0316003580295645,"B Cell (CD11c+ CXCR5-)","CyTOF","Human betaherpesvirus 5 (CMV).pbmc","child",NA,0.0393077624270193
"313","(Intercept)",1,3168,1.21125952736344,0.271166436270815,"B Cell (CD27+ non-switched memory)","CyTOF","Human betaherpesvirus 5 (CMV).pbmc","child",0.367387748565316,0.531903394223522
"314","trajectory_group",1,3168,0.290376490529713,0.590017230332994,"B Cell (CD27+ non-switched memory)","CyTOF","Human betaherpesvirus 5 (CMV).pbmc","child",0.00956264273164257,0.722240580096345
"315","sex",1,3168,3.69017435348627,0.0548235418162205,"B Cell (CD27+ non-switched memory)","CyTOF","Human betaherpesvirus 5 (CMV).pbmc","child",NA,0.0998571654509731
"316","discretized_admit_age_quantile",4,3168,2.63084027464535,0.0326699978974752,"B Cell (CD27+ non-switched memory)","CyTOF","Human betaherpesvirus 5 (CMV).pbmc","child",NA,0.0490049968462127
"317","virus_positive",1,3168,1.62005882726451,0.203176984441886,"B Cell (CD27+ non-switched memory)","CyTOF","Human betaherpesvirus 5 (CMV).pbmc","child",0.19075575781208,0.370072364519149
"318","event_type",11,3168,0.907905569188738,0.531700216844505,"B Cell (CD27+ non-switched memory)","CyTOF","Human betaherpesvirus 5 (CMV).pbmc","child",NA,0.576951299129144
"319","(Intercept)",1,3168,4.52851266315686,0.0334115681720895,"B Cell (CD27+ switched memory)","CyTOF","Human betaherpesvirus 5 (CMV).pbmc","child",0.705660349718558,0.14199916473138
"320","trajectory_group",1,3168,0.0989373799858546,0.753129278311447,"B Cell (CD27+ switched memory)","CyTOF","Human betaherpesvirus 5 (CMV).pbmc","child",0.00555094197771604,0.817225387103911
"321","sex",1,3168,9.3917593156798,0.00219798467537613,"B Cell (CD27+ switched memory)","CyTOF","Human betaherpesvirus 5 (CMV).pbmc","child",NA,0.00700607615276141
"322","discretized_admit_age_quantile",4,3168,9.52777065107331,1.17751871697713e-07,"B Cell (CD27+ switched memory)","CyTOF","Human betaherpesvirus 5 (CMV).pbmc","child",NA,4.28953246898813e-07
"323","virus_positive",1,3168,2.39097044729042,0.122137731780007,"B Cell (CD27+ switched memory)","CyTOF","Human betaherpesvirus 5 (CMV).pbmc","child",0.229287287066304,0.28313746912638
"324","event_type",11,3168,2.83192131976003,0.00108437266329076,"B Cell (CD27+ switched memory)","CyTOF","Human betaherpesvirus 5 (CMV).pbmc","child",NA,0.0015800858807951
"325","(Intercept)",1,3168,5.07063013307578,0.0244027634532087,"B Cell (CD71+ activated)","CyTOF","Human betaherpesvirus 5 (CMV).pbmc","child",0.694377361134535,0.11314008510124
"326","trajectory_group",1,3168,1.37295858848411,0.241392320589823,"B Cell (CD71+ activated)","CyTOF","Human betaherpesvirus 5 (CMV).pbmc","child",0.0190715347137641,0.397129301615515
"327","sex",1,3168,0.0151619005936379,0.902009060478116,"B Cell (CD71+ activated)","CyTOF","Human betaherpesvirus 5 (CMV).pbmc","child",NA,0.902009060478116
"328","discretized_admit_age_quantile",4,3168,3.20808116271133,0.0122401064588359,"B Cell (CD71+ activated)","CyTOF","Human betaherpesvirus 5 (CMV).pbmc","child",NA,0.020808180980021
"329","virus_positive",1,3168,0.0216055311973981,0.883150686510818,"B Cell (CD71+ activated)","CyTOF","Human betaherpesvirus 5 (CMV).pbmc","child",-0.0204153350357025,0.923924520228588
"330","event_type",11,3168,3.78905413340265,2.00277750894706e-05,"B Cell (CD71+ activated)","CyTOF","Human betaherpesvirus 5 (CMV).pbmc","child",NA,3.52212596401035e-05
"331","(Intercept)",1,3168,0.414996454359508,0.519490971838454,"B Cell (Plasmablast)","CyTOF","Human betaherpesvirus 5 (CMV).pbmc","child",0.189282601380907,0.735945543437809
"332","trajectory_group",1,3168,7.3304283276835,0.00681608687676727,"B Cell (Plasmablast)","CyTOF","Human betaherpesvirus 5 (CMV).pbmc","child",0.0422471491576202,0.0193122461508406
"333","sex",1,3168,3.89625189379501,0.0484807111486518,"B Cell (Plasmablast)","CyTOF","Human betaherpesvirus 5 (CMV).pbmc","child",NA,0.0915746766141201
"334","discretized_admit_age_quantile",4,3168,2.02054976222974,0.0888886131492697,"B Cell (Plasmablast)","CyTOF","Human betaherpesvirus 5 (CMV).pbmc","child",NA,0.113332981765319
"335","virus_positive",1,3168,0.546260258705381,0.459904545340662,"B Cell (Plasmablast)","CyTOF","Human betaherpesvirus 5 (CMV).pbmc","child",-0.0975852304176305,0.689856818010993
"336","event_type",11,3168,79.8447912235877,0,"B Cell (Plasmablast)","CyTOF","Human betaherpesvirus 5 (CMV).pbmc","child",NA,0
"337","(Intercept)",1,3168,4.26129077338942,0.0390715146263622,"B Cell (naive)","CyTOF","Human betaherpesvirus 5 (CMV).pbmc","child",0.655413762224998,0.153280557380344
"338","trajectory_group",1,3168,12.14944594902,0.000497691334809813,"B Cell (naive)","CyTOF","Human betaherpesvirus 5 (CMV).pbmc","child",0.0588984875436134,0.00181301843395003
"339","sex",1,3168,2.14711240341126,0.142937548038178,"B Cell (naive)","CyTOF","Human betaherpesvirus 5 (CMV).pbmc","child",NA,0.22090348333173
"340","discretized_admit_age_quantile",4,3168,28.5854381271198,0,"B Cell (naive)","CyTOF","Human betaherpesvirus 5 (CMV).pbmc","child",NA,0
"341","virus_positive",1,3168,4.453550081461,0.0349069622641669,"B Cell (naive)","CyTOF","Human betaherpesvirus 5 (CMV).pbmc","child",0.300089743549858,0.118683671698167
"342","event_type",11,3168,18.1722559004739,0,"B Cell (naive)","CyTOF","Human betaherpesvirus 5 (CMV).pbmc","child",NA,0
"343","(Intercept)",1,3168,8.7598172219991,0.0031022262263618,"B Cell (transitional)","CyTOF","Human betaherpesvirus 5 (CMV).pbmc","child",0.94794777090869,0.0527378458481507
"344","trajectory_group",1,3168,0.320289609874026,0.571473735252586,"B Cell (transitional)","CyTOF","Human betaherpesvirus 5 (CMV).pbmc","child",0.00964708747116907,0.722240580096345
"345","sex",1,3168,12.3002070844191,0.000459201164297651,"B Cell (transitional)","CyTOF","Human betaherpesvirus 5 (CMV).pbmc","child",NA,0.00180148149070617
"346","discretized_admit_age_quantile",4,3168,26.2196365761724,0,"B Cell (transitional)","CyTOF","Human betaherpesvirus 5 (CMV).pbmc","child",NA,0
"347","virus_positive",1,3168,0.056873524972989,0.811522925455072,"B Cell (transitional)","CyTOF","Human betaherpesvirus 5 (CMV).pbmc","child",-0.0341690160732445,0.880588706344865
"348","event_type",11,3168,8.71911972926863,1.99840144432528e-15,"B Cell (transitional)","CyTOF","Human betaherpesvirus 5 (CMV).pbmc","child",NA,4.43123798524302e-15
"349","(Intercept)",1,3168,1.35179383644414,0.245052334404282,"CD4+ NKT Cell","CyTOF","Human betaherpesvirus 5 (CMV).pbmc","child",-0.387158310175876,0.499906762184735
"350","trajectory_group",1,3168,0.560209792554893,0.454231288317237,"CD4+ NKT Cell","CyTOF","Human betaherpesvirus 5 (CMV).pbmc","child",-0.0130446541624444,0.632199224254682
"351","sex",1,3168,7.47673228081135,0.00628490826866124,"CD4+ NKT Cell","CyTOF","Human betaherpesvirus 5 (CMV).pbmc","child",NA,0.0178072400945402
"352","discretized_admit_age_quantile",4,3168,5.6193719249178,0.000166428466653601,"CD4+ NKT Cell","CyTOF","Human betaherpesvirus 5 (CMV).pbmc","child",NA,0.000369037034753637
"353","virus_positive",1,3168,1.66089748042483,0.19757629343623,"CD4+ NKT Cell","CyTOF","Human betaherpesvirus 5 (CMV).pbmc","child",-0.193545197767193,0.370072364519149
"354","event_type",11,3168,0.93866533695393,0.501574074816816,"CD4+ NKT Cell","CyTOF","Human betaherpesvirus 5 (CMV).pbmc","child",NA,0.556092995992557
"355","(Intercept)",1,3168,0.067014574442768,0.795751026482742,"CD4+ T Cell (CM)","CyTOF","Human betaherpesvirus 5 (CMV).pbmc","child",0.0822423851478981,0.889033414606318
"356","trajectory_group",1,3168,55.1612540470711,1.41997524849558e-13,"CD4+ T Cell (CM)","CyTOF","Human betaherpesvirus 5 (CMV).pbmc","child",-0.125170206514918,1.44837475346549e-12
"357","sex",1,3168,29.2069039540414,6.98635027607253e-08,"CD4+ T Cell (CM)","CyTOF","Human betaherpesvirus 5 (CMV).pbmc","child",NA,5.09005520113856e-07
"358","discretized_admit_age_quantile",4,3168,5.56947697198285,0.00018227757423861,"CD4+ T Cell (CM)","CyTOF","Human betaherpesvirus 5 (CMV).pbmc","child",NA,0.000387339845257045
"359","virus_positive",1,3168,11.7592282162995,0.000613156199580023,"CD4+ T Cell (CM)","CyTOF","Human betaherpesvirus 5 (CMV).pbmc","child",-0.483751748265591,0.00446728088265445
"360","event_type",11,3168,9.34572768464169,1.11022302462516e-16,"CD4+ T Cell (CM)","CyTOF","Human betaherpesvirus 5 (CMV).pbmc","child",NA,2.57369882981286e-16
"361","(Intercept)",1,3168,0.931999905546054,0.33441747727645,"CD4+ T Cell (EM CD27hi)","CyTOF","Human betaherpesvirus 5 (CMV).pbmc","child",0.271799601435472,0.588113494520653
"362","trajectory_group",1,3168,91.1226872027737,0,"CD4+ T Cell (EM CD27hi)","CyTOF","Human betaherpesvirus 5 (CMV).pbmc","child",-0.142477865444257,0
"363","sex",1,3168,39.9633157837282,2.95051982845962e-10,"CD4+ T Cell (EM CD27hi)","CyTOF","Human betaherpesvirus 5 (CMV).pbmc","child",NA,3.76191278128601e-09
"364","discretized_admit_age_quantile",4,3168,15.9882069530339,5.76649838990306e-13,"CD4+ T Cell (EM CD27hi)","CyTOF","Human betaherpesvirus 5 (CMV).pbmc","child",NA,4.9015236314176e-12
"365","virus_positive",1,3168,4.86985069091591,0.0274013399471318,"CD4+ T Cell (EM CD27hi)","CyTOF","Human betaherpesvirus 5 (CMV).pbmc","child",-0.275615940393692,0.107497564407979
"366","event_type",11,3168,62.3096918847995,0,"CD4+ T Cell (EM CD27hi)","CyTOF","Human betaherpesvirus 5 (CMV).pbmc","child",NA,0
"367","(Intercept)",1,3168,1.46707302657615,0.225898415662904,"CD4+ T Cell (EM CD27low)","CyTOF","Human betaherpesvirus 5 (CMV).pbmc","child",-0.369297972627306,0.480034133283671
"368","trajectory_group",1,3168,55.2435812615287,1.36335387423969e-13,"CD4+ T Cell (EM CD27low)","CyTOF","Human betaherpesvirus 5 (CMV).pbmc","child",-0.119810122539714,1.44837475346549e-12
"369","sex",1,3168,12.4990780314117,0.000412983100778308,"CD4+ T Cell (EM CD27low)","CyTOF","Human betaherpesvirus 5 (CMV).pbmc","child",NA,0.00175517817830781
"370","discretized_admit_age_quantile",4,3168,2.32307179449572,0.0544332734524802,"CD4+ T Cell (EM CD27low)","CyTOF","Human betaherpesvirus 5 (CMV).pbmc","child",NA,0.0750296471912564
"371","virus_positive",1,3168,8.91148272169842,0.00285550685553915,"CD4+ T Cell (EM CD27low)","CyTOF","Human betaherpesvirus 5 (CMV).pbmc","child",-0.402264073014423,0.0161812055147218
"372","event_type",11,3168,38.4263449096231,0,"CD4+ T Cell (EM CD27low)","CyTOF","Human betaherpesvirus 5 (CMV).pbmc","child",NA,0
"373","(Intercept)",1,3168,4.12677615010803,0.0422930008233987,"CD4+ T Cell (EM CD57hi)","CyTOF","Human betaherpesvirus 5 (CMV).pbmc","child",-0.672050198276326,0.154067360142381
"374","trajectory_group",1,3168,0.0156646762331674,0.900405929674905,"CD4+ T Cell (EM CD57hi)","CyTOF","Human betaherpesvirus 5 (CMV).pbmc","child",-0.00219577032940842,0.937157192110615
"375","sex",1,3168,13.305785467391,0.000268850379554597,"CD4+ T Cell (EM CD57hi)","CyTOF","Human betaherpesvirus 5 (CMV).pbmc","child",NA,0.0012464881233895
"376","discretized_admit_age_quantile",4,3168,13.363137678773,8.42652614352346e-11,"CD4+ T Cell (EM CD57hi)","CyTOF","Human betaherpesvirus 5 (CMV).pbmc","child",NA,4.77503148132996e-10
"377","virus_positive",1,3168,1.40476834729384,0.236015720626132,"CD4+ T Cell (EM CD57hi)","CyTOF","Human betaherpesvirus 5 (CMV).pbmc","child",0.174022489716499,0.391936866529584
"378","event_type",11,3168,3.56054053814804,5.33681227201654e-05,"CD4+ T Cell (EM CD57hi)","CyTOF","Human betaherpesvirus 5 (CMV).pbmc","child",NA,8.24780078402557e-05
"379","(Intercept)",1,3168,3.49637617041454,0.0615954360420994,"CD4+ T Cell (EMRA CD57hi)","CyTOF","Human betaherpesvirus 5 (CMV).pbmc","child",-0.622411423928945,0.196335452384192
"380","trajectory_group",1,3168,1.15248030872275,0.283112298541928,"CD4+ T Cell (EMRA CD57hi)","CyTOF","Human betaherpesvirus 5 (CMV).pbmc","child",-0.0189829031188332,0.451210225801198
"381","sex",1,3168,0.0634258410897148,0.801177305635389,"CD4+ T Cell (EMRA CD57hi)","CyTOF","Human betaherpesvirus 5 (CMV).pbmc","child",NA,0.901889598899044
"382","discretized_admit_age_quantile",4,3168,8.51528830807456,7.84904722772595e-07,"CD4+ T Cell (EMRA CD57hi)","CyTOF","Human betaherpesvirus 5 (CMV).pbmc","child",NA,2.50188380383765e-06
"383","virus_positive",1,3168,2.12741748164577,0.144783473963551,"CD4+ T Cell (EMRA CD57hi)","CyTOF","Human betaherpesvirus 5 (CMV).pbmc","child",0.218117987855992,0.307664882172545
"384","event_type",11,3168,1.26459449748402,0.238588180188318,"CD4+ T Cell (EMRA CD57hi)","CyTOF","Human betaherpesvirus 5 (CMV).pbmc","child",NA,0.27039993754676
"385","(Intercept)",1,3168,0.779564800605622,0.377341264318321,"CD4+ T Cell (EMRA CD57low)","CyTOF","Human betaherpesvirus 5 (CMV).pbmc","child",-0.295167370657033,0.620787241297882
"386","trajectory_group",1,3168,0.599322697929628,0.438894332864661,"CD4+ T Cell (EMRA CD57low)","CyTOF","Human betaherpesvirus 5 (CMV).pbmc","child",-0.0137577721368073,0.632199224254682
"387","sex",1,3168,2.17195768936315,0.140646566722048,"CD4+ T Cell (EMRA CD57low)","CyTOF","Human betaherpesvirus 5 (CMV).pbmc","child",NA,0.22090348333173
"388","discretized_admit_age_quantile",4,3168,7.07016321663665,1.15535188366378e-05,"CD4+ T Cell (EMRA CD57low)","CyTOF","Human betaherpesvirus 5 (CMV).pbmc","child",NA,3.10120768772909e-05
"389","virus_positive",1,3168,0.262028872314711,0.60876538568872,"CD4+ T Cell (EMRA CD57low)","CyTOF","Human betaherpesvirus 5 (CMV).pbmc","child",-0.0768316334233585,0.722024062095924
"390","event_type",11,3168,0.615318933211543,0.81732239874393,"CD4+ T Cell (EMRA CD57low)","CyTOF","Human betaherpesvirus 5 (CMV).pbmc","child",NA,0.850682496651846
"391","(Intercept)",1,3168,5.90806808739483,0.0151268405937073,"CD4+ T Cell (activated)","CyTOF","Human betaherpesvirus 5 (CMV).pbmc","child",0.741593682935878,0.100160778976162
"392","trajectory_group",1,3168,11.0872332260902,0.000879189502657418,"CD4+ T Cell (activated)","CyTOF","Human betaherpesvirus 5 (CMV).pbmc","child",0.053118962581797,0.00298924430903522
"393","sex",1,3168,0.0265518336041793,0.870570294800764,"CD4+ T Cell (activated)","CyTOF","Human betaherpesvirus 5 (CMV).pbmc","child",NA,0.902009060478116
"394","discretized_admit_age_quantile",4,3168,7.4408860518399,5.81024912138517e-06,"CD4+ T Cell (activated)","CyTOF","Human betaherpesvirus 5 (CMV).pbmc","child",NA,1.64623725105913e-05
"395","virus_positive",1,3168,20.1724757885728,7.32913531353852e-06,"CD4+ T Cell (activated)","CyTOF","Human betaherpesvirus 5 (CMV).pbmc","child",0.597837595802211,0.000124595300330155
"396","event_type",11,3168,36.9061725865629,0,"CD4+ T Cell (activated)","CyTOF","Human betaherpesvirus 5 (CMV).pbmc","child",NA,0
"397","(Intercept)",1,3168,2.09999142417109,0.147398939956832,"CD4+ T Cell (naive)","CyTOF","Human betaherpesvirus 5 (CMV).pbmc","child",0.468547423241092,0.357968854180878
"398","trajectory_group",1,3168,13.5839901574688,0.000231943724101069,"CD4+ T Cell (naive)","CyTOF","Human betaherpesvirus 5 (CMV).pbmc","child",-0.0634192857022458,0.000909933071473425
"399","sex",1,3168,31.5675437564988,2.09295254460784e-08,"CD4+ T Cell (naive)","CyTOF","Human betaherpesvirus 5 (CMV).pbmc","child",NA,1.77900966291666e-07
"400","discretized_admit_age_quantile",4,3168,11.0616086902736,6.55802667726135e-09,"CD4+ T Cell (naive)","CyTOF","Human betaherpesvirus 5 (CMV).pbmc","child",NA,2.78716133783607e-08
"401","virus_positive",1,3168,3.95569366655593,0.0467989441309256,"CD4+ T Cell (naive)","CyTOF","Human betaherpesvirus 5 (CMV).pbmc","child",-0.287536706605168,0.13685076708628
"402","event_type",11,3168,3.88795802836181,1.3047772830177e-05,"CD4+ T Cell (naive)","CyTOF","Human betaherpesvirus 5 (CMV).pbmc","child",NA,2.46457931236677e-05
"403","(Intercept)",1,3168,0.11474419401125,0.73482871387968,"CD4+ Treg (CD39hi)","CyTOF","Human betaherpesvirus 5 (CMV).pbmc","child",-0.109879896820958,0.851733281996902
"404","trajectory_group",1,3168,4.41422990643132,0.0357191799402954,"CD4+ Treg (CD39hi)","CyTOF","Human betaherpesvirus 5 (CMV).pbmc","child",-0.0359498183880432,0.0828035534979575
"405","sex",1,3168,5.03698207765318,0.0248804493727075,"CD4+ Treg (CD39hi)","CyTOF","Human betaherpesvirus 5 (CMV).pbmc","child",NA,0.0576774053640038
"406","discretized_admit_age_quantile",4,3168,8.41136547818081,9.53124470237654e-07,"CD4+ Treg (CD39hi)","CyTOF","Human betaherpesvirus 5 (CMV).pbmc","child",NA,2.85937341071296e-06
"407","virus_positive",1,3168,2.46704192734712,0.116356397750007,"CD4+ Treg (CD39hi)","CyTOF","Human betaherpesvirus 5 (CMV).pbmc","child",-0.22454057804075,0.28257982310716
"408","event_type",11,3168,3.0649548016972,0.000422906852119209,"CD4+ Treg (CD39hi)","CyTOF","Human betaherpesvirus 5 (CMV).pbmc","child",NA,0.000634360278178814
"409","(Intercept)",1,3168,0.200228819802233,0.654566805693432,"CD4+ Treg (CD39low)","CyTOF","Human betaherpesvirus 5 (CMV).pbmc","child",-0.148325087383252,0.819851805325077
"410","trajectory_group",1,3168,2.30241303492875,0.129272960970696,"CD4+ Treg (CD39low)","CyTOF","Human betaherpesvirus 5 (CMV).pbmc","child",-0.0267397485658105,0.244182259611315
"411","sex",1,3168,1.83066356287821,0.1761457337133,"CD4+ Treg (CD39low)","CyTOF","Human betaherpesvirus 5 (CMV).pbmc","child",NA,0.26421860056995
"412","discretized_admit_age_quantile",4,3168,0.464267029835018,0.762018865418722,"CD4+ Treg (CD39low)","CyTOF","Human betaherpesvirus 5 (CMV).pbmc","child",NA,0.782574171516166
"413","virus_positive",1,3168,1.39152602686799,0.238236134557198,"CD4+ Treg (CD39low)","CyTOF","Human betaherpesvirus 5 (CMV).pbmc","child",-0.175540420079933,0.391936866529584
"414","event_type",11,3168,5.37412747916341,1.64740960872933e-08,"CD4+ Treg (CD39low)","CyTOF","Human betaherpesvirus 5 (CMV).pbmc","child",NA,3.23145730943061e-08
"415","(Intercept)",1,3168,0.126452289465168,0.722162839964055,"CD4+ Treg (naive)","CyTOF","Human betaherpesvirus 5 (CMV).pbmc","child",0.11414248422706,0.851733281996902
"416","trajectory_group",1,3168,0.00298476579668236,0.956434284654324,"CD4+ Treg (naive)","CyTOF","Human betaherpesvirus 5 (CMV).pbmc","child",-0.000926806141158013,0.956434284654324
"417","sex",1,3168,35.0446949293906,3.56698337533601e-09,"CD4+ Treg (naive)","CyTOF","Human betaherpesvirus 5 (CMV).pbmc","child",NA,3.63832304284273e-08
"418","discretized_admit_age_quantile",4,3168,2.56950158660969,0.0361986582315283,"CD4+ Treg (naive)","CyTOF","Human betaherpesvirus 5 (CMV).pbmc","child",NA,0.052746616280227
"419","virus_positive",1,3168,1.01811478173315,0.313043665034398,"CD4+ Treg (naive)","CyTOF","Human betaherpesvirus 5 (CMV).pbmc","child",-0.145832689638386,0.498913341148571
"420","event_type",11,3168,26.1273339713559,0,"CD4+ Treg (naive)","CyTOF","Human betaherpesvirus 5 (CMV).pbmc","child",NA,0
"421","(Intercept)",1,3168,0.175644109642108,0.675172074973593,"CD8+ NKT Cell","CyTOF","Human betaherpesvirus 5 (CMV).pbmc","child",-0.136800087666876,0.819851805325077
"422","trajectory_group",1,3168,26.5630785290144,2.70705898475221e-07,"CD8+ NKT Cell","CyTOF","Human betaherpesvirus 5 (CMV).pbmc","child",-0.0895324104599512,1.25509098383966e-06
"423","sex",1,3168,1.22207992553864,0.26903679710582,"CD8+ NKT Cell","CyTOF","Human betaherpesvirus 5 (CMV).pbmc","child",NA,0.361075701378864
"424","discretized_admit_age_quantile",4,3168,2.6440542024272,0.0319544836207148,"CD8+ NKT Cell","CyTOF","Human betaherpesvirus 5 (CMV).pbmc","child",NA,0.0490049968462127
"425","virus_positive",1,3168,0.317687836617014,0.573040388206487,"CD8+ NKT Cell","CyTOF","Human betaherpesvirus 5 (CMV).pbmc","child",0.0824116750422055,0.722024062095924
"426","event_type",11,3168,3.76831553967433,2.19036343203083e-05,"CD8+ NKT Cell","CyTOF","Human betaherpesvirus 5 (CMV).pbmc","child",NA,3.72361783445241e-05
"427","(Intercept)",1,3168,7.11966234743064,0.00766315114129346,"CD8+ T Cell (CD161+ MAIT)","CyTOF","Human betaherpesvirus 5 (CMV).pbmc","child",0.799144581283466,0.0664089720028976
"428","trajectory_group",1,3168,43.9812605235174,3.88311605092895e-11,"CD8+ T Cell (CD161+ MAIT)","CyTOF","Human betaherpesvirus 5 (CMV).pbmc","child",-0.104384238349767,2.4754864824672e-10
"429","sex",1,3168,9.13478700552184,0.00252801880463882,"CD8+ T Cell (CD161+ MAIT)","CyTOF","Human betaherpesvirus 5 (CMV).pbmc","child",NA,0.00758405641391646
"430","discretized_admit_age_quantile",4,3168,82.4658079345296,0,"CD8+ T Cell (CD161+ MAIT)","CyTOF","Human betaherpesvirus 5 (CMV).pbmc","child",NA,0
"431","virus_positive",1,3168,7.90303757037616,0.00496552760245661,"CD8+ T Cell (CD161+ MAIT)","CyTOF","Human betaherpesvirus 5 (CMV).pbmc","child",-0.379529372512648,0.0253241907725287
"432","event_type",11,3168,11.4725934665062,0,"CD8+ T Cell (CD161+ MAIT)","CyTOF","Human betaherpesvirus 5 (CMV).pbmc","child",NA,0
"433","(Intercept)",1,3168,0.181639166754333,0.669997289473068,"CD8+ T Cell (CM)","CyTOF","Human betaherpesvirus 5 (CMV).pbmc","child",-0.135437093213385,0.819851805325077
"434","trajectory_group",1,3168,16.5198098512146,4.93143396633755e-05,"CD8+ T Cell (CM)","CyTOF","Human betaherpesvirus 5 (CMV).pbmc","child",-0.0685196456564953,0.000209585943569346
"435","sex",1,3168,0.889756913290044,0.345615118158303,"CD8+ T Cell (CM)","CyTOF","Human betaherpesvirus 5 (CMV).pbmc","child",NA,0.440659275651836
"436","discretized_admit_age_quantile",4,3168,4.89574496367262,0.000618518779089583,"CD8+ T Cell (CM)","CyTOF","Human betaherpesvirus 5 (CMV).pbmc","child",NA,0.00121324837436803
"437","virus_positive",1,3168,18.4842485436472,1.76480819649161e-05,"CD8+ T Cell (CM)","CyTOF","Human betaherpesvirus 5 (CMV).pbmc","child",-0.614340612432678,0.00022501304505268
"438","event_type",11,3168,16.2766268984369,0,"CD8+ T Cell (CM)","CyTOF","Human betaherpesvirus 5 (CMV).pbmc","child",NA,0
"439","(Intercept)",1,3168,0.215244680293221,0.642719245540957,"CD8+ T Cell (EM CD27hi)","CyTOF","Human betaherpesvirus 5 (CMV).pbmc","child",-0.143546849341659,0.819851805325077
"440","trajectory_group",1,3168,46.4920322230997,1.09710018847409e-11,"CD8+ T Cell (EM CD27hi)","CyTOF","Human betaherpesvirus 5 (CMV).pbmc","child",-0.112251388533195,7.99315851602549e-11
"441","sex",1,3168,15.6196882561415,7.9134828855576e-05,"CD8+ T Cell (EM CD27hi)","CyTOF","Human betaherpesvirus 5 (CMV).pbmc","child",NA,0.000448430696848264
"442","discretized_admit_age_quantile",4,3168,6.26005146581982,5.14966953837348e-05,"CD8+ T Cell (EM CD27hi)","CyTOF","Human betaherpesvirus 5 (CMV).pbmc","child",NA,0.000131316573228524
"443","virus_positive",1,3168,0.262118338211289,0.60870423554201,"CD8+ T Cell (EM CD27hi)","CyTOF","Human betaherpesvirus 5 (CMV).pbmc","child",0.0707631749553142,0.722024062095924
"444","event_type",11,3168,30.204909792387,0,"CD8+ T Cell (EM CD27hi)","CyTOF","Human betaherpesvirus 5 (CMV).pbmc","child",NA,0
"445","(Intercept)",1,3168,2.57969107255065,0.108342448440367,"CD8+ T Cell (EM CD27low)","CyTOF","Human betaherpesvirus 5 (CMV).pbmc","child",0.535791971436265,0.306970270581039
"446","trajectory_group",1,3168,0.106256189912068,0.744468873916559,"CD8+ T Cell (EM CD27low)","CyTOF","Human betaherpesvirus 5 (CMV).pbmc","child",-0.00577834921115152,0.817225387103911
"447","sex",1,3168,3.24280229843932,0.0718329112018896,"CD8+ T Cell (EM CD27low)","CyTOF","Human betaherpesvirus 5 (CMV).pbmc","child",NA,0.126326843837806
"448","discretized_admit_age_quantile",4,3168,0.501086872584349,0.734959471902433,"CD8+ T Cell (EM CD27low)","CyTOF","Human betaherpesvirus 5 (CMV).pbmc","child",NA,0.780894438896335
"449","virus_positive",1,3168,3.1412487167899,0.0764314322747355,"CD8+ T Cell (EM CD27low)","CyTOF","Human betaherpesvirus 5 (CMV).pbmc","child",-0.265549310150168,0.194900152300575
"450","event_type",11,3168,1.26600355139568,0.237718910039318,"CD8+ T Cell (EM CD27low)","CyTOF","Human betaherpesvirus 5 (CMV).pbmc","child",NA,0.27039993754676
"451","(Intercept)",1,3168,0.00578548361913531,0.939374283263152,"CD8+ T Cell (EM CD57hi)","CyTOF","Human betaherpesvirus 5 (CMV).pbmc","child",0.0243856999850887,0.939374283263152
"452","trajectory_group",1,3168,0.201589954688802,0.653471240432374,"CD8+ T Cell (EM CD57hi)","CyTOF","Human betaherpesvirus 5 (CMV).pbmc","child",0.00765945811080484,0.757432574137524
"453","sex",1,3168,13.3611026368533,0.000261067794496084,"CD8+ T Cell (EM CD57hi)","CyTOF","Human betaherpesvirus 5 (CMV).pbmc","child",NA,0.0012464881233895
"454","discretized_admit_age_quantile",4,3168,3.29419634847003,0.0105491305526544,"CD8+ T Cell (EM CD57hi)","CyTOF","Human betaherpesvirus 5 (CMV).pbmc","child",NA,0.0185519192477715
"455","virus_positive",1,3168,3.25329285016922,0.0713750876769683,"CD8+ T Cell (EM CD57hi)","CyTOF","Human betaherpesvirus 5 (CMV).pbmc","child",0.258373058959886,0.191585761659231
"456","event_type",11,3168,14.8704231929346,0,"CD8+ T Cell (EM CD57hi)","CyTOF","Human betaherpesvirus 5 (CMV).pbmc","child",NA,0
"457","(Intercept)",1,3168,3.82191328648386,0.0506742615545932,"CD8+ T Cell (EMRA CD57hi)","CyTOF","Human betaherpesvirus 5 (CMV).pbmc","child",-0.632472867791355,0.172292489285617
"458","trajectory_group",1,3168,1.63439418187091,0.201189998393004,"CD8+ T Cell (EMRA CD57hi)","CyTOF","Human betaherpesvirus 5 (CMV).pbmc","child",-0.0220067786842115,0.347534142984499
"459","sex",1,3168,0.0556831505342645,0.813469049987373,"CD8+ T Cell (EMRA CD57hi)","CyTOF","Human betaherpesvirus 5 (CMV).pbmc","child",NA,0.901889598899044
"460","discretized_admit_age_quantile",4,3168,6.19704128720612,5.7816169674263e-05,"CD8+ T Cell (EMRA CD57hi)","CyTOF","Human betaherpesvirus 5 (CMV).pbmc","child",NA,0.000140410697780353
"461","virus_positive",1,3168,6.18120045302268,0.0129626238549336,"CD8+ T Cell (EMRA CD57hi)","CyTOF","Human betaherpesvirus 5 (CMV).pbmc","child",0.360594846267519,0.0550911513834679
"462","event_type",11,3168,16.6135250382997,0,"CD8+ T Cell (EMRA CD57hi)","CyTOF","Human betaherpesvirus 5 (CMV).pbmc","child",NA,0
"463","(Intercept)",1,3168,2.23306146453224,0.135185543976315,"CD8+ T Cell (EMRA CD57low)","CyTOF","Human betaherpesvirus 5 (CMV).pbmc","child",-0.478717092326948,0.344723137139602
"464","trajectory_group",1,3168,2.70929792041201,0.0998640837865753,"CD8+ T Cell (EMRA CD57low)","CyTOF","Human betaherpesvirus 5 (CMV).pbmc","child",-0.0280424190687611,0.203722730924614
"465","sex",1,3168,26.1641724455186,3.32239282307967e-07,"CD8+ T Cell (EMRA CD57low)","CyTOF","Human betaherpesvirus 5 (CMV).pbmc","child",NA,2.11802542471329e-06
"466","discretized_admit_age_quantile",4,3168,13.304057992769,9.42523836755527e-11,"CD8+ T Cell (EMRA CD57low)","CyTOF","Human betaherpesvirus 5 (CMV).pbmc","child",NA,4.80687156745319e-10
"467","virus_positive",1,3168,6.32560571090977,0.0119498020662516,"CD8+ T Cell (EMRA CD57low)","CyTOF","Human betaherpesvirus 5 (CMV).pbmc","child",0.359402584297905,0.0550911513834679
"468","event_type",11,3168,12.7232438605534,0,"CD8+ T Cell (EMRA CD57low)","CyTOF","Human betaherpesvirus 5 (CMV).pbmc","child",NA,0
"469","(Intercept)",1,3168,7.52596152626195,0.00611584125555975,"CD8+ T Cell (activated)","CyTOF","Human betaherpesvirus 5 (CMV).pbmc","child",0.877487073128866,0.0664089720028976
"470","trajectory_group",1,3168,0.00653213722010283,0.93558890469501,"CD8+ T Cell (activated)","CyTOF","Human betaherpesvirus 5 (CMV).pbmc","child",0.00137165630816893,0.95430068278891
"471","sex",1,3168,2.29692473894273,0.12973019424713,"CD8+ T Cell (activated)","CyTOF","Human betaherpesvirus 5 (CMV).pbmc","child",NA,0.213427093761408
"472","discretized_admit_age_quantile",4,3168,4.06056244510579,0.00275500457559597,"CD8+ T Cell (activated)","CyTOF","Human betaherpesvirus 5 (CMV).pbmc","child",NA,0.00520389753168127
"473","virus_positive",1,3168,36.1185004462463,2.06805039759672e-09,"CD8+ T Cell (activated)","CyTOF","Human betaherpesvirus 5 (CMV).pbmc","child",0.86428812353244,1.05470570277433e-07
"474","event_type",11,3168,22.9358755390385,0,"CD8+ T Cell (activated)","CyTOF","Human betaherpesvirus 5 (CMV).pbmc","child",NA,0
"475","(Intercept)",1,3168,42.602617488847,7.78123121492058e-11,"CD8+ T Cell (naive)","CyTOF","Human betaherpesvirus 5 (CMV).pbmc","child",1.69239735583078,3.9684279196095e-09
"476","trajectory_group",1,3168,49.7669473386745,2.11719530796017e-12,"CD8+ T Cell (naive)","CyTOF","Human betaherpesvirus 5 (CMV).pbmc","child",-0.0973208115873596,1.79961601176615e-11
"477","sex",1,3168,82.7901283601577,0,"CD8+ T Cell (naive)","CyTOF","Human betaherpesvirus 5 (CMV).pbmc","child",NA,0
"478","discretized_admit_age_quantile",4,3168,336.423976667122,0,"CD8+ T Cell (naive)","CyTOF","Human betaherpesvirus 5 (CMV).pbmc","child",NA,0
"479","virus_positive",1,3168,4.13104933635904,0.0421864813964283,"CD8+ T Cell (naive)","CyTOF","Human betaherpesvirus 5 (CMV).pbmc","child",-0.236298446987646,0.134469409451115
"480","event_type",11,3168,1.69708148786129,0.0678790616372791,"CD8+ T Cell (naive)","CyTOF","Human betaherpesvirus 5 (CMV).pbmc","child",NA,0.0824245748452675
"481","(Intercept)",1,3168,5.71670327579771,0.0168622918479351,"Conventional DC","CyTOF","Human betaherpesvirus 5 (CMV).pbmc","child",-0.779187856036697,0.100160778976162
"482","trajectory_group",1,3168,2.10829874161694,0.146601133087325,"Conventional DC","CyTOF","Human betaherpesvirus 5 (CMV).pbmc","child",-0.0251823604294611,0.267023492409056
"483","sex",1,3168,4.19240709496355,0.0406877053116296,"Conventional DC","CyTOF","Human betaherpesvirus 5 (CMV).pbmc","child",NA,0.0798104988805042
"484","discretized_admit_age_quantile",4,3168,0.943321635385591,0.437707628979319,"Conventional DC","CyTOF","Human betaherpesvirus 5 (CMV).pbmc","child",NA,0.496068646176561
"485","virus_positive",1,3168,0.0719076072454085,0.788596747903809,"Conventional DC","CyTOF","Human betaherpesvirus 5 (CMV).pbmc","child",-0.0390734887748722,0.87431378571944
"486","event_type",11,3168,3.74559960727455,2.4157431332883e-05,"Conventional DC","CyTOF","Human betaherpesvirus 5 (CMV).pbmc","child",NA,3.97428709024849e-05
"487","(Intercept)",1,3168,2.31181441411377,0.12849389415504,"Hematopoetic progenitor Cell","CyTOF","Human betaherpesvirus 5 (CMV).pbmc","child",-0.496767907359335,0.344723137139602
"488","trajectory_group",1,3168,28.5895836372738,9.58095336400788e-08,"Hematopoetic progenitor Cell","CyTOF","Human betaherpesvirus 5 (CMV).pbmc","child",0.0929645440951797,4.88628621564402e-07
"489","sex",1,3168,4.32588389383743,0.0376171305951993,"Hematopoetic progenitor Cell","CyTOF","Human betaherpesvirus 5 (CMV).pbmc","child",NA,0.0798104988805042
"490","discretized_admit_age_quantile",4,3168,3.06532933076073,0.0156428412415838,"Hematopoetic progenitor Cell","CyTOF","Human betaherpesvirus 5 (CMV).pbmc","child",NA,0.0257349968813152
"491","virus_positive",1,3168,3.90252443840005,0.0483002707363342,"Hematopoetic progenitor Cell","CyTOF","Human betaherpesvirus 5 (CMV).pbmc","child",-0.289227393438985,0.13685076708628
"492","event_type",11,3168,7.94664350569898,8.61533067109121e-14,"Hematopoetic progenitor Cell","CyTOF","Human betaherpesvirus 5 (CMV).pbmc","child",NA,1.75752745690261e-13
"493","(Intercept)",1,3168,0.317361902950725,0.573237244000873,"ILC","CyTOF","Human betaherpesvirus 5 (CMV).pbmc","child",-0.182626176234186,0.771520412144605
"494","trajectory_group",1,3168,0.549310877266311,0.458654339165162,"ILC","CyTOF","Human betaherpesvirus 5 (CMV).pbmc","child",0.0127700346879063,0.632199224254682
"495","sex",1,3168,1.37585742255228,0.24089622759579,"ILC","CyTOF","Human betaherpesvirus 5 (CMV).pbmc","child",NA,0.341269655760703
"496","discretized_admit_age_quantile",4,3168,1.19229463441946,0.312040215811742,"ILC","CyTOF","Human betaherpesvirus 5 (CMV).pbmc","child",NA,0.370094209451136
"497","virus_positive",1,3168,0.281750149565005,0.595593601807195,"ILC","CyTOF","Human betaherpesvirus 5 (CMV).pbmc","child",-0.0766563382851061,0.722024062095924
"498","event_type",11,3168,2.28695474611786,0.00883601384333232,"ILC","CyTOF","Human betaherpesvirus 5 (CMV).pbmc","child",NA,0.0118588606844723
"499","(Intercept)",1,3168,7.08491270129235,0.00781282023563501,"Monocytes (CD14+CD16+)","CyTOF","Human betaherpesvirus 5 (CMV).pbmc","child",-0.866417933233519,0.0664089720028976
"500","trajectory_group",1,3168,9.00913015936399,0.00270730396784913,"Monocytes (CD14+CD16+)","CyTOF","Human betaherpesvirus 5 (CMV).pbmc","child",-0.0519994628514015,0.0086295313975191
"501","sex",1,3168,5.55849035881853,0.0184517451945128,"Monocytes (CD14+CD16+)","CyTOF","Human betaherpesvirus 5 (CMV).pbmc","child",NA,0.0448113811866738
"502","discretized_admit_age_quantile",4,3168,9.74169410093304,7.87845956251587e-08,"Monocytes (CD14+CD16+)","CyTOF","Human betaherpesvirus 5 (CMV).pbmc","child",NA,3.09078028991007e-07
"503","virus_positive",1,3168,0.287476390372895,0.591879919093965,"Monocytes (CD14+CD16+)","CyTOF","Human betaherpesvirus 5 (CMV).pbmc","child",0.0781016041344556,0.722024062095924
"504","event_type",11,3168,8.53409697847688,5.10702591327572e-15,"Monocytes (CD14+CD16+)","CyTOF","Human betaherpesvirus 5 (CMV).pbmc","child",NA,1.08524300657109e-14
"505","(Intercept)",1,3168,1.56902697299027,0.21044083247921,"Monocytes (CD14+CD16-)","CyTOF","Human betaherpesvirus 5 (CMV).pbmc","child",-0.352275350700801,0.466629672019117
"506","trajectory_group",1,3168,167.16253586119,0,"Monocytes (CD14+CD16-)","CyTOF","Human betaherpesvirus 5 (CMV).pbmc","child",0.193480402469007,0
"507","sex",1,3168,86.3938299139697,0,"Monocytes (CD14+CD16-)","CyTOF","Human betaherpesvirus 5 (CMV).pbmc","child",NA,0
"508","discretized_admit_age_quantile",4,3168,15.4756733307623,1.52755585958175e-12,"Monocytes (CD14+CD16-)","CyTOF","Human betaherpesvirus 5 (CMV).pbmc","child",NA,1.11293355483813e-11
"509","virus_positive",1,3168,2.13263354591389,0.144291992715238,"Monocytes (CD14+CD16-)","CyTOF","Human betaherpesvirus 5 (CMV).pbmc","child",0.184093553851467,0.307664882172545
"510","event_type",11,3168,49.375829404995,0,"Monocytes (CD14+CD16-)","CyTOF","Human betaherpesvirus 5 (CMV).pbmc","child",NA,0
"511","(Intercept)",1,3168,15.4537058454492,8.63597362684709e-05,"Monocytes (CD14-CD16+)","CyTOF","Human betaherpesvirus 5 (CMV).pbmc","child",-1.09644936161804,0.00220217327484601
"512","trajectory_group",1,3168,0.0179457393540737,0.893441362756503,"Monocytes (CD14-CD16+)","CyTOF","Human betaherpesvirus 5 (CMV).pbmc","child",-0.00198569948770907,0.937157192110615
"513","sex",1,3168,7.32023444375963,0.00685476466723267,"Monocytes (CD14-CD16+)","CyTOF","Human betaherpesvirus 5 (CMV).pbmc","child",NA,0.0183996314752035
"514","discretized_admit_age_quantile",4,3168,5.93394159275917,9.36643742071031e-05,"Monocytes (CD14-CD16+)","CyTOF","Human betaherpesvirus 5 (CMV).pbmc","child",NA,0.000217131049298284
"515","virus_positive",1,3168,1.6488276286262,0.199212471360897,"Monocytes (CD14-CD16+)","CyTOF","Human betaherpesvirus 5 (CMV).pbmc","child",-0.159520950181037,0.370072364519149
"516","event_type",11,3168,118.093610036775,0,"Monocytes (CD14-CD16+)","CyTOF","Human betaherpesvirus 5 (CMV).pbmc","child",NA,0
"517","(Intercept)",1,3168,1.09931899458625,0.294495585913141,"NK Cell (CD56hi CD16low)","CyTOF","Human betaherpesvirus 5 (CMV).pbmc","child",-0.335769464822531,0.556269440058155
"518","trajectory_group",1,3168,8.60662974553416,0.00337345754677953,"NK Cell (CD56hi CD16low)","CyTOF","Human betaherpesvirus 5 (CMV).pbmc","child",-0.0499851732145744,0.0101203726403386
"519","sex",1,3168,0.0275568304449158,0.868165574595116,"NK Cell (CD56hi CD16low)","CyTOF","Human betaherpesvirus 5 (CMV).pbmc","child",NA,0.902009060478116
"520","discretized_admit_age_quantile",4,3168,2.37439386523752,0.050028287538504,"NK Cell (CD56hi CD16low)","CyTOF","Human betaherpesvirus 5 (CMV).pbmc","child",NA,0.070873407346214
"521","virus_positive",1,3168,4.64256742294292,0.0312634644627596,"NK Cell (CD56hi CD16low)","CyTOF","Human betaherpesvirus 5 (CMV).pbmc","child",-0.308166458261896,0.113888334828624
"522","event_type",11,3168,3.81799666632183,1.76720303048938e-05,"NK Cell (CD56hi CD16low)","CyTOF","Human betaherpesvirus 5 (CMV).pbmc","child",NA,3.21883409124852e-05
"523","(Intercept)",1,3168,5.1166214439881,0.0237651975754671,"NK Cell (CD56low CD16hi CD57hi)","CyTOF","Human betaherpesvirus 5 (CMV).pbmc","child",-0.711856400886929,0.11314008510124
"524","trajectory_group",1,3168,0.573059861849572,0.449101859899408,"NK Cell (CD56low CD16hi CD57hi)","CyTOF","Human betaherpesvirus 5 (CMV).pbmc","child",-0.0126759029941544,0.632199224254682
"525","sex",1,3168,60.1575270952781,1.17683640610267e-14,"NK Cell (CD56low CD16hi CD57hi)","CyTOF","Human betaherpesvirus 5 (CMV).pbmc","child",NA,2.00062189037453e-13
"526","discretized_admit_age_quantile",4,3168,46.1718096817521,0,"NK Cell (CD56low CD16hi CD57hi)","CyTOF","Human betaherpesvirus 5 (CMV).pbmc","child",NA,0
"527","virus_positive",1,3168,0.0199477153250241,0.887692186101977,"NK Cell (CD56low CD16hi CD57hi)","CyTOF","Human betaherpesvirus 5 (CMV).pbmc","child",0.0198559264021634,0.923924520228588
"528","event_type",11,3168,17.2479572373394,0,"NK Cell (CD56low CD16hi CD57hi)","CyTOF","Human betaherpesvirus 5 (CMV).pbmc","child",NA,0
"529","(Intercept)",1,3168,0.598664961010816,0.439145589909802,"NK Cell (CD56low CD16hi CD57low)","CyTOF","Human betaherpesvirus 5 (CMV).pbmc","child",-0.249843368491764,0.678679548042421
"530","trajectory_group",1,3168,4.04852476550093,0.044294462412839,"NK Cell (CD56low CD16hi CD57low)","CyTOF","Human betaherpesvirus 5 (CMV).pbmc","child",-0.0344643594119127,0.0982181557849908
"531","sex",1,3168,0.245738864394549,0.620125971340736,"NK Cell (CD56low CD16hi CD57low)","CyTOF","Human betaherpesvirus 5 (CMV).pbmc","child",NA,0.718782375872216
"532","discretized_admit_age_quantile",4,3168,5.40542356508283,0.000245717574689275,"NK Cell (CD56low CD16hi CD57low)","CyTOF","Human betaherpesvirus 5 (CMV).pbmc","child",NA,0.000501263852366121
"533","virus_positive",1,3168,10.10959358495,0.00148922099081705,"NK Cell (CD56low CD16hi CD57low)","CyTOF","Human betaherpesvirus 5 (CMV).pbmc","child",-0.461674171269716,0.00949378381645871
"534","event_type",11,3168,9.40403067744198,0,"NK Cell (CD56low CD16hi CD57low)","CyTOF","Human betaherpesvirus 5 (CMV).pbmc","child",NA,0
"535","(Intercept)",1,3168,0.038479292481328,0.844496425642832,"Plasmacytoid DC","CyTOF","Human betaherpesvirus 5 (CMV).pbmc","child",0.0660343327783407,0.916368461867753
"536","trajectory_group",1,3168,2.42145016875361,0.119783976005905,"Plasmacytoid DC","CyTOF","Human betaherpesvirus 5 (CMV).pbmc","child",-0.027280867365552,0.234960876011583
"537","sex",1,3168,1.62644691513481,0.202288707551206,"Plasmacytoid DC","CyTOF","Human betaherpesvirus 5 (CMV).pbmc","child",NA,0.294763545288901
"538","discretized_admit_age_quantile",4,3168,0.457159871755742,0.76722957991781,"Plasmacytoid DC","CyTOF","Human betaherpesvirus 5 (CMV).pbmc","child",NA,0.782574171516166
"539","virus_positive",1,3168,0.34359388014681,0.557803834838498,"Plasmacytoid DC","CyTOF","Human betaherpesvirus 5 (CMV).pbmc","child",-0.0890348701417837,0.722024062095924
"540","event_type",11,3168,1.43098787050344,0.151683537800685,"Plasmacytoid DC","CyTOF","Human betaherpesvirus 5 (CMV).pbmc","child",NA,0.179903730879882
"541","(Intercept)",1,3168,0.484273140811342,0.486544155337851,"Tier2_Bcell_Undefined","CyTOF","Human betaherpesvirus 5 (CMV).pbmc","child",0.230842226493105,0.719889005477485
"542","trajectory_group",1,3168,5.61268564796091,0.0178905517208425,"Tier2_Bcell_Undefined","CyTOF","Human betaherpesvirus 5 (CMV).pbmc","child",-0.0417626194111635,0.0456209068881484
"543","sex",1,3168,1.28474808593488,0.257103840323767,"Tier2_Bcell_Undefined","CyTOF","Human betaherpesvirus 5 (CMV).pbmc","child",NA,0.354386374500327
"544","discretized_admit_age_quantile",4,3168,1.63199262477466,0.163327467059793,"Tier2_Bcell_Undefined","CyTOF","Human betaherpesvirus 5 (CMV).pbmc","child",NA,0.203163434635352
"545","virus_positive",1,3168,0.0960168326970823,0.756683368927965,"Tier2_Bcell_Undefined","CyTOF","Human betaherpesvirus 5 (CMV).pbmc","child",-0.0461646042821701,0.857574484785027
"546","event_type",11,3168,2.62623485501428,0.00243920201903569,"Tier2_Bcell_Undefined","CyTOF","Human betaherpesvirus 5 (CMV).pbmc","child",NA,0.00336214332353568
"547","(Intercept)",1,3168,0.0629731533010902,0.801873275919424,"Tier2_NK_Undefined","CyTOF","Human betaherpesvirus 5 (CMV).pbmc","child",0.0846041694329016,0.889033414606318
"548","trajectory_group",1,3168,0.264733828122699,0.606922336332619,"Tier2_NK_Undefined","CyTOF","Human betaherpesvirus 5 (CMV).pbmc","child",-0.00919957976535445,0.722240580096345
"549","sex",1,3168,1.13998073529067,0.285737751402178,"Tier2_NK_Undefined","CyTOF","Human betaherpesvirus 5 (CMV).pbmc","child",NA,0.373657059525926
"550","discretized_admit_age_quantile",4,3168,0.624423440135049,0.64508394300786,"Tier2_NK_Undefined","CyTOF","Human betaherpesvirus 5 (CMV).pbmc","child",NA,0.715201762900019
"551","virus_positive",1,3168,0.825265128487859,0.363714350141995,"Tier2_NK_Undefined","CyTOF","Human betaherpesvirus 5 (CMV).pbmc","child",-0.137737294175333,0.562103995673992
"552","event_type",11,3168,2.80861982678954,0.00118988447930057,"Tier2_NK_Undefined","CyTOF","Human betaherpesvirus 5 (CMV).pbmc","child",NA,0.00168566967900915
"553","(Intercept)",1,3168,0.817131847775166,0.366088814668463,"Tier2_Tcell_Undefined","CyTOF","Human betaherpesvirus 5 (CMV).pbmc","child",-0.269042856226565,0.620787241297882
"554","trajectory_group",1,3168,0.170242323963575,0.679924456578536,"Tier2_Tcell_Undefined","CyTOF","Human betaherpesvirus 5 (CMV).pbmc","child",0.00653571216824987,0.770581050789007
"555","sex",1,3168,10.113599490424,0.00148599794768645,"Tier2_Tcell_Undefined","CyTOF","Human betaherpesvirus 5 (CMV).pbmc","child",NA,0.00505239302213392
"556","discretized_admit_age_quantile",4,3168,1.31490394303877,0.261937565785593,"Tier2_Tcell_Undefined","CyTOF","Human betaherpesvirus 5 (CMV).pbmc","child",NA,0.318067044168221
"557","virus_positive",1,3168,1.46796702749026,0.225757088042521,"Tier2_Tcell_Undefined","CyTOF","Human betaherpesvirus 5 (CMV).pbmc","child",-0.161298657536144,0.391936866529584
"558","event_type",11,3168,0.775023294135381,0.66556337602677,"Tier2_Tcell_Undefined","CyTOF","Human betaherpesvirus 5 (CMV).pbmc","child",NA,0.707161087028443
"559","(Intercept)",1,3168,0.00837760180769822,0.927077860281566,"Tier3_CD4_Undefined","CyTOF","Human betaherpesvirus 5 (CMV).pbmc","child",0.0309247952291521,0.939374283263152
"560","trajectory_group",1,3168,0.822575427093472,0.3644972249205,"Tier3_CD4_Undefined","CyTOF","Human betaherpesvirus 5 (CMV).pbmc","child",-0.0155288817336246,0.563313893058954
"561","sex",1,3168,0.612760584643192,0.433808799563608,"Tier3_CD4_Undefined","CyTOF","Human betaherpesvirus 5 (CMV).pbmc","child",NA,0.526767828041524
"562","discretized_admit_age_quantile",4,3168,0.527626516512801,0.715449259057803,"Tier3_CD4_Undefined","CyTOF","Human betaherpesvirus 5 (CMV).pbmc","child",NA,0.77633855770102
"563","virus_positive",1,3168,0.00153882335738601,0.968711210109715,"Tier3_CD4_Undefined","CyTOF","Human betaherpesvirus 5 (CMV).pbmc","child",-0.00598979290418296,0.9835160068639
"564","event_type",11,3168,0.449736184637933,0.93355160314084,"Tier3_CD4_Undefined","CyTOF","Human betaherpesvirus 5 (CMV).pbmc","child",NA,0.93355160314084
"565","(Intercept)",1,3168,0.945049804049408,0.331056753228468,"Tier3_CD8_Undefined","CyTOF","Human betaherpesvirus 5 (CMV).pbmc","child",0.316396824736497,0.588113494520653
"566","trajectory_group",1,3168,0.352037705929858,0.553004250221002,"Tier3_CD8_Undefined","CyTOF","Human betaherpesvirus 5 (CMV).pbmc","child",-0.0102737988693562,0.722240580096345
"567","sex",1,3168,2.77993252595638,0.0955510295183508,"Tier3_CD8_Undefined","CyTOF","Human betaherpesvirus 5 (CMV).pbmc","child",NA,0.162436750181196
"568","discretized_admit_age_quantile",4,3168,2.16805540048012,0.0700945356508996,"Tier3_CD8_Undefined","CyTOF","Human betaherpesvirus 5 (CMV).pbmc","child",NA,0.0940742452156811
"569","virus_positive",1,3168,16.8443664717356,4.15969670792826e-05,"Tier3_CD8_Undefined","CyTOF","Human betaherpesvirus 5 (CMV).pbmc","child",0.598995156551357,0.000424289064208683
"570","event_type",11,3168,1.99264534926524,0.0253627852240568,"Tier3_CD8_Undefined","CyTOF","Human betaherpesvirus 5 (CMV).pbmc","child",NA,0.0323375511606724
"571","(Intercept)",1,3168,0.0101502272427288,0.919756615078133,"Tier4_Treg_Undefined","CyTOF","Human betaherpesvirus 5 (CMV).pbmc","child",-0.0339860657496725,0.939374283263152
"572","trajectory_group",1,3168,0.318471133806976,0.572567839892182,"Tier4_Treg_Undefined","CyTOF","Human betaherpesvirus 5 (CMV).pbmc","child",-0.00964724658379113,0.722240580096345
"573","sex",1,3168,6.13617951365038,0.0132961216636304,"Tier4_Treg_Undefined","CyTOF","Human betaherpesvirus 5 (CMV).pbmc","child",NA,0.0339051102422574
"574","discretized_admit_age_quantile",4,3168,0.413103856160379,0.799325789849541,"Tier4_Treg_Undefined","CyTOF","Human betaherpesvirus 5 (CMV).pbmc","child",NA,0.799325789849541
"575","virus_positive",1,3168,0.441734126450639,0.506335026035468,"Tier4_Treg_Undefined","CyTOF","Human betaherpesvirus 5 (CMV).pbmc","child",-0.101324375077724,0.717307953550247
"576","event_type",11,3168,0.456585455512314,0.929921059218355,"Tier4_Treg_Undefined","CyTOF","Human betaherpesvirus 5 (CMV).pbmc","child",NA,0.93355160314084
"577","(Intercept)",1,3168,0.648009357618833,0.420885695607954,"Tier4_nonTreg_Undefined","CyTOF","Human betaherpesvirus 5 (CMV).pbmc","child",0.263089550091289,0.670786577375176
"578","trajectory_group",1,3168,1.61109027983775,0.204431848814411,"Tier4_nonTreg_Undefined","CyTOF","Human betaherpesvirus 5 (CMV).pbmc","child",-0.0220783624158766,0.347534142984499
"579","sex",1,3168,0.791140894539791,0.373822901436662,"Tier4_nonTreg_Undefined","CyTOF","Human betaherpesvirus 5 (CMV).pbmc","child",NA,0.464999218860238
"580","discretized_admit_age_quantile",4,3168,3.95893350770893,0.00329775804184296,"Tier4_nonTreg_Undefined","CyTOF","Human betaherpesvirus 5 (CMV).pbmc","child",NA,0.0060066307190711
"581","virus_positive",1,3168,26.1684860330733,3.3150401113069e-07,"Tier4_nonTreg_Undefined","CyTOF","Human betaherpesvirus 5 (CMV).pbmc","child",0.748542222614877,8.45335228383259e-06
"582","event_type",11,3168,3.67411136495561,3.28486450720256e-05,"Tier4_nonTreg_Undefined","CyTOF","Human betaherpesvirus 5 (CMV).pbmc","child",NA,5.23525280835407e-05
"583","(Intercept)",1,3168,0.0221004611020186,0.881829621288327,"gd T Cell","CyTOF","Human betaherpesvirus 5 (CMV).pbmc","child",-0.0470567582897618,0.936943972618848
"584","trajectory_group",1,3168,3.38191358679699,0.0660090204359376,"gd T Cell","CyTOF","Human betaherpesvirus 5 (CMV).pbmc","child",-0.0309125005389555,0.140269168426367
"585","sex",1,3168,0.020506521831616,0.886140559907646,"gd T Cell","CyTOF","Human betaherpesvirus 5 (CMV).pbmc","child",NA,0.902009060478116
"586","discretized_admit_age_quantile",4,3168,9.0660403533516,2.79992194540668e-07,"gd T Cell","CyTOF","Human betaherpesvirus 5 (CMV).pbmc","child",NA,9.51973461438271e-07
"587","virus_positive",1,3168,0.241819795477767,0.62292891082331,"gd T Cell","CyTOF","Human betaherpesvirus 5 (CMV).pbmc","child",-0.0692352119868763,0.722031237545201
"588","event_type",11,3168,2.06895968959764,0.0194188902261555,"gd T Cell","CyTOF","Human betaherpesvirus 5 (CMV).pbmc","child",NA,0.0253939333726649
"589","(Intercept)",1,3168,5.63392720341064,0.0176754315840285,"Basophil","CyTOF","Human betaherpesvirus 5 (CMV).pbmc","child",-0.638675606392546,0.100160778976162
"590","trajectory_group",1,3168,5.02716081658526,0.0250217005718258,"Basophil","CyTOF","Human betaherpesvirus 5 (CMV).pbmc","child",-0.0320257545441961,0.0607669871030056
"591","sex",1,3168,4.22186711372669,0.0399880701758096,"Basophil","CyTOF","Human betaherpesvirus 5 (CMV).pbmc","child",NA,0.0798104988805042
"592","discretized_admit_age_quantile",4,3168,1.08619980805936,0.361547690910579,"Basophil","CyTOF","Human betaherpesvirus 5 (CMV).pbmc","child",NA,0.419066641737263
"593","virus_positive",1,3168,12.8048545420123,0.000350901648580093,"Basophil","CyTOF","Human betaherpesvirus 5 (CMV).pbmc","child",-0.432789946373409,0.00298266401293079
"594","event_type",11,3168,118.465294203872,0,"Basophil","CyTOF","Human betaherpesvirus 5 (CMV).pbmc","child",NA,0
"595","(Intercept)",1,3168,2.00548260464902,0.156829718112828,"Eosinophil","CyTOF","Human betaherpesvirus 5 (CMV).pbmc","child",-0.425670418561234,0.363559801079737
"596","trajectory_group",1,3168,0.261761900225058,0.608947940081232,"Eosinophil","CyTOF","Human betaherpesvirus 5 (CMV).pbmc","child",0.00817802036792131,0.722240580096345
"597","sex",1,3168,4.65251699684051,0.0310830424389266,"Eosinophil","CyTOF","Human betaherpesvirus 5 (CMV).pbmc","child",NA,0.0689232680167502
"598","discretized_admit_age_quantile",4,3168,2.7599862265308,0.0262930421096077,"Eosinophil","CyTOF","Human betaherpesvirus 5 (CMV).pbmc","child",NA,0.0419045358621873
"599","virus_positive",1,3168,0.341927360243537,0.55876046100447,"Eosinophil","CyTOF","Human betaherpesvirus 5 (CMV).pbmc","child",0.0788798494848729,0.722024062095924
"600","event_type",11,3168,48.3238119531134,0,"Eosinophil","CyTOF","Human betaherpesvirus 5 (CMV).pbmc","child",NA,0
"601","(Intercept)",1,3168,0.467820726456036,0.494041474347294,"Neutrophil (CD16hi)","CyTOF","Human betaherpesvirus 5 (CMV).pbmc","child",0.208986383298661,0.719889005477485
"602","trajectory_group",1,3168,41.6443785231044,1.26200605521376e-10,"Neutrophil (CD16hi)","CyTOF","Human betaherpesvirus 5 (CMV).pbmc","child",0.104842444796159,7.15136764621131e-10
"603","sex",1,3168,10.8474926370485,0.00100016803587777,"Neutrophil (CD16hi)","CyTOF","Human betaherpesvirus 5 (CMV).pbmc","child",NA,0.00364346927355473
"604","discretized_admit_age_quantile",4,3168,11.9968070552245,1.12047304767771e-09,"Neutrophil (CD16hi)","CyTOF","Human betaherpesvirus 5 (CMV).pbmc","child",NA,5.19492049377845e-09
"605","virus_positive",1,3168,1.69703325110693,0.192771106315958,"Neutrophil (CD16hi)","CyTOF","Human betaherpesvirus 5 (CMV).pbmc","child",0.17865877497161,0.370072364519149
"606","event_type",11,3168,22.6145218312217,0,"Neutrophil (CD16hi)","CyTOF","Human betaherpesvirus 5 (CMV).pbmc","child",NA,0
"607","(Intercept)",1,3168,3.14173327573758,0.0764087539388417,"Neutrophil (CD16low)","CyTOF","Human betaherpesvirus 5 (CMV).pbmc","child",-0.558188564433039,0.229226261816525
"608","trajectory_group",1,3168,65.0702883521262,9.99200722162641e-16,"Neutrophil (CD16low)","CyTOF","Human betaherpesvirus 5 (CMV).pbmc","child",0.134872968734142,1.69864122767649e-14
"609","sex",1,3168,0.263546290415701,0.60773000530125,"Neutrophil (CD16low)","CyTOF","Human betaherpesvirus 5 (CMV).pbmc","child",NA,0.718782375872216
"610","discretized_admit_age_quantile",4,3168,2.05046101114595,0.0847305140627523,"Neutrophil (CD16low)","CyTOF","Human betaherpesvirus 5 (CMV).pbmc","child",NA,0.110801441466676
"611","virus_positive",1,3168,0.463573253829242,0.496008485966651,"Neutrophil (CD16low)","CyTOF","Human betaherpesvirus 5 (CMV).pbmc","child",0.0963659629424626,0.717307953550247
"612","event_type",11,3168,17.8119440090961,0,"Neutrophil (CD16low)","CyTOF","Human betaherpesvirus 5 (CMV).pbmc","child",NA,0
"613","(Intercept)",1,3168,0.270141374659128,0.60327326561903,"B Cell (CD11c+ CXCR5-)","CyTOF","Anelloviridae.pbmc","child",-0.170523577044122,0.809656224909751
"614","trajectory_group",1,3168,5.68993503569026,0.0171209340001222,"B Cell (CD11c+ CXCR5-)","CyTOF","Anelloviridae.pbmc","child",0.0413322937513797,0.0415794111431538
"615","sex",1,3168,0.0871672916094328,0.76782907472235,"B Cell (CD11c+ CXCR5-)","CyTOF","Anelloviridae.pbmc","child",NA,0.87020628468533
"616","discretized_admit_age_quantile",4,3168,14.5360483186332,9.10216346738935e-12,"B Cell (CD11c+ CXCR5-)","CyTOF","Anelloviridae.pbmc","child",NA,5.80262921046071e-11
"617","virus_positive",1,3168,12.927931239753,0.000328654236504966,"B Cell (CD11c+ CXCR5-)","CyTOF","Anelloviridae.pbmc","child",0.219437861239178,0.00209517075771916
"618","event_type",11,3168,1.8985313652972,0.0350145211409194,"B Cell (CD11c+ CXCR5-)","CyTOF","Anelloviridae.pbmc","child",NA,0.0435546482484607
"619","(Intercept)",1,3168,1.12174416562495,0.289623944757675,"B Cell (CD27+ non-switched memory)","CyTOF","Anelloviridae.pbmc","child",0.353528350283288,0.568108507024671
"620","trajectory_group",1,3168,0.430661910749915,0.51171199783077,"B Cell (CD27+ non-switched memory)","CyTOF","Anelloviridae.pbmc","child",0.0116332187815422,0.686771365509718
"621","sex",1,3168,3.86516162044389,0.0493856464299309,"B Cell (CD27+ non-switched memory)","CyTOF","Anelloviridae.pbmc","child",NA,0.0899524274259456
"622","discretized_admit_age_quantile",4,3168,2.74028091443424,0.0271815886906311,"B Cell (CD27+ non-switched memory)","CyTOF","Anelloviridae.pbmc","child",NA,0.0420079097946118
"623","virus_positive",1,3168,2.43631984650861,0.118653955850856,"B Cell (CD27+ non-switched memory)","CyTOF","Anelloviridae.pbmc","child",-0.096632646014244,0.23274429801514
"624","event_type",11,3168,0.865133132408684,0.57440327805098,"B Cell (CD27+ non-switched memory)","CyTOF","Anelloviridae.pbmc","child",NA,0.623288663417021
"625","(Intercept)",1,3168,4.37911350947574,0.0364612899641541,"B Cell (CD27+ switched memory)","CyTOF","Anelloviridae.pbmc","child",0.694228800629942,0.154960482347655
"626","trajectory_group",1,3168,0.169083900389548,0.680955074421912,"B Cell (CD27+ switched memory)","CyTOF","Anelloviridae.pbmc","child",0.00725135139678926,0.771749084344834
"627","sex",1,3168,9.25807549245431,0.00236382443123107,"B Cell (CD27+ switched memory)","CyTOF","Anelloviridae.pbmc","child",NA,0.0070914732936932
"628","discretized_admit_age_quantile",4,3168,9.42301541436083,1.43343247716032e-07,"B Cell (CD27+ switched memory)","CyTOF","Anelloviridae.pbmc","child",NA,5.22178973822689e-07
"629","virus_positive",1,3168,0.233914990859611,0.628669421309878,"B Cell (CD27+ switched memory)","CyTOF","Anelloviridae.pbmc","child",-0.0296388980975945,0.74361776823762
"630","event_type",11,3168,2.83349640807718,0.00107757816118648,"B Cell (CD27+ switched memory)","CyTOF","Anelloviridae.pbmc","child",NA,0.00157018532058601
"631","(Intercept)",1,3168,5.01620637935546,0.025180232476514,"B Cell (CD71+ activated)","CyTOF","Anelloviridae.pbmc","child",0.690284377159729,0.116744714209292
"632","trajectory_group",1,3168,1.449253243573,0.228737755678245,"B Cell (CD71+ activated)","CyTOF","Anelloviridae.pbmc","child",0.0195598359846383,0.399642664442468
"633","sex",1,3168,0.00663380851487554,0.935090667159023,"B Cell (CD71+ activated)","CyTOF","Anelloviridae.pbmc","child",NA,0.935090667159023
"634","discretized_admit_age_quantile",4,3168,3.04267487813305,0.0162615236158994,"B Cell (CD71+ activated)","CyTOF","Anelloviridae.pbmc","child",NA,0.0267528291745442
"635","virus_positive",1,3168,2.51012500473903,0.113216769661947,"B Cell (CD71+ activated)","CyTOF","Anelloviridae.pbmc","child",-0.0908739046440376,0.230962210110372
"636","event_type",11,3168,3.80476782708274,1.87127778489282e-05,"B Cell (CD71+ activated)","CyTOF","Anelloviridae.pbmc","child",NA,3.1811722343178e-05
"637","(Intercept)",1,3168,0.415289416714397,0.519343598438106,"B Cell (Plasmablast)","CyTOF","Anelloviridae.pbmc","child",0.189282838443142,0.735736764453984
"638","trajectory_group",1,3168,7.30418332974204,0.00691612126384555,"B Cell (Plasmablast)","CyTOF","Anelloviridae.pbmc","child",0.0421049145575317,0.0195956769142291
"639","sex",1,3168,4.02918421290008,0.0448043497392553,"B Cell (Plasmablast)","CyTOF","Anelloviridae.pbmc","child",NA,0.0846304383963711
"640","discretized_admit_age_quantile",4,3168,1.84968290949562,0.116546960339082,"B Cell (Plasmablast)","CyTOF","Anelloviridae.pbmc","child",NA,0.148597374432329
"641","virus_positive",1,3168,1.89702775281904,0.168508686438927,"B Cell (Plasmablast)","CyTOF","Anelloviridae.pbmc","child",-0.075117048638192,0.30692653601376
"642","event_type",11,3168,80.1202291423276,0,"B Cell (Plasmablast)","CyTOF","Anelloviridae.pbmc","child",NA,0
"643","(Intercept)",1,3168,4.07115686013621,0.043705546910545,"B Cell (naive)","CyTOF","Anelloviridae.pbmc","child",0.641054775228507,0.159213063745557
"644","trajectory_group",1,3168,13.0607100858951,0.000306245254266591,"B Cell (naive)","CyTOF","Anelloviridae.pbmc","child",0.0610390139034824,0.00109273808266712
"645","sex",1,3168,2.08280922788426,0.149064668143045,"B Cell (naive)","CyTOF","Anelloviridae.pbmc","child",NA,0.230372668948343
"646","discretized_admit_age_quantile",4,3168,28.367262418577,0,"B Cell (naive)","CyTOF","Anelloviridae.pbmc","child",NA,0
"647","virus_positive",1,3168,0.22740425700498,0.633488139499861,"B Cell (naive)","CyTOF","Anelloviridae.pbmc","child",-0.0280340476343829,0.74361776823762
"648","event_type",11,3168,17.9979827547121,0,"B Cell (naive)","CyTOF","Anelloviridae.pbmc","child",NA,0
"649","(Intercept)",1,3168,8.68024755101965,0.00324022457407958,"B Cell (transitional)","CyTOF","Anelloviridae.pbmc","child",0.943006337470346,0.0550838177593528
"650","trajectory_group",1,3168,0.359235499825351,0.548973985821142,"B Cell (transitional)","CyTOF","Anelloviridae.pbmc","child",0.0101983648156915,0.699941831921956
"651","sex",1,3168,11.964133939518,0.000549498832520312,"B Cell (transitional)","CyTOF","Anelloviridae.pbmc","child",NA,0.00215572618911815
"652","discretized_admit_age_quantile",4,3168,25.6081855564021,0,"B Cell (transitional)","CyTOF","Anelloviridae.pbmc","child",NA,0
"653","virus_positive",1,3168,3.5579253694635,0.059353152561296,"B Cell (transitional)","CyTOF","Anelloviridae.pbmc","child",-0.111594434600258,0.137591399119368
"654","event_type",11,3168,8.89538489575481,8.88178419700125e-16,"B Cell (transitional)","CyTOF","Anelloviridae.pbmc","child",NA,1.96943910455245e-15
"655","(Intercept)",1,3168,1.25377893632318,0.262916830375762,"CD4+ NKT Cell","CyTOF","Anelloviridae.pbmc","child",-0.37285304854794,0.536350333966555
"656","trajectory_group",1,3168,0.726006023896359,0.394245269062894,"CD4+ NKT Cell","CyTOF","Anelloviridae.pbmc","child",-0.0148618731536027,0.59136790359434
"657","sex",1,3168,7.72666855324915,0.00547322105284254,"CD4+ NKT Cell","CyTOF","Anelloviridae.pbmc","child",NA,0.0155074596497205
"658","discretized_admit_age_quantile",4,3168,5.66206439596472,0.000153958592478576,"CD4+ NKT Cell","CyTOF","Anelloviridae.pbmc","child",NA,0.000327162009016974
"659","virus_positive",1,3168,2.85266483411207,0.0913210234466365,"CD4+ NKT Cell","CyTOF","Anelloviridae.pbmc","child",0.104766735647324,0.194057174824103
"660","event_type",11,3168,0.952077811281073,0.488633002185988,"CD4+ NKT Cell","CyTOF","Anelloviridae.pbmc","child",NA,0.541745285032291
"661","(Intercept)",1,3168,0.0726520034732206,0.787531445649112,"CD4+ T Cell (CM)","CyTOF","Anelloviridae.pbmc","child",0.0854333461121085,0.876009486882724
"662","trajectory_group",1,3168,56.5155041769891,7.21644966006352e-14,"CD4+ T Cell (CM)","CyTOF","Anelloviridae.pbmc","child",-0.126264552202732,7.36077865326479e-13
"663","sex",1,3168,28.0098525592318,1.28920068398486e-07,"CD4+ T Cell (CM)","CyTOF","Anelloviridae.pbmc","child",NA,9.39274784046112e-07
"664","discretized_admit_age_quantile",4,3168,5.07911989183787,0.000444106751698481,"CD4+ T Cell (CM)","CyTOF","Anelloviridae.pbmc","child",NA,0.000871132474485482
"665","virus_positive",1,3168,25.9405500418544,3.72684420435476e-07,"CD4+ T Cell (CM)","CyTOF","Anelloviridae.pbmc","child",-0.296179960903899,1.72143010156445e-05
"666","event_type",11,3168,8.96470053070654,6.66133814775094e-16,"CD4+ T Cell (CM)","CyTOF","Anelloviridae.pbmc","child",NA,1.54421929788772e-15
"667","(Intercept)",1,3168,0.957968382900346,0.327774008257739,"CD4+ T Cell (EM CD27hi)","CyTOF","Anelloviridae.pbmc","child",0.275432611018304,0.597016943612309
"668","trajectory_group",1,3168,92.4914604102962,0,"CD4+ T Cell (EM CD27hi)","CyTOF","Anelloviridae.pbmc","child",-0.143321330825673,0
"669","sex",1,3168,39.1801480218725,4.38443947814449e-10,"CD4+ T Cell (EM CD27hi)","CyTOF","Anelloviridae.pbmc","child",NA,5.59016033463422e-09
"670","discretized_admit_age_quantile",4,3168,15.1483419870791,2.84505752290443e-12,"CD4+ T Cell (EM CD27hi)","CyTOF","Anelloviridae.pbmc","child",NA,2.12532372653332e-11
"671","virus_positive",1,3168,7.07217977241126,0.00786840762634056,"CD4+ T Cell (EM CD27hi)","CyTOF","Anelloviridae.pbmc","child",-0.137172704980048,0.0334407324119474
"672","event_type",11,3168,62.1044419281607,0,"CD4+ T Cell (EM CD27hi)","CyTOF","Anelloviridae.pbmc","child",NA,0
"673","(Intercept)",1,3168,1.36372462544739,0.242980892950159,"CD4+ T Cell (EM CD27low)","CyTOF","Anelloviridae.pbmc","child",-0.356460853588785,0.516334397519087
"674","trajectory_group",1,3168,57.2251113470569,5.06261699229071e-14,"CD4+ T Cell (EM CD27low)","CyTOF","Anelloviridae.pbmc","child",-0.121936257382749,6.45483666517066e-13
"675","sex",1,3168,12.3067909598767,0.000457590498960103,"CD4+ T Cell (EM CD27low)","CyTOF","Anelloviridae.pbmc","child",NA,0.00194475962058044
"676","discretized_admit_age_quantile",4,3168,2.33123785223127,0.0537084220719464,"CD4+ T Cell (EM CD27low)","CyTOF","Anelloviridae.pbmc","child",NA,0.0720823559386649
"677","virus_positive",1,3168,1.61311887528877,0.204147213222953,"CD4+ T Cell (EM CD27low)","CyTOF","Anelloviridae.pbmc","child",-0.070787009087974,0.344929663811413
"678","event_type",11,3168,38.2513195576197,0,"CD4+ T Cell (EM CD27low)","CyTOF","Anelloviridae.pbmc","child",NA,0
"679","(Intercept)",1,3168,4.1175172684391,0.0425247722787169,"CD4+ T Cell (EM CD57hi)","CyTOF","Anelloviridae.pbmc","child",-0.670604517621111,0.159213063745557
"680","trajectory_group",1,3168,0.0147443403518904,0.903361107083217,"CD4+ T Cell (EM CD57hi)","CyTOF","Anelloviridae.pbmc","child",-0.00212601219300753,0.914108295260882
"681","sex",1,3168,13.7649176235321,0.000210726860708998,"CD4+ T Cell (EM CD57hi)","CyTOF","Anelloviridae.pbmc","child",NA,0.00107470698961589
"682","discretized_admit_age_quantile",4,3168,13.0999923538841,1.38764000290337e-10,"CD4+ T Cell (EM CD57hi)","CyTOF","Anelloviridae.pbmc","child",NA,7.86329334978575e-10
"683","virus_positive",1,3168,6.2471783562133,0.0124893509192396,"CD4+ T Cell (EM CD57hi)","CyTOF","Anelloviridae.pbmc","child",0.151501266821302,0.0424637931254148
"684","event_type",11,3168,3.62365807418292,4.07704143954302e-05,"CD4+ T Cell (EM CD57hi)","CyTOF","Anelloviridae.pbmc","child",NA,6.3008822247483e-05
"685","(Intercept)",1,3168,3.58710669169736,0.0583205554149786,"CD4+ T Cell (EMRA CD57hi)","CyTOF","Anelloviridae.pbmc","child",-0.630519923757258,0.185896770385244
"686","trajectory_group",1,3168,0.999564109234789,0.317492360631615,"CD4+ T Cell (EMRA CD57hi)","CyTOF","Anelloviridae.pbmc","child",-0.0176586295794924,0.52232614168427
"687","sex",1,3168,0.0661957883821149,0.796975154469035,"CD4+ T Cell (EMRA CD57hi)","CyTOF","Anelloviridae.pbmc","child",NA,0.883602888650452
"688","discretized_admit_age_quantile",4,3168,8.63536517469399,6.2707289849584e-07,"CD4+ T Cell (EMRA CD57hi)","CyTOF","Anelloviridae.pbmc","child",NA,1.88121869548752e-06
"689","virus_positive",1,3168,0.163895287516565,0.685622582369299,"CD4+ T Cell (EMRA CD57hi)","CyTOF","Anelloviridae.pbmc","child",0.0250203771172135,0.760146776105092
"690","event_type",11,3168,1.23359892539303,0.258313270147215,"CD4+ T Cell (EMRA CD57hi)","CyTOF","Anelloviridae.pbmc","child",NA,0.292755039500177
"691","(Intercept)",1,3168,0.775526888621383,0.378579478465066,"CD4+ T Cell (EMRA CD57low)","CyTOF","Anelloviridae.pbmc","child",-0.294341041891741,0.628591598632401
"692","trajectory_group",1,3168,0.620764018444336,0.430822459312746,"CD4+ T Cell (EMRA CD57low)","CyTOF","Anelloviridae.pbmc","child",-0.0139812473912552,0.627769869284286
"693","sex",1,3168,2.12750088382154,0.144775600606672,"CD4+ T Cell (EMRA CD57low)","CyTOF","Anelloviridae.pbmc","child",NA,0.230372668948343
"694","discretized_admit_age_quantile",4,3168,6.97762445926185,1.3711795562088e-05,"CD4+ T Cell (EMRA CD57low)","CyTOF","Anelloviridae.pbmc","child",NA,3.68053459824468e-05
"695","virus_positive",1,3168,0.392797376947405,0.530877794120763,"CD4+ T Cell (EMRA CD57low)","CyTOF","Anelloviridae.pbmc","child",-0.0388645712177358,0.740538976471926
"696","event_type",11,3168,0.624445254335691,0.809415721377121,"CD4+ T Cell (EMRA CD57low)","CyTOF","Anelloviridae.pbmc","child",NA,0.842453097759861
"697","(Intercept)",1,3168,5.41403875317326,0.0200381907820147,"CD4+ T Cell (activated)","CyTOF","Anelloviridae.pbmc","child",0.711554048799211,0.116744714209292
"698","trajectory_group",1,3168,12.9699253289766,0.000321393553725624,"CD4+ T Cell (activated)","CyTOF","Anelloviridae.pbmc","child",0.0575444856236117,0.00109273808266712
"699","sex",1,3168,0.0109644397700777,0.916611586630917,"CD4+ T Cell (activated)","CyTOF","Anelloviridae.pbmc","child",NA,0.935090667159023
"700","discretized_admit_age_quantile",4,3168,7.58526039246495,4.44342787919716e-06,"CD4+ T Cell (activated)","CyTOF","Anelloviridae.pbmc","child",NA,1.2589712324392e-05
"701","virus_positive",1,3168,2.34847077660675,0.125505823523023,"CD4+ T Cell (activated)","CyTOF","Anelloviridae.pbmc","child",-0.0845085990319282,0.237066555543488
"702","event_type",11,3168,37.9426873919978,0,"CD4+ T Cell (activated)","CyTOF","Anelloviridae.pbmc","child",NA,0
"703","(Intercept)",1,3168,2.09453968670007,0.147925170332826,"CD4+ T Cell (naive)","CyTOF","Anelloviridae.pbmc","child",0.466823221369331,0.351597796560663
"704","trajectory_group",1,3168,13.8021947351444,0.000206604622206008,"CD4+ T Cell (naive)","CyTOF","Anelloviridae.pbmc","child",-0.0637044024939385,0.000810525825577416
"705","sex",1,3168,30.5502131611762,3.51699374068204e-08,"CD4+ T Cell (naive)","CyTOF","Anelloviridae.pbmc","child",NA,2.98944467957973e-07
"706","discretized_admit_age_quantile",4,3168,11.35699327546,3.75476572056499e-09,"CD4+ T Cell (naive)","CyTOF","Anelloviridae.pbmc","child",NA,1.59577543124012e-08
"707","virus_positive",1,3168,16.5595868046973,4.82959501026947e-05,"CD4+ T Cell (naive)","CyTOF","Anelloviridae.pbmc","child",-0.242588859426695,0.000351870493605347
"708","event_type",11,3168,3.85271571467249,1.52044544792229e-05,"CD4+ T Cell (naive)","CyTOF","Anelloviridae.pbmc","child",NA,2.67388682220817e-05
"709","(Intercept)",1,3168,0.129326913080871,0.719154911065004,"CD4+ Treg (CD39hi)","CyTOF","Anelloviridae.pbmc","child",-0.11626792366463,0.833565919643528
"710","trajectory_group",1,3168,4.35203816021851,0.0370444868994555,"CD4+ Treg (CD39hi)","CyTOF","Anelloviridae.pbmc","child",-0.0355480763061809,0.0821421231248796
"711","sex",1,3168,4.55222263488886,0.0329526535574945,"CD4+ Treg (CD39hi)","CyTOF","Anelloviridae.pbmc","child",NA,0.0730689274535749
"712","discretized_admit_age_quantile",4,3168,9.17257635768611,2.29306119536865e-07,"CD4+ Treg (CD39hi)","CyTOF","Anelloviridae.pbmc","child",NA,7.30913256023757e-07
"713","virus_positive",1,3168,21.1440624136625,4.42693410784845e-06,"CD4+ Treg (CD39hi)","CyTOF","Anelloviridae.pbmc","child",-0.270787683675188,5.64434098750677e-05
"714","event_type",11,3168,2.8465763157741,0.00102273045965706,"CD4+ Treg (CD39hi)","CyTOF","Anelloviridae.pbmc","child",NA,0.00153409568948559
"715","(Intercept)",1,3168,0.209676615160327,0.647052392060546,"CD4+ Treg (CD39low)","CyTOF","Anelloviridae.pbmc","child",-0.151581511405866,0.824991799877196
"716","trajectory_group",1,3168,2.28301017958602,0.130897528822792,"CD4+ Treg (CD39low)","CyTOF","Anelloviridae.pbmc","child",-0.0265618732254021,0.247250887776386
"717","sex",1,3168,1.62773828233399,0.202109696447676,"CD4+ Treg (CD39low)","CyTOF","Anelloviridae.pbmc","child",NA,0.303164544671514
"718","discretized_admit_age_quantile",4,3168,0.517481760658424,0.722903307033739,"CD4+ Treg (CD39low)","CyTOF","Anelloviridae.pbmc","child",NA,0.768084763723348
"719","virus_positive",1,3168,9.63745031968829,0.00192333271365253,"CD4+ Treg (CD39low)","CyTOF","Anelloviridae.pbmc","child",-0.190614726088501,0.00980899683962788
"720","event_type",11,3168,5.36414587018593,1.72493961336784e-08,"CD4+ Treg (CD39low)","CyTOF","Anelloviridae.pbmc","child",NA,3.3835353954523e-08
"721","(Intercept)",1,3168,0.139066042018149,0.709236211850707,"CD4+ Treg (naive)","CyTOF","Anelloviridae.pbmc","child",0.119702909047929,0.833565919643528
"722","trajectory_group",1,3168,0.0116352162392389,0.914108295260882,"CD4+ Treg (naive)","CyTOF","Anelloviridae.pbmc","child",-0.00182764488547286,0.914108295260882
"723","sex",1,3168,34.9721932296653,3.70079233924514e-09,"CD4+ Treg (naive)","CyTOF","Anelloviridae.pbmc","child",NA,3.77480818603004e-08
"724","discretized_admit_age_quantile",4,3168,2.5466909558394,0.0376023009900954,"CD4+ Treg (naive)","CyTOF","Anelloviridae.pbmc","child",NA,0.0547919242998533
"725","virus_positive",1,3168,0.065336419180149,0.798268670028972,"CD4+ Treg (naive)","CyTOF","Anelloviridae.pbmc","child",-0.0152648572160877,0.845658454203878
"726","event_type",11,3168,26.1566606329867,0,"CD4+ Treg (naive)","CyTOF","Anelloviridae.pbmc","child",NA,0
"727","(Intercept)",1,3168,0.189300125430675,0.663529393509438,"CD8+ NKT Cell","CyTOF","Anelloviridae.pbmc","child",-0.142001227509059,0.825365830950764
"728","trajectory_group",1,3168,26.1851587510474,3.28677381533637e-07,"CD8+ NKT Cell","CyTOF","Anelloviridae.pbmc","child",-0.0887796000562078,1.52386785983777e-06
"729","sex",1,3168,1.25510784728477,0.262664066382623,"CD8+ NKT Cell","CyTOF","Anelloviridae.pbmc","child",NA,0.352522825934573
"730","discretized_admit_age_quantile",4,3168,2.65593858211138,0.0313238960435716,"CD8+ NKT Cell","CyTOF","Anelloviridae.pbmc","child",NA,0.0469858440653573
"731","virus_positive",1,3168,0.245000407603898,0.620651981975114,"CD8+ NKT Cell","CyTOF","Anelloviridae.pbmc","child",-0.0299009741144244,0.74361776823762
"732","event_type",11,3168,3.78827179277906,2.00955744511511e-05,"CD8+ NKT Cell","CyTOF","Anelloviridae.pbmc","child",NA,3.30604611938292e-05
"733","(Intercept)",1,3168,7.26966018455344,0.0070499977870232,"CD8+ T Cell (CD161+ MAIT)","CyTOF","Anelloviridae.pbmc","child",0.807514498116967,0.0703961755711418
"734","trajectory_group",1,3168,45.46448004098,1.83981718748782e-11,"CD8+ T Cell (CD161+ MAIT)","CyTOF","Anelloviridae.pbmc","child",-0.10572150284382,1.17288345702349e-10
"735","sex",1,3168,9.35132073159102,0.00224686499186566,"CD8+ T Cell (CD161+ MAIT)","CyTOF","Anelloviridae.pbmc","child",NA,0.0070914732936932
"736","discretized_admit_age_quantile",4,3168,82.1536594204257,0,"CD8+ T Cell (CD161+ MAIT)","CyTOF","Anelloviridae.pbmc","child",NA,0
"737","virus_positive",1,3168,4.49245565976346,0.0341223096067537,"CD8+ T Cell (CD161+ MAIT)","CyTOF","Anelloviridae.pbmc","child",-0.118258105783088,0.0870118894972218
"738","event_type",11,3168,11.5710789192461,0,"CD8+ T Cell (CD161+ MAIT)","CyTOF","Anelloviridae.pbmc","child",NA,0
"739","(Intercept)",1,3168,0.150035436183791,0.698527516318531,"CD8+ T Cell (CM)","CyTOF","Anelloviridae.pbmc","child",-0.12307949018973,0.833565919643528
"740","trajectory_group",1,3168,17.8259821368927,2.48862431364572e-05,"CD8+ T Cell (CM)","CyTOF","Anelloviridae.pbmc","child",-0.0710635051838259,0.000105766533329943
"741","sex",1,3168,0.718400933048962,0.396732962077809,"CD8+ T Cell (CM)","CyTOF","Anelloviridae.pbmc","child",NA,0.493497099169958
"742","discretized_admit_age_quantile",4,3168,5.36333873411644,0.000265253113964525,"CD8+ T Cell (CM)","CyTOF","Anelloviridae.pbmc","child",NA,0.000541116352487632
"743","virus_positive",1,3168,17.5408890186671,2.88861272430552e-05,"CD8+ T Cell (CM)","CyTOF","Anelloviridae.pbmc","child",-0.247292200697402,0.000245532081565969
"744","event_type",11,3168,15.842304585084,0,"CD8+ T Cell (CM)","CyTOF","Anelloviridae.pbmc","child",NA,0
"745","(Intercept)",1,3168,0.23056083718483,0.631141439247999,"CD8+ T Cell (EM CD27hi)","CyTOF","Anelloviridae.pbmc","child",-0.148562363772048,0.824991799877196
"746","trajectory_group",1,3168,46.0328518922842,1.38216105227684e-11,"CD8+ T Cell (EM CD27hi)","CyTOF","Anelloviridae.pbmc","child",-0.111563423276807,1.00700305237313e-10
"747","sex",1,3168,15.7416524408641,7.42165333622591e-05,"CD8+ T Cell (EM CD27hi)","CyTOF","Anelloviridae.pbmc","child",NA,0.000420560355719468
"748","discretized_admit_age_quantile",4,3168,6.2708587016446,5.04840157312669e-05,"CD8+ T Cell (EM CD27hi)","CyTOF","Anelloviridae.pbmc","child",NA,0.000128734240114731
"749","virus_positive",1,3168,0.313271155324371,0.575719346052405,"CD8+ T Cell (EM CD27hi)","CyTOF","Anelloviridae.pbmc","child",-0.0319605049025709,0.740538976471926
"750","event_type",11,3168,30.1543600724812,0,"CD8+ T Cell (EM CD27hi)","CyTOF","Anelloviridae.pbmc","child",NA,0
"751","(Intercept)",1,3168,2.7035008556588,0.100227384813916,"CD8+ T Cell (EM CD27low)","CyTOF","Anelloviridae.pbmc","child",0.54869209572496,0.283977590306094
"752","trajectory_group",1,3168,0.192709280106332,0.660701146016055,"CD8+ T Cell (EM CD27low)","CyTOF","Anelloviridae.pbmc","child",-0.00777534228136575,0.765812691973154
"753","sex",1,3168,3.17201240397693,0.0750058838537909,"CD8+ T Cell (EM CD27low)","CyTOF","Anelloviridae.pbmc","child",NA,0.13190689919115
"754","discretized_admit_age_quantile",4,3168,0.48608066327355,0.745995688416106,"CD8+ T Cell (EM CD27low)","CyTOF","Anelloviridae.pbmc","child",NA,0.776444492024927
"755","virus_positive",1,3168,0.19140751910267,0.661777547426012,"CD8+ T Cell (EM CD27low)","CyTOF","Anelloviridae.pbmc","child",0.0270946557363792,0.75001455374948
"756","event_type",11,3168,1.26616474648318,0.237619617280954,"CD8+ T Cell (EM CD27low)","CyTOF","Anelloviridae.pbmc","child",NA,0.275422738212015
"757","(Intercept)",1,3168,0.00442972318841453,0.946939242806811,"CD8+ T Cell (EM CD57hi)","CyTOF","Anelloviridae.pbmc","child",0.0213318918734415,0.946939242806811
"758","trajectory_group",1,3168,0.241592046166227,0.623092663684823,"CD8+ T Cell (EM CD57hi)","CyTOF","Anelloviridae.pbmc","child",0.00837270258364359,0.739016880184325
"759","sex",1,3168,12.9496025316888,0.000324886886380771,"CD8+ T Cell (EM CD57hi)","CyTOF","Anelloviridae.pbmc","child",NA,0.00150629374594721
"760","discretized_admit_age_quantile",4,3168,3.19954046732755,0.0124215785725547,"CD8+ T Cell (EM CD57hi)","CyTOF","Anelloviridae.pbmc","child",NA,0.0215371225464985
"761","virus_positive",1,3168,5.57645602596423,0.0182637223795648,"CD8+ T Cell (EM CD57hi)","CyTOF","Anelloviridae.pbmc","child",0.139701120998984,0.0547911671386943
"762","event_type",11,3168,15.0667328438765,0,"CD8+ T Cell (EM CD57hi)","CyTOF","Anelloviridae.pbmc","child",NA,0
"763","(Intercept)",1,3168,3.92503303903708,0.0476585881666368,"CD8+ T Cell (EMRA CD57hi)","CyTOF","Anelloviridae.pbmc","child",-0.641279652202913,0.162039199766565
"764","trajectory_group",1,3168,1.41037056320045,0.235083920260275,"CD8+ T Cell (EMRA CD57hi)","CyTOF","Anelloviridae.pbmc","child",-0.0204310504072203,0.399642664442468
"765","sex",1,3168,0.0394030416213005,0.842665061887178,"CD8+ T Cell (EMRA CD57hi)","CyTOF","Anelloviridae.pbmc","child",NA,0.895331628255126
"766","discretized_admit_age_quantile",4,3168,5.90928869960835,9.79884322467317e-05,"CD8+ T Cell (EMRA CD57hi)","CyTOF","Anelloviridae.pbmc","child",NA,0.000227155002026514
"767","virus_positive",1,3168,3.11468850365852,0.0776856513888429,"CD8+ T Cell (EMRA CD57hi)","CyTOF","Anelloviridae.pbmc","child",0.105803272760569,0.172259487862217
"768","event_type",11,3168,16.5062568893516,0,"CD8+ T Cell (EMRA CD57hi)","CyTOF","Anelloviridae.pbmc","child",NA,0
"769","(Intercept)",1,3168,2.24712958381775,0.133962143515489,"CD8+ T Cell (EMRA CD57low)","CyTOF","Anelloviridae.pbmc","child",-0.479311053463358,0.351597796560663
"770","trajectory_group",1,3168,2.61197577372558,0.106159117910177,"CD8+ T Cell (EMRA CD57low)","CyTOF","Anelloviridae.pbmc","child",-0.0274504178076136,0.208235192823809
"771","sex",1,3168,27.3151332818611,1.84051906382265e-07,"CD8+ T Cell (EMRA CD57low)","CyTOF","Anelloviridae.pbmc","child",NA,1.17333090318694e-06
"772","discretized_admit_age_quantile",4,3168,12.8861807505715,2.08078332342154e-10,"CD8+ T Cell (EMRA CD57low)","CyTOF","Anelloviridae.pbmc","child",NA,1.06119949494499e-09
"773","virus_positive",1,3168,18.1047124844445,2.15141579462674e-05,"CD8+ T Cell (EMRA CD57low)","CyTOF","Anelloviridae.pbmc","child",0.250739873857088,0.000219444411051928
"774","event_type",11,3168,13.0093986000771,0,"CD8+ T Cell (EMRA CD57low)","CyTOF","Anelloviridae.pbmc","child",NA,0
"775","(Intercept)",1,3168,6.9802576462801,0.00828190300836962,"CD8+ T Cell (activated)","CyTOF","Anelloviridae.pbmc","child",0.849453323031942,0.0703961755711418
"776","trajectory_group",1,3168,0.136842126463385,0.711465496505748,"CD8+ T Cell (activated)","CyTOF","Anelloviridae.pbmc","child",0.00630828718155643,0.775500324972464
"777","sex",1,3168,2.41791365916137,0.120054483399593,"CD8+ T Cell (activated)","CyTOF","Anelloviridae.pbmc","child",NA,0.197508988818685
"778","discretized_admit_age_quantile",4,3168,4.31186109100069,0.00176260060453204,"CD8+ T Cell (activated)","CyTOF","Anelloviridae.pbmc","child",NA,0.00332935669744941
"779","virus_positive",1,3168,5.16454083695024,0.0231192665101785,"CD8+ T Cell (activated)","CyTOF","Anelloviridae.pbmc","child",0.1356733904364,0.0655045884455057
"780","event_type",11,3168,25.3580180764477,0,"CD8+ T Cell (activated)","CyTOF","Anelloviridae.pbmc","child",NA,0
"781","(Intercept)",1,3168,42.7629114930398,7.17683690254489e-11,"CD8+ T Cell (naive)","CyTOF","Anelloviridae.pbmc","child",1.69410522721591,3.66018682029789e-09
"782","trajectory_group",1,3168,50.5156660140652,1.45417011765403e-12,"CD8+ T Cell (naive)","CyTOF","Anelloviridae.pbmc","child",-0.0978531670540012,1.23604460000593e-11
"783","sex",1,3168,81.5493566183545,0,"CD8+ T Cell (naive)","CyTOF","Anelloviridae.pbmc","child",NA,0
"784","discretized_admit_age_quantile",4,3168,335.012944956394,0,"CD8+ T Cell (naive)","CyTOF","Anelloviridae.pbmc","child",NA,0
"785","virus_positive",1,3168,9.23790855188775,0.00238992265140048,"CD8+ T Cell (naive)","CyTOF","Anelloviridae.pbmc","child",-0.145873260171089,0.0110805504746749
"786","event_type",11,3168,1.74238986925909,0.0587013537381436,"CD8+ T Cell (naive)","CyTOF","Anelloviridae.pbmc","child",NA,0.07128021525346
"787","(Intercept)",1,3168,5.76582662338566,0.0163980856512789,"Conventional DC","CyTOF","Anelloviridae.pbmc","child",-0.782134007664987,0.116744714209292
"788","trajectory_group",1,3168,2.07332269158234,0.149993450883705,"Conventional DC","CyTOF","Anelloviridae.pbmc","child",-0.0249321551546291,0.273202356966748
"789","sex",1,3168,4.3361605009619,0.0373910271325885,"Conventional DC","CyTOF","Anelloviridae.pbmc","child",NA,0.0794559326567505
"790","discretized_admit_age_quantile",4,3168,0.88421351913689,0.472426110990931,"Conventional DC","CyTOF","Anelloviridae.pbmc","child",NA,0.535416259123055
"791","virus_positive",1,3168,1.75792938191854,0.184978586084861,"Conventional DC","CyTOF","Anelloviridae.pbmc","child",-0.0797980125973894,0.325307168631996
"792","event_type",11,3168,3.72084015959921,2.68747164500205e-05,"Conventional DC","CyTOF","Anelloviridae.pbmc","child",NA,4.28315793422201e-05
"793","(Intercept)",1,3168,2.13676780118622,0.143903779547347,"Hematopoetic progenitor Cell","CyTOF","Anelloviridae.pbmc","child",-0.477352210140241,0.351597796560663
"794","trajectory_group",1,3168,27.1127774811592,2.04176950902024e-07,"Hematopoetic progenitor Cell","CyTOF","Anelloviridae.pbmc","child",0.0903716245385804,1.04130244960032e-06
"795","sex",1,3168,4.05889209005465,0.0440236612878121,"Hematopoetic progenitor Cell","CyTOF","Anelloviridae.pbmc","child",NA,0.0846304383963711
"796","discretized_admit_age_quantile",4,3168,3.18809495193804,0.0126688956155874,"Hematopoetic progenitor Cell","CyTOF","Anelloviridae.pbmc","child",NA,0.0215371225464985
"797","virus_positive",1,3168,4.30162979358147,0.0381564657690898,"Hematopoetic progenitor Cell","CyTOF","Anelloviridae.pbmc","child",0.125453164209499,0.0926657025820753
"798","event_type",11,3168,7.82162552507519,1.57207580286922e-13,"Hematopoetic progenitor Cell","CyTOF","Anelloviridae.pbmc","child",NA,3.20703463785321e-13
"799","(Intercept)",1,3168,0.317278917013933,0.57328738670399,"ILC","CyTOF","Anelloviridae.pbmc","child",-0.182570122180131,0.790206938429824
"800","trajectory_group",1,3168,0.539785306991847,0.46257609412092,"ILC","CyTOF","Anelloviridae.pbmc","child",0.012642362016926,0.637604886490997
"801","sex",1,3168,1.42827238137938,0.232136051024218,"ILC","CyTOF","Anelloviridae.pbmc","child",NA,0.333351100641645
"802","discretized_admit_age_quantile",4,3168,1.11451474330326,0.347756940435126,"ILC","CyTOF","Anelloviridae.pbmc","child",NA,0.412455906097475
"803","virus_positive",1,3168,0.838838126311184,0.359798988624691,"ILC","CyTOF","Anelloviridae.pbmc","child",-0.0546405716170914,0.573429638120601
"804","event_type",11,3168,2.27516551176771,0.0092283803126757,"ILC","CyTOF","Anelloviridae.pbmc","child",NA,0.0123854577880648
"805","(Intercept)",1,3168,7.0108368651352,0.00814193493526671,"Monocytes (CD14+CD16+)","CyTOF","Anelloviridae.pbmc","child",-0.860664575472595,0.0703961755711418
"806","trajectory_group",1,3168,9.311576500454,0.00229598129463016,"Monocytes (CD14+CD16+)","CyTOF","Anelloviridae.pbmc","child",-0.0527301798911824,0.00688794388389047
"807","sex",1,3168,5.26143538610654,0.0218681941212902,"Monocytes (CD14+CD16+)","CyTOF","Anelloviridae.pbmc","child",NA,0.0531084714374189
"808","discretized_admit_age_quantile",4,3168,9.44912403650879,1.36487742885549e-07,"Monocytes (CD14+CD16+)","CyTOF","Anelloviridae.pbmc","child",NA,5.22178973822689e-07
"809","virus_positive",1,3168,6.55692211159529,0.0104936496834555,"Monocytes (CD14+CD16+)","CyTOF","Anelloviridae.pbmc","child",0.153958997018766,0.0411673949120175
"810","event_type",11,3168,8.64835347118908,2.88657986402541e-15,"Monocytes (CD14+CD16+)","CyTOF","Anelloviridae.pbmc","child",NA,6.13398221105399e-15
"811","(Intercept)",1,3168,1.51961712330225,0.217768913178835,"Monocytes (CD14+CD16-)","CyTOF","Anelloviridae.pbmc","child",-0.345402849923114,0.482878894440025
"812","trajectory_group",1,3168,167.819323747485,0,"Monocytes (CD14+CD16-)","CyTOF","Anelloviridae.pbmc","child",0.192916250962651,0
"813","sex",1,3168,84.6038487607152,0,"Monocytes (CD14+CD16-)","CyTOF","Anelloviridae.pbmc","child",NA,0
"814","discretized_admit_age_quantile",4,3168,15.1351890679081,2.9171109972026e-12,"Monocytes (CD14+CD16-)","CyTOF","Anelloviridae.pbmc","child",NA,2.12532372653332e-11
"815","virus_positive",1,3168,24.7853610054715,6.75070628064489e-07,"Monocytes (CD14+CD16-)","CyTOF","Anelloviridae.pbmc","child",0.25837440398802,1.72143010156445e-05
"816","event_type",11,3168,49.248018349777,0,"Monocytes (CD14+CD16-)","CyTOF","Anelloviridae.pbmc","child",NA,0
"817","(Intercept)",1,3168,15.2097708403338,9.82009609140633e-05,"Monocytes (CD14-CD16+)","CyTOF","Anelloviridae.pbmc","child",-1.08775181050315,0.00250412450330861
"818","trajectory_group",1,3168,0.048099137527608,0.826418685462851,"Monocytes (CD14-CD16+)","CyTOF","Anelloviridae.pbmc","child",-0.00324740450780153,0.860150060379702
"819","sex",1,3168,7.19215178260962,0.00736030168920254,"Monocytes (CD14-CD16+)","CyTOF","Anelloviridae.pbmc","child",NA,0.0197565992710173
"820","discretized_admit_age_quantile",4,3168,5.91074666404061,9.7727279526838e-05,"Monocytes (CD14-CD16+)","CyTOF","Anelloviridae.pbmc","child",NA,0.000227155002026514
"821","virus_positive",1,3168,0.425926558314454,0.514041876157632,"Monocytes (CD14-CD16+)","CyTOF","Anelloviridae.pbmc","child",0.0335030347878449,0.740538976471926
"822","event_type",11,3168,117.964951985551,0,"Monocytes (CD14-CD16+)","CyTOF","Anelloviridae.pbmc","child",NA,0
"823","(Intercept)",1,3168,0.96497447786066,0.326011748434131,"NK Cell (CD56hi CD16low)","CyTOF","Anelloviridae.pbmc","child",-0.314480964905128,0.597016943612309
"824","trajectory_group",1,3168,9.71112217000341,0.00184796374359553,"NK Cell (CD56hi CD16low)","CyTOF","Anelloviridae.pbmc","child",-0.0530188724426135,0.00589038443271074
"825","sex",1,3168,0.00886971271766808,0.924972801072963,"NK Cell (CD56hi CD16low)","CyTOF","Anelloviridae.pbmc","child",NA,0.935090667159023
"826","discretized_admit_age_quantile",4,3168,2.25402405868309,0.0609464054204067,"NK Cell (CD56hi CD16low)","CyTOF","Anelloviridae.pbmc","child",NA,0.0796991455497627
"827","virus_positive",1,3168,5.83876281685644,0.0157330327274796,"NK Cell (CD56hi CD16low)","CyTOF","Anelloviridae.pbmc","child",0.14275443457932,0.0501490418188413
"828","event_type",11,3168,3.8911100250018,1.28702835633376e-05,"NK Cell (CD56hi CD16low)","CyTOF","Anelloviridae.pbmc","child",NA,2.34423022046507e-05
"829","(Intercept)",1,3168,5.15706196557809,0.0232188662558228,"NK Cell (CD56low CD16hi CD57hi)","CyTOF","Anelloviridae.pbmc","child",-0.714537024310189,0.116744714209292
"830","trajectory_group",1,3168,0.542783574705138,0.461335960287118,"NK Cell (CD56low CD16hi CD57hi)","CyTOF","Anelloviridae.pbmc","child",-0.0123204560931701,0.637604886490997
"831","sex",1,3168,60.355520895774,1.06581410364015e-14,"NK Cell (CD56low CD16hi CD57hi)","CyTOF","Anelloviridae.pbmc","child",NA,1.81188397618826e-13
"832","discretized_admit_age_quantile",4,3168,46.2211258647651,0,"NK Cell (CD56low CD16hi CD57hi)","CyTOF","Anelloviridae.pbmc","child",NA,0
"833","virus_positive",1,3168,0.304981925946405,0.580814883507393,"NK Cell (CD56low CD16hi CD57hi)","CyTOF","Anelloviridae.pbmc","child",-0.0320749185291893,0.740538976471926
"834","event_type",11,3168,17.2513159928546,0,"NK Cell (CD56low CD16hi CD57hi)","CyTOF","Anelloviridae.pbmc","child",NA,0
"835","(Intercept)",1,3168,0.539270382061984,0.462789609328415,"NK Cell (CD56low CD16hi CD57low)","CyTOF","Anelloviridae.pbmc","child",-0.237298111800015,0.728082658294494
"836","trajectory_group",1,3168,4.58843873228743,0.0322643493210332,"NK Cell (CD56low CD16hi CD57low)","CyTOF","Anelloviridae.pbmc","child",-0.0366742284247667,0.074794627971486
"837","sex",1,3168,0.201862684391919,0.653252257516787,"NK Cell (CD56low CD16hi CD57low)","CyTOF","Anelloviridae.pbmc","child",NA,0.774787561240841
"838","discretized_admit_age_quantile",4,3168,5.84611683928445,0.00010999511034071,"NK Cell (CD56low CD16hi CD57low)","CyTOF","Anelloviridae.pbmc","child",NA,0.000243902201190271
"839","virus_positive",1,3168,4.81841187927692,0.0282295853830129,"NK Cell (CD56low CD16hi CD57low)","CyTOF","Anelloviridae.pbmc","child",-0.131791281632466,0.0757741502386136
"840","event_type",11,3168,9.31813159424317,1.11022302462516e-16,"NK Cell (CD56low CD16hi CD57low)","CyTOF","Anelloviridae.pbmc","child",NA,2.69625591694681e-16
"841","(Intercept)",1,3168,0.0572208798045884,0.810959104719397,"Plasmacytoid DC","CyTOF","Anelloviridae.pbmc","child",0.0803918115845284,0.879976900865729
"842","trajectory_group",1,3168,2.78587871424704,0.0951973256005407,"Plasmacytoid DC","CyTOF","Anelloviridae.pbmc","child",-0.0291943923847566,0.194202544225103
"843","sex",1,3168,1.40902895805318,0.235306659276455,"Plasmacytoid DC","CyTOF","Anelloviridae.pbmc","child",NA,0.333351100641645
"844","discretized_admit_age_quantile",4,3168,0.44299924701938,0.77758985991886,"Plasmacytoid DC","CyTOF","Anelloviridae.pbmc","child",NA,0.793141657117237
"845","virus_positive",1,3168,10.5965526712955,0.00114490875183826,"Plasmacytoid DC","CyTOF","Anelloviridae.pbmc","child",0.203895472300306,0.0064878162604168
"846","event_type",11,3168,1.48740512226875,0.128883937829507,"Plasmacytoid DC","CyTOF","Anelloviridae.pbmc","child",NA,0.152862344867555
"847","(Intercept)",1,3168,0.490832531393333,0.483607615691226,"Tier2_Bcell_Undefined","CyTOF","Anelloviridae.pbmc","child",0.232373105760102,0.728082658294494
"848","trajectory_group",1,3168,5.69685556377902,0.0170536759484894,"Tier2_Bcell_Undefined","CyTOF","Anelloviridae.pbmc","child",-0.0420191803361006,0.0415794111431538
"849","sex",1,3168,1.27870046918525,0.258226398961062,"Tier2_Bcell_Undefined","CyTOF","Anelloviridae.pbmc","child",NA,0.352522825934573
"850","discretized_admit_age_quantile",4,3168,1.64384707937383,0.160393144991229,"Tier2_Bcell_Undefined","CyTOF","Anelloviridae.pbmc","child",NA,0.199513424257383
"851","virus_positive",1,3168,0.016703314065018,0.897174920594334,"Tier2_Bcell_Undefined","CyTOF","Anelloviridae.pbmc","child",-0.00795521728184553,0.915118419006221
"852","event_type",11,3168,2.62145335263634,0.00248498110599304,"Tier2_Bcell_Undefined","CyTOF","Anelloviridae.pbmc","child",NA,0.0034252442271796
"853","(Intercept)",1,3168,0.0708460567340226,0.790126203855006,"Tier2_NK_Undefined","CyTOF","Anelloviridae.pbmc","child",0.0897347665396483,0.876009486882724
"854","trajectory_group",1,3168,0.315396392816034,0.574427193946626,"Tier2_NK_Undefined","CyTOF","Anelloviridae.pbmc","child",-0.0100283631095857,0.702010851210178
"855","sex",1,3168,1.13338511840772,0.287135571745756,"Tier2_NK_Undefined","CyTOF","Anelloviridae.pbmc","child",NA,0.375484978436757
"856","discretized_admit_age_quantile",4,3168,0.640401372522183,0.633679770450951,"Tier2_NK_Undefined","CyTOF","Anelloviridae.pbmc","child",NA,0.702558006369533
"857","virus_positive",1,3168,0.0562770486881317,0.812495377568432,"Tier2_NK_Undefined","CyTOF","Anelloviridae.pbmc","child",-0.0148620823015197,0.845658454203878
"858","event_type",11,3168,2.77002810862863,0.00138692353855141,"Tier2_NK_Undefined","CyTOF","Anelloviridae.pbmc","child",NA,0.00196480834628116
"859","(Intercept)",1,3168,0.764195197898243,0.382085089364793,"Tier2_Tcell_Undefined","CyTOF","Anelloviridae.pbmc","child",-0.260174074604752,0.628591598632401
"860","trajectory_group",1,3168,0.109739549752979,0.740462760045706,"Tier2_Tcell_Undefined","CyTOF","Anelloviridae.pbmc","child",0.00524126300022598,0.786741682548562
"861","sex",1,3168,10.2290503856808,0.00139608448057849,"Tier2_Tcell_Undefined","CyTOF","Anelloviridae.pbmc","child",NA,0.00474668723396685
"862","discretized_admit_age_quantile",4,3168,1.30963476444491,0.263941036759844,"Tier2_Tcell_Undefined","CyTOF","Anelloviridae.pbmc","child",NA,0.320499830351239
"863","virus_positive",1,3168,0.351789836699219,0.553144029665245,"Tier2_Tcell_Undefined","CyTOF","Anelloviridae.pbmc","child",0.0326287765596724,0.740538976471926
"864","event_type",11,3168,0.784858565617132,0.655640112463284,"Tier2_Tcell_Undefined","CyTOF","Anelloviridae.pbmc","child",NA,0.69661761949224
"865","(Intercept)",1,3168,0.00905384922917281,0.924200338104147,"Tier3_CD4_Undefined","CyTOF","Anelloviridae.pbmc","child",0.0321431362638851,0.946939242806811
"866","trajectory_group",1,3168,0.845448835587966,0.357913040414958,"Tier3_CD4_Undefined","CyTOF","Anelloviridae.pbmc","child",-0.0157155865704762,0.553138335186754
"867","sex",1,3168,0.596008834825592,0.440162485727166,"Tier3_CD4_Undefined","CyTOF","Anelloviridae.pbmc","child",NA,0.534483018382988
"868","discretized_admit_age_quantile",4,3168,0.524641653326667,0.717641735888993,"Tier3_CD4_Undefined","CyTOF","Anelloviridae.pbmc","child",NA,0.768084763723348
"869","virus_positive",1,3168,0.130167002448963,0.718283002785324,"Tier3_CD4_Undefined","CyTOF","Anelloviridae.pbmc","child",0.0227223991491163,0.77941347110748
"870","event_type",11,3168,0.449211705367738,0.933825076938665,"Tier3_CD4_Undefined","CyTOF","Anelloviridae.pbmc","child",NA,0.933825076938665
"871","(Intercept)",1,3168,0.794050778605895,0.372945732767201,"Tier3_CD8_Undefined","CyTOF","Anelloviridae.pbmc","child",0.290784815295709,0.628591598632401
"872","trajectory_group",1,3168,0.133674347957525,0.714676770072663,"Tier3_CD8_Undefined","CyTOF","Anelloviridae.pbmc","child",-0.00634045317573104,0.775500324972464
"873","sex",1,3168,2.81174748624274,0.0936750509617363,"Tier3_CD8_Undefined","CyTOF","Anelloviridae.pbmc","child",NA,0.159247586634952
"874","discretized_admit_age_quantile",4,3168,2.35093526187998,0.0519977353026977,"Tier3_CD8_Undefined","CyTOF","Anelloviridae.pbmc","child",NA,0.0716725540658806
"875","virus_positive",1,3168,0.000601312643538123,0.980438037551597,"Tier3_CD8_Undefined","CyTOF","Anelloviridae.pbmc","child",0.00148250204962618,0.980438037551597
"876","event_type",11,3168,2.22223985388574,0.0112028172990075,"Tier3_CD8_Undefined","CyTOF","Anelloviridae.pbmc","child",NA,0.0146498380063944
"877","(Intercept)",1,3168,0.00710803256021392,0.932815965691948,"Tier4_Treg_Undefined","CyTOF","Anelloviridae.pbmc","child",-0.0284371775692963,0.946939242806811
"878","trajectory_group",1,3168,0.382420324095832,0.536355214829246,"Tier4_Treg_Undefined","CyTOF","Anelloviridae.pbmc","child",-0.010553525838625,0.699941831921956
"879","sex",1,3168,6.21975290057483,0.0126838837151106,"Tier4_Treg_Undefined","CyTOF","Anelloviridae.pbmc","child",NA,0.0323439034735321
"880","discretized_admit_age_quantile",4,3168,0.41241007085821,0.799827413757276,"Tier4_Treg_Undefined","CyTOF","Anelloviridae.pbmc","child",NA,0.799827413757276
"881","virus_positive",1,3168,0.216758988610976,0.641552584361868,"Tier4_Treg_Undefined","CyTOF","Anelloviridae.pbmc","child",0.0292773965977383,0.74361776823762
"882","event_type",11,3168,0.459904302812594,0.928122383125363,"Tier4_Treg_Undefined","CyTOF","Anelloviridae.pbmc","child",NA,0.933825076938665
"883","(Intercept)",1,3168,0.486846850982337,0.485388438862996,"Tier4_nonTreg_Undefined","CyTOF","Anelloviridae.pbmc","child",0.228977558925055,0.728082658294494
"884","trajectory_group",1,3168,0.944901386628646,0.331094721197815,"Tier4_nonTreg_Undefined","CyTOF","Anelloviridae.pbmc","child",-0.016958582837532,0.527682211909018
"885","sex",1,3168,0.846711275808125,0.35755442947404,"Tier4_nonTreg_Undefined","CyTOF","Anelloviridae.pbmc","child",NA,0.455881897579401
"886","discretized_admit_age_quantile",4,3168,4.16603488208584,0.00228484204046298,"Tier4_nonTreg_Undefined","CyTOF","Anelloviridae.pbmc","child",NA,0.00416167657370042
"887","virus_positive",1,3168,0.353188203157954,0.552356326939238,"Tier4_nonTreg_Undefined","CyTOF","Anelloviridae.pbmc","child",-0.0360728921503329,0.740538976471926
"888","event_type",11,3168,4.01735827356401,7.42137051279457e-06,"Tier4_nonTreg_Undefined","CyTOF","Anelloviridae.pbmc","child",NA,1.40181443019453e-05
"889","(Intercept)",1,3168,0.0127525414322782,0.910095465637656,"gd T Cell","CyTOF","Anelloviridae.pbmc","child",-0.035696070585098,0.946939242806811
"890","trajectory_group",1,3168,3.73082708329577,0.0535060295225788,"gd T Cell","CyTOF","Anelloviridae.pbmc","child",-0.0323937329621762,0.11370031273548
"891","sex",1,3168,0.0446983042442019,0.832573357677412,"gd T Cell","CyTOF","Anelloviridae.pbmc","child",NA,0.895331628255126
"892","discretized_admit_age_quantile",4,3168,9.2636116887691,1.93317964747308e-07,"gd T Cell","CyTOF","Anelloviridae.pbmc","child",NA,6.57281080140848e-07
"893","virus_positive",1,3168,6.35318403478701,0.0117658164731043,"gd T Cell","CyTOF","Anelloviridae.pbmc","child",0.146477760125445,0.0424637931254148
"894","event_type",11,3168,2.06916387350739,0.0194048976658974,"gd T Cell","CyTOF","Anelloviridae.pbmc","child",NA,0.0247412445240191
"895","(Intercept)",1,3168,5.35406626924919,0.0207376922282749,"Basophil","CyTOF","Anelloviridae.pbmc","child",-0.623614553673666,0.116744714209292
"896","trajectory_group",1,3168,5.83380408259381,0.0157773539799634,"Basophil","CyTOF","Anelloviridae.pbmc","child",-0.0345119104292317,0.0415794111431538
"897","sex",1,3168,4.12350829310698,0.0423746508492799,"Basophil","CyTOF","Anelloviridae.pbmc","child",NA,0.0846304383963711
"898","discretized_admit_age_quantile",4,3168,0.909887313345788,0.457117875340307,"Basophil","CyTOF","Anelloviridae.pbmc","child",NA,0.529841173689902
"899","virus_positive",1,3168,1.57439035954954,0.209663128983408,"Basophil","CyTOF","Anelloviridae.pbmc","child",-0.0628087085359448,0.344929663811413
"900","event_type",11,3168,117.086186179955,0,"Basophil","CyTOF","Anelloviridae.pbmc","child",NA,0
"901","(Intercept)",1,3168,2.05636924414339,0.151669637732051,"Eosinophil","CyTOF","Anelloviridae.pbmc","child",-0.431022737946605,0.351597796560663
"902","trajectory_group",1,3168,0.309337016580916,0.578126583349558,"Eosinophil","CyTOF","Anelloviridae.pbmc","child",0.00888008993095245,0.702010851210178
"903","sex",1,3168,4.72524598409916,0.0297967492608389,"Eosinophil","CyTOF","Anelloviridae.pbmc","child",NA,0.0690742823773992
"904","discretized_admit_age_quantile",4,3168,2.74539959074176,0.0269480248288945,"Eosinophil","CyTOF","Anelloviridae.pbmc","child",NA,0.0420079097946118
"905","virus_positive",1,3168,0.375289136956315,0.540179226565658,"Eosinophil","CyTOF","Anelloviridae.pbmc","child",-0.034141646839256,0.740538976471926
"906","event_type",11,3168,48.5267725476046,0,"Eosinophil","CyTOF","Anelloviridae.pbmc","child",NA,0
"907","(Intercept)",1,3168,0.421731387049375,0.516121456810318,"Neutrophil (CD16hi)","CyTOF","Anelloviridae.pbmc","child",0.19840740008645,0.735736764453984
"908","trajectory_group",1,3168,42.992993374079,6.39055475204486e-11,"Neutrophil (CD16hi)","CyTOF","Anelloviridae.pbmc","child",0.106379271067008,3.62131435949209e-10
"909","sex",1,3168,11.012621792791,0.000915163544863429,"Neutrophil (CD16hi)","CyTOF","Anelloviridae.pbmc","child",NA,0.0033338100562882
"910","discretized_admit_age_quantile",4,3168,12.1031070002977,9.16379638837839e-10,"Neutrophil (CD16hi)","CyTOF","Anelloviridae.pbmc","child",NA,4.2486692346118e-09
"911","virus_positive",1,3168,0.71979080779611,0.396276634311242,"Neutrophil (CD16hi)","CyTOF","Anelloviridae.pbmc","child",-0.0480800507958317,0.612427525753737
"912","event_type",11,3168,22.5637232833921,0,"Neutrophil (CD16hi)","CyTOF","Anelloviridae.pbmc","child",NA,0
"913","(Intercept)",1,3168,3.03452123889926,0.0816076419883418,"Neutrophil (CD16low)","CyTOF","Anelloviridae.pbmc","child",-0.546696972418634,0.244822925965025
"914","trajectory_group",1,3168,64.4393445824726,1.33226762955019e-15,"Neutrophil (CD16low)","CyTOF","Anelloviridae.pbmc","child",0.133616966029037,2.26485497023532e-14
"915","sex",1,3168,0.153584970433371,0.695159066129236,"Neutrophil (CD16low)","CyTOF","Anelloviridae.pbmc","child",NA,0.805752553922524
"916","discretized_admit_age_quantile",4,3168,2.46806164488321,0.0428530501756366,"Neutrophil (CD16low)","CyTOF","Anelloviridae.pbmc","child",NA,0.0607084877488185
"917","virus_positive",1,3168,22.2743564374805,2.46582099927561e-06,"Neutrophil (CD16low)","CyTOF","Anelloviridae.pbmc","child",0.275035138447676,4.19189569876854e-05
"918","event_type",11,3168,17.8281596710155,0,"Neutrophil (CD16low)","CyTOF","Anelloviridae.pbmc","child",NA,0
"919","(Intercept)",1,3168,0.376874588542447,0.539324746710238,"B Cell (CD11c+ CXCR5-)","CyTOF","Human gammaherpesvirus 4 (EBV).nasal","child",-0.201668754297432,0.732552498482126
"920","trajectory_group",1,3168,5.30198746224532,0.0213656238383728,"B Cell (CD11c+ CXCR5-)","CyTOF","Human gammaherpesvirus 4 (EBV).nasal","child",0.0400490470058547,0.0518879436074768
"921","sex",1,3168,0.0209655101423228,0.884882163913738,"B Cell (CD11c+ CXCR5-)","CyTOF","Human gammaherpesvirus 4 (EBV).nasal","child",NA,0.926427457744514
"922","discretized_admit_age_quantile",4,3168,15.5510786919998,1.32360788995811e-12,"B Cell (CD11c+ CXCR5-)","CyTOF","Human gammaherpesvirus 4 (EBV).nasal","child",NA,9.64342891255196e-12
"923","virus_positive",1,3168,7.2784069865975,0.00701583021096308,"B Cell (CD11c+ CXCR5-)","CyTOF","Human gammaherpesvirus 4 (EBV).nasal","child",0.32517557359648,0.0894518351897793
"924","event_type",11,3168,1.84588979895569,0.0417887645546965,"B Cell (CD11c+ CXCR5-)","CyTOF","Human gammaherpesvirus 4 (EBV).nasal","child",NA,0.0519811461534029
"925","(Intercept)",1,3168,1.11559615528994,0.290949232916841,"B Cell (CD27+ non-switched memory)","CyTOF","Human gammaherpesvirus 4 (EBV).nasal","child",0.352656265564729,0.569950477820997
"926","trajectory_group",1,3168,0.30466959890868,0.581008637105918,"B Cell (CD27+ non-switched memory)","CyTOF","Human gammaherpesvirus 4 (EBV).nasal","child",0.00980203624055807,0.702798274722438
"927","sex",1,3168,3.78563166053865,0.0517827260524347,"B Cell (CD27+ non-switched memory)","CyTOF","Human gammaherpesvirus 4 (EBV).nasal","child",NA,0.0943185367383632
"928","discretized_admit_age_quantile",4,3168,2.58075395428447,0.0355249627412546,"B Cell (CD27+ non-switched memory)","CyTOF","Human gammaherpesvirus 4 (EBV).nasal","child",NA,0.0517649457086853
"929","virus_positive",1,3168,0.966013452878504,0.325751482355029,"B Cell (CD27+ non-switched memory)","CyTOF","Human gammaherpesvirus 4 (EBV).nasal","child",0.120038172580416,0.584734515308325
"930","event_type",11,3168,0.878001937164224,0.561476637343377,"B Cell (CD27+ non-switched memory)","CyTOF","Human gammaherpesvirus 4 (EBV).nasal","child",NA,0.609261883074728
"931","(Intercept)",1,3168,4.39618074114534,0.0360986143769391,"B Cell (CD27+ switched memory)","CyTOF","Human gammaherpesvirus 4 (EBV).nasal","child",0.695690730325877,0.148802056947812
"932","trajectory_group",1,3168,0.157290244801156,0.691690387899936,"B Cell (CD27+ switched memory)","CyTOF","Human gammaherpesvirus 4 (EBV).nasal","child",0.00700578080796873,0.79110642842443
"933","sex",1,3168,9.33338129011986,0.00226890129002033,"B Cell (CD27+ switched memory)","CyTOF","Human gammaherpesvirus 4 (EBV).nasal","child",NA,0.0072321228619398
"934","discretized_admit_age_quantile",4,3168,9.37438355095301,1.57041905035626e-07,"B Cell (CD27+ switched memory)","CyTOF","Human gammaherpesvirus 4 (EBV).nasal","child",NA,5.72081225486925e-07
"935","virus_positive",1,3168,0.00135458771018882,0.970643026241698,"B Cell (CD27+ switched memory)","CyTOF","Human gammaherpesvirus 4 (EBV).nasal","child",0.0044472083166927,0.975586665513455
"936","event_type",11,3168,2.83195757828777,0.00108421578689555,"B Cell (CD27+ switched memory)","CyTOF","Human gammaherpesvirus 4 (EBV).nasal","child",NA,0.00157985728947637
"937","(Intercept)",1,3168,5.16452721308704,0.0231194475422816,"B Cell (CD71+ activated)","CyTOF","Human gammaherpesvirus 4 (EBV).nasal","child",0.700667032052925,0.114902936634723
"938","trajectory_group",1,3168,1.486631441453,0.222830619399876,"B Cell (CD71+ activated)","CyTOF","Human gammaherpesvirus 4 (EBV).nasal","child",0.0198467530628377,0.3918745375653
"939","sex",1,3168,0.0203009790831217,0.886708748284775,"B Cell (CD71+ activated)","CyTOF","Human gammaherpesvirus 4 (EBV).nasal","child",NA,0.926427457744514
"940","discretized_admit_age_quantile",4,3168,3.18138957566605,0.0128160126241605,"B Cell (CD71+ activated)","CyTOF","Human gammaherpesvirus 4 (EBV).nasal","child",NA,0.0217872214610729
"941","virus_positive",1,3168,0.78312513781788,0.376254221956851,"B Cell (CD71+ activated)","CyTOF","Human gammaherpesvirus 4 (EBV).nasal","child",-0.100208817857992,0.639632177326646
"942","event_type",11,3168,3.84416107735534,1.57788973026429e-05,"B Cell (CD71+ activated)","CyTOF","Human gammaherpesvirus 4 (EBV).nasal","child",NA,2.8740134372671e-05
"943","(Intercept)",1,3168,0.364931330772319,0.545823430241584,"B Cell (Plasmablast)","CyTOF","Human gammaherpesvirus 4 (EBV).nasal","child",0.177271986754362,0.732552498482126
"944","trajectory_group",1,3168,6.17084431174232,0.0130385683710892,"B Cell (Plasmablast)","CyTOF","Human gammaherpesvirus 4 (EBV).nasal","child",0.0387223554251926,0.0365409734427133
"945","sex",1,3168,4.13359659532534,0.0421231190947667,"B Cell (Plasmablast)","CyTOF","Human gammaherpesvirus 4 (EBV).nasal","child",NA,0.0795658916234483
"946","discretized_admit_age_quantile",4,3168,1.98405939698889,0.0942208876211267,"B Cell (Plasmablast)","CyTOF","Human gammaherpesvirus 4 (EBV).nasal","child",NA,0.120131631716937
"947","virus_positive",1,3168,8.19446379570345,0.00422942666717974,"B Cell (Plasmablast)","CyTOF","Human gammaherpesvirus 4 (EBV).nasal","child",0.307657363053033,0.0719002533420555
"948","event_type",11,3168,79.1802861061972,0,"B Cell (Plasmablast)","CyTOF","Human gammaherpesvirus 4 (EBV).nasal","child",NA,0
"949","(Intercept)",1,3168,4.19937172455844,0.0405211525708877,"B Cell (naive)","CyTOF","Human gammaherpesvirus 4 (EBV).nasal","child",0.651085439999901,0.148802056947812
"950","trajectory_group",1,3168,13.5291348037549,0.000238792595144588,"B Cell (naive)","CyTOF","Human gammaherpesvirus 4 (EBV).nasal","child",0.0622225014733296,0.000936801719413383
"951","sex",1,3168,2.20452756301013,0.137705535973745,"B Cell (naive)","CyTOF","Human gammaherpesvirus 4 (EBV).nasal","child",NA,0.219468197958156
"952","discretized_admit_age_quantile",4,3168,28.4582226988561,0,"B Cell (naive)","CyTOF","Human gammaherpesvirus 4 (EBV).nasal","child",NA,0
"953","virus_positive",1,3168,1.80754139793974,0.178899699912368,"B Cell (naive)","CyTOF","Human gammaherpesvirus 4 (EBV).nasal","child",-0.155806371996181,0.533319001499907
"954","event_type",11,3168,18.1129409892646,0,"B Cell (naive)","CyTOF","Human gammaherpesvirus 4 (EBV).nasal","child",NA,0
"955","(Intercept)",1,3168,9.01958718207905,0.00269190340635839,"B Cell (transitional)","CyTOF","Human gammaherpesvirus 4 (EBV).nasal","child",0.961576797801569,0.0457623579080926
"956","trajectory_group",1,3168,0.452071958712967,0.5014016867898,"B Cell (transitional)","CyTOF","Human gammaherpesvirus 4 (EBV).nasal","child",0.011461626737893,0.655679128878969
"957","sex",1,3168,12.6044692010867,0.000390423579070154,"B Cell (transitional)","CyTOF","Human gammaherpesvirus 4 (EBV).nasal","child",NA,0.00153166173327522
"958","discretized_admit_age_quantile",4,3168,26.040768951599,0,"B Cell (transitional)","CyTOF","Human gammaherpesvirus 4 (EBV).nasal","child",NA,0
"959","virus_positive",1,3168,3.61873353164368,0.0572229508025401,"B Cell (transitional)","CyTOF","Human gammaherpesvirus 4 (EBV).nasal","child",-0.22189623691762,0.324263387881061
"960","event_type",11,3168,8.91751311048033,7.7715611723761e-16,"B Cell (transitional)","CyTOF","Human gammaherpesvirus 4 (EBV).nasal","child",NA,1.801589180869e-15
"961","(Intercept)",1,3168,1.27136068383888,0.25959696157218,"CD4+ NKT Cell","CyTOF","Human gammaherpesvirus 4 (EBV).nasal","child",-0.375581149236311,0.531074916557497
"962","trajectory_group",1,3168,0.623040910304293,0.429978573732742,"CD4+ NKT Cell","CyTOF","Human gammaherpesvirus 4 (EBV).nasal","child",-0.013776030875589,0.639681520040837
"963","sex",1,3168,7.54655974594341,0.00604648601310753,"CD4+ NKT Cell","CyTOF","Human gammaherpesvirus 4 (EBV).nasal","child",NA,0.0171317103704713
"964","discretized_admit_age_quantile",4,3168,5.56234752625739,0.000184661346973591,"CD4+ NKT Cell","CyTOF","Human gammaherpesvirus 4 (EBV).nasal","child",NA,0.000409466465028398
"965","virus_positive",1,3168,0.223544094702293,0.636385234864558,"CD4+ NKT Cell","CyTOF","Human gammaherpesvirus 4 (EBV).nasal","child",-0.0579439515596046,0.821630362629208
"966","event_type",11,3168,0.951375899113089,0.489307017281063,"CD4+ NKT Cell","CyTOF","Human gammaherpesvirus 4 (EBV).nasal","child",NA,0.5424925626377
"967","(Intercept)",1,3168,0.117439401408518,0.731851166908468,"CD4+ T Cell (CM)","CyTOF","Human gammaherpesvirus 4 (EBV).nasal","child",0.109084676258902,0.855085721040712
"968","trajectory_group",1,3168,56.7573590250229,6.3948846218409e-14,"CD4+ T Cell (CM)","CyTOF","Human gammaherpesvirus 4 (EBV).nasal","child",-0.127246494655028,8.15347789284715e-13
"969","sex",1,3168,29.4745512737368,6.09282273522638e-08,"CD4+ T Cell (CM)","CyTOF","Human gammaherpesvirus 4 (EBV).nasal","child",NA,4.43905656423636e-07
"970","discretized_admit_age_quantile",4,3168,5.39409141971732,0.000250832891713237,"CD4+ T Cell (CM)","CyTOF","Human gammaherpesvirus 4 (EBV).nasal","child",NA,0.000511699099095004
"971","virus_positive",1,3168,0.999908616759971,0.317408991072625,"CD4+ T Cell (CM)","CyTOF","Human gammaherpesvirus 4 (EBV).nasal","child",-0.115073536421454,0.584734515308325
"972","event_type",11,3168,8.86437487521332,9.99200722162641e-16,"CD4+ T Cell (CM)","CyTOF","Human gammaherpesvirus 4 (EBV).nasal","child",NA,2.21561899262151e-15
"973","(Intercept)",1,3168,1.06684291624543,0.301738488258175,"CD4+ T Cell (EM CD27hi)","CyTOF","Human gammaherpesvirus 4 (EBV).nasal","child",0.290891463918675,0.569950477820997
"974","trajectory_group",1,3168,91.7000935383892,0,"CD4+ T Cell (EM CD27hi)","CyTOF","Human gammaherpesvirus 4 (EBV).nasal","child",-0.14305443344642,0
"975","sex",1,3168,40.3624497767278,2.4114477081838e-10,"CD4+ T Cell (EM CD27hi)","CyTOF","Human gammaherpesvirus 4 (EBV).nasal","child",NA,3.07459582793435e-09
"976","discretized_admit_age_quantile",4,3168,15.7349798484477,9.33253474499907e-13,"CD4+ T Cell (EM CD27hi)","CyTOF","Human gammaherpesvirus 4 (EBV).nasal","child",NA,7.93265453324921e-12
"977","virus_positive",1,3168,1.73216207187174,0.188230235823497,"CD4+ T Cell (EM CD27hi)","CyTOF","Human gammaherpesvirus 4 (EBV).nasal","child",-0.133935962549344,0.533319001499907
"978","event_type",11,3168,61.503405629962,0,"CD4+ T Cell (EM CD27hi)","CyTOF","Human gammaherpesvirus 4 (EBV).nasal","child",NA,0
"979","(Intercept)",1,3168,1.26745021588503,0.260330841449753,"CD4+ T Cell (EM CD27low)","CyTOF","Human gammaherpesvirus 4 (EBV).nasal","child",-0.343715445091251,0.531074916557497
"980","trajectory_group",1,3168,56.173145749353,8.55981951985996e-14,"CD4+ T Cell (EM CD27low)","CyTOF","Human gammaherpesvirus 4 (EBV).nasal","child",-0.121002397592573,8.73101591025716e-13
"981","sex",1,3168,12.77183857759,0.000357124067289494,"CD4+ T Cell (EM CD27low)","CyTOF","Human gammaherpesvirus 4 (EBV).nasal","child",NA,0.00151777728598035
"982","discretized_admit_age_quantile",4,3168,2.26836045544572,0.0595358333496938,"CD4+ T Cell (EM CD27low)","CyTOF","Human gammaherpesvirus 4 (EBV).nasal","child",NA,0.0799033552851154
"983","virus_positive",1,3168,2.03465833309122,0.153847266676911,"CD4+ T Cell (EM CD27low)","CyTOF","Human gammaherpesvirus 4 (EBV).nasal","child",-0.156692150983983,0.533319001499907
"984","event_type",11,3168,37.7717449656642,0,"CD4+ T Cell (EM CD27low)","CyTOF","Human gammaherpesvirus 4 (EBV).nasal","child",NA,0
"985","(Intercept)",1,3168,4.18574802519535,0.0408476234758699,"CD4+ T Cell (EM CD57hi)","CyTOF","Human gammaherpesvirus 4 (EBV).nasal","child",-0.676888972175608,0.148802056947812
"986","trajectory_group",1,3168,0.00134476752446028,0.970749584722593,"CD4+ T Cell (EM CD57hi)","CyTOF","Human gammaherpesvirus 4 (EBV).nasal","child",-0.000643737159436592,0.970749584722593
"987","sex",1,3168,13.3183842091462,0.000267057528758219,"CD4+ T Cell (EM CD57hi)","CyTOF","Human gammaherpesvirus 4 (EBV).nasal","child",NA,0.00123817581515174
"988","discretized_admit_age_quantile",4,3168,13.4327368746101,7.38480387951768e-11,"CD4+ T Cell (EM CD57hi)","CyTOF","Human gammaherpesvirus 4 (EBV).nasal","child",NA,4.18472219839335e-10
"989","virus_positive",1,3168,0.149448256399259,0.699089145938834,"CD4+ T Cell (EM CD57hi)","CyTOF","Human gammaherpesvirus 4 (EBV).nasal","child",-0.046235778204489,0.869598693728793
"990","event_type",11,3168,3.56957957558245,5.1353045391167e-05,"CD4+ T Cell (EM CD57hi)","CyTOF","Human gammaherpesvirus 4 (EBV).nasal","child",NA,7.93637974227127e-05
"991","(Intercept)",1,3168,3.5504845385278,0.0596195498362607,"CD4+ T Cell (EMRA CD57hi)","CyTOF","Human gammaherpesvirus 4 (EBV).nasal","child",-0.6273416094213,0.190037315103081
"992","trajectory_group",1,3168,0.889453131854283,0.345697461651547,"CD4+ T Cell (EMRA CD57hi)","CyTOF","Human gammaherpesvirus 4 (EBV).nasal","child",-0.0166853608432222,0.550955329507153
"993","sex",1,3168,0.0684693843344614,0.793595540613662,"CD4+ T Cell (EMRA CD57hi)","CyTOF","Human gammaherpesvirus 4 (EBV).nasal","child",NA,0.89940827936215
"994","discretized_admit_age_quantile",4,3168,8.66078481398442,5.97957504955282e-07,"CD4+ T Cell (EMRA CD57hi)","CyTOF","Human gammaherpesvirus 4 (EBV).nasal","child",NA,1.90598954704496e-06
"995","virus_positive",1,3168,0.499614098274324,0.47972171786274,"CD4+ T Cell (EMRA CD57hi)","CyTOF","Human gammaherpesvirus 4 (EBV).nasal","child",-0.0861626469692485,0.738551865050059
"996","event_type",11,3168,1.22540595306006,0.263720980217305,"CD4+ T Cell (EMRA CD57hi)","CyTOF","Human gammaherpesvirus 4 (EBV).nasal","child",NA,0.298883777579612
"997","(Intercept)",1,3168,0.746122811530353,0.38777194693035,"CD4+ T Cell (EMRA CD57low)","CyTOF","Human gammaherpesvirus 4 (EBV).nasal","child",-0.288776005726776,0.637947396562834
"998","trajectory_group",1,3168,0.599053549332396,0.438997121596653,"CD4+ T Cell (EMRA CD57low)","CyTOF","Human gammaherpesvirus 4 (EBV).nasal","child",-0.0137606968561297,0.639681520040837
"999","sex",1,3168,2.20568367855039,0.137602415422927,"CD4+ T Cell (EMRA CD57low)","CyTOF","Human gammaherpesvirus 4 (EBV).nasal","child",NA,0.219468197958156
"1000","discretized_admit_age_quantile",4,3168,7.04988822344087,1.19954229236274e-05,"CD4+ T Cell (EMRA CD57low)","CyTOF","Human gammaherpesvirus 4 (EBV).nasal","child",NA,3.21982404792105e-05
"1001","virus_positive",1,3168,0.213268397091278,0.644249349502668,"CD4+ T Cell (EMRA CD57low)","CyTOF","Human gammaherpesvirus 4 (EBV).nasal","child",-0.056482557915447,0.821630362629208
"1002","event_type",11,3168,0.628998047815313,0.805424803559913,"CD4+ T Cell (EMRA CD57low)","CyTOF","Human gammaherpesvirus 4 (EBV).nasal","child",NA,0.838299285337868
"1003","(Intercept)",1,3168,5.18433724124523,0.022857761385866,"CD4+ T Cell (activated)","CyTOF","Human gammaherpesvirus 4 (EBV).nasal","child",0.695544856799552,0.114902936634723
"1004","trajectory_group",1,3168,11.2120745541764,0.000822165335458203,"CD4+ T Cell (activated)","CyTOF","Human gammaherpesvirus 4 (EBV).nasal","child",0.0535058937422832,0.00279536214055789
"1005","sex",1,3168,0.0049763422682583,0.943765774587447,"CD4+ T Cell (activated)","CyTOF","Human gammaherpesvirus 4 (EBV).nasal","child",NA,0.943765774587447
"1006","discretized_admit_age_quantile",4,3168,7.17828326647128,9.45670855989622e-06,"CD4+ T Cell (activated)","CyTOF","Human gammaherpesvirus 4 (EBV).nasal","child",NA,2.67940075863726e-05
"1007","virus_positive",1,3168,12.4483272045639,0.000424311537699507,"CD4+ T Cell (activated)","CyTOF","Human gammaherpesvirus 4 (EBV).nasal","child",0.382859690399343,0.0108199442113374
"1008","event_type",11,3168,36.8679284959749,0,"CD4+ T Cell (activated)","CyTOF","Human gammaherpesvirus 4 (EBV).nasal","child",NA,0
"1009","(Intercept)",1,3168,2.35444908828475,0.125025867776665,"CD4+ T Cell (naive)","CyTOF","Human gammaherpesvirus 4 (EBV).nasal","child",0.49598272257028,0.318317562591062
"1010","trajectory_group",1,3168,13.296006735807,0.000270250295503649,"CD4+ T Cell (naive)","CyTOF","Human gammaherpesvirus 4 (EBV).nasal","child",-0.0627511882060513,0.000984483219334721
"1011","sex",1,3168,32.229770266675,1.49339672850246e-08,"CD4+ T Cell (naive)","CyTOF","Human gammaherpesvirus 4 (EBV).nasal","child",NA,1.26938721922709e-07
"1012","discretized_admit_age_quantile",4,3168,11.0374147910773,6.86438905717068e-09,"CD4+ T Cell (naive)","CyTOF","Human gammaherpesvirus 4 (EBV).nasal","child",NA,2.91736534929754e-08
"1013","virus_positive",1,3168,5.71069661820691,0.0169199767600952,"CD4+ T Cell (naive)","CyTOF","Human gammaherpesvirus 4 (EBV).nasal","child",-0.281352782380009,0.143819802460809
"1014","event_type",11,3168,3.79086396359463,1.98717944830396e-05,"CD4+ T Cell (naive)","CyTOF","Human gammaherpesvirus 4 (EBV).nasal","child",NA,3.26923070527425e-05
"1015","(Intercept)",1,3168,0.0978156827356083,0.754487400918276,"CD4+ Treg (CD39hi)","CyTOF","Human gammaherpesvirus 4 (EBV).nasal","child",-0.101516188660533,0.855085721040712
"1016","trajectory_group",1,3168,4.81038974722571,0.0283610851230327,"CD4+ Treg (CD39hi)","CyTOF","Human gammaherpesvirus 4 (EBV).nasal","child",-0.0375604541711253,0.0657461518761213
"1017","sex",1,3168,5.04303789110803,0.0247937665532074,"CD4+ Treg (CD39hi)","CyTOF","Human gammaherpesvirus 4 (EBV).nasal","child",NA,0.0574764588278899
"1018","discretized_admit_age_quantile",4,3168,8.4298633733965,9.20750864441544e-07,"CD4+ Treg (CD39hi)","CyTOF","Human gammaherpesvirus 4 (EBV).nasal","child",NA,2.76225259332463e-06
"1019","virus_positive",1,3168,0.0281087895309986,0.866864015496859,"CD4+ Treg (CD39hi)","CyTOF","Human gammaherpesvirus 4 (EBV).nasal","child",0.0195243577998812,0.940639676390209
"1020","event_type",11,3168,2.95402997492204,0.000663954060517447,"CD4+ Treg (CD39hi)","CyTOF","Human gammaherpesvirus 4 (EBV).nasal","child",NA,0.00099593109077617
"1021","(Intercept)",1,3168,0.188190592120368,0.664456396813284,"CD4+ Treg (CD39low)","CyTOF","Human gammaherpesvirus 4 (EBV).nasal","child",-0.143822717963192,0.826518932621401
"1022","trajectory_group",1,3168,2.60222512357105,0.106813393860601,"CD4+ Treg (CD39low)","CyTOF","Human gammaherpesvirus 4 (EBV).nasal","child",-0.0284431606141108,0.217899323475625
"1023","sex",1,3168,1.81494850532252,0.178012098424453,"CD4+ Treg (CD39low)","CyTOF","Human gammaherpesvirus 4 (EBV).nasal","child",NA,0.26701814763668
"1024","discretized_admit_age_quantile",4,3168,0.450762487451135,0.771914058396423,"CD4+ Treg (CD39low)","CyTOF","Human gammaherpesvirus 4 (EBV).nasal","child",NA,0.787352339564351
"1025","virus_positive",1,3168,0.213053856821846,0.644415970689575,"CD4+ Treg (CD39low)","CyTOF","Human gammaherpesvirus 4 (EBV).nasal","child",0.0559805520380316,0.821630362629208
"1026","event_type",11,3168,5.40431039747367,1.43342619995934e-08,"CD4+ Treg (CD39low)","CyTOF","Human gammaherpesvirus 4 (EBV).nasal","child",NA,2.81172062299717e-08
"1027","(Intercept)",1,3168,0.115128914174107,0.734401322027014,"CD4+ Treg (naive)","CyTOF","Human gammaherpesvirus 4 (EBV).nasal","child",0.108871646726678,0.855085721040712
"1028","trajectory_group",1,3168,0.0563149849253239,0.812433367395342,"CD4+ Treg (naive)","CyTOF","Human gammaherpesvirus 4 (EBV).nasal","child",-0.00402635058546262,0.863210452857551
"1029","sex",1,3168,34.6167766850707,4.43318448617447e-09,"CD4+ Treg (naive)","CyTOF","Human gammaherpesvirus 4 (EBV).nasal","child",NA,4.52184817589796e-08
"1030","discretized_admit_age_quantile",4,3168,2.62560127087636,0.032957939290135,"CD4+ Treg (naive)","CyTOF","Human gammaherpesvirus 4 (EBV).nasal","child",NA,0.0494369089352025
"1031","virus_positive",1,3168,3.62068325433799,0.0571560081494613,"CD4+ Treg (naive)","CyTOF","Human gammaherpesvirus 4 (EBV).nasal","child",0.224124319880476,0.324263387881061
"1032","event_type",11,3168,26.4585794684297,0,"CD4+ Treg (naive)","CyTOF","Human gammaherpesvirus 4 (EBV).nasal","child",NA,0
"1033","(Intercept)",1,3168,0.189433976122091,0.6634177812424,"CD8+ NKT Cell","CyTOF","Human gammaherpesvirus 4 (EBV).nasal","child",-0.142073778301007,0.826518932621401
"1034","trajectory_group",1,3168,26.4008180475135,2.94221293328789e-07,"CD8+ NKT Cell","CyTOF","Human gammaherpesvirus 4 (EBV).nasal","child",-0.0892969644522862,1.36411690543348e-06
"1035","sex",1,3168,1.23953789521668,0.265644597800159,"CD8+ NKT Cell","CyTOF","Human gammaherpesvirus 4 (EBV).nasal","child",NA,0.360025888580307
"1036","discretized_admit_age_quantile",4,3168,2.65116838432811,0.0315755474130268,"CD8+ NKT Cell","CyTOF","Human gammaherpesvirus 4 (EBV).nasal","child",NA,0.0487985732746778
"1037","virus_positive",1,3168,0.0776900484329346,0.780470731763314,"CD8+ NKT Cell","CyTOF","Human gammaherpesvirus 4 (EBV).nasal","child",0.0332031602751987,0.940639676390209
"1038","event_type",11,3168,3.79820794383354,1.92510519840816e-05,"CD8+ NKT Cell","CyTOF","Human gammaherpesvirus 4 (EBV).nasal","child",NA,3.26923070527425e-05
"1039","(Intercept)",1,3168,7.49632592115577,0.00621705369541736,"CD8+ T Cell (CD161+ MAIT)","CyTOF","Human gammaherpesvirus 4 (EBV).nasal","child",0.820607036150449,0.0765862409990462
"1040","trajectory_group",1,3168,44.9719446617167,2.35755859279152e-11,"CD8+ T Cell (CD161+ MAIT)","CyTOF","Human gammaherpesvirus 4 (EBV).nasal","child",-0.105471212269906,1.50294360290459e-10
"1041","sex",1,3168,8.86909889908116,0.00292237530000794,"CD8+ T Cell (CD161+ MAIT)","CyTOF","Human gammaherpesvirus 4 (EBV).nasal","child",NA,0.00876712590002382
"1042","discretized_admit_age_quantile",4,3168,82.2768792662904,0,"CD8+ T Cell (CD161+ MAIT)","CyTOF","Human gammaherpesvirus 4 (EBV).nasal","child",NA,0
"1043","virus_positive",1,3168,1.25673631045784,0.262354737549742,"CD8+ T Cell (CD161+ MAIT)","CyTOF","Human gammaherpesvirus 4 (EBV).nasal","child",-0.123584566325971,0.573801772233069
"1044","event_type",11,3168,11.4152687772648,0,"CD8+ T Cell (CD161+ MAIT)","CyTOF","Human gammaherpesvirus 4 (EBV).nasal","child",NA,0
"1045","(Intercept)",1,3168,0.104819346437979,0.746142505702434,"CD8+ T Cell (CM)","CyTOF","Human gammaherpesvirus 4 (EBV).nasal","child",-0.103201239255847,0.855085721040712
"1046","trajectory_group",1,3168,17.9083159907347,2.38383013544397e-05,"CD8+ T Cell (CM)","CyTOF","Human gammaherpesvirus 4 (EBV).nasal","child",-0.0716264397898391,0.000101312780756369
"1047","sex",1,3168,0.95218656228987,0.329237854405332,"CD8+ T Cell (CM)","CyTOF","Human gammaherpesvirus 4 (EBV).nasal","child",NA,0.419778264366798
"1048","discretized_admit_age_quantile",4,3168,4.95783418820379,0.000552957380165475,"CD8+ T Cell (CM)","CyTOF","Human gammaherpesvirus 4 (EBV).nasal","child",NA,0.00108464716878612
"1049","virus_positive",1,3168,0.687250342599183,0.407163673783704,"CD8+ T Cell (CM)","CyTOF","Human gammaherpesvirus 4 (EBV).nasal","child",-0.0968103517380334,0.648999921471836
"1050","event_type",11,3168,15.7076841447866,0,"CD8+ T Cell (CM)","CyTOF","Human gammaherpesvirus 4 (EBV).nasal","child",NA,0
"1051","(Intercept)",1,3168,0.245104802492307,0.620577560523988,"CD8+ T Cell (EM CD27hi)","CyTOF","Human gammaherpesvirus 4 (EBV).nasal","child",-0.153176287242836,0.811524502223676
"1052","trajectory_group",1,3168,46.9808656087993,8.58002557890813e-12,"CD8+ T Cell (EM CD27hi)","CyTOF","Human gammaherpesvirus 4 (EBV).nasal","child",-0.112879395869639,6.2511614932045e-11
"1053","sex",1,3168,15.8121420810367,7.15155016741686e-05,"CD8+ T Cell (EM CD27hi)","CyTOF","Human gammaherpesvirus 4 (EBV).nasal","child",NA,0.000405254509486956
"1054","discretized_admit_age_quantile",4,3168,6.22057936118784,5.53699889300763e-05,"CD8+ T Cell (EM CD27hi)","CyTOF","Human gammaherpesvirus 4 (EBV).nasal","child",NA,0.000141193471771694
"1055","virus_positive",1,3168,1.12473725083596,0.288981528833131,"CD8+ T Cell (EM CD27hi)","CyTOF","Human gammaherpesvirus 4 (EBV).nasal","child",0.119382685880439,0.573801772233069
"1056","event_type",11,3168,30.2978893514799,0,"CD8+ T Cell (EM CD27hi)","CyTOF","Human gammaherpesvirus 4 (EBV).nasal","child",NA,0
"1057","(Intercept)",1,3168,2.78858093543399,0.0950370578177999,"CD8+ T Cell (EM CD27low)","CyTOF","Human gammaherpesvirus 4 (EBV).nasal","child",0.557167145165728,0.2692716638171
"1058","trajectory_group",1,3168,0.11058078219063,0.739505891550885,"CD8+ T Cell (EM CD27low)","CyTOF","Human gammaherpesvirus 4 (EBV).nasal","child",-0.00589854402635373,0.802442563172237
"1059","sex",1,3168,3.10078512665853,0.0783510119899438,"CD8+ T Cell (EM CD27low)","CyTOF","Human gammaherpesvirus 4 (EBV).nasal","child",NA,0.137789710740936
"1060","discretized_admit_age_quantile",4,3168,0.514372194018588,0.725189291706495,"CD8+ T Cell (EM CD27low)","CyTOF","Human gammaherpesvirus 4 (EBV).nasal","child",NA,0.77051362243815
"1061","virus_positive",1,3168,2.33182067997329,0.126853374402025,"CD8+ T Cell (EM CD27low)","CyTOF","Human gammaherpesvirus 4 (EBV).nasal","child",-0.186463876751286,0.533319001499907
"1062","event_type",11,3168,1.28630582692704,0.225456660534924,"CD8+ T Cell (EM CD27low)","CyTOF","Human gammaherpesvirus 4 (EBV).nasal","child",NA,0.261324765620025
"1063","(Intercept)",1,3168,0.00211829313886786,0.963293289602125,"CD8+ T Cell (EM CD57hi)","CyTOF","Human gammaherpesvirus 4 (EBV).nasal","child",0.0147656786205854,0.963293289602125
"1064","trajectory_group",1,3168,0.315765262934973,0.574203503073901,"CD8+ T Cell (EM CD57hi)","CyTOF","Human gammaherpesvirus 4 (EBV).nasal","child",0.00959613578930725,0.702798274722438
"1065","sex",1,3168,13.3481956387131,0.000262863115747747,"CD8+ T Cell (EM CD57hi)","CyTOF","Human gammaherpesvirus 4 (EBV).nasal","child",NA,0.00123817581515174
"1066","discretized_admit_age_quantile",4,3168,3.29621828502306,0.0105123061908827,"CD8+ T Cell (EM CD57hi)","CyTOF","Human gammaherpesvirus 4 (EBV).nasal","child",NA,0.0184871591632765
"1067","virus_positive",1,3168,0.0523813180086012,0.818985000890031,"CD8+ T Cell (EM CD57hi)","CyTOF","Human gammaherpesvirus 4 (EBV).nasal","child",-0.0267181963158054,0.940639676390209
"1068","event_type",11,3168,14.8894602721043,0,"CD8+ T Cell (EM CD57hi)","CyTOF","Human gammaherpesvirus 4 (EBV).nasal","child",NA,0
"1069","(Intercept)",1,3168,3.94925981041206,0.0469779666164617,"CD8+ T Cell (EMRA CD57hi)","CyTOF","Human gammaherpesvirus 4 (EBV).nasal","child",-0.643683284912316,0.15972508649597
"1070","trajectory_group",1,3168,1.23604870358648,0.266318289308319,"CD8+ T Cell (EMRA CD57hi)","CyTOF","Human gammaherpesvirus 4 (EBV).nasal","child",-0.0191699254887858,0.452741091824142
"1071","sex",1,3168,0.0547514330664812,0.815007674077902,"CD8+ T Cell (EMRA CD57hi)","CyTOF","Human gammaherpesvirus 4 (EBV).nasal","child",NA,0.903595464738544
"1072","discretized_admit_age_quantile",4,3168,6.13281333698259,6.50512514941415e-05,"CD8+ T Cell (EMRA CD57hi)","CyTOF","Human gammaherpesvirus 4 (EBV).nasal","child",NA,0.000157981610771486
"1073","virus_positive",1,3168,0.277770212593507,0.598203338697581,"CD8+ T Cell (EMRA CD57hi)","CyTOF","Human gammaherpesvirus 4 (EBV).nasal","child",-0.0623338376830284,0.821630362629208
"1074","event_type",11,3168,16.3146537213295,0,"CD8+ T Cell (EMRA CD57hi)","CyTOF","Human gammaherpesvirus 4 (EBV).nasal","child",NA,0
"1075","(Intercept)",1,3168,2.35344957669764,0.12510596915702,"CD8+ T Cell (EMRA CD57low)","CyTOF","Human gammaherpesvirus 4 (EBV).nasal","child",-0.49208315482375,0.318317562591062
"1076","trajectory_group",1,3168,2.24570589971049,0.134085385795168,"CD8+ T Cell (EMRA CD57low)","CyTOF","Human gammaherpesvirus 4 (EBV).nasal","child",-0.0255706365145262,0.244226952698342
"1077","sex",1,3168,26.0664898058932,3.49334820182179e-07,"CD8+ T Cell (EMRA CD57low)","CyTOF","Human gammaherpesvirus 4 (EBV).nasal","child",NA,2.22700947866139e-06
"1078","discretized_admit_age_quantile",4,3168,13.1821318798029,1.18759002631919e-10,"CD8+ T Cell (EMRA CD57low)","CyTOF","Human gammaherpesvirus 4 (EBV).nasal","child",NA,6.05670913422784e-10
"1079","virus_positive",1,3168,0.0410265534361266,0.839499682290286,"CD8+ T Cell (EMRA CD57low)","CyTOF","Human gammaherpesvirus 4 (EBV).nasal","child",-0.0235976997846691,0.940639676390209
"1080","event_type",11,3168,12.7805861327659,0,"CD8+ T Cell (EMRA CD57low)","CyTOF","Human gammaherpesvirus 4 (EBV).nasal","child",NA,0
"1081","(Intercept)",1,3168,6.48514012790307,0.0109249205126403,"CD8+ T Cell (activated)","CyTOF","Human gammaherpesvirus 4 (EBV).nasal","child",0.81765876366988,0.0928618243574423
"1082","trajectory_group",1,3168,0.0321118917313742,0.857793762486269,"CD8+ T Cell (activated)","CyTOF","Human gammaherpesvirus 4 (EBV).nasal","child",0.00305670862646344,0.892805752791831
"1083","sex",1,3168,2.00452802092946,0.156928403084782,"CD8+ T Cell (activated)","CyTOF","Human gammaherpesvirus 4 (EBV).nasal","child",NA,0.242525713858299
"1084","discretized_admit_age_quantile",4,3168,3.98454773520791,0.00315177656523757,"CD8+ T Cell (activated)","CyTOF","Human gammaherpesvirus 4 (EBV).nasal","child",NA,0.00574073588668272
"1085","virus_positive",1,3168,14.8799281749062,0.000116856376844998,"CD8+ T Cell (activated)","CyTOF","Human gammaherpesvirus 4 (EBV).nasal","child",0.453568267272457,0.00595967521909491
"1086","event_type",11,3168,24.810247358527,0,"CD8+ T Cell (activated)","CyTOF","Human gammaherpesvirus 4 (EBV).nasal","child",NA,0
"1087","(Intercept)",1,3168,43.4969533597631,4.95663510236e-11,"CD8+ T Cell (naive)","CyTOF","Human gammaherpesvirus 4 (EBV).nasal","child",1.71063504681243,2.5278839022036e-09
"1088","trajectory_group",1,3168,49.815779902627,2.06590300422249e-12,"CD8+ T Cell (naive)","CyTOF","Human gammaherpesvirus 4 (EBV).nasal","child",-0.0974429093971186,1.75601755358912e-11
"1089","sex",1,3168,83.4878240660016,0,"CD8+ T Cell (naive)","CyTOF","Human gammaherpesvirus 4 (EBV).nasal","child",NA,0
"1090","discretized_admit_age_quantile",4,3168,335.518853928657,0,"CD8+ T Cell (naive)","CyTOF","Human gammaherpesvirus 4 (EBV).nasal","child",NA,0
"1091","virus_positive",1,3168,2.62135927624241,0.105533627743531,"CD8+ T Cell (naive)","CyTOF","Human gammaherpesvirus 4 (EBV).nasal","child",-0.153395743565068,0.489292274083642
"1092","event_type",11,3168,1.65991988687329,0.0763393198937665,"CD8+ T Cell (naive)","CyTOF","Human gammaherpesvirus 4 (EBV).nasal","child",NA,0.0926977455852879
"1093","(Intercept)",1,3168,5.79309038495806,0.0161461573691947,"Conventional DC","CyTOF","Human gammaherpesvirus 4 (EBV).nasal","child",-0.784288926087817,0.114902936634723
"1094","trajectory_group",1,3168,2.34601092047727,0.125703902217606,"Conventional DC","CyTOF","Human gammaherpesvirus 4 (EBV).nasal","child",-0.0265716818750174,0.237440704188812
"1095","sex",1,3168,4.27936109536951,0.0386587941734995,"Conventional DC","CyTOF","Human gammaherpesvirus 4 (EBV).nasal","child",NA,0.0766887966508823
"1096","discretized_admit_age_quantile",4,3168,0.943897763993989,0.437378405677482,"Conventional DC","CyTOF","Human gammaherpesvirus 4 (EBV).nasal","child",NA,0.495695526434479
"1097","virus_positive",1,3168,1.10832611432028,0.292526393687447,"Conventional DC","CyTOF","Human gammaherpesvirus 4 (EBV).nasal","child",0.124938683984751,0.573801772233069
"1098","event_type",11,3168,3.80792881846221,1.84587279810078e-05,"Conventional DC","CyTOF","Human gammaherpesvirus 4 (EBV).nasal","child",NA,3.24619009321171e-05
"1099","(Intercept)",1,3168,2.28094313021381,0.131071937537496,"Hematopoetic progenitor Cell","CyTOF","Human gammaherpesvirus 4 (EBV).nasal","child",-0.493493794900563,0.318317562591062
"1100","trajectory_group",1,3168,26.5551192717322,2.71814140750948e-07,"Hematopoetic progenitor Cell","CyTOF","Human gammaherpesvirus 4 (EBV).nasal","child",0.0896351427368666,1.36411690543348e-06
"1101","sex",1,3168,4.40895863774334,0.0358295603631296,"Hematopoetic progenitor Cell","CyTOF","Human gammaherpesvirus 4 (EBV).nasal","child",NA,0.0761378157716503
"1102","discretized_admit_age_quantile",4,3168,2.98259183040413,0.0180199831332377,"Hematopoetic progenitor Cell","CyTOF","Human gammaherpesvirus 4 (EBV).nasal","child",NA,0.0296457787030685
"1103","virus_positive",1,3168,1.9645270361469,0.161127947855404,"Hematopoetic progenitor Cell","CyTOF","Human gammaherpesvirus 4 (EBV).nasal","child",0.167243828712497,0.533319001499907
"1104","event_type",11,3168,7.63196693974625,3.91131571575443e-13,"Hematopoetic progenitor Cell","CyTOF","Human gammaherpesvirus 4 (EBV).nasal","child",NA,7.97908406013903e-13
"1105","(Intercept)",1,3168,0.364955434038628,0.545810169370626,"ILC","CyTOF","Human gammaherpesvirus 4 (EBV).nasal","child",-0.195620718939006,0.732552498482126
"1106","trajectory_group",1,3168,0.307242501580866,0.579416371405437,"ILC","CyTOF","Human gammaherpesvirus 4 (EBV).nasal","child",0.00954443794576801,0.702798274722438
"1107","sex",1,3168,1.50289384018642,0.220317754039496,"ILC","CyTOF","Human gammaherpesvirus 4 (EBV).nasal","child",NA,0.31211681822262
"1108","discretized_admit_age_quantile",4,3168,1.12860725639609,0.341051435976948,"ILC","CyTOF","Human gammaherpesvirus 4 (EBV).nasal","child",NA,0.404502865926147
"1109","virus_positive",1,3168,6.54345040629959,0.0105732358701711,"ILC","CyTOF","Human gammaherpesvirus 4 (EBV).nasal","child",0.300594204595622,0.107847005875745
"1110","event_type",11,3168,2.12837859823032,0.0157226744160578,"ILC","CyTOF","Human gammaherpesvirus 4 (EBV).nasal","child",NA,0.0205604203902294
"1111","(Intercept)",1,3168,7.15631651654011,0.00750845499990649,"Monocytes (CD14+CD16+)","CyTOF","Human gammaherpesvirus 4 (EBV).nasal","child",-0.870791776413295,0.0765862409990462
"1112","trajectory_group",1,3168,8.89238223694905,0.00288544683521597,"Monocytes (CD14+CD16+)","CyTOF","Human gammaherpesvirus 4 (EBV).nasal","child",-0.0516832922999472,0.00897610339922816
"1113","sex",1,3168,5.58203602685963,0.018205727705916,"Monocytes (CD14+CD16+)","CyTOF","Human gammaherpesvirus 4 (EBV).nasal","child",NA,0.0442139101429389
"1114","discretized_admit_age_quantile",4,3168,9.72891187770272,8.0700000459899e-08,"Monocytes (CD14+CD16+)","CyTOF","Human gammaherpesvirus 4 (EBV).nasal","child",NA,3.16592309496527e-07
"1115","virus_positive",1,3168,0.0285043059889648,0.865939421649111,"Monocytes (CD14+CD16+)","CyTOF","Human gammaherpesvirus 4 (EBV).nasal","child",0.020035369507076,0.940639676390209
"1116","event_type",11,3168,8.74517876623017,1.77635683940025e-15,"Monocytes (CD14+CD16+)","CyTOF","Human gammaherpesvirus 4 (EBV).nasal","child",NA,3.77475828372553e-15
"1117","(Intercept)",1,3168,1.68094830928912,0.194892922420639,"Monocytes (CD14+CD16-)","CyTOF","Human gammaherpesvirus 4 (EBV).nasal","child",-0.364707883792932,0.432153871454461
"1118","trajectory_group",1,3168,167.726744903824,0,"Monocytes (CD14+CD16-)","CyTOF","Human gammaherpesvirus 4 (EBV).nasal","child",0.193927921242051,0
"1119","sex",1,3168,86.7444049776307,0,"Monocytes (CD14+CD16-)","CyTOF","Human gammaherpesvirus 4 (EBV).nasal","child",NA,0
"1120","discretized_admit_age_quantile",4,3168,15.4086136428888,1.73516756518666e-12,"Monocytes (CD14+CD16-)","CyTOF","Human gammaherpesvirus 4 (EBV).nasal","child",NA,1.10616932280649e-11
"1121","virus_positive",1,3168,0.687098076728477,0.407215637001936,"Monocytes (CD14+CD16-)","CyTOF","Human gammaherpesvirus 4 (EBV).nasal","child",0.0851534669661587,0.648999921471836
"1122","event_type",11,3168,48.8065865747672,0,"Monocytes (CD14+CD16-)","CyTOF","Human gammaherpesvirus 4 (EBV).nasal","child",NA,0
"1123","(Intercept)",1,3168,15.0870612906016,0.000104762638632794,"Monocytes (CD14-CD16+)","CyTOF","Human gammaherpesvirus 4 (EBV).nasal","child",-1.08345309150899,0.00267144728513624
"1124","trajectory_group",1,3168,0.017914883689211,0.893532463535399,"Monocytes (CD14-CD16+)","CyTOF","Human gammaherpesvirus 4 (EBV).nasal","child",-0.00198496032813333,0.911403112806107
"1125","sex",1,3168,7.16024097415273,0.00749208253260747,"Monocytes (CD14-CD16+)","CyTOF","Human gammaherpesvirus 4 (EBV).nasal","child",NA,0.0201103267980516
"1126","discretized_admit_age_quantile",4,3168,5.95230673298371,9.05668876152177e-05,"Monocytes (CD14-CD16+)","CyTOF","Human gammaherpesvirus 4 (EBV).nasal","child",NA,0.000209950512198914
"1127","virus_positive",1,3168,1.29279281299625,0.255619900669409,"Monocytes (CD14-CD16+)","CyTOF","Human gammaherpesvirus 4 (EBV).nasal","child",-0.115051972807082,0.573801772233069
"1128","event_type",11,3168,117.234564451229,0,"Monocytes (CD14-CD16+)","CyTOF","Human gammaherpesvirus 4 (EBV).nasal","child",NA,0
"1129","(Intercept)",1,3168,0.965153760091003,0.325966818092649,"NK Cell (CD56hi CD16low)","CyTOF","Human gammaherpesvirus 4 (EBV).nasal","child",-0.314813016805399,0.593725275811611
"1130","trajectory_group",1,3168,8.82598175936456,0.00299203446640939,"NK Cell (CD56hi CD16low)","CyTOF","Human gammaherpesvirus 4 (EBV).nasal","child",-0.0506683881821744,0.00897610339922816
"1131","sex",1,3168,0.0174018239215767,0.895059131450371,"NK Cell (CD56hi CD16low)","CyTOF","Human gammaherpesvirus 4 (EBV).nasal","child",NA,0.926427457744514
"1132","discretized_admit_age_quantile",4,3168,2.38132592194206,0.0494600996082124,"NK Cell (CD56hi CD16low)","CyTOF","Human gammaherpesvirus 4 (EBV).nasal","child",NA,0.0700684744449676
"1133","virus_positive",1,3168,1.58803299789851,0.207700204366053,"NK Cell (CD56hi CD16low)","CyTOF","Human gammaherpesvirus 4 (EBV).nasal","child",-0.146876576531301,0.557511074877299
"1134","event_type",11,3168,3.72252118502711,2.6681061710887e-05,"NK Cell (CD56hi CD16low)","CyTOF","Human gammaherpesvirus 4 (EBV).nasal","child",NA,4.25229421017262e-05
"1135","(Intercept)",1,3168,5.04379255313864,0.0247829863329794,"NK Cell (CD56low CD16hi CD57hi)","CyTOF","Human gammaherpesvirus 4 (EBV).nasal","child",-0.706731921347838,0.114902936634723
"1136","trajectory_group",1,3168,0.473914336677222,0.491242286867148,"NK Cell (CD56low CD16hi CD57hi)","CyTOF","Human gammaherpesvirus 4 (EBV).nasal","child",-0.0115310961091292,0.655679128878969
"1137","sex",1,3168,59.8397160703705,1.37667655053519e-14,"NK Cell (CD56low CD16hi CD57hi)","CyTOF","Human gammaherpesvirus 4 (EBV).nasal","child",NA,2.34035013590983e-13
"1138","discretized_admit_age_quantile",4,3168,46.2428546460521,0,"NK Cell (CD56low CD16hi CD57hi)","CyTOF","Human gammaherpesvirus 4 (EBV).nasal","child",NA,0
"1139","virus_positive",1,3168,0.939439200926444,0.332496096940028,"NK Cell (CD56low CD16hi CD57hi)","CyTOF","Human gammaherpesvirus 4 (EBV).nasal","child",-0.110977074082038,0.584734515308325
"1140","event_type",11,3168,17.1516333244575,0,"NK Cell (CD56low CD16hi CD57hi)","CyTOF","Human gammaherpesvirus 4 (EBV).nasal","child",NA,0
"1141","(Intercept)",1,3168,0.486460506629802,0.485561635568338,"NK Cell (CD56low CD16hi CD57low)","CyTOF","Human gammaherpesvirus 4 (EBV).nasal","child",-0.225599639955571,0.732552498482126
"1142","trajectory_group",1,3168,4.58616618758033,0.0323070953526829,"NK Cell (CD56low CD16hi CD57low)","CyTOF","Human gammaherpesvirus 4 (EBV).nasal","child",-0.0367716320049049,0.0716374723037752
"1143","sex",1,3168,0.272770240284605,0.601516013048615,"NK Cell (CD56low CD16hi CD57low)","CyTOF","Human gammaherpesvirus 4 (EBV).nasal","child",NA,0.713425968964637
"1144","discretized_admit_age_quantile",4,3168,5.51940206952517,0.000199689184896878,"NK Cell (CD56low CD16hi CD57low)","CyTOF","Human gammaherpesvirus 4 (EBV).nasal","child",NA,0.000424339517905867
"1145","virus_positive",1,3168,0.440666346748373,0.506849319152001,"NK Cell (CD56low CD16hi CD57low)","CyTOF","Human gammaherpesvirus 4 (EBV).nasal","child",-0.0786761413748842,0.738551865050059
"1146","event_type",11,3168,9.35887717311639,1.11022302462516e-16,"NK Cell (CD56low CD16hi CD57low)","CyTOF","Human gammaherpesvirus 4 (EBV).nasal","child",NA,2.69625591694681e-16
"1147","(Intercept)",1,3168,0.0473942554860579,0.827675156180701,"Plasmacytoid DC","CyTOF","Human gammaherpesvirus 4 (EBV).nasal","child",0.0732884520396163,0.89811559500459
"1148","trajectory_group",1,3168,2.41539908108577,0.120247234888754,"Plasmacytoid DC","CyTOF","Human gammaherpesvirus 4 (EBV).nasal","child",-0.0272678094398395,0.23586957612794
"1149","sex",1,3168,1.59232181641245,0.207087619889691,"Plasmacytoid DC","CyTOF","Human gammaherpesvirus 4 (EBV).nasal","child",NA,0.301756246124978
"1150","discretized_admit_age_quantile",4,3168,0.459174166920417,0.765753415995667,"Plasmacytoid DC","CyTOF","Human gammaherpesvirus 4 (EBV).nasal","child",NA,0.787352339564351
"1151","virus_positive",1,3168,0.268561749638979,0.604334388517704,"Plasmacytoid DC","CyTOF","Human gammaherpesvirus 4 (EBV).nasal","child",-0.064245118550293,0.821630362629208
"1152","event_type",11,3168,1.41144334326767,0.160321103877924,"Plasmacytoid DC","CyTOF","Human gammaherpesvirus 4 (EBV).nasal","child",NA,0.190148285994748
"1153","(Intercept)",1,3168,0.456370936094709,0.499374229064714,"Tier2_Bcell_Undefined","CyTOF","Human gammaherpesvirus 4 (EBV).nasal","child",0.224019406665211,0.732552498482126
"1154","trajectory_group",1,3168,6.0944262172218,0.0136133038315991,"Tier2_Bcell_Undefined","CyTOF","Human gammaherpesvirus 4 (EBV).nasal","child",-0.0435163558025659,0.0365409734427133
"1155","sex",1,3168,1.22608114533731,0.268254583648072,"Tier2_Bcell_Undefined","CyTOF","Human gammaherpesvirus 4 (EBV).nasal","child",NA,0.360025888580307
"1156","discretized_admit_age_quantile",4,3168,1.65076161664578,0.158703780917572,"Tier2_Bcell_Undefined","CyTOF","Human gammaherpesvirus 4 (EBV).nasal","child",NA,0.19741202016576
"1157","virus_positive",1,3168,1.75935500390119,0.184800597312055,"Tier2_Bcell_Undefined","CyTOF","Human gammaherpesvirus 4 (EBV).nasal","child",0.160993816685784,0.533319001499907
"1158","event_type",11,3168,2.51377594018216,0.00376499292730648,"Tier2_Bcell_Undefined","CyTOF","Human gammaherpesvirus 4 (EBV).nasal","child",NA,0.00518958484574676
"1159","(Intercept)",1,3168,0.0502855568612027,0.822581587158934,"Tier2_NK_Undefined","CyTOF","Human gammaherpesvirus 4 (EBV).nasal","child",0.0755396279910842,0.89811559500459
"1160","trajectory_group",1,3168,0.508977701403204,0.47563428708493,"Tier2_NK_Undefined","CyTOF","Human gammaherpesvirus 4 (EBV).nasal","child",-0.0127468137271132,0.655679128878969
"1161","sex",1,3168,1.04951125809658,0.305697893130698,"Tier2_NK_Undefined","CyTOF","Human gammaherpesvirus 4 (EBV).nasal","child",NA,0.399758783324759
"1162","discretized_admit_age_quantile",4,3168,0.63351324912553,0.638586740006009,"Tier2_NK_Undefined","CyTOF","Human gammaherpesvirus 4 (EBV).nasal","child",NA,0.707998342180575
"1163","virus_positive",1,3168,5.40195795982933,0.0201771069665722,"Tier2_NK_Undefined","CyTOF","Human gammaherpesvirus 4 (EBV).nasal","child",0.287029225871494,0.14700463647074
"1164","event_type",11,3168,2.62792074902533,0.00242325592392156,"Tier2_NK_Undefined","CyTOF","Human gammaherpesvirus 4 (EBV).nasal","child",NA,0.00343294589222222
"1165","(Intercept)",1,3168,0.751764224818585,0.385983906440769,"Tier2_Tcell_Undefined","CyTOF","Human gammaherpesvirus 4 (EBV).nasal","child",-0.258090150228628,0.637947396562834
"1166","trajectory_group",1,3168,0.150551360429868,0.698035083903909,"Tier2_Tcell_Undefined","CyTOF","Human gammaherpesvirus 4 (EBV).nasal","child",0.00614940740443885,0.79110642842443
"1167","sex",1,3168,10.2264205193846,0.00139806999332603,"Tier2_Tcell_Undefined","CyTOF","Human gammaherpesvirus 4 (EBV).nasal","child",NA,0.00475343797730852
"1168","discretized_admit_age_quantile",4,3168,1.33339537150857,0.255009447317323,"Tier2_Tcell_Undefined","CyTOF","Human gammaherpesvirus 4 (EBV).nasal","child",NA,0.30965432888532
"1169","virus_positive",1,3168,0.470421184309924,0.49284365632722,"Tier2_Tcell_Undefined","CyTOF","Human gammaherpesvirus 4 (EBV).nasal","child",-0.0743941480461711,0.738551865050059
"1170","event_type",11,3168,0.763683459410704,0.676967669372714,"Tier2_Tcell_Undefined","CyTOF","Human gammaherpesvirus 4 (EBV).nasal","child",NA,0.719278148708509
"1171","(Intercept)",1,3168,0.00929992065324172,0.923180324907551,"Tier3_CD4_Undefined","CyTOF","Human gammaherpesvirus 4 (EBV).nasal","child",0.0325819677015795,0.941643931405702
"1172","trajectory_group",1,3168,0.79686897608274,0.372098946862701,"Tier3_CD4_Undefined","CyTOF","Human gammaherpesvirus 4 (EBV).nasal","child",-0.015293410020587,0.57506200878781
"1173","sex",1,3168,0.605089245521172,0.436700897564266,"Tier3_CD4_Undefined","CyTOF","Human gammaherpesvirus 4 (EBV).nasal","child",NA,0.530279661328037
"1174","discretized_admit_age_quantile",4,3168,0.52748641817681,0.715552150783062,"Tier3_CD4_Undefined","CyTOF","Human gammaherpesvirus 4 (EBV).nasal","child",NA,0.77051362243815
"1175","virus_positive",1,3168,0.0504396113502554,0.822314559149077,"Tier3_CD4_Undefined","CyTOF","Human gammaherpesvirus 4 (EBV).nasal","child",-0.0280410321084599,0.940639676390209
"1176","event_type",11,3168,0.453827811640901,0.931395999015562,"Tier3_CD4_Undefined","CyTOF","Human gammaherpesvirus 4 (EBV).nasal","child",NA,0.931395999015562
"1177","(Intercept)",1,3168,0.79747356434318,0.371917636219932,"Tier3_CD8_Undefined","CyTOF","Human gammaherpesvirus 4 (EBV).nasal","child",0.291451014137146,0.637947396562834
"1178","trajectory_group",1,3168,0.127488416624213,0.721074262696543,"Tier3_CD8_Undefined","CyTOF","Human gammaherpesvirus 4 (EBV).nasal","child",-0.00620256090898175,0.799451899946167
"1179","sex",1,3168,2.80625707175873,0.0939959111828038,"Tier3_CD8_Undefined","CyTOF","Human gammaherpesvirus 4 (EBV).nasal","child",NA,0.159793049010766
"1180","discretized_admit_age_quantile",4,3168,2.36109011918169,0.051136263744068,"Tier3_CD8_Undefined","CyTOF","Human gammaherpesvirus 4 (EBV).nasal","child",NA,0.0704851202958775
"1181","virus_positive",1,3168,0.0137327842451048,0.90671932638176,"Tier3_CD8_Undefined","CyTOF","Human gammaherpesvirus 4 (EBV).nasal","child",-0.0139713232552464,0.955355653424284
"1182","event_type",11,3168,2.21939590931021,0.0113195167718129,"Tier3_CD8_Undefined","CyTOF","Human gammaherpesvirus 4 (EBV).nasal","child",NA,0.0151919830358541
"1183","(Intercept)",1,3168,0.0117072594146719,0.91384382579992,"Tier4_Treg_Undefined","CyTOF","Human gammaherpesvirus 4 (EBV).nasal","child",-0.0364949919450503,0.941643931405702
"1184","trajectory_group",1,3168,0.469502885021072,0.49326608474338,"Tier4_Treg_Undefined","CyTOF","Human gammaherpesvirus 4 (EBV).nasal","child",-0.0117192001827866,0.655679128878969
"1185","sex",1,3168,6.0500417419578,0.0139590222939519,"Tier4_Treg_Undefined","CyTOF","Human gammaherpesvirus 4 (EBV).nasal","child",NA,0.0355955068495772
"1186","discretized_admit_age_quantile",4,3168,0.389663836010476,0.816183682740467,"Tier4_Treg_Undefined","CyTOF","Human gammaherpesvirus 4 (EBV).nasal","child",NA,0.816183682740467
"1187","virus_positive",1,3168,1.19526859729181,0.274352512760485,"Tier4_Treg_Undefined","CyTOF","Human gammaherpesvirus 4 (EBV).nasal","child",0.136272695784254,0.573801772233069
"1188","event_type",11,3168,0.464991284809359,0.9253155931289,"Tier4_Treg_Undefined","CyTOF","Human gammaherpesvirus 4 (EBV).nasal","child",NA,0.931395999015562
"1189","(Intercept)",1,3168,0.466624796890616,0.494593982699512,"Tier4_nonTreg_Undefined","CyTOF","Human gammaherpesvirus 4 (EBV).nasal","child",0.22417520516585,0.732552498482126
"1190","trajectory_group",1,3168,1.10592415094872,0.293049874675412,"Tier4_nonTreg_Undefined","CyTOF","Human gammaherpesvirus 4 (EBV).nasal","child",-0.0183754394868784,0.482114309949872
"1191","sex",1,3168,0.859970218182217,0.353817669078613,"Tier4_nonTreg_Undefined","CyTOF","Human gammaherpesvirus 4 (EBV).nasal","child",NA,0.440114661536811
"1192","discretized_admit_age_quantile",4,3168,4.26288503601822,0.00192330591491374,"Tier4_nonTreg_Undefined","CyTOF","Human gammaherpesvirus 4 (EBV).nasal","child",NA,0.00363291117261485
"1193","virus_positive",1,3168,1.12732644300054,0.288427265097963,"Tier4_nonTreg_Undefined","CyTOF","Human gammaherpesvirus 4 (EBV).nasal","child",0.127061286346309,0.573801772233069
"1194","event_type",11,3168,3.89489983717325,1.26600315590863e-05,"Tier4_nonTreg_Undefined","CyTOF","Human gammaherpesvirus 4 (EBV).nasal","child",NA,2.39133929449409e-05
"1195","(Intercept)",1,3168,0.0278255142980031,0.867530341585046,"gd T Cell","CyTOF","Human gammaherpesvirus 4 (EBV).nasal","child",-0.0527883539072583,0.921750987934112
"1196","trajectory_group",1,3168,3.81060853949646,0.0510169231159914,"gd T Cell","CyTOF","Human gammaherpesvirus 4 (EBV).nasal","child",-0.0328188607782911,0.108410961621482
"1197","sex",1,3168,0.0132802530614876,0.908262213475013,"gd T Cell","CyTOF","Human gammaherpesvirus 4 (EBV).nasal","child",NA,0.926427457744514
"1198","discretized_admit_age_quantile",4,3168,9.2095962155271,2.13928413428377e-07,"gd T Cell","CyTOF","Human gammaherpesvirus 4 (EBV).nasal","child",NA,7.27356605656482e-07
"1199","virus_positive",1,3168,1.92246342438461,0.165682910387921,"gd T Cell","CyTOF","Human gammaherpesvirus 4 (EBV).nasal","child",0.158947717209517,0.533319001499907
"1200","event_type",11,3168,2.08104611280113,0.018606686983789,"gd T Cell","CyTOF","Human gammaherpesvirus 4 (EBV).nasal","child",NA,0.0237235259043309
"1201","(Intercept)",1,3168,5.28826978743814,0.0215342767898199,"Basophil","CyTOF","Human gammaherpesvirus 4 (EBV).nasal","child",-0.619973812979587,0.114902936634723
"1202","trajectory_group",1,3168,5.93658381617751,0.0148844601384348,"Basophil","CyTOF","Human gammaherpesvirus 4 (EBV).nasal","child",-0.0348783976036528,0.0379553733530088
"1203","sex",1,3168,4.26021417446777,0.0390962492729988,"Basophil","CyTOF","Human gammaherpesvirus 4 (EBV).nasal","child",NA,0.0766887966508823
"1204","discretized_admit_age_quantile",4,3168,0.985720414830837,0.413957024158316,"Basophil","CyTOF","Human gammaherpesvirus 4 (EBV).nasal","child",NA,0.47981382345623
"1205","virus_positive",1,3168,0.000936651973294545,0.975586665513455,"Basophil","CyTOF","Human gammaherpesvirus 4 (EBV).nasal","child",-0.00302282388714118,0.975586665513455
"1206","event_type",11,3168,116.758486469693,0,"Basophil","CyTOF","Human gammaherpesvirus 4 (EBV).nasal","child",NA,0
"1207","(Intercept)",1,3168,2.04294439152995,0.153012010354007,"Eosinophil","CyTOF","Human gammaherpesvirus 4 (EBV).nasal","child",-0.429683230432301,0.354709660366107
"1208","trajectory_group",1,3168,0.286429321104626,0.592555408099311,"Eosinophil","CyTOF","Human gammaherpesvirus 4 (EBV).nasal","child",0.0085596010242344,0.702798274722438
"1209","sex",1,3168,4.66631392316274,0.030834649790502,"Eosinophil","CyTOF","Human gammaherpesvirus 4 (EBV).nasal","child",NA,0.0683724843180696
"1210","discretized_admit_age_quantile",4,3168,2.78426400431581,0.0252369181140703,"Eosinophil","CyTOF","Human gammaherpesvirus 4 (EBV).nasal","child",NA,0.0402213382442995
"1211","virus_positive",1,3168,0.0106294553438216,0.917890725839018,"Eosinophil","CyTOF","Human gammaherpesvirus 4 (EBV).nasal","child",0.0113326809191677,0.955355653424284
"1212","event_type",11,3168,48.4247649944358,0,"Eosinophil","CyTOF","Human gammaherpesvirus 4 (EBV).nasal","child",NA,0
"1213","(Intercept)",1,3168,0.405115184038289,0.524505299739062,"Neutrophil (CD16hi)","CyTOF","Human gammaherpesvirus 4 (EBV).nasal","child",0.194485047564796,0.732552498482126
"1214","trajectory_group",1,3168,41.6373883095891,1.2664669313267e-10,"Neutrophil (CD16hi)","CyTOF","Human gammaherpesvirus 4 (EBV).nasal","child",0.104876228457703,7.17664594418466e-10
"1215","sex",1,3168,11.031667940076,0.000905841240087968,"Neutrophil (CD16hi)","CyTOF","Human gammaherpesvirus 4 (EBV).nasal","child",NA,0.00329985023174903
"1216","discretized_admit_age_quantile",4,3168,11.8640706679288,1.4401835279898e-09,"Neutrophil (CD16hi)","CyTOF","Human gammaherpesvirus 4 (EBV).nasal","child",NA,6.67721453886181e-09
"1217","virus_positive",1,3168,1.28528397272562,0.257004660025877,"Neutrophil (CD16hi)","CyTOF","Human gammaherpesvirus 4 (EBV).nasal","child",0.126700942447988,0.573801772233069
"1218","event_type",11,3168,22.2369293339321,0,"Neutrophil (CD16hi)","CyTOF","Human gammaherpesvirus 4 (EBV).nasal","child",NA,0
"1219","(Intercept)",1,3168,3.07015671471707,0.0798385259459728,"Neutrophil (CD16low)","CyTOF","Human gammaherpesvirus 4 (EBV).nasal","child",-0.551624690547116,0.239515577837919
"1220","trajectory_group",1,3168,67.4483971783773,3.33066907387547e-16,"Neutrophil (CD16low)","CyTOF","Human gammaherpesvirus 4 (EBV).nasal","child",0.137343468413462,5.6621374255883e-15
"1221","sex",1,3168,0.229828570487131,0.631684061335516,"Neutrophil (CD16low)","CyTOF","Human gammaherpesvirus 4 (EBV).nasal","child",NA,0.732179252911621
"1222","discretized_admit_age_quantile",4,3168,2.01732707937407,0.0893478824983542,"Neutrophil (CD16low)","CyTOF","Human gammaherpesvirus 4 (EBV).nasal","child",NA,0.116839538651694
"1223","virus_positive",1,3168,2.92386863896589,0.0873763043657619,"Neutrophil (CD16low)","CyTOF","Human gammaherpesvirus 4 (EBV).nasal","child",-0.197156848760239,0.445619152265386
"1224","event_type",11,3168,18.0343624665295,0,"Neutrophil (CD16low)","CyTOF","Human gammaherpesvirus 4 (EBV).nasal","child",NA,0
"1225","(Intercept)",1,3168,0.294571136154704,0.587344199331803,"B Cell (CD11c+ CXCR5-)","CyTOF","Human betaherpesvirus 5 (CMV).nasal","child",-0.178460555510424,0.788277741208472
"1226","trajectory_group",1,3168,5.84392715396804,0.0156870102362163,"B Cell (CD11c+ CXCR5-)","CyTOF","Human betaherpesvirus 5 (CMV).nasal","child",0.0420655576524476,0.0421072380024754
"1227","sex",1,3168,0.0353248283548307,0.850928664172115,"B Cell (CD11c+ CXCR5-)","CyTOF","Human betaherpesvirus 5 (CMV).nasal","child",NA,0.89300414149214
"1228","discretized_admit_age_quantile",4,3168,15.3211984510503,2.0486945473408e-12,"B Cell (CD11c+ CXCR5-)","CyTOF","Human betaherpesvirus 5 (CMV).nasal","child",NA,1.30604277392976e-11
"1229","virus_positive",1,3168,0.980687216907293,0.322104831280001,"B Cell (CD11c+ CXCR5-)","CyTOF","Human betaherpesvirus 5 (CMV).nasal","child",0.196229722699406,0.701413054530551
"1230","event_type",11,3168,1.92883670228778,0.0315880849814297,"B Cell (CD11c+ CXCR5-)","CyTOF","Human betaherpesvirus 5 (CMV).nasal","child",NA,0.0392924959525102
"1231","(Intercept)",1,3168,1.14718899876692,0.284219954817271,"B Cell (CD27+ non-switched memory)","CyTOF","Human betaherpesvirus 5 (CMV).nasal","child",0.357651825894419,0.557508372910801
"1232","trajectory_group",1,3168,0.393900344768551,0.530301540655256,"B Cell (CD27+ non-switched memory)","CyTOF","Human betaherpesvirus 5 (CMV).nasal","child",0.0111410212020258,0.687396847321124
"1233","sex",1,3168,3.69264414592857,0.0547425251000391,"B Cell (CD27+ non-switched memory)","CyTOF","Human betaherpesvirus 5 (CMV).nasal","child",NA,0.0997095992893569
"1234","discretized_admit_age_quantile",4,3168,2.63754046828094,0.0323052822835113,"B Cell (CD27+ non-switched memory)","CyTOF","Human betaherpesvirus 5 (CMV).nasal","child",NA,0.0484579234252669
"1235","virus_positive",1,3168,0.0595079636907162,0.807291116640168,"B Cell (CD27+ non-switched memory)","CyTOF","Human betaherpesvirus 5 (CMV).nasal","child",-0.048966907231341,0.946795909671605
"1236","event_type",11,3168,0.855736180031611,0.583874862828698,"B Cell (CD27+ non-switched memory)","CyTOF","Human betaherpesvirus 5 (CMV).nasal","child",NA,0.633566340516247
"1237","(Intercept)",1,3168,4.3983786729601,0.0360521840526153,"B Cell (CD27+ switched memory)","CyTOF","Human betaherpesvirus 5 (CMV).nasal","child",0.695841611352635,0.14797879274414
"1238","trajectory_group",1,3168,0.159939813686588,0.689238897284773,"B Cell (CD27+ switched memory)","CyTOF","Human betaherpesvirus 5 (CMV).nasal","child",0.00706041509368821,0.7851571864996
"1239","sex",1,3168,9.34207827603105,0.00225819089727997,"B Cell (CD27+ switched memory)","CyTOF","Human betaherpesvirus 5 (CMV).nasal","child",NA,0.00719798348507989
"1240","discretized_admit_age_quantile",4,3168,9.38265820861713,1.54622147752193e-07,"B Cell (CD27+ switched memory)","CyTOF","Human betaherpesvirus 5 (CMV).nasal","child",NA,5.63266395382987e-07
"1241","virus_positive",1,3168,0.000230966811848654,0.987875499483446,"B Cell (CD27+ switched memory)","CyTOF","Human betaherpesvirus 5 (CMV).nasal","child",-0.00301906302810191,0.987875499483446
"1242","event_type",11,3168,2.83172337041963,0.00108522950114365,"B Cell (CD27+ switched memory)","CyTOF","Human betaherpesvirus 5 (CMV).nasal","child",NA,0.00158133441595217
"1243","(Intercept)",1,3168,4.99553403634909,0.025482250450238,"B Cell (CD71+ activated)","CyTOF","Human betaherpesvirus 5 (CMV).nasal","child",0.689123364868343,0.118144979360194
"1244","trajectory_group",1,3168,1.5076435773521,0.219590228475715,"B Cell (CD71+ activated)","CyTOF","Human betaherpesvirus 5 (CMV).nasal","child",0.0199887933628333,0.386175919043499
"1245","sex",1,3168,0.0190819564134684,0.890140564071757,"B Cell (CD71+ activated)","CyTOF","Human betaherpesvirus 5 (CMV).nasal","child",NA,0.89300414149214
"1246","discretized_admit_age_quantile",4,3168,3.17298002799981,0.0130028777017838,"B Cell (CD71+ activated)","CyTOF","Human betaherpesvirus 5 (CMV).nasal","child",NA,0.0221048920930324
"1247","virus_positive",1,3168,1.14987731388758,0.28365651174234,"B Cell (CD71+ activated)","CyTOF","Human betaherpesvirus 5 (CMV).nasal","child",-0.199361909213201,0.701413054530551
"1248","event_type",11,3168,3.75233301374826,2.34665326857009e-05,"B Cell (CD71+ activated)","CyTOF","Human betaherpesvirus 5 (CMV).nasal","child",NA,3.73997864678358e-05
"1249","(Intercept)",1,3168,0.442669098866906,0.505885434582423,"B Cell (Plasmablast)","CyTOF","Human betaherpesvirus 5 (CMV).nasal","child",0.195505137170164,0.716671032325099
"1250","trajectory_group",1,3168,6.98562842982995,0.00825714258054011,"B Cell (Plasmablast)","CyTOF","Human betaherpesvirus 5 (CMV).nasal","child",0.0412434930311968,0.0233952373115303
"1251","sex",1,3168,3.90635800445341,0.0481903409587056,"B Cell (Plasmablast)","CyTOF","Human betaherpesvirus 5 (CMV).nasal","child",NA,0.091026199588666
"1252","discretized_admit_age_quantile",4,3168,1.99929939420515,0.0919584009948737,"B Cell (Plasmablast)","CyTOF","Human betaherpesvirus 5 (CMV).nasal","child",NA,0.117246961268464
"1253","virus_positive",1,3168,0.166930837085752,0.682881614475591,"B Cell (Plasmablast)","CyTOF","Human betaherpesvirus 5 (CMV).nasal","child",0.0722369685824975,0.946795909671605
"1254","event_type",11,3168,80.081725441374,0,"B Cell (Plasmablast)","CyTOF","Human betaherpesvirus 5 (CMV).nasal","child",NA,0
"1255","(Intercept)",1,3168,4.32122598318264,0.0377200844249768,"B Cell (naive)","CyTOF","Human betaherpesvirus 5 (CMV).nasal","child",0.659618940824251,0.14797879274414
"1256","trajectory_group",1,3168,11.8610257152152,0.000580650088712442,"B Cell (naive)","CyTOF","Human betaherpesvirus 5 (CMV).nasal","child",0.0581542572869892,0.0019742103016223
"1257","sex",1,3168,2.01696317640611,0.155648363999181,"B Cell (naive)","CyTOF","Human betaherpesvirus 5 (CMV).nasal","child",NA,0.240547471635098
"1258","discretized_admit_age_quantile",4,3168,28.9790807037941,0,"B Cell (naive)","CyTOF","Human betaherpesvirus 5 (CMV).nasal","child",NA,0
"1259","virus_positive",1,3168,8.95154178076456,0.00279373546298878,"B Cell (naive)","CyTOF","Human betaherpesvirus 5 (CMV).nasal","child",0.569336776640592,0.0712402543062138
"1260","event_type",11,3168,18.3333882023135,0,"B Cell (naive)","CyTOF","Human betaherpesvirus 5 (CMV).nasal","child",NA,0
"1261","(Intercept)",1,3168,8.77788229710034,0.00307173711446407,"B Cell (transitional)","CyTOF","Human betaherpesvirus 5 (CMV).nasal","child",0.948916214284411,0.0522195309458892
"1262","trajectory_group",1,3168,0.310488641959261,0.577419854517343,"B Cell (transitional)","CyTOF","Human betaherpesvirus 5 (CMV).nasal","child",0.00949689549355938,0.701152680485345
"1263","sex",1,3168,12.3119068885834,0.000456342888227601,"B Cell (transitional)","CyTOF","Human betaherpesvirus 5 (CMV).nasal","child",NA,0.00179026825381597
"1264","discretized_admit_age_quantile",4,3168,26.1913394843918,0,"B Cell (transitional)","CyTOF","Human betaherpesvirus 5 (CMV).nasal","child",NA,0
"1265","virus_positive",1,3168,0.00721809390901354,0.932299063322468,"B Cell (transitional)","CyTOF","Human betaherpesvirus 5 (CMV).nasal","child",-0.0163019250879364,0.987875499483446
"1266","event_type",11,3168,8.86111761389147,1.11022302462516e-15,"B Cell (transitional)","CyTOF","Human betaherpesvirus 5 (CMV).nasal","child",NA,2.46179888069056e-15
"1267","(Intercept)",1,3168,1.30118200467238,0.254083654106166,"CD4+ NKT Cell","CyTOF","Human betaherpesvirus 5 (CMV).nasal","child",-0.379960233460269,0.518330654376578
"1268","trajectory_group",1,3168,0.650759194199149,0.419901933439286,"CD4+ NKT Cell","CyTOF","Human betaherpesvirus 5 (CMV).nasal","child",-0.0140750698212624,0.613343651102573
"1269","sex",1,3168,7.51200473730781,0.00616329562493001,"CD4+ NKT Cell","CyTOF","Human betaherpesvirus 5 (CMV).nasal","child",NA,0.0174626709373017
"1270","discretized_admit_age_quantile",4,3168,5.55749850193313,0.000186300300673681,"CD4+ NKT Cell","CyTOF","Human betaherpesvirus 5 (CMV).nasal","child",NA,0.000395888138931572
"1271","virus_positive",1,3168,0.0536505686381614,0.816843529912757,"CD4+ NKT Cell","CyTOF","Human betaherpesvirus 5 (CMV).nasal","child",-0.0465785046692704,0.946795909671605
"1272","event_type",11,3168,0.965234951398039,0.47606811840068,"CD4+ NKT Cell","CyTOF","Human betaherpesvirus 5 (CMV).nasal","child",NA,0.52781465300945
"1273","(Intercept)",1,3168,0.0933546755622478,0.759975003874773,"CD4+ T Cell (CM)","CyTOF","Human betaherpesvirus 5 (CMV).nasal","child",0.097248250349034,0.861305004391409
"1274","trajectory_group",1,3168,57.0289596201071,5.58442181386454e-14,"CD4+ T Cell (CM)","CyTOF","Human betaherpesvirus 5 (CMV).nasal","child",-0.127468244487665,7.12013781267729e-13
"1275","sex",1,3168,29.375722746106,6.40857178435539e-08,"CD4+ T Cell (CM)","CyTOF","Human betaherpesvirus 5 (CMV).nasal","child",NA,4.66910230003035e-07
"1276","discretized_admit_age_quantile",4,3168,5.36755416291841,0.000263228856604458,"CD4+ T Cell (CM)","CyTOF","Human betaherpesvirus 5 (CMV).nasal","child",NA,0.000536986867473095
"1277","virus_positive",1,3168,0.951556746399026,0.329397835892585,"CD4+ T Cell (CM)","CyTOF","Human betaherpesvirus 5 (CMV).nasal","child",-0.184617602901956,0.701413054530551
"1278","event_type",11,3168,9.0374619864121,4.44089209850063e-16,"CD4+ T Cell (CM)","CyTOF","Human betaherpesvirus 5 (CMV).nasal","child",NA,1.02947953192515e-15
"1279","(Intercept)",1,3168,1.00111798369977,0.31711655595697,"CD4+ T Cell (EM CD27hi)","CyTOF","Human betaherpesvirus 5 (CMV).nasal","child",0.281863106197575,0.577605155493053
"1280","trajectory_group",1,3168,93.0135616207337,0,"CD4+ T Cell (EM CD27hi)","CyTOF","Human betaherpesvirus 5 (CMV).nasal","child",-0.144021983257598,0
"1281","sex",1,3168,40.0487182505504,2.82584178279421e-10,"CD4+ T Cell (EM CD27hi)","CyTOF","Human betaherpesvirus 5 (CMV).nasal","child",NA,3.60294827306262e-09
"1282","discretized_admit_age_quantile",4,3168,15.8047516307329,8.1734619072904e-13,"CD4+ T Cell (EM CD27hi)","CyTOF","Human betaherpesvirus 5 (CMV).nasal","child",NA,6.94744262119684e-12
"1283","virus_positive",1,3168,0.113015328386715,0.736759264089095,"CD4+ T Cell (EM CD27hi)","CyTOF","Human betaherpesvirus 5 (CMV).nasal","child",-0.0562783222054366,0.946795909671605
"1284","event_type",11,3168,62.1530268861815,0,"CD4+ T Cell (EM CD27hi)","CyTOF","Human betaherpesvirus 5 (CMV).nasal","child",NA,0
"1285","(Intercept)",1,3168,1.40876926701354,0.235349803803917,"CD4+ T Cell (EM CD27low)","CyTOF","Human betaherpesvirus 5 (CMV).nasal","child",-0.362265747891022,0.500118333083325
"1286","trajectory_group",1,3168,56.2001654284665,8.44879721739744e-14,"CD4+ T Cell (EM CD27low)","CyTOF","Human betaherpesvirus 5 (CMV).nasal","child",-0.120925810549498,8.61777316174539e-13
"1287","sex",1,3168,12.7199600489405,0.00036712721125487,"CD4+ T Cell (EM CD27low)","CyTOF","Human betaherpesvirus 5 (CMV).nasal","child",NA,0.0015602906478332
"1288","discretized_admit_age_quantile",4,3168,2.31994507356972,0.0547132776267785,"CD4+ T Cell (EM CD27low)","CyTOF","Human betaherpesvirus 5 (CMV).nasal","child",NA,0.0734309778675185
"1289","virus_positive",1,3168,3.41489532042943,0.0647036631603948,"CD4+ T Cell (EM CD27low)","CyTOF","Human betaherpesvirus 5 (CMV).nasal","child",-0.333811137284419,0.299989711016376
"1290","event_type",11,3168,38.4331434253509,0,"CD4+ T Cell (EM CD27low)","CyTOF","Human betaherpesvirus 5 (CMV).nasal","child",NA,0
"1291","(Intercept)",1,3168,4.0487999018604,0.0442872530628503,"CD4+ T Cell (EM CD57hi)","CyTOF","Human betaherpesvirus 5 (CMV).nasal","child",-0.665208340190063,0.158426616005765
"1292","trajectory_group",1,3168,0.0336380155949029,0.854490660481413,"CD4+ T Cell (EM CD57hi)","CyTOF","Human betaherpesvirus 5 (CMV).nasal","child",-0.0032148060176455,0.889367830296981
"1293","sex",1,3168,13.0781030641965,0.000303426340656054,"CD4+ T Cell (EM CD57hi)","CyTOF","Human betaherpesvirus 5 (CMV).nasal","child",NA,0.00140679485213262
"1294","discretized_admit_age_quantile",4,3168,13.2388972341293,1.06644248987209e-10,"CD4+ T Cell (EM CD57hi)","CyTOF","Human betaherpesvirus 5 (CMV).nasal","child",NA,6.04317410927517e-10
"1295","virus_positive",1,3168,5.83366926826557,0.0157785607486776,"CD4+ T Cell (EM CD57hi)","CyTOF","Human betaherpesvirus 5 (CMV).nasal","child",0.474642059328595,0.153856080522578
"1296","event_type",11,3168,3.49158612554818,7.15239361800402e-05,"CD4+ T Cell (EM CD57hi)","CyTOF","Human betaherpesvirus 5 (CMV).nasal","child",NA,0.000110536992278244
"1297","(Intercept)",1,3168,3.42480053861149,0.0643170354581707,"CD4+ T Cell (EMRA CD57hi)","CyTOF","Human betaherpesvirus 5 (CMV).nasal","child",-0.615481602659484,0.205010550522919
"1298","trajectory_group",1,3168,1.30466682700299,0.253448850342065,"CD4+ T Cell (EMRA CD57hi)","CyTOF","Human betaherpesvirus 5 (CMV).nasal","child",-0.0201787414389291,0.416964237659526
"1299","sex",1,3168,0.0443476919332735,0.833221604790991,"CD4+ T Cell (EMRA CD57hi)","CyTOF","Human betaherpesvirus 5 (CMV).nasal","child",NA,0.89300414149214
"1300","discretized_admit_age_quantile",4,3168,8.57182188055371,7.0618888370344e-07,"CD4+ T Cell (EMRA CD57hi)","CyTOF","Human betaherpesvirus 5 (CMV).nasal","child",NA,2.25097706680472e-06
"1301","virus_positive",1,3168,7.46784402754121,0.00631593800762908,"CD4+ T Cell (EMRA CD57hi)","CyTOF","Human betaherpesvirus 5 (CMV).nasal","child",0.546745592590449,0.0805282095972708
"1302","event_type",11,3168,1.24804689022546,0.248974840801866,"CD4+ T Cell (EMRA CD57hi)","CyTOF","Human betaherpesvirus 5 (CMV).nasal","child",NA,0.282171486242115
"1303","(Intercept)",1,3168,0.771547836477639,0.379805255208753,"CD4+ T Cell (EMRA CD57low)","CyTOF","Human betaherpesvirus 5 (CMV).nasal","child",-0.293645091123776,0.624840903730529
"1304","trajectory_group",1,3168,0.619828757172553,0.431169822818165,"CD4+ T Cell (EMRA CD57low)","CyTOF","Human betaherpesvirus 5 (CMV).nasal","child",-0.0139897081363012,0.613343651102573
"1305","sex",1,3168,2.18834916756184,0.139157710987837,"CD4+ T Cell (EMRA CD57low)","CyTOF","Human betaherpesvirus 5 (CMV).nasal","child",NA,0.228936879367087
"1306","discretized_admit_age_quantile",4,3168,7.045814641902,1.20862184356252e-05,"CD4+ T Cell (EMRA CD57low)","CyTOF","Human betaherpesvirus 5 (CMV).nasal","child",NA,3.24419547482571e-05
"1307","virus_positive",1,3168,0.0847580729057893,0.770969121668377,"CD4+ T Cell (EMRA CD57low)","CyTOF","Human betaherpesvirus 5 (CMV).nasal","child",-0.058514985085852,0.946795909671605
"1308","event_type",11,3168,0.630066355435023,0.804483961188453,"CD4+ T Cell (EMRA CD57low)","CyTOF","Human betaherpesvirus 5 (CMV).nasal","child",NA,0.837320041236961
"1309","(Intercept)",1,3168,5.56261695196611,0.0184083813986968,"CD4+ T Cell (activated)","CyTOF","Human betaherpesvirus 5 (CMV).nasal","child",0.721648894318973,0.106062460394339
"1310","trajectory_group",1,3168,12.3477836185648,0.000447689662744777,"CD4+ T Cell (activated)","CyTOF","Human betaherpesvirus 5 (CMV).nasal","child",0.0562137208168858,0.00163086948571312
"1311","sex",1,3168,0.0180942015218251,0.89300414149214,"CD4+ T Cell (activated)","CyTOF","Human betaherpesvirus 5 (CMV).nasal","child",NA,0.89300414149214
"1312","discretized_admit_age_quantile",4,3168,7.45757877329392,5.63292141575467e-06,"CD4+ T Cell (activated)","CyTOF","Human betaherpesvirus 5 (CMV).nasal","child",NA,1.59599440113049e-05
"1313","virus_positive",1,3168,0.917723182344177,0.338146602059213,"CD4+ T Cell (activated)","CyTOF","Human betaherpesvirus 5 (CMV).nasal","child",0.171317987994661,0.701413054530551
"1314","event_type",11,3168,37.7652200817768,0,"CD4+ T Cell (activated)","CyTOF","Human betaherpesvirus 5 (CMV).nasal","child",NA,0
"1315","(Intercept)",1,3168,2.25397376096379,0.133371437656548,"CD4+ T Cell (naive)","CyTOF","Human betaherpesvirus 5 (CMV).nasal","child",0.485702719697766,0.33709528727085
"1316","trajectory_group",1,3168,14.7351352034253,0.000126136506775398,"CD4+ T Cell (naive)","CyTOF","Human betaherpesvirus 5 (CMV).nasal","child",-0.0660791818876481,0.000494843218888101
"1317","sex",1,3168,31.4920997467044,2.17503473010083e-08,"CD4+ T Cell (naive)","CyTOF","Human betaherpesvirus 5 (CMV).nasal","child",NA,1.84877952058571e-07
"1318","discretized_admit_age_quantile",4,3168,11.1584031607081,5.46298739578788e-09,"CD4+ T Cell (naive)","CyTOF","Human betaherpesvirus 5 (CMV).nasal","child",NA,2.32176964320985e-08
"1319","virus_positive",1,3168,0.735461987563151,0.391183326379536,"CD4+ T Cell (naive)","CyTOF","Human betaherpesvirus 5 (CMV).nasal","child",0.166122755861024,0.767321140206014
"1320","event_type",11,3168,3.79042243285625,1.99097370696677e-05,"CD4+ T Cell (naive)","CyTOF","Human betaherpesvirus 5 (CMV).nasal","child",NA,3.38465530184351e-05
"1321","(Intercept)",1,3168,0.0984536423248057,0.753713933022459,"CD4+ Treg (CD39hi)","CyTOF","Human betaherpesvirus 5 (CMV).nasal","child",-0.101837291324631,0.861305004391409
"1322","trajectory_group",1,3168,4.7196441774137,0.0298938214575575,"CD4+ Treg (CD39hi)","CyTOF","Human betaherpesvirus 5 (CMV).nasal","child",-0.0371796017587341,0.0692993133788832
"1323","sex",1,3168,5.07341709890299,0.024363627648758,"CD4+ Treg (CD39hi)","CyTOF","Human betaherpesvirus 5 (CMV).nasal","child",NA,0.0564793186403026
"1324","discretized_admit_age_quantile",4,3168,8.44303555213691,8.98368536228489e-07,"CD4+ Treg (CD39hi)","CyTOF","Human betaherpesvirus 5 (CMV).nasal","child",NA,2.69510560868547e-06
"1325","virus_positive",1,3168,0.0589530257007755,0.808174162243079,"CD4+ Treg (CD39hi)","CyTOF","Human betaherpesvirus 5 (CMV).nasal","child",-0.0465085869857926,0.946795909671605
"1326","event_type",11,3168,2.94698827807206,0.000683123975807387,"CD4+ Treg (CD39hi)","CyTOF","Human betaherpesvirus 5 (CMV).nasal","child",NA,0.00102468596371108
"1327","(Intercept)",1,3168,0.186031453791019,0.666269683031389,"CD4+ Treg (CD39low)","CyTOF","Human betaherpesvirus 5 (CMV).nasal","child",-0.14299175957261,0.828774483770752
"1328","trajectory_group",1,3168,2.44846031501545,0.117740086742396,"CD4+ Treg (CD39low)","CyTOF","Human betaherpesvirus 5 (CMV).nasal","child",-0.0275757865336983,0.230951708610085
"1329","sex",1,3168,1.85501201378612,0.173298425630797,"CD4+ Treg (CD39low)","CyTOF","Human betaherpesvirus 5 (CMV).nasal","child",NA,0.259947638446196
"1330","discretized_admit_age_quantile",4,3168,0.464506861868555,0.76184292364907,"CD4+ Treg (CD39low)","CyTOF","Human betaherpesvirus 5 (CMV).nasal","child",NA,0.777522124128566
"1331","virus_positive",1,3168,0.134501766934015,0.713833859771952,"CD4+ Treg (CD39low)","CyTOF","Human betaherpesvirus 5 (CMV).nasal","child",-0.0730941197550866,0.946795909671605
"1332","event_type",11,3168,5.38343613863799,1.57823223378983e-08,"CD4+ Treg (CD39low)","CyTOF","Human betaherpesvirus 5 (CMV).nasal","child",NA,3.09576322781852e-08
"1333","(Intercept)",1,3168,0.135035785730745,0.713291403611313,"CD4+ Treg (naive)","CyTOF","Human betaherpesvirus 5 (CMV).nasal","child",0.117965908569017,0.845996781027372
"1334","trajectory_group",1,3168,0.00770516837245193,0.930057806487815,"CD4+ Treg (naive)","CyTOF","Human betaherpesvirus 5 (CMV).nasal","child",-0.00148933256513694,0.931175593499548
"1335","sex",1,3168,35.1448495810538,3.39007466543251e-09,"CD4+ Treg (naive)","CyTOF","Human betaherpesvirus 5 (CMV).nasal","child",NA,3.45787615874116e-08
"1336","discretized_admit_age_quantile",4,3168,2.55390279084253,0.0371529563298203,"CD4+ Treg (naive)","CyTOF","Human betaherpesvirus 5 (CMV).nasal","child",NA,0.0541371649377381
"1337","virus_positive",1,3168,0.203977567100806,0.651560160849546,"CD4+ Treg (naive)","CyTOF","Human betaherpesvirus 5 (CMV).nasal","child",-0.0874038995901593,0.946795909671605
"1338","event_type",11,3168,26.1798793249693,0,"CD4+ Treg (naive)","CyTOF","Human betaherpesvirus 5 (CMV).nasal","child",NA,0
"1339","(Intercept)",1,3168,0.191896240659512,0.661372922815897,"CD8+ NKT Cell","CyTOF","Human betaherpesvirus 5 (CMV).nasal","child",-0.142985296694095,0.828774483770752
"1340","trajectory_group",1,3168,26.0000629591953,3.61461607090163e-07,"CD8+ NKT Cell","CyTOF","Human betaherpesvirus 5 (CMV).nasal","child",-0.0885643816696007,1.67586745105439e-06
"1341","sex",1,3168,1.21378076554603,0.270668335518976,"CD8+ NKT Cell","CyTOF","Human betaherpesvirus 5 (CMV).nasal","child",NA,0.363265397670204
"1342","discretized_admit_age_quantile",4,3168,2.6733689599505,0.0304207169981162,"CD8+ NKT Cell","CyTOF","Human betaherpesvirus 5 (CMV).nasal","child",NA,0.0470138353607251
"1343","virus_positive",1,3168,0.216494995167074,0.641755614018872,"CD8+ NKT Cell","CyTOF","Human betaherpesvirus 5 (CMV).nasal","child",-0.091107234231967,0.946795909671605
"1344","event_type",11,3168,3.80669816495797,1.85572290526403e-05,"CD8+ NKT Cell","CyTOF","Human betaherpesvirus 5 (CMV).nasal","child",NA,3.26351269546434e-05
"1345","(Intercept)",1,3168,7.23198278890042,0.0071991323720495,"CD8+ T Cell (CD161+ MAIT)","CyTOF","Human betaherpesvirus 5 (CMV).nasal","child",0.805879451941789,0.0655125864575238
"1346","trajectory_group",1,3168,44.7149270948497,2.68329802821654e-11,"CD8+ T Cell (CD161+ MAIT)","CyTOF","Human betaherpesvirus 5 (CMV).nasal","child",-0.105186638492121,1.71060249298804e-10
"1347","sex",1,3168,8.88524269880353,0.00289671978609518,"CD8+ T Cell (CD161+ MAIT)","CyTOF","Human betaherpesvirus 5 (CMV).nasal","child",NA,0.00869015935828554
"1348","discretized_admit_age_quantile",4,3168,82.3270102389021,0,"CD8+ T Cell (CD161+ MAIT)","CyTOF","Human betaherpesvirus 5 (CMV).nasal","child",NA,0
"1349","virus_positive",1,3168,2.73430648917174,0.0983132050948332,"CD8+ T Cell (CD161+ MAIT)","CyTOF","Human betaherpesvirus 5 (CMV).nasal","child",-0.299081226058214,0.358140961416892
"1350","event_type",11,3168,11.6023902269547,0,"CD8+ T Cell (CD161+ MAIT)","CyTOF","Human betaherpesvirus 5 (CMV).nasal","child",NA,0
"1351","(Intercept)",1,3168,0.144873942433591,0.703508459086827,"CD8+ T Cell (CM)","CyTOF","Human betaherpesvirus 5 (CMV).nasal","child",-0.12123392725817,0.845996781027372
"1352","trajectory_group",1,3168,17.3731418860107,3.15355897393399e-05,"CD8+ T Cell (CM)","CyTOF","Human betaherpesvirus 5 (CMV).nasal","child",-0.0704533911629259,0.000134026256392195
"1353","sex",1,3168,0.976726737080954,0.323083734873529,"CD8+ T Cell (CM)","CyTOF","Human betaherpesvirus 5 (CMV).nasal","child",NA,0.41193176196375
"1354","discretized_admit_age_quantile",4,3168,5.01068183469841,0.000502611349222803,"CD8+ T Cell (CM)","CyTOF","Human betaherpesvirus 5 (CMV).nasal","child",NA,0.000985891492706268
"1355","virus_positive",1,3168,4.99249969839783,0.025526897177812,"CD8+ T Cell (CM)","CyTOF","Human betaherpesvirus 5 (CMV).nasal","child",-0.428398003733682,0.162733969508551
"1356","event_type",11,3168,16.039973966457,0,"CD8+ T Cell (CM)","CyTOF","Human betaherpesvirus 5 (CMV).nasal","child",NA,0
"1357","(Intercept)",1,3168,0.233561234416946,0.628929105605922,"CD8+ T Cell (EM CD27hi)","CyTOF","Human betaherpesvirus 5 (CMV).nasal","child",-0.149543990185636,0.822445753484667
"1358","trajectory_group",1,3168,45.7564515286884,1.58839608133121e-11,"CD8+ T Cell (EM CD27hi)","CyTOF","Human betaherpesvirus 5 (CMV).nasal","child",-0.111349276639855,1.15726000211274e-10
"1359","sex",1,3168,15.582607842636,8.06942036019054e-05,"CD8+ T Cell (EM CD27hi)","CyTOF","Human betaherpesvirus 5 (CMV).nasal","child",NA,0.000457267153744131
"1360","discretized_admit_age_quantile",4,3168,6.2590428116997,5.15922344110908e-05,"CD8+ T Cell (EM CD27hi)","CyTOF","Human betaherpesvirus 5 (CMV).nasal","child",NA,0.000131560197748282
"1361","virus_positive",1,3168,0.258362147178912,0.611283011738369,"CD8+ T Cell (EM CD27hi)","CyTOF","Human betaherpesvirus 5 (CMV).nasal","child",-0.0940865970628741,0.946795909671605
"1362","event_type",11,3168,30.1935213435742,0,"CD8+ T Cell (EM CD27hi)","CyTOF","Human betaherpesvirus 5 (CMV).nasal","child",NA,0
"1363","(Intercept)",1,3168,2.59264107948338,0.107460806284522,"CD8+ T Cell (EM CD27low)","CyTOF","Human betaherpesvirus 5 (CMV).nasal","child",0.537252407932995,0.304472284472811
"1364","trajectory_group",1,3168,0.119132490171552,0.730000199099559,"CD8+ T Cell (EM CD27low)","CyTOF","Human betaherpesvirus 5 (CMV).nasal","child",-0.00612056285224752,0.79212787561867
"1365","sex",1,3168,3.13857295285194,0.0765567938876179,"CD8+ T Cell (EM CD27low)","CyTOF","Human betaherpesvirus 5 (CMV).nasal","child",NA,0.134634361664432
"1366","discretized_admit_age_quantile",4,3168,0.485200342212203,0.746642927696436,"CD8+ T Cell (EM CD27low)","CyTOF","Human betaherpesvirus 5 (CMV).nasal","child",NA,0.777522124128566
"1367","virus_positive",1,3168,2.77780016019793,0.0956782200124291,"CD8+ T Cell (EM CD27low)","CyTOF","Human betaherpesvirus 5 (CMV).nasal","child",-0.334392217887998,0.358140961416892
"1368","event_type",11,3168,1.29226417216324,0.221950626795096,"CD8+ T Cell (EM CD27low)","CyTOF","Human betaherpesvirus 5 (CMV).nasal","child",NA,0.257260953785225
"1369","(Intercept)",1,3168,0.00361322454930311,0.952071734507449,"CD8+ T Cell (EM CD57hi)","CyTOF","Human betaherpesvirus 5 (CMV).nasal","child",0.0192802656353433,0.952071734507449
"1370","trajectory_group",1,3168,0.243808308193823,0.621503213579041,"CD8+ T Cell (EM CD57hi)","CyTOF","Human betaherpesvirus 5 (CMV).nasal","child",0.00842566311097099,0.737131718430956
"1371","sex",1,3168,13.4883812200633,0.000244012535303595,"CD8+ T Cell (EM CD57hi)","CyTOF","Human betaherpesvirus 5 (CMV).nasal","child",NA,0.00124446393004833
"1372","discretized_admit_age_quantile",4,3168,3.270072263347,0.0109983343970181,"CD8+ T Cell (EM CD57hi)","CyTOF","Human betaherpesvirus 5 (CMV).nasal","child",NA,0.0193418984223422
"1373","virus_positive",1,3168,1.08030235367715,0.298709245720733,"CD8+ T Cell (EM CD57hi)","CyTOF","Human betaherpesvirus 5 (CMV).nasal","child",0.199461062510728,0.701413054530551
"1374","event_type",11,3168,14.8770671683115,0,"CD8+ T Cell (EM CD57hi)","CyTOF","Human betaherpesvirus 5 (CMV).nasal","child",NA,0
"1375","(Intercept)",1,3168,3.96301641246409,0.0465960635311075,"CD8+ T Cell (EMRA CD57hi)","CyTOF","Human betaherpesvirus 5 (CMV).nasal","child",-0.644780399791643,0.158426616005765
"1376","trajectory_group",1,3168,1.36077699035952,0.243490672439313,"CD8+ T Cell (EMRA CD57hi)","CyTOF","Human betaherpesvirus 5 (CMV).nasal","child",-0.020102615093035,0.413934143146832
"1377","sex",1,3168,0.0626841231402487,0.80231902781433,"CD8+ T Cell (EMRA CD57hi)","CyTOF","Human betaherpesvirus 5 (CMV).nasal","child",NA,0.89300414149214
"1378","discretized_admit_age_quantile",4,3168,6.09478631734715,6.97518953385323e-05,"CD8+ T Cell (EMRA CD57hi)","CyTOF","Human betaherpesvirus 5 (CMV).nasal","child",NA,0.000169397460107864
"1379","virus_positive",1,3168,0.161589169552159,0.68772471907467,"CD8+ T Cell (EMRA CD57hi)","CyTOF","Human betaherpesvirus 5 (CMV).nasal","child",0.0781470261647713,0.946795909671605
"1380","event_type",11,3168,16.4562099890064,0,"CD8+ T Cell (EMRA CD57hi)","CyTOF","Human betaherpesvirus 5 (CMV).nasal","child",NA,0
"1381","(Intercept)",1,3168,2.36877031130004,0.123884393170768,"CD8+ T Cell (EMRA CD57low)","CyTOF","Human betaherpesvirus 5 (CMV).nasal","child",-0.493665082444626,0.332531792195221
"1382","trajectory_group",1,3168,2.27824689975369,0.131299823766834,"CD8+ T Cell (EMRA CD57low)","CyTOF","Human betaherpesvirus 5 (CMV).nasal","child",-0.0257396565994051,0.248010778226243
"1383","sex",1,3168,26.0360164074159,3.54846491745775e-07,"CD8+ T Cell (EMRA CD57low)","CyTOF","Human betaherpesvirus 5 (CMV).nasal","child",NA,2.26214638487932e-06
"1384","discretized_admit_age_quantile",4,3168,13.1756874704515,1.20218501820091e-10,"CD8+ T Cell (EMRA CD57low)","CyTOF","Human betaherpesvirus 5 (CMV).nasal","child",NA,6.13114359282463e-10
"1385","virus_positive",1,3168,0.00258024717184032,0.959491174312677,"CD8+ T Cell (EMRA CD57low)","CyTOF","Human betaherpesvirus 5 (CMV).nasal","child",-0.00973083278308585,0.987875499483446
"1386","event_type",11,3168,12.8342166197631,0,"CD8+ T Cell (EMRA CD57low)","CyTOF","Human betaherpesvirus 5 (CMV).nasal","child",NA,0
"1387","(Intercept)",1,3168,7.21083189440751,0.0072842614112989,"CD8+ T Cell (activated)","CyTOF","Human betaherpesvirus 5 (CMV).nasal","child",0.86228089092151,0.0655125864575238
"1388","trajectory_group",1,3168,0.0500603436127978,0.822972731383022,"CD8+ T Cell (activated)","CyTOF","Human betaherpesvirus 5 (CMV).nasal","child",0.00381427529371079,0.874408527094461
"1389","sex",1,3168,2.09323050722127,0.148051854962862,"CD8+ T Cell (activated)","CyTOF","Human betaherpesvirus 5 (CMV).nasal","child",NA,0.235957643847061
"1390","discretized_admit_age_quantile",4,3168,4.20949714775435,0.0021149836694736,"CD8+ T Cell (activated)","CyTOF","Human betaherpesvirus 5 (CMV).nasal","child",NA,0.00385229168368406
"1391","virus_positive",1,3168,13.1280965028323,0.000295468693205958,"CD8+ T Cell (activated)","CyTOF","Human betaherpesvirus 5 (CMV).nasal","child",0.700184436365943,0.0150689033535039
"1392","event_type",11,3168,24.2813025554941,0,"CD8+ T Cell (activated)","CyTOF","Human betaherpesvirus 5 (CMV).nasal","child",NA,0
"1393","(Intercept)",1,3168,42.7452520740052,7.24105220228921e-11,"CD8+ T Cell (naive)","CyTOF","Human betaherpesvirus 5 (CMV).nasal","child",1.6958463731895,3.6929366231675e-09
"1394","trajectory_group",1,3168,50.2514760589863,1.66022751102446e-12,"CD8+ T Cell (naive)","CyTOF","Human betaherpesvirus 5 (CMV).nasal","child",-0.0978199311976088,1.41119338437079e-11
"1395","sex",1,3168,83.1946632292751,0,"CD8+ T Cell (naive)","CyTOF","Human betaherpesvirus 5 (CMV).nasal","child",NA,0
"1396","discretized_admit_age_quantile",4,3168,335.84920581066,0,"CD8+ T Cell (naive)","CyTOF","Human betaherpesvirus 5 (CMV).nasal","child",NA,0
"1397","virus_positive",1,3168,2.00266833302101,0.157120860658581,"CD8+ T Cell (naive)","CyTOF","Human betaherpesvirus 5 (CMV).nasal","child",-0.220393164122093,0.471362581975743
"1398","event_type",11,3168,1.70937341756216,0.065270338518188,"CD8+ T Cell (naive)","CyTOF","Human betaherpesvirus 5 (CMV).nasal","child",NA,0.0792568396292282
"1399","(Intercept)",1,3168,5.81290693924838,0.0159655521107662,"Conventional DC","CyTOF","Human betaherpesvirus 5 (CMV).nasal","child",-0.785297186878995,0.106062460394339
"1400","trajectory_group",1,3168,1.97076908431042,0.160464268745179,"Conventional DC","CyTOF","Human betaherpesvirus 5 (CMV).nasal","child",-0.0243315961170034,0.292274203785861
"1401","sex",1,3168,4.1298763627244,0.0422156924583882,"Conventional DC","CyTOF","Human betaherpesvirus 5 (CMV).nasal","child",NA,0.0828077044376076
"1402","discretized_admit_age_quantile",4,3168,0.92712108543028,0.447038199035476,"Conventional DC","CyTOF","Human betaherpesvirus 5 (CMV).nasal","child",NA,0.506643292240206
"1403","virus_positive",1,3168,1.76136915646868,0.184549469403115,"Conventional DC","CyTOF","Human betaherpesvirus 5 (CMV).nasal","child",-0.258920923433991,0.503591545462003
"1404","event_type",11,3168,3.756287913195,2.30698487821979e-05,"Conventional DC","CyTOF","Human betaherpesvirus 5 (CMV).nasal","child",NA,3.73997864678358e-05
"1405","(Intercept)",1,3168,2.1922729294854,0.138803941817409,"Hematopoetic progenitor Cell","CyTOF","Human betaherpesvirus 5 (CMV).nasal","child",-0.48392091545206,0.33709528727085
"1406","trajectory_group",1,3168,27.4510871265242,1.7166023014159e-07,"Hematopoetic progenitor Cell","CyTOF","Human betaherpesvirus 5 (CMV).nasal","child",0.0911079384307994,8.75467173722111e-07
"1407","sex",1,3168,4.28686551530773,0.0384887420377086,"Hematopoetic progenitor Cell","CyTOF","Human betaherpesvirus 5 (CMV).nasal","child",NA,0.0785170337569255
"1408","discretized_admit_age_quantile",4,3168,3.00591714233025,0.0173163824647324,"Hematopoetic progenitor Cell","CyTOF","Human betaherpesvirus 5 (CMV).nasal","child",NA,0.0284882421193985
"1409","virus_positive",1,3168,0.00926558535758091,0.923321826724727,"Hematopoetic progenitor Cell","CyTOF","Human betaherpesvirus 5 (CMV).nasal","child",0.018884516495459,0.987875499483446
"1410","event_type",11,3168,7.82612168016023,1.53876911213047e-13,"Hematopoetic progenitor Cell","CyTOF","Human betaherpesvirus 5 (CMV).nasal","child",NA,3.13908898874615e-13
"1411","(Intercept)",1,3168,0.335367052249618,0.562556906117169,"ILC","CyTOF","Human betaherpesvirus 5 (CMV).nasal","child",-0.187708965834112,0.775416275999341
"1412","trajectory_group",1,3168,0.615057705788941,0.432948459601816,"ILC","CyTOF","Human betaherpesvirus 5 (CMV).nasal","child",0.0135073225681251,0.613343651102573
"1413","sex",1,3168,1.33282710636362,0.248389972635315,"ILC","CyTOF","Human betaherpesvirus 5 (CMV).nasal","child",NA,0.351885794566697
"1414","discretized_admit_age_quantile",4,3168,1.16922839809031,0.322305057744666,"ILC","CyTOF","Human betaherpesvirus 5 (CMV).nasal","child",NA,0.382268789418092
"1415","virus_positive",1,3168,2.03025097061884,0.154293646642137,"ILC","CyTOF","Human betaherpesvirus 5 (CMV).nasal","child",-0.275513688550317,0.471362581975743
"1416","event_type",11,3168,2.34883895600928,0.00702351127253342,"ILC","CyTOF","Human betaherpesvirus 5 (CMV).nasal","child",NA,0.00942629144471591
"1417","(Intercept)",1,3168,7.10932561730725,0.00770736311264986,"Monocytes (CD14+CD16+)","CyTOF","Human betaherpesvirus 5 (CMV).nasal","child",-0.867905644927805,0.0655125864575238
"1418","trajectory_group",1,3168,8.93404807940943,0.00282054213831551,"Monocytes (CD14+CD16+)","CyTOF","Human betaherpesvirus 5 (CMV).nasal","child",-0.0517749202047521,0.00881217219144848
"1419","sex",1,3168,5.58534646740165,0.0181714112298315,"Monocytes (CD14+CD16+)","CyTOF","Human betaherpesvirus 5 (CMV).nasal","child",NA,0.0441305701295907
"1420","discretized_admit_age_quantile",4,3168,9.72302310349246,8.15979970258951e-08,"Monocytes (CD14+CD16+)","CyTOF","Human betaherpesvirus 5 (CMV).nasal","child",NA,3.20115219101588e-07
"1421","virus_positive",1,3168,0.0979684668248873,0.75430191249184,"Monocytes (CD14+CD16+)","CyTOF","Human betaherpesvirus 5 (CMV).nasal","child",0.0610602943530778,0.946795909671605
"1422","event_type",11,3168,8.67755869299604,2.44249065417534e-15,"Monocytes (CD14+CD16+)","CyTOF","Human betaherpesvirus 5 (CMV).nasal","child",NA,5.19029264012261e-15
"1423","(Intercept)",1,3168,1.60593146496107,0.205157802417583,"Monocytes (CD14+CD16-)","CyTOF","Human betaherpesvirus 5 (CMV).nasal","child",-0.356428262399263,0.454915127099858
"1424","trajectory_group",1,3168,168.327322107859,0,"Monocytes (CD14+CD16-)","CyTOF","Human betaherpesvirus 5 (CMV).nasal","child",0.194138503785291,0
"1425","sex",1,3168,86.586647703414,0,"Monocytes (CD14+CD16-)","CyTOF","Human betaherpesvirus 5 (CMV).nasal","child",NA,0
"1426","discretized_admit_age_quantile",4,3168,15.4832929798097,1.50557344369417e-12,"Monocytes (CD14+CD16-)","CyTOF","Human betaherpesvirus 5 (CMV).nasal","child",NA,1.09691779469147e-11
"1427","virus_positive",1,3168,0.526618006504278,0.468085803975571,"Monocytes (CD14+CD16-)","CyTOF","Human betaherpesvirus 5 (CMV).nasal","child",0.122537033652626,0.823185379405315
"1428","event_type",11,3168,49.2693603020032,0,"Monocytes (CD14+CD16-)","CyTOF","Human betaherpesvirus 5 (CMV).nasal","child",NA,0
"1429","(Intercept)",1,3168,15.6077762537886,7.96324389882308e-05,"Monocytes (CD14-CD16+)","CyTOF","Human betaherpesvirus 5 (CMV).nasal","child",-1.10136063731778,0.00203062719419989
"1430","trajectory_group",1,3168,0.00746024611217711,0.931175593499548,"Monocytes (CD14-CD16+)","CyTOF","Human betaherpesvirus 5 (CMV).nasal","child",-0.00127935249577483,0.931175593499548
"1431","sex",1,3168,7.1514725495737,0.00752871404264366,"Monocytes (CD14-CD16+)","CyTOF","Human betaherpesvirus 5 (CMV).nasal","child",NA,0.0202086534828856
"1432","discretized_admit_age_quantile",4,3168,5.97324527955595,8.71593707516549e-05,"Monocytes (CD14-CD16+)","CyTOF","Human betaherpesvirus 5 (CMV).nasal","child",NA,0.000202051268560655
"1433","virus_positive",1,3168,5.48599753935769,0.0192309889693483,"Monocytes (CD14-CD16+)","CyTOF","Human betaherpesvirus 5 (CMV).nasal","child",-0.389466222701737,0.153856080522578
"1434","event_type",11,3168,118.588847012263,0,"Monocytes (CD14-CD16+)","CyTOF","Human betaherpesvirus 5 (CMV).nasal","child",NA,0
"1435","(Intercept)",1,3168,1.06749116848477,0.30159168451302,"NK Cell (CD56hi CD16low)","CyTOF","Human betaherpesvirus 5 (CMV).nasal","child",-0.331023716821475,0.569673181857926
"1436","trajectory_group",1,3168,8.85971708438587,0.00293739073048283,"NK Cell (CD56hi CD16low)","CyTOF","Human betaherpesvirus 5 (CMV).nasal","child",-0.0507286958344871,0.00881217219144848
"1437","sex",1,3168,0.0197358713401559,0.888286195205106,"NK Cell (CD56hi CD16low)","CyTOF","Human betaherpesvirus 5 (CMV).nasal","child",NA,0.89300414149214
"1438","discretized_admit_age_quantile",4,3168,2.42327648448557,0.0461511614609069,"NK Cell (CD56hi CD16low)","CyTOF","Human betaherpesvirus 5 (CMV).nasal","child",NA,0.0653808120696181
"1439","virus_positive",1,3168,2.09604446086039,0.147779709927952,"NK Cell (CD56hi CD16low)","CyTOF","Human betaherpesvirus 5 (CMV).nasal","child",-0.27742016385547,0.471362581975743
"1440","event_type",11,3168,3.83823180376975,1.61895577315274e-05,"NK Cell (CD56hi CD16low)","CyTOF","Human betaherpesvirus 5 (CMV).nasal","child",NA,2.94881230109964e-05
"1441","(Intercept)",1,3168,5.32572080620862,0.0210770561826772,"NK Cell (CD56low CD16hi CD57hi)","CyTOF","Human betaherpesvirus 5 (CMV).nasal","child",-0.725464468620649,0.107492986531654
"1442","trajectory_group",1,3168,0.395102336128483,0.529674830862989,"NK Cell (CD56low CD16hi CD57hi)","CyTOF","Human betaherpesvirus 5 (CMV).nasal","child",-0.0105129273302372,0.687396847321124
"1443","sex",1,3168,59.7931654589987,1.3988810110277e-14,"NK Cell (CD56low CD16hi CD57hi)","CyTOF","Human betaherpesvirus 5 (CMV).nasal","child",NA,2.37809771874709e-13
"1444","discretized_admit_age_quantile",4,3168,46.502268400057,0,"NK Cell (CD56low CD16hi CD57hi)","CyTOF","Human betaherpesvirus 5 (CMV).nasal","child",NA,0
"1445","virus_positive",1,3168,5.32237418071379,0.021117501248197,"NK Cell (CD56low CD16hi CD57hi)","CyTOF","Human betaherpesvirus 5 (CMV).nasal","child",-0.43401430179812,0.153856080522578
"1446","event_type",11,3168,17.2135440812529,0,"NK Cell (CD56low CD16hi CD57hi)","CyTOF","Human betaherpesvirus 5 (CMV).nasal","child",NA,0
"1447","(Intercept)",1,3168,0.551700257807815,0.457678872296174,"NK Cell (CD56low CD16hi CD57low)","CyTOF","Human betaherpesvirus 5 (CMV).nasal","child",-0.240109591780865,0.710188655791191
"1448","trajectory_group",1,3168,4.38033124300164,0.0364352873537565,"NK Cell (CD56low CD16hi CD57low)","CyTOF","Human betaherpesvirus 5 (CMV).nasal","child",-0.035889355660917,0.0807912893496339
"1449","sex",1,3168,0.28192704613972,0.595478156065041,"NK Cell (CD56low CD16hi CD57low)","CyTOF","Human betaherpesvirus 5 (CMV).nasal","child",NA,0.694866045662242
"1450","discretized_admit_age_quantile",4,3168,5.5931891899266,0.000174566847466862,"NK Cell (CD56low CD16hi CD57low)","CyTOF","Human betaherpesvirus 5 (CMV).nasal","child",NA,0.000387083009600432
"1451","virus_positive",1,3168,3.0948757649933,0.078635667085365,"NK Cell (CD56low CD16hi CD57low)","CyTOF","Human betaherpesvirus 5 (CMV).nasal","child",-0.342399703824258,0.334201585112801
"1452","event_type",11,3168,9.37865719593712,1.11022302462516e-16,"NK Cell (CD56low CD16hi CD57low)","CyTOF","Human betaherpesvirus 5 (CMV).nasal","child",NA,2.69625591694681e-16
"1453","(Intercept)",1,3168,0.040770884994486,0.839993782250947,"Plasmacytoid DC","CyTOF","Human betaherpesvirus 5 (CMV).nasal","child",0.067974455397516,0.911482614782943
"1454","trajectory_group",1,3168,2.45931400356934,0.116929666291853,"Plasmacytoid DC","CyTOF","Human betaherpesvirus 5 (CMV).nasal","child",-0.0275072377003669,0.230951708610085
"1455","sex",1,3168,1.60726637594139,0.204969661089564,"Plasmacytoid DC","CyTOF","Human betaherpesvirus 5 (CMV).nasal","child",NA,0.29867007758765
"1456","discretized_admit_age_quantile",4,3168,0.46391569797699,0.762276592282908,"Plasmacytoid DC","CyTOF","Human betaherpesvirus 5 (CMV).nasal","child",NA,0.777522124128566
"1457","virus_positive",1,3168,0.113849121076681,0.735826165322363,"Plasmacytoid DC","CyTOF","Human betaherpesvirus 5 (CMV).nasal","child",-0.0686080014265214,0.946795909671605
"1458","event_type",11,3168,1.43279304148948,0.150905454164628,"Plasmacytoid DC","CyTOF","Human betaherpesvirus 5 (CMV).nasal","child",NA,0.178980887497582
"1459","(Intercept)",1,3168,0.488423038147087,0.484682897445164,"Tier2_Bcell_Undefined","CyTOF","Human betaherpesvirus 5 (CMV).nasal","child",0.231824919790844,0.710188655791191
"1460","trajectory_group",1,3168,5.65384088826853,0.0174761849458367,"Tier2_Bcell_Undefined","CyTOF","Human betaherpesvirus 5 (CMV).nasal","child",-0.0419107237381524,0.0445642716118836
"1461","sex",1,3168,1.29218440053467,0.255731759137586,"Tier2_Bcell_Undefined","CyTOF","Human betaherpesvirus 5 (CMV).nasal","child",NA,0.352495127459916
"1462","discretized_admit_age_quantile",4,3168,1.64099304294123,0.161095194765328,"Tier2_Bcell_Undefined","CyTOF","Human betaherpesvirus 5 (CMV).nasal","child",NA,0.200386705683701
"1463","virus_positive",1,3168,0.0276037130505375,0.868054504419196,"Tier2_Bcell_Undefined","CyTOF","Human betaherpesvirus 5 (CMV).nasal","child",-0.0331448953351214,0.962408254899543
"1464","event_type",11,3168,2.62304628563812,0.00246963866909966,"Tier2_Bcell_Undefined","CyTOF","Human betaherpesvirus 5 (CMV).nasal","child",NA,0.00340409654389413
"1465","(Intercept)",1,3168,0.0801147839530465,0.777160412362639,"Tier2_NK_Undefined","CyTOF","Human betaherpesvirus 5 (CMV).nasal","child",0.0954193291793406,0.861634370228144
"1466","trajectory_group",1,3168,0.370589525929453,0.542726748097462,"Tier2_NK_Undefined","CyTOF","Human betaherpesvirus 5 (CMV).nasal","child",-0.0108809676429077,0.687396847321124
"1467","sex",1,3168,1.12804949471367,0.28827272447769,"Tier2_NK_Undefined","CyTOF","Human betaherpesvirus 5 (CMV).nasal","child",NA,0.376972024316979
"1468","discretized_admit_age_quantile",4,3168,0.621457647997327,0.6472090044341,"Tier2_NK_Undefined","CyTOF","Human betaherpesvirus 5 (CMV).nasal","child",NA,0.717557809263893
"1469","virus_positive",1,3168,0.60214509918976,0.437818666912104,"Tier2_NK_Undefined","CyTOF","Human betaherpesvirus 5 (CMV).nasal","child",0.157537701049418,0.823185379405315
"1470","event_type",11,3168,2.70220230538111,0.00181244326032304,"Tier2_NK_Undefined","CyTOF","Human betaherpesvirus 5 (CMV).nasal","child",NA,0.0025676279521243
"1471","(Intercept)",1,3168,0.805689387806153,0.369465969541879,"Tier2_Tcell_Undefined","CyTOF","Human betaherpesvirus 5 (CMV).nasal","child",-0.267161215070197,0.624840903730529
"1472","trajectory_group",1,3168,0.156114650512648,0.692785752793765,"Tier2_Tcell_Undefined","CyTOF","Human betaherpesvirus 5 (CMV).nasal","child",0.00625798940126138,0.7851571864996
"1473","sex",1,3168,10.213574541435,0.00140780972054855,"Tier2_Tcell_Undefined","CyTOF","Human betaherpesvirus 5 (CMV).nasal","child",NA,0.00478655304986506
"1474","discretized_admit_age_quantile",4,3168,1.32341013681677,0.25873078315236,"Tier2_Tcell_Undefined","CyTOF","Human betaherpesvirus 5 (CMV).nasal","child",NA,0.314173093827865
"1475","virus_positive",1,3168,0.896367009049117,0.343829928691446,"Tier2_Tcell_Undefined","CyTOF","Human betaherpesvirus 5 (CMV).nasal","child",-0.168812271452046,0.701413054530551
"1476","event_type",11,3168,0.765175422120218,0.67546984971141,"Tier2_Tcell_Undefined","CyTOF","Human betaherpesvirus 5 (CMV).nasal","child",NA,0.717686715318373
"1477","(Intercept)",1,3168,0.008446678041417,0.926778685575334,"Tier3_CD4_Undefined","CyTOF","Human betaherpesvirus 5 (CMV).nasal","child",0.0310506568477234,0.946115959990783
"1478","trajectory_group",1,3168,0.823481297352245,0.36423329848637,"Tier3_CD4_Undefined","CyTOF","Human betaherpesvirus 5 (CMV).nasal","child",-0.0155442202495125,0.562906006751663
"1479","sex",1,3168,0.611677582497033,0.434215318652865,"Tier3_CD4_Undefined","CyTOF","Human betaherpesvirus 5 (CMV).nasal","child",NA,0.527261458364193
"1480","discretized_admit_age_quantile",4,3168,0.528265903170397,0.714979696982022,"Tier3_CD4_Undefined","CyTOF","Human betaherpesvirus 5 (CMV).nasal","child",NA,0.775829032895385
"1481","virus_positive",1,3168,0.000517684018382096,0.981848994569463,"Tier3_CD4_Undefined","CyTOF","Human betaherpesvirus 5 (CMV).nasal","child",-0.00465135844156574,0.987875499483446
"1482","event_type",11,3168,0.450223866345723,0.933296737121546,"Tier3_CD4_Undefined","CyTOF","Human betaherpesvirus 5 (CMV).nasal","child",NA,0.933296737121546
"1483","(Intercept)",1,3168,0.782421154285142,0.376468812546716,"Tier3_CD8_Undefined","CyTOF","Human betaherpesvirus 5 (CMV).nasal","child",0.288676968839498,0.624840903730529
"1484","trajectory_group",1,3168,0.120137099249781,0.728908861543874,"Tier3_CD8_Undefined","CyTOF","Human betaherpesvirus 5 (CMV).nasal","child",-0.00601781598946246,0.79212787561867
"1485","sex",1,3168,2.80076134664253,0.0943182799271627,"Tier3_CD8_Undefined","CyTOF","Human betaherpesvirus 5 (CMV).nasal","child",NA,0.160341075876177
"1486","discretized_admit_age_quantile",4,3168,2.35353139670612,0.0517761860700703,"Tier3_CD8_Undefined","CyTOF","Human betaherpesvirus 5 (CMV).nasal","child",NA,0.0713671753938807
"1487","virus_positive",1,3168,0.118013017089774,0.731222400889937,"Tier3_CD8_Undefined","CyTOF","Human betaherpesvirus 5 (CMV).nasal","child",-0.0673151120501245,0.946795909671605
"1488","event_type",11,3168,2.22647848637181,0.0110310002691359,"Tier3_CD8_Undefined","CyTOF","Human betaherpesvirus 5 (CMV).nasal","child",NA,0.0144251541981009
"1489","(Intercept)",1,3168,0.00826581466698905,0.927564666657631,"Tier4_Treg_Undefined","CyTOF","Human betaherpesvirus 5 (CMV).nasal","child",-0.0306700625844147,0.946115959990783
"1490","trajectory_group",1,3168,0.352731863544424,0.552613151767963,"Tier4_Treg_Undefined","CyTOF","Human betaherpesvirus 5 (CMV).nasal","child",-0.0101580049814878,0.687396847321124
"1491","sex",1,3168,6.17055106681527,0.0130407254693858,"Tier4_Treg_Undefined","CyTOF","Human betaherpesvirus 5 (CMV).nasal","child",NA,0.0332538499469339
"1492","discretized_admit_age_quantile",4,3168,0.413140878519093,0.799299017656652,"Tier4_Treg_Undefined","CyTOF","Human betaherpesvirus 5 (CMV).nasal","child",NA,0.799299017656652
"1493","virus_positive",1,3168,0.0307692735415565,0.86076733785902,"Tier4_Treg_Undefined","CyTOF","Human betaherpesvirus 5 (CMV).nasal","child",-0.0358055261676894,0.962408254899543
"1494","event_type",11,3168,0.457360583765887,0.929503275298074,"Tier4_Treg_Undefined","CyTOF","Human betaherpesvirus 5 (CMV).nasal","child",NA,0.933296737121546
"1495","(Intercept)",1,3168,0.545071673944565,0.460393113947265,"Tier4_nonTreg_Undefined","CyTOF","Human betaherpesvirus 5 (CMV).nasal","child",0.242138185809967,0.710188655791191
"1496","trajectory_group",1,3168,1.16008875760336,0.281529143539421,"Tier4_nonTreg_Undefined","CyTOF","Human betaherpesvirus 5 (CMV).nasal","child",-0.0187982272870767,0.448687072515952
"1497","sex",1,3168,0.861865767821443,0.353287821918675,"Tier4_nonTreg_Undefined","CyTOF","Human betaherpesvirus 5 (CMV).nasal","child",NA,0.439455583362254
"1498","discretized_admit_age_quantile",4,3168,4.31429344599082,0.00175497448062734,"Tier4_nonTreg_Undefined","CyTOF","Human betaherpesvirus 5 (CMV).nasal","child",NA,0.00331495179674052
"1499","virus_positive",1,3168,3.42623562046048,0.0642612251086156,"Tier4_nonTreg_Undefined","CyTOF","Human betaherpesvirus 5 (CMV).nasal","child",0.364015423647361,0.299989711016376
"1500","event_type",11,3168,3.94335137164087,1.02529243335425e-05,"Tier4_nonTreg_Undefined","CyTOF","Human betaherpesvirus 5 (CMV).nasal","child",NA,1.9366634852247e-05
"1501","(Intercept)",1,3168,0.0206382398126189,0.885777974339389,"gd T Cell","CyTOF","Human betaherpesvirus 5 (CMV).nasal","child",-0.045474525782979,0.9411390977356
"1502","trajectory_group",1,3168,3.43757875492457,0.0638219048270892,"gd T Cell","CyTOF","Human betaherpesvirus 5 (CMV).nasal","child",-0.0311608995603822,0.135621547757564
"1503","sex",1,3168,0.0218744424858779,0.882431013785341,"gd T Cell","CyTOF","Human betaherpesvirus 5 (CMV).nasal","child",NA,0.89300414149214
"1504","discretized_admit_age_quantile",4,3168,9.06883121721624,2.78531569586349e-07,"gd T Cell","CyTOF","Human betaherpesvirus 5 (CMV).nasal","child",NA,9.47007336593586e-07
"1505","virus_positive",1,3168,0.0568702533796262,0.811528244490999,"gd T Cell","CyTOF","Human betaherpesvirus 5 (CMV).nasal","child",-0.0449698406324632,0.946795909671605
"1506","event_type",11,3168,2.06055901690243,0.0200028370534628,"gd T Cell","CyTOF","Human betaherpesvirus 5 (CMV).nasal","child",NA,0.0255036172431651
"1507","(Intercept)",1,3168,5.53347318912931,0.0187169047754716,"Basophil","CyTOF","Human betaherpesvirus 5 (CMV).nasal","child",-0.633427890266504,0.106062460394339
"1508","trajectory_group",1,3168,5.2448162159064,0.0220776831306344,"Basophil","CyTOF","Human betaherpesvirus 5 (CMV).nasal","child",-0.0327317759325476,0.0536172304601121
"1509","sex",1,3168,4.4223762025991,0.0355492960565537,"Basophil","CyTOF","Human betaherpesvirus 5 (CMV).nasal","child",NA,0.0755422541201765
"1510","discretized_admit_age_quantile",4,3168,0.962943343257717,0.42659554464427,"Basophil","CyTOF","Human betaherpesvirus 5 (CMV).nasal","child",NA,0.494463017655858
"1511","virus_positive",1,3168,7.65790228365848,0.00568524796000802,"Basophil","CyTOF","Human betaherpesvirus 5 (CMV).nasal","child",-0.448509017691268,0.0805282095972708
"1512","event_type",11,3168,117.960549368459,0,"Basophil","CyTOF","Human betaherpesvirus 5 (CMV).nasal","child",NA,0
"1513","(Intercept)",1,3168,2.10626302085793,0.146796185054226,"Eosinophil","CyTOF","Human betaherpesvirus 5 (CMV).nasal","child",-0.436196704776072,0.34030024717116
"1514","trajectory_group",1,3168,0.372242204111235,0.541828365045973,"Eosinophil","CyTOF","Human betaherpesvirus 5 (CMV).nasal","child",0.0097516113276415,0.687396847321124
"1515","sex",1,3168,4.58425126246013,0.0323431605589686,"Eosinophil","CyTOF","Human betaherpesvirus 5 (CMV).nasal","child",NA,0.0717174429785825
"1516","discretized_admit_age_quantile",4,3168,2.77776504512136,0.0255155373130653,"Eosinophil","CyTOF","Human betaherpesvirus 5 (CMV).nasal","child",NA,0.0406653875926979
"1517","virus_positive",1,3168,1.73701692871799,0.187612536544668,"Eosinophil","CyTOF","Human betaherpesvirus 5 (CMV).nasal","child",-0.238016417144982,0.503591545462003
"1518","event_type",11,3168,48.720765666219,0,"Eosinophil","CyTOF","Human betaherpesvirus 5 (CMV).nasal","child",NA,0
"1519","(Intercept)",1,3168,0.482408380735705,0.487384371621405,"Neutrophil (CD16hi)","CyTOF","Human betaherpesvirus 5 (CMV).nasal","child",0.212114542837281,0.710188655791191
"1520","trajectory_group",1,3168,41.2438113986897,1.5449019841185e-10,"Neutrophil (CD16hi)","CyTOF","Human betaherpesvirus 5 (CMV).nasal","child",0.104265060428173,8.75444457667148e-10
"1521","sex",1,3168,11.0544938424722,0.000894795341526367,"Neutrophil (CD16hi)","CyTOF","Human betaherpesvirus 5 (CMV).nasal","child",NA,0.00325961160127462
"1522","discretized_admit_age_quantile",4,3168,11.8583530410396,1.45583789468162e-09,"Neutrophil (CD16hi)","CyTOF","Human betaherpesvirus 5 (CMV).nasal","child",NA,6.74979387534207e-09
"1523","virus_positive",1,3168,4.04019686763751,0.0445132627745083,"Neutrophil (CD16hi)","CyTOF","Human betaherpesvirus 5 (CMV).nasal","child",0.369001213532898,0.25224182238888
"1524","event_type",11,3168,22.7171386746912,0,"Neutrophil (CD16hi)","CyTOF","Human betaherpesvirus 5 (CMV).nasal","child",NA,0
"1525","(Intercept)",1,3168,3.14042784861966,0.0764698670854631,"Neutrophil (CD16low)","CyTOF","Human betaherpesvirus 5 (CMV).nasal","child",-0.558088593256114,0.229409601256389
"1526","trajectory_group",1,3168,65.0367020070508,1.11022302462516e-15,"Neutrophil (CD16low)","CyTOF","Human betaherpesvirus 5 (CMV).nasal","child",0.13484658710461,1.88737914186277e-14
"1527","sex",1,3168,0.275817876784177,0.599492274688993,"Neutrophil (CD16low)","CyTOF","Human betaherpesvirus 5 (CMV).nasal","child",NA,0.694866045662242
"1528","discretized_admit_age_quantile",4,3168,2.07893651166585,0.0809426890189775,"Neutrophil (CD16low)","CyTOF","Human betaherpesvirus 5 (CMV).nasal","child",NA,0.105848131794047
"1529","virus_positive",1,3168,0.530055537475607,0.46663731795952,"Neutrophil (CD16low)","CyTOF","Human betaherpesvirus 5 (CMV).nasal","child",0.137974048664728,0.823185379405315
"1530","event_type",11,3168,17.788891096941,0,"Neutrophil (CD16low)","CyTOF","Human betaherpesvirus 5 (CMV).nasal","child",NA,0
"1531","(Intercept)",1,3168,0.390717230552969,0.531967654930923,"B Cell (CD11c+ CXCR5-)","CyTOF","Enterovirus.nasal","child",-0.205590953805448,0.733252713553435
"1532","trajectory_group",1,3168,6.04520377416381,0.0139972483684765,"B Cell (CD11c+ CXCR5-)","CyTOF","Enterovirus.nasal","child",0.042710022764706,0.0375715614101211
"1533","sex",1,3168,0.0344317582274204,0.85280329942158,"B Cell (CD11c+ CXCR5-)","CyTOF","Enterovirus.nasal","child",NA,0.91606729838943
"1534","discretized_admit_age_quantile",4,3168,15.4843984222751,1.50235379692276e-12,"B Cell (CD11c+ CXCR5-)","CyTOF","Enterovirus.nasal","child",NA,9.57750545538261e-12
"1535","virus_positive",1,3168,2.87960528123207,0.0898062394232074,"B Cell (CD11c+ CXCR5-)","CyTOF","Enterovirus.nasal","child",0.176957796209937,0.763353035097263
"1536","event_type",11,3168,2.00419322295305,0.0243658980568714,"B Cell (CD11c+ CXCR5-)","CyTOF","Enterovirus.nasal","child",NA,0.030308800021962
"1537","(Intercept)",1,3168,1.22800166330983,0.267880142575909,"B Cell (CD27+ non-switched memory)","CyTOF","Enterovirus.nasal","child",0.370184104886614,0.539479418895909
"1538","trajectory_group",1,3168,0.392585821572677,0.530988451537962,"B Cell (CD27+ non-switched memory)","CyTOF","Enterovirus.nasal","child",0.0111050383652382,0.700182548449387
"1539","sex",1,3168,3.67173193356915,0.055432544623649,"B Cell (CD27+ non-switched memory)","CyTOF","Enterovirus.nasal","child",NA,0.100966420564504
"1540","discretized_admit_age_quantile",4,3168,2.56163106575157,0.0366771708097564,"B Cell (CD27+ non-switched memory)","CyTOF","Enterovirus.nasal","child",NA,0.0534438774656451
"1541","virus_positive",1,3168,0.775477262812463,0.378594731674487,"B Cell (CD27+ non-switched memory)","CyTOF","Enterovirus.nasal","child",-0.0930093633903193,0.80871408043053
"1542","event_type",11,3168,0.880246457292371,0.559228093423108,"B Cell (CD27+ non-switched memory)","CyTOF","Enterovirus.nasal","child",NA,0.606821973714437
"1543","(Intercept)",1,3168,4.48973705681578,0.0341765345683021,"B Cell (CD27+ switched memory)","CyTOF","Enterovirus.nasal","child",0.703339352525962,0.134536372600018
"1544","trajectory_group",1,3168,0.167237284152845,0.682606526589984,"B Cell (CD27+ switched memory)","CyTOF","Enterovirus.nasal","child",0.00720987799322484,0.765541195699695
"1545","sex",1,3168,9.38330341616685,0.00220811575097379,"B Cell (CD27+ switched memory)","CyTOF","Enterovirus.nasal","child",NA,0.00703836895622897
"1546","discretized_admit_age_quantile",4,3168,9.418528185174,1.4455561736515e-07,"B Cell (CD27+ switched memory)","CyTOF","Enterovirus.nasal","child",NA,5.26595463258759e-07
"1547","virus_positive",1,3168,0.358417882083758,0.549429021460989,"B Cell (CD27+ switched memory)","CyTOF","Enterovirus.nasal","child",-0.0625635902742993,0.80871408043053
"1548","event_type",11,3168,2.84004829236308,0.00104975630390602,"B Cell (CD27+ switched memory)","CyTOF","Enterovirus.nasal","child",NA,0.00152964489997735
"1549","(Intercept)",1,3168,4.74728809247523,0.0294179661874003,"B Cell (CD71+ activated)","CyTOF","Enterovirus.nasal","child",0.671801813975492,0.134536372600018
"1550","trajectory_group",1,3168,1.30334217158584,0.253689922536655,"B Cell (CD71+ activated)","CyTOF","Enterovirus.nasal","child",0.0185386216573537,0.431272868312314
"1551","sex",1,3168,0.0111085729387683,0.91606729838943,"B Cell (CD71+ activated)","CyTOF","Enterovirus.nasal","child",NA,0.91606729838943
"1552","discretized_admit_age_quantile",4,3168,3.07783825066419,0.015311116298085,"B Cell (CD71+ activated)","CyTOF","Enterovirus.nasal","child",NA,0.0260288977067445
"1553","virus_positive",1,3168,4.03310519489907,0.0447004809828886,"B Cell (CD71+ activated)","CyTOF","Enterovirus.nasal","child",0.196491007803287,0.672445909461316
"1554","event_type",11,3168,3.87927656882869,1.35492121686731e-05,"B Cell (CD71+ activated)","CyTOF","Enterovirus.nasal","child",NA,2.38279248483562e-05
"1555","(Intercept)",1,3168,0.467331760271922,0.4942672468123,"B Cell (Plasmablast)","CyTOF","Enterovirus.nasal","child",0.200976237448661,0.733252713553435
"1556","trajectory_group",1,3168,7.17623771277402,0.00742572247953976,"B Cell (Plasmablast)","CyTOF","Enterovirus.nasal","child",0.0417392235670254,0.0210395470253627
"1557","sex",1,3168,3.85849849831034,0.0495819000855352,"B Cell (Plasmablast)","CyTOF","Enterovirus.nasal","child",NA,0.0936547001615665
"1558","discretized_admit_age_quantile",4,3168,2.00541085957592,0.0910655068324284,"B Cell (Plasmablast)","CyTOF","Enterovirus.nasal","child",NA,0.116108521211346
"1559","virus_positive",1,3168,0.471364554091072,0.492410326074778,"B Cell (Plasmablast)","CyTOF","Enterovirus.nasal","child",-0.0638807859021191,0.80871408043053
"1560","event_type",11,3168,79.7192000476427,0,"B Cell (Plasmablast)","CyTOF","Enterovirus.nasal","child",NA,0
"1561","(Intercept)",1,3168,4.43900130834403,0.0352052128830218,"B Cell (naive)","CyTOF","Enterovirus.nasal","child",0.66926399982062,0.134536372600018
"1562","trajectory_group",1,3168,13.2559075867087,0.000276068172870403,"B Cell (naive)","CyTOF","Enterovirus.nasal","child",0.0614303790220028,0.00100567691545647
"1563","sex",1,3168,2.1940136900091,0.138647316910152,"B Cell (naive)","CyTOF","Enterovirus.nasal","child",NA,0.219137136583784
"1564","discretized_admit_age_quantile",4,3168,29.1287678724046,0,"B Cell (naive)","CyTOF","Enterovirus.nasal","child",NA,0
"1565","virus_positive",1,3168,5.02589231835926,0.0250400049945592,"B Cell (naive)","CyTOF","Enterovirus.nasal","child",-0.224589541235442,0.672445909461316
"1566","event_type",11,3168,17.7413013894906,0,"B Cell (naive)","CyTOF","Enterovirus.nasal","child",NA,0
"1567","(Intercept)",1,3168,8.90643786406799,0.00286338384853169,"B Cell (transitional)","CyTOF","Enterovirus.nasal","child",0.956343011904125,0.0486775254250387
"1568","trajectory_group",1,3168,0.316031039924197,0.574042436657208,"B Cell (transitional)","CyTOF","Enterovirus.nasal","child",0.00956886616712171,0.700182548449387
"1569","sex",1,3168,12.350221210315,0.000447107777810318,"B Cell (transitional)","CyTOF","Enterovirus.nasal","child",NA,0.00175403820525586
"1570","discretized_admit_age_quantile",4,3168,26.2880064356513,0,"B Cell (transitional)","CyTOF","Enterovirus.nasal","child",NA,0
"1571","virus_positive",1,3168,0.33386459540132,0.563433351602882,"B Cell (transitional)","CyTOF","Enterovirus.nasal","child",-0.0583246345333938,0.80871408043053
"1572","event_type",11,3168,8.92948315727648,6.66133814775094e-16,"B Cell (transitional)","CyTOF","Enterovirus.nasal","child",NA,1.47707932841434e-15
"1573","(Intercept)",1,3168,1.19190464419758,0.275028723358699,"CD4+ NKT Cell","CyTOF","Enterovirus.nasal","child",-0.363798399331326,0.539479418895909
"1574","trajectory_group",1,3168,0.65522455348244,0.418311725972163,"CD4+ NKT Cell","CyTOF","Enterovirus.nasal","child",-0.0140968098465616,0.609539943559437
"1575","sex",1,3168,7.54923385012032,0.00603754124936084,"CD4+ NKT Cell","CyTOF","Enterovirus.nasal","child",NA,0.0171063668731891
"1576","discretized_admit_age_quantile",4,3168,5.46308077961314,0.000221251154028712,"CD4+ NKT Cell","CyTOF","Enterovirus.nasal","child",NA,0.000470158702311013
"1577","virus_positive",1,3168,1.34300374161659,0.246592291639184,"CD4+ NKT Cell","CyTOF","Enterovirus.nasal","child",-0.122722198031641,0.80871408043053
"1578","event_type",11,3168,1.00292135818029,0.440870040988764,"CD4+ NKT Cell","CyTOF","Enterovirus.nasal","child",NA,0.488790697617977
"1579","(Intercept)",1,3168,0.102948276907484,0.748341032037707,"CD4+ T Cell (CM)","CyTOF","Enterovirus.nasal","child",0.10220263132593,0.866274051167307
"1580","trajectory_group",1,3168,57.8962705161528,3.61932706027801e-14,"CD4+ T Cell (CM)","CyTOF","Enterovirus.nasal","child",-0.128305557333037,3.89555054880475e-13
"1581","sex",1,3168,29.2379072638019,6.87645990149477e-08,"CD4+ T Cell (CM)","CyTOF","Enterovirus.nasal","child",NA,5.00999221394619e-07
"1582","discretized_admit_age_quantile",4,3168,5.36323021391189,0.000265305428948315,"CD4+ T Cell (CM)","CyTOF","Enterovirus.nasal","child",NA,0.000541223075054562
"1583","virus_positive",1,3168,0.00289163450013784,0.957118678656587,"CD4+ T Cell (CM)","CyTOF","Enterovirus.nasal","child",0.00535360861313499,0.978844565923331
"1584","event_type",11,3168,8.97196393469181,6.66133814775094e-16,"CD4+ T Cell (CM)","CyTOF","Enterovirus.nasal","child",NA,1.47707932841434e-15
"1585","(Intercept)",1,3168,1.08364011400528,0.297964098216084,"CD4+ T Cell (EM CD27hi)","CyTOF","Enterovirus.nasal","child",0.293362014249323,0.562821074408159
"1586","trajectory_group",1,3168,93.2969778699512,0,"CD4+ T Cell (EM CD27hi)","CyTOF","Enterovirus.nasal","child",-0.144053803288892,0
"1587","sex",1,3168,40.1407359853423,2.69740674241348e-10,"CD4+ T Cell (EM CD27hi)","CyTOF","Enterovirus.nasal","child",NA,3.43919359657718e-09
"1588","discretized_admit_age_quantile",4,3168,15.9303877021738,6.43707309677666e-13,"CD4+ T Cell (EM CD27hi)","CyTOF","Enterovirus.nasal","child",NA,5.47151213226016e-12
"1589","virus_positive",1,3168,0.88613794365263,0.346597812266422,"CD4+ T Cell (EM CD27hi)","CyTOF","Enterovirus.nasal","child",-0.0828753731585051,0.80871408043053
"1590","event_type",11,3168,62.2160469791793,0,"CD4+ T Cell (EM CD27hi)","CyTOF","Enterovirus.nasal","child",NA,0
"1591","(Intercept)",1,3168,1.36679339468707,0.242451545593138,"CD4+ T Cell (EM CD27low)","CyTOF","Enterovirus.nasal","child",-0.357171688309324,0.515209534385418
"1592","trajectory_group",1,3168,57.7893260738932,3.81916720471054e-14,"CD4+ T Cell (EM CD27low)","CyTOF","Enterovirus.nasal","child",-0.122544011106349,3.89555054880475e-13
"1593","sex",1,3168,12.5112120828229,0.000410320106887463,"CD4+ T Cell (EM CD27low)","CyTOF","Enterovirus.nasal","child",NA,0.00174386045427172
"1594","discretized_admit_age_quantile",4,3168,2.32808582196087,0.0539871100630445,"CD4+ T Cell (EM CD27low)","CyTOF","Enterovirus.nasal","child",NA,0.0724563845582965
"1595","virus_positive",1,3168,0.186555029857053,0.66582883134328,"CD4+ T Cell (EM CD27low)","CyTOF","Enterovirus.nasal","child",0.0410548758327167,0.848931759962681
"1596","event_type",11,3168,38.0900488850506,0,"CD4+ T Cell (EM CD27low)","CyTOF","Enterovirus.nasal","child",NA,0
"1597","(Intercept)",1,3168,4.35724616130997,0.0369315532627501,"CD4+ T Cell (EM CD57hi)","CyTOF","Enterovirus.nasal","child",-0.690800294098495,0.134536372600018
"1598","trajectory_group",1,3168,0.00577744478127457,0.939416336007689,"CD4+ T Cell (EM CD57hi)","CyTOF","Enterovirus.nasal","child",-0.00133169258825238,0.939416336007689
"1599","sex",1,3168,13.1851354944443,0.000286646312067096,"CD4+ T Cell (EM CD57hi)","CyTOF","Enterovirus.nasal","child",NA,0.00132899653776563
"1600","discretized_admit_age_quantile",4,3168,13.5437508946258,5.98294747078398e-11,"CD4+ T Cell (EM CD57hi)","CyTOF","Enterovirus.nasal","child",NA,3.39033690011092e-10
"1601","virus_positive",1,3168,0.86419262571981,0.352638896095472,"CD4+ T Cell (EM CD57hi)","CyTOF","Enterovirus.nasal","child",0.0961629707334924,0.80871408043053
"1602","event_type",11,3168,3.55371694028638,5.49406485046422e-05,"CD4+ T Cell (EM CD57hi)","CyTOF","Enterovirus.nasal","child",NA,8.49082749617198e-05
"1603","(Intercept)",1,3168,3.78819752447734,0.051703497752607,"CD4+ T Cell (EMRA CD57hi)","CyTOF","Enterovirus.nasal","child",-0.64822666288143,0.164804899086435
"1604","trajectory_group",1,3168,1.01727263907951,0.313243849002124,"CD4+ T Cell (EMRA CD57hi)","CyTOF","Enterovirus.nasal","child",-0.0178070424424313,0.499834295596394
"1605","sex",1,3168,0.0544990350811334,0.815426853507331,"CD4+ T Cell (EMRA CD57hi)","CyTOF","Enterovirus.nasal","child",NA,0.904060207149432
"1606","discretized_admit_age_quantile",4,3168,8.77740254187651,4.80740921293688e-07,"CD4+ T Cell (EMRA CD57hi)","CyTOF","Enterovirus.nasal","child",NA,1.53236168662363e-06
"1607","virus_positive",1,3168,1.7055725591807,0.191655635887802,"CD4+ T Cell (EMRA CD57hi)","CyTOF","Enterovirus.nasal","child",0.137634932215028,0.80871408043053
"1608","event_type",11,3168,1.21717440392773,0.269236121301099,"CD4+ T Cell (EMRA CD57hi)","CyTOF","Enterovirus.nasal","child",NA,0.305134270807912
"1609","(Intercept)",1,3168,0.801255626894121,0.370786226588561,"CD4+ T Cell (EMRA CD57low)","CyTOF","Enterovirus.nasal","child",-0.299398229191077,0.639804345985252
"1610","trajectory_group",1,3168,0.66089987255881,0.416303523291753,"CD4+ T Cell (EMRA CD57low)","CyTOF","Enterovirus.nasal","child",-0.0144252248925452,0.609539943559437
"1611","sex",1,3168,2.15945084901663,0.141794617789507,"CD4+ T Cell (EMRA CD57low)","CyTOF","Enterovirus.nasal","child",NA,0.219137136583784
"1612","discretized_admit_age_quantile",4,3168,7.05205096198427,1.19474942439357e-05,"CD4+ T Cell (EMRA CD57low)","CyTOF","Enterovirus.nasal","child",NA,3.20695898126695e-05
"1613","virus_positive",1,3168,0.360701914109735,0.548159630482113,"CD4+ T Cell (EMRA CD57low)","CyTOF","Enterovirus.nasal","child",0.0635201258219455,0.80871408043053
"1614","event_type",11,3168,0.632716523069939,0.802142917076928,"CD4+ T Cell (EMRA CD57low)","CyTOF","Enterovirus.nasal","child",NA,0.834883444304558
"1615","(Intercept)",1,3168,5.19924582291214,0.0226628491949513,"CD4+ T Cell (activated)","CyTOF","Enterovirus.nasal","child",0.697458115766547,0.126879829754841
"1616","trajectory_group",1,3168,12.4965276652816,0.00041354503079627,"CD4+ T Cell (activated)","CyTOF","Enterovirus.nasal","child",0.0564698489508465,0.00140605310470732
"1617","sex",1,3168,0.0155113421205447,0.900892039753295,"CD4+ T Cell (activated)","CyTOF","Enterovirus.nasal","child",NA,0.91606729838943
"1618","discretized_admit_age_quantile",4,3168,7.65737269003584,3.88594330336112e-06,"CD4+ T Cell (activated)","CyTOF","Enterovirus.nasal","child",NA,1.10101726928565e-05
"1619","virus_positive",1,3168,2.93880414349079,0.0865725436480582,"CD4+ T Cell (activated)","CyTOF","Enterovirus.nasal","child",0.161171281315131,0.763353035097263
"1620","event_type",11,3168,38.1605282991821,0,"CD4+ T Cell (activated)","CyTOF","Enterovirus.nasal","child",NA,0
"1621","(Intercept)",1,3168,2.12332392645095,0.145170508770725,"CD4+ T Cell (naive)","CyTOF","Enterovirus.nasal","child",0.471646459323487,0.349292913539305
"1622","trajectory_group",1,3168,14.5225070370334,0.000141127442764621,"CD4+ T Cell (naive)","CyTOF","Enterovirus.nasal","child",-0.0655151146026792,0.000553653813922745
"1623","sex",1,3168,31.5212044858183,2.14299360479231e-08,"CD4+ T Cell (naive)","CyTOF","Enterovirus.nasal","child",NA,1.82154456407346e-07
"1624","discretized_admit_age_quantile",4,3168,11.0789705595649,6.34662811194175e-09,"CD4+ T Cell (naive)","CyTOF","Enterovirus.nasal","child",NA,2.69731694757525e-08
"1625","virus_positive",1,3168,0.5689594685844,0.450728754740862,"CD4+ T Cell (naive)","CyTOF","Enterovirus.nasal","child",0.0768701824354506,0.80871408043053
"1626","event_type",11,3168,3.82354888897578,1.72524268676755e-05,"CD4+ T Cell (naive)","CyTOF","Enterovirus.nasal","child",NA,2.93291256750483e-05
"1627","(Intercept)",1,3168,0.0770562078278062,0.781345222621493,"CD4+ Treg (CD39hi)","CyTOF","Enterovirus.nasal","child",-0.0901422205472488,0.866274051167307
"1628","trajectory_group",1,3168,4.71908070205099,0.0299036040024012,"CD4+ Treg (CD39hi)","CyTOF","Enterovirus.nasal","child",-0.0371318655703192,0.0663079914835853
"1629","sex",1,3168,5.1076065481657,0.0238887922942921,"CD4+ Treg (CD39hi)","CyTOF","Enterovirus.nasal","child",NA,0.0553785639549498
"1630","discretized_admit_age_quantile",4,3168,8.31362886978748,1.14398131723092e-06,"CD4+ Treg (CD39hi)","CyTOF","Enterovirus.nasal","child",NA,3.43194395169277e-06
"1631","virus_positive",1,3168,0.74997604207984,0.386549395084112,"CD4+ Treg (CD39hi)","CyTOF","Enterovirus.nasal","child",-0.0872297374057368,0.80871408043053
"1632","event_type",11,3168,2.96330289566174,0.000639507867505995,"CD4+ Treg (CD39hi)","CyTOF","Enterovirus.nasal","child",NA,0.000959261801258993
"1633","(Intercept)",1,3168,0.156964857696964,0.691993093382123,"CD4+ Treg (CD39low)","CyTOF","Enterovirus.nasal","child",-0.131412330301278,0.855501917032447
"1634","trajectory_group",1,3168,2.48355826583445,0.11514157150567,"CD4+ Treg (CD39low)","CyTOF","Enterovirus.nasal","child",-0.0277333719059179,0.225854621030353
"1635","sex",1,3168,1.86290837838096,0.172386432222872,"CD4+ Treg (CD39low)","CyTOF","Enterovirus.nasal","child",NA,0.258579648334308
"1636","discretized_admit_age_quantile",4,3168,0.453957329029124,0.769575393478474,"CD4+ Treg (CD39low)","CyTOF","Enterovirus.nasal","child",NA,0.784966901348043
"1637","virus_positive",1,3168,0.570801824710388,0.449996635713588,"CD4+ Treg (CD39low)","CyTOF","Enterovirus.nasal","child",-0.0792329746704599,0.80871408043053
"1638","event_type",11,3168,5.43126232590379,1.26583192816554e-08,"CD4+ Treg (CD39low)","CyTOF","Enterovirus.nasal","child",NA,2.4829780129401e-08
"1639","(Intercept)",1,3168,0.143827142254058,0.70453099049731,"CD4+ Treg (naive)","CyTOF","Enterovirus.nasal","child",0.121818221808232,0.855501917032447
"1640","trajectory_group",1,3168,0.012775467916753,0.910015030226049,"CD4+ Treg (naive)","CyTOF","Enterovirus.nasal","child",-0.00191481215158319,0.92821533083057
"1641","sex",1,3168,35.0799916225018,3.50360529477456e-09,"CD4+ Treg (naive)","CyTOF","Enterovirus.nasal","child",NA,3.57367740067005e-08
"1642","discretized_admit_age_quantile",4,3168,2.56895964530159,0.0362314136223929,"CD4+ Treg (naive)","CyTOF","Enterovirus.nasal","child",NA,0.0534438774656451
"1643","virus_positive",1,3168,0.0097306537767483,0.921427113697199,"CD4+ Treg (naive)","CyTOF","Enterovirus.nasal","child",-0.0100506607948959,0.978844565923331
"1644","event_type",11,3168,26.1026848407829,0,"CD4+ Treg (naive)","CyTOF","Enterovirus.nasal","child",NA,0
"1645","(Intercept)",1,3168,0.169890622590767,0.680236920902772,"CD8+ NKT Cell","CyTOF","Enterovirus.nasal","child",-0.134608200155123,0.855501917032447
"1646","trajectory_group",1,3168,26.2594237043644,3.16377547493474e-07,"CD8+ NKT Cell","CyTOF","Enterovirus.nasal","child",-0.0888864392597963,1.46684135656065e-06
"1647","sex",1,3168,1.21643458832718,0.270145276715766,"CD8+ NKT Cell","CyTOF","Enterovirus.nasal","child",NA,0.362563397697475
"1648","discretized_admit_age_quantile",4,3168,2.63526574980233,0.0324286607975581,"CD8+ NKT Cell","CyTOF","Enterovirus.nasal","child",NA,0.0501170212325898
"1649","virus_positive",1,3168,0.213329258268152,0.6442021006144,"CD8+ NKT Cell","CyTOF","Enterovirus.nasal","child",-0.0475832065310164,0.842418131572677
"1650","event_type",11,3168,3.80841568411793,1.84199019377385e-05,"CD8+ NKT Cell","CyTOF","Enterovirus.nasal","child",NA,3.03037096395052e-05
"1651","(Intercept)",1,3168,7.44320444675081,0.00640277778592258,"CD8+ T Cell (CD161+ MAIT)","CyTOF","Enterovirus.nasal","child",0.818225719268101,0.0758769144383951
"1652","trajectory_group",1,3168,46.062978670263,1.36137767725586e-11,"CD8+ T Cell (CD161+ MAIT)","CyTOF","Enterovirus.nasal","child",-0.106476433595027,9.47891348745955e-11
"1653","sex",1,3168,8.982209006285,0.00274736520729846,"CD8+ T Cell (CD161+ MAIT)","CyTOF","Enterovirus.nasal","child",NA,0.00824209562189537
"1654","discretized_admit_age_quantile",4,3168,82.5494370195061,0,"CD8+ T Cell (CD161+ MAIT)","CyTOF","Enterovirus.nasal","child",NA,0
"1655","virus_positive",1,3168,0.149619735932479,0.698924997121269,"CD8+ T Cell (CD161+ MAIT)","CyTOF","Enterovirus.nasal","child",-0.0368614609958641,0.852776703563808
"1656","event_type",11,3168,11.623903703765,0,"CD8+ T Cell (CD161+ MAIT)","CyTOF","Enterovirus.nasal","child",NA,0
"1657","(Intercept)",1,3168,0.0816944196752396,0.775032870765765,"CD8+ T Cell (CM)","CyTOF","Enterovirus.nasal","child",-0.0911434634734885,0.866274051167307
"1658","trajectory_group",1,3168,18.2456722638287,1.99877373585622e-05,"CD8+ T Cell (CM)","CyTOF","Enterovirus.nasal","child",-0.0721568056460341,8.49478837738893e-05
"1659","sex",1,3168,0.946909151301969,0.330581588120811,"CD8+ T Cell (CM)","CyTOF","Enterovirus.nasal","child",NA,0.421491524854034
"1660","discretized_admit_age_quantile",4,3168,4.85919404446999,0.000660654063951882,"CD8+ T Cell (CM)","CyTOF","Enterovirus.nasal","child",NA,0.00129589835621331
"1661","virus_positive",1,3168,2.02216274556429,0.155116655501086,"CD8+ T Cell (CM)","CyTOF","Enterovirus.nasal","child",-0.143560294457885,0.80871408043053
"1662","event_type",11,3168,16.0249963742556,0,"CD8+ T Cell (CM)","CyTOF","Enterovirus.nasal","child",NA,0
"1663","(Intercept)",1,3168,0.161246053030453,0.688038972829096,"CD8+ T Cell (EM CD27hi)","CyTOF","Enterovirus.nasal","child",-0.12424018191344,0.855501917032447
"1664","trajectory_group",1,3168,45.8876972492979,1.48688839018973e-11,"CD8+ T Cell (EM CD27hi)","CyTOF","Enterovirus.nasal","child",-0.111300122141307,9.47891348745955e-11
"1665","sex",1,3168,15.4843576526793,8.49772392270687e-05,"CD8+ T Cell (EM CD27hi)","CyTOF","Enterovirus.nasal","child",NA,0.000481537688953389
"1666","discretized_admit_age_quantile",4,3168,6.24230128670612,5.32039639579152e-05,"CD8+ T Cell (EM CD27hi)","CyTOF","Enterovirus.nasal","child",NA,0.000135670108092684
"1667","virus_positive",1,3168,3.75492694803095,0.0527408556440248,"CD8+ T Cell (EM CD27hi)","CyTOF","Enterovirus.nasal","child",-0.188588807322081,0.672445909461316
"1668","event_type",11,3168,30.4932459004644,0,"CD8+ T Cell (EM CD27hi)","CyTOF","Enterovirus.nasal","child",NA,0
"1669","(Intercept)",1,3168,2.80338600718699,0.0941641724856536,"CD8+ T Cell (EM CD27low)","CyTOF","Enterovirus.nasal","child",0.55903848027115,0.266798488709352
"1670","trajectory_group",1,3168,0.172613802689859,0.67782734705111,"CD8+ T Cell (EM CD27low)","CyTOF","Enterovirus.nasal","child",-0.00735650250991518,0.765541195699695
"1671","sex",1,3168,3.18179980787622,0.0745583626965822,"CD8+ T Cell (EM CD27low)","CyTOF","Enterovirus.nasal","child",NA,0.131119879225024
"1672","discretized_admit_age_quantile",4,3168,0.478661895335911,0.75144898790196,"CD8+ T Cell (EM CD27low)","CyTOF","Enterovirus.nasal","child",NA,0.784966901348043
"1673","virus_positive",1,3168,0.895789916322916,0.343985286655409,"CD8+ T Cell (EM CD27low)","CyTOF","Enterovirus.nasal","child",-0.0999626334115494,0.80871408043053
"1674","event_type",11,3168,1.24588348095838,0.250357117076253,"CD8+ T Cell (EM CD27low)","CyTOF","Enterovirus.nasal","child",NA,0.290186658429293
"1675","(Intercept)",1,3168,0.00124042417817078,0.971906807495568,"CD8+ T Cell (EM CD57hi)","CyTOF","Enterovirus.nasal","child",0.011304605308948,0.971906807495568
"1676","trajectory_group",1,3168,0.298298249633764,0.584989696346777,"CD8+ T Cell (EM CD57hi)","CyTOF","Enterovirus.nasal","child",0.00930962581879213,0.700182548449387
"1677","sex",1,3168,13.4025782888771,0.000255381949191613,"CD8+ T Cell (EM CD57hi)","CyTOF","Enterovirus.nasal","child",NA,0.00130244794087723
"1678","discretized_admit_age_quantile",4,3168,3.28933000378799,0.0106382762337849,"CD8+ T Cell (EM CD57hi)","CyTOF","Enterovirus.nasal","child",NA,0.018708692687001
"1679","virus_positive",1,3168,0.0287377663997453,0.865396758450336,"CD8+ T Cell (EM CD57hi)","CyTOF","Enterovirus.nasal","child",0.0171167257356048,0.957695220886333
"1680","event_type",11,3168,14.9056816560552,0,"CD8+ T Cell (EM CD57hi)","CyTOF","Enterovirus.nasal","child",NA,0
"1681","(Intercept)",1,3168,4.14248914961964,0.0419027027907348,"CD8+ T Cell (EMRA CD57hi)","CyTOF","Enterovirus.nasal","child",-0.659515992511023,0.142469189488498
"1682","trajectory_group",1,3168,1.35363154062666,0.244731869227378,"CD8+ T Cell (EMRA CD57hi)","CyTOF","Enterovirus.nasal","child",-0.0200216144904318,0.430390528641251
"1683","sex",1,3168,0.0656540958345041,0.797789455425581,"CD8+ T Cell (EMRA CD57hi)","CyTOF","Enterovirus.nasal","child",NA,0.904060207149432
"1684","discretized_admit_age_quantile",4,3168,6.15553848982414,6.2393869353472e-05,"CD8+ T Cell (EMRA CD57hi)","CyTOF","Enterovirus.nasal","child",NA,0.000151527968429861
"1685","virus_positive",1,3168,1.07661678867104,0.299534826723803,"CD8+ T Cell (EMRA CD57hi)","CyTOF","Enterovirus.nasal","child",0.106117122284397,0.80871408043053
"1686","event_type",11,3168,16.2473440361146,0,"CD8+ T Cell (EMRA CD57hi)","CyTOF","Enterovirus.nasal","child",NA,0
"1687","(Intercept)",1,3168,2.43237174716121,0.118952836377534,"CD8+ T Cell (EMRA CD57low)","CyTOF","Enterovirus.nasal","child",-0.500503881884165,0.319294455539697
"1688","trajectory_group",1,3168,2.32279234784114,0.127590795067632,"CD8+ T Cell (EMRA CD57low)","CyTOF","Enterovirus.nasal","child",-0.0259572202001348,0.24100483512775
"1689","sex",1,3168,25.9676854335418,3.67524579214518e-07,"CD8+ T Cell (EMRA CD57low)","CyTOF","Enterovirus.nasal","child",NA,2.34296919249255e-06
"1690","discretized_admit_age_quantile",4,3168,13.1778094253695,1.19735998893589e-10,"CD8+ T Cell (EMRA CD57low)","CyTOF","Enterovirus.nasal","child",NA,6.10653594357302e-10
"1691","virus_positive",1,3168,0.364439159041628,0.546094338698199,"CD8+ T Cell (EMRA CD57low)","CyTOF","Enterovirus.nasal","child",0.0608293741797368,0.80871408043053
"1692","event_type",11,3168,12.7517853780211,0,"CD8+ T Cell (EMRA CD57low)","CyTOF","Enterovirus.nasal","child",NA,0
"1693","(Intercept)",1,3168,6.45804355859874,0.0110924113594284,"CD8+ T Cell (activated)","CyTOF","Enterovirus.nasal","child",0.817711457406028,0.0942854965551414
"1694","trajectory_group",1,3168,0.158586432271452,0.690488137297764,"CD8+ T Cell (activated)","CyTOF","Enterovirus.nasal","child",0.00679002575782672,0.765541195699695
"1695","sex",1,3168,2.17289959416195,0.140560529578565,"CD8+ T Cell (activated)","CyTOF","Enterovirus.nasal","child",NA,0.219137136583784
"1696","discretized_admit_age_quantile",4,3168,4.18679249720251,0.00220210222086692,"CD8+ T Cell (activated)","CyTOF","Enterovirus.nasal","child",NA,0.00401097190229332
"1697","virus_positive",1,3168,3.92590840488605,0.0476338154769598,"CD8+ T Cell (activated)","CyTOF","Enterovirus.nasal","child",0.201806052176219,0.672445909461316
"1698","event_type",11,3168,25.6063343927761,0,"CD8+ T Cell (activated)","CyTOF","Enterovirus.nasal","child",NA,0
"1699","(Intercept)",1,3168,43.430485706767,5.12553333109622e-11,"CD8+ T Cell (naive)","CyTOF","Enterovirus.nasal","child",1.71091056994102,2.61402199885907e-09
"1700","trajectory_group",1,3168,51.1516822130178,1.05715436404807e-12,"CD8+ T Cell (naive)","CyTOF","Enterovirus.nasal","child",-0.0986011719558874,8.98581209440863e-12
"1701","sex",1,3168,83.0218908431079,0,"CD8+ T Cell (naive)","CyTOF","Enterovirus.nasal","child",NA,0
"1702","discretized_admit_age_quantile",4,3168,336.334669570711,0,"CD8+ T Cell (naive)","CyTOF","Enterovirus.nasal","child",NA,0
"1703","virus_positive",1,3168,0.801198298397187,0.370803340584815,"CD8+ T Cell (naive)","CyTOF","Enterovirus.nasal","child",-0.0733599784666351,0.80871408043053
"1704","event_type",11,3168,1.75557560960367,0.056248303203092,"CD8+ T Cell (naive)","CyTOF","Enterovirus.nasal","child",NA,0.068301511032326
"1705","(Intercept)",1,3168,5.49688008534367,0.0191118731460959,"Conventional DC","CyTOF","Enterovirus.nasal","child",-0.764397545948502,0.126879829754841
"1706","trajectory_group",1,3168,2.1044549555804,0.146969669900904,"Conventional DC","CyTOF","Enterovirus.nasal","child",-0.0251209267073653,0.267694755890932
"1707","sex",1,3168,4.13895799917729,0.0419900825320014,"Conventional DC","CyTOF","Enterovirus.nasal","child",NA,0.0823651618896951
"1708","discretized_admit_age_quantile",4,3168,0.951857899287297,0.43284793013192,"Conventional DC","CyTOF","Enterovirus.nasal","child",NA,0.490560987482842
"1709","virus_positive",1,3168,1.16426644708405,0.280664615540883,"Conventional DC","CyTOF","Enterovirus.nasal","child",-0.110750426269169,0.80871408043053
"1710","event_type",11,3168,3.77686502408172,2.11102014819886e-05,"Conventional DC","CyTOF","Enterovirus.nasal","child",NA,3.36443836119193e-05
"1711","(Intercept)",1,3168,2.27640087171554,0.131456105687921,"Hematopoetic progenitor Cell","CyTOF","Enterovirus.nasal","child",-0.493374382069778,0.335213069504199
"1712","trajectory_group",1,3168,27.4438512600092,1.72298157297135e-07,"Hematopoetic progenitor Cell","CyTOF","Enterovirus.nasal","child",0.0909742267424241,8.78720602215388e-07
"1713","sex",1,3168,4.31628956803923,0.0378295165205922,"Hematopoetic progenitor Cell","CyTOF","Enterovirus.nasal","child",NA,0.0783721635800177
"1714","discretized_admit_age_quantile",4,3168,2.98120629466806,0.0180626410551192,"Hematopoetic progenitor Cell","CyTOF","Enterovirus.nasal","child",NA,0.0297159578648736
"1715","virus_positive",1,3168,0.528939092070942,0.467106969689558,"Hematopoetic progenitor Cell","CyTOF","Enterovirus.nasal","child",0.0750671620697643,0.80871408043053
"1716","event_type",11,3168,7.88735654810034,1.14575016141316e-13,"Hematopoetic progenitor Cell","CyTOF","Enterovirus.nasal","child",NA,2.33733032928285e-13
"1717","(Intercept)",1,3168,0.356331000001106,0.550593655719082,"ILC","CyTOF","Enterovirus.nasal","child",-0.193584116793842,0.738954643201926
"1718","trajectory_group",1,3168,0.482241312475162,0.487459766063892,"ILC","CyTOF","Enterovirus.nasal","child",0.0119463757056394,0.671904001871851
"1719","sex",1,3168,1.4025635611784,0.236383662814903,"ILC","CyTOF","Enterovirus.nasal","child",NA,0.334876855654446
"1720","discretized_admit_age_quantile",4,3168,1.20338125738485,0.307203201318495,"ILC","CyTOF","Enterovirus.nasal","child",NA,0.364357285284726
"1721","virus_positive",1,3168,1.38887636199185,0.238683456945219,"ILC","CyTOF","Enterovirus.nasal","child",0.119879054253289,0.80871408043053
"1722","event_type",11,3168,2.3220720898919,0.00775910890630493,"ILC","CyTOF","Enterovirus.nasal","child",NA,0.0104135409005671
"1723","(Intercept)",1,3168,7.17304635446967,0.00743891318023482,"Monocytes (CD14+CD16+)","CyTOF","Enterovirus.nasal","child",-0.872233583419567,0.0758769144383951
"1724","trajectory_group",1,3168,8.88375572335327,0.00289907326710948,"Monocytes (CD14+CD16+)","CyTOF","Enterovirus.nasal","child",-0.0515610656117641,0.00869721980132843
"1725","sex",1,3168,5.57752641401958,0.0182525827283799,"Monocytes (CD14+CD16+)","CyTOF","Enterovirus.nasal","child",NA,0.0443277009117798
"1726","discretized_admit_age_quantile",4,3168,9.75389735789882,7.69983004023089e-08,"Monocytes (CD14+CD16+)","CyTOF","Enterovirus.nasal","child",NA,3.02070255424443e-07
"1727","virus_positive",1,3168,0.0435420296751122,0.834721407085733,"Monocytes (CD14+CD16+)","CyTOF","Enterovirus.nasal","child",0.02141653361634,0.946017594697164
"1728","event_type",11,3168,8.75381896652133,1.77635683940025e-15,"Monocytes (CD14+CD16+)","CyTOF","Enterovirus.nasal","child",NA,3.77475828372553e-15
"1729","(Intercept)",1,3168,1.63944739515969,0.200495043250647,"Monocytes (CD14+CD16-)","CyTOF","Enterovirus.nasal","child",-0.360382058906762,0.444575965468825
"1730","trajectory_group",1,3168,169.706566185663,0,"Monocytes (CD14+CD16-)","CyTOF","Enterovirus.nasal","child",0.194709175752941,0
"1731","sex",1,3168,86.4236132048902,0,"Monocytes (CD14+CD16-)","CyTOF","Enterovirus.nasal","child",NA,0
"1732","discretized_admit_age_quantile",4,3168,15.5011761276524,1.45528034067866e-12,"Monocytes (CD14+CD16-)","CyTOF","Enterovirus.nasal","child",NA,9.57750545538261e-12
"1733","virus_positive",1,3168,0.000703289512988666,0.978844565923331,"Monocytes (CD14+CD16-)","CyTOF","Enterovirus.nasal","child",0.00235634684772047,0.978844565923331
"1734","event_type",11,3168,49.110365990418,0,"Monocytes (CD14+CD16-)","CyTOF","Enterovirus.nasal","child",NA,0
"1735","(Intercept)",1,3168,15.0789518094677,0.00010521152116183,"Monocytes (CD14-CD16+)","CyTOF","Enterovirus.nasal","child",-1.08383537267037,0.00268289378962666
"1736","trajectory_group",1,3168,0.0383539614886923,0.844746650332237,"Monocytes (CD14-CD16+)","CyTOF","Enterovirus.nasal","child",-0.00289946328873721,0.879226105447838
"1737","sex",1,3168,7.25706799392769,0.00709948553334427,"Monocytes (CD14-CD16+)","CyTOF","Enterovirus.nasal","child",NA,0.0190565138000294
"1738","discretized_admit_age_quantile",4,3168,5.89707493888547,0.000100203587560355,"Monocytes (CD14-CD16+)","CyTOF","Enterovirus.nasal","child",NA,0.000232290134799004
"1739","virus_positive",1,3168,0.321317682947016,0.570856997950963,"Monocytes (CD14-CD16+)","CyTOF","Enterovirus.nasal","child",-0.0496203800167213,0.80871408043053
"1740","event_type",11,3168,117.891296641977,0,"Monocytes (CD14-CD16+)","CyTOF","Enterovirus.nasal","child",NA,0
"1741","(Intercept)",1,3168,0.943773278699505,0.331383502117299,"NK Cell (CD56hi CD16low)","CyTOF","Enterovirus.nasal","child",-0.311487548672253,0.603591378856508
"1742","trajectory_group",1,3168,9.24611710838441,0.0023792647625609,"NK Cell (CD56hi CD16low)","CyTOF","Enterovirus.nasal","child",-0.051769469176517,0.00758390643066285
"1743","sex",1,3168,0.0220444678565099,0.881978314670228,"NK Cell (CD56hi CD16low)","CyTOF","Enterovirus.nasal","child",NA,0.91606729838943
"1744","discretized_admit_age_quantile",4,3168,2.3483039342628,0.0522232119103397,"NK Cell (CD56hi CD16low)","CyTOF","Enterovirus.nasal","child",NA,0.0719833461466845
"1745","virus_positive",1,3168,0.89349822669439,0.34460316537094,"NK Cell (CD56hi CD16low)","CyTOF","Enterovirus.nasal","child",-0.0953004404970916,0.80871408043053
"1746","event_type",11,3168,3.89964061818772,1.24017889244765e-05,"NK Cell (CD56hi CD16low)","CyTOF","Enterovirus.nasal","child",NA,2.25889726838679e-05
"1747","(Intercept)",1,3168,5.03712513744679,0.0248783979911453,"NK Cell (CD56low CD16hi CD57hi)","CyTOF","Enterovirus.nasal","child",-0.706647711279097,0.126879829754841
"1748","trajectory_group",1,3168,0.551214112352603,0.457877075814148,"NK Cell (CD56low CD16hi CD57hi)","CyTOF","Enterovirus.nasal","child",-0.0124138051910092,0.64865919073671
"1749","sex",1,3168,60.077791884671,1.22124532708767e-14,"NK Cell (CD56low CD16hi CD57hi)","CyTOF","Enterovirus.nasal","child",NA,2.07611705604904e-13
"1750","discretized_admit_age_quantile",4,3168,45.9812042046594,0,"NK Cell (CD56low CD16hi CD57hi)","CyTOF","Enterovirus.nasal","child",NA,0
"1751","virus_positive",1,3168,0.266905344833894,0.605451349516024,"NK Cell (CD56low CD16hi CD57hi)","CyTOF","Enterovirus.nasal","child",-0.0511682412869126,0.812579442771505
"1752","event_type",11,3168,17.282617730002,0,"NK Cell (CD56low CD16hi CD57hi)","CyTOF","Enterovirus.nasal","child",NA,0
"1753","(Intercept)",1,3168,0.572593794569476,0.449286317674437,"NK Cell (CD56low CD16hi CD57low)","CyTOF","Enterovirus.nasal","child",-0.244842814658242,0.716050068793634
"1754","trajectory_group",1,3168,4.86262866794198,0.0275160826824015,"NK Cell (CD56low CD16hi CD57low)","CyTOF","Enterovirus.nasal","child",-0.0377828873545106,0.0637872825819307
"1755","sex",1,3168,0.246187931435347,0.619806577359392,"NK Cell (CD56low CD16hi CD57low)","CyTOF","Enterovirus.nasal","child",NA,0.718412169212023
"1756","discretized_admit_age_quantile",4,3168,5.60130527683113,0.000172002753627165,"NK Cell (CD56low CD16hi CD57low)","CyTOF","Enterovirus.nasal","child",NA,0.000381397410216757
"1757","virus_positive",1,3168,1.52346119374932,0.21718801124033,"NK Cell (CD56low CD16hi CD57low)","CyTOF","Enterovirus.nasal","child",0.126469040279177,0.80871408043053
"1758","event_type",11,3168,9.34518008354108,1.11022302462516e-16,"NK Cell (CD56low CD16hi CD57low)","CyTOF","Enterovirus.nasal","child",NA,2.69625591694681e-16
"1759","(Intercept)",1,3168,0.0476226742955567,0.827266928009376,"Plasmacytoid DC","CyTOF","Enterovirus.nasal","child",0.0735117615417975,0.897672624010173
"1760","trajectory_group",1,3168,2.51923517211937,0.112564916017502,"Plasmacytoid DC","CyTOF","Enterovirus.nasal","child",-0.0277987357921931,0.225854621030353
"1761","sex",1,3168,1.61579477266634,0.20377246812493,"Plasmacytoid DC","CyTOF","Enterovirus.nasal","child",NA,0.296925596410613
"1762","discretized_admit_age_quantile",4,3168,0.466899380029563,0.760087420158791,"Plasmacytoid DC","CyTOF","Enterovirus.nasal","child",NA,0.784966901348043
"1763","virus_positive",1,3168,0.0720162697024966,0.788440874209275,"Plasmacytoid DC","CyTOF","Enterovirus.nasal","child",-0.0287473105903979,0.913874649651659
"1764","event_type",11,3168,1.43468333899161,0.150094210253161,"Plasmacytoid DC","CyTOF","Enterovirus.nasal","child",NA,0.178018714486308
"1765","(Intercept)",1,3168,0.457733170297412,0.498734681060386,"Tier2_Bcell_Undefined","CyTOF","Enterovirus.nasal","child",0.224537767041092,0.733252713553435
"1766","trajectory_group",1,3168,5.76209809322088,0.0164328526319271,"Tier2_Bcell_Undefined","CyTOF","Enterovirus.nasal","child",-0.0422501420948421,0.0399083563918229
"1767","sex",1,3168,1.27153002486784,0.259565239135126,"Tier2_Bcell_Undefined","CyTOF","Enterovirus.nasal","child",NA,0.35777911340247
"1768","discretized_admit_age_quantile",4,3168,1.62173032224454,0.165906907191163,"Tier2_Bcell_Undefined","CyTOF","Enterovirus.nasal","child",NA,0.206372006506081
"1769","virus_positive",1,3168,0.447251763642632,0.503691672596601,"Tier2_Bcell_Undefined","CyTOF","Enterovirus.nasal","child",0.070205867019675,0.80871408043053
"1770","event_type",11,3168,2.65265746096357,0.00220054608208686,"Tier2_Bcell_Undefined","CyTOF","Enterovirus.nasal","child",NA,0.00303318514017378
"1771","(Intercept)",1,3168,0.0801376391274397,0.777129468924122,"Tier2_NK_Undefined","CyTOF","Enterovirus.nasal","child",0.095496591775542,0.866274051167307
"1772","trajectory_group",1,3168,0.315653876797019,0.574271031928523,"Tier2_NK_Undefined","CyTOF","Enterovirus.nasal","child",-0.0100292570334927,0.700182548449387
"1773","sex",1,3168,1.15659610849544,0.282254494629395,"Tier2_NK_Undefined","CyTOF","Enterovirus.nasal","child",NA,0.369102031438439
"1774","discretized_admit_age_quantile",4,3168,0.620457566082184,0.647926146545964,"Tier2_NK_Undefined","CyTOF","Enterovirus.nasal","child",NA,0.718352901605308
"1775","virus_positive",1,3168,0.146130403677016,0.702286697052548,"Tier2_NK_Undefined","CyTOF","Enterovirus.nasal","child",-0.0408516715141429,0.852776703563808
"1776","event_type",11,3168,2.74681200184237,0.00152033540048646,"Tier2_NK_Undefined","CyTOF","Enterovirus.nasal","child",NA,0.00215380848402249
"1777","(Intercept)",1,3168,0.722654039950687,0.395338953486833,"Tier2_Tcell_Undefined","CyTOF","Enterovirus.nasal","child",-0.253175609116355,0.650396342833177
"1778","trajectory_group",1,3168,0.127911569812906,0.720631123422468,"Tier2_Tcell_Undefined","CyTOF","Enterovirus.nasal","child",0.00565774669833605,0.765670568636373
"1779","sex",1,3168,10.193821362098,0.00142292073491934,"Tier2_Tcell_Undefined","CyTOF","Enterovirus.nasal","child",NA,0.00483793049872576
"1780","discretized_admit_age_quantile",4,3168,1.31493972293062,0.261924006006091,"Tier2_Tcell_Undefined","CyTOF","Enterovirus.nasal","child",NA,0.318050578721682
"1781","virus_positive",1,3168,0.660328721783373,0.416504975347077,"Tier2_Tcell_Undefined","CyTOF","Enterovirus.nasal","child",-0.0762285381944862,0.80871408043053
"1782","event_type",11,3168,0.784922443243602,0.655575582515817,"Tier2_Tcell_Undefined","CyTOF","Enterovirus.nasal","child",NA,0.696549056423055
"1783","(Intercept)",1,3168,0.00873085213364901,0.925560694111746,"Tier3_CD4_Undefined","CyTOF","Enterovirus.nasal","child",0.0315902121350808,0.963338681626512
"1784","trajectory_group",1,3168,0.830087944460849,0.362316418111932,"Tier3_CD4_Undefined","CyTOF","Enterovirus.nasal","child",-0.0155684930108016,0.559943555263895
"1785","sex",1,3168,0.61211261626282,0.434051953341962,"Tier3_CD4_Undefined","CyTOF","Enterovirus.nasal","child",NA,0.527063086200954
"1786","discretized_admit_age_quantile",4,3168,0.528480272667473,0.714822272429515,"Tier3_CD4_Undefined","CyTOF","Enterovirus.nasal","child",NA,0.775658210508622
"1787","virus_positive",1,3168,0.000897874306128336,0.976097212282447,"Tier3_CD4_Undefined","CyTOF","Enterovirus.nasal","child",-0.00322883449556459,0.978844565923331
"1788","event_type",11,3168,0.44967152171222,0.933585354551968,"Tier3_CD4_Undefined","CyTOF","Enterovirus.nasal","child",NA,0.933585354551968
"1789","(Intercept)",1,3168,0.782792823603506,0.376355497638383,"Tier3_CD8_Undefined","CyTOF","Enterovirus.nasal","child",0.288900353078742,0.639804345985252
"1790","trajectory_group",1,3168,0.134744113605188,0.71358753291888,"Tier3_CD8_Undefined","CyTOF","Enterovirus.nasal","child",-0.00636449678781182,0.765670568636373
"1791","sex",1,3168,2.82078026337627,0.0931497647917385,"Tier3_CD8_Undefined","CyTOF","Enterovirus.nasal","child",NA,0.158354600145956
"1792","discretized_admit_age_quantile",4,3168,2.3600009810572,0.0512280019300446,"Tier3_CD8_Undefined","CyTOF","Enterovirus.nasal","child",NA,0.0719833461466845
"1793","virus_positive",1,3168,0.021817933029486,0.882581870228582,"Tier3_CD8_Undefined","CyTOF","Enterovirus.nasal","child",0.0152296173594163,0.957695220886333
"1794","event_type",11,3168,2.22186894884918,0.0112179722872849,"Tier3_CD8_Undefined","CyTOF","Enterovirus.nasal","child",NA,0.014669656067988
"1795","(Intercept)",1,3168,0.00271152167077707,0.95847438850457,"Tier4_Treg_Undefined","CyTOF","Enterovirus.nasal","child",-0.0175761418772271,0.971906807495568
"1796","trajectory_group",1,3168,0.3630934630146,0.546836332908406,"Tier4_Treg_Undefined","CyTOF","Enterovirus.nasal","child",-0.0102798437975456,0.700182548449387
"1797","sex",1,3168,6.18188931818027,0.0129575883772766,"Tier4_Treg_Undefined","CyTOF","Enterovirus.nasal","child",NA,0.0330418503620552
"1798","discretized_admit_age_quantile",4,3168,0.407852196754259,0.80311914322184,"Tier4_Treg_Undefined","CyTOF","Enterovirus.nasal","child",NA,0.80311914322184
"1799","virus_positive",1,3168,0.781879174825404,0.376634137789721,"Tier4_Treg_Undefined","CyTOF","Enterovirus.nasal","child",-0.0951263032730203,0.80871408043053
"1800","event_type",11,3168,0.462047255204307,0.926947335656738,"Tier4_Treg_Undefined","CyTOF","Enterovirus.nasal","child",NA,0.933585354551968
"1801","(Intercept)",1,3168,0.422698851690038,0.515640574919775,"Tier4_nonTreg_Undefined","CyTOF","Enterovirus.nasal","child",0.213436719196321,0.733252713553435
"1802","trajectory_group",1,3168,1.01568575369261,0.313621518805581,"Tier4_nonTreg_Undefined","CyTOF","Enterovirus.nasal","child",-0.0175741360452186,0.499834295596394
"1803","sex",1,3168,0.846838940310332,0.357518192363006,"Tier4_nonTreg_Undefined","CyTOF","Enterovirus.nasal","child",NA,0.444717751475934
"1804","discretized_admit_age_quantile",4,3168,4.28017455822246,0.00186498683498815,"Tier4_nonTreg_Undefined","CyTOF","Enterovirus.nasal","child",NA,0.00352275291053317
"1805","virus_positive",1,3168,2.06524019197649,0.15078993777512,"Tier4_nonTreg_Undefined","CyTOF","Enterovirus.nasal","child",0.148716828571585,0.80871408043053
"1806","event_type",11,3168,4.11709817246948,4.79125318175733e-06,"Tier4_nonTreg_Undefined","CyTOF","Enterovirus.nasal","child",NA,9.05014489887495e-06
"1807","(Intercept)",1,3168,0.00949210142186994,0.922393136453677,"gd T Cell","CyTOF","Enterovirus.nasal","child",-0.0308491360083749,0.963338681626512
"1808","trajectory_group",1,3168,3.4267408457803,0.0642415891924957,"gd T Cell","CyTOF","Enterovirus.nasal","child",-0.031068162801551,0.136513377034053
"1809","sex",1,3168,0.0248222662276996,0.874820786545158,"gd T Cell","CyTOF","Enterovirus.nasal","child",NA,0.91606729838943
"1810","discretized_admit_age_quantile",4,3168,9.21983830412839,2.09858687871822e-07,"gd T Cell","CyTOF","Enterovirus.nasal","child",NA,7.13519538764196e-07
"1811","virus_positive",1,3168,1.28391341464194,0.257258412907565,"gd T Cell","CyTOF","Enterovirus.nasal","child",-0.112367747034447,0.80871408043053
"1812","event_type",11,3168,2.07796223541454,0.0188108431361708,"gd T Cell","CyTOF","Enterovirus.nasal","child",NA,0.0239838249986177
"1813","(Intercept)",1,3168,5.16064596306993,0.0231710810068577,"Basophil","CyTOF","Enterovirus.nasal","child",-0.612723848977821,0.126879829754841
"1814","trajectory_group",1,3168,5.92639541665768,0.0149705975903651,"Basophil","CyTOF","Enterovirus.nasal","child",-0.0347793883447769,0.0381750238554311
"1815","sex",1,3168,4.29000970637906,0.0384177272451067,"Basophil","CyTOF","Enterovirus.nasal","child",NA,0.0783721635800177
"1816","discretized_admit_age_quantile",4,3168,0.987323584648937,0.413078021400084,"Basophil","CyTOF","Enterovirus.nasal","child",NA,0.478794979350097
"1817","virus_positive",1,3168,0.531487958194776,0.466035853060442,"Basophil","CyTOF","Enterovirus.nasal","child",-0.0622574571831052,0.80871408043053
"1818","event_type",11,3168,117.14467875526,0,"Basophil","CyTOF","Enterovirus.nasal","child",NA,0
"1819","(Intercept)",1,3168,2.0663997658853,0.150675374467935,"Eosinophil","CyTOF","Enterovirus.nasal","child",-0.432361256638193,0.349292913539305
"1820","trajectory_group",1,3168,0.289857022669463,0.590349991829875,"Eosinophil","CyTOF","Enterovirus.nasal","child",0.00859425367389121,0.700182548449387
"1821","sex",1,3168,4.67126919998367,0.0307459437954436,"Eosinophil","CyTOF","Enterovirus.nasal","child",NA,0.0681757884159836
"1822","discretized_admit_age_quantile",4,3168,2.79282206742774,0.0248745134765124,"Eosinophil","CyTOF","Enterovirus.nasal","child",NA,0.0396437558531916
"1823","virus_positive",1,3168,0.084774179100686,0.770947969968166,"Eosinophil","CyTOF","Enterovirus.nasal","child",0.0276764372909235,0.913874649651659
"1824","event_type",11,3168,48.38954904425,0,"Eosinophil","CyTOF","Enterovirus.nasal","child",NA,0
"1825","(Intercept)",1,3168,0.407249300637423,0.523415089067049,"Neutrophil (CD16hi)","CyTOF","Enterovirus.nasal","child",0.195122824268375,0.733252713553435
"1826","trajectory_group",1,3168,42.6257692359493,7.69089236740683e-11,"Neutrophil (CD16hi)","CyTOF","Enterovirus.nasal","child",0.105923033496783,4.35817234153054e-10
"1827","sex",1,3168,10.9076324618707,0.000968321611280798,"Neutrophil (CD16hi)","CyTOF","Enterovirus.nasal","child",NA,0.00352745729823719
"1828","discretized_admit_age_quantile",4,3168,12.0335047825183,1.04533670608475e-09,"Neutrophil (CD16hi)","CyTOF","Enterovirus.nasal","child",NA,4.8465610918475e-09
"1829","virus_positive",1,3168,0.284808334515103,0.593604284249956,"Neutrophil (CD16hi)","CyTOF","Enterovirus.nasal","child",0.0515854772120457,0.812579442771505
"1830","event_type",11,3168,22.549154915747,0,"Neutrophil (CD16hi)","CyTOF","Enterovirus.nasal","child",NA,0
"1831","(Intercept)",1,3168,3.2641041107249,0.070906539668503,"Neutrophil (CD16low)","CyTOF","Enterovirus.nasal","child",-0.569314595310941,0.212719619005509
"1832","trajectory_group",1,3168,65.7328174915484,6.66133814775094e-16,"Neutrophil (CD16low)","CyTOF","Enterovirus.nasal","child",0.135383609119165,1.13242748511766e-14
"1833","sex",1,3168,0.271969796917214,0.602049920978291,"Neutrophil (CD16low)","CyTOF","Enterovirus.nasal","child",NA,0.714059208602159
"1834","discretized_admit_age_quantile",4,3168,2.02426468406357,0.0883619461051931,"Neutrophil (CD16low)","CyTOF","Enterovirus.nasal","child",NA,0.115550237214483
"1835","virus_positive",1,3168,0.367734888207276,0.544284994161971,"Neutrophil (CD16low)","CyTOF","Enterovirus.nasal","child",0.0604840587660281,0.80871408043053
"1836","event_type",11,3168,17.8346890068631,0,"Neutrophil (CD16low)","CyTOF","Enterovirus.nasal","child",NA,0
"1837","(Intercept)",1,3168,0.314749012566826,0.574820195765181,"B Cell (CD11c+ CXCR5-)","CyTOF","Human alphaherpesvirus 2 (HSV2).nasal","child",-0.184470604284717,0.778860415674744
"1838","trajectory_group",1,3168,6.16629944155312,0.0130720415319527,"B Cell (CD11c+ CXCR5-)","CyTOF","Human alphaherpesvirus 2 (HSV2).nasal","child",0.0431559170310395,0.0350881114805047
"1839","sex",1,3168,0.0397870952411339,0.841910234239821,"B Cell (CD11c+ CXCR5-)","CyTOF","Human alphaherpesvirus 2 (HSV2).nasal","child",NA,0.905145126092047
"1840","discretized_admit_age_quantile",4,3168,15.3580088156275,1.91024973617004e-12,"B Cell (CD11c+ CXCR5-)","CyTOF","Human alphaherpesvirus 2 (HSV2).nasal","child",NA,1.2177842068084e-11
"1841","virus_positive",1,3168,0.0741885431602857,0.785350875984119,"B Cell (CD11c+ CXCR5-)","CyTOF","Human alphaherpesvirus 2 (HSV2).nasal","child",-0.0526161531882535,0.97563920904683
"1842","event_type",11,3168,1.93905744506755,0.0305041134766655,"B Cell (CD11c+ CXCR5-)","CyTOF","Human alphaherpesvirus 2 (HSV2).nasal","child",NA,0.037944141153901
"1843","(Intercept)",1,3168,1.15572650948786,0.282435459784454,"B Cell (CD27+ non-switched memory)","CyTOF","Human alphaherpesvirus 2 (HSV2).nasal","child",0.358922429249732,0.554008017269506
"1844","trajectory_group",1,3168,0.390749358803118,0.531950791169435,"B Cell (CD27+ non-switched memory)","CyTOF","Human alphaherpesvirus 2 (HSV2).nasal","child",0.0110820437230156,0.696882192028131
"1845","sex",1,3168,3.71908000897319,0.0538832565278266,"B Cell (CD27+ non-switched memory)","CyTOF","Human alphaherpesvirus 2 (HSV2).nasal","child",NA,0.0981445029613984
"1846","discretized_admit_age_quantile",4,3168,2.645319515916,0.0318867675140102,"B Cell (CD27+ non-switched memory)","CyTOF","Human alphaherpesvirus 2 (HSV2).nasal","child",NA,0.0478301512710153
"1847","virus_positive",1,3168,0.236372407755213,0.626872145724021,"B Cell (CD27+ non-switched memory)","CyTOF","Human alphaherpesvirus 2 (HSV2).nasal","child",-0.0950813684950605,0.97563920904683
"1848","event_type",11,3168,0.875461604783331,0.564023816986849,"B Cell (CD27+ non-switched memory)","CyTOF","Human alphaherpesvirus 2 (HSV2).nasal","child",NA,0.612025843964453
"1849","(Intercept)",1,3168,4.40036890163206,0.0360101953117131,"B Cell (CD27+ switched memory)","CyTOF","Human alphaherpesvirus 2 (HSV2).nasal","child",0.695894769464388,0.153043330074781
"1850","trajectory_group",1,3168,0.16211174802077,0.687246843404713,"B Cell (CD27+ switched memory)","CyTOF","Human alphaherpesvirus 2 (HSV2).nasal","child",0.00709955585379346,0.768683668898893
"1851","sex",1,3168,9.3333190346548,0.00226897814359717,"B Cell (CD27+ switched memory)","CyTOF","Human alphaherpesvirus 2 (HSV2).nasal","child",NA,0.00723236783271597
"1852","discretized_admit_age_quantile",4,3168,9.37374461793095,1.57230311992329e-07,"B Cell (CD27+ switched memory)","CyTOF","Human alphaherpesvirus 2 (HSV2).nasal","child",NA,5.72767565114913e-07
"1853","virus_positive",1,3168,0.0301253610147822,0.86221718007321,"B Cell (CD27+ switched memory)","CyTOF","Human alphaherpesvirus 2 (HSV2).nasal","child",-0.0335825765452708,0.97563920904683
"1854","event_type",11,3168,2.83128173910824,0.00108714350505301,"B Cell (CD27+ switched memory)","CyTOF","Human alphaherpesvirus 2 (HSV2).nasal","child",NA,0.00158412339307725
"1855","(Intercept)",1,3168,5.08134919190342,0.0242525979534838,"B Cell (CD71+ activated)","CyTOF","Human alphaherpesvirus 2 (HSV2).nasal","child",0.694906668836672,0.112443863238879
"1856","trajectory_group",1,3168,1.39425900403816,0.237775812926444,"B Cell (CD71+ activated)","CyTOF","Human alphaherpesvirus 2 (HSV2).nasal","child",0.01918673302888,0.418157464112022
"1857","sex",1,3168,0.0139576720130492,0.905962166162421,"B Cell (CD71+ activated)","CyTOF","Human alphaherpesvirus 2 (HSV2).nasal","child",NA,0.905962166162421
"1858","discretized_admit_age_quantile",4,3168,3.18373276138395,0.0127644142240002,"B Cell (CD71+ activated)","CyTOF","Human alphaherpesvirus 2 (HSV2).nasal","child",NA,0.0216995041808004
"1859","virus_positive",1,3168,0.626444230010256,0.428721855122473,"B Cell (CD71+ activated)","CyTOF","Human alphaherpesvirus 2 (HSV2).nasal","child",-0.143472222399642,0.97563920904683
"1860","event_type",11,3168,3.81452217558157,1.79397151925942e-05,"B Cell (CD71+ activated)","CyTOF","Human alphaherpesvirus 2 (HSV2).nasal","child",NA,3.26759098150823e-05
"1861","(Intercept)",1,3168,0.433797058156879,0.510179510593519,"B Cell (Plasmablast)","CyTOF","Human alphaherpesvirus 2 (HSV2).nasal","child",0.193504266291765,0.722754306674152
"1862","trajectory_group",1,3168,7.09711696042063,0.00775991790288522,"B Cell (Plasmablast)","CyTOF","Human alphaherpesvirus 2 (HSV2).nasal","child",0.041513558642726,0.0219864340581748
"1863","sex",1,3168,3.87730030998557,0.0490302237922153,"B Cell (Plasmablast)","CyTOF","Human alphaherpesvirus 2 (HSV2).nasal","child",NA,0.0926126449408512
"1864","discretized_admit_age_quantile",4,3168,1.99743182621171,0.0922328897478319,"B Cell (Plasmablast)","CyTOF","Human alphaherpesvirus 2 (HSV2).nasal","child",NA,0.117596934428486
"1865","virus_positive",1,3168,0.0680892691510032,0.794156350484451,"B Cell (Plasmablast)","CyTOF","Human alphaherpesvirus 2 (HSV2).nasal","child",0.0449563745466929,0.97563920904683
"1866","event_type",11,3168,80.0755731011412,0,"B Cell (Plasmablast)","CyTOF","Human alphaherpesvirus 2 (HSV2).nasal","child",NA,0
"1867","(Intercept)",1,3168,4.0906892475607,0.0432039159311561,"B Cell (naive)","CyTOF","Human alphaherpesvirus 2 (HSV2).nasal","child",0.642594993341564,0.155670285113163
"1868","trajectory_group",1,3168,13.00907818395,0.000314769941290649,"B Cell (naive)","CyTOF","Human alphaherpesvirus 2 (HSV2).nasal","child",0.0609144805061544,0.00114666192898736
"1869","sex",1,3168,2.11421354801539,0.146036064893211,"B Cell (naive)","CyTOF","Human alphaherpesvirus 2 (HSV2).nasal","child",NA,0.225692100289508
"1870","discretized_admit_age_quantile",4,3168,28.5665275659502,0,"B Cell (naive)","CyTOF","Human alphaherpesvirus 2 (HSV2).nasal","child",NA,0
"1871","virus_positive",1,3168,0.0784695979786477,0.779400466152983,"B Cell (naive)","CyTOF","Human alphaherpesvirus 2 (HSV2).nasal","child",-0.0519961237289305,0.97563920904683
"1872","event_type",11,3168,17.9890071737424,0,"B Cell (naive)","CyTOF","Human alphaherpesvirus 2 (HSV2).nasal","child",NA,0
"1873","(Intercept)",1,3168,8.78925585355396,0.0030526979653871,"B Cell (transitional)","CyTOF","Human alphaherpesvirus 2 (HSV2).nasal","child",0.949122029083206,0.0518958654115806
"1874","trajectory_group",1,3168,0.333964376347724,0.563375063743083,"B Cell (transitional)","CyTOF","Human alphaherpesvirus 2 (HSV2).nasal","child",0.00983456906270485,0.696882192028131
"1875","sex",1,3168,12.240843290159,0.000473984804421956,"B Cell (transitional)","CyTOF","Human alphaherpesvirus 2 (HSV2).nasal","child",NA,0.00185947884811691
"1876","discretized_admit_age_quantile",4,3168,26.1115008661658,0,"B Cell (transitional)","CyTOF","Human alphaherpesvirus 2 (HSV2).nasal","child",NA,0
"1877","virus_positive",1,3168,1.82190843216204,0.177182715732333,"B Cell (transitional)","CyTOF","Human alphaherpesvirus 2 (HSV2).nasal","child",-0.252194005918039,0.97563920904683
"1878","event_type",11,3168,8.75177884979274,1.77635683940025e-15,"B Cell (transitional)","CyTOF","Human alphaherpesvirus 2 (HSV2).nasal","child",NA,3.9388782091049e-15
"1879","(Intercept)",1,3168,1.29758037921245,0.254741793774771,"CD4+ NKT Cell","CyTOF","Human alphaherpesvirus 2 (HSV2).nasal","child",-0.379315389017036,0.519673259300534
"1880","trajectory_group",1,3168,0.644848873602348,0.422020625835641,"CD4+ NKT Cell","CyTOF","Human alphaherpesvirus 2 (HSV2).nasal","child",-0.0139832497270923,0.619426126268319
"1881","sex",1,3168,7.46333898737243,0.00633172523663572,"CD4+ NKT Cell","CyTOF","Human alphaherpesvirus 2 (HSV2).nasal","child",NA,0.0179398881704679
"1882","discretized_admit_age_quantile",4,3168,5.49113231100415,0.000210237742723662,"CD4+ NKT Cell","CyTOF","Human alphaherpesvirus 2 (HSV2).nasal","child",NA,0.000446755203287783
"1883","virus_positive",1,3168,0.913645936552616,0.33922182333562,"CD4+ NKT Cell","CyTOF","Human alphaherpesvirus 2 (HSV2).nasal","child",-0.187466768436392,0.97563920904683
"1884","event_type",11,3168,0.952434545162599,0.488290586764749,"CD4+ NKT Cell","CyTOF","Human alphaherpesvirus 2 (HSV2).nasal","child",NA,0.541365650543526
"1885","(Intercept)",1,3168,0.104179060448327,0.746892391878446,"CD4+ T Cell (CM)","CyTOF","Human alphaherpesvirus 2 (HSV2).nasal","child",0.102732237710015,0.857908458395273
"1886","trajectory_group",1,3168,57.6923902717393,4.00790511889682e-14,"CD4+ T Cell (CM)","CyTOF","Human alphaherpesvirus 2 (HSV2).nasal","child",-0.128070956653708,4.91473528541064e-13
"1887","sex",1,3168,29.1879166160727,7.05451793647782e-08,"CD4+ T Cell (CM)","CyTOF","Human alphaherpesvirus 2 (HSV2).nasal","child",NA,5.13972021086241e-07
"1888","discretized_admit_age_quantile",4,3168,5.32896199923025,0.00028234777193259,"CD4+ T Cell (CM)","CyTOF","Human alphaherpesvirus 2 (HSV2).nasal","child",NA,0.000575989454742483
"1889","virus_positive",1,3168,0.571145708828589,0.449860187924534,"CD4+ T Cell (CM)","CyTOF","Human alphaherpesvirus 2 (HSV2).nasal","child",-0.139282891932979,0.97563920904683
"1890","event_type",11,3168,9.0009128893487,4.44089209850063e-16,"CD4+ T Cell (CM)","CyTOF","Human alphaherpesvirus 2 (HSV2).nasal","child",NA,1.02947953192515e-15
"1891","(Intercept)",1,3168,1.01364506813055,0.314108065485242,"CD4+ T Cell (EM CD27hi)","CyTOF","Human alphaherpesvirus 2 (HSV2).nasal","child",0.283571407376672,0.572125404990976
"1892","trajectory_group",1,3168,93.5429662879323,0,"CD4+ T Cell (EM CD27hi)","CyTOF","Human alphaherpesvirus 2 (HSV2).nasal","child",-0.14426634520309,0
"1893","sex",1,3168,39.9944124475154,2.90449664319681e-10,"CD4+ T Cell (EM CD27hi)","CyTOF","Human alphaherpesvirus 2 (HSV2).nasal","child",NA,3.70323322007593e-09
"1894","discretized_admit_age_quantile",4,3168,15.8149458336171,8.01581023779363e-13,"CD4+ T Cell (EM CD27hi)","CyTOF","Human alphaherpesvirus 2 (HSV2).nasal","child",NA,6.81343870212459e-12
"1895","virus_positive",1,3168,0.00175030306218981,0.966631575678882,"CD4+ T Cell (EM CD27hi)","CyTOF","Human alphaherpesvirus 2 (HSV2).nasal","child",-0.00681993050484006,0.97563920904683
"1896","event_type",11,3168,62.1155399269319,0,"CD4+ T Cell (EM CD27hi)","CyTOF","Human alphaherpesvirus 2 (HSV2).nasal","child",NA,0
"1897","(Intercept)",1,3168,1.33470670544911,0.248056740511131,"CD4+ T Cell (EM CD27low)","CyTOF","Human alphaherpesvirus 2 (HSV2).nasal","child",-0.352545200111362,0.519673259300534
"1898","trajectory_group",1,3168,57.3239621480151,4.81836792687318e-14,"CD4+ T Cell (EM CD27low)","CyTOF","Human alphaherpesvirus 2 (HSV2).nasal","child",-0.122006540269638,4.91473528541064e-13
"1899","sex",1,3168,12.4635009703748,0.000420892007035212,"CD4+ T Cell (EM CD27low)","CyTOF","Human alphaherpesvirus 2 (HSV2).nasal","child",NA,0.00178879102989965
"1900","discretized_admit_age_quantile",4,3168,2.24509434807919,0.0618410198271854,"CD4+ T Cell (EM CD27low)","CyTOF","Human alphaherpesvirus 2 (HSV2).nasal","child",NA,0.0829971581891172
"1901","virus_positive",1,3168,2.38782167389506,0.122383799318081,"CD4+ T Cell (EM CD27low)","CyTOF","Human alphaherpesvirus 2 (HSV2).nasal","child",-0.271832244652916,0.97563920904683
"1902","event_type",11,3168,38.0872068836537,0,"CD4+ T Cell (EM CD27low)","CyTOF","Human alphaherpesvirus 2 (HSV2).nasal","child",NA,0
"1903","(Intercept)",1,3168,4.22483921848618,0.0399181917280472,"CD4+ T Cell (EM CD57hi)","CyTOF","Human alphaherpesvirus 2 (HSV2).nasal","child",-0.679631782104939,0.155670285113163
"1904","trajectory_group",1,3168,0.00136469655814859,0.970533738722804,"CD4+ T Cell (EM CD57hi)","CyTOF","Human alphaherpesvirus 2 (HSV2).nasal","child",-0.00064712287791417,0.970533738722804
"1905","sex",1,3168,13.1861517419788,0.000286491559212121,"CD4+ T Cell (EM CD57hi)","CyTOF","Human alphaherpesvirus 2 (HSV2).nasal","child",NA,0.0013282790472562
"1906","discretized_admit_age_quantile",4,3168,13.4921637439242,6.59781118628189e-11,"CD4+ T Cell (EM CD57hi)","CyTOF","Human alphaherpesvirus 2 (HSV2).nasal","child",NA,3.7387596722264e-10
"1907","virus_positive",1,3168,1.98158253616987,0.159321900626443,"CD4+ T Cell (EM CD57hi)","CyTOF","Human alphaherpesvirus 2 (HSV2).nasal","child",-0.269538746982861,0.97563920904683
"1908","event_type",11,3168,3.52803815950762,6.12775692688805e-05,"CD4+ T Cell (EM CD57hi)","CyTOF","Human alphaherpesvirus 2 (HSV2).nasal","child",NA,9.47016979609971e-05
"1909","(Intercept)",1,3168,3.60902402939163,0.0575575636497225,"CD4+ T Cell (EMRA CD57hi)","CyTOF","Human alphaherpesvirus 2 (HSV2).nasal","child",-0.632297011081084,0.183464734133491
"1910","trajectory_group",1,3168,0.937926810270368,0.332885512952175,"CD4+ T Cell (EMRA CD57hi)","CyTOF","Human alphaherpesvirus 2 (HSV2).nasal","child",-0.0171007534743908,0.530536286267528
"1911","sex",1,3168,0.0566575227039178,0.811874454916728,"CD4+ T Cell (EMRA CD57hi)","CyTOF","Human alphaherpesvirus 2 (HSV2).nasal","child",NA,0.900121678277242
"1912","discretized_admit_age_quantile",4,3168,8.57146243328003,7.06663617622283e-07,"CD4+ T Cell (EMRA CD57hi)","CyTOF","Human alphaherpesvirus 2 (HSV2).nasal","child",NA,2.25249028117103e-06
"1913","virus_positive",1,3168,1.34604612949663,0.24605795366797,"CD4+ T Cell (EMRA CD57hi)","CyTOF","Human alphaherpesvirus 2 (HSV2).nasal","child",-0.226400998020737,0.97563920904683
"1914","event_type",11,3168,1.17470105336115,0.299001028369243,"CD4+ T Cell (EMRA CD57hi)","CyTOF","Human alphaherpesvirus 2 (HSV2).nasal","child",NA,0.338867832151808
"1915","(Intercept)",1,3168,0.762684378693288,0.382555947188845,"CD4+ T Cell (EMRA CD57low)","CyTOF","Human alphaherpesvirus 2 (HSV2).nasal","child",-0.291911497740115,0.629366235697777
"1916","trajectory_group",1,3168,0.636347360785433,0.425096361164533,"CD4+ T Cell (EMRA CD57low)","CyTOF","Human alphaherpesvirus 2 (HSV2).nasal","child",-0.0141567659272882,0.619426126268319
"1917","sex",1,3168,2.16913378475618,0.14090486771937,"CD4+ T Cell (EMRA CD57low)","CyTOF","Human alphaherpesvirus 2 (HSV2).nasal","child",NA,0.224567132927747
"1918","discretized_admit_age_quantile",4,3168,7.02767222986346,1.24989734896497e-05,"CD4+ T Cell (EMRA CD57low)","CyTOF","Human alphaherpesvirus 2 (HSV2).nasal","child",NA,3.35498762090597e-05
"1919","virus_positive",1,3168,0.14334481923399,0.705003564143353,"CD4+ T Cell (EMRA CD57low)","CyTOF","Human alphaherpesvirus 2 (HSV2).nasal","child",-0.0741422144179245,0.97563920904683
"1920","event_type",11,3168,0.617895585500516,0.815102942092028,"CD4+ T Cell (EMRA CD57low)","CyTOF","Human alphaherpesvirus 2 (HSV2).nasal","child",NA,0.848372449932519
"1921","(Intercept)",1,3168,5.48621656539274,0.019228584047436,"CD4+ T Cell (activated)","CyTOF","Human alphaherpesvirus 2 (HSV2).nasal","child",0.716478002166894,0.112443863238879
"1922","trajectory_group",1,3168,12.7529509106158,0.000360733719029005,"CD4+ T Cell (activated)","CyTOF","Human alphaherpesvirus 2 (HSV2).nasal","child",0.0570717141937345,0.00122649464469862
"1923","sex",1,3168,0.0200533524169265,0.887397182443184,"CD4+ T Cell (activated)","CyTOF","Human alphaherpesvirus 2 (HSV2).nasal","child",NA,0.905145126092047
"1924","discretized_admit_age_quantile",4,3168,7.52333661939592,4.9852939127959e-06,"CD4+ T Cell (activated)","CyTOF","Human alphaherpesvirus 2 (HSV2).nasal","child",NA,1.41249994195884e-05
"1925","virus_positive",1,3168,0.199766830347114,0.654939672729096,"CD4+ T Cell (activated)","CyTOF","Human alphaherpesvirus 2 (HSV2).nasal","child",-0.0778252563835699,0.97563920904683
"1926","event_type",11,3168,37.8306789834462,0,"CD4+ T Cell (activated)","CyTOF","Human alphaherpesvirus 2 (HSV2).nasal","child",NA,0
"1927","(Intercept)",1,3168,2.21101888196261,0.13712765842124,"CD4+ T Cell (naive)","CyTOF","Human alphaherpesvirus 2 (HSV2).nasal","child",0.480929925098026,0.336125059879702
"1928","trajectory_group",1,3168,14.5559807959518,0.000138653516152498,"CD4+ T Cell (naive)","CyTOF","Human alphaherpesvirus 2 (HSV2).nasal","child",-0.0655907934950937,0.000543948409521339
"1929","sex",1,3168,31.6896686175524,1.96661080753557e-08,"CD4+ T Cell (naive)","CyTOF","Human alphaherpesvirus 2 (HSV2).nasal","child",NA,1.67161918640524e-07
"1930","discretized_admit_age_quantile",4,3168,11.1220883170404,5.85059511948316e-09,"CD4+ T Cell (naive)","CyTOF","Human alphaherpesvirus 2 (HSV2).nasal","child",NA,2.48650292578034e-08
"1931","virus_positive",1,3168,0.741750174872643,0.38916599022831,"CD4+ T Cell (naive)","CyTOF","Human alphaherpesvirus 2 (HSV2).nasal","child",0.162494425126303,0.97563920904683
"1932","event_type",11,3168,3.7632677896056,2.23858183684422e-05,"CD4+ T Cell (naive)","CyTOF","Human alphaherpesvirus 2 (HSV2).nasal","child",NA,3.63384966246411e-05
"1933","(Intercept)",1,3168,0.0957768329815074,0.756978051525241,"CD4+ Treg (CD39hi)","CyTOF","Human alphaherpesvirus 2 (HSV2).nasal","child",-0.10043322794369,0.857908458395273
"1934","trajectory_group",1,3168,4.79259436614813,0.0286550712892806,"CD4+ Treg (CD39hi)","CyTOF","Human alphaherpesvirus 2 (HSV2).nasal","child",-0.0374243176192973,0.0664276652615141
"1935","sex",1,3168,5.06631232559666,0.0244635249568205,"CD4+ Treg (CD39hi)","CyTOF","Human alphaherpesvirus 2 (HSV2).nasal","child",NA,0.0567108987635384
"1936","discretized_admit_age_quantile",4,3168,8.43395662897947,9.13736646568353e-07,"CD4+ Treg (CD39hi)","CyTOF","Human alphaherpesvirus 2 (HSV2).nasal","child",NA,2.74120993970506e-06
"1937","virus_positive",1,3168,0.0204882017322196,0.886191084441,"CD4+ Treg (CD39hi)","CyTOF","Human alphaherpesvirus 2 (HSV2).nasal","child",0.0266948029903641,0.97563920904683
"1938","event_type",11,3168,2.95145862940078,0.00067089260561104,"CD4+ Treg (CD39hi)","CyTOF","Human alphaherpesvirus 2 (HSV2).nasal","child",NA,0.00100633890841656
"1939","(Intercept)",1,3168,0.180126267490907,0.671293569660654,"CD4+ Treg (CD39low)","CyTOF","Human alphaherpesvirus 2 (HSV2).nasal","child",-0.14068219959188,0.835023708602277
"1940","trajectory_group",1,3168,2.54279329593823,0.110898366872541,"CD4+ Treg (CD39low)","CyTOF","Human alphaherpesvirus 2 (HSV2).nasal","child",-0.02806544643701,0.219911588164582
"1941","sex",1,3168,1.85070717699337,0.173797952410214,"CD4+ Treg (CD39low)","CyTOF","Human alphaherpesvirus 2 (HSV2).nasal","child",NA,0.260696928615321
"1942","discretized_admit_age_quantile",4,3168,0.450824070809462,0.771868993543376,"CD4+ Treg (CD39low)","CyTOF","Human alphaherpesvirus 2 (HSV2).nasal","child",NA,0.787306373414244
"1943","virus_positive",1,3168,0.184739248312276,0.667360879538534,"CD4+ Treg (CD39low)","CyTOF","Human alphaherpesvirus 2 (HSV2).nasal","child",0.0834628702781477,0.97563920904683
"1944","event_type",11,3168,5.39549888401502,1.49286694117734e-08,"CD4+ Treg (CD39low)","CyTOF","Human alphaherpesvirus 2 (HSV2).nasal","child",NA,2.92831592307863e-08
"1945","(Intercept)",1,3168,0.140703580499785,0.707607667632359,"CD4+ Treg (naive)","CyTOF","Human alphaherpesvirus 2 (HSV2).nasal","child",0.120398163233736,0.857908458395273
"1946","trajectory_group",1,3168,0.0110493136995698,0.916290643561543,"CD4+ Treg (naive)","CyTOF","Human alphaherpesvirus 2 (HSV2).nasal","child",-0.00178092525981285,0.934616456432774
"1947","sex",1,3168,35.034211243965,3.58602791905582e-09,"CD4+ Treg (naive)","CyTOF","Human alphaherpesvirus 2 (HSV2).nasal","child",NA,3.65774847743694e-08
"1948","discretized_admit_age_quantile",4,3168,2.56252993950179,0.0366222145451021,"CD4+ Treg (naive)","CyTOF","Human alphaherpesvirus 2 (HSV2).nasal","child",NA,0.0533637983371487
"1949","virus_positive",1,3168,0.205519793366562,0.650332888325507,"CD4+ Treg (naive)","CyTOF","Human alphaherpesvirus 2 (HSV2).nasal","child",-0.0855262851789673,0.97563920904683
"1950","event_type",11,3168,26.1456115325013,0,"CD4+ Treg (naive)","CyTOF","Human alphaherpesvirus 2 (HSV2).nasal","child",NA,0
"1951","(Intercept)",1,3168,0.184636130425734,0.667448151535965,"CD8+ NKT Cell","CyTOF","Human alphaherpesvirus 2 (HSV2).nasal","child",-0.140237011252627,0.835023708602277
"1952","trajectory_group",1,3168,26.3511286095309,3.01824354287383e-07,"CD8+ NKT Cell","CyTOF","Human alphaherpesvirus 2 (HSV2).nasal","child",-0.0890514811352874,1.39936746078696e-06
"1953","sex",1,3168,1.223581102852,0.268742993000184,"CD8+ NKT Cell","CyTOF","Human alphaherpesvirus 2 (HSV2).nasal","child",NA,0.360681385342352
"1954","discretized_admit_age_quantile",4,3168,2.66705174701717,0.0307451082382675,"CD8+ NKT Cell","CyTOF","Human alphaherpesvirus 2 (HSV2).nasal","child",NA,0.0475151672773225
"1955","virus_positive",1,3168,0.0364013231526333,0.848701324218695,"CD8+ NKT Cell","CyTOF","Human alphaherpesvirus 2 (HSV2).nasal","child",0.0363921351668412,0.97563920904683
"1956","event_type",11,3168,3.79333832837342,1.96604777025211e-05,"CD8+ NKT Cell","CyTOF","Human alphaherpesvirus 2 (HSV2).nasal","child",NA,3.41986394885252e-05
"1957","(Intercept)",1,3168,7.37195727756283,0.00666080783872736,"CD8+ T Cell (CD161+ MAIT)","CyTOF","Human alphaherpesvirus 2 (HSV2).nasal","child",0.813699294345464,0.0753343196638391
"1958","trajectory_group",1,3168,45.8990853914547,1.47839518405135e-11,"CD8+ T Cell (CD161+ MAIT)","CyTOF","Human alphaherpesvirus 2 (HSV2).nasal","child",-0.106363701349971,9.47579931187548e-11
"1959","sex",1,3168,9.04841561820633,0.00264990561734946,"CD8+ T Cell (CD161+ MAIT)","CyTOF","Human alphaherpesvirus 2 (HSV2).nasal","child",NA,0.00794971685204837
"1960","discretized_admit_age_quantile",4,3168,82.5101813211372,0,"CD8+ T Cell (CD161+ MAIT)","CyTOF","Human alphaherpesvirus 2 (HSV2).nasal","child",NA,0
"1961","virus_positive",1,3168,0.745904933073347,0.387841239987573,"CD8+ T Cell (CD161+ MAIT)","CyTOF","Human alphaherpesvirus 2 (HSV2).nasal","child",-0.152400468080109,0.97563920904683
"1962","event_type",11,3168,11.4961544558575,0,"CD8+ T Cell (CD161+ MAIT)","CyTOF","Human alphaherpesvirus 2 (HSV2).nasal","child",NA,0
"1963","(Intercept)",1,3168,0.116814810898513,0.732537763274224,"CD8+ T Cell (CM)","CyTOF","Human alphaherpesvirus 2 (HSV2).nasal","child",-0.108905572691979,0.857908458395273
"1964","trajectory_group",1,3168,18.2319353149503,2.01315753101117e-05,"CD8+ T Cell (CM)","CyTOF","Human alphaherpesvirus 2 (HSV2).nasal","child",-0.0721194327287887,8.55591950679746e-05
"1965","sex",1,3168,0.900436872443323,0.342736975938474,"CD8+ T Cell (CM)","CyTOF","Human alphaherpesvirus 2 (HSV2).nasal","child",NA,0.436989644321555
"1966","discretized_admit_age_quantile",4,3168,4.97213709770036,0.000538858339988568,"CD8+ T Cell (CM)","CyTOF","Human alphaherpesvirus 2 (HSV2).nasal","child",NA,0.00105699135920835
"1967","virus_positive",1,3168,1.67456967372614,0.195741907636166,"CD8+ T Cell (CM)","CyTOF","Human alphaherpesvirus 2 (HSV2).nasal","child",-0.241905727777604,0.97563920904683
"1968","event_type",11,3168,15.8750259813597,0,"CD8+ T Cell (CM)","CyTOF","Human alphaherpesvirus 2 (HSV2).nasal","child",NA,0
"1969","(Intercept)",1,3168,0.22594473483975,0.634579957624768,"CD8+ T Cell (EM CD27hi)","CyTOF","Human alphaherpesvirus 2 (HSV2).nasal","child",-0.147012751907441,0.829835329201619
"1970","trajectory_group",1,3168,45.8883472919684,1.4863998920589e-11,"CD8+ T Cell (EM CD27hi)","CyTOF","Human alphaherpesvirus 2 (HSV2).nasal","child",-0.111337739203341,9.47579931187548e-11
"1971","sex",1,3168,15.7375465886221,7.43769900843905e-05,"CD8+ T Cell (EM CD27hi)","CyTOF","Human alphaherpesvirus 2 (HSV2).nasal","child",NA,0.000421469610478213
"1972","discretized_admit_age_quantile",4,3168,6.30921283664938,4.70473119770221e-05,"CD8+ T Cell (EM CD27hi)","CyTOF","Human alphaherpesvirus 2 (HSV2).nasal","child",NA,0.000119970645541406
"1973","virus_positive",1,3168,2.35078331914448,0.125319923602108,"CD8+ T Cell (EM CD27hi)","CyTOF","Human alphaherpesvirus 2 (HSV2).nasal","child",-0.276319061908782,0.97563920904683
"1974","event_type",11,3168,30.0310076774935,0,"CD8+ T Cell (EM CD27hi)","CyTOF","Human alphaherpesvirus 2 (HSV2).nasal","child",NA,0
"1975","(Intercept)",1,3168,2.68592433890049,0.101337760853986,"CD8+ T Cell (EM CD27low)","CyTOF","Human alphaherpesvirus 2 (HSV2).nasal","child",0.546694396068349,0.287123655752962
"1976","trajectory_group",1,3168,0.159255996417782,0.689869326355696,"CD8+ T Cell (EM CD27low)","CyTOF","Human alphaherpesvirus 2 (HSV2).nasal","child",-0.00706454237364033,0.768683668898893
"1977","sex",1,3168,3.25440834877162,0.0713265899883126,"CD8+ T Cell (EM CD27low)","CyTOF","Human alphaherpesvirus 2 (HSV2).nasal","child",NA,0.125436416875998
"1978","discretized_admit_age_quantile",4,3168,0.506106492164038,0.731267534606959,"CD8+ T Cell (EM CD27low)","CyTOF","Human alphaherpesvirus 2 (HSV2).nasal","child",NA,0.776971755519894
"1979","virus_positive",1,3168,1.86971614728433,0.171604595725956,"CD8+ T Cell (EM CD27low)","CyTOF","Human alphaherpesvirus 2 (HSV2).nasal","child",-0.267355566205144,0.97563920904683
"1980","event_type",11,3168,1.23036899742845,0.260435449650726,"CD8+ T Cell (EM CD27low)","CyTOF","Human alphaherpesvirus 2 (HSV2).nasal","child",NA,0.30186836209516
"1981","(Intercept)",1,3168,0.00168846951544075,0.967225946278951,"CD8+ T Cell (EM CD57hi)","CyTOF","Human alphaherpesvirus 2 (HSV2).nasal","child",0.013178902129095,0.967225946278951
"1982","trajectory_group",1,3168,0.316261274587354,0.573902981670226,"CD8+ T Cell (EM CD57hi)","CyTOF","Human alphaherpesvirus 2 (HSV2).nasal","child",0.0095854386481088,0.696882192028131
"1983","sex",1,3168,13.4350041546026,0.000251023834701658,"CD8+ T Cell (EM CD57hi)","CyTOF","Human alphaherpesvirus 2 (HSV2).nasal","child",NA,0.00128022155697846
"1984","discretized_admit_age_quantile",4,3168,3.33555640567069,0.00982037086412957,"CD8+ T Cell (EM CD57hi)","CyTOF","Human alphaherpesvirus 2 (HSV2).nasal","child",NA,0.0172703073817451
"1985","virus_positive",1,3168,0.584594213207445,0.444574096201588,"CD8+ T Cell (EM CD57hi)","CyTOF","Human alphaherpesvirus 2 (HSV2).nasal","child",-0.142916828550915,0.97563920904683
"1986","event_type",11,3168,14.9138294209703,0,"CD8+ T Cell (EM CD57hi)","CyTOF","Human alphaherpesvirus 2 (HSV2).nasal","child",NA,0
"1987","(Intercept)",1,3168,3.99261662623728,0.0457853779744596,"CD8+ T Cell (EMRA CD57hi)","CyTOF","Human alphaherpesvirus 2 (HSV2).nasal","child",-0.647089518144409,0.155670285113163
"1988","trajectory_group",1,3168,1.29049514937382,0.256042649731275,"CD8+ T Cell (EMRA CD57hi)","CyTOF","Human alphaherpesvirus 2 (HSV2).nasal","child",-0.0195524110029768,0.435272504543167
"1989","sex",1,3168,0.0627263484267029,0.80225383855151,"CD8+ T Cell (EMRA CD57hi)","CyTOF","Human alphaherpesvirus 2 (HSV2).nasal","child",NA,0.900121678277242
"1990","discretized_admit_age_quantile",4,3168,6.15184922206151,6.28178203976315e-05,"CD8+ T Cell (EMRA CD57hi)","CyTOF","Human alphaherpesvirus 2 (HSV2).nasal","child",NA,0.000152557563822819
"1991","virus_positive",1,3168,0.460033655837627,0.497657781774931,"CD8+ T Cell (EMRA CD57hi)","CyTOF","Human alphaherpesvirus 2 (HSV2).nasal","child",-0.128440979363371,0.97563920904683
"1992","event_type",11,3168,16.35098773093,0,"CD8+ T Cell (EMRA CD57hi)","CyTOF","Human alphaherpesvirus 2 (HSV2).nasal","child",NA,0
"1993","(Intercept)",1,3168,2.36681266655131,0.124039742153285,"CD8+ T Cell (EMRA CD57low)","CyTOF","Human alphaherpesvirus 2 (HSV2).nasal","child",-0.493386215524808,0.332948781569344
"1994","trajectory_group",1,3168,2.27951510140483,0.131192579932678,"CD8+ T Cell (EMRA CD57low)","CyTOF","Human alphaherpesvirus 2 (HSV2).nasal","child",-0.0257161681760439,0.247808206539503
"1995","sex",1,3168,26.013770342335,3.5892510408253e-07,"CD8+ T Cell (EMRA CD57low)","CyTOF","Human alphaherpesvirus 2 (HSV2).nasal","child",NA,2.28814753852613e-06
"1996","discretized_admit_age_quantile",4,3168,13.1886309297201,1.17305054558869e-10,"CD8+ T Cell (EMRA CD57low)","CyTOF","Human alphaherpesvirus 2 (HSV2).nasal","child",NA,5.98255778250234e-10
"1997","virus_positive",1,3168,0.0621141167449874,0.803201322230423,"CD8+ T Cell (EMRA CD57low)","CyTOF","Human alphaherpesvirus 2 (HSV2).nasal","child",-0.0464957495346503,0.97563920904683
"1998","event_type",11,3168,12.8272002229726,0,"CD8+ T Cell (EMRA CD57low)","CyTOF","Human alphaherpesvirus 2 (HSV2).nasal","child",NA,0
"1999","(Intercept)",1,3168,6.85875019803381,0.00886286113692225,"CD8+ T Cell (activated)","CyTOF","Human alphaherpesvirus 2 (HSV2).nasal","child",0.842248016951306,0.0753343196638391
"2000","trajectory_group",1,3168,0.154527239407047,0.694272422315514,"CD8+ T Cell (activated)","CyTOF","Human alphaherpesvirus 2 (HSV2).nasal","child",0.00670423022194063,0.768683668898893
"2001","sex",1,3168,2.26708461731266,0.132247981329554,"CD8+ T Cell (activated)","CyTOF","Human alphaherpesvirus 2 (HSV2).nasal","child",NA,0.217569259606685
"2002","discretized_admit_age_quantile",4,3168,4.10076201470131,0.00256551228266277,"CD8+ T Cell (activated)","CyTOF","Human alphaherpesvirus 2 (HSV2).nasal","child",NA,0.00467289737199291
"2003","virus_positive",1,3168,2.76249529447043,0.0965965509196964,"CD8+ T Cell (activated)","CyTOF","Human alphaherpesvirus 2 (HSV2).nasal","child",0.313492985999658,0.97563920904683
"2004","event_type",11,3168,24.7727573279388,0,"CD8+ T Cell (activated)","CyTOF","Human alphaherpesvirus 2 (HSV2).nasal","child",NA,0
"2005","(Intercept)",1,3168,43.0468683167043,6.21926954380569e-11,"CD8+ T Cell (naive)","CyTOF","Human alphaherpesvirus 2 (HSV2).nasal","child",1.70229615395169,3.1718274673409e-09
"2006","trajectory_group",1,3168,51.4010341515715,9.32920407592519e-13,"CD8+ T Cell (naive)","CyTOF","Human alphaherpesvirus 2 (HSV2).nasal","child",-0.0988552705550433,7.92982346453641e-12
"2007","sex",1,3168,82.8665999687391,0,"CD8+ T Cell (naive)","CyTOF","Human alphaherpesvirus 2 (HSV2).nasal","child",NA,0
"2008","discretized_admit_age_quantile",4,3168,336.232439318162,0,"CD8+ T Cell (naive)","CyTOF","Human alphaherpesvirus 2 (HSV2).nasal","child",NA,0
"2009","virus_positive",1,3168,0.0567667427369319,0.811696618172194,"CD8+ T Cell (naive)","CyTOF","Human alphaherpesvirus 2 (HSV2).nasal","child",0.0361578659344166,0.97563920904683
"2010","event_type",11,3168,1.73675009738227,0.0597796170755041,"CD8+ T Cell (naive)","CyTOF","Human alphaherpesvirus 2 (HSV2).nasal","child",NA,0.0725895350202549
"2011","(Intercept)",1,3168,5.6931578650255,0.0170895785156038,"Conventional DC","CyTOF","Human alphaherpesvirus 2 (HSV2).nasal","child",-0.777453988795716,0.112443863238879
"2012","trajectory_group",1,3168,2.17419013261881,0.1404427429221,"Conventional DC","CyTOF","Human alphaherpesvirus 2 (HSV2).nasal","child",-0.0255375895677596,0.255806424608111
"2013","sex",1,3168,4.17698746062877,0.0410590157301884,"Conventional DC","CyTOF","Human alphaherpesvirus 2 (HSV2).nasal","child",NA,0.0805388385476773
"2014","discretized_admit_age_quantile",4,3168,0.945834119315333,0.436273200965543,"Conventional DC","CyTOF","Human alphaherpesvirus 2 (HSV2).nasal","child",NA,0.494442961094282
"2015","virus_positive",1,3168,0.114942354800396,0.734608474255409,"Conventional DC","CyTOF","Human alphaherpesvirus 2 (HSV2).nasal","child",0.0644374549218795,0.97563920904683
"2016","event_type",11,3168,3.75901041857519,2.28006253331081e-05,"Conventional DC","CyTOF","Human alphaherpesvirus 2 (HSV2).nasal","child",NA,3.63384966246411e-05
"2017","(Intercept)",1,3168,2.19671748078317,0.138404436421054,"Hematopoetic progenitor Cell","CyTOF","Human alphaherpesvirus 2 (HSV2).nasal","child",-0.484306597405006,0.336125059879702
"2018","trajectory_group",1,3168,27.4450318957619,1.72193908243301e-07,"Hematopoetic progenitor Cell","CyTOF","Human alphaherpesvirus 2 (HSV2).nasal","child",0.0909772795729272,8.78188932040835e-07
"2019","sex",1,3168,4.26246130414303,0.0390446405456395,"Hematopoetic progenitor Cell","CyTOF","Human alphaherpesvirus 2 (HSV2).nasal","child",NA,0.0804154403765111
"2020","discretized_admit_age_quantile",4,3168,3.00298803831991,0.0174032482725417,"Hematopoetic progenitor Cell","CyTOF","Human alphaherpesvirus 2 (HSV2).nasal","child",NA,0.0286311503838589
"2021","virus_positive",1,3168,0.443620587229892,0.505428603982008,"Hematopoetic progenitor Cell","CyTOF","Human alphaherpesvirus 2 (HSV2).nasal","child",0.127284481445472,0.97563920904683
"2022","event_type",11,3168,7.80251945295907,1.72417635724287e-13,"Hematopoetic progenitor Cell","CyTOF","Human alphaherpesvirus 2 (HSV2).nasal","child",NA,3.51731976877545e-13
"2023","(Intercept)",1,3168,0.305768714725833,0.580327368541966,"ILC","CyTOF","Human alphaherpesvirus 2 (HSV2).nasal","child",-0.179201515710045,0.778860415674744
"2024","trajectory_group",1,3168,0.482505467301208,0.48734056735815,"ILC","CyTOF","Human alphaherpesvirus 2 (HSV2).nasal","child",0.0119503416745136,0.671739700953126
"2025","sex",1,3168,1.35246811556533,0.24493469180757,"ILC","CyTOF","Human alphaherpesvirus 2 (HSV2).nasal","child",NA,0.346990813394057
"2026","discretized_admit_age_quantile",4,3168,1.19781505425231,0.309623889134246,"ILC","CyTOF","Human alphaherpesvirus 2 (HSV2).nasal","child",NA,0.367228333624339
"2027","virus_positive",1,3168,1.11113335114828,0.291916101491133,"ILC","CyTOF","Human alphaherpesvirus 2 (HSV2).nasal","child",0.198522311881203,0.97563920904683
"2028","event_type",11,3168,2.23119355964061,0.0108428040616326,"ILC","CyTOF","Human alphaherpesvirus 2 (HSV2).nasal","child",NA,0.0141790514652119
"2029","(Intercept)",1,3168,7.13974528515931,0.00757799311372653,"Monocytes (CD14+CD16+)","CyTOF","Human alphaherpesvirus 2 (HSV2).nasal","child",-0.869508466955094,0.0753343196638391
"2030","trajectory_group",1,3168,8.96517339789651,0.00277302644764743,"Monocytes (CD14+CD16+)","CyTOF","Human alphaherpesvirus 2 (HSV2).nasal","child",-0.0517940443771697,0.00831907934294229
"2031","sex",1,3168,5.53295848376379,0.0187224013517899,"Monocytes (CD14+CD16+)","CyTOF","Human alphaherpesvirus 2 (HSV2).nasal","child",NA,0.0454686889972041
"2032","discretized_admit_age_quantile",4,3168,9.72765978821326,8.08901060578293e-08,"Monocytes (CD14+CD16+)","CyTOF","Human alphaherpesvirus 2 (HSV2).nasal","child",NA,3.17338108380715e-07
"2033","virus_positive",1,3168,0.999382961880575,0.317536209152824,"Monocytes (CD14+CD16+)","CyTOF","Human alphaherpesvirus 2 (HSV2).nasal","child",0.189932064242458,0.97563920904683
"2034","event_type",11,3168,8.53407017701498,5.10702591327572e-15,"Monocytes (CD14+CD16+)","CyTOF","Human alphaherpesvirus 2 (HSV2).nasal","child",NA,1.08524300657109e-14
"2035","(Intercept)",1,3168,1.63715080017278,0.200810537356242,"Monocytes (CD14+CD16-)","CyTOF","Human alphaherpesvirus 2 (HSV2).nasal","child",-0.35971800527917,0.445275539355145
"2036","trajectory_group",1,3168,169.001275499256,0,"Monocytes (CD14+CD16-)","CyTOF","Human alphaherpesvirus 2 (HSV2).nasal","child",0.194233313209541,0
"2037","sex",1,3168,86.2675470205079,0,"Monocytes (CD14+CD16-)","CyTOF","Human alphaherpesvirus 2 (HSV2).nasal","child",NA,0
"2038","discretized_admit_age_quantile",4,3168,15.4514884598668,1.599387289275e-12,"Monocytes (CD14+CD16-)","CyTOF","Human alphaherpesvirus 2 (HSV2).nasal","child",NA,1.16526788218607e-11
"2039","virus_positive",1,3168,3.03875968329743,0.0813950262333414,"Monocytes (CD14+CD16-)","CyTOF","Human alphaherpesvirus 2 (HSV2).nasal","child",0.286631445629631,0.97563920904683
"2040","event_type",11,3168,49.1044673186491,0,"Monocytes (CD14+CD16-)","CyTOF","Human alphaherpesvirus 2 (HSV2).nasal","child",NA,0
"2041","(Intercept)",1,3168,15.2681301870884,9.52270943023192e-05,"Monocytes (CD14-CD16+)","CyTOF","Human alphaherpesvirus 2 (HSV2).nasal","child",-1.08980682305778,0.00242829090470914
"2042","trajectory_group",1,3168,0.0366326388922008,0.848227189143073,"Monocytes (CD14-CD16+)","CyTOF","Human alphaherpesvirus 2 (HSV2).nasal","child",-0.00283362337715494,0.882848707067281
"2043","sex",1,3168,7.32231024466351,0.00684687048617039,"Monocytes (CD14-CD16+)","CyTOF","Human alphaherpesvirus 2 (HSV2).nasal","child",NA,0.0183784418312995
"2044","discretized_admit_age_quantile",4,3168,5.91951546551476,9.6171121096944e-05,"Monocytes (CD14-CD16+)","CyTOF","Human alphaherpesvirus 2 (HSV2).nasal","child",NA,0.000222942144361098
"2045","virus_positive",1,3168,0.551154635587134,0.457901334046721,"Monocytes (CD14-CD16+)","CyTOF","Human alphaherpesvirus 2 (HSV2).nasal","child",-0.120311719584451,0.97563920904683
"2046","event_type",11,3168,117.940597045278,0,"Monocytes (CD14-CD16+)","CyTOF","Human alphaherpesvirus 2 (HSV2).nasal","child",NA,0
"2047","(Intercept)",1,3168,1.01583548144784,0.313585859034799,"NK Cell (CD56hi CD16low)","CyTOF","Human alphaherpesvirus 2 (HSV2).nasal","child",-0.322936045789027,0.572125404990976
"2048","trajectory_group",1,3168,9.23432616386159,0.00239458916074486,"NK Cell (CD56hi CD16low)","CyTOF","Human alphaherpesvirus 2 (HSV2).nasal","child",-0.051738684729751,0.00763275294987426
"2049","sex",1,3168,0.027451122575287,0.868416365222755,"NK Cell (CD56hi CD16low)","CyTOF","Human alphaherpesvirus 2 (HSV2).nasal","child",NA,0.905145126092047
"2050","discretized_admit_age_quantile",4,3168,2.37316361021527,0.0501297757922998,"NK Cell (CD56hi CD16low)","CyTOF","Human alphaherpesvirus 2 (HSV2).nasal","child",NA,0.0710171823724248
"2051","virus_positive",1,3168,0.836439666360809,0.360486620033901,"NK Cell (CD56hi CD16low)","CyTOF","Human alphaherpesvirus 2 (HSV2).nasal","child",-0.170713926190944,0.97563920904683
"2052","event_type",11,3168,3.78802686679623,2.0116846757956e-05,"NK Cell (CD56hi CD16low)","CyTOF","Human alphaherpesvirus 2 (HSV2).nasal","child",NA,3.41986394885252e-05
"2053","(Intercept)",1,3168,5.13567415463095,0.0235061621606099,"NK Cell (CD56low CD16hi CD57hi)","CyTOF","Human alphaherpesvirus 2 (HSV2).nasal","child",-0.712933378334253,0.112443863238879
"2054","trajectory_group",1,3168,0.533407408253696,0.465231830801218,"NK Cell (CD56low CD16hi CD57hi)","CyTOF","Human alphaherpesvirus 2 (HSV2).nasal","child",-0.0122104217451697,0.659078426968392
"2055","sex",1,3168,60.3219905358886,1.0769163338864e-14,"NK Cell (CD56low CD16hi CD57hi)","CyTOF","Human alphaherpesvirus 2 (HSV2).nasal","child",NA,1.83075776760688e-13
"2056","discretized_admit_age_quantile",4,3168,46.2652486135534,0,"NK Cell (CD56low CD16hi CD57hi)","CyTOF","Human alphaherpesvirus 2 (HSV2).nasal","child",NA,0
"2057","virus_positive",1,3168,1.2666793927352,0.260475805291522,"NK Cell (CD56low CD16hi CD57hi)","CyTOF","Human alphaherpesvirus 2 (HSV2).nasal","child",-0.206341120240419,0.97563920904683
"2058","event_type",11,3168,16.9603847899382,0,"NK Cell (CD56low CD16hi CD57hi)","CyTOF","Human alphaherpesvirus 2 (HSV2).nasal","child",NA,0
"2059","(Intercept)",1,3168,0.507149771839907,0.476427748453606,"NK Cell (CD56low CD16hi CD57low)","CyTOF","Human alphaherpesvirus 2 (HSV2).nasal","child",-0.23026235417771,0.722754306674152
"2060","trajectory_group",1,3168,4.67877654711457,0.030612059203319,"NK Cell (CD56low CD16hi CD57low)","CyTOF","Human alphaherpesvirus 2 (HSV2).nasal","child",-0.0370665734671306,0.0678789138856204
"2061","sex",1,3168,0.249041221783514,0.617785643495044,"NK Cell (CD56low CD16hi CD57low)","CyTOF","Human alphaherpesvirus 2 (HSV2).nasal","child",NA,0.716069723141983
"2062","discretized_admit_age_quantile",4,3168,5.54177192192295,0.000191715821522775,"NK Cell (CD56low CD16hi CD57low)","CyTOF","Human alphaherpesvirus 2 (HSV2).nasal","child",NA,0.000425108995550502
"2063","virus_positive",1,3168,1.66007708777042,0.197687004298513,"NK Cell (CD56low CD16hi CD57low)","CyTOF","Human alphaherpesvirus 2 (HSV2).nasal","child",-0.244432476607488,0.97563920904683
"2064","event_type",11,3168,9.20832180655742,2.22044604925031e-16,"NK Cell (CD56low CD16hi CD57low)","CyTOF","Human alphaherpesvirus 2 (HSV2).nasal","child",NA,5.39251183389362e-16
"2065","(Intercept)",1,3168,0.0431151949795495,0.835521863851187,"Plasmacytoid DC","CyTOF","Human alphaherpesvirus 2 (HSV2).nasal","child",0.0698927699744152,0.906630107583203
"2066","trajectory_group",1,3168,2.52560228413552,0.112111790044689,"Plasmacytoid DC","CyTOF","Human alphaherpesvirus 2 (HSV2).nasal","child",-0.0278301931526553,0.219911588164582
"2067","sex",1,3168,1.6220888474311,0.202894208768606,"Plasmacytoid DC","CyTOF","Human alphaherpesvirus 2 (HSV2).nasal","child",NA,0.295645847062826
"2068","discretized_admit_age_quantile",4,3168,0.464112899686767,0.762131932536216,"Plasmacytoid DC","CyTOF","Human alphaherpesvirus 2 (HSV2).nasal","child",NA,0.787306373414244
"2069","virus_positive",1,3168,0.0115552794799416,0.914402713219386,"Plasmacytoid DC","CyTOF","Human alphaherpesvirus 2 (HSV2).nasal","child",-0.0213270851896729,0.97563920904683
"2070","event_type",11,3168,1.42002760043459,0.156478977271284,"Plasmacytoid DC","CyTOF","Human alphaherpesvirus 2 (HSV2).nasal","child",NA,0.185591345135709
"2071","(Intercept)",1,3168,0.492480820264525,0.482874299860997,"Tier2_Bcell_Undefined","CyTOF","Human alphaherpesvirus 2 (HSV2).nasal","child",0.232748705566054,0.722754306674152
"2072","trajectory_group",1,3168,5.695583996502,0.0170660133576395,"Tier2_Bcell_Undefined","CyTOF","Human alphaherpesvirus 2 (HSV2).nasal","child",-0.0420091340654492,0.0414460324399816
"2073","sex",1,3168,1.2842086852901,0.257203718689415,"Tier2_Bcell_Undefined","CyTOF","Human alphaherpesvirus 2 (HSV2).nasal","child",NA,0.354524044680005
"2074","discretized_admit_age_quantile",4,3168,1.64480914092964,0.160157119276727,"Tier2_Bcell_Undefined","CyTOF","Human alphaherpesvirus 2 (HSV2).nasal","child",NA,0.199219831295441
"2075","virus_positive",1,3168,0.0357252929526829,0.850096023320629,"Tier2_Bcell_Undefined","CyTOF","Human alphaherpesvirus 2 (HSV2).nasal","child",-0.0367402759708231,0.97563920904683
"2076","event_type",11,3168,2.62406599797887,0.002459865293168,"Tier2_Bcell_Undefined","CyTOF","Human alphaherpesvirus 2 (HSV2).nasal","child",NA,0.00339062513382616
"2077","(Intercept)",1,3168,0.0722114532881263,0.788161204311464,"Tier2_NK_Undefined","CyTOF","Human alphaherpesvirus 2 (HSV2).nasal","child",0.0905897938169295,0.873830900432275
"2078","trajectory_group",1,3168,0.320697577491744,0.571228840719074,"Tier2_NK_Undefined","CyTOF","Human alphaherpesvirus 2 (HSV2).nasal","child",-0.0101107391704015,0.696882192028131
"2079","sex",1,3168,1.14757371653704,0.284139235044801,"Tier2_NK_Undefined","CyTOF","Human alphaherpesvirus 2 (HSV2).nasal","child",NA,0.371566691981663
"2080","discretized_admit_age_quantile",4,3168,0.631732540322735,0.639857631025653,"Tier2_NK_Undefined","CyTOF","Human alphaherpesvirus 2 (HSV2).nasal","child",NA,0.709407373528442
"2081","virus_positive",1,3168,0.00137890396584637,0.970380824220058,"Tier2_NK_Undefined","CyTOF","Human alphaherpesvirus 2 (HSV2).nasal","child",-0.0073477972940065,0.97563920904683
"2082","event_type",11,3168,2.76842040038935,0.00139578416175645,"Tier2_NK_Undefined","CyTOF","Human alphaherpesvirus 2 (HSV2).nasal","child",NA,0.00197736089582164
"2083","(Intercept)",1,3168,0.775953430717089,0.378448410311559,"Tier2_Tcell_Undefined","CyTOF","Human alphaherpesvirus 2 (HSV2).nasal","child",-0.262162959505444,0.629366235697777
"2084","trajectory_group",1,3168,0.125217249746871,0.723466982493075,"Tier2_Tcell_Undefined","CyTOF","Human alphaherpesvirus 2 (HSV2).nasal","child",0.00559815253941111,0.768683668898893
"2085","sex",1,3168,10.1133254568998,0.00148621820226214,"Tier2_Tcell_Undefined","CyTOF","Human alphaherpesvirus 2 (HSV2).nasal","child",NA,0.00505314188769126
"2086","discretized_admit_age_quantile",4,3168,1.32915122435557,0.256585514510351,"Tier2_Tcell_Undefined","CyTOF","Human alphaherpesvirus 2 (HSV2).nasal","child",NA,0.311568124762569
"2087","virus_positive",1,3168,0.208350447317241,0.648094681110844,"Tier2_Tcell_Undefined","CyTOF","Human alphaherpesvirus 2 (HSV2).nasal","child",-0.0792820278654214,0.97563920904683
"2088","event_type",11,3168,0.778887367284913,0.661667852999226,"Tier2_Tcell_Undefined","CyTOF","Human alphaherpesvirus 2 (HSV2).nasal","child",NA,0.703022093811677
"2089","(Intercept)",1,3168,0.00846331310272876,0.9267068223005,"Tier3_CD4_Undefined","CyTOF","Human alphaherpesvirus 2 (HSV2).nasal","child",0.0310771721183037,0.946116339222041
"2090","trajectory_group",1,3168,0.826888190108265,0.363243061232057,"Tier3_CD4_Undefined","CyTOF","Human alphaherpesvirus 2 (HSV2).nasal","child",-0.015543173402529,0.561375640085906
"2091","sex",1,3168,0.612937890966074,0.433742300498489,"Tier3_CD4_Undefined","CyTOF","Human alphaherpesvirus 2 (HSV2).nasal","child",NA,0.526687079176737
"2092","discretized_admit_age_quantile",4,3168,0.52892561523335,0.714495242097487,"Tier3_CD4_Undefined","CyTOF","Human alphaherpesvirus 2 (HSV2).nasal","child",NA,0.775303347807911
"2093","virus_positive",1,3168,0.00427347776041765,0.947882067433838,"Tier3_CD4_Undefined","CyTOF","Human alphaherpesvirus 2 (HSV2).nasal","child",-0.0130543925985838,0.97563920904683
"2094","event_type",11,3168,0.449585206755072,0.933630392149364,"Tier3_CD4_Undefined","CyTOF","Human alphaherpesvirus 2 (HSV2).nasal","child",NA,0.933630392149364
"2095","(Intercept)",1,3168,0.79308395040574,0.373236857743782,"Tier3_CD8_Undefined","CyTOF","Human alphaherpesvirus 2 (HSV2).nasal","child",0.290574705898646,0.629366235697777
"2096","trajectory_group",1,3168,0.125933534676091,0.722709742749231,"Tier3_CD8_Undefined","CyTOF","Human alphaherpesvirus 2 (HSV2).nasal","child",-0.00615296971050675,0.768683668898893
"2097","sex",1,3168,2.82938406341413,0.0926524031704423,"Tier3_CD8_Undefined","CyTOF","Human alphaherpesvirus 2 (HSV2).nasal","child",NA,0.157509085389752
"2098","discretized_admit_age_quantile",4,3168,2.34026266319191,0.0529180656303438,"Tier3_CD8_Undefined","CyTOF","Human alphaherpesvirus 2 (HSV2).nasal","child",NA,0.072941117490474
"2099","virus_positive",1,3168,0.281201908216905,0.595951688856866,"Tier3_CD8_Undefined","CyTOF","Human alphaherpesvirus 2 (HSV2).nasal","child",-0.101225326637861,0.97563920904683
"2100","event_type",11,3168,2.2399831566262,0.0105000726327951,"Tier3_CD8_Undefined","CyTOF","Human alphaherpesvirus 2 (HSV2).nasal","child",NA,0.0140922027440144
"2101","(Intercept)",1,3168,0.0082657295795743,0.927565038452981,"Tier4_Treg_Undefined","CyTOF","Human alphaherpesvirus 2 (HSV2).nasal","child",-0.0306641610352522,0.946116339222041
"2102","trajectory_group",1,3168,0.349903559635191,0.554209933095739,"Tier4_Treg_Undefined","CyTOF","Human alphaherpesvirus 2 (HSV2).nasal","child",-0.0100950778758482,0.696882192028131
"2103","sex",1,3168,6.1409718122818,0.0132602062678187,"Tier4_Treg_Undefined","CyTOF","Human alphaherpesvirus 2 (HSV2).nasal","child",NA,0.0338135259829376
"2104","discretized_admit_age_quantile",4,3168,0.426723842558135,0.789450357251463,"Tier4_Treg_Undefined","CyTOF","Human alphaherpesvirus 2 (HSV2).nasal","child",NA,0.789450357251463
"2105","virus_positive",1,3168,0.398071423103651,0.52813245221094,"Tier4_Treg_Undefined","CyTOF","Human alphaherpesvirus 2 (HSV2).nasal","child",-0.125795657148514,0.97563920904683
"2106","event_type",11,3168,0.465554104854445,0.925001352418554,"Tier4_Treg_Undefined","CyTOF","Human alphaherpesvirus 2 (HSV2).nasal","child",NA,0.933630392149364
"2107","(Intercept)",1,3168,0.496156079869568,0.481245768712672,"Tier4_nonTreg_Undefined","CyTOF","Human alphaherpesvirus 2 (HSV2).nasal","child",0.231149065773109,0.722754306674152
"2108","trajectory_group",1,3168,0.990920567176318,0.319593509228876,"Tier4_nonTreg_Undefined","CyTOF","Human alphaherpesvirus 2 (HSV2).nasal","child",-0.0173648075685942,0.5257828700217
"2109","sex",1,3168,0.811946976963198,0.367613747014372,"Tier4_nonTreg_Undefined","CyTOF","Human alphaherpesvirus 2 (HSV2).nasal","child",NA,0.457275636530072
"2110","discretized_admit_age_quantile",4,3168,4.29027419268604,0.00183173109238288,"Tier4_nonTreg_Undefined","CyTOF","Human alphaherpesvirus 2 (HSV2).nasal","child",NA,0.00345993650783433
"2111","virus_positive",1,3168,0.231843314042277,0.630193651592264,"Tier4_nonTreg_Undefined","CyTOF","Human alphaherpesvirus 2 (HSV2).nasal","child",0.0922789939922215,0.97563920904683
"2112","event_type",11,3168,3.95875743510861,9.58681741980438e-06,"Tier4_nonTreg_Undefined","CyTOF","Human alphaherpesvirus 2 (HSV2).nasal","child",NA,1.81084329040749e-05
"2113","(Intercept)",1,3168,0.0194465519583739,0.88910272148249,"gd T Cell","CyTOF","Human alphaherpesvirus 2 (HSV2).nasal","child",-0.044135755013946,0.944671641575145
"2114","trajectory_group",1,3168,3.48918915417789,0.0618630874070587,"gd T Cell","CyTOF","Human alphaherpesvirus 2 (HSV2).nasal","child",-0.0313576498077632,0.13145906074
"2115","sex",1,3168,0.0209512847011715,0.884920953042778,"gd T Cell","CyTOF","Human alphaherpesvirus 2 (HSV2).nasal","child",NA,0.905145126092047
"2116","discretized_admit_age_quantile",4,3168,9.08069021507249,2.72409351076419e-07,"gd T Cell","CyTOF","Human alphaherpesvirus 2 (HSV2).nasal","child",NA,9.26191793659825e-07
"2117","virus_positive",1,3168,0.000932623245984212,0.97563920904683,"gd T Cell","CyTOF","Human alphaherpesvirus 2 (HSV2).nasal","child",-0.00560793893519612,0.97563920904683
"2118","event_type",11,3168,2.05125056177056,0.0206690506295002,"gd T Cell","CyTOF","Human alphaherpesvirus 2 (HSV2).nasal","child",NA,0.0263530395526127
"2119","(Intercept)",1,3168,5.2956391278849,0.0214435031599127,"Basophil","CyTOF","Human alphaherpesvirus 2 (HSV2).nasal","child",-0.620268401699314,0.112443863238879
"2120","trajectory_group",1,3168,5.92752592897918,0.014961014436077,"Basophil","CyTOF","Human alphaherpesvirus 2 (HSV2).nasal","child",-0.0347860631053743,0.0381505868119964
"2121","sex",1,3168,4.24621690992513,0.0394193335178976,"Basophil","CyTOF","Human alphaherpesvirus 2 (HSV2).nasal","child",NA,0.0804154403765111
"2122","discretized_admit_age_quantile",4,3168,0.976892282558535,0.41882230173371,"Basophil","CyTOF","Human alphaherpesvirus 2 (HSV2).nasal","child",NA,0.485453122464073
"2123","virus_positive",1,3168,0.19069767877105,0.662366339309865,"Basophil","CyTOF","Human alphaherpesvirus 2 (HSV2).nasal","child",-0.0690522587226272,0.97563920904683
"2124","event_type",11,3168,117.149059704558,0,"Basophil","CyTOF","Human alphaherpesvirus 2 (HSV2).nasal","child",NA,0
"2125","(Intercept)",1,3168,2.03772788096906,0.153537246732604,"Eosinophil","CyTOF","Human alphaherpesvirus 2 (HSV2).nasal","child",-0.429051340848243,0.355927253789218
"2126","trajectory_group",1,3168,0.292942575270922,0.58837905702053,"Eosinophil","CyTOF","Human alphaherpesvirus 2 (HSV2).nasal","child",0.00864050183251375,0.697844928094117
"2127","sex",1,3168,4.65610078393421,0.0310183217616361,"Eosinophil","CyTOF","Human alphaherpesvirus 2 (HSV2).nasal","child",NA,0.0687797569497148
"2128","discretized_admit_age_quantile",4,3168,2.78457443655586,0.0252236834530616,"Eosinophil","CyTOF","Human alphaherpesvirus 2 (HSV2).nasal","child",NA,0.0402002455033169
"2129","virus_positive",1,3168,0.00665501319797726,0.934987239615471,"Eosinophil","CyTOF","Human alphaherpesvirus 2 (HSV2).nasal","child",0.0143575029432831,0.97563920904683
"2130","event_type",11,3168,48.5314922495003,0,"Eosinophil","CyTOF","Human alphaherpesvirus 2 (HSV2).nasal","child",NA,0
"2131","(Intercept)",1,3168,0.435894195846103,0.509158837278322,"Neutrophil (CD16hi)","CyTOF","Human alphaherpesvirus 2 (HSV2).nasal","child",0.201654901442278,0.722754306674152
"2132","trajectory_group",1,3168,42.3685502055648,8.75655103982353e-11,"Neutrophil (CD16hi)","CyTOF","Human alphaherpesvirus 2 (HSV2).nasal","child",0.105571856042625,4.96204558923334e-10
"2133","sex",1,3168,10.802213343898,0.00102484289614457,"Neutrophil (CD16hi)","CyTOF","Human alphaherpesvirus 2 (HSV2).nasal","child",NA,0.00373335626452666
"2134","discretized_admit_age_quantile",4,3168,11.8550523417742,1.46495215957998e-09,"Neutrophil (CD16hi)","CyTOF","Human alphaherpesvirus 2 (HSV2).nasal","child",NA,6.792050921689e-09
"2135","virus_positive",1,3168,2.42424128896716,0.11957095994761,"Neutrophil (CD16hi)","CyTOF","Human alphaherpesvirus 2 (HSV2).nasal","child",0.27855882508356,0.97563920904683
"2136","event_type",11,3168,22.3892510900712,0,"Neutrophil (CD16hi)","CyTOF","Human alphaherpesvirus 2 (HSV2).nasal","child",NA,0
"2137","(Intercept)",1,3168,3.18747533746928,0.0743001685635079,"Neutrophil (CD16low)","CyTOF","Human alphaherpesvirus 2 (HSV2).nasal","child",-0.5622231976258,0.222900505690524
"2138","trajectory_group",1,3168,65.9632417235537,6.66133814775094e-16,"Neutrophil (CD16low)","CyTOF","Human alphaherpesvirus 2 (HSV2).nasal","child",0.135643823601964,1.13242748511766e-14
"2139","sex",1,3168,0.268567631277374,0.604330430154506,"Neutrophil (CD16low)","CyTOF","Human alphaherpesvirus 2 (HSV2).nasal","child",NA,0.716069723141983
"2140","discretized_admit_age_quantile",4,3168,2.05142904414903,0.0845990502236992,"Neutrophil (CD16low)","CyTOF","Human alphaherpesvirus 2 (HSV2).nasal","child",NA,0.110629527215607
"2141","virus_positive",1,3168,0.152072541316068,0.696588795182018,"Neutrophil (CD16low)","CyTOF","Human alphaherpesvirus 2 (HSV2).nasal","child",-0.0720185631374497,0.97563920904683
"2142","event_type",11,3168,17.8180576132352,0,"Neutrophil (CD16low)","CyTOF","Human alphaherpesvirus 2 (HSV2).nasal","child",NA,0
"2143","(Intercept)",1,3168,0.347309044343105,0.555682404071706,"B Cell (CD11c+ CXCR5-)","CyTOF","Human alphaherpesvirus 1 (HSV1).nasal","child",-0.193778153605855,0.765940611017757
"2144","trajectory_group",1,3168,5.9478870966279,0.0147894941988607,"B Cell (CD11c+ CXCR5-)","CyTOF","Human alphaherpesvirus 1 (HSV1).nasal","child",0.0423858502467386,0.0377132102070947
"2145","sex",1,3168,0.030205558769372,0.862035741031949,"B Cell (CD11c+ CXCR5-)","CyTOF","Human alphaherpesvirus 1 (HSV1).nasal","child",NA,0.915919373156006
"2146","discretized_admit_age_quantile",4,3168,15.3028273310964,2.12141415545375e-12,"B Cell (CD11c+ CXCR5-)","CyTOF","Human alphaherpesvirus 1 (HSV1).nasal","child",NA,1.35240152410177e-11
"2147","virus_positive",1,3168,1.64260062973971,0.200062817409844,"B Cell (CD11c+ CXCR5-)","CyTOF","Human alphaherpesvirus 1 (HSV1).nasal","child",0.10957190872224,0.477906760350945
"2148","event_type",11,3168,1.74383425396637,0.0584280291287174,"B Cell (CD11c+ CXCR5-)","CyTOF","Human alphaherpesvirus 1 (HSV1).nasal","child",NA,0.0709483210848711
"2149","(Intercept)",1,3168,1.2237529942814,0.268709376700483,"B Cell (CD27+ non-switched memory)","CyTOF","Human alphaherpesvirus 1 (HSV1).nasal","child",0.369311390230363,0.527083777374024
"2150","trajectory_group",1,3168,0.429895848393654,0.512087669064638,"B Cell (CD27+ non-switched memory)","CyTOF","Human alphaherpesvirus 1 (HSV1).nasal","child",0.0116229738283057,0.684578214897466
"2151","sex",1,3168,3.59373400794626,0.0580887162352836,"B Cell (CD27+ non-switched memory)","CyTOF","Human alphaherpesvirus 1 (HSV1).nasal","child",NA,0.105804447428552
"2152","discretized_admit_age_quantile",4,3168,2.63825356443777,0.0322666979617667,"B Cell (CD27+ non-switched memory)","CyTOF","Human alphaherpesvirus 1 (HSV1).nasal","child",NA,0.0484000469426501
"2153","virus_positive",1,3168,1.90386118992463,0.167744137581028,"B Cell (CD27+ non-switched memory)","CyTOF","Human alphaherpesvirus 1 (HSV1).nasal","child",-0.119412425059433,0.439109640262918
"2154","event_type",11,3168,0.898135625358439,0.541382413230058,"B Cell (CD27+ non-switched memory)","CyTOF","Human alphaherpesvirus 1 (HSV1).nasal","child",NA,0.58745751222836
"2155","(Intercept)",1,3168,4.55255223933957,0.0329463205697402,"B Cell (CD27+ switched memory)","CyTOF","Human alphaherpesvirus 1 (HSV1).nasal","child",0.707693940300428,0.140021862421396
"2156","trajectory_group",1,3168,0.200050706178601,0.654710498197232,"B Cell (CD27+ switched memory)","CyTOF","Human alphaherpesvirus 1 (HSV1).nasal","child",0.00788547561104399,0.758868986546791
"2157","sex",1,3168,9.55630192582769,0.00200996618002025,"B Cell (CD27+ switched memory)","CyTOF","Human alphaherpesvirus 1 (HSV1).nasal","child",NA,0.00640676719881455
"2158","discretized_admit_age_quantile",4,3168,9.46079667063628,1.33529573065339e-07,"B Cell (CD27+ switched memory)","CyTOF","Human alphaherpesvirus 1 (HSV1).nasal","child",NA,4.86429159023733e-07
"2159","virus_positive",1,3168,2.62833079386605,0.105071534020629,"B Cell (CD27+ switched memory)","CyTOF","Human alphaherpesvirus 1 (HSV1).nasal","child",-0.13877784158287,0.358004713125309
"2160","event_type",11,3168,2.9492058504669,0.000677029545523844,"B Cell (CD27+ switched memory)","CyTOF","Human alphaherpesvirus 1 (HSV1).nasal","child",NA,0.00101554431828577
"2161","(Intercept)",1,3168,4.97935608032626,0.0257212308399424,"B Cell (CD71+ activated)","CyTOF","Human alphaherpesvirus 1 (HSV1).nasal","child",0.687983846603567,0.119252979348824
"2162","trajectory_group",1,3168,1.27748835512516,0.258452119744939,"B Cell (CD71+ activated)","CyTOF","Human alphaherpesvirus 1 (HSV1).nasal","child",0.0183648413528512,0.439368603566397
"2163","sex",1,3168,0.0101256940518131,0.91985332087107,"B Cell (CD71+ activated)","CyTOF","Human alphaherpesvirus 1 (HSV1).nasal","child",NA,0.938250387288492
"2164","discretized_admit_age_quantile",4,3168,3.2296955762897,0.0117923323711872,"B Cell (CD71+ activated)","CyTOF","Human alphaherpesvirus 1 (HSV1).nasal","child",NA,0.0200469650310182
"2165","virus_positive",1,3168,1.15865305318197,0.281827024048667,"B Cell (CD71+ activated)","CyTOF","Human alphaherpesvirus 1 (HSV1).nasal","child",0.0863736599170775,0.552814547172384
"2166","event_type",11,3168,3.69747814743219,2.97138229552463e-05,"B Cell (CD71+ activated)","CyTOF","Human alphaherpesvirus 1 (HSV1).nasal","child",NA,4.88840313134697e-05
"2167","(Intercept)",1,3168,0.430082223145471,0.511996228243649,"B Cell (Plasmablast)","CyTOF","Human alphaherpesvirus 1 (HSV1).nasal","child",0.192723512239486,0.739122859338533
"2168","trajectory_group",1,3168,7.10290894521883,0.00773493950510562,"B Cell (Plasmablast)","CyTOF","Human alphaherpesvirus 1 (HSV1).nasal","child",0.0415423322737844,0.0219156619311326
"2169","sex",1,3168,3.89227176781109,0.0485955752987899,"B Cell (Plasmablast)","CyTOF","Human alphaherpesvirus 1 (HSV1).nasal","child",NA,0.0917916422310475
"2170","discretized_admit_age_quantile",4,3168,1.99455122735767,0.0926577776321887,"B Cell (Plasmablast)","CyTOF","Human alphaherpesvirus 1 (HSV1).nasal","child",NA,0.118138666481041
"2171","virus_positive",1,3168,0.0112034560464647,0.915710939259002,"B Cell (Plasmablast)","CyTOF","Human alphaherpesvirus 1 (HSV1).nasal","child",0.00807215976813477,0.953086895963451
"2172","event_type",11,3168,79.9329440559294,0,"B Cell (Plasmablast)","CyTOF","Human alphaherpesvirus 1 (HSV1).nasal","child",NA,0
"2173","(Intercept)",1,3168,4.16351788125729,0.0413862817992084,"B Cell (naive)","CyTOF","Human alphaherpesvirus 1 (HSV1).nasal","child",0.648362250197671,0.156786666484396
"2174","trajectory_group",1,3168,13.1493533191004,0.000292149266172603,"B Cell (naive)","CyTOF","Human alphaherpesvirus 1 (HSV1).nasal","child",0.0612503818046286,0.00106425804105734
"2175","sex",1,3168,2.17089485543031,0.140743721057393,"B Cell (naive)","CyTOF","Human alphaherpesvirus 1 (HSV1).nasal","child",NA,0.227975956680601
"2176","discretized_admit_age_quantile",4,3168,28.5775589776241,0,"B Cell (naive)","CyTOF","Human alphaherpesvirus 1 (HSV1).nasal","child",NA,0
"2177","virus_positive",1,3168,0.66896689361839,0.413473537711917,"B Cell (naive)","CyTOF","Human alphaherpesvirus 1 (HSV1).nasal","child",-0.0671900100442635,0.698561822832102
"2178","event_type",11,3168,18.0308050265973,0,"B Cell (naive)","CyTOF","Human alphaherpesvirus 1 (HSV1).nasal","child",NA,0
"2179","(Intercept)",1,3168,9.18532190247094,0.00245936016690274,"B Cell (transitional)","CyTOF","Human alphaherpesvirus 1 (HSV1).nasal","child",0.969336921018303,0.0418091228373465
"2180","trajectory_group",1,3168,0.407080865171614,0.523500987862768,"B Cell (transitional)","CyTOF","Human alphaherpesvirus 1 (HSV1).nasal","child",0.0108479248610751,0.684578214897466
"2181","sex",1,3168,12.7589956997919,0.00035957450138735,"B Cell (transitional)","CyTOF","Human alphaherpesvirus 1 (HSV1).nasal","child",NA,0.0014106384285196
"2182","discretized_admit_age_quantile",4,3168,26.2262309601953,0,"B Cell (transitional)","CyTOF","Human alphaherpesvirus 1 (HSV1).nasal","child",NA,0
"2183","virus_positive",1,3168,8.2178866421804,0.0041753210771811,"B Cell (transitional)","CyTOF","Human alphaherpesvirus 1 (HSV1).nasal","child",-0.236833911598761,0.106470687468118
"2184","event_type",11,3168,8.49027678172462,6.21724893790088e-15,"B Cell (transitional)","CyTOF","Human alphaherpesvirus 1 (HSV1).nasal","child",NA,1.32116539930394e-14
"2185","(Intercept)",1,3168,1.2544718250567,0.262785002606662,"CD4+ NKT Cell","CyTOF","Human alphaherpesvirus 1 (HSV1).nasal","child",-0.373081962623439,0.527083777374024
"2186","trajectory_group",1,3168,0.640375089683393,0.423635007097228,"CD4+ NKT Cell","CyTOF","Human alphaherpesvirus 1 (HSV1).nasal","child",-0.0139397955900987,0.617296724627389
"2187","sex",1,3168,7.58213281329302,0.00592859463888495,"CD4+ NKT Cell","CyTOF","Human alphaherpesvirus 1 (HSV1).nasal","child",NA,0.016797684810174
"2188","discretized_admit_age_quantile",4,3168,5.51295887237321,0.000202046201179806,"CD4+ NKT Cell","CyTOF","Human alphaherpesvirus 1 (HSV1).nasal","child",NA,0.000429348177507088
"2189","virus_positive",1,3168,0.532358777292317,0.465670807724743,"CD4+ NKT Cell","CyTOF","Human alphaherpesvirus 1 (HSV1).nasal","child",-0.063359946824858,0.698750601132071
"2190","event_type",11,3168,0.929421969289459,0.510564981951165,"CD4+ NKT Cell","CyTOF","Human alphaherpesvirus 1 (HSV1).nasal","child",NA,0.566061175641508
"2191","(Intercept)",1,3168,0.132767498992595,0.715604001504133,"CD4+ T Cell (CM)","CyTOF","Human alphaherpesvirus 1 (HSV1).nasal","child",0.115942851924729,0.853049718628575
"2192","trajectory_group",1,3168,57.0820137389674,5.44009282066327e-14,"CD4+ T Cell (CM)","CyTOF","Human alphaherpesvirus 1 (HSV1).nasal","child",-0.127363856648613,6.43218811546831e-13
"2193","sex",1,3168,29.7000779429516,5.42945035597597e-08,"CD4+ T Cell (CM)","CyTOF","Human alphaherpesvirus 1 (HSV1).nasal","child",NA,3.95574240221107e-07
"2194","discretized_admit_age_quantile",4,3168,5.24954906091622,0.000326129032097944,"CD4+ T Cell (CM)","CyTOF","Human alphaherpesvirus 1 (HSV1).nasal","child",NA,0.000665303225479805
"2195","virus_positive",1,3168,3.63870777872165,0.0565410702188248,"CD4+ T Cell (CM)","CyTOF","Human alphaherpesvirus 1 (HSV1).nasal","child",-0.155514171748685,0.262144961923642
"2196","event_type",11,3168,8.9439285471899,6.66133814775094e-16,"CD4+ T Cell (CM)","CyTOF","Human alphaherpesvirus 1 (HSV1).nasal","child",NA,1.47707932841434e-15
"2197","(Intercept)",1,3168,1.0870131166429,0.297213508125575,"CD4+ T Cell (EM CD27hi)","CyTOF","Human alphaherpesvirus 1 (HSV1).nasal","child",0.293624865801772,0.561403293126086
"2198","trajectory_group",1,3168,92.6543528461553,0,"CD4+ T Cell (EM CD27hi)","CyTOF","Human alphaherpesvirus 1 (HSV1).nasal","child",-0.143559431684311,0
"2199","sex",1,3168,40.4612339991673,2.29401719842315e-10,"CD4+ T Cell (EM CD27hi)","CyTOF","Human alphaherpesvirus 1 (HSV1).nasal","child",NA,2.92487192798951e-09
"2200","discretized_admit_age_quantile",4,3168,15.7448196697903,9.15933995315754e-13,"CD4+ T Cell (EM CD27hi)","CyTOF","Human alphaherpesvirus 1 (HSV1).nasal","child",NA,7.78543896018391e-12
"2201","virus_positive",1,3168,2.77771922187066,0.0956830514213971,"CD4+ T Cell (EM CD27hi)","CyTOF","Human alphaherpesvirus 1 (HSV1).nasal","child",-0.120185507095464,0.358004713125309
"2202","event_type",11,3168,61.1389925404253,0,"CD4+ T Cell (EM CD27hi)","CyTOF","Human alphaherpesvirus 1 (HSV1).nasal","child",NA,0
"2203","(Intercept)",1,3168,1.22743930826369,0.267989716707586,"CD4+ T Cell (EM CD27low)","CyTOF","Human alphaherpesvirus 1 (HSV1).nasal","child",-0.338082001369167,0.527083777374024
"2204","trajectory_group",1,3168,56.7848410805406,6.30606677987089e-14,"CD4+ T Cell (EM CD27low)","CyTOF","Human alphaherpesvirus 1 (HSV1).nasal","child",-0.121422585777228,6.43218811546831e-13
"2205","sex",1,3168,12.8820690240244,0.000336772948647202,"CD4+ T Cell (EM CD27low)","CyTOF","Human alphaherpesvirus 1 (HSV1).nasal","child",NA,0.0014106384285196
"2206","discretized_admit_age_quantile",4,3168,2.32410194900609,0.0543413209099456,"CD4+ T Cell (EM CD27low)","CyTOF","Human alphaherpesvirus 1 (HSV1).nasal","child",NA,0.0746170275601477
"2207","virus_positive",1,3168,4.71279011747778,0.0300130422770344,"CD4+ T Cell (EM CD27low)","CyTOF","Human alphaherpesvirus 1 (HSV1).nasal","child",-0.16894513426426,0.236061823997707
"2208","event_type",11,3168,37.1550309652629,0,"CD4+ T Cell (EM CD27low)","CyTOF","Human alphaherpesvirus 1 (HSV1).nasal","child",NA,0
"2209","(Intercept)",1,3168,4.09714411125512,0.0430394770741478,"CD4+ T Cell (EM CD57hi)","CyTOF","Human alphaherpesvirus 1 (HSV1).nasal","child",-0.6694889296343,0.156786666484396
"2210","trajectory_group",1,3168,0.000432745278341449,0.983404489119447,"CD4+ T Cell (EM CD57hi)","CyTOF","Human alphaherpesvirus 1 (HSV1).nasal","child",-0.000364513755416586,0.983404489119447
"2211","sex",1,3168,13.4754493407869,0.000245692852965718,"CD4+ T Cell (EM CD57hi)","CyTOF","Human alphaherpesvirus 1 (HSV1).nasal","child",NA,0.00117645742619204
"2212","discretized_admit_age_quantile",4,3168,13.4072930357112,7.74980080109344e-11,"CD4+ T Cell (EM CD57hi)","CyTOF","Human alphaherpesvirus 1 (HSV1).nasal","child",NA,4.39155378728628e-10
"2213","virus_positive",1,3168,1.92806227759337,0.165068215212321,"CD4+ T Cell (EM CD57hi)","CyTOF","Human alphaherpesvirus 1 (HSV1).nasal","child",-0.117667415047014,0.439109640262918
"2214","event_type",11,3168,3.41185578543117,0.000100163064018055,"CD4+ T Cell (EM CD57hi)","CyTOF","Human alphaherpesvirus 1 (HSV1).nasal","child",NA,0.000154797462573358
"2215","(Intercept)",1,3168,3.78516029014944,0.0517972949111529,"CD4+ T Cell (EMRA CD57hi)","CyTOF","Human alphaherpesvirus 1 (HSV1).nasal","child",-0.647375746792688,0.1651038775293
"2216","trajectory_group",1,3168,1.10691224827057,0.292834385061009,"CD4+ T Cell (EMRA CD57hi)","CyTOF","Human alphaherpesvirus 1 (HSV1).nasal","child",-0.0185722246912766,0.481759794777789
"2217","sex",1,3168,0.0409826056538211,0.839584500638119,"CD4+ T Cell (EMRA CD57hi)","CyTOF","Human alphaherpesvirus 1 (HSV1).nasal","child",NA,0.915919373156006
"2218","discretized_admit_age_quantile",4,3168,8.7669975903558,4.90193997615407e-07,"CD4+ T Cell (EMRA CD57hi)","CyTOF","Human alphaherpesvirus 1 (HSV1).nasal","child",NA,1.56249336739911e-06
"2219","virus_positive",1,3168,4.33289142740497,0.0374627976080124,"CD4+ T Cell (EMRA CD57hi)","CyTOF","Human alphaherpesvirus 1 (HSV1).nasal","child",0.179718579588473,0.236061823997707
"2220","event_type",11,3168,1.37958380182913,0.175258509238102,"CD4+ T Cell (EMRA CD57hi)","CyTOF","Human alphaherpesvirus 1 (HSV1).nasal","child",NA,0.207864743514958
"2221","(Intercept)",1,3168,0.793230114474779,0.373192825363184,"CD4+ T Cell (EMRA CD57low)","CyTOF","Human alphaherpesvirus 1 (HSV1).nasal","child",-0.297749241255964,0.634427803117413
"2222","trajectory_group",1,3168,0.686968269005137,0.407259943681451,"CD4+ T Cell (EMRA CD57low)","CyTOF","Human alphaherpesvirus 1 (HSV1).nasal","child",-0.0147119291656948,0.610889915522177
"2223","sex",1,3168,2.12635850490214,0.144883485773993,"CD4+ T Cell (EMRA CD57low)","CyTOF","Human alphaherpesvirus 1 (HSV1).nasal","child",NA,0.227975956680601
"2224","discretized_admit_age_quantile",4,3168,7.09875035033195,1.09578515422593e-05,"CD4+ T Cell (EMRA CD57low)","CyTOF","Human alphaherpesvirus 1 (HSV1).nasal","child",NA,2.9413180455538e-05
"2225","virus_positive",1,3168,0.652661870507949,0.419223251548798,"CD4+ T Cell (EMRA CD57low)","CyTOF","Human alphaherpesvirus 1 (HSV1).nasal","child",0.0700212049557683,0.698561822832102
"2226","event_type",11,3168,0.663923811725534,0.773863960954441,"CD4+ T Cell (EMRA CD57low)","CyTOF","Human alphaherpesvirus 1 (HSV1).nasal","child",NA,0.80545024507503
"2227","(Intercept)",1,3168,5.12810460863722,0.0236087230786104,"CD4+ T Cell (activated)","CyTOF","Human alphaherpesvirus 1 (HSV1).nasal","child",0.691288171989259,0.119252979348824
"2228","trajectory_group",1,3168,11.9706911679967,0.000547575816450374,"CD4+ T Cell (activated)","CyTOF","Human alphaherpesvirus 1 (HSV1).nasal","child",0.0551786819380536,0.00186175777593127
"2229","sex",1,3168,0.00421978241827787,0.948210064480332,"CD4+ T Cell (activated)","CyTOF","Human alphaherpesvirus 1 (HSV1).nasal","child",NA,0.948210064480332
"2230","discretized_admit_age_quantile",4,3168,7.60650611758305,4.2713764254465e-06,"CD4+ T Cell (activated)","CyTOF","Human alphaherpesvirus 1 (HSV1).nasal","child",NA,1.21022332054318e-05
"2231","virus_positive",1,3168,15.2254205139154,9.73944299620388e-05,"CD4+ T Cell (activated)","CyTOF","Human alphaherpesvirus 1 (HSV1).nasal","child",0.299967361298637,0.00496711592806398
"2232","event_type",11,3168,35.1945001134084,0,"CD4+ T Cell (activated)","CyTOF","Human alphaherpesvirus 1 (HSV1).nasal","child",NA,0
"2233","(Intercept)",1,3168,2.10531565486993,0.146887056492671,"CD4+ T Cell (naive)","CyTOF","Human alphaherpesvirus 1 (HSV1).nasal","child",0.469284490125552,0.351730542085059
"2234","trajectory_group",1,3168,14.7977954268319,0.000122032646861392,"CD4+ T Cell (naive)","CyTOF","Human alphaherpesvirus 1 (HSV1).nasal","child",-0.0661337705547359,0.000478743460763922
"2235","sex",1,3168,31.2392269073147,2.47442883960503e-08,"CD4+ T Cell (naive)","CyTOF","Human alphaherpesvirus 1 (HSV1).nasal","child",NA,2.10326451366427e-07
"2236","discretized_admit_age_quantile",4,3168,11.031512407577,6.941273111849e-09,"CD4+ T Cell (naive)","CyTOF","Human alphaherpesvirus 1 (HSV1).nasal","child",NA,2.95004107253583e-08
"2237","virus_positive",1,3168,2.62494761511123,0.105295503860385,"CD4+ T Cell (naive)","CyTOF","Human alphaherpesvirus 1 (HSV1).nasal","child",0.13525327330115,0.358004713125309
"2238","event_type",11,3168,3.67043532864784,3.33706116597554e-05,"CD4+ T Cell (naive)","CyTOF","Human alphaherpesvirus 1 (HSV1).nasal","child",NA,5.31844123327352e-05
"2239","(Intercept)",1,3168,0.0841378693054004,0.77178527743606,"CD4+ Treg (CD39hi)","CyTOF","Human alphaherpesvirus 1 (HSV1).nasal","child",-0.0941402846916141,0.863846073337013
"2240","trajectory_group",1,3168,4.66792988146863,0.0308056927042255,"CD4+ Treg (CD39hi)","CyTOF","Human alphaherpesvirus 1 (HSV1).nasal","child",-0.0369395643763716,0.069509428258323
"2241","sex",1,3168,5.14550192089854,0.0233736935539037,"CD4+ Treg (CD39hi)","CyTOF","Human alphaherpesvirus 1 (HSV1).nasal","child",NA,0.0541844714204132
"2242","discretized_admit_age_quantile",4,3168,8.44030518356629,9.02962996818246e-07,"CD4+ Treg (CD39hi)","CyTOF","Human alphaherpesvirus 1 (HSV1).nasal","child",NA,2.70888899045474e-06
"2243","virus_positive",1,3168,0.823440862033132,0.364245073722588,"CD4+ Treg (CD39hi)","CyTOF","Human alphaherpesvirus 1 (HSV1).nasal","child",-0.0748864121128381,0.688018472587111
"2244","event_type",11,3168,2.90829094526306,0.000798487848329366,"CD4+ Treg (CD39hi)","CyTOF","Human alphaherpesvirus 1 (HSV1).nasal","child",NA,0.0011635108647085
"2245","(Intercept)",1,3168,0.175858562287526,0.674985186291451,"CD4+ Treg (CD39low)","CyTOF","Human alphaherpesvirus 1 (HSV1).nasal","child",-0.139040429024965,0.839615719533268
"2246","trajectory_group",1,3168,2.49392970028509,0.114385882026836,"CD4+ Treg (CD39low)","CyTOF","Human alphaherpesvirus 1 (HSV1).nasal","child",-0.0278017659532603,0.226759349422352
"2247","sex",1,3168,1.85556255263379,0.17323466120422,"CD4+ Treg (CD39low)","CyTOF","Human alphaherpesvirus 1 (HSV1).nasal","child",NA,0.25985199180633
"2248","discretized_admit_age_quantile",4,3168,0.462140382748364,0.763578695473348,"CD4+ Treg (CD39low)","CyTOF","Human alphaherpesvirus 1 (HSV1).nasal","child",NA,0.778850269382815
"2249","virus_positive",1,3168,0.0588543965160051,0.808331566057018,"CD4+ Treg (CD39low)","CyTOF","Human alphaherpesvirus 1 (HSV1).nasal","child",-0.0208525032723044,0.89751760161918
"2250","event_type",11,3168,5.32486707886368,2.06687424952889e-08,"CD4+ Treg (CD39low)","CyTOF","Human alphaherpesvirus 1 (HSV1).nasal","child",NA,4.05425333561437e-08
"2251","(Intercept)",1,3168,0.129247018519315,0.719237998059386,"CD4+ Treg (naive)","CyTOF","Human alphaherpesvirus 1 (HSV1).nasal","child",0.11541620655891,0.853049718628575
"2252","trajectory_group",1,3168,0.0186521764212529,0.891377020219039,"CD4+ Treg (naive)","CyTOF","Human alphaherpesvirus 1 (HSV1).nasal","child",-0.00231446051046192,0.90920456062342
"2253","sex",1,3168,34.872303341018,3.89342713624785e-09,"CD4+ Treg (naive)","CyTOF","Human alphaherpesvirus 1 (HSV1).nasal","child",NA,3.97129567897281e-08
"2254","discretized_admit_age_quantile",4,3168,2.56073552008721,0.036732002534541,"CD4+ Treg (naive)","CyTOF","Human alphaherpesvirus 1 (HSV1).nasal","child",NA,0.0535237751217598
"2255","virus_positive",1,3168,0.531969979978946,0.465833734088048,"CD4+ Treg (naive)","CyTOF","Human alphaherpesvirus 1 (HSV1).nasal","child",0.0609105761653625,0.698750601132071
"2256","event_type",11,3168,26.1852445627942,0,"CD4+ Treg (naive)","CyTOF","Human alphaherpesvirus 1 (HSV1).nasal","child",NA,0
"2257","(Intercept)",1,3168,0.176401444343982,0.674512679993398,"CD8+ NKT Cell","CyTOF","Human alphaherpesvirus 1 (HSV1).nasal","child",-0.137100503956653,0.839615719533268
"2258","trajectory_group",1,3168,26.1800599772995,3.29539232790665e-07,"CD8+ NKT Cell","CyTOF","Human alphaherpesvirus 1 (HSV1).nasal","child",-0.0887811930779986,1.52786371566581e-06
"2259","sex",1,3168,1.20638513638555,0.272132687846801,"CD8+ NKT Cell","CyTOF","Human alphaherpesvirus 1 (HSV1).nasal","child",NA,0.364851018746413
"2260","discretized_admit_age_quantile",4,3168,2.64972364600892,0.0316521486520305,"CD8+ NKT Cell","CyTOF","Human alphaherpesvirus 1 (HSV1).nasal","child",NA,0.0484000469426501
"2261","virus_positive",1,3168,0.191849022033321,0.661411989461622,"CD8+ NKT Cell","CyTOF","Human alphaherpesvirus 1 (HSV1).nasal","child",-0.036977919757661,0.862614085732999
"2262","event_type",11,3168,3.75362798041629,2.33359103057884e-05,"CD8+ NKT Cell","CyTOF","Human alphaherpesvirus 1 (HSV1).nasal","child",NA,4.1125490141439e-05
"2263","(Intercept)",1,3168,7.50859615775357,0.00617494212657821,"CD8+ T Cell (CD161+ MAIT)","CyTOF","Human alphaherpesvirus 1 (HSV1).nasal","child",0.821321325203745,0.0787305121138722
"2264","trajectory_group",1,3168,45.6537008805335,1.672695315591e-11,"CD8+ T Cell (CD161+ MAIT)","CyTOF","Human alphaherpesvirus 1 (HSV1).nasal","child",-0.106059426207104,1.12043790911898e-10
"2265","sex",1,3168,8.86388106582183,0.00293071669740963,"CD8+ T Cell (CD161+ MAIT)","CyTOF","Human alphaherpesvirus 1 (HSV1).nasal","child",NA,0.00879215009222889
"2266","discretized_admit_age_quantile",4,3168,82.6726162188577,0,"CD8+ T Cell (CD161+ MAIT)","CyTOF","Human alphaherpesvirus 1 (HSV1).nasal","child",NA,0
"2267","virus_positive",1,3168,1.16420003833587,0.280678331864057,"CD8+ T Cell (CD161+ MAIT)","CyTOF","Human alphaherpesvirus 1 (HSV1).nasal","child",-0.0842904517491982,0.552814547172384
"2268","event_type",11,3168,11.1374281363504,0,"CD8+ T Cell (CD161+ MAIT)","CyTOF","Human alphaherpesvirus 1 (HSV1).nasal","child",NA,0
"2269","(Intercept)",1,3168,0.0827741663548952,0.773591381846683,"CD8+ T Cell (CM)","CyTOF","Human alphaherpesvirus 1 (HSV1).nasal","child",-0.0916380366150273,0.863846073337013
"2270","trajectory_group",1,3168,17.8549710421408,2.4512092658302e-05,"CD8+ T Cell (CM)","CyTOF","Human alphaherpesvirus 1 (HSV1).nasal","child",-0.0713407601869189,0.000104176393797784
"2271","sex",1,3168,1.01968812135915,0.312670117086712,"CD8+ T Cell (CM)","CyTOF","Human alphaherpesvirus 1 (HSV1).nasal","child",NA,0.398654399285557
"2272","discretized_admit_age_quantile",4,3168,4.92835571348333,0.000583178374586657,"CD8+ T Cell (CM)","CyTOF","Human alphaherpesvirus 1 (HSV1).nasal","child",NA,0.00114392681168921
"2273","virus_positive",1,3168,5.66546110679289,0.0173609915873758,"CD8+ T Cell (CM)","CyTOF","Human alphaherpesvirus 1 (HSV1).nasal","child",-0.196837082256615,0.177082114191233
"2274","event_type",11,3168,15.4846472751382,0,"CD8+ T Cell (CM)","CyTOF","Human alphaherpesvirus 1 (HSV1).nasal","child",NA,0
"2275","(Intercept)",1,3168,0.190863556999432,0.662228631441897,"CD8+ T Cell (EM CD27hi)","CyTOF","Human alphaherpesvirus 1 (HSV1).nasal","child",-0.135144939161728,0.839615719533268
"2276","trajectory_group",1,3168,45.555372445435,1.7575496613631e-11,"CD8+ T Cell (EM CD27hi)","CyTOF","Human alphaherpesvirus 1 (HSV1).nasal","child",-0.110956205331203,1.12043790911898e-10
"2277","sex",1,3168,15.3554187290796,9.09474065973193e-05,"CD8+ T Cell (EM CD27hi)","CyTOF","Human alphaherpesvirus 1 (HSV1).nasal","child",NA,0.000515368637384809
"2278","discretized_admit_age_quantile",4,3168,6.22391077127958,5.50321895170791e-05,"CD8+ T Cell (EM CD27hi)","CyTOF","Human alphaherpesvirus 1 (HSV1).nasal","child",NA,0.000140332083268552
"2279","virus_positive",1,3168,2.987915161426,0.0839855407594684,"CD8+ T Cell (EM CD27hi)","CyTOF","Human alphaherpesvirus 1 (HSV1).nasal","child",-0.137861943446267,0.356938548227741
"2280","event_type",11,3168,29.3427065854722,0,"CD8+ T Cell (EM CD27hi)","CyTOF","Human alphaherpesvirus 1 (HSV1).nasal","child",NA,0
"2281","(Intercept)",1,3168,2.77165822746709,0.096045603575035,"CD8+ T Cell (EM CD27low)","CyTOF","Human alphaherpesvirus 1 (HSV1).nasal","child",0.555574158023135,0.272129210129266
"2282","trajectory_group",1,3168,0.155453014390788,0.693404333266469,"CD8+ T Cell (EM CD27low)","CyTOF","Human alphaherpesvirus 1 (HSV1).nasal","child",-0.00698325270266771,0.775905159255847
"2283","sex",1,3168,3.12874225422471,0.0770192726427472,"CD8+ T Cell (EM CD27low)","CyTOF","Human alphaherpesvirus 1 (HSV1).nasal","child",NA,0.135447686371728
"2284","discretized_admit_age_quantile",4,3168,0.481557292496816,0.749321025126729,"CD8+ T Cell (EM CD27low)","CyTOF","Human alphaherpesvirus 1 (HSV1).nasal","child",NA,0.778850269382815
"2285","virus_positive",1,3168,1.29526963193356,0.255165152269089,"CD8+ T Cell (EM CD27low)","CyTOF","Human alphaherpesvirus 1 (HSV1).nasal","child",-0.0985065872772982,0.552814547172384
"2286","event_type",11,3168,1.23253200801718,0.259012876313291,"CD8+ T Cell (EM CD27low)","CyTOF","Human alphaherpesvirus 1 (HSV1).nasal","child",NA,0.293547926488396
"2287","(Intercept)",1,3168,0.00138771934477997,0.970286340532289,"CD8+ T Cell (EM CD57hi)","CyTOF","Human alphaherpesvirus 1 (HSV1).nasal","child",0.0119516210224561,0.970286340532289
"2288","trajectory_group",1,3168,0.294599857992256,0.587325981499943,"CD8+ T Cell (EM CD57hi)","CyTOF","Human alphaherpesvirus 1 (HSV1).nasal","child",0.00925468552831197,0.703579836349586
"2289","sex",1,3168,13.414686505392,0.000253745719374754,"CD8+ T Cell (EM CD57hi)","CyTOF","Human alphaherpesvirus 1 (HSV1).nasal","child",NA,0.00117645742619204
"2290","discretized_admit_age_quantile",4,3168,3.28203040654227,0.0107733785905062,"CD8+ T Cell (EM CD57hi)","CyTOF","Human alphaherpesvirus 1 (HSV1).nasal","child",NA,0.0189462864867523
"2291","virus_positive",1,3168,0.0383660742376725,0.844722448582758,"CD8+ T Cell (EM CD57hi)","CyTOF","Human alphaherpesvirus 1 (HSV1).nasal","child",0.0162058053164478,0.89751760161918
"2292","event_type",11,3168,14.9005042053989,0,"CD8+ T Cell (EM CD57hi)","CyTOF","Human alphaherpesvirus 1 (HSV1).nasal","child",NA,0
"2293","(Intercept)",1,3168,3.95734650386297,0.0467530701069953,"CD8+ T Cell (EMRA CD57hi)","CyTOF","Human alphaherpesvirus 1 (HSV1).nasal","child",-0.644399313777343,0.158960438363784
"2294","trajectory_group",1,3168,1.29183606970555,0.255795827987445,"CD8+ T Cell (EMRA CD57hi)","CyTOF","Human alphaherpesvirus 1 (HSV1).nasal","child",-0.0195682597691499,0.439368603566397
"2295","sex",1,3168,0.0564257186409932,0.812252489320354,"CD8+ T Cell (EMRA CD57hi)","CyTOF","Human alphaherpesvirus 1 (HSV1).nasal","child",NA,0.915919373156006
"2296","discretized_admit_age_quantile",4,3168,6.11334825119967,6.74166633293227e-05,"CD8+ T Cell (EMRA CD57hi)","CyTOF","Human alphaherpesvirus 1 (HSV1).nasal","child",NA,0.000163726182371212
"2297","virus_positive",1,3168,0.131899779734309,0.71649458816381,"CD8+ T Cell (EMRA CD57hi)","CyTOF","Human alphaherpesvirus 1 (HSV1).nasal","child",-0.0304426107246508,0.866054642700534
"2298","event_type",11,3168,16.1166359938172,0,"CD8+ T Cell (EMRA CD57hi)","CyTOF","Human alphaherpesvirus 1 (HSV1).nasal","child",NA,0
"2299","(Intercept)",1,3168,2.39381462760327,0.121915938959362,"CD8+ T Cell (EMRA CD57low)","CyTOF","Human alphaherpesvirus 1 (HSV1).nasal","child",-0.496292436080215,0.322967668804497
"2300","trajectory_group",1,3168,2.32739376032579,0.127214364091708,"CD8+ T Cell (EMRA CD57low)","CyTOF","Human alphaherpesvirus 1 (HSV1).nasal","child",-0.0259911503209404,0.240293798839893
"2301","sex",1,3168,25.9341045368938,3.73920686191909e-07,"CD8+ T Cell (EMRA CD57low)","CyTOF","Human alphaherpesvirus 1 (HSV1).nasal","child",NA,2.38374437447342e-06
"2302","discretized_admit_age_quantile",4,3168,13.1784036022063,1.19601217818399e-10,"CD8+ T Cell (EMRA CD57low)","CyTOF","Human alphaherpesvirus 1 (HSV1).nasal","child",NA,6.09966210873836e-10
"2303","virus_positive",1,3168,0.1740562131931,0.676560067241568,"CD8+ T Cell (EMRA CD57low)","CyTOF","Human alphaherpesvirus 1 (HSV1).nasal","child",0.0344470125330128,0.862614085732999
"2304","event_type",11,3168,12.827677100658,0,"CD8+ T Cell (EMRA CD57low)","CyTOF","Human alphaherpesvirus 1 (HSV1).nasal","child",NA,0
"2305","(Intercept)",1,3168,6.61217557298577,0.01017360725311,"CD8+ T Cell (activated)","CyTOF","Human alphaherpesvirus 1 (HSV1).nasal","child",0.82694949329596,0.0864756616514351
"2306","trajectory_group",1,3168,0.132166092826687,0.716220904931297,"CD8+ T Cell (activated)","CyTOF","Human alphaherpesvirus 1 (HSV1).nasal","child",0.00619967022823325,0.777175875563747
"2307","sex",1,3168,2.0987990395467,0.147513854322742,"CD8+ T Cell (activated)","CyTOF","Human alphaherpesvirus 1 (HSV1).nasal","child",NA,0.227975956680601
"2308","discretized_admit_age_quantile",4,3168,4.21394792152022,0.00209830887079199,"CD8+ T Cell (activated)","CyTOF","Human alphaherpesvirus 1 (HSV1).nasal","child",NA,0.00382191972894255
"2309","virus_positive",1,3168,4.16333600076284,0.041390719603414,"CD8+ T Cell (activated)","CyTOF","Human alphaherpesvirus 1 (HSV1).nasal","child",0.170320983667067,0.236061823997707
"2310","event_type",11,3168,23.9034905094353,0,"CD8+ T Cell (activated)","CyTOF","Human alphaherpesvirus 1 (HSV1).nasal","child",NA,0
"2311","(Intercept)",1,3168,42.4109061319524,8.5713991460068e-11,"CD8+ T Cell (naive)","CyTOF","Human alphaherpesvirus 1 (HSV1).nasal","child",1.68837128509109,4.37141356446347e-09
"2312","trajectory_group",1,3168,52.5119994683901,5.34683408659475e-13,"CD8+ T Cell (naive)","CyTOF","Human alphaherpesvirus 1 (HSV1).nasal","child",-0.0998400654033137,4.54480897360554e-12
"2313","sex",1,3168,82.0044244589301,0,"CD8+ T Cell (naive)","CyTOF","Human alphaherpesvirus 1 (HSV1).nasal","child",NA,0
"2314","discretized_admit_age_quantile",4,3168,336.474890572308,0,"CD8+ T Cell (naive)","CyTOF","Human alphaherpesvirus 1 (HSV1).nasal","child",NA,0
"2315","virus_positive",1,3168,5.99308433709796,0.014415957942054,"CD8+ T Cell (naive)","CyTOF","Human alphaherpesvirus 1 (HSV1).nasal","child",0.164290684566223,0.177082114191233
"2316","event_type",11,3168,1.79485426359152,0.0494790537008256,"CD8+ T Cell (naive)","CyTOF","Human alphaherpesvirus 1 (HSV1).nasal","child",NA,0.0615471155790758
"2317","(Intercept)",1,3168,5.69408842574376,0.0170805359563564,"Conventional DC","CyTOF","Human alphaherpesvirus 1 (HSV1).nasal","child",-0.777716303788455,0.119252979348824
"2318","trajectory_group",1,3168,2.15746300592077,0.141978058186408,"Conventional DC","CyTOF","Human alphaherpesvirus 1 (HSV1).nasal","child",-0.0254464609407571,0.258602891696671
"2319","sex",1,3168,4.18814749085886,0.0407899241248745,"Conventional DC","CyTOF","Human alphaherpesvirus 1 (HSV1).nasal","child",NA,0.0800110050141769
"2320","discretized_admit_age_quantile",4,3168,0.94012814992969,0.439535749899759,"Conventional DC","CyTOF","Human alphaherpesvirus 1 (HSV1).nasal","child",NA,0.49814051655306
"2321","virus_positive",1,3168,0.000713028661806001,0.97869862398015,"Conventional DC","CyTOF","Human alphaherpesvirus 1 (HSV1).nasal","child",0.00224630427025032,0.97869862398015
"2322","event_type",11,3168,3.7008664822467,2.92844330556097e-05,"Conventional DC","CyTOF","Human alphaherpesvirus 1 (HSV1).nasal","child",NA,4.88840313134697e-05
"2323","(Intercept)",1,3168,2.33427182958706,0.126653987766469,"Hematopoetic progenitor Cell","CyTOF","Human alphaherpesvirus 1 (HSV1).nasal","child",-0.49903667209248,0.322967668804497
"2324","trajectory_group",1,3168,27.0011056490135,2.16213469017568e-07,"Hematopoetic progenitor Cell","CyTOF","Human alphaherpesvirus 1 (HSV1).nasal","child",0.0902017070656645,1.10268869198959e-06
"2325","sex",1,3168,4.46350982021501,0.0347043123696209,"Hematopoetic progenitor Cell","CyTOF","Human alphaherpesvirus 1 (HSV1).nasal","child",NA,0.0737466637854444
"2326","discretized_admit_age_quantile",4,3168,3.06704369063463,0.015596967424661,"Hematopoetic progenitor Cell","CyTOF","Human alphaherpesvirus 1 (HSV1).nasal","child",NA,0.0256595270534745
"2327","virus_positive",1,3168,4.0941679357207,0.0431152137266223,"Hematopoetic progenitor Cell","CyTOF","Human alphaherpesvirus 1 (HSV1).nasal","child",0.171056012681959,0.236061823997707
"2328","event_type",11,3168,7.49619102902403,7.49955653134293e-13,"Hematopoetic progenitor Cell","CyTOF","Human alphaherpesvirus 1 (HSV1).nasal","child",NA,1.52990953239396e-12
"2329","(Intercept)",1,3168,0.311124215628545,0.577030551281504,"ILC","CyTOF","Human alphaherpesvirus 1 (HSV1).nasal","child",-0.180834846978012,0.774435739877808
"2330","trajectory_group",1,3168,0.499660202200928,0.479701451965812,"ILC","CyTOF","Human alphaherpesvirus 1 (HSV1).nasal","child",0.0121661836111731,0.66121010946639
"2331","sex",1,3168,1.38056858824373,0.24009262397318,"ILC","CyTOF","Human alphaherpesvirus 1 (HSV1).nasal","child",NA,0.33797993381235
"2332","discretized_admit_age_quantile",4,3168,1.17755041906881,0.318570139978077,"ILC","CyTOF","Human alphaherpesvirus 1 (HSV1).nasal","child",NA,0.377839003229813
"2333","virus_positive",1,3168,0.0433271867138324,0.835123794782618,"ILC","CyTOF","Human alphaherpesvirus 1 (HSV1).nasal","child",0.0173528703657061,0.89751760161918
"2334","event_type",11,3168,2.25285830308323,0.0100165263430754,"ILC","CyTOF","Human alphaherpesvirus 1 (HSV1).nasal","child",NA,0.013098534448637
"2335","(Intercept)",1,3168,6.96002844493008,0.00837584812313374,"Monocytes (CD14+CD16+)","CyTOF","Human alphaherpesvirus 1 (HSV1).nasal","child",-0.858472241951137,0.0854336508559642
"2336","trajectory_group",1,3168,8.59026567070917,0.00340382233491932,"Monocytes (CD14+CD16+)","CyTOF","Human alphaherpesvirus 1 (HSV1).nasal","child",-0.0506996970051738,0.0102114670047579
"2337","sex",1,3168,5.41337484846227,0.0200457992152506,"Monocytes (CD14+CD16+)","CyTOF","Human alphaherpesvirus 1 (HSV1).nasal","child",NA,0.0486826552370372
"2338","discretized_admit_age_quantile",4,3168,9.72428175761638,8.1405227003728e-08,"Monocytes (CD14+CD16+)","CyTOF","Human alphaherpesvirus 1 (HSV1).nasal","child",NA,3.19358967476164e-07
"2339","virus_positive",1,3168,2.48000571770068,0.115401685012169,"Monocytes (CD14+CD16+)","CyTOF","Human alphaherpesvirus 1 (HSV1).nasal","child",-0.132396092679138,0.361161811900654
"2340","event_type",11,3168,8.96291878149447,6.66133814775094e-16,"Monocytes (CD14+CD16+)","CyTOF","Human alphaherpesvirus 1 (HSV1).nasal","child",NA,1.47707932841434e-15
"2341","(Intercept)",1,3168,1.7547944718533,0.18537068008209,"Monocytes (CD14+CD16-)","CyTOF","Human alphaherpesvirus 1 (HSV1).nasal","child",-0.372423766469166,0.411039334095068
"2342","trajectory_group",1,3168,168.308290484858,0,"Monocytes (CD14+CD16-)","CyTOF","Human alphaherpesvirus 1 (HSV1).nasal","child",0.193836658400117,0
"2343","sex",1,3168,87.277633151514,0,"Monocytes (CD14+CD16-)","CyTOF","Human alphaherpesvirus 1 (HSV1).nasal","child",NA,0
"2344","discretized_admit_age_quantile",4,3168,15.6146647022554,1.17295062551648e-12,"Monocytes (CD14+CD16-)","CyTOF","Human alphaherpesvirus 1 (HSV1).nasal","child",NA,8.54578312876291e-12
"2345","virus_positive",1,3168,3.97424999650522,0.046286632156413,"Monocytes (CD14+CD16-)","CyTOF","Human alphaherpesvirus 1 (HSV1).nasal","child",0.145069205134248,0.236061823997707
"2346","event_type",11,3168,48.2565923994264,0,"Monocytes (CD14+CD16-)","CyTOF","Human alphaherpesvirus 1 (HSV1).nasal","child",NA,0
"2347","(Intercept)",1,3168,15.1846660001503,9.95088510973297e-05,"Monocytes (CD14-CD16+)","CyTOF","Human alphaherpesvirus 1 (HSV1).nasal","child",-1.087164042078,0.00253747570298191
"2348","trajectory_group",1,3168,0.0370384815661367,0.847399055677992,"Monocytes (CD14-CD16+)","CyTOF","Human alphaherpesvirus 1 (HSV1).nasal","child",-0.00285023710646369,0.881986772236277
"2349","sex",1,3168,7.24083844108894,0.0071637924884036,"Monocytes (CD14-CD16+)","CyTOF","Human alphaherpesvirus 1 (HSV1).nasal","child",NA,0.0192291272057149
"2350","discretized_admit_age_quantile",4,3168,5.90819768960294,9.81843089702394e-05,"Monocytes (CD14-CD16+)","CyTOF","Human alphaherpesvirus 1 (HSV1).nasal","child",NA,0.000227609079885555
"2351","virus_positive",1,3168,0.175743592319254,0.675085362302968,"Monocytes (CD14-CD16+)","CyTOF","Human alphaherpesvirus 1 (HSV1).nasal","child",-0.0300694987302713,0.862614085732999
"2352","event_type",11,3168,117.478330971608,0,"Monocytes (CD14-CD16+)","CyTOF","Human alphaherpesvirus 1 (HSV1).nasal","child",NA,0
"2353","(Intercept)",1,3168,0.99818617156691,0.317826103939667,"NK Cell (CD56hi CD16low)","CyTOF","Human alphaherpesvirus 1 (HSV1).nasal","child",-0.320228386024731,0.578897546461536
"2354","trajectory_group",1,3168,9.26194016660948,0.00235885625295551,"NK Cell (CD56hi CD16low)","CyTOF","Human alphaherpesvirus 1 (HSV1).nasal","child",-0.0518355493990392,0.00751885430629569
"2355","sex",1,3168,0.0227950135503276,0.880000966365574,"NK Cell (CD56hi CD16low)","CyTOF","Human alphaherpesvirus 1 (HSV1).nasal","child",NA,0.915919373156006
"2356","discretized_admit_age_quantile",4,3168,2.39740688554051,0.0481656943360711,"NK Cell (CD56hi CD16low)","CyTOF","Human alphaherpesvirus 1 (HSV1).nasal","child",NA,0.0682347336427674
"2357","virus_positive",1,3168,0.130902795095909,0.717521950080534,"NK Cell (CD56hi CD16low)","CyTOF","Human alphaherpesvirus 1 (HSV1).nasal","child",-0.0298934807483189,0.866054642700534
"2358","event_type",11,3168,3.75313965821589,2.33850826294457e-05,"NK Cell (CD56hi CD16low)","CyTOF","Human alphaherpesvirus 1 (HSV1).nasal","child",NA,4.1125490141439e-05
"2359","(Intercept)",1,3168,5.09421364422046,0.024073642867507,"NK Cell (CD56low CD16hi CD57hi)","CyTOF","Human alphaherpesvirus 1 (HSV1).nasal","child",-0.710319306716403,0.119252979348824
"2360","trajectory_group",1,3168,0.547439251929438,0.459420730666588,"NK Cell (CD56low CD16hi CD57hi)","CyTOF","Human alphaherpesvirus 1 (HSV1).nasal","child",-0.0123752143768773,0.650846035111
"2361","sex",1,3168,60.0281351268774,1.24344978758018e-14,"NK Cell (CD56low CD16hi CD57hi)","CyTOF","Human alphaherpesvirus 1 (HSV1).nasal","child",NA,2.1138646388863e-13
"2362","discretized_admit_age_quantile",4,3168,46.1859120867361,0,"NK Cell (CD56low CD16hi CD57hi)","CyTOF","Human alphaherpesvirus 1 (HSV1).nasal","child",NA,0
"2363","virus_positive",1,3168,0.118946386487122,0.730202934041626,"NK Cell (CD56low CD16hi CD57hi)","CyTOF","Human alphaherpesvirus 1 (HSV1).nasal","child",-0.0279906429326113,0.866054642700534
"2364","event_type",11,3168,16.8094479196568,0,"NK Cell (CD56low CD16hi CD57hi)","CyTOF","Human alphaherpesvirus 1 (HSV1).nasal","child",NA,0
"2365","(Intercept)",1,3168,0.470538704839989,0.492789639273023,"NK Cell (CD56low CD16hi CD57low)","CyTOF","Human alphaherpesvirus 1 (HSV1).nasal","child",-0.221868069001303,0.739122859338533
"2366","trajectory_group",1,3168,4.63795969872107,0.0313473892145378,"NK Cell (CD56low CD16hi CD57low)","CyTOF","Human alphaherpesvirus 1 (HSV1).nasal","child",-0.0369182106223461,0.069509428258323
"2367","sex",1,3168,0.283054673833274,0.594743336263048,"NK Cell (CD56low CD16hi CD57low)","CyTOF","Human alphaherpesvirus 1 (HSV1).nasal","child",NA,0.689361594304896
"2368","discretized_admit_age_quantile",4,3168,5.53851367055429,0.000192857203982433,"NK Cell (CD56low CD16hi CD57low)","CyTOF","Human alphaherpesvirus 1 (HSV1).nasal","child",NA,0.000427639887091481
"2369","virus_positive",1,3168,1.20990009429157,0.27143548449866,"NK Cell (CD56low CD16hi CD57low)","CyTOF","Human alphaherpesvirus 1 (HSV1).nasal","child",-0.0923773254875314,0.552814547172384
"2370","event_type",11,3168,9.18038578618827,2.22044604925031e-16,"NK Cell (CD56low CD16hi CD57low)","CyTOF","Human alphaherpesvirus 1 (HSV1).nasal","child",NA,5.39251183389362e-16
"2371","(Intercept)",1,3168,0.0480836195865029,0.826446242349771,"Plasmacytoid DC","CyTOF","Human alphaherpesvirus 1 (HSV1).nasal","child",0.0738289668570083,0.896782092762517
"2372","trajectory_group",1,3168,2.47726493152242,0.115602805587866,"Plasmacytoid DC","CyTOF","Human alphaherpesvirus 1 (HSV1).nasal","child",-0.0275764651803284,0.226759349422352
"2373","sex",1,3168,1.59312486081365,0.206973156269168,"Plasmacytoid DC","CyTOF","Human alphaherpesvirus 1 (HSV1).nasal","child",NA,0.30158945627793
"2374","discretized_admit_age_quantile",4,3168,0.463883743084054,0.762300032775292,"Plasmacytoid DC","CyTOF","Human alphaherpesvirus 1 (HSV1).nasal","child",NA,0.778850269382815
"2375","virus_positive",1,3168,0.242171221373241,0.622676421686044,"Plasmacytoid DC","CyTOF","Human alphaherpesvirus 1 (HSV1).nasal","child",-0.0432271350536515,0.85828371637806
"2376","event_type",11,3168,1.36602372973126,0.181947515415771,"Plasmacytoid DC","CyTOF","Human alphaherpesvirus 1 (HSV1).nasal","child",NA,0.210893711050099
"2377","(Intercept)",1,3168,0.532300846000287,0.465695078178194,"Tier2_Bcell_Undefined","CyTOF","Human alphaherpesvirus 1 (HSV1).nasal","child",0.241960768899799,0.732736536548603
"2378","trajectory_group",1,3168,5.52548888487012,0.0188023578171932,"Tier2_Bcell_Undefined","CyTOF","Human alphaherpesvirus 1 (HSV1).nasal","child",-0.0413724918393942,0.045662868984612
"2379","sex",1,3168,1.35094157600979,0.245201128452097,"Tier2_Bcell_Undefined","CyTOF","Human alphaherpesvirus 1 (HSV1).nasal","child",NA,0.33797993381235
"2380","discretized_admit_age_quantile",4,3168,1.64851736859325,0.159250316385661,"Tier2_Bcell_Undefined","CyTOF","Human alphaherpesvirus 1 (HSV1).nasal","child",NA,0.19809185696753
"2381","virus_positive",1,3168,1.59887409425605,0.20615585740629,"Tier2_Bcell_Undefined","CyTOF","Human alphaherpesvirus 1 (HSV1).nasal","child",-0.108770756247516,0.477906760350945
"2382","event_type",11,3168,2.71154455463285,0.00174709018549501,"Tier2_Bcell_Undefined","CyTOF","Human alphaherpesvirus 1 (HSV1).nasal","child",NA,0.0024081513367634
"2383","(Intercept)",1,3168,0.0786487737961011,0.779155281833384,"Tier2_NK_Undefined","CyTOF","Human alphaherpesvirus 1 (HSV1).nasal","child",0.0945599590430078,0.863846073337013
"2384","trajectory_group",1,3168,0.303475331684825,0.581750703643784,"Tier2_NK_Undefined","CyTOF","Human alphaherpesvirus 1 (HSV1).nasal","child",-0.00983744962750566,0.703579836349586
"2385","sex",1,3168,1.1723382318279,0.279003720217845,"Tier2_NK_Undefined","CyTOF","Human alphaherpesvirus 1 (HSV1).nasal","child",NA,0.364851018746413
"2386","discretized_admit_age_quantile",4,3168,0.633081168814566,0.638895028064904,"Tier2_NK_Undefined","CyTOF","Human alphaherpesvirus 1 (HSV1).nasal","child",NA,0.708340139811089
"2387","virus_positive",1,3168,0.274743250130635,0.60020423075018,"Tier2_NK_Undefined","CyTOF","Human alphaherpesvirus 1 (HSV1).nasal","child",-0.0459101763562609,0.850289326896089
"2388","event_type",11,3168,2.79111255978174,0.0012756509701537,"Tier2_NK_Undefined","CyTOF","Human alphaherpesvirus 1 (HSV1).nasal","child",NA,0.00180717220771774
"2389","(Intercept)",1,3168,0.724317387232897,0.394795691533771,"Tier2_Tcell_Undefined","CyTOF","Human alphaherpesvirus 1 (HSV1).nasal","child",-0.253303042309077,0.649502589297494
"2390","trajectory_group",1,3168,0.148669447834097,0.699836025995469,"Tier2_Tcell_Undefined","CyTOF","Human alphaherpesvirus 1 (HSV1).nasal","child",0.00610036817960429,0.775905159255847
"2391","sex",1,3168,10.323171295185,0.00132687346534466,"Tier2_Tcell_Undefined","CyTOF","Human alphaherpesvirus 1 (HSV1).nasal","child",NA,0.00451136978217184
"2392","discretized_admit_age_quantile",4,3168,1.31076620913189,0.263509732182963,"Tier2_Tcell_Undefined","CyTOF","Human alphaherpesvirus 1 (HSV1).nasal","child",NA,0.319976103365027
"2393","virus_positive",1,3168,1.8645297181696,0.172199858926635,"Tier2_Tcell_Undefined","CyTOF","Human alphaherpesvirus 1 (HSV1).nasal","child",-0.104943510702716,0.439109640262918
"2394","event_type",11,3168,0.761520457057227,0.679137616991334,"Tier2_Tcell_Undefined","CyTOF","Human alphaherpesvirus 1 (HSV1).nasal","child",NA,0.721583718053292
"2395","(Intercept)",1,3168,0.00954961184994262,0.922159135944526,"Tier3_CD4_Undefined","CyTOF","Human alphaherpesvirus 1 (HSV1).nasal","child",0.0330206250922185,0.959798284350425
"2396","trajectory_group",1,3168,0.81678871308108,0.366189462904333,"Tier3_CD4_Undefined","CyTOF","Human alphaherpesvirus 1 (HSV1).nasal","child",-0.0154506132171482,0.565929169943061
"2397","sex",1,3168,0.604573190897557,0.436896506204826,"Tier3_CD4_Undefined","CyTOF","Human alphaherpesvirus 1 (HSV1).nasal","child",NA,0.53051718610586
"2398","discretized_admit_age_quantile",4,3168,0.528872067433664,0.714534563237669,"Tier3_CD4_Undefined","CyTOF","Human alphaherpesvirus 1 (HSV1).nasal","child",NA,0.775346015428109
"2399","virus_positive",1,3168,0.0500256624121014,0.823033046781228,"Tier3_CD4_Undefined","CyTOF","Human alphaherpesvirus 1 (HSV1).nasal","child",-0.0197764822828259,0.89751760161918
"2400","event_type",11,3168,0.449410594893206,0.933721448024677,"Tier3_CD4_Undefined","CyTOF","Human alphaherpesvirus 1 (HSV1).nasal","child",NA,0.933721448024677
"2401","(Intercept)",1,3168,0.855631420849201,0.355034555105226,"Tier3_CD8_Undefined","CyTOF","Human alphaherpesvirus 1 (HSV1).nasal","child",0.301805535022187,0.624371114150569
"2402","trajectory_group",1,3168,0.102668948417512,0.748671131710917,"Tier3_CD8_Undefined","CyTOF","Human alphaherpesvirus 1 (HSV1).nasal","child",-0.00555575770226619,0.795463077442849
"2403","sex",1,3168,2.70709047100803,0.100002254330584,"Tier3_CD8_Undefined","CyTOF","Human alphaherpesvirus 1 (HSV1).nasal","child",NA,0.170003832361993
"2404","discretized_admit_age_quantile",4,3168,2.31017598510026,0.0555970009271689,"Tier3_CD8_Undefined","CyTOF","Human alphaherpesvirus 1 (HSV1).nasal","child",NA,0.0746170275601477
"2405","virus_positive",1,3168,2.41357501546793,0.120387270633551,"Tier3_CD8_Undefined","CyTOF","Human alphaherpesvirus 1 (HSV1).nasal","child",-0.131217072173842,0.361161811900654
"2406","event_type",11,3168,2.36632666002618,0.00657938201355668,"Tier3_CD8_Undefined","CyTOF","Human alphaherpesvirus 1 (HSV1).nasal","child",NA,0.0088302232287208
"2407","(Intercept)",1,3168,0.00442452399717386,0.946970344865836,"Tier4_Treg_Undefined","CyTOF","Human alphaherpesvirus 1 (HSV1).nasal","child",-0.0224399694114213,0.965909751763153
"2408","trajectory_group",1,3168,0.335930976030118,0.56222862253688,"Tier4_Treg_Undefined","CyTOF","Human alphaherpesvirus 1 (HSV1).nasal","child",-0.00989264514548828,0.703579836349586
"2409","sex",1,3168,6.25180013602914,0.0124568711899962,"Tier4_Treg_Undefined","CyTOF","Human alphaherpesvirus 1 (HSV1).nasal","child",NA,0.0317650215344902
"2410","discretized_admit_age_quantile",4,3168,0.412213645800697,0.799969407230813,"Tier4_Treg_Undefined","CyTOF","Human alphaherpesvirus 1 (HSV1).nasal","child",NA,0.799969407230813
"2411","virus_positive",1,3168,0.775783078581561,0.378500748560417,"Tier4_Treg_Undefined","CyTOF","Human alphaherpesvirus 1 (HSV1).nasal","child",-0.0777533885247282,0.689412077735045
"2412","event_type",11,3168,0.456937253232183,0.929731618948449,"Tier4_Treg_Undefined","CyTOF","Human alphaherpesvirus 1 (HSV1).nasal","child",NA,0.933721448024677
"2413","(Intercept)",1,3168,0.512471580416247,0.474123641296155,"Tier4_nonTreg_Undefined","CyTOF","Human alphaherpesvirus 1 (HSV1).nasal","child",0.234976693360143,0.732736536548603
"2414","trajectory_group",1,3168,0.942468478537823,0.331717932643261,"Tier4_nonTreg_Undefined","CyTOF","Human alphaherpesvirus 1 (HSV1).nasal","child",-0.0169396335053395,0.528675455150198
"2415","sex",1,3168,0.797374448559,0.37194735169497,"Tier4_nonTreg_Undefined","CyTOF","Human alphaherpesvirus 1 (HSV1).nasal","child",NA,0.462666217962036
"2416","discretized_admit_age_quantile",4,3168,4.24153658447936,0.00199780406747707,"Tier4_nonTreg_Undefined","CyTOF","Human alphaherpesvirus 1 (HSV1).nasal","child",NA,0.00377362990523447
"2417","virus_positive",1,3168,0.302426282468871,0.582404109842105,"Tier4_nonTreg_Undefined","CyTOF","Human alphaherpesvirus 1 (HSV1).nasal","child",-0.0466472221243624,0.848645988627067
"2418","event_type",11,3168,4.02722948707619,7.10755314781153e-06,"Tier4_nonTreg_Undefined","CyTOF","Human alphaherpesvirus 1 (HSV1).nasal","child",NA,1.34253781680884e-05
"2419","(Intercept)",1,3168,0.015086566028113,0.902251581016343,"gd T Cell","CyTOF","Human alphaherpesvirus 1 (HSV1).nasal","child",-0.0388787589860093,0.958642304829865
"2420","trajectory_group",1,3168,3.40745955786835,0.0649955312805485,"gd T Cell","CyTOF","Human alphaherpesvirus 1 (HSV1).nasal","child",-0.0309933753980578,0.138115503971166
"2421","sex",1,3168,0.0259141157794142,0.872120504858251,"gd T Cell","CyTOF","Human alphaherpesvirus 1 (HSV1).nasal","child",NA,0.915919373156006
"2422","discretized_admit_age_quantile",4,3168,9.10914530584322,2.58261348085043e-07,"gd T Cell","CyTOF","Human alphaherpesvirus 1 (HSV1).nasal","child",NA,8.78088583489145e-07
"2423","virus_positive",1,3168,0.586747581865277,0.443736639369937,"gd T Cell","CyTOF","Human alphaherpesvirus 1 (HSV1).nasal","child",-0.0622477087461568,0.698750601132071
"2424","event_type",11,3168,1.98815141360665,0.0257608788319994,"gd T Cell","CyTOF","Human alphaherpesvirus 1 (HSV1).nasal","child",NA,0.0328451205107992
"2425","(Intercept)",1,3168,5.29438686014402,0.021458900269518,"Basophil","CyTOF","Human alphaherpesvirus 1 (HSV1).nasal","child",-0.620365699051877,0.119252979348824
"2426","trajectory_group",1,3168,5.97038315565278,0.0146023434572997,"Basophil","CyTOF","Human alphaherpesvirus 1 (HSV1).nasal","child",-0.0349219231804059,0.0377132102070947
"2427","sex",1,3168,4.25407009123877,0.0392377231899492,"Basophil","CyTOF","Human alphaherpesvirus 1 (HSV1).nasal","child",NA,0.0800110050141769
"2428","discretized_admit_age_quantile",4,3168,0.985932943002253,0.413840417065272,"Basophil","CyTOF","Human alphaherpesvirus 1 (HSV1).nasal","child",NA,0.479678665234747
"2429","virus_positive",1,3168,0.0014716831414632,0.969401058744686,"Basophil","CyTOF","Human alphaherpesvirus 1 (HSV1).nasal","child",0.00268528095316827,0.97869862398015
"2430","event_type",11,3168,116.869554527639,0,"Basophil","CyTOF","Human alphaherpesvirus 1 (HSV1).nasal","child",NA,0
"2431","(Intercept)",1,3168,2.05579382373885,0.151726900507281,"Eosinophil","CyTOF","Human alphaherpesvirus 1 (HSV1).nasal","child",-0.431043378249691,0.351730542085059
"2432","trajectory_group",1,3168,0.285410234508627,0.59321437182416,"Eosinophil","CyTOF","Human alphaherpesvirus 1 (HSV1).nasal","child",0.00853070237974334,0.703579836349586
"2433","sex",1,3168,4.68483409765063,0.030504473361826,"Eosinophil","CyTOF","Human alphaherpesvirus 1 (HSV1).nasal","child",NA,0.067640353976223
"2434","discretized_admit_age_quantile",4,3168,2.79138443854212,0.0249350378757316,"Eosinophil","CyTOF","Human alphaherpesvirus 1 (HSV1).nasal","child",NA,0.0397402166144472
"2435","virus_positive",1,3168,0.0886055809352434,0.765976929972784,"Eosinophil","CyTOF","Human alphaherpesvirus 1 (HSV1).nasal","child",0.0231883850090653,0.887836896104818
"2436","event_type",11,3168,48.5020515684658,0,"Eosinophil","CyTOF","Human alphaherpesvirus 1 (HSV1).nasal","child",NA,0
"2437","(Intercept)",1,3168,0.410555995576532,0.521733783062494,"Neutrophil (CD16hi)","CyTOF","Human alphaherpesvirus 1 (HSV1).nasal","child",0.19580795809795,0.739122859338533
"2438","trajectory_group",1,3168,42.3921504862448,8.65290061824453e-11,"Neutrophil (CD16hi)","CyTOF","Human alphaherpesvirus 1 (HSV1).nasal","child",0.10565847937458,4.90331035033857e-10
"2439","sex",1,3168,10.9805749618433,0.000931068725847251,"Neutrophil (CD16hi)","CyTOF","Human alphaherpesvirus 1 (HSV1).nasal","child",NA,0.00339175035844356
"2440","discretized_admit_age_quantile",4,3168,11.9749668590835,1.16772591596259e-09,"Neutrophil (CD16hi)","CyTOF","Human alphaherpesvirus 1 (HSV1).nasal","child",NA,5.41400197400838e-09
"2441","virus_positive",1,3168,0.637668990598039,0.424616009956768,"Neutrophil (CD16hi)","CyTOF","Human alphaherpesvirus 1 (HSV1).nasal","child",0.0632546645324029,0.698561822832102
"2442","event_type",11,3168,22.1412103076319,0,"Neutrophil (CD16hi)","CyTOF","Human alphaherpesvirus 1 (HSV1).nasal","child",NA,0
"2443","(Intercept)",1,3168,3.39528996342977,0.0654762488012006,"Neutrophil (CD16low)","CyTOF","Human alphaherpesvirus 1 (HSV1).nasal","child",-0.579791593473162,0.196428746403602
"2444","trajectory_group",1,3168,64.7535939407059,1.11022302462516e-15,"Neutrophil (CD16low)","CyTOF","Human alphaherpesvirus 1 (HSV1).nasal","child",0.134267782588717,1.88737914186277e-14
"2445","sex",1,3168,0.324820559607999,0.568765378006426,"Neutrophil (CD16low)","CyTOF","Human alphaherpesvirus 1 (HSV1).nasal","child",NA,0.674582192519249
"2446","discretized_admit_age_quantile",4,3168,2.07214568025862,0.0818312409907614,"Neutrophil (CD16low)","CyTOF","Human alphaherpesvirus 1 (HSV1).nasal","child",NA,0.107010084372534
"2447","virus_positive",1,3168,6.2856432708624,0.0122216674499072,"Neutrophil (CD16low)","CyTOF","Human alphaherpesvirus 1 (HSV1).nasal","child",0.204760202629212,0.177082114191233
"2448","event_type",11,3168,17.301785480118,0,"Neutrophil (CD16low)","CyTOF","Human alphaherpesvirus 1 (HSV1).nasal","child",NA,0
"2449","(Intercept)",1,3168,0.309844344475554,0.577815034648746,"B Cell (CD11c+ CXCR5-)","CyTOF","Human gammaherpesvirus 4 (EBV).ea","child",-0.183036867012102,0.776583324062503
"2450","trajectory_group",1,3168,6.06495952343753,0.0138418280415636,"B Cell (CD11c+ CXCR5-)","CyTOF","Human gammaherpesvirus 4 (EBV).ea","child",0.042823773089367,0.0371543805326182
"2451","sex",1,3168,0.0399290073600932,0.841632275917981,"B Cell (CD11c+ CXCR5-)","CyTOF","Human gammaherpesvirus 4 (EBV).ea","child",NA,0.899611682234106
"2452","discretized_admit_age_quantile",4,3168,15.3733837183938,1.8552936964511e-12,"B Cell (CD11c+ CXCR5-)","CyTOF","Human gammaherpesvirus 4 (EBV).ea","child",NA,1.18274973148758e-11
"2453","virus_positive",1,3168,0.110428848715747,0.739678410068922,"B Cell (CD11c+ CXCR5-)","CyTOF","Human gammaherpesvirus 4 (EBV).ea","child",0.147441249060293,0.987046781290671
"2454","event_type",11,3168,1.92512326950985,0.0319906459524997,"B Cell (CD11c+ CXCR5-)","CyTOF","Human gammaherpesvirus 4 (EBV).ea","child",NA,0.0397932425262801
"2455","(Intercept)",1,3168,1.19766429738222,0.273872209238875,"B Cell (CD27+ non-switched memory)","CyTOF","Human gammaherpesvirus 4 (EBV).ea","child",0.365242759085188,0.537210871968563
"2456","trajectory_group",1,3168,0.302653283452418,0.582262595968808,"B Cell (CD27+ non-switched memory)","CyTOF","Human gammaherpesvirus 4 (EBV).ea","child",0.00975425227888831,0.711660220389013
"2457","sex",1,3168,3.74087465271112,0.0531855980553566,"B Cell (CD27+ non-switched memory)","CyTOF","Human gammaherpesvirus 4 (EBV).ea","child",NA,0.0968737678865424
"2458","discretized_admit_age_quantile",4,3168,2.60938819300308,0.0338646167232295,"B Cell (CD27+ non-switched memory)","CyTOF","Human gammaherpesvirus 4 (EBV).ea","child",NA,0.0507969250848442
"2459","virus_positive",1,3168,2.52656618959992,0.112043367439363,"B Cell (CD27+ non-switched memory)","CyTOF","Human gammaherpesvirus 4 (EBV).ea","child",0.713591950049657,0.644168670969134
"2460","event_type",11,3168,0.876260871711844,0.563222138434003,"B Cell (CD27+ non-switched memory)","CyTOF","Human gammaherpesvirus 4 (EBV).ea","child",NA,0.611155937449663
"2461","(Intercept)",1,3168,4.41050285312591,0.0357971875410856,"B Cell (CD27+ switched memory)","CyTOF","Human gammaherpesvirus 4 (EBV).ea","child",0.696731702146176,0.152138047049614
"2462","trajectory_group",1,3168,0.152843279387303,0.695859182219435,"B Cell (CD27+ switched memory)","CyTOF","Human gammaherpesvirus 4 (EBV).ea","child",0.00689790156432627,0.78864040651536
"2463","sex",1,3168,9.33484763321839,0.00226709187203311,"B Cell (CD27+ switched memory)","CyTOF","Human gammaherpesvirus 4 (EBV).ea","child",NA,0.00722635534210554
"2464","discretized_admit_age_quantile",4,3168,9.39008061996617,1.52483282667149e-07,"B Cell (CD27+ switched memory)","CyTOF","Human gammaherpesvirus 4 (EBV).ea","child",NA,5.55474815430327e-07
"2465","virus_positive",1,3168,0.0444339128169656,0.833061943548986,"B Cell (CD27+ switched memory)","CyTOF","Human gammaherpesvirus 4 (EBV).ea","child",0.0936426351136103,0.987046781290671
"2466","event_type",11,3168,2.83068645382192,0.00108972862607115,"B Cell (CD27+ switched memory)","CyTOF","Human gammaherpesvirus 4 (EBV).ea","child",NA,0.00158789028370368
"2467","(Intercept)",1,3168,5.05892335937287,0.0245678694426752,"B Cell (CD71+ activated)","CyTOF","Human gammaherpesvirus 4 (EBV).ea","child",0.693446191988768,0.113905576506949
"2468","trajectory_group",1,3168,1.40445423500217,0.236068098338076,"B Cell (CD71+ activated)","CyTOF","Human gammaherpesvirus 4 (EBV).ea","child",0.0192682374639809,0.415154241904892
"2469","sex",1,3168,0.0159168547691877,0.899611682234106,"B Cell (CD71+ activated)","CyTOF","Human gammaherpesvirus 4 (EBV).ea","child",NA,0.899611682234106
"2470","discretized_admit_age_quantile",4,3168,3.20643290516358,0.0122749257655936,"B Cell (CD71+ activated)","CyTOF","Human gammaherpesvirus 4 (EBV).ea","child",NA,0.0208673738015092
"2471","virus_positive",1,3168,0.28664635277436,0.592415265489989,"B Cell (CD71+ activated)","CyTOF","Human gammaherpesvirus 4 (EBV).ea","child",-0.222944035333417,0.944444889952709
"2472","event_type",11,3168,3.79537730854489,1.9488010481794e-05,"B Cell (CD71+ activated)","CyTOF","Human gammaherpesvirus 4 (EBV).ea","child",NA,3.31296178190499e-05
"2473","(Intercept)",1,3168,0.424376015948847,0.514808786421168,"B Cell (Plasmablast)","CyTOF","Human gammaherpesvirus 4 (EBV).ea","child",0.191396682509918,0.729312447429988
"2474","trajectory_group",1,3168,7.24310575801573,0.00715477295143385,"B Cell (Plasmablast)","CyTOF","Human gammaherpesvirus 4 (EBV).ea","child",0.0419629394974859,0.0202718566957292
"2475","sex",1,3168,3.87367950568441,0.0491359577646199,"B Cell (Plasmablast)","CyTOF","Human gammaherpesvirus 4 (EBV).ea","child",NA,0.0928123646665042
"2476","discretized_admit_age_quantile",4,3168,1.99498634236123,0.0925934807477358,"B Cell (Plasmablast)","CyTOF","Human gammaherpesvirus 4 (EBV).ea","child",NA,0.118056687953363
"2477","virus_positive",1,3168,0.354662839798413,0.5515279437836,"B Cell (Plasmablast)","CyTOF","Human gammaherpesvirus 4 (EBV).ea","child",-0.235614811473363,0.944444889952709
"2478","event_type",11,3168,80.015843756626,0,"B Cell (Plasmablast)","CyTOF","Human gammaherpesvirus 4 (EBV).ea","child",NA,0
"2479","(Intercept)",1,3168,4.09198060959979,0.0431709654208914,"B Cell (naive)","CyTOF","Human gammaherpesvirus 4 (EBV).ea","child",0.642730485770045,0.155717141567833
"2480","trajectory_group",1,3168,12.9549141433823,0.000323970180033606,"B Cell (naive)","CyTOF","Human gammaherpesvirus 4 (EBV).ea","child",0.0608248200881893,0.00118017708440814
"2481","sex",1,3168,2.12022561793443,0.145464221131826,"B Cell (naive)","CyTOF","Human gammaherpesvirus 4 (EBV).ea","child",NA,0.224808341749185
"2482","discretized_admit_age_quantile",4,3168,28.5850563592193,0,"B Cell (naive)","CyTOF","Human gammaherpesvirus 4 (EBV).ea","child",NA,0
"2483","virus_positive",1,3168,0.000393790312097377,0.984168947412039,"B Cell (naive)","CyTOF","Human gammaherpesvirus 4 (EBV).ea","child",0.00845764323669005,0.987046781290671
"2484","event_type",11,3168,17.9855751142148,0,"B Cell (naive)","CyTOF","Human gammaherpesvirus 4 (EBV).ea","child",NA,0
"2485","(Intercept)",1,3168,8.83295554765983,0.00298065438689776,"B Cell (transitional)","CyTOF","Human gammaherpesvirus 4 (EBV).ea","child",0.951739318287434,0.050671124577262
"2486","trajectory_group",1,3168,0.278475204144061,0.597739324150893,"B Cell (transitional)","CyTOF","Human gammaherpesvirus 4 (EBV).ea","child",0.00898801557054912,0.711660220389013
"2487","sex",1,3168,12.2824812392655,0.000463566088890865,"B Cell (transitional)","CyTOF","Human gammaherpesvirus 4 (EBV).ea","child",NA,0.00181860542564878
"2488","discretized_admit_age_quantile",4,3168,26.2369585335037,0,"B Cell (transitional)","CyTOF","Human gammaherpesvirus 4 (EBV).ea","child",NA,0
"2489","virus_positive",1,3168,0.406656776701722,0.523717375486499,"B Cell (transitional)","CyTOF","Human gammaherpesvirus 4 (EBV).ea","child",0.273626930469283,0.944444889952709
"2490","event_type",11,3168,8.94188492347492,6.66133814775094e-16,"B Cell (transitional)","CyTOF","Human gammaherpesvirus 4 (EBV).ea","child",NA,1.47707932841434e-15
"2491","(Intercept)",1,3168,1.30033895774279,0.254237519577899,"CD4+ NKT Cell","CyTOF","Human gammaherpesvirus 4 (EBV).ea","child",-0.37979877601017,0.518644539938913
"2492","trajectory_group",1,3168,0.654499293077879,0.418569395624618,"CD4+ NKT Cell","CyTOF","Human gammaherpesvirus 4 (EBV).ea","child",-0.0141000527507138,0.627854093436927
"2493","sex",1,3168,7.50187937861541,0.00619795796749334,"CD4+ NKT Cell","CyTOF","Human gammaherpesvirus 4 (EBV).ea","child",NA,0.0175608809078978
"2494","discretized_admit_age_quantile",4,3168,5.55261455773444,0.000187965650822797,"CD4+ NKT Cell","CyTOF","Human gammaherpesvirus 4 (EBV).ea","child",NA,0.000416793399650549
"2495","virus_positive",1,3168,0.101722342624314,0.749793490869374,"CD4+ NKT Cell","CyTOF","Human gammaherpesvirus 4 (EBV).ea","child",-0.143739549794762,0.987046781290671
"2496","event_type",11,3168,0.967539378074454,0.473881357715115,"CD4+ NKT Cell","CyTOF","Human gammaherpesvirus 4 (EBV).ea","child",NA,0.525390200945018
"2497","(Intercept)",1,3168,0.0938299653334318,0.759383598730261,"CD4+ T Cell (CM)","CyTOF","Human gammaherpesvirus 4 (EBV).ea","child",0.0974777884121234,0.860634745227629
"2498","trajectory_group",1,3168,56.9524638692345,5.79536418854332e-14,"CD4+ T Cell (CM)","CyTOF","Human gammaherpesvirus 4 (EBV).ea","child",-0.127296729669437,6.7719163610036e-13
"2499","sex",1,3168,29.362354724736,6.45252279385389e-08,"CD4+ T Cell (CM)","CyTOF","Human gammaherpesvirus 4 (EBV).ea","child",NA,4.70112374980783e-07
"2500","discretized_admit_age_quantile",4,3168,5.38523538244379,0.000254903915309912,"CD4+ T Cell (CM)","CyTOF","Human gammaherpesvirus 4 (EBV).ea","child",NA,0.00052000398723222
"2501","virus_positive",1,3168,2.19017464636495,0.138992998790815,"CD4+ T Cell (CM)","CyTOF","Human gammaherpesvirus 4 (EBV).ea","child",-0.625996085398447,0.644168670969134
"2502","event_type",11,3168,9.04774246701273,4.44089209850063e-16,"CD4+ T Cell (CM)","CyTOF","Human gammaherpesvirus 4 (EBV).ea","child",NA,1.02947953192515e-15
"2503","(Intercept)",1,3168,0.98252430686584,0.321652089554252,"CD4+ T Cell (EM CD27hi)","CyTOF","Human gammaherpesvirus 4 (EBV).ea","child",0.279132145809488,0.585866305973817
"2504","trajectory_group",1,3168,92.4347011548044,0,"CD4+ T Cell (EM CD27hi)","CyTOF","Human gammaherpesvirus 4 (EBV).ea","child",-0.143460813194325,0
"2505","sex",1,3168,40.1275017007429,2.71551225949906e-10,"CD4+ T Cell (EM CD27hi)","CyTOF","Human gammaherpesvirus 4 (EBV).ea","child",NA,3.46227813086131e-09
"2506","discretized_admit_age_quantile",4,3168,15.7892343654563,8.41771097270794e-13,"CD4+ T Cell (EM CD27hi)","CyTOF","Human gammaherpesvirus 4 (EBV).ea","child",NA,7.15505432680175e-12
"2507","virus_positive",1,3168,1.89009481560383,0.16928845456927,"CD4+ T Cell (EM CD27hi)","CyTOF","Human gammaherpesvirus 4 (EBV).ea","child",-0.514340133903178,0.66413162946406
"2508","event_type",11,3168,62.205893574643,0,"CD4+ T Cell (EM CD27hi)","CyTOF","Human gammaherpesvirus 4 (EBV).ea","child",NA,0
"2509","(Intercept)",1,3168,1.3742027944862,0.241179240789543,"CD4+ T Cell (EM CD27low)","CyTOF","Human gammaherpesvirus 4 (EBV).ea","child",-0.357815790065704,0.51250588667778
"2510","trajectory_group",1,3168,56.6842370150792,6.63913368725844e-14,"CD4+ T Cell (EM CD27low)","CyTOF","Human gammaherpesvirus 4 (EBV).ea","child",-0.121403632857341,6.7719163610036e-13
"2511","sex",1,3168,12.6286897529407,0.000385417306061786,"CD4+ T Cell (EM CD27low)","CyTOF","Human gammaherpesvirus 4 (EBV).ea","child",NA,0.00163802355076259
"2512","discretized_admit_age_quantile",4,3168,2.27072060600634,0.0593066158772413,"CD4+ T Cell (EM CD27low)","CyTOF","Human gammaherpesvirus 4 (EBV).ea","child",NA,0.0795957213089291
"2513","virus_positive",1,3168,2.5572135433256,0.10989166228914,"CD4+ T Cell (EM CD27low)","CyTOF","Human gammaherpesvirus 4 (EBV).ea","child",-0.645750395127512,0.644168670969134
"2514","event_type",11,3168,38.3524819237482,0,"CD4+ T Cell (EM CD27low)","CyTOF","Human gammaherpesvirus 4 (EBV).ea","child",NA,0
"2515","(Intercept)",1,3168,4.19617380061889,0.0405975388940929,"CD4+ T Cell (EM CD57hi)","CyTOF","Human gammaherpesvirus 4 (EBV).ea","child",-0.677635972153093,0.155717141567833
"2516","trajectory_group",1,3168,0.00632969258984757,0.936592739588655,"CD4+ T Cell (EM CD57hi)","CyTOF","Human gammaherpesvirus 4 (EBV).ea","child",-0.00139500114126221,0.936592739588655
"2517","sex",1,3168,13.2434293334492,0.000277904256720474,"CD4+ T Cell (EM CD57hi)","CyTOF","Human gammaherpesvirus 4 (EBV).ea","child",NA,0.00128846519024947
"2518","discretized_admit_age_quantile",4,3168,13.3887087107327,8.02773403307810e-11,"CD4+ T Cell (EM CD57hi)","CyTOF","Human gammaherpesvirus 4 (EBV).ea","child",NA,4.54904928541093e-10
"2519","virus_positive",1,3168,0.222174652555591,0.637420371684714,"CD4+ T Cell (EM CD57hi)","CyTOF","Human gammaherpesvirus 4 (EBV).ea","child",0.207250170001542,0.960203074339824
"2520","event_type",11,3168,3.59061906992327,4.69481204978806e-05,"CD4+ T Cell (EM CD57hi)","CyTOF","Human gammaherpesvirus 4 (EBV).ea","child",NA,7.25561862239972e-05
"2521","(Intercept)",1,3168,3.6379667568935,0.0565662124900891,"CD4+ T Cell (EMRA CD57hi)","CyTOF","Human gammaherpesvirus 4 (EBV).ea","child",-0.634921709957056,0.180304802312159
"2522","trajectory_group",1,3168,0.918769093435174,0.337871519924707,"CD4+ T Cell (EMRA CD57hi)","CyTOF","Human gammaherpesvirus 4 (EBV).ea","child",-0.0169360649588298,0.539914097499727
"2523","sex",1,3168,0.062884043867645,0.802010587297382,"CD4+ T Cell (EMRA CD57hi)","CyTOF","Human gammaherpesvirus 4 (EBV).ea","child",NA,0.893984111667512
"2524","discretized_admit_age_quantile",4,3168,8.62742079159081,6.36459099756514e-07,"CD4+ T Cell (EMRA CD57hi)","CyTOF","Human gammaherpesvirus 4 (EBV).ea","child",NA,2.02871338047389e-06
"2525","virus_positive",1,3168,0.571713192298167,0.449635160517524,"CD4+ T Cell (EMRA CD57hi)","CyTOF","Human gammaherpesvirus 4 (EBV).ea","child",-0.338885623336495,0.944444889952709
"2526","event_type",11,3168,1.23294111703186,0.258744449734945,"CD4+ T Cell (EMRA CD57hi)","CyTOF","Human gammaherpesvirus 4 (EBV).ea","child",NA,0.293243709699605
"2527","(Intercept)",1,3168,0.770924578552409,0.379997761808706,"CD4+ T Cell (EMRA CD57low)","CyTOF","Human gammaherpesvirus 4 (EBV).ea","child",-0.293497277874376,0.642754060409061
"2528","trajectory_group",1,3168,0.619300910747189,0.431366056661792,"CD4+ T Cell (EMRA CD57low)","CyTOF","Human gammaherpesvirus 4 (EBV).ea","child",-0.0139739940774643,0.628561968278611
"2529","sex",1,3168,2.1841171968181,0.139540403391997,"CD4+ T Cell (EMRA CD57low)","CyTOF","Human gammaherpesvirus 4 (EBV).ea","child",NA,0.222392517905995
"2530","discretized_admit_age_quantile",4,3168,7.05644785865866,1.18506411861397e-05,"CD4+ T Cell (EMRA CD57low)","CyTOF","Human gammaherpesvirus 4 (EBV).ea","child",NA,3.18096158154275e-05
"2531","virus_positive",1,3168,0.183417173926028,0.668481988321731,"CD4+ T Cell (EMRA CD57low)","CyTOF","Human gammaherpesvirus 4 (EBV).ea","child",-0.19258952890227,0.974073754411664
"2532","event_type",11,3168,0.626698155650138,0.807444658014967,"CD4+ T Cell (EMRA CD57low)","CyTOF","Human gammaherpesvirus 4 (EBV).ea","child",NA,0.840401582831905
"2533","(Intercept)",1,3168,5.53302290033551,0.0187217133511719,"CD4+ T Cell (activated)","CyTOF","Human gammaherpesvirus 4 (EBV).ea","child",0.719502213717652,0.113905576506949
"2534","trajectory_group",1,3168,12.4379916345045,0.000426656787165913,"CD4+ T Cell (activated)","CyTOF","Human gammaherpesvirus 4 (EBV).ea","child",0.0563944477725751,0.00145063307636411
"2535","sex",1,3168,0.0195234084108804,0.888885214138113,"CD4+ T Cell (activated)","CyTOF","Human gammaherpesvirus 4 (EBV).ea","child",NA,0.899611682234106
"2536","discretized_admit_age_quantile",4,3168,7.45189124143083,5.69272646866459e-06,"CD4+ T Cell (activated)","CyTOF","Human gammaherpesvirus 4 (EBV).ea","child",NA,1.61293916612163e-05
"2537","virus_positive",1,3168,0.762330523484826,0.382666347582069,"CD4+ T Cell (activated)","CyTOF","Human gammaherpesvirus 4 (EBV).ea","child",0.348954762880572,0.944444889952709
"2538","event_type",11,3168,37.8169334459525,0,"CD4+ T Cell (activated)","CyTOF","Human gammaherpesvirus 4 (EBV).ea","child",NA,0
"2539","(Intercept)",1,3168,2.16135209388619,0.141619418115395,"CD4+ T Cell (naive)","CyTOF","Human gammaherpesvirus 4 (EBV).ea","child",0.475441819676248,0.343932872565959
"2540","trajectory_group",1,3168,13.9924008275371,0.000186802445830803,"CD4+ T Cell (naive)","CyTOF","Human gammaherpesvirus 4 (EBV).ea","child",-0.0643371568667369,0.000732840364413149
"2541","sex",1,3168,31.7207220738898,1.93572281537158e-08,"CD4+ T Cell (naive)","CyTOF","Human gammaherpesvirus 4 (EBV).ea","child",NA,1.64536439306584e-07
"2542","discretized_admit_age_quantile",4,3168,11.0918823609604,6.19383810906982e-09,"CD4+ T Cell (naive)","CyTOF","Human gammaherpesvirus 4 (EBV).ea","child",NA,2.63238119635467e-08
"2543","virus_positive",1,3168,2.05738012963271,0.151569099051561,"CD4+ T Cell (naive)","CyTOF","Human gammaherpesvirus 4 (EBV).ea","child",-0.621220243063453,0.644168670969134
"2544","event_type",11,3168,3.83062956531012,1.67315443415639e-05,"CD4+ T Cell (naive)","CyTOF","Human gammaherpesvirus 4 (EBV).ea","child",NA,2.94244400489572e-05
"2545","(Intercept)",1,3168,0.104789385762351,0.746177538347083,"CD4+ Treg (CD39hi)","CyTOF","Human gammaherpesvirus 4 (EBV).ea","child",-0.105034338796536,0.860634745227629
"2546","trajectory_group",1,3168,4.56243038891176,0.0327571116926746,"CD4+ Treg (CD39hi)","CyTOF","Human gammaherpesvirus 4 (EBV).ea","child",-0.0365295334797324,0.0726353346228871
"2547","sex",1,3168,5.09824478976158,0.0240178488158287,"CD4+ Treg (CD39hi)","CyTOF","Human gammaherpesvirus 4 (EBV).ea","child",NA,0.0556777404366938
"2548","discretized_admit_age_quantile",4,3168,8.42287308538037,9.32853801982603e-07,"CD4+ Treg (CD39hi)","CyTOF","Human gammaherpesvirus 4 (EBV).ea","child",NA,2.79856140594781e-06
"2549","virus_positive",1,3168,1.56456697275843,0.211090147912115,"CD4+ Treg (CD39hi)","CyTOF","Human gammaherpesvirus 4 (EBV).ea","child",-0.535377292885735,0.768971253108421
"2550","event_type",11,3168,2.96419143057983,0.000637212009474419,"CD4+ Treg (CD39hi)","CyTOF","Human gammaherpesvirus 4 (EBV).ea","child",NA,0.000955818014211629
"2551","(Intercept)",1,3168,0.18950868614927,0.663355504196417,"CD4+ Treg (CD39low)","CyTOF","Human gammaherpesvirus 4 (EBV).ea","child",-0.144294580021127,0.839224840247208
"2552","trajectory_group",1,3168,2.40000359142172,0.121434857377189,"CD4+ Treg (CD39low)","CyTOF","Human gammaherpesvirus 4 (EBV).ea","child",-0.0272802544804108,0.238199143316793
"2553","sex",1,3168,1.85538163428184,0.173255612522699,"CD4+ Treg (CD39low)","CyTOF","Human gammaherpesvirus 4 (EBV).ea","child",NA,0.259883418784048
"2554","discretized_admit_age_quantile",4,3168,0.475093245098567,0.754071002904869,"CD4+ Treg (CD39low)","CyTOF","Human gammaherpesvirus 4 (EBV).ea","child",NA,0.776029776463639
"2555","virus_positive",1,3168,0.838282844752643,0.359958025336113,"CD4+ Treg (CD39low)","CyTOF","Human gammaherpesvirus 4 (EBV).ea","child",-0.408226838928981,0.944444889952709
"2556","event_type",11,3168,5.39037350891271,1.52856231006027e-08,"CD4+ Treg (CD39low)","CyTOF","Human gammaherpesvirus 4 (EBV).ea","child",NA,2.99833376204129e-08
"2557","(Intercept)",1,3168,0.139350741210144,0.708952294595851,"CD4+ Treg (naive)","CyTOF","Human gammaherpesvirus 4 (EBV).ea","child",0.11982755285537,0.860634745227629
"2558","trajectory_group",1,3168,0.0112875455654283,0.915396391692176,"CD4+ Treg (naive)","CyTOF","Human gammaherpesvirus 4 (EBV).ea","child",-0.00180105469880538,0.933704319526019
"2559","sex",1,3168,35.0868112669658,3.49149076317445e-09,"CD4+ Treg (naive)","CyTOF","Human gammaherpesvirus 4 (EBV).ea","child",NA,3.56132057843794e-08
"2560","discretized_admit_age_quantile",4,3168,2.56421826551442,0.036519206123103,"CD4+ Treg (naive)","CyTOF","Human gammaherpesvirus 4 (EBV).ea","child",NA,0.0532137003508072
"2561","virus_positive",1,3168,0.0375595183657333,0.846342733424651,"CD4+ Treg (naive)","CyTOF","Human gammaherpesvirus 4 (EBV).ea","child",-0.0839837685199364,0.987046781290671
"2562","event_type",11,3168,26.1656215548203,0,"CD4+ Treg (naive)","CyTOF","Human gammaherpesvirus 4 (EBV).ea","child",NA,0
"2563","(Intercept)",1,3168,0.176219491764067,0.674670950002657,"CD8+ NKT Cell","CyTOF","Human gammaherpesvirus 4 (EBV).ea","child",-0.13699926724682,0.839224840247208
"2564","trajectory_group",1,3168,26.6434498044992,2.59765844501381e-07,"CD8+ NKT Cell","CyTOF","Human gammaherpesvirus 4 (EBV).ea","child",-0.0895920955789436,1.20436891541549e-06
"2565","sex",1,3168,1.23745118088873,0.26604724422061,"CD8+ NKT Cell","CyTOF","Human gammaherpesvirus 4 (EBV).ea","child",NA,0.357063406717135
"2566","discretized_admit_age_quantile",4,3168,2.64916910955442,0.0316815982429554,"CD8+ NKT Cell","CyTOF","Human gammaherpesvirus 4 (EBV).ea","child",NA,0.0489624700118401
"2567","virus_positive",1,3168,0.792043571394306,0.373550485494396,"CD8+ NKT Cell","CyTOF","Human gammaherpesvirus 4 (EBV).ea","child",0.389730221126774,0.944444889952709
"2568","event_type",11,3168,3.78561117137848,2.03278477919344e-05,"CD8+ NKT Cell","CyTOF","Human gammaherpesvirus 4 (EBV).ea","child",NA,3.34425883028598e-05
"2569","(Intercept)",1,3168,7.32720401675158,0.0068282964320977,"CD8+ T Cell (CD161+ MAIT)","CyTOF","Human gammaherpesvirus 4 (EBV).ea","child",0.811236542410657,0.068824076103627
"2570","trajectory_group",1,3168,45.640341596146,1.68398628375144e-11,"CD8+ T Cell (CD161+ MAIT)","CyTOF","Human gammaherpesvirus 4 (EBV).ea","child",-0.106069174652803,1.22592352935769e-10
"2571","sex",1,3168,8.98754552464615,0.00273937637909505,"CD8+ T Cell (CD161+ MAIT)","CyTOF","Human gammaherpesvirus 4 (EBV).ea","child",NA,0.00821812913728515
"2572","discretized_admit_age_quantile",4,3168,82.4713040816713,0,"CD8+ T Cell (CD161+ MAIT)","CyTOF","Human gammaherpesvirus 4 (EBV).ea","child",NA,0
"2573","virus_positive",1,3168,0.595193748272566,0.440475266395489,"CD8+ T Cell (CD161+ MAIT)","CyTOF","Human gammaherpesvirus 4 (EBV).ea","child",-0.312789999618679,0.944444889952709
"2574","event_type",11,3168,11.6160076943711,0,"CD8+ T Cell (CD161+ MAIT)","CyTOF","Human gammaherpesvirus 4 (EBV).ea","child",NA,0
"2575","(Intercept)",1,3168,0.120960082830069,0.728018631959492,"CD8+ T Cell (CM)","CyTOF","Human gammaherpesvirus 4 (EBV).ea","child",-0.110853352700184,0.860634745227629
"2576","trajectory_group",1,3168,18.1667428492212,2.08285141749531e-05,"CD8+ T Cell (CM)","CyTOF","Human gammaherpesvirus 4 (EBV).ea","child",-0.0720557123782624,8.85211852435508e-05
"2577","sex",1,3168,0.925172932440036,0.336193792951528,"CD8+ T Cell (CM)","CyTOF","Human gammaherpesvirus 4 (EBV).ea","child",NA,0.428647086013198
"2578","discretized_admit_age_quantile",4,3168,4.95463583753934,0.000556159790217503,"CD8+ T Cell (CM)","CyTOF","Human gammaherpesvirus 4 (EBV).ea","child",NA,0.00109092881927279
"2579","virus_positive",1,3168,0.468914206716561,0.493537203111229,"CD8+ T Cell (CM)","CyTOF","Human gammaherpesvirus 4 (EBV).ea","child",-0.294031989644327,0.944444889952709
"2580","event_type",11,3168,15.9164869221176,0,"CD8+ T Cell (CM)","CyTOF","Human gammaherpesvirus 4 (EBV).ea","child",NA,0
"2581","(Intercept)",1,3168,0.241910444714162,0.622863760224986,"CD8+ T Cell (EM CD27hi)","CyTOF","Human gammaherpesvirus 4 (EBV).ea","child",-0.15212820278911,0.81451414798652
"2582","trajectory_group",1,3168,45.3766174157693,1.92301730095323e-11,"CD8+ T Cell (EM CD27hi)","CyTOF","Human gammaherpesvirus 4 (EBV).ea","child",-0.110785629237259,1.22592352935769e-10
"2583","sex",1,3168,15.5760806189903,8.09718833680861e-05,"CD8+ T Cell (EM CD27hi)","CyTOF","Human gammaherpesvirus 4 (EBV).ea","child",NA,0.000458840672419155
"2584","discretized_admit_age_quantile",4,3168,6.32714948811643,4.55209522505218e-05,"CD8+ T Cell (EM CD27hi)","CyTOF","Human gammaherpesvirus 4 (EBV).ea","child",NA,0.000116078428238831
"2585","virus_positive",1,3168,2.33543713282772,0.126559319503774,"CD8+ T Cell (EM CD27hi)","CyTOF","Human gammaherpesvirus 4 (EBV).ea","child",-0.632337914671289,0.644168670969134
"2586","event_type",11,3168,30.2169586191872,0,"CD8+ T Cell (EM CD27hi)","CyTOF","Human gammaherpesvirus 4 (EBV).ea","child",NA,0
"2587","(Intercept)",1,3168,2.66508861979265,0.102671492842466,"CD8+ T Cell (EM CD27low)","CyTOF","Human gammaherpesvirus 4 (EBV).ea","child",0.54476406498498,0.290902563053653
"2588","trajectory_group",1,3168,0.162169495614539,0.687194090646711,"CD8+ T Cell (EM CD27low)","CyTOF","Human gammaherpesvirus 4 (EBV).ea","child",-0.00713588512804255,0.78864040651536
"2589","sex",1,3168,3.20430479341259,0.0735401843647214,"CD8+ T Cell (EM CD27low)","CyTOF","Human gammaherpesvirus 4 (EBV).ea","child",NA,0.129329289744855
"2590","discretized_admit_age_quantile",4,3168,0.48619494023795,0.745911666072303,"CD8+ T Cell (EM CD27low)","CyTOF","Human gammaherpesvirus 4 (EBV).ea","child",NA,0.776029776463639
"2591","virus_positive",1,3168,0.394783460147779,0.529840960828065,"CD8+ T Cell (EM CD27low)","CyTOF","Human gammaherpesvirus 4 (EBV).ea","child",-0.282179105320486,0.944444889952709
"2592","event_type",11,3168,1.25181732676201,0.246579255708622,"CD8+ T Cell (EM CD27low)","CyTOF","Human gammaherpesvirus 4 (EBV).ea","child",NA,0.285807773662267
"2593","(Intercept)",1,3168,0.00125257875537788,0.971769561467312,"CD8+ T Cell (EM CD57hi)","CyTOF","Human gammaherpesvirus 4 (EBV).ea","child",0.0113525093934998,0.971769561467312
"2594","trajectory_group",1,3168,0.324391156966581,0.569020975419675,"CD8+ T Cell (EM CD57hi)","CyTOF","Human gammaherpesvirus 4 (EBV).ea","child",0.00971460422788191,0.711660220389013
"2595","sex",1,3168,13.3683277450237,0.000260068209470665,"CD8+ T Cell (EM CD57hi)","CyTOF","Human gammaherpesvirus 4 (EBV).ea","child",NA,0.00128846519024947
"2596","discretized_admit_age_quantile",4,3168,3.2998718492382,0.0104460843825533,"CD8+ T Cell (EM CD57hi)","CyTOF","Human gammaherpesvirus 4 (EBV).ea","child",NA,0.0183707001210421
"2597","virus_positive",1,3168,0.286371320398347,0.59259287212719,"CD8+ T Cell (EM CD57hi)","CyTOF","Human gammaherpesvirus 4 (EBV).ea","child",-0.229668157552885,0.944444889952709
"2598","event_type",11,3168,14.9790973452933,0,"CD8+ T Cell (EM CD57hi)","CyTOF","Human gammaherpesvirus 4 (EBV).ea","child",NA,0
"2599","(Intercept)",1,3168,3.99210883180003,0.0457991592846568,"CD8+ T Cell (EMRA CD57hi)","CyTOF","Human gammaherpesvirus 4 (EBV).ea","child",-0.64711039146258,0.155717141567833
"2600","trajectory_group",1,3168,1.31243594880777,0.252040618462632,"CD8+ T Cell (EMRA CD57hi)","CyTOF","Human gammaherpesvirus 4 (EBV).ea","child",-0.0197305783831143,0.428469051386475
"2601","sex",1,3168,0.0601096420587056,0.806338610523639,"CD8+ T Cell (EMRA CD57hi)","CyTOF","Human gammaherpesvirus 4 (EBV).ea","child",NA,0.893984111667512
"2602","discretized_admit_age_quantile",4,3168,6.10848120663032,6.8021349914682e-05,"CD8+ T Cell (EMRA CD57hi)","CyTOF","Human gammaherpesvirus 4 (EBV).ea","child",NA,0.000165194706935656
"2603","virus_positive",1,3168,0.00028967564920784,0.986421843488541,"CD8+ T Cell (EMRA CD57hi)","CyTOF","Human gammaherpesvirus 4 (EBV).ea","child",-0.00740121154104286,0.987046781290671
"2604","event_type",11,3168,16.4599655174077,0,"CD8+ T Cell (EMRA CD57hi)","CyTOF","Human gammaherpesvirus 4 (EBV).ea","child",NA,0
"2605","(Intercept)",1,3168,2.37209461274226,0.123621087806391,"CD8+ T Cell (EMRA CD57low)","CyTOF","Human gammaherpesvirus 4 (EBV).ea","child",-0.493963389225549,0.331825025164522
"2606","trajectory_group",1,3168,2.26942534651548,0.132048520966348,"CD8+ T Cell (EMRA CD57low)","CyTOF","Human gammaherpesvirus 4 (EBV).ea","child",-0.0256754964084785,0.249424984047546
"2607","sex",1,3168,26.0424003023344,3.53684670550969e-07,"CD8+ T Cell (EMRA CD57low)","CyTOF","Human gammaherpesvirus 4 (EBV).ea","child",NA,2.25473977476243e-06
"2608","discretized_admit_age_quantile",4,3168,13.181545060528,1.18891119171849e-10,"CD8+ T Cell (EMRA CD57low)","CyTOF","Human gammaherpesvirus 4 (EBV).ea","child",NA,6.06344707776429e-10
"2609","virus_positive",1,3168,0.0258476009868685,0.872283315609318,"CD8+ T Cell (EMRA CD57low)","CyTOF","Human gammaherpesvirus 4 (EBV).ea","child",-0.0688615819911404,0.987046781290671
"2610","event_type",11,3168,12.8494111375311,0,"CD8+ T Cell (EMRA CD57low)","CyTOF","Human gammaherpesvirus 4 (EBV).ea","child",NA,0
"2611","(Intercept)",1,3168,7.11431734048247,0.00768598016886901,"CD8+ T Cell (activated)","CyTOF","Human gammaherpesvirus 4 (EBV).ea","child",0.856248479676203,0.068824076103627
"2612","trajectory_group",1,3168,0.0728917139382402,0.787189643968131,"CD8+ T Cell (activated)","CyTOF","Human gammaherpesvirus 4 (EBV).ea","child",0.00459934157497371,0.822134733221775
"2613","sex",1,3168,2.18516116021332,0.139445889281969,"CD8+ T Cell (activated)","CyTOF","Human gammaherpesvirus 4 (EBV).ea","child",NA,0.222392517905995
"2614","discretized_admit_age_quantile",4,3168,4.06223744456416,0.00274684046342766,"CD8+ T Cell (activated)","CyTOF","Human gammaherpesvirus 4 (EBV).ea","child",NA,0.00500317370124323
"2615","virus_positive",1,3168,15.2143592046549,9.79637978586467e-05,"CD8+ T Cell (activated)","CyTOF","Human gammaherpesvirus 4 (EBV).ea","child",1.68621529329839,0.00499615369079098
"2616","event_type",11,3168,25.0086048288423,0,"CD8+ T Cell (activated)","CyTOF","Human gammaherpesvirus 4 (EBV).ea","child",NA,0
"2617","(Intercept)",1,3168,43.0215381301859,6.29921670380895e-11,"CD8+ T Cell (naive)","CyTOF","Human gammaherpesvirus 4 (EBV).ea","child",1.70188736362143,3.21260051894257e-09
"2618","trajectory_group",1,3168,51.2133897709354,1.02495789633394e-12,"CD8+ T Cell (naive)","CyTOF","Human gammaherpesvirus 4 (EBV).ea","child",-0.0987344658738591,8.71214211883853e-12
"2619","sex",1,3168,82.8462072604389,0,"CD8+ T Cell (naive)","CyTOF","Human gammaherpesvirus 4 (EBV).ea","child",NA,0
"2620","discretized_admit_age_quantile",4,3168,336.157335200323,0,"CD8+ T Cell (naive)","CyTOF","Human gammaherpesvirus 4 (EBV).ea","child",NA,0
"2621","virus_positive",1,3168,0.0162791275735449,0.898481792914493,"CD8+ T Cell (naive)","CyTOF","Human gammaherpesvirus 4 (EBV).ea","child",-0.0444613778030812,0.987046781290671
"2622","event_type",11,3168,1.73740295999742,0.0596538929535592,"CD8+ T Cell (naive)","CyTOF","Human gammaherpesvirus 4 (EBV).ea","child",NA,0.0724368700150361
"2623","(Intercept)",1,3168,5.72648153610915,0.0167688201094094,"Conventional DC","CyTOF","Human gammaherpesvirus 4 (EBV).ea","child",-0.779767467615849,0.113905576506949
"2624","trajectory_group",1,3168,2.08198247825766,0.149145352160099,"Conventional DC","CyTOF","Human gammaherpesvirus 4 (EBV).ea","child",-0.0250055886187584,0.27165760572018
"2625","sex",1,3168,4.17326992808285,0.0411490668192226,"Conventional DC","CyTOF","Human gammaherpesvirus 4 (EBV).ea","child",NA,0.0807154772223212
"2626","discretized_admit_age_quantile",4,3168,0.943877651322648,0.437389895870528,"Conventional DC","CyTOF","Human gammaherpesvirus 4 (EBV).ea","child",NA,0.495708548653265
"2627","virus_positive",1,3168,0.363273261053951,0.546737086879174,"Conventional DC","CyTOF","Human gammaherpesvirus 4 (EBV).ea","child",-0.263006037799555,0.944444889952709
"2628","event_type",11,3168,3.76042662222071,2.26618066556661e-05,"Conventional DC","CyTOF","Human gammaherpesvirus 4 (EBV).ea","child",NA,3.61172543574678e-05
"2629","(Intercept)",1,3168,2.17914477112801,0.13999156500617,"Hematopoetic progenitor Cell","CyTOF","Human gammaherpesvirus 4 (EBV).ea","child",-0.482418858733495,0.343932872565959
"2630","trajectory_group",1,3168,27.2970009890156,1.85771032557014e-07,"Hematopoetic progenitor Cell","CyTOF","Human gammaherpesvirus 4 (EBV).ea","child",0.0907931795880868,9.47432266040771e-07
"2631","sex",1,3168,4.29626259935347,0.0382769073218613,"Hematopoetic progenitor Cell","CyTOF","Human gammaherpesvirus 4 (EBV).ea","child",NA,0.0781160937513969
"2632","discretized_admit_age_quantile",4,3168,2.99103748176007,0.0177620692033573,"Hematopoetic progenitor Cell","CyTOF","Human gammaherpesvirus 4 (EBV).ea","child",NA,0.0292214686893943
"2633","virus_positive",1,3168,0.30271916253419,0.582221539469147,"Hematopoetic progenitor Cell","CyTOF","Human gammaherpesvirus 4 (EBV).ea","child",0.24143584031846,0.944444889952709
"2634","event_type",11,3168,7.84243170502974,1.42330591756945e-13,"Hematopoetic progenitor Cell","CyTOF","Human gammaherpesvirus 4 (EBV).ea","child",NA,2.90354407184168e-13
"2635","(Intercept)",1,3168,0.30851724263827,0.578630712046571,"ILC","CyTOF","Human gammaherpesvirus 4 (EBV).ea","child",-0.180044254316995,0.776583324062503
"2636","trajectory_group",1,3168,0.51843214648593,0.471564367977158,"ILC","CyTOF","Human gammaherpesvirus 4 (EBV).ea","child",0.012397187301515,0.64999412883338
"2637","sex",1,3168,1.36832541767677,0.242187805213487,"ILC","CyTOF","Human gammaherpesvirus 4 (EBV).ea","child",NA,0.343099390719106
"2638","discretized_admit_age_quantile",4,3168,1.17219732829283,0.320968511111535,"ILC","CyTOF","Human gammaherpesvirus 4 (EBV).ea","child",NA,0.38068358294624
"2639","virus_positive",1,3168,0.0337365360304199,0.854280112093637,"ILC","CyTOF","Human gammaherpesvirus 4 (EBV).ea","child",-0.0794308618559738,0.987046781290671
"2640","event_type",11,3168,2.26781390786195,0.00948137623710554,"ILC","CyTOF","Human gammaherpesvirus 4 (EBV).ea","child",NA,0.0127250049497995
"2641","(Intercept)",1,3168,7.02077918157745,0.00809695012983846,"Monocytes (CD14+CD16+)","CyTOF","Human gammaherpesvirus 4 (EBV).ea","child",-0.861800102820295,0.068824076103627
"2642","trajectory_group",1,3168,9.37067884714309,0.00222332961360028,"Monocytes (CD14+CD16+)","CyTOF","Human gammaherpesvirus 4 (EBV).ea","child",-0.0529557162223382,0.00708686314335089
"2643","sex",1,3168,5.63123939224386,0.0177025036344184,"Monocytes (CD14+CD16+)","CyTOF","Human gammaherpesvirus 4 (EBV).ea","child",NA,0.0429917945407304
"2644","discretized_admit_age_quantile",4,3168,9.70620117052073,8.42185319260835e-08,"Monocytes (CD14+CD16+)","CyTOF","Human gammaherpesvirus 4 (EBV).ea","child",NA,3.30395779094635e-07
"2645","virus_positive",1,3168,4.52777497779013,0.0334259530047586,"Monocytes (CD14+CD16+)","CyTOF","Human gammaherpesvirus 4 (EBV).ea","child",0.927717882024609,0.644168670969134
"2646","event_type",11,3168,8.6863256267691,2.44249065417534e-15,"Monocytes (CD14+CD16+)","CyTOF","Human gammaherpesvirus 4 (EBV).ea","child",NA,5.19029264012261e-15
"2647","(Intercept)",1,3168,1.58562165963099,0.208045563971566,"Monocytes (CD14+CD16-)","CyTOF","Human gammaherpesvirus 4 (EBV).ea","child",-0.3540013294509,0.461318424458689
"2648","trajectory_group",1,3168,167.694377223906,0,"Monocytes (CD14+CD16-)","CyTOF","Human gammaherpesvirus 4 (EBV).ea","child",0.193582935054615,0
"2649","sex",1,3168,86.7193150265686,0,"Monocytes (CD14+CD16-)","CyTOF","Human gammaherpesvirus 4 (EBV).ea","child",NA,0
"2650","discretized_admit_age_quantile",4,3168,15.4603136764339,1.572741936684e-12,"Monocytes (CD14+CD16-)","CyTOF","Human gammaherpesvirus 4 (EBV).ea","child",NA,1.14585483958405e-11
"2651","virus_positive",1,3168,3.60040983338033,0.0578561701614027,"Monocytes (CD14+CD16-)","CyTOF","Human gammaherpesvirus 4 (EBV).ea","child",0.716340791671655,0.644168670969134
"2652","event_type",11,3168,49.328947453377,0,"Monocytes (CD14+CD16-)","CyTOF","Human gammaherpesvirus 4 (EBV).ea","child",NA,0
"2653","(Intercept)",1,3168,15.1330750507162,0.000102251918393526,"Monocytes (CD14-CD16+)","CyTOF","Human gammaherpesvirus 4 (EBV).ea","child",-1.08467219590681,0.0026074239190349
"2654","trajectory_group",1,3168,0.0710065706020979,0.789894155448372,"Monocytes (CD14-CD16+)","CyTOF","Human gammaherpesvirus 4 (EBV).ea","child",-0.00394634551431403,0.822134733221775
"2655","sex",1,3168,7.34448704872778,0.0067631106237438,"Monocytes (CD14-CD16+)","CyTOF","Human gammaherpesvirus 4 (EBV).ea","child",NA,0.0181536127268912
"2656","discretized_admit_age_quantile",4,3168,5.88367326403272,0.000102691463616189,"Monocytes (CD14-CD16+)","CyTOF","Human gammaherpesvirus 4 (EBV).ea","child",NA,0.000238057483837529
"2657","virus_positive",1,3168,2.49037769148078,0.114644072514857,"Monocytes (CD14-CD16+)","CyTOF","Human gammaherpesvirus 4 (EBV).ea","child",0.586963780332964,0.644168670969134
"2658","event_type",11,3168,117.840944154191,0,"Monocytes (CD14-CD16+)","CyTOF","Human gammaherpesvirus 4 (EBV).ea","child",NA,0
"2659","(Intercept)",1,3168,1.03470050393567,0.309134881465469,"NK Cell (CD56hi CD16low)","CyTOF","Human gammaherpesvirus 4 (EBV).ea","child",-0.325949314656116,0.583921442768108
"2660","trajectory_group",1,3168,9.1109622295571,0.00256106012462665,"NK Cell (CD56hi CD16low)","CyTOF","Human gammaherpesvirus 4 (EBV).ea","child",-0.0514255649154163,0.00768318037387994
"2661","sex",1,3168,0.0236451870378428,0.877800949385055,"NK Cell (CD56hi CD16low)","CyTOF","Human gammaherpesvirus 4 (EBV).ea","child",NA,0.899611682234106
"2662","discretized_admit_age_quantile",4,3168,2.37969256437771,0.0495934197229434,"NK Cell (CD56hi CD16low)","CyTOF","Human gammaherpesvirus 4 (EBV).ea","child",NA,0.0702573446075032
"2663","virus_positive",1,3168,0.754820897615811,0.385019998184574,"NK Cell (CD56hi CD16low)","CyTOF","Human gammaherpesvirus 4 (EBV).ea","child",-0.372336555623825,0.944444889952709
"2664","event_type",11,3168,3.85776615229279,1.48750570349021e-05,"NK Cell (CD56hi CD16low)","CyTOF","Human gammaherpesvirus 4 (EBV).ea","child",NA,2.70938538850003e-05
"2665","(Intercept)",1,3168,5.13443552011236,0.0235229129197245,"NK Cell (CD56low CD16hi CD57hi)","CyTOF","Human gammaherpesvirus 4 (EBV).ea","child",-0.713012632880271,0.113905576506949
"2666","trajectory_group",1,3168,0.556838252123328,0.455592339404937,"NK Cell (CD56low CD16hi CD57hi)","CyTOF","Human gammaherpesvirus 4 (EBV).ea","child",-0.0124858343752201,0.645422480823661
"2667","sex",1,3168,60.1561573242119,1.17683640610267e-14,"NK Cell (CD56low CD16hi CD57hi)","CyTOF","Human gammaherpesvirus 4 (EBV).ea","child",NA,2.00062189037453e-13
"2668","discretized_admit_age_quantile",4,3168,46.1674410111336,0,"NK Cell (CD56low CD16hi CD57hi)","CyTOF","Human gammaherpesvirus 4 (EBV).ea","child",NA,0
"2669","virus_positive",1,3168,0.00774918123349025,0.929858845922472,"NK Cell (CD56low CD16hi CD57hi)","CyTOF","Human gammaherpesvirus 4 (EBV).ea","child",-0.0370620235198864,0.987046781290671
"2670","event_type",11,3168,17.255725979895,0,"NK Cell (CD56low CD16hi CD57hi)","CyTOF","Human gammaherpesvirus 4 (EBV).ea","child",NA,0
"2671","(Intercept)",1,3168,0.520818554428231,0.470545977914318,"NK Cell (CD56low CD16hi CD57low)","CyTOF","Human gammaherpesvirus 4 (EBV).ea","child",-0.23338464613498,0.725024789156782
"2672","trajectory_group",1,3168,4.61327157191468,0.0318010795978714,"NK Cell (CD56low CD16hi CD57low)","CyTOF","Human gammaherpesvirus 4 (EBV).ea","child",-0.0368320463035841,0.0726353346228871
"2673","sex",1,3168,0.263394575328646,0.607833355441466,"NK Cell (CD56low CD16hi CD57low)","CyTOF","Human gammaherpesvirus 4 (EBV).ea","child",NA,0.704534116534427
"2674","discretized_admit_age_quantile",4,3168,5.51594898116157,0.000200948961620706,"NK Cell (CD56low CD16hi CD57low)","CyTOF","Human gammaherpesvirus 4 (EBV).ea","child",NA,0.000427016543444
"2675","virus_positive",1,3168,0.941899225043758,0.33186397771365,"NK Cell (CD56low CD16hi CD57low)","CyTOF","Human gammaherpesvirus 4 (EBV).ea","child",-0.422889071014508,0.944444889952709
"2676","event_type",11,3168,9.32247520274978,1.11022302462516e-16,"NK Cell (CD56low CD16hi CD57low)","CyTOF","Human gammaherpesvirus 4 (EBV).ea","child",NA,2.69625591694681e-16
"2677","(Intercept)",1,3168,0.041811971558166,0.837991743581566,"Plasmacytoid DC","CyTOF","Human gammaherpesvirus 4 (EBV).ea","child",0.0688317859526167,0.909310189843826
"2678","trajectory_group",1,3168,2.49045253905213,0.114638625322931,"Plasmacytoid DC","CyTOF","Human gammaherpesvirus 4 (EBV).ea","child",-0.0276521784923815,0.23386279565878
"2679","sex",1,3168,1.61795971147971,0.203469873434277,"Plasmacytoid DC","CyTOF","Human gammaherpesvirus 4 (EBV).ea","child",NA,0.296484672718518
"2680","discretized_admit_age_quantile",4,3168,0.465909922064457,0.760813506336901,"Plasmacytoid DC","CyTOF","Human gammaherpesvirus 4 (EBV).ea","child",NA,0.776029776463639
"2681","virus_positive",1,3168,0.0937390103018344,0.759496647505458,"Plasmacytoid DC","CyTOF","Human gammaherpesvirus 4 (EBV).ea","child",-0.139585506795735,0.987046781290671
"2682","event_type",11,3168,1.42891130860215,0.152582685771743,"Plasmacytoid DC","CyTOF","Human gammaherpesvirus 4 (EBV).ea","child",NA,0.180970162194393
"2683","(Intercept)",1,3168,0.488975435758328,0.484436031162127,"Tier2_Bcell_Undefined","CyTOF","Human gammaherpesvirus 4 (EBV).ea","child",0.231931781720183,0.725024789156782
"2684","trajectory_group",1,3168,5.66155686347528,0.017399607361535,"Tier2_Bcell_Undefined","CyTOF","Human gammaherpesvirus 4 (EBV).ea","child",-0.0419084885624692,0.042256189306585
"2685","sex",1,3168,1.29025151880238,0.256087526078535,"Tier2_Bcell_Undefined","CyTOF","Human gammaherpesvirus 4 (EBV).ea","child",NA,0.352985508919062
"2686","discretized_admit_age_quantile",4,3168,1.64539259449274,0.160014132417389,"Tier2_Bcell_Undefined","CyTOF","Human gammaherpesvirus 4 (EBV).ea","child",NA,0.199041969592362
"2687","virus_positive",1,3168,0.0516936622747735,0.820156623852019,"Tier2_Bcell_Undefined","CyTOF","Human gammaherpesvirus 4 (EBV).ea","child",-0.101489547630683,0.987046781290671
"2688","event_type",11,3168,2.61952429814945,0.00250368412050239,"Tier2_Bcell_Undefined","CyTOF","Human gammaherpesvirus 4 (EBV).ea","child",NA,0.00345102405798978
"2689","(Intercept)",1,3168,0.0715046780489732,0.789175844845229,"Tier2_NK_Undefined","CyTOF","Human gammaherpesvirus 4 (EBV).ea","child",0.0901509635600513,0.87495582798058
"2690","trajectory_group",1,3168,0.315786489820234,0.574190635860457,"Tier2_NK_Undefined","CyTOF","Human gammaherpesvirus 4 (EBV).ea","child",-0.010039071184666,0.711660220389013
"2691","sex",1,3168,1.14945675123497,0.28374456388673,"Tier2_NK_Undefined","CyTOF","Human gammaherpesvirus 4 (EBV).ea","child",NA,0.371050583544186
"2692","discretized_admit_age_quantile",4,3168,0.631568339086235,0.639974869164099,"Tier2_NK_Undefined","CyTOF","Human gammaherpesvirus 4 (EBV).ea","child",NA,0.709537354942805
"2693","virus_positive",1,3168,0.0139692531999888,0.90592334225576,"Tier2_NK_Undefined","CyTOF","Human gammaherpesvirus 4 (EBV).ea","child",-0.0537117078544736,0.987046781290671
"2694","event_type",11,3168,2.76721268374765,0.00140247638026925,"Tier2_NK_Undefined","CyTOF","Human gammaherpesvirus 4 (EBV).ea","child",NA,0.00198684153871477
"2695","(Intercept)",1,3168,0.736984088575604,0.39069364456237,"Tier2_Tcell_Undefined","CyTOF","Human gammaherpesvirus 4 (EBV).ea","child",-0.255351528572535,0.642754060409061
"2696","trajectory_group",1,3168,0.0722322584151234,0.788131417480846,"Tier2_Tcell_Undefined","CyTOF","Human gammaherpesvirus 4 (EBV).ea","child",0.00425189518421494,0.822134733221775
"2697","sex",1,3168,10.0761497422035,0.00151640694541499,"Tier2_Tcell_Undefined","CyTOF","Human gammaherpesvirus 4 (EBV).ea","child",NA,0.00515578361441098
"2698","discretized_admit_age_quantile",4,3168,1.26714873698078,0.280577919856544,"Tier2_Tcell_Undefined","CyTOF","Human gammaherpesvirus 4 (EBV).ea","child",NA,0.340701759825803
"2699","virus_positive",1,3168,3.74429390128005,0.053077017463778,"Tier2_Tcell_Undefined","CyTOF","Human gammaherpesvirus 4 (EBV).ea","child",0.771264110586057,0.644168670969134
"2700","event_type",11,3168,0.771900632318497,0.668708153993263,"Tier2_Tcell_Undefined","CyTOF","Human gammaherpesvirus 4 (EBV).ea","child",NA,0.710502413617842
"2701","(Intercept)",1,3168,0.00854962527632668,0.926335092953237,"Tier3_CD4_Undefined","CyTOF","Human gammaherpesvirus 4 (EBV).ea","child",0.0312366225390788,0.94600897325508
"2702","trajectory_group",1,3168,0.830176036126061,0.362290953158429,"Tier3_CD4_Undefined","CyTOF","Human gammaherpesvirus 4 (EBV).ea","child",-0.0155833865689591,0.559904200335754
"2703","sex",1,3168,0.612373304593695,0.433954103641031,"Tier3_CD4_Undefined","CyTOF","Human gammaherpesvirus 4 (EBV).ea","child",NA,0.526944268706967
"2704","discretized_admit_age_quantile",4,3168,0.527926769843874,0.715228750646183,"Tier3_CD4_Undefined","CyTOF","Human gammaherpesvirus 4 (EBV).ea","child",NA,0.776029776463639
"2705","virus_positive",1,3168,0.000263622207572531,0.987046781290671,"Tier3_CD4_Undefined","CyTOF","Human gammaherpesvirus 4 (EBV).ea","child",0.00745578435608847,0.987046781290671
"2706","event_type",11,3168,0.450235225998919,0.933290793833115,"Tier3_CD4_Undefined","CyTOF","Human gammaherpesvirus 4 (EBV).ea","child",NA,0.933290793833115
"2707","(Intercept)",1,3168,0.781204919625253,0.376839954963038,"Tier3_CD8_Undefined","CyTOF","Human gammaherpesvirus 4 (EBV).ea","child",0.288410679923446,0.642754060409061
"2708","trajectory_group",1,3168,0.116071944617993,0.733357051597141,"Tier3_CD8_Undefined","CyTOF","Human gammaherpesvirus 4 (EBV).ea","child",-0.00591091735184905,0.81306977459683
"2709","sex",1,3168,2.80510531843033,0.0940633713772113,"Tier3_CD8_Undefined","CyTOF","Human gammaherpesvirus 4 (EBV).ea","child",NA,0.159907731341259
"2710","discretized_admit_age_quantile",4,3168,2.35555185392586,0.0516043885125415,"Tier3_CD8_Undefined","CyTOF","Human gammaherpesvirus 4 (EBV).ea","child",NA,0.0711303733551247
"2711","virus_positive",1,3168,0.373132044011026,0.541345787833779,"Tier3_CD8_Undefined","CyTOF","Human gammaherpesvirus 4 (EBV).ea","child",-0.267740213390619,0.944444889952709
"2712","event_type",11,3168,2.24066735617114,0.0104738290891443,"Tier3_CD8_Undefined","CyTOF","Human gammaherpesvirus 4 (EBV).ea","child",NA,0.0136965457319579
"2713","(Intercept)",1,3168,0.00828983671700908,0.927459777701059,"Tier4_Treg_Undefined","CyTOF","Human gammaherpesvirus 4 (EBV).ea","child",-0.0307116908728938,0.94600897325508
"2714","trajectory_group",1,3168,0.353464312936195,0.552201043238142,"Tier4_Treg_Undefined","CyTOF","Human gammaherpesvirus 4 (EBV).ea","child",-0.0101528913167052,0.711660220389013
"2715","sex",1,3168,6.15953858167336,0.0131219991733218,"Tier4_Treg_Undefined","CyTOF","Human gammaherpesvirus 4 (EBV).ea","child",NA,0.0334610978919706
"2716","discretized_admit_age_quantile",4,3168,0.416537470341942,0.796841080398915,"Tier4_Treg_Undefined","CyTOF","Human gammaherpesvirus 4 (EBV).ea","child",NA,0.796841080398915
"2717","virus_positive",1,3168,0.0861831686541921,0.769105961938018,"Tier4_Treg_Undefined","CyTOF","Human gammaherpesvirus 4 (EBV).ea","child",-0.134602703196355,0.987046781290671
"2718","event_type",11,3168,0.457187441105332,0.929596718730441,"Tier4_Treg_Undefined","CyTOF","Human gammaherpesvirus 4 (EBV).ea","child",NA,0.933290793833115
"2719","(Intercept)",1,3168,0.484002511204401,0.486665945513143,"Tier4_nonTreg_Undefined","CyTOF","Human gammaherpesvirus 4 (EBV).ea","child",0.228302244329034,0.725024789156782
"2720","trajectory_group",1,3168,0.915358538778425,0.33876962980375,"Tier4_nonTreg_Undefined","CyTOF","Human gammaherpesvirus 4 (EBV).ea","child",-0.0166991496447594,0.539914097499727
"2721","sex",1,3168,0.811307679390511,0.367802383130364,"Tier4_nonTreg_Undefined","CyTOF","Human gammaherpesvirus 4 (EBV).ea","child",NA,0.457510281454843
"2722","discretized_admit_age_quantile",4,3168,4.25172285150458,0.00196190919967076,"Tier4_nonTreg_Undefined","CyTOF","Human gammaherpesvirus 4 (EBV).ea","child",NA,0.003705828488267
"2723","virus_positive",1,3168,0.534027800569689,0.464972434163366,"Tier4_nonTreg_Undefined","CyTOF","Human gammaherpesvirus 4 (EBV).ea","child",-0.321552483349207,0.944444889952709
"2724","event_type",11,3168,4.02803377169848,7.08256938430907e-06,"Tier4_nonTreg_Undefined","CyTOF","Human gammaherpesvirus 4 (EBV).ea","child",NA,1.3378186614806e-05
"2725","(Intercept)",1,3168,0.0195708439478084,0.888751187135185,"gd T Cell","CyTOF","Human gammaherpesvirus 4 (EBV).ea","child",-0.0442794494556617,0.944298136331134
"2726","trajectory_group",1,3168,3.48058686037711,0.062185075356199,"gd T Cell","CyTOF","Human gammaherpesvirus 4 (EBV).ea","child",-0.0313390820551285,0.132143285131923
"2727","sex",1,3168,0.0210905444723233,0.8845418037834,"gd T Cell","CyTOF","Human gammaherpesvirus 4 (EBV).ea","child",NA,0.899611682234106
"2728","discretized_admit_age_quantile",4,3168,9.07943688171537,2.73049989285568e-07,"gd T Cell","CyTOF","Human gammaherpesvirus 4 (EBV).ea","child",NA,9.2836996357093e-07
"2729","virus_positive",1,3168,0.00168920571828595,0.967218806044059,"gd T Cell","CyTOF","Human gammaherpesvirus 4 (EBV).ea","child",-0.0173268587368976,0.987046781290671
"2730","event_type",11,3168,2.05753023131681,0.0202173732504625,"gd T Cell","CyTOF","Human gammaherpesvirus 4 (EBV).ea","child",NA,0.0257771508943396
"2731","(Intercept)",1,3168,5.37731591849345,0.0204635625356113,"Basophil","CyTOF","Human gammaherpesvirus 4 (EBV).ea","child",-0.624888262741465,0.113905576506949
"2732","trajectory_group",1,3168,5.67738358765441,0.017243616400451,"Basophil","CyTOF","Human gammaherpesvirus 4 (EBV).ea","child",-0.0340579597906769,0.042256189306585
"2733","sex",1,3168,4.29558225925171,0.0382922028193122,"Basophil","CyTOF","Human gammaherpesvirus 4 (EBV).ea","child",NA,0.0781160937513969
"2734","discretized_admit_age_quantile",4,3168,0.992930215110441,0.410014890998462,"Basophil","CyTOF","Human gammaherpesvirus 4 (EBV).ea","child",NA,0.475244532748218
"2735","virus_positive",1,3168,2.39911851472647,0.121503527142808,"Basophil","CyTOF","Human gammaherpesvirus 4 (EBV).ea","child",-0.562275717283741,0.644168670969134
"2736","event_type",11,3168,117.334250214609,0,"Basophil","CyTOF","Human gammaherpesvirus 4 (EBV).ea","child",NA,0
"2737","(Intercept)",1,3168,2.02253658612048,0.155078506078469,"Eosinophil","CyTOF","Human gammaherpesvirus 4 (EBV).ea","child",-0.427456526295066,0.359500173181905
"2738","trajectory_group",1,3168,0.275010143202091,0.600027244641717,"Eosinophil","CyTOF","Human gammaherpesvirus 4 (EBV).ea","child",0.00837655620540705,0.711660220389013
"2739","sex",1,3168,4.67037155046562,0.030761993140081,"Eosinophil","CyTOF","Human gammaherpesvirus 4 (EBV).ea","child",NA,0.0682113760932231
"2740","discretized_admit_age_quantile",4,3168,2.79620300725708,0.0247327356861304,"Eosinophil","CyTOF","Human gammaherpesvirus 4 (EBV).ea","child",NA,0.0394177974997704
"2741","virus_positive",1,3168,0.218607191265158,0.640135382893216,"Eosinophil","CyTOF","Human gammaherpesvirus 4 (EBV).ea","child",0.18895199991044,0.960203074339824
"2742","event_type",11,3168,48.5164634186996,0,"Eosinophil","CyTOF","Human gammaherpesvirus 4 (EBV).ea","child",NA,0
"2743","(Intercept)",1,3168,0.460230042536261,0.497566031774263,"Neutrophil (CD16hi)","CyTOF","Human gammaherpesvirus 4 (EBV).ea","child",0.207213166118685,0.725024789156782
"2744","trajectory_group",1,3168,41.8173278636398,1.15649712029153e-10,"Neutrophil (CD16hi)","CyTOF","Human gammaherpesvirus 4 (EBV).ea","child",0.104946988022777,6.55348368165202e-10
"2745","sex",1,3168,10.9406720237286,0.000951264492960346,"Neutrophil (CD16hi)","CyTOF","Human gammaherpesvirus 4 (EBV).ea","child",NA,0.00346532065292698
"2746","discretized_admit_age_quantile",4,3168,11.9078713848874,1.32570754374228e-09,"Neutrophil (CD16hi)","CyTOF","Human gammaherpesvirus 4 (EBV).ea","child",NA,6.14646224825968e-09
"2747","virus_positive",1,3168,2.87970738625939,0.0898005505023278,"Neutrophil (CD16hi)","CyTOF","Human gammaherpesvirus 4 (EBV).ea","child",0.697112738462726,0.644168670969134
"2748","event_type",11,3168,22.5935185600764,0,"Neutrophil (CD16hi)","CyTOF","Human gammaherpesvirus 4 (EBV).ea","child",NA,0
"2749","(Intercept)",1,3168,3.16292672359987,0.0754239038740382,"Neutrophil (CD16low)","CyTOF","Human gammaherpesvirus 4 (EBV).ea","child",-0.560055482858504,0.226271711622115
"2750","trajectory_group",1,3168,65.4023240811947,8.88178419700125e-16,"Neutrophil (CD16low)","CyTOF","Human gammaherpesvirus 4 (EBV).ea","child",0.135132914937757,1.50990331349021e-14
"2751","sex",1,3168,0.268825425009365,0.604156988070632,"Neutrophil (CD16low)","CyTOF","Human gammaherpesvirus 4 (EBV).ea","child",NA,0.704534116534427
"2752","discretized_admit_age_quantile",4,3168,2.06769448722583,0.0824186401549276,"Neutrophil (CD16low)","CyTOF","Human gammaherpesvirus 4 (EBV).ea","child",NA,0.107778221741059
"2753","virus_positive",1,3168,0.340070449916267,0.559830068367889,"Neutrophil (CD16low)","CyTOF","Human gammaherpesvirus 4 (EBV).ea","child",0.247320494045168,0.944444889952709
"2754","event_type",11,3168,17.8200719848047,0,"Neutrophil (CD16low)","CyTOF","Human gammaherpesvirus 4 (EBV).ea","child",NA,0
"2755","(Intercept)",1,3168,0.294481916123013,0.587400797597576,"B Cell (CD11c+ CXCR5-)","CyTOF","Human betaherpesvirus 5 (CMV).ea","child",-0.178414555302381,0.788353702038852
"2756","trajectory_group",1,3168,5.84279748512326,0.0156970655159634,"B Cell (CD11c+ CXCR5-)","CyTOF","Human betaherpesvirus 5 (CMV).ea","child",0.0420411270760189,0.0421342284902175
"2757","sex",1,3168,0.0328347264813246,0.8562193999847,"B Cell (CD11c+ CXCR5-)","CyTOF","Human betaherpesvirus 5 (CMV).ea","child",NA,0.897151273162756
"2758","discretized_admit_age_quantile",4,3168,15.4449288474539,1.61937130371825e-12,"B Cell (CD11c+ CXCR5-)","CyTOF","Human betaherpesvirus 5 (CMV).ea","child",NA,1.03234920612039e-11
"2759","virus_positive",1,3168,1.32044240302778,0.250599416385305,"B Cell (CD11c+ CXCR5-)","CyTOF","Human betaherpesvirus 5 (CMV).ea","child",0.33054903775793,0.67266159135003
"2760","event_type",11,3168,1.91028722974802,0.0336466468382421,"B Cell (CD11c+ CXCR5-)","CyTOF","Human betaherpesvirus 5 (CMV).ea","child",NA,0.0418531460670817
"2761","(Intercept)",1,3168,1.20511106324415,0.272385958111753,"B Cell (CD27+ non-switched memory)","CyTOF","Human betaherpesvirus 5 (CMV).ea","child",0.366442100597706,0.534295533219207
"2762","trajectory_group",1,3168,0.296853501110483,0.585900100948561,"B Cell (CD27+ non-switched memory)","CyTOF","Human betaherpesvirus 5 (CMV).ea","child",0.00966600325127074,0.713377914109978
"2763","sex",1,3168,3.80483698219835,0.0511928108597016,"B Cell (CD27+ non-switched memory)","CyTOF","Human betaherpesvirus 5 (CMV).ea","child",NA,0.0932440483515994
"2764","discretized_admit_age_quantile",4,3168,2.6308958714509,0.0326669552857812,"B Cell (CD27+ non-switched memory)","CyTOF","Human betaherpesvirus 5 (CMV).ea","child",NA,0.0490004329286718
"2765","virus_positive",1,3168,2.0094574445548,0.156419556493998,"B Cell (CD27+ non-switched memory)","CyTOF","Human betaherpesvirus 5 (CMV).ea","child",0.412766567925275,0.531826492079594
"2766","event_type",11,3168,0.888688437665203,0.550789119878817,"B Cell (CD27+ non-switched memory)","CyTOF","Human betaherpesvirus 5 (CMV).ea","child",NA,0.597664789655737
"2767","(Intercept)",1,3168,4.43284537644866,0.0353322115772776,"B Cell (CD27+ switched memory)","CyTOF","Human betaherpesvirus 5 (CMV).ea","child",0.698504679534271,0.149656374431058
"2768","trajectory_group",1,3168,0.140685037908484,0.707626047721286,"B Cell (CD27+ switched memory)","CyTOF","Human betaherpesvirus 5 (CMV).ea","child",0.00662016142237604,0.792974172129947
"2769","sex",1,3168,9.28505867006293,0.00232935715428861,"B Cell (CD27+ switched memory)","CyTOF","Human betaherpesvirus 5 (CMV).ea","child",NA,0.00742482592929496
"2770","discretized_admit_age_quantile",4,3168,9.40598273004336,1.47999740351956e-07,"B Cell (CD27+ switched memory)","CyTOF","Human betaherpesvirus 5 (CMV).ea","child",NA,5.39141911282126e-07
"2771","virus_positive",1,3168,0.248156046016971,0.61841104470345,"B Cell (CD27+ switched memory)","CyTOF","Human betaherpesvirus 5 (CMV).ea","child",0.143535700770659,0.841482560883482
"2772","event_type",11,3168,2.83604026858521,0.00106669189054487,"B Cell (CD27+ switched memory)","CyTOF","Human betaherpesvirus 5 (CMV).ea","child",NA,0.00155432246907967
"2773","(Intercept)",1,3168,5.04770190408378,0.0247272197843547,"B Cell (CD71+ activated)","CyTOF","Human betaherpesvirus 5 (CMV).ea","child",0.692733843175753,0.114644382636553
"2774","trajectory_group",1,3168,1.41809519225718,0.233806396866251,"B Cell (CD71+ activated)","CyTOF","Human betaherpesvirus 5 (CMV).ea","child",0.0193741419952018,0.411176766902718
"2775","sex",1,3168,0.0176415572276233,0.894342967001367,"B Cell (CD71+ activated)","CyTOF","Human betaherpesvirus 5 (CMV).ea","child",NA,0.897151273162756
"2776","discretized_admit_age_quantile",4,3168,3.22012894323513,0.0119885103745084,"B Cell (CD71+ activated)","CyTOF","Human betaherpesvirus 5 (CMV).ea","child",NA,0.0203804676366643
"2777","virus_positive",1,3168,0.282156640757643,0.595328387895366,"B Cell (CD71+ activated)","CyTOF","Human betaherpesvirus 5 (CMV).ea","child",-0.14341896954737,0.841482560883482
"2778","event_type",11,3168,3.78960368019889,1.9980285074217e-05,"B Cell (CD71+ activated)","CyTOF","Human betaherpesvirus 5 (CMV).ea","child",NA,3.28707915737119e-05
"2779","(Intercept)",1,3168,0.41838040394387,0.51779315904842,"B Cell (Plasmablast)","CyTOF","Human betaherpesvirus 5 (CMV).ea","child",0.190041400322021,0.733540308651929
"2780","trajectory_group",1,3168,7.30859032528218,0.00689921950269035,"B Cell (Plasmablast)","CyTOF","Human betaherpesvirus 5 (CMV).ea","child",0.0421675762509238,0.019547788590956
"2781","sex",1,3168,3.83202646098145,0.0503697806942922,"B Cell (Plasmablast)","CyTOF","Human betaherpesvirus 5 (CMV).ea","child",NA,0.0932440483515994
"2782","discretized_admit_age_quantile",4,3168,2.00771867970074,0.0907304521569133,"B Cell (Plasmablast)","CyTOF","Human betaherpesvirus 5 (CMV).ea","child",NA,0.115681326500064
"2783","virus_positive",1,3168,0.56108431675503,0.453879296727558,"B Cell (Plasmablast)","CyTOF","Human betaherpesvirus 5 (CMV).ea","child",-0.192188422945309,0.829277558213893
"2784","event_type",11,3168,80.0370761789201,0,"B Cell (Plasmablast)","CyTOF","Human betaherpesvirus 5 (CMV).ea","child",NA,0
"2785","(Intercept)",1,3168,4.22027636632985,0.0400255236876608,"B Cell (naive)","CyTOF","Human betaherpesvirus 5 (CMV).ea","child",0.652336452185543,0.149656374431058
"2786","trajectory_group",1,3168,12.2969619237718,0.000459997158433811,"B Cell (naive)","CyTOF","Human betaherpesvirus 5 (CMV).ea","child",0.0592443454318717,0.00156399033867496
"2787","sex",1,3168,2.02082808645111,0.155252940832072,"B Cell (naive)","CyTOF","Human betaherpesvirus 5 (CMV).ea","child",NA,0.239936363104111
"2788","discretized_admit_age_quantile",4,3168,28.5626430385723,0,"B Cell (naive)","CyTOF","Human betaherpesvirus 5 (CMV).ea","child",NA,0
"2789","virus_positive",1,3168,3.84284843914298,0.050046101222929,"B Cell (naive)","CyTOF","Human betaherpesvirus 5 (CMV).ea","child",0.541585796577519,0.232031923851762
"2790","event_type",11,3168,18.0668463363774,0,"B Cell (naive)","CyTOF","Human betaherpesvirus 5 (CMV).ea","child",NA,0
"2791","(Intercept)",1,3168,8.76850845558659,0.00308751948847696,"B Cell (transitional)","CyTOF","Human betaherpesvirus 5 (CMV).ea","child",0.94836611700306,0.0524878313041084
"2792","trajectory_group",1,3168,0.316899460477362,0.573516776348723,"B Cell (transitional)","CyTOF","Human betaherpesvirus 5 (CMV).ea","child",0.00959234205644079,0.713377914109978
"2793","sex",1,3168,12.3288239149463,0.000452241771912609,"B Cell (transitional)","CyTOF","Human betaherpesvirus 5 (CMV).ea","child",NA,0.00177417925904177
"2794","discretized_admit_age_quantile",4,3168,26.209957555693,0,"B Cell (transitional)","CyTOF","Human betaherpesvirus 5 (CMV).ea","child",NA,0
"2795","virus_positive",1,3168,0.0430698938882007,0.835607060612899,"B Cell (transitional)","CyTOF","Human betaherpesvirus 5 (CMV).ea","child",-0.0577625948426531,0.917039369280014
"2796","event_type",11,3168,8.85990992234164,1.11022302462516e-15,"B Cell (transitional)","CyTOF","Human betaherpesvirus 5 (CMV).ea","child",NA,2.46179888069056e-15
"2797","(Intercept)",1,3168,1.31580145081202,0.251433574100501,"CD4+ NKT Cell","CyTOF","Human betaherpesvirus 5 (CMV).ea","child",-0.382029231318048,0.512924491165023
"2798","trajectory_group",1,3168,0.621114188430858,0.43069251249259,"CD4+ NKT Cell","CyTOF","Human betaherpesvirus 5 (CMV).ea","child",-0.0137374693112518,0.644347286148281
"2799","sex",1,3168,7.56102126554257,0.00599827358227101,"CD4+ NKT Cell","CyTOF","Human betaherpesvirus 5 (CMV).ea","child",NA,0.0169951084831012
"2800","discretized_admit_age_quantile",4,3168,5.55269729752528,0.000187937315158537,"CD4+ NKT Cell","CyTOF","Human betaherpesvirus 5 (CMV).ea","child",NA,0.000416730568395017
"2801","virus_positive",1,3168,0.474552560790132,0.490950645138535,"CD4+ NKT Cell","CyTOF","Human betaherpesvirus 5 (CMV).ea","child",-0.201241826759573,0.829277558213893
"2802","event_type",11,3168,0.958733215106516,0.482260515656677,"CD4+ NKT Cell","CyTOF","Human betaherpesvirus 5 (CMV).ea","child",NA,0.534680136923708
"2803","(Intercept)",1,3168,0.0843687922698534,0.771481014833049,"CD4+ T Cell (CM)","CyTOF","Human betaherpesvirus 5 (CMV).ea","child",0.0923923270829435,0.874345150144123
"2804","trajectory_group",1,3168,56.3528136071098,7.82707232360735e-14,"CD4+ T Cell (CM)","CyTOF","Human betaherpesvirus 5 (CMV).ea","child",-0.126621995730743,9.71622782230952e-13
"2805","sex",1,3168,29.6863249347018,5.46774631127178e-08,"CD4+ T Cell (CM)","CyTOF","Human betaherpesvirus 5 (CMV).ea","child",NA,3.98364374106944e-07
"2806","discretized_admit_age_quantile",4,3168,5.43379829717285,0.000233358771570158,"CD4+ T Cell (CM)","CyTOF","Human betaherpesvirus 5 (CMV).ea","child",NA,0.000476051894003122
"2807","virus_positive",1,3168,4.36874142703707,0.03668355744695,"CD4+ T Cell (CM)","CyTOF","Human betaherpesvirus 5 (CMV).ea","child",-0.573314740862126,0.207873492199383
"2808","event_type",11,3168,9.06680429814707,4.44089209850063e-16,"CD4+ T Cell (CM)","CyTOF","Human betaherpesvirus 5 (CMV).ea","child",NA,1.02947953192515e-15
"2809","(Intercept)",1,3168,0.944826770405561,0.33111381162273,"CD4+ T Cell (EM CD27hi)","CyTOF","Human betaherpesvirus 5 (CMV).ea","child",0.273684955424429,0.603100156884258
"2810","trajectory_group",1,3168,91.4738691534886,0,"CD4+ T Cell (EM CD27hi)","CyTOF","Human betaherpesvirus 5 (CMV).ea","child",-0.142708255085358,0
"2811","sex",1,3168,40.5641372472412,2.17777795796792e-10,"CD4+ T Cell (EM CD27hi)","CyTOF","Human betaherpesvirus 5 (CMV).ea","child",NA,2.7766668964091e-09
"2812","discretized_admit_age_quantile",4,3168,15.8376234561588,7.67830243830758e-13,"CD4+ T Cell (EM CD27hi)","CyTOF","Human betaherpesvirus 5 (CMV).ea","child",NA,6.52655707256145e-12
"2813","virus_positive",1,3168,4.83013504196197,0.0280385585770299,"CD4+ T Cell (EM CD27hi)","CyTOF","Human betaherpesvirus 5 (CMV).ea","child",-0.533090075082388,0.204280926775503
"2814","event_type",11,3168,62.2350094320766,0,"CD4+ T Cell (EM CD27hi)","CyTOF","Human betaherpesvirus 5 (CMV).ea","child",NA,0
"2815","(Intercept)",1,3168,1.41839877260511,0.233756361530204,"CD4+ T Cell (EM CD27low)","CyTOF","Human betaherpesvirus 5 (CMV).ea","child",-0.363399845675648,0.496732268251684
"2816","trajectory_group",1,3168,55.9587913057217,9.52571355128384e-14,"CD4+ T Cell (EM CD27low)","CyTOF","Human betaherpesvirus 5 (CMV).ea","child",-0.120611544227047,9.71622782230952e-13
"2817","sex",1,3168,12.88063148094,0.00033703067362878,"CD4+ T Cell (EM CD27low)","CyTOF","Human betaherpesvirus 5 (CMV).ea","child",NA,0.00143238036292231
"2818","discretized_admit_age_quantile",4,3168,2.22061858207264,0.0643575606821918,"CD4+ T Cell (EM CD27low)","CyTOF","Human betaherpesvirus 5 (CMV).ea","child",NA,0.0863746209155732
"2819","virus_positive",1,3168,5.55311162672966,0.0185084254568972,"CD4+ T Cell (EM CD27low)","CyTOF","Human betaherpesvirus 5 (CMV).ea","child",-0.616986098331637,0.188785939660352
"2820","event_type",11,3168,38.357117392077,0,"CD4+ T Cell (EM CD27low)","CyTOF","Human betaherpesvirus 5 (CMV).ea","child",NA,0
"2821","(Intercept)",1,3168,4.17603193376417,0.0410821420006826,"CD4+ T Cell (EM CD57hi)","CyTOF","Human betaherpesvirus 5 (CMV).ea","child",-0.676020388944636,0.149656374431058
"2822","trajectory_group",1,3168,0.00854808190517957,0.926341723285433,"CD4+ T Cell (EM CD57hi)","CyTOF","Human betaherpesvirus 5 (CMV).ea","child",-0.00162165958908094,0.929520203207112
"2823","sex",1,3168,13.1726645755592,0.000288552247827756,"CD4+ T Cell (EM CD57hi)","CyTOF","Human betaherpesvirus 5 (CMV).ea","child",NA,0.0013378331490196
"2824","discretized_admit_age_quantile",4,3168,13.4078766075862,7.74122987934334e-11,"CD4+ T Cell (EM CD57hi)","CyTOF","Human betaherpesvirus 5 (CMV).ea","child",NA,4.38669693162789e-10
"2825","virus_positive",1,3168,0.43466225060211,0.50975799487508,"CD4+ T Cell (EM CD57hi)","CyTOF","Human betaherpesvirus 5 (CMV).ea","child",0.188032584261392,0.829277558213893
"2826","event_type",11,3168,3.5893595707524,4.72010157631653e-05,"CD4+ T Cell (EM CD57hi)","CyTOF","Human betaherpesvirus 5 (CMV).ea","child",NA,7.29470243612554e-05
"2827","(Intercept)",1,3168,3.62157848005797,0.0571252989389518,"CD4+ T Cell (EMRA CD57hi)","CyTOF","Human betaherpesvirus 5 (CMV).ea","child",-0.633578139631289,0.182086890367909
"2828","trajectory_group",1,3168,0.947298013557738,0.330482327326222,"CD4+ T Cell (EMRA CD57hi)","CyTOF","Human betaherpesvirus 5 (CMV).ea","child",-0.0172061019495708,0.526706209176166
"2829","sex",1,3168,0.0636221576981211,0.800876306132648,"CD4+ T Cell (EMRA CD57hi)","CyTOF","Human betaherpesvirus 5 (CMV).ea","child",NA,0.89141873397717
"2830","discretized_admit_age_quantile",4,3168,8.62313391717932,6.41582062144153e-07,"CD4+ T Cell (EMRA CD57hi)","CyTOF","Human betaherpesvirus 5 (CMV).ea","child",NA,2.04504282308449e-06
"2831","virus_positive",1,3168,0.094191656349134,0.758934641985172,"CD4+ T Cell (EMRA CD57hi)","CyTOF","Human betaherpesvirus 5 (CMV).ea","child",-0.0892145450963036,0.900131784680088
"2832","event_type",11,3168,1.23284187141916,0.258809548629427,"CD4+ T Cell (EMRA CD57hi)","CyTOF","Human betaherpesvirus 5 (CMV).ea","child",NA,0.293317488446684
"2833","(Intercept)",1,3168,0.788285827866374,0.374686358571389,"CD4+ T Cell (EMRA CD57low)","CyTOF","Human betaherpesvirus 5 (CMV).ea","child",-0.29675739119899,0.626862557789866
"2834","trajectory_group",1,3168,0.574706062786872,0.448451277978098,"CD4+ T Cell (EMRA CD57low)","CyTOF","Human betaherpesvirus 5 (CMV).ea","child",-0.0134646043805236,0.644347286148281
"2835","sex",1,3168,2.22547452650726,0.135850510736315,"CD4+ T Cell (EMRA CD57low)","CyTOF","Human betaherpesvirus 5 (CMV).ea","child",NA,0.223496001533938
"2836","discretized_admit_age_quantile",4,3168,7.09279438668114,1.10793796628261e-05,"CD4+ T Cell (EMRA CD57low)","CyTOF","Human betaherpesvirus 5 (CMV).ea","child",NA,2.9739387516007e-05
"2837","virus_positive",1,3168,0.824808422165395,0.363847116637704,"CD4+ T Cell (EMRA CD57low)","CyTOF","Human betaherpesvirus 5 (CMV).ea","child",-0.264848568927207,0.822351045528761
"2838","event_type",11,3168,0.62067781824117,0.812694980593343,"CD4+ T Cell (EMRA CD57low)","CyTOF","Human betaherpesvirus 5 (CMV).ea","child",NA,0.845866204291031
"2839","(Intercept)",1,3168,5.5483936983635,0.0185582903966379,"CD4+ T Cell (activated)","CyTOF","Human betaherpesvirus 5 (CMV).ea","child",0.720575655001183,0.108632111742616
"2840","trajectory_group",1,3168,12.3862144681989,0.000438604059790126,"CD4+ T Cell (activated)","CyTOF","Human betaherpesvirus 5 (CMV).ea","child",0.0562963756781211,0.00156399033867496
"2841","sex",1,3168,0.0167110406711686,0.897151273162756,"CD4+ T Cell (activated)","CyTOF","Human betaherpesvirus 5 (CMV).ea","child",NA,0.897151273162756
"2842","discretized_admit_age_quantile",4,3168,7.4461936888292,5.75327103913281e-06,"CD4+ T Cell (activated)","CyTOF","Human betaherpesvirus 5 (CMV).ea","child",NA,1.63009346108763e-05
"2843","virus_positive",1,3168,0.748589360249204,0.386988727307652,"CD4+ T Cell (activated)","CyTOF","Human betaherpesvirus 5 (CMV).ea","child",0.224318452210965,0.822351045528761
"2844","event_type",11,3168,37.75196766991,0,"CD4+ T Cell (activated)","CyTOF","Human betaherpesvirus 5 (CMV).ea","child",NA,0
"2845","(Intercept)",1,3168,2.12102373203585,0.145388497779941,"CD4+ T Cell (naive)","CyTOF","Human betaherpesvirus 5 (CMV).ea","child",0.470830129424175,0.353086351751286
"2846","trajectory_group",1,3168,13.7147499379171,0.000216405794853158,"CD4+ T Cell (naive)","CyTOF","Human betaherpesvirus 5 (CMV).ea","child",-0.0636967898737735,0.000848976579808544
"2847","sex",1,3168,32.0414120231783,1.64382988332434e-08,"CD4+ T Cell (naive)","CyTOF","Human betaherpesvirus 5 (CMV).ea","child",NA,1.39725540082569e-07
"2848","discretized_admit_age_quantile",4,3168,11.0144055555599,7.16899828390183e-09,"CD4+ T Cell (naive)","CyTOF","Human betaherpesvirus 5 (CMV).ea","child",NA,3.04682427065828e-08
"2849","virus_positive",1,3168,3.88250460598263,0.0488786698661015,"CD4+ T Cell (naive)","CyTOF","Human betaherpesvirus 5 (CMV).ea","child",-0.553376611146423,0.232031923851762
"2850","event_type",11,3168,3.84471005751731,1.57413989398947e-05,"CD4+ T Cell (naive)","CyTOF","Human betaherpesvirus 5 (CMV).ea","child",NA,2.76831498598148e-05
"2851","(Intercept)",1,3168,0.118272385030573,0.73093865686181,"CD4+ Treg (CD39hi)","CyTOF","Human betaherpesvirus 5 (CMV).ea","child",-0.111518891537459,0.847224352271644
"2852","trajectory_group",1,3168,4.33356641377415,0.0374479668824168,"CD4+ Treg (CD39hi)","CyTOF","Human betaherpesvirus 5 (CMV).ea","child",-0.0355948647302414,0.0830367961305764
"2853","sex",1,3168,5.25040635680112,0.0220069867885189,"CD4+ Treg (CD39hi)","CyTOF","Human betaherpesvirus 5 (CMV).ea","child",NA,0.0510161966461119
"2854","discretized_admit_age_quantile",4,3168,8.366735580654,1.03598148104567e-06,"CD4+ Treg (CD39hi)","CyTOF","Human betaherpesvirus 5 (CMV).ea","child",NA,3.107944443137e-06
"2855","virus_positive",1,3168,4.87301006385997,0.0273513008274138,"CD4+ Treg (CD39hi)","CyTOF","Human betaherpesvirus 5 (CMV).ea","child",-0.612602204355371,0.204280926775503
"2856","event_type",11,3168,3.00012783864224,0.000550798741426051,"CD4+ Treg (CD39hi)","CyTOF","Human betaherpesvirus 5 (CMV).ea","child",NA,0.000826198112139076
"2857","(Intercept)",1,3168,0.196330971195236,0.657729077907966,"CD4+ Treg (CD39low)","CyTOF","Human betaherpesvirus 5 (CMV).ea","child",-0.146860845827841,0.83026252023412
"2858","trajectory_group",1,3168,2.33431134494414,0.126650776281563,"CD4+ Treg (CD39low)","CyTOF","Human betaherpesvirus 5 (CMV).ea","child",-0.0269120072876631,0.239229244087396
"2859","sex",1,3168,1.90023020391495,0.168149888672532,"CD4+ Treg (CD39low)","CyTOF","Human betaherpesvirus 5 (CMV).ea","child",NA,0.252224833008798
"2860","discretized_admit_age_quantile",4,3168,0.480113998784686,0.750381831970954,"CD4+ Treg (CD39low)","CyTOF","Human betaherpesvirus 5 (CMV).ea","child",NA,0.772314124644457
"2861","virus_positive",1,3168,1.38477615819103,0.239377674954099,"CD4+ Treg (CD39low)","CyTOF","Human betaherpesvirus 5 (CMV).ea","child",-0.340259769160122,0.67266159135003
"2862","event_type",11,3168,5.38030749953396,1.60115437575215e-08,"CD4+ Treg (CD39low)","CyTOF","Human betaherpesvirus 5 (CMV).ea","child",NA,3.14072589089844e-08
"2863","(Intercept)",1,3168,0.135021837756937,0.713305556462166,"CD4+ Treg (naive)","CyTOF","Human betaherpesvirus 5 (CMV).ea","child",0.117951469044726,0.846013566966755
"2864","trajectory_group",1,3168,0.00782438422382283,0.929520203207112,"CD4+ Treg (naive)","CyTOF","Human betaherpesvirus 5 (CMV).ea","child",-0.00150003541810512,0.929520203207112
"2865","sex",1,3168,35.1800331991726,3.33003724595216e-09,"CD4+ Treg (naive)","CyTOF","Human betaherpesvirus 5 (CMV).ea","child",NA,3.3966379908712e-08
"2866","discretized_admit_age_quantile",4,3168,2.56257749186708,0.0366193094484646,"CD4+ Treg (naive)","CyTOF","Human betaherpesvirus 5 (CMV).ea","child",NA,0.0533595651963341
"2867","virus_positive",1,3168,0.250614593661883,0.616677431323553,"CD4+ Treg (naive)","CyTOF","Human betaherpesvirus 5 (CMV).ea","child",-0.140665376614063,0.841482560883482
"2868","event_type",11,3168,26.1505139089728,0,"CD4+ Treg (naive)","CyTOF","Human betaherpesvirus 5 (CMV).ea","child",NA,0
"2869","(Intercept)",1,3168,0.184615107288056,0.667465947639195,"CD8+ NKT Cell","CyTOF","Human betaherpesvirus 5 (CMV).ea","child",-0.140245176832707,0.83026252023412
"2870","trajectory_group",1,3168,26.2677724370295,3.15024013763932e-07,"CD8+ NKT Cell","CyTOF","Human betaherpesvirus 5 (CMV).ea","child",-0.0890010862582141,1.46056588199641e-06
"2871","sex",1,3168,1.22681543454723,0.26811134310573,"CD8+ NKT Cell","CyTOF","Human betaherpesvirus 5 (CMV).ea","child",NA,0.359833644694533
"2872","discretized_admit_age_quantile",4,3168,2.66562242757308,0.030818966314037,"CD8+ NKT Cell","CyTOF","Human betaherpesvirus 5 (CMV).ea","child",NA,0.047629311576239
"2873","virus_positive",1,3168,1.4237481359179e-05,0.996989619841464,"CD8+ NKT Cell","CyTOF","Human betaherpesvirus 5 (CMV).ea","child",0.00107186883396962,0.996989619841464
"2874","event_type",11,3168,3.79145483417818,1.98211300355133e-05,"CD8+ NKT Cell","CyTOF","Human betaherpesvirus 5 (CMV).ea","child",NA,3.28707915737119e-05
"2875","(Intercept)",1,3168,7.27161236631033,0.00704235727635982,"CD8+ T Cell (CD161+ MAIT)","CyTOF","Human betaherpesvirus 5 (CMV).ea","child",0.808074831461825,0.0691810571350031
"2876","trajectory_group",1,3168,45.1105031852612,2.19868567796766e-11,"CD8+ T Cell (CD161+ MAIT)","CyTOF","Human betaherpesvirus 5 (CMV).ea","child",-0.105529793536737,1.40166211970438e-10
"2877","sex",1,3168,8.87538109661646,0.00291236438003528,"CD8+ T Cell (CD161+ MAIT)","CyTOF","Human betaherpesvirus 5 (CMV).ea","child",NA,0.00873709314010584
"2878","discretized_admit_age_quantile",4,3168,82.4397200623885,0,"CD8+ T Cell (CD161+ MAIT)","CyTOF","Human betaherpesvirus 5 (CMV).ea","child",NA,0
"2879","virus_positive",1,3168,1.86191838566298,0.172500468504215,"CD8+ T Cell (CD161+ MAIT)","CyTOF","Human betaherpesvirus 5 (CMV).ea","child",-0.358560709614859,0.538796801977407
"2880","event_type",11,3168,11.5861967770911,0,"CD8+ T Cell (CD161+ MAIT)","CyTOF","Human betaherpesvirus 5 (CMV).ea","child",NA,0
"2881","(Intercept)",1,3168,0.139670401001908,0.708633906299475,"CD8+ T Cell (CM)","CyTOF","Human betaherpesvirus 5 (CMV).ea","child",-0.119037278474824,0.846013566966755
"2882","trajectory_group",1,3168,17.5517805172128,2.87220509219699e-05,"CD8+ T Cell (CM)","CyTOF","Human betaherpesvirus 5 (CMV).ea","child",-0.070791084954927,0.000122068716418372
"2883","sex",1,3168,0.992266347115014,0.319265166791256,"CD8+ T Cell (CM)","CyTOF","Human betaherpesvirus 5 (CMV).ea","child",NA,0.407063087658851
"2884","discretized_admit_age_quantile",4,3168,5.02979429577196,0.000485544784601388,"CD8+ T Cell (CM)","CyTOF","Human betaherpesvirus 5 (CMV).ea","child",NA,0.000952414769795031
"2885","virus_positive",1,3168,4.53580612922732,0.033269693618609,"CD8+ T Cell (CM)","CyTOF","Human betaherpesvirus 5 (CMV).ea","child",-0.592694553789605,0.207873492199383
"2886","event_type",11,3168,15.968540393022,0,"CD8+ T Cell (CM)","CyTOF","Human betaherpesvirus 5 (CMV).ea","child",NA,0
"2887","(Intercept)",1,3168,0.234203069132164,0.628458128760184,"CD8+ T Cell (EM CD27hi)","CyTOF","Human betaherpesvirus 5 (CMV).ea","child",-0.149743186211052,0.821829860686394
"2888","trajectory_group",1,3168,45.7296516847121,1.60996771469968e-11,"CD8+ T Cell (EM CD27hi)","CyTOF","Human betaherpesvirus 5 (CMV).ea","child",-0.111294274286024,1.17297647785262e-10
"2889","sex",1,3168,15.5419652667925,8.24389413729421e-05,"CD8+ T Cell (EM CD27hi)","CyTOF","Human betaherpesvirus 5 (CMV).ea","child",NA,0.000467154001113338
"2890","discretized_admit_age_quantile",4,3168,6.29337530574205,4.84372863482907e-05,"CD8+ T Cell (EM CD27hi)","CyTOF","Human betaherpesvirus 5 (CMV).ea","child",NA,0.000123515080188141
"2891","virus_positive",1,3168,0.381977261883578,0.536591361197225,"CD8+ T Cell (EM CD27hi)","CyTOF","Human betaherpesvirus 5 (CMV).ea","child",-0.165926386041052,0.829277558213893
"2892","event_type",11,3168,30.1777248486933,0,"CD8+ T Cell (EM CD27hi)","CyTOF","Human betaherpesvirus 5 (CMV).ea","child",NA,0
"2893","(Intercept)",1,3168,2.62158366303259,0.105518720031494,"CD8+ T Cell (EM CD27low)","CyTOF","Human betaherpesvirus 5 (CMV).ea","child",0.540244993997439,0.298969706755901
"2894","trajectory_group",1,3168,0.133131287966038,0.715231606234854,"CD8+ T Cell (EM CD27low)","CyTOF","Human betaherpesvirus 5 (CMV).ea","child",-0.00646778168043897,0.792974172129947
"2895","sex",1,3168,3.1303908313048,0.0769415070872908,"CD8+ T Cell (EM CD27low)","CyTOF","Human betaherpesvirus 5 (CMV).ea","child",NA,0.13531092625696
"2896","discretized_admit_age_quantile",4,3168,0.492419859854424,0.741334101779049,"CD8+ T Cell (EM CD27low)","CyTOF","Human betaherpesvirus 5 (CMV).ea","child",NA,0.772314124644457
"2897","virus_positive",1,3168,1.80173608169593,0.179598933992469,"CD8+ T Cell (EM CD27low)","CyTOF","Human betaherpesvirus 5 (CMV).ea","child",-0.390867605409663,0.538796801977407
"2898","event_type",11,3168,1.25611114286154,0.243871964826338,"CD8+ T Cell (EM CD27low)","CyTOF","Human betaherpesvirus 5 (CMV).ea","child",NA,0.282669777412346
"2899","(Intercept)",1,3168,0.00297954635241864,0.956472355028405,"CD8+ T Cell (EM CD57hi)","CyTOF","Human betaherpesvirus 5 (CMV).ea","child",0.0175076301877498,0.956472355028405
"2900","trajectory_group",1,3168,0.258511446899621,0.611180062447972,"CD8+ T Cell (EM CD57hi)","CyTOF","Human betaherpesvirus 5 (CMV).ea","child",0.00867451518010261,0.724887981042943
"2901","sex",1,3168,13.5014609614846,0.000242324791737136,"CD8+ T Cell (EM CD57hi)","CyTOF","Human betaherpesvirus 5 (CMV).ea","child",NA,0.0012358564378594
"2902","discretized_admit_age_quantile",4,3168,3.27428981563281,0.0109184749345075,"CD8+ T Cell (EM CD57hi)","CyTOF","Human betaherpesvirus 5 (CMV).ea","child",NA,0.0192014559193063
"2903","virus_positive",1,3168,0.685993390978526,0.407592920189117,"CD8+ T Cell (EM CD57hi)","CyTOF","Human betaherpesvirus 5 (CMV).ea","child",0.230554410906355,0.829277558213893
"2904","event_type",11,3168,14.9557983790689,0,"CD8+ T Cell (EM CD57hi)","CyTOF","Human betaherpesvirus 5 (CMV).ea","child",NA,0
"2905","(Intercept)",1,3168,3.98096103958145,0.0461028097057213,"CD8+ T Cell (EMRA CD57hi)","CyTOF","Human betaherpesvirus 5 (CMV).ea","child",-0.646237126963159,0.156749552999453
"2906","trajectory_group",1,3168,1.33102392821601,0.248710171712768,"CD8+ T Cell (EMRA CD57hi)","CyTOF","Human betaherpesvirus 5 (CMV).ea","child",-0.019877646764533,0.422807291911706
"2907","sex",1,3168,0.0615846412761797,0.804024740449996,"CD8+ T Cell (EMRA CD57hi)","CyTOF","Human betaherpesvirus 5 (CMV).ea","child",NA,0.89141873397717
"2908","discretized_admit_age_quantile",4,3168,6.09819128387198,6.93175844022065e-05,"CD8+ T Cell (EMRA CD57hi)","CyTOF","Human betaherpesvirus 5 (CMV).ea","child",NA,0.000168342704976787
"2909","virus_positive",1,3168,0.0265700895299748,0.870526199904063,"CD8+ T Cell (EMRA CD57hi)","CyTOF","Human betaherpesvirus 5 (CMV).ea","child",0.0459742179361075,0.917039369280014
"2910","event_type",11,3168,16.4636807289778,0,"CD8+ T Cell (EMRA CD57hi)","CyTOF","Human betaherpesvirus 5 (CMV).ea","child",NA,0
"2911","(Intercept)",1,3168,2.34835977222713,0.125514754615181,"CD8+ T Cell (EMRA CD57low)","CyTOF","Human betaherpesvirus 5 (CMV).ea","child",-0.491496215721037,0.336908025546011
"2912","trajectory_group",1,3168,2.34224475201885,0.126007844950812,"CD8+ T Cell (EMRA CD57low)","CyTOF","Human betaherpesvirus 5 (CMV).ea","child",-0.026093239541726,0.239229244087396
"2913","sex",1,3168,25.9541945557999,3.70080873501877e-07,"CD8+ T Cell (EMRA CD57low)","CyTOF","Human betaherpesvirus 5 (CMV).ea","child",NA,2.35926556857446e-06
"2914","discretized_admit_age_quantile",4,3168,13.1223681006034,1.33002497904045e-10,"CD8+ T Cell (EMRA CD57low)","CyTOF","Human betaherpesvirus 5 (CMV).ea","child",NA,6.78312739310627e-10
"2915","virus_positive",1,3168,0.146236670931889,0.7021836410266,"CD8+ T Cell (EMRA CD57low)","CyTOF","Human betaherpesvirus 5 (CMV).ea","child",0.106241986051963,0.872509267215337
"2916","event_type",11,3168,12.8404869244113,0,"CD8+ T Cell (EMRA CD57low)","CyTOF","Human betaherpesvirus 5 (CMV).ea","child",NA,0
"2917","(Intercept)",1,3168,7.06552343359107,0.00789762770779912,"CD8+ T Cell (activated)","CyTOF","Human betaherpesvirus 5 (CMV).ea","child",0.854371725626081,0.0691810571350031
"2918","trajectory_group",1,3168,0.0877151690384026,0.767121604304528,"CD8+ T Cell (activated)","CyTOF","Human betaherpesvirus 5 (CMV).ea","child",0.00505246424395083,0.815066704573561
"2919","sex",1,3168,2.09387786790921,0.147989196866468,"CD8+ T Cell (activated)","CyTOF","Human betaherpesvirus 5 (CMV).ea","child",NA,0.235857782505933
"2920","discretized_admit_age_quantile",4,3168,4.06422381324325,0.00273718960527791,"CD8+ T Cell (activated)","CyTOF","Human betaherpesvirus 5 (CMV).ea","child",NA,0.00498559535247048
"2921","virus_positive",1,3168,6.73347020559316,0.0095056706735428,"CD8+ T Cell (activated)","CyTOF","Human betaherpesvirus 5 (CMV).ea","child",0.72849557411346,0.121197301087671
"2922","event_type",11,3168,24.9071142493758,0,"CD8+ T Cell (activated)","CyTOF","Human betaherpesvirus 5 (CMV).ea","child",NA,0
"2923","(Intercept)",1,3168,42.7143904101401,7.35465022216886e-11,"CD8+ T Cell (naive)","CyTOF","Human betaherpesvirus 5 (CMV).ea","child",1.6947946824445,3.75087161330612e-09
"2924","trajectory_group",1,3168,50.0578461839208,1.82964754458226e-12,"CD8+ T Cell (naive)","CyTOF","Human betaherpesvirus 5 (CMV).ea","child",-0.0975864382316664,1.55520041289492e-11
"2925","sex",1,3168,83.5110366836386,0,"CD8+ T Cell (naive)","CyTOF","Human betaherpesvirus 5 (CMV).ea","child",NA,0
"2926","discretized_admit_age_quantile",4,3168,336.312249930944,0,"CD8+ T Cell (naive)","CyTOF","Human betaherpesvirus 5 (CMV).ea","child",NA,0
"2927","virus_positive",1,3168,3.54613189538797,0.0597759730133587,"CD8+ T Cell (naive)","CyTOF","Human betaherpesvirus 5 (CMV).ea","child",-0.425385242854609,0.254047885306774
"2928","event_type",11,3168,1.72403320625876,0.0622764500489316,"CD8+ T Cell (naive)","CyTOF","Human betaherpesvirus 5 (CMV).ea","child",NA,0.0756214036308455
"2929","(Intercept)",1,3168,5.72374648485305,0.0167949108520929,"Conventional DC","CyTOF","Human betaherpesvirus 5 (CMV).ea","child",-0.779604006255496,0.108632111742616
"2930","trajectory_group",1,3168,2.09628083147794,0.147756875625469,"Conventional DC","CyTOF","Human betaherpesvirus 5 (CMV).ea","child",-0.025100601927458,0.269128594889247
"2931","sex",1,3168,4.15716801058022,0.0415415123199524,"Conventional DC","CyTOF","Human betaherpesvirus 5 (CMV).ea","child",NA,0.0814852741660605
"2932","discretized_admit_age_quantile",4,3168,0.94777586694048,0.435166942903693,"Conventional DC","CyTOF","Human betaherpesvirus 5 (CMV).ea","child",NA,0.493189201957519
"2933","virus_positive",1,3168,0.16689780476861,0.682911284135205,"Conventional DC","CyTOF","Human betaherpesvirus 5 (CMV).ea","child",-0.115634088570801,0.870711887272387
"2934","event_type",11,3168,3.75693600591068,2.30054772879518e-05,"Conventional DC","CyTOF","Human betaherpesvirus 5 (CMV).ea","child",NA,3.66649794276731e-05
"2935","(Intercept)",1,3168,2.21400209739722,0.136862995328129,"Hematopoetic progenitor Cell","CyTOF","Human betaherpesvirus 5 (CMV).ea","child",-0.486307546199973,0.349000638086728
"2936","trajectory_group",1,3168,27.6822333595892,1.52481713255881e-07,"Hematopoetic progenitor Cell","CyTOF","Human betaherpesvirus 5 (CMV).ea","child",0.0914724110780815,7.77656737604993e-07
"2937","sex",1,3168,4.2559549157812,0.0391942661054524,"Hematopoetic progenitor Cell","CyTOF","Human betaherpesvirus 5 (CMV).ea","child",NA,0.0799563028551229
"2938","discretized_admit_age_quantile",4,3168,3.02018859101766,0.0168991465540156,"Hematopoetic progenitor Cell","CyTOF","Human betaherpesvirus 5 (CMV).ea","child",NA,0.0278018217501547
"2939","virus_positive",1,3168,0.129921915216957,0.718537043589101,"Hematopoetic progenitor Cell","CyTOF","Human betaherpesvirus 5 (CMV).ea","child",-0.10259012601127,0.872509267215337
"2940","event_type",11,3168,7.84439935413787,1.40998324127395e-13,"Hematopoetic progenitor Cell","CyTOF","Human betaherpesvirus 5 (CMV).ea","child",NA,2.87636581219886e-13
"2941","(Intercept)",1,3168,0.319023208009896,0.57223524414228,"ILC","CyTOF","Human betaherpesvirus 5 (CMV).ea","child",-0.183086832167892,0.788353702038852
"2942","trajectory_group",1,3168,0.5587163628819,0.45483337845761,"ILC","CyTOF","Human betaherpesvirus 5 (CMV).ea","child",0.0128738163953359,0.644347286148281
"2943","sex",1,3168,1.33992286875978,0.247134835708231,"ILC","CyTOF","Human betaherpesvirus 5 (CMV).ea","child",NA,0.350107683919994
"2944","discretized_admit_age_quantile",4,3168,1.17566429984041,0.319413505055254,"ILC","CyTOF","Human betaherpesvirus 5 (CMV).ea","child",NA,0.378839273437627
"2945","virus_positive",1,3168,0.536716344602823,0.463850973231825,"ILC","CyTOF","Human betaherpesvirus 5 (CMV).ea","child",-0.205488409800283,0.829277558213893
"2946","event_type",11,3168,2.27126139817958,0.00936192575507921,"ILC","CyTOF","Human betaherpesvirus 5 (CMV).ea","child",NA,0.0125646898291853
"2947","(Intercept)",1,3168,7.0114953004914,0.00813894789823566,"Monocytes (CD14+CD16+)","CyTOF","Human betaherpesvirus 5 (CMV).ea","child",-0.861581929488805,0.0691810571350031
"2948","trajectory_group",1,3168,9.30939909041251,0.00229870343747129,"Monocytes (CD14+CD16+)","CyTOF","Human betaherpesvirus 5 (CMV).ea","child",-0.052821534703458,0.00732711720693975
"2949","sex",1,3168,5.70887887151588,0.0169374735954377,"Monocytes (CD14+CD16+)","CyTOF","Human betaherpesvirus 5 (CMV).ea","child",NA,0.0411338644460631
"2950","discretized_admit_age_quantile",4,3168,9.73014373306536,8.05134022785481e-08,"Monocytes (CD14+CD16+)","CyTOF","Human betaherpesvirus 5 (CMV).ea","child",NA,3.15860270477381e-07
"2951","virus_positive",1,3168,2.61226400450659,0.106139844448835,"Monocytes (CD14+CD16+)","CyTOF","Human betaherpesvirus 5 (CMV).ea","child",0.457188742137756,0.416394774376198
"2952","event_type",11,3168,8.62446811644666,3.33066907387547e-15,"Monocytes (CD14+CD16+)","CyTOF","Human betaherpesvirus 5 (CMV).ea","child",NA,7.07767178198537e-15
"2953","(Intercept)",1,3168,1.50854636107225,0.219452272316621,"Monocytes (CD14+CD16-)","CyTOF","Human betaherpesvirus 5 (CMV).ea","child",-0.344817440540332,0.486611560354246
"2954","trajectory_group",1,3168,165.58581647909,0,"Monocytes (CD14+CD16-)","CyTOF","Human betaherpesvirus 5 (CMV).ea","child",0.192160416059441,0
"2955","sex",1,3168,87.9036833651514,0,"Monocytes (CD14+CD16-)","CyTOF","Human betaherpesvirus 5 (CMV).ea","child",NA,0
"2956","discretized_admit_age_quantile",4,3168,15.4948253896347,1.4729328867702e-12,"Monocytes (CD14+CD16-)","CyTOF","Human betaherpesvirus 5 (CMV).ea","child",NA,1.03234920612039e-11
"2957","virus_positive",1,3168,12.2598154154437,0.000469208560273215,"Monocytes (CD14+CD16-)","CyTOF","Human betaherpesvirus 5 (CMV).ea","child",0.856195896631943,0.023929636573934
"2958","event_type",11,3168,49.5099782210755,0,"Monocytes (CD14+CD16-)","CyTOF","Human betaherpesvirus 5 (CMV).ea","child",NA,0
"2959","(Intercept)",1,3168,15.3393766237789,9.17191503895243e-05,"Monocytes (CD14-CD16+)","CyTOF","Human betaherpesvirus 5 (CMV).ea","child",-1.09254679107566,0.00233883833493287
"2960","trajectory_group",1,3168,0.0300877142002218,0.862302437861047,"Monocytes (CD14-CD16+)","CyTOF","Human betaherpesvirus 5 (CMV).ea","child",-0.00257074082758627,0.897498455732926
"2961","sex",1,3168,7.22602886814706,0.00722299259195525,"Monocytes (CD14-CD16+)","CyTOF","Human betaherpesvirus 5 (CMV).ea","child",NA,0.0193880327468272
"2962","discretized_admit_age_quantile",4,3168,5.95477858642967,9.01578289311811e-05,"Monocytes (CD14-CD16+)","CyTOF","Human betaherpesvirus 5 (CMV).ea","child",NA,0.000209002239795011
"2963","virus_positive",1,3168,0.426330976837725,0.513842174921882,"Monocytes (CD14-CD16+)","CyTOF","Human betaherpesvirus 5 (CMV).ea","child",-0.157579957008505,0.829277558213893
"2964","event_type",11,3168,117.97314666704,0,"Monocytes (CD14-CD16+)","CyTOF","Human betaherpesvirus 5 (CMV).ea","child",NA,0
"2965","(Intercept)",1,3168,1.04952262882445,0.305695273527935,"NK Cell (CD56hi CD16low)","CyTOF","Human betaherpesvirus 5 (CMV).ea","child",-0.328262146470217,0.577424405552767
"2966","trajectory_group",1,3168,8.99264118873039,0.00273177013931702,"NK Cell (CD56hi CD16low)","CyTOF","Human betaherpesvirus 5 (CMV).ea","child",-0.0511054694174653,0.00819531041795107
"2967","sex",1,3168,0.0191799056812976,0.889860760169317,"NK Cell (CD56hi CD16low)","CyTOF","Human betaherpesvirus 5 (CMV).ea","child",NA,0.897151273162756
"2968","discretized_admit_age_quantile",4,3168,2.3579596847335,0.051400364318321,"NK Cell (CD56hi CD16low)","CyTOF","Human betaherpesvirus 5 (CMV).ea","child",NA,0.0708491508171451
"2969","virus_positive",1,3168,1.21812717739953,0.269812333515169,"NK Cell (CD56hi CD16low)","CyTOF","Human betaherpesvirus 5 (CMV).ea","child",-0.306783142754598,0.688021450463681
"2970","event_type",11,3168,3.84682062428712,1.55980525960997e-05,"NK Cell (CD56hi CD16low)","CyTOF","Human betaherpesvirus 5 (CMV).ea","child",NA,2.76831498598148e-05
"2971","(Intercept)",1,3168,5.17745620957274,0.0229483083431075,"NK Cell (CD56low CD16hi CD57hi)","CyTOF","Human betaherpesvirus 5 (CMV).ea","child",-0.715971636670726,0.114644382636553
"2972","trajectory_group",1,3168,0.513989479255455,0.473469773711235,"NK Cell (CD56low CD16hi CD57hi)","CyTOF","Human betaherpesvirus 5 (CMV).ea","child",-0.0119994382244813,0.65262049889927
"2973","sex",1,3168,59.9640952501889,1.28785870856518e-14,"NK Cell (CD56low CD16hi CD57hi)","CyTOF","Human betaherpesvirus 5 (CMV).ea","child",NA,2.18935980456081e-13
"2974","discretized_admit_age_quantile",4,3168,46.1281844389572,0,"NK Cell (CD56low CD16hi CD57hi)","CyTOF","Human betaherpesvirus 5 (CMV).ea","child",NA,0
"2975","virus_positive",1,3168,0.450272529286832,0.502254482417845,"NK Cell (CD56low CD16hi CD57hi)","CyTOF","Human betaherpesvirus 5 (CMV).ea","child",-0.183235276734971,0.829277558213893
"2976","event_type",11,3168,17.2394229137844,0,"NK Cell (CD56low CD16hi CD57hi)","CyTOF","Human betaherpesvirus 5 (CMV).ea","child",NA,0
"2977","(Intercept)",1,3168,0.524308329160678,0.469063101765943,"NK Cell (CD56low CD16hi CD57low)","CyTOF","Human betaherpesvirus 5 (CMV).ea","child",-0.2341748214965,0.707519283074903
"2978","trajectory_group",1,3168,4.5960833834838,0.0321209882299223,"NK Cell (CD56low CD16hi CD57low)","CyTOF","Human betaherpesvirus 5 (CMV).ea","child",-0.0367760336028006,0.074462290896638
"2979","sex",1,3168,0.27402031319943,0.600684186512071,"NK Cell (CD56low CD16hi CD57low)","CyTOF","Human betaherpesvirus 5 (CMV).ea","child",NA,0.711917484119658
"2980","discretized_admit_age_quantile",4,3168,5.49939796177077,0.000207097565521952,"NK Cell (CD56low CD16hi CD57low)","CyTOF","Human betaherpesvirus 5 (CMV).ea","child",NA,0.000440082326734148
"2981","virus_positive",1,3168,0.759114585833004,0.383671772327005,"NK Cell (CD56low CD16hi CD57low)","CyTOF","Human betaherpesvirus 5 (CMV).ea","child",-0.246214360183168,0.822351045528761
"2982","event_type",11,3168,9.34958388393664,1.11022302462516e-16,"NK Cell (CD56low CD16hi CD57low)","CyTOF","Human betaherpesvirus 5 (CMV).ea","child",NA,2.69625591694681e-16
"2983","(Intercept)",1,3168,0.0407074329462983,0.840116658037833,"Plasmacytoid DC","CyTOF","Human betaherpesvirus 5 (CMV).ea","child",0.0679176204922839,0.911615948083605
"2984","trajectory_group",1,3168,2.45954685039611,0.116912347842687,"Plasmacytoid DC","CyTOF","Human betaherpesvirus 5 (CMV).ea","child",-0.0274915236933384,0.238501189599081
"2985","sex",1,3168,1.60246228983958,0.205647699305875,"Plasmacytoid DC","CyTOF","Human betaherpesvirus 5 (CMV).ea","child",NA,0.299658076131417
"2986","discretized_admit_age_quantile",4,3168,0.470872721824954,0.757170710435742,"Plasmacytoid DC","CyTOF","Human betaherpesvirus 5 (CMV).ea","child",NA,0.772314124644457
"2987","virus_positive",1,3168,0.179322238233165,0.671985092889043,"Plasmacytoid DC","CyTOF","Human betaherpesvirus 5 (CMV).ea","child",-0.125123995480385,0.870711887272387
"2988","event_type",11,3168,1.42880716236645,0.152627896282963,"Plasmacytoid DC","CyTOF","Human betaherpesvirus 5 (CMV).ea","child",NA,0.181023783963515
"2989","(Intercept)",1,3168,0.486480992711663,0.485552449169051,"Tier2_Bcell_Undefined","CyTOF","Human betaherpesvirus 5 (CMV).ea","child",0.231350604441687,0.707519283074903
"2990","trajectory_group",1,3168,5.63379250890526,0.0176767872298,"Tier2_Bcell_Undefined","CyTOF","Human betaherpesvirus 5 (CMV).ea","child",-0.0418230046025434,0.0450758074359901
"2991","sex",1,3168,1.29865338604819,0.254545499477433,"Tier2_Bcell_Undefined","CyTOF","Human betaherpesvirus 5 (CMV).ea","child",NA,0.350860012793218
"2992","discretized_admit_age_quantile",4,3168,1.65008009582756,0.158869569271982,"Tier2_Bcell_Undefined","CyTOF","Human betaherpesvirus 5 (CMV).ea","child",NA,0.197618244704172
"2993","virus_positive",1,3168,0.0788921979883198,0.77882266216546,"Tier2_Bcell_Undefined","CyTOF","Human betaherpesvirus 5 (CMV).ea","child",-0.0813129255974338,0.902726267509965
"2994","event_type",11,3168,2.62212434659482,0.00247850720148912,"Tier2_Bcell_Undefined","CyTOF","Human betaherpesvirus 5 (CMV).ea","child",NA,0.00341632073718771
"2995","(Intercept)",1,3168,0.0682104770793897,0.793977342965763,"Tier2_NK_Undefined","CyTOF","Human betaherpesvirus 5 (CMV).ea","child",0.0880526150504505,0.880279228070737
"2996","trajectory_group",1,3168,0.29434496898605,0.587487693972923,"Tier2_NK_Undefined","CyTOF","Human betaherpesvirus 5 (CMV).ea","child",-0.00969664980694089,0.713377914109978
"2997","sex",1,3168,1.1659496888008,0.280317234668573,"Tier2_NK_Undefined","CyTOF","Human betaherpesvirus 5 (CMV).ea","child",NA,0.366568691489672
"2998","discretized_admit_age_quantile",4,3168,0.628192973554516,0.642386618780314,"Tier2_NK_Undefined","CyTOF","Human betaherpesvirus 5 (CMV).ea","child",NA,0.712211251256435
"2999","virus_positive",1,3168,0.236214884225991,0.626987006148477,"Tier2_NK_Undefined","CyTOF","Human betaherpesvirus 5 (CMV).ea","child",-0.143227978060064,0.841482560883482
"3000","event_type",11,3168,2.77294582837154,0.00137098213754783,"Tier2_NK_Undefined","CyTOF","Human betaherpesvirus 5 (CMV).ea","child",NA,0.00194222469485942
"3001","(Intercept)",1,3168,0.816804106476289,0.36618494689222,"Tier2_Tcell_Undefined","CyTOF","Human betaherpesvirus 5 (CMV).ea","child",-0.26897356519816,0.626862557789866
"3002","trajectory_group",1,3168,0.171693470482652,0.678639184869896,"Tier2_Tcell_Undefined","CyTOF","Human betaherpesvirus 5 (CMV).ea","child",0.00656099454670427,0.786604509735561
"3003","sex",1,3168,10.3084595226456,0.00133745802032759,"Tier2_Tcell_Undefined","CyTOF","Human betaherpesvirus 5 (CMV).ea","child",NA,0.00454735726911379
"3004","discretized_admit_age_quantile",4,3168,1.37070682041296,0.241509296639502,"Tier2_Tcell_Undefined","CyTOF","Human betaherpesvirus 5 (CMV).ea","child",NA,0.293261288776538
"3005","virus_positive",1,3168,2.03908044988674,0.153400864154297,"Tier2_Tcell_Undefined","CyTOF","Human betaherpesvirus 5 (CMV).ea","child",-0.36925260189654,0.531826492079594
"3006","event_type",11,3168,0.787344528105655,0.653128084157511,"Tier2_Tcell_Undefined","CyTOF","Human betaherpesvirus 5 (CMV).ea","child",NA,0.693948589417355
"3007","(Intercept)",1,3168,0.00842821468112944,0.926858530689662,"Tier3_CD4_Undefined","CyTOF","Human betaherpesvirus 5 (CMV).ea","child",0.0310145071376252,0.945395701303455
"3008","trajectory_group",1,3168,0.823838548773348,0.364129285608398,"Tier3_CD4_Undefined","CyTOF","Human betaherpesvirus 5 (CMV).ea","child",-0.0155327765502188,0.562745259576616
"3009","sex",1,3168,0.611436376312885,0.434305937547994,"Tier3_CD4_Undefined","CyTOF","Human betaherpesvirus 5 (CMV).ea","child",NA,0.527371495593993
"3010","discretized_admit_age_quantile",4,3168,0.528679289151995,0.714676125818627,"Tier3_CD4_Undefined","CyTOF","Human betaherpesvirus 5 (CMV).ea","child",NA,0.772314124644457
"3011","virus_positive",1,3168,0.00170881887745853,0.967029153861945,"Tier3_CD4_Undefined","CyTOF","Human betaherpesvirus 5 (CMV).ea","child",-0.0122859552271007,0.986369736939184
"3012","event_type",11,3168,0.450084997543319,0.933369367801089,"Tier3_CD4_Undefined","CyTOF","Human betaherpesvirus 5 (CMV).ea","child",NA,0.933369367801089
"3013","(Intercept)",1,3168,0.767576975595101,0.381034103754625,"Tier3_CD8_Undefined","CyTOF","Human betaherpesvirus 5 (CMV).ea","child",0.285893834266257,0.626862557789866
"3014","trajectory_group",1,3168,0.103006826882416,0.748271902565,"Tier3_CD8_Undefined","CyTOF","Human betaherpesvirus 5 (CMV).ea","child",-0.00557061330328366,0.811954617676914
"3015","sex",1,3168,2.75965398831074,0.0967680915648974,"Tier3_CD8_Undefined","CyTOF","Human betaherpesvirus 5 (CMV).ea","child",NA,0.164505755660326
"3016","discretized_admit_age_quantile",4,3168,2.35936172294519,0.0512819199240555,"Tier3_CD8_Undefined","CyTOF","Human betaherpesvirus 5 (CMV).ea","child",NA,0.0708491508171451
"3017","virus_positive",1,3168,0.870805863751986,0.350803422656004,"Tier3_CD8_Undefined","CyTOF","Human betaherpesvirus 5 (CMV).ea","child",-0.265260092024444,0.822351045528761
"3018","event_type",11,3168,2.25274136215464,0.0100208215983943,"Tier3_CD8_Undefined","CyTOF","Human betaherpesvirus 5 (CMV).ea","child",NA,0.0131041513209772
"3019","(Intercept)",1,3168,0.00881886012483026,0.925187552882138,"Tier4_Treg_Undefined","CyTOF","Human betaherpesvirus 5 (CMV).ea","child",-0.0316761468667695,0.945395701303455
"3020","trajectory_group",1,3168,0.335641964725671,0.562396822069032,"Tier4_Treg_Undefined","CyTOF","Human betaherpesvirus 5 (CMV).ea","child",-0.00989908808343471,0.713377914109978
"3021","sex",1,3168,6.18994547937191,0.012898848432229,"Tier4_Treg_Undefined","CyTOF","Human betaherpesvirus 5 (CMV).ea","child",NA,0.0328920635021839
"3022","discretized_admit_age_quantile",4,3168,0.418324885005433,0.795546271480766,"Tier4_Treg_Undefined","CyTOF","Human betaherpesvirus 5 (CMV).ea","child",NA,0.795546271480766
"3023","virus_positive",1,3168,0.251440419004149,0.6160974973625,"Tier4_Treg_Undefined","CyTOF","Human betaherpesvirus 5 (CMV).ea","child",-0.148801561818121,0.841482560883482
"3024","event_type",11,3168,0.457089202682505,0.929649705908739,"Tier4_Treg_Undefined","CyTOF","Human betaherpesvirus 5 (CMV).ea","child",NA,0.933369367801089
"3025","(Intercept)",1,3168,0.499429665708328,0.479802802889057,"Tier4_nonTreg_Undefined","CyTOF","Human betaherpesvirus 5 (CMV).ea","child",0.231937944979302,0.707519283074903
"3026","trajectory_group",1,3168,0.985774543951891,0.320853136954196,"Tier4_nonTreg_Undefined","CyTOF","Human betaherpesvirus 5 (CMV).ea","child",-0.0173373365274363,0.526706209176166
"3027","sex",1,3168,0.823750755452167,0.364154842606934,"Tier4_nonTreg_Undefined","CyTOF","Human betaherpesvirus 5 (CMV).ea","child",NA,0.452973096901308
"3028","discretized_admit_age_quantile",4,3168,4.26876183973514,0.0019032838024382,"Tier4_nonTreg_Undefined","CyTOF","Human betaherpesvirus 5 (CMV).ea","child",NA,0.00359509162682772
"3029","virus_positive",1,3168,0.0286133382757333,0.865685699973165,"Tier4_nonTreg_Undefined","CyTOF","Human betaherpesvirus 5 (CMV).ea","child",0.0482808985366564,0.917039369280014
"3030","event_type",11,3168,4.00215109901989,7.93180443059427e-06,"Tier4_nonTreg_Undefined","CyTOF","Human betaherpesvirus 5 (CMV).ea","child",NA,1.49822972577892e-05
"3031","(Intercept)",1,3168,0.0200934229324929,0.887285488351673,"gd T Cell","CyTOF","Human betaherpesvirus 5 (CMV).ea","child",-0.0448688910551988,0.942740831373652
"3032","trajectory_group",1,3168,3.4573459177326,0.0630639601223286,"gd T Cell","CyTOF","Human betaherpesvirus 5 (CMV).ea","child",-0.0312455787827251,0.134010915259948
"3033","sex",1,3168,0.0218144998038642,0.882591041923756,"gd T Cell","CyTOF","Human betaherpesvirus 5 (CMV).ea","child",NA,0.897151273162756
"3034","discretized_admit_age_quantile",4,3168,9.07491045007927,2.75376204728062e-07,"gd T Cell","CyTOF","Human betaherpesvirus 5 (CMV).ea","child",NA,9.3627909607541e-07
"3035","virus_positive",1,3168,0.0223849727944578,0.881077041072955,"gd T Cell","CyTOF","Human betaherpesvirus 5 (CMV).ea","child",-0.0409141726153455,0.917039369280014
"3036","event_type",11,3168,2.05933567573733,0.0200892316368774,"gd T Cell","CyTOF","Human betaherpesvirus 5 (CMV).ea","child",NA,0.0256137703370186
"3037","(Intercept)",1,3168,5.49152677180017,0.0191703726604616,"Basophil","CyTOF","Human betaherpesvirus 5 (CMV).ea","child",-0.631101641660337,0.108632111742616
"3038","trajectory_group",1,3168,5.36457400249924,0.0206133308971649,"Basophil","CyTOF","Human betaherpesvirus 5 (CMV).ea","child",-0.0331022639540484,0.0500609464645433
"3039","sex",1,3168,4.46640550901408,0.0346456252764139,"Basophil","CyTOF","Human betaherpesvirus 5 (CMV).ea","child",NA,0.0736219537123795
"3040","discretized_admit_age_quantile",4,3168,1.03338649651559,0.388415933895386,"Basophil","CyTOF","Human betaherpesvirus 5 (CMV).ea","child",NA,0.450209377924197
"3041","virus_positive",1,3168,7.04028201037765,0.00800944541033655,"Basophil","CyTOF","Human betaherpesvirus 5 (CMV).ea","child",-0.624193578873321,0.121197301087671
"3042","event_type",11,3168,117.63822293054,0,"Basophil","CyTOF","Human betaherpesvirus 5 (CMV).ea","child",NA,0
"3043","(Intercept)",1,3168,2.04568639374226,0.152736742575257,"Eosinophil","CyTOF","Human betaherpesvirus 5 (CMV).ea","child",-0.42994628296383,0.354071539606278
"3044","trajectory_group",1,3168,0.303072210272305,0.582001615721998,"Eosinophil","CyTOF","Human betaherpesvirus 5 (CMV).ea","child",0.00879798075941956,0.713377914109978
"3045","sex",1,3168,4.64251123122298,0.0312644865210882,"Eosinophil","CyTOF","Human betaherpesvirus 5 (CMV).ea","child",NA,0.0693256005467607
"3046","discretized_admit_age_quantile",4,3168,2.77537272375874,0.0256188474768295,"Eosinophil","CyTOF","Human betaherpesvirus 5 (CMV).ea","child",NA,0.040830038166197
"3047","virus_positive",1,3168,0.0343076717439874,0.853065749606059,"Eosinophil","CyTOF","Human betaherpesvirus 5 (CMV).ea","child",-0.0485489949351617,0.917039369280014
"3048","event_type",11,3168,48.5407063284231,0,"Eosinophil","CyTOF","Human betaherpesvirus 5 (CMV).ea","child",NA,0
"3049","(Intercept)",1,3168,0.50551086022108,0.47714099621278,"Neutrophil (CD16hi)","CyTOF","Human betaherpesvirus 5 (CMV).ea","child",0.216950411237622,0.707519283074903
"3050","trajectory_group",1,3168,40.6727041623747,2.06152872550547e-10,"Neutrophil (CD16hi)","CyTOF","Human betaherpesvirus 5 (CMV).ea","child",0.103448371980123,1.16819961111977e-09
"3051","sex",1,3168,11.2992267545791,0.000784586965955292,"Neutrophil (CD16hi)","CyTOF","Human betaherpesvirus 5 (CMV).ea","child",NA,0.00285813823312285
"3052","discretized_admit_age_quantile",4,3168,11.9121167905756,1.31510702328086e-09,"Neutrophil (CD16hi)","CyTOF","Human betaherpesvirus 5 (CMV).ea","child",NA,6.0973143806658e-09
"3053","virus_positive",1,3168,10.5720773049994,0.00116011523190929,"Neutrophil (CD16hi)","CyTOF","Human betaherpesvirus 5 (CMV).ea","child",0.86521281705671,0.0295829384136868
"3054","event_type",11,3168,22.6830543598934,0,"Neutrophil (CD16hi)","CyTOF","Human betaherpesvirus 5 (CMV).ea","child",NA,0
"3055","(Intercept)",1,3168,3.22055636614125,0.0728142129540494,"Neutrophil (CD16low)","CyTOF","Human betaherpesvirus 5 (CMV).ea","child",-0.565174530007575,0.218442638862148
"3056","trajectory_group",1,3168,66.2203656878342,5.55111512312578e-16,"Neutrophil (CD16low)","CyTOF","Human betaherpesvirus 5 (CMV).ea","child",0.136042236576926,9.43689570931383e-15
"3057","sex",1,3168,0.25414958861415,0.614203319632646,"Neutrophil (CD16low)","CyTOF","Human betaherpesvirus 5 (CMV).ea","child",NA,0.711917484119658
"3058","discretized_admit_age_quantile",4,3168,2.05582565843003,0.0840043801755661,"Neutrophil (CD16low)","CyTOF","Human betaherpesvirus 5 (CMV).ea","child",NA,0.109851881768048
"3059","virus_positive",1,3168,0.398577155644009,0.527870536565397,"Neutrophil (CD16low)","CyTOF","Human betaherpesvirus 5 (CMV).ea","child",-0.173641631806115,0.829277558213893
"3060","event_type",11,3168,17.8054832976774,0,"Neutrophil (CD16low)","CyTOF","Human betaherpesvirus 5 (CMV).ea","child",NA,0
"3061","(Intercept)",1,3168,0.321422895674049,0.570793954779618,"B Cell (CD11c+ CXCR5-)","CyTOF","Human alphaherpesvirus 2 (HSV2).ea","child",-0.186400845685948,0.771572019912887
"3062","trajectory_group",1,3168,6.26877463930193,0.0123383254024723,"B Cell (CD11c+ CXCR5-)","CyTOF","Human alphaherpesvirus 2 (HSV2).ea","child",0.0435200351539663,0.0331186629224255
"3063","sex",1,3168,0.0384704585667713,0.844514048774162,"B Cell (CD11c+ CXCR5-)","CyTOF","Human alphaherpesvirus 2 (HSV2).ea","child",NA,0.901099512857465
"3064","discretized_admit_age_quantile",4,3168,15.383228192276,1.82087678268772e-12,"B Cell (CD11c+ CXCR5-)","CyTOF","Human alphaherpesvirus 2 (HSV2).ea","child",NA,1.16080894896342e-11
"3065","virus_positive",1,3168,0.7382427004039,0.390289393985252,"B Cell (CD11c+ CXCR5-)","CyTOF","Human alphaherpesvirus 2 (HSV2).ea","child",-0.238966846465924,0.929891366536081
"3066","event_type",11,3168,1.95843726718324,0.0285426016711778,"B Cell (CD11c+ CXCR5-)","CyTOF","Human alphaherpesvirus 2 (HSV2).ea","child",NA,0.0355042118348797
"3067","(Intercept)",1,3168,1.16981187114074,0.27952222162974,"B Cell (CD27+ non-switched memory)","CyTOF","Human alphaherpesvirus 2 (HSV2).ea","child",0.361086686956782,0.548293588581413
"3068","trajectory_group",1,3168,0.34969457248134,0.554328266779514,"B Cell (CD27+ non-switched memory)","CyTOF","Human alphaherpesvirus 2 (HSV2).ea","child",0.0104858330216427,0.713366031104462
"3069","sex",1,3168,3.6874260352646,0.0549138445313299,"B Cell (CD27+ non-switched memory)","CyTOF","Human alphaherpesvirus 2 (HSV2).ea","child",NA,0.100021645396351
"3070","discretized_admit_age_quantile",4,3168,2.63380055597244,0.0325083720363936,"B Cell (CD27+ non-switched memory)","CyTOF","Human alphaherpesvirus 2 (HSV2).ea","child",NA,0.0487625580545903
"3071","virus_positive",1,3168,0.633596399711464,0.426098830956516,"B Cell (CD27+ non-switched memory)","CyTOF","Human alphaherpesvirus 2 (HSV2).ea","child",0.224112520676135,0.929891366536081
"3072","event_type",11,3168,0.879431007164493,0.56004478119177,"B Cell (CD27+ non-switched memory)","CyTOF","Human alphaherpesvirus 2 (HSV2).ea","child",NA,0.607708166825112
"3073","(Intercept)",1,3168,4.44987991227453,0.0349819507017637,"B Cell (CD27+ switched memory)","CyTOF","Human alphaherpesvirus 2 (HSV2).ea","child",0.699621014949844,0.148673290482496
"3074","trajectory_group",1,3168,0.12630798754183,0.722314844765303,"B Cell (CD27+ switched memory)","CyTOF","Human alphaherpesvirus 2 (HSV2).ea","child",0.00626669665171791,0.772817062698533
"3075","sex",1,3168,9.39890071732429,0.00218946526017649,"B Cell (CD27+ switched memory)","CyTOF","Human alphaherpesvirus 2 (HSV2).ea","child",NA,0.00697892051681257
"3076","discretized_admit_age_quantile",4,3168,9.34355894218952,1.66393208544946e-07,"B Cell (CD27+ switched memory)","CyTOF","Human alphaherpesvirus 2 (HSV2).ea","child",NA,6.06146688270875e-07
"3077","virus_positive",1,3168,2.12987743814831,0.144551451056242,"B Cell (CD27+ switched memory)","CyTOF","Human alphaherpesvirus 2 (HSV2).ea","child",0.40637686434524,0.670193091260758
"3078","event_type",11,3168,2.81575242141977,0.00115657128835589,"B Cell (CD27+ switched memory)","CyTOF","Human alphaherpesvirus 2 (HSV2).ea","child",NA,0.00163847599183751
"3079","(Intercept)",1,3168,5.08826862229302,0.0241561720242276,"B Cell (CD71+ activated)","CyTOF","Human alphaherpesvirus 2 (HSV2).ea","child",0.695468582992025,0.111996797566873
"3080","trajectory_group",1,3168,1.3496732906865,0.245422759634564,"B Cell (CD71+ activated)","CyTOF","Human alphaherpesvirus 2 (HSV2).ea","child",0.0188851137907246,0.431605542805613
"3081","sex",1,3168,0.015446131888435,0.901099512857465,"B Cell (CD71+ activated)","CyTOF","Human alphaherpesvirus 2 (HSV2).ea","child",NA,0.901099512857465
"3082","discretized_admit_age_quantile",4,3168,3.20587174108671,0.0122868023634681,"B Cell (CD71+ activated)","CyTOF","Human alphaherpesvirus 2 (HSV2).ea","child",NA,0.0208875640178958
"3083","virus_positive",1,3168,0.00726472317281458,0.932081267047995,"B Cell (CD71+ activated)","CyTOF","Human alphaherpesvirus 2 (HSV2).ea","child",0.0222497889324995,0.98763422755326
"3084","event_type",11,3168,3.79810254875039,1.92598236850028e-05,"B Cell (CD71+ activated)","CyTOF","Human alphaherpesvirus 2 (HSV2).ea","child",NA,3.38707244115566e-05
"3085","(Intercept)",1,3168,0.439422932293292,0.50744933881337,"B Cell (Plasmablast)","CyTOF","Human alphaherpesvirus 2 (HSV2).ea","child",0.194754031592144,0.71888656331894
"3086","trajectory_group",1,3168,7.01852527705258,0.00810712575461692,"B Cell (Plasmablast)","CyTOF","Human alphaherpesvirus 2 (HSV2).ea","child",0.041294744218216,0.0229701896380813
"3087","sex",1,3168,3.87085068409778,0.0492187320430214,"B Cell (Plasmablast)","CyTOF","Human alphaherpesvirus 2 (HSV2).ea","child",NA,0.0929687160812627
"3088","discretized_admit_age_quantile",4,3168,2.00018125609332,0.0918290544878526,"B Cell (Plasmablast)","CyTOF","Human alphaherpesvirus 2 (HSV2).ea","child",NA,0.117082044472012
"3089","virus_positive",1,3168,0.402561682064253,0.525815067795453,"B Cell (Plasmablast)","CyTOF","Human alphaherpesvirus 2 (HSV2).ea","child",0.157378766733046,0.929891366536081
"3090","event_type",11,3168,80.1102704217244,0,"B Cell (Plasmablast)","CyTOF","Human alphaherpesvirus 2 (HSV2).ea","child",NA,0
"3091","(Intercept)",1,3168,4.15712516534804,0.0415425618012871,"B Cell (naive)","CyTOF","Human alphaherpesvirus 2 (HSV2).ea","child",0.647431609220217,0.150608447511315
"3092","trajectory_group",1,3168,12.5513501046728,0.000401634105824722,"B Cell (naive)","CyTOF","Human alphaherpesvirus 2 (HSV2).ea","child",0.0598156134684509,0.00136555595980405
"3093","sex",1,3168,2.15724885919519,0.141997835807613,"B Cell (naive)","CyTOF","Human alphaherpesvirus 2 (HSV2).ea","child",NA,0.219451200793584
"3094","discretized_admit_age_quantile",4,3168,28.6016259460689,0,"B Cell (naive)","CyTOF","Human alphaherpesvirus 2 (HSV2).ea","child",NA,0
"3095","virus_positive",1,3168,3.91450904134188,0.0479574821729114,"B Cell (naive)","CyTOF","Human alphaherpesvirus 2 (HSV2).ea","child",0.528394914100134,0.61145789770462
"3096","event_type",11,3168,18.0979080824656,0,"B Cell (naive)","CyTOF","Human alphaherpesvirus 2 (HSV2).ea","child",NA,0
"3097","(Intercept)",1,3168,8.90766766753693,0.00286146161209888,"B Cell (transitional)","CyTOF","Human alphaherpesvirus 2 (HSV2).ea","child",0.95505551052196,0.048644847405681
"3098","trajectory_group",1,3168,0.23496938402255,0.627896850748466,"B Cell (transitional)","CyTOF","Human alphaherpesvirus 2 (HSV2).ea","child",0.00824750494552678,0.744714869492367
"3099","sex",1,3168,12.4229559005985,0.000430091940405886,"B Cell (transitional)","CyTOF","Human alphaherpesvirus 2 (HSV2).ea","child",NA,0.00168728376620771
"3100","discretized_admit_age_quantile",4,3168,26.2768424531072,0,"B Cell (transitional)","CyTOF","Human alphaherpesvirus 2 (HSV2).ea","child",NA,0
"3101","virus_positive",1,3168,5.28127963429462,0.0216207475947443,"B Cell (transitional)","CyTOF","Human alphaherpesvirus 2 (HSV2).ea","child",0.617811208804611,0.526536993727966
"3102","event_type",11,3168,9.16968794957993,2.22044604925031e-16,"B Cell (transitional)","CyTOF","Human alphaherpesvirus 2 (HSV2).ea","child",NA,5.14739765962573e-16
"3103","(Intercept)",1,3168,1.2986865977558,0.254539426750137,"CD4+ NKT Cell","CyTOF","Human alphaherpesvirus 2 (HSV2).ea","child",-0.37953949566178,0.519260430570279
"3104","trajectory_group",1,3168,0.655054203765088,0.418372226401755,"CD4+ NKT Cell","CyTOF","Human alphaherpesvirus 2 (HSV2).ea","child",-0.0141017243596453,0.627558339602633
"3105","sex",1,3168,7.48124893988204,0.00626919988422081,"CD4+ NKT Cell","CyTOF","Human alphaherpesvirus 2 (HSV2).ea","child",NA,0.0177627330052923
"3106","discretized_admit_age_quantile",4,3168,5.5414086115295,0.000191842758212823,"CD4+ NKT Cell","CyTOF","Human alphaherpesvirus 2 (HSV2).ea","child",NA,0.000413287414345764
"3107","virus_positive",1,3168,0.158287843180992,0.690764581256004,"CD4+ NKT Cell","CyTOF","Human alphaherpesvirus 2 (HSV2).ea","child",-0.112378183340705,0.929891366536081
"3108","event_type",11,3168,0.954976231892283,0.485853672354762,"CD4+ NKT Cell","CyTOF","Human alphaherpesvirus 2 (HSV2).ea","child",NA,0.538663854132453
"3109","(Intercept)",1,3168,0.104737687794371,0.746238001150138,"CD4+ T Cell (CM)","CyTOF","Human alphaherpesvirus 2 (HSV2).ea","child",0.103020445191788,0.856645444238552
"3110","trajectory_group",1,3168,57.878275363919,3.65263375101677e-14,"CD4+ T Cell (CM)","CyTOF","Human alphaherpesvirus 2 (HSV2).ea","child",-0.128326718012191,4.65710803254638e-13
"3111","sex",1,3168,29.252171855656,6.82648317873458e-08,"CD4+ T Cell (CM)","CyTOF","Human alphaherpesvirus 2 (HSV2).ea","child",NA,4.97358060164948e-07
"3112","discretized_admit_age_quantile",4,3168,5.36460667318607,0.000264642628711287,"CD4+ T Cell (CM)","CyTOF","Human alphaherpesvirus 2 (HSV2).ea","child",NA,0.000539870962571025
"3113","virus_positive",1,3168,0.00538691477468703,0.941495948706339,"CD4+ T Cell (CM)","CyTOF","Human alphaherpesvirus 2 (HSV2).ea","child",0.019473825888914,0.98763422755326
"3114","event_type",11,3168,8.97045630264472,6.66133814775094e-16,"CD4+ T Cell (CM)","CyTOF","Human alphaherpesvirus 2 (HSV2).ea","child",NA,1.47707932841434e-15
"3115","(Intercept)",1,3168,1.02359606315782,0.311744792970461,"CD4+ T Cell (EM CD27hi)","CyTOF","Human alphaherpesvirus 2 (HSV2).ea","child",0.28493751953695,0.569228761216802
"3116","trajectory_group",1,3168,93.8652170341884,0,"CD4+ T Cell (EM CD27hi)","CyTOF","Human alphaherpesvirus 2 (HSV2).ea","child",-0.144547042758723,0
"3117","sex",1,3168,40.048672328933,2.82590839617569e-10,"CD4+ T Cell (EM CD27hi)","CyTOF","Human alphaherpesvirus 2 (HSV2).ea","child",NA,3.60303320512401e-09
"3118","discretized_admit_age_quantile",4,3168,15.8564504302235,7.40740802029904e-13,"CD4+ T Cell (EM CD27hi)","CyTOF","Human alphaherpesvirus 2 (HSV2).ea","child",NA,6.29629681725419e-12
"3119","virus_positive",1,3168,0.370928514790065,0.542542252769273,"CD4+ T Cell (EM CD27hi)","CyTOF","Human alphaherpesvirus 2 (HSV2).ea","child",0.142910162683041,0.929891366536081
"3120","event_type",11,3168,62.1608604217835,0,"CD4+ T Cell (EM CD27hi)","CyTOF","Human alphaherpesvirus 2 (HSV2).ea","child",NA,0
"3121","(Intercept)",1,3168,1.35320850759181,0.244805593817707,"CD4+ T Cell (EM CD27low)","CyTOF","Human alphaherpesvirus 2 (HSV2).ea","child",-0.355103255913523,0.519260430570279
"3122","trajectory_group",1,3168,57.1303901235472,5.30686605770825e-14,"CD4+ T Cell (EM CD27low)","CyTOF","Human alphaherpesvirus 2 (HSV2).ea","child",-0.121858173636614,5.41300337886241e-13
"3123","sex",1,3168,12.5038192661009,0.000411940497492491,"CD4+ T Cell (EM CD27low)","CyTOF","Human alphaherpesvirus 2 (HSV2).ea","child",NA,0.00168728376620771
"3124","discretized_admit_age_quantile",4,3168,2.30872684972835,0.0557292454944733,"CD4+ T Cell (EM CD27low)","CyTOF","Human alphaherpesvirus 2 (HSV2).ea","child",NA,0.074794513689951
"3125","virus_positive",1,3168,1.42763201721965,0.232240725816741,"CD4+ T Cell (EM CD27low)","CyTOF","Human alphaherpesvirus 2 (HSV2).ea","child",-0.302603957848007,0.929891366536081
"3126","event_type",11,3168,38.2553849618163,0,"CD4+ T Cell (EM CD27low)","CyTOF","Human alphaherpesvirus 2 (HSV2).ea","child",NA,0
"3127","(Intercept)",1,3168,4.25513485823673,0.0392131673895972,"CD4+ T Cell (EM CD57hi)","CyTOF","Human alphaherpesvirus 2 (HSV2).ea","child",-0.682234183452195,0.150608447511315
"3128","trajectory_group",1,3168,0.000767840287264948,0.977895248130777,"CD4+ T Cell (EM CD57hi)","CyTOF","Human alphaherpesvirus 2 (HSV2).ea","child",-0.000485618755586162,0.977895248130777
"3129","sex",1,3168,13.2198545042512,0.000281406806839635,"CD4+ T Cell (EM CD57hi)","CyTOF","Human alphaherpesvirus 2 (HSV2).ea","child",NA,0.00130470428625649
"3130","discretized_admit_age_quantile",4,3168,13.3797030843196,8.16597900410443e-11,"CD4+ T Cell (EM CD57hi)","CyTOF","Human alphaherpesvirus 2 (HSV2).ea","child",NA,4.62738810232584e-10
"3131","virus_positive",1,3168,1.23798776405838,0.265943634134719,"CD4+ T Cell (EM CD57hi)","CyTOF","Human alphaherpesvirus 2 (HSV2).ea","child",-0.306717008578732,0.929891366536081
"3132","event_type",11,3168,3.5915565701611,4.67607456459129e-05,"CD4+ T Cell (EM CD57hi)","CyTOF","Human alphaherpesvirus 2 (HSV2).ea","child",NA,7.226660690732e-05
"3133","(Intercept)",1,3168,3.63423004776436,0.0566931769969643,"CD4+ T Cell (EMRA CD57hi)","CyTOF","Human alphaherpesvirus 2 (HSV2).ea","child",-0.634528013369522,0.180709501677824
"3134","trajectory_group",1,3168,0.91896927654356,0.337818904578937,"CD4+ T Cell (EMRA CD57hi)","CyTOF","Human alphaherpesvirus 2 (HSV2).ea","child",-0.0169310793373456,0.538398879172681
"3135","sex",1,3168,0.0580610622050618,0.809602771769114,"CD4+ T Cell (EMRA CD57hi)","CyTOF","Human alphaherpesvirus 2 (HSV2).ea","child",NA,0.897603073048366
"3136","discretized_admit_age_quantile",4,3168,8.57705421360332,6.99314271157547e-07,"CD4+ T Cell (EMRA CD57hi)","CyTOF","Human alphaherpesvirus 2 (HSV2).ea","child",NA,2.22906423931468e-06
"3137","virus_positive",1,3168,0.990103301213114,0.31979312192895,"CD4+ T Cell (EMRA CD57hi)","CyTOF","Human alphaherpesvirus 2 (HSV2).ea","child",-0.279587592995368,0.929891366536081
"3138","event_type",11,3168,1.20899394312627,0.274798535031063,"CD4+ T Cell (EMRA CD57hi)","CyTOF","Human alphaherpesvirus 2 (HSV2).ea","child",NA,0.311438339701872
"3139","(Intercept)",1,3168,0.772548715757505,0.379496400190796,"CD4+ T Cell (EMRA CD57low)","CyTOF","Human alphaherpesvirus 2 (HSV2).ea","child",-0.293771672979679,0.624332787410664
"3140","trajectory_group",1,3168,0.611932590001667,0.434119546042215,"CD4+ T Cell (EMRA CD57low)","CyTOF","Human alphaherpesvirus 2 (HSV2).ea","child",-0.0138844163417369,0.632574195661513
"3141","sex",1,3168,2.16526819042271,0.14125931637142,"CD4+ T Cell (EMRA CD57low)","CyTOF","Human alphaherpesvirus 2 (HSV2).ea","child",NA,0.219451200793584
"3142","discretized_admit_age_quantile",4,3168,7.04189907388207,1.21741368477313e-05,"CD4+ T Cell (EMRA CD57low)","CyTOF","Human alphaherpesvirus 2 (HSV2).ea","child",NA,3.26779462754892e-05
"3143","virus_positive",1,3168,0.494680459317154,0.481898539026163,"CD4+ T Cell (EMRA CD57low)","CyTOF","Human alphaherpesvirus 2 (HSV2).ea","child",-0.198293527327511,0.929891366536081
"3144","event_type",11,3168,0.618009357202108,0.815004706773694,"CD4+ T Cell (EMRA CD57low)","CyTOF","Human alphaherpesvirus 2 (HSV2).ea","child",NA,0.848270205009355
"3145","(Intercept)",1,3168,5.47381532757183,0.0193652414989134,"CD4+ T Cell (activated)","CyTOF","Human alphaherpesvirus 2 (HSV2).ea","child",0.715700285520138,0.111996797566873
"3146","trajectory_group",1,3168,12.7655035302377,0.000358330687441288,"CD4+ T Cell (activated)","CyTOF","Human alphaherpesvirus 2 (HSV2).ea","child",0.0571176059367107,0.00130534750425041
"3147","sex",1,3168,0.0204861522271588,0.886196738152009,"CD4+ T Cell (activated)","CyTOF","Human alphaherpesvirus 2 (HSV2).ea","child",NA,0.901099512857465
"3148","discretized_admit_age_quantile",4,3168,7.49834011705165,5.22224048171704e-06,"CD4+ T Cell (activated)","CyTOF","Human alphaherpesvirus 2 (HSV2).ea","child",NA,1.47963480315316e-05
"3149","virus_positive",1,3168,0.121458834711932,0.727480778172733,"CD4+ T Cell (activated)","CyTOF","Human alphaherpesvirus 2 (HSV2).ea","child",-0.0873512397245362,0.929891366536081
"3150","event_type",11,3168,37.8190926794171,0,"CD4+ T Cell (activated)","CyTOF","Human alphaherpesvirus 2 (HSV2).ea","child",NA,0
"3151","(Intercept)",1,3168,2.21891220609553,0.136428628785133,"CD4+ T Cell (naive)","CyTOF","Human alphaherpesvirus 2 (HSV2).ea","child",0.481852956009014,0.337645726430753
"3152","trajectory_group",1,3168,14.5270738069558,0.00014078732686218,"CD4+ T Cell (naive)","CyTOF","Human alphaherpesvirus 2 (HSV2).ea","child",-0.0655514193010038,0.000552319513074704
"3153","sex",1,3168,31.6410393817309,2.01597651905416e-08,"CD4+ T Cell (naive)","CyTOF","Human alphaherpesvirus 2 (HSV2).ea","child",NA,1.71358004119604e-07
"3154","discretized_admit_age_quantile",4,3168,11.1340691266708,5.71977354368869e-09,"CD4+ T Cell (naive)","CyTOF","Human alphaherpesvirus 2 (HSV2).ea","child",NA,2.43090375606769e-08
"3155","virus_positive",1,3168,0.200699360740113,0.654187567200036,"CD4+ T Cell (naive)","CyTOF","Human alphaherpesvirus 2 (HSV2).ea","child",0.121694116476777,0.929891366536081
"3156","event_type",11,3168,3.77835684749215,2.09746870365457e-05,"CD4+ T Cell (naive)","CyTOF","Human alphaherpesvirus 2 (HSV2).ea","child",NA,3.45067431891558e-05
"3157","(Intercept)",1,3168,0.0966861908087107,0.755863627269311,"CD4+ Treg (CD39hi)","CyTOF","Human alphaherpesvirus 2 (HSV2).ea","child",-0.100908428106313,0.856645444238552
"3158","trajectory_group",1,3168,4.75605397457561,0.0292687265796396,"CD4+ Treg (CD39hi)","CyTOF","Human alphaherpesvirus 2 (HSV2).ea","child",-0.0372922538374288,0.0678502297982555
"3159","sex",1,3168,5.056149674163,0.0246071576954834,"CD4+ Treg (CD39hi)","CyTOF","Human alphaherpesvirus 2 (HSV2).ea","child",NA,0.0570438655668024
"3160","discretized_admit_age_quantile",4,3168,8.43155024184811,9.17853760107334e-07,"CD4+ Treg (CD39hi)","CyTOF","Human alphaherpesvirus 2 (HSV2).ea","child",NA,2.753561280322e-06
"3161","virus_positive",1,3168,0.0343634395259354,0.852947736843196,"CD4+ Treg (CD39hi)","CyTOF","Human alphaherpesvirus 2 (HSV2).ea","child",-0.0497651675766963,0.945659447369631
"3162","event_type",11,3168,2.95274013830698,0.000667425784079523,"CD4+ Treg (CD39hi)","CyTOF","Human alphaherpesvirus 2 (HSV2).ea","child",NA,0.00100113867611928
"3163","(Intercept)",1,3168,0.180135189155217,0.671285906610916,"CD4+ Treg (CD39low)","CyTOF","Human alphaherpesvirus 2 (HSV2).ea","child",-0.140693587089798,0.835014176516017
"3164","trajectory_group",1,3168,2.52039192121685,0.112482444296348,"CD4+ Treg (CD39low)","CyTOF","Human alphaherpesvirus 2 (HSV2).ea","child",-0.0279503008847981,0.224310033726058
"3165","sex",1,3168,1.84275567125877,0.174724999522598,"CD4+ Treg (CD39low)","CyTOF","Human alphaherpesvirus 2 (HSV2).ea","child",NA,0.262087499283897
"3166","discretized_admit_age_quantile",4,3168,0.461592193897609,0.763980689040796,"CD4+ Treg (CD39low)","CyTOF","Human alphaherpesvirus 2 (HSV2).ea","child",NA,0.779260302821611
"3167","virus_positive",1,3168,0.00248495706932687,0.960245587431723,"CD4+ Treg (CD39low)","CyTOF","Human alphaherpesvirus 2 (HSV2).ea","child",0.0139371978851014,0.98763422755326
"3168","event_type",11,3168,5.38568669081115,1.56194546185873e-08,"CD4+ Treg (CD39low)","CyTOF","Human alphaherpesvirus 2 (HSV2).ea","child",NA,3.06381609826135e-08
"3169","(Intercept)",1,3168,0.137490451682345,0.710813490930632,"CD4+ Treg (naive)","CyTOF","Human alphaherpesvirus 2 (HSV2).ea","child",0.119012093772301,0.856645444238552
"3170","trajectory_group",1,3168,0.00920638451529533,0.923566426714124,"CD4+ Treg (naive)","CyTOF","Human alphaherpesvirus 2 (HSV2).ea","child",-0.00162577767370332,0.942037755248407
"3171","sex",1,3168,35.0479686114487,3.56105711585286e-09,"CD4+ Treg (naive)","CyTOF","Human alphaherpesvirus 2 (HSV2).ea","child",NA,3.63227825816992e-08
"3172","discretized_admit_age_quantile",4,3168,2.56918823570527,0.0362175939468143,"CD4+ Treg (naive)","CyTOF","Human alphaherpesvirus 2 (HSV2).ea","child",NA,0.0527742083225009
"3173","virus_positive",1,3168,0.325198396327177,0.568540659728803,"CD4+ Treg (naive)","CyTOF","Human alphaherpesvirus 2 (HSV2).ea","child",-0.154911449378789,0.929891366536081
"3174","event_type",11,3168,26.1625683581167,0,"CD4+ Treg (naive)","CyTOF","Human alphaherpesvirus 2 (HSV2).ea","child",NA,0
"3175","(Intercept)",1,3168,0.183440173118978,0.66846244437239,"CD8+ NKT Cell","CyTOF","Human alphaherpesvirus 2 (HSV2).ea","child",-0.139784281020789,0.835014176516017
"3176","trajectory_group",1,3168,26.3652678784,2.99641041423548e-07,"CD8+ NKT Cell","CyTOF","Human alphaherpesvirus 2 (HSV2).ea","child",-0.0890996902836639,1.38924482841827e-06
"3177","sex",1,3168,1.22452784121424,0.268557907321598,"CD8+ NKT Cell","CyTOF","Human alphaherpesvirus 2 (HSV2).ea","child",NA,0.360432980878987
"3178","discretized_admit_age_quantile",4,3168,2.6693381496948,0.0306273168005362,"CD8+ NKT Cell","CyTOF","Human alphaherpesvirus 2 (HSV2).ea","child",NA,0.047333125964465
"3179","virus_positive",1,3168,0.0372059165501762,0.847058771345168,"CD8+ NKT Cell","CyTOF","Human alphaherpesvirus 2 (HSV2).ea","child",0.0529690219625426,0.945659447369631
"3180","event_type",11,3168,3.78526672815831,2.03581107114381e-05,"CD8+ NKT Cell","CyTOF","Human alphaherpesvirus 2 (HSV2).ea","child",NA,3.45067431891558e-05
"3181","(Intercept)",1,3168,7.35268014667125,0.00673243152202385,"CD8+ T Cell (CD161+ MAIT)","CyTOF","Human alphaherpesvirus 2 (HSV2).ea","child",0.812645794790515,0.0758147050990266
"3182","trajectory_group",1,3168,45.8444996713129,1.51956225380445e-11,"CD8+ T Cell (CD161+ MAIT)","CyTOF","Human alphaherpesvirus 2 (HSV2).ea","child",-0.106272694104421,9.68720936800338e-11
"3183","sex",1,3168,9.0241724645903,0.00268517853588257,"CD8+ T Cell (CD161+ MAIT)","CyTOF","Human alphaherpesvirus 2 (HSV2).ea","child",NA,0.00805553560764771
"3184","discretized_admit_age_quantile",4,3168,82.5761593006465,0,"CD8+ T Cell (CD161+ MAIT)","CyTOF","Human alphaherpesvirus 2 (HSV2).ea","child",NA,0
"3185","virus_positive",1,3168,0.298659408205927,0.584762560478985,"CD8+ T Cell (CD161+ MAIT)","CyTOF","Human alphaherpesvirus 2 (HSV2).ea","child",-0.138879932110951,0.929891366536081
"3186","event_type",11,3168,11.5710975345985,0,"CD8+ T Cell (CD161+ MAIT)","CyTOF","Human alphaherpesvirus 2 (HSV2).ea","child",NA,0
"3187","(Intercept)",1,3168,0.117343039302991,0.731956962000875,"CD8+ T Cell (CM)","CyTOF","Human alphaherpesvirus 2 (HSV2).ea","child",-0.109185920073555,0.856645444238552
"3188","trajectory_group",1,3168,18.3136141896763,1.92913715678644e-05,"CD8+ T Cell (CM)","CyTOF","Human alphaherpesvirus 2 (HSV2).ea","child",-0.0723281231789331,8.19883291634238e-05
"3189","sex",1,3168,0.914430191074224,0.339014649052718,"CD8+ T Cell (CM)","CyTOF","Human alphaherpesvirus 2 (HSV2).ea","child",NA,0.432243677542215
"3190","discretized_admit_age_quantile",4,3168,4.9382794572642,0.000572826335063725,"CD8+ T Cell (CM)","CyTOF","Human alphaherpesvirus 2 (HSV2).ea","child",NA,0.00112362088800961
"3191","virus_positive",1,3168,0.127635783987507,0.720919840988361,"CD8+ T Cell (CM)","CyTOF","Human alphaherpesvirus 2 (HSV2).ea","child",-0.0961812536912155,0.929891366536081
"3192","event_type",11,3168,15.8997279751508,0,"CD8+ T Cell (CM)","CyTOF","Human alphaherpesvirus 2 (HSV2).ea","child",NA,0
"3193","(Intercept)",1,3168,0.227078842212655,0.633731197860659,"CD8+ T Cell (EM CD27hi)","CyTOF","Human alphaherpesvirus 2 (HSV2).ea","child",-0.147433759251567,0.828725412587016
"3194","trajectory_group",1,3168,46.0709612707955,1.3559153799747e-11,"CD8+ T Cell (EM CD27hi)","CyTOF","Human alphaherpesvirus 2 (HSV2).ea","child",-0.111628982555097,9.68720936800338e-11
"3195","sex",1,3168,15.6485507372848,7.79420728945768e-05,"CD8+ T Cell (EM CD27hi)","CyTOF","Human alphaherpesvirus 2 (HSV2).ea","child",NA,0.000441671746402602
"3196","discretized_admit_age_quantile",4,3168,6.25870993710613,5.16238027246096e-05,"CD8+ T Cell (EM CD27hi)","CyTOF","Human alphaherpesvirus 2 (HSV2).ea","child",NA,0.000131640696947755
"3197","virus_positive",1,3168,0.101017008796896,0.750633527918105,"CD8+ T Cell (EM CD27hi)","CyTOF","Human alphaherpesvirus 2 (HSV2).ea","child",-0.0824901497735099,0.931411693947404
"3198","event_type",11,3168,30.1540802802668,0,"CD8+ T Cell (EM CD27hi)","CyTOF","Human alphaherpesvirus 2 (HSV2).ea","child",NA,0
"3199","(Intercept)",1,3168,2.68887739626938,0.1011502686983,"CD8+ T Cell (EM CD27low)","CyTOF","Human alphaherpesvirus 2 (HSV2).ea","child",0.54720529145795,0.286592427978518
"3200","trajectory_group",1,3168,0.183617039759124,0.668312197411931,"CD8+ T Cell (EM CD27low)","CyTOF","Human alphaherpesvirus 2 (HSV2).ea","child",-0.00759112646287219,0.757420490400188
"3201","sex",1,3168,3.21509700918201,0.0730572252264301,"CD8+ T Cell (EM CD27low)","CyTOF","Human alphaherpesvirus 2 (HSV2).ea","child",NA,0.128479947811998
"3202","discretized_admit_age_quantile",4,3168,0.480707587843081,0.74994556435156,"CD8+ T Cell (EM CD27low)","CyTOF","Human alphaherpesvirus 2 (HSV2).ea","child",NA,0.779260302821611
"3203","virus_positive",1,3168,0.000240251281102202,0.98763422755326,"CD8+ T Cell (EM CD27low)","CyTOF","Human alphaherpesvirus 2 (HSV2).ea","child",0.00436467239168627,0.98763422755326
"3204","event_type",11,3168,1.25600186965128,0.243940587843381,"CD8+ T Cell (EM CD27low)","CyTOF","Human alphaherpesvirus 2 (HSV2).ea","child",NA,0.282749317727555
"3205","(Intercept)",1,3168,0.00106224752482244,0.974001891819855,"CD8+ T Cell (EM CD57hi)","CyTOF","Human alphaherpesvirus 2 (HSV2).ea","child",0.0104523028767045,0.974001891819855
"3206","trajectory_group",1,3168,0.340637942979869,0.559502769493695,"CD8+ T Cell (EM CD57hi)","CyTOF","Human alphaherpesvirus 2 (HSV2).ea","child",0.00994978487871933,0.713366031104462
"3207","sex",1,3168,13.4457787519882,0.000249592366056595,"CD8+ T Cell (EM CD57hi)","CyTOF","Human alphaherpesvirus 2 (HSV2).ea","child",NA,0.00127292106688863
"3208","discretized_admit_age_quantile",4,3168,3.2998843129755,0.0104458591735835,"CD8+ T Cell (EM CD57hi)","CyTOF","Human alphaherpesvirus 2 (HSV2).ea","child",NA,0.0183703040638883
"3209","virus_positive",1,3168,1.3699328907809,0.24191145161218,"CD8+ T Cell (EM CD57hi)","CyTOF","Human alphaherpesvirus 2 (HSV2).ea","child",-0.314917559897557,0.929891366536081
"3210","event_type",11,3168,14.9801013007236,0,"CD8+ T Cell (EM CD57hi)","CyTOF","Human alphaherpesvirus 2 (HSV2).ea","child",NA,0
"3211","(Intercept)",1,3168,4.04844311176589,0.0442966022092103,"CD8+ T Cell (EMRA CD57hi)","CyTOF","Human alphaherpesvirus 2 (HSV2).ea","child",-0.651329900401749,0.150608447511315
"3212","trajectory_group",1,3168,1.19746778741556,0.27391156692402,"CD8+ T Cell (EMRA CD57hi)","CyTOF","Human alphaherpesvirus 2 (HSV2).ea","child",-0.0188315851845603,0.465649663770834
"3213","sex",1,3168,0.0655846255756337,0.797894145453627,"CD8+ T Cell (EMRA CD57hi)","CyTOF","Human alphaherpesvirus 2 (HSV2).ea","child",NA,0.897603073048366
"3214","discretized_admit_age_quantile",4,3168,6.16244787148772,6.16075166299801e-05,"CD8+ T Cell (EMRA CD57hi)","CyTOF","Human alphaherpesvirus 2 (HSV2).ea","child",NA,0.000149618254672809
"3215","virus_positive",1,3168,3.20522236737222,0.0734989892695269,"CD8+ T Cell (EMRA CD57hi)","CyTOF","Human alphaherpesvirus 2 (HSV2).ea","child",-0.487890131735944,0.639710153816829
"3216","event_type",11,3168,16.3791883687864,0,"CD8+ T Cell (EMRA CD57hi)","CyTOF","Human alphaherpesvirus 2 (HSV2).ea","child",NA,0
"3217","(Intercept)",1,3168,2.4087313082845,0.120760005659292,"CD8+ T Cell (EMRA CD57low)","CyTOF","Human alphaherpesvirus 2 (HSV2).ea","child",-0.4975485714881,0.324145278348626
"3218","trajectory_group",1,3168,2.14051697656333,0.143552742885413,"CD8+ T Cell (EMRA CD57low)","CyTOF","Human alphaherpesvirus 2 (HSV2).ea","child",-0.0249159884296376,0.269162301195093
"3219","sex",1,3168,25.9565871922595,3.69626211638163e-07,"CD8+ T Cell (EMRA CD57low)","CyTOF","Human alphaherpesvirus 2 (HSV2).ea","child",NA,2.35636709919329e-06
"3220","discretized_admit_age_quantile",4,3168,13.2651383434636,1.01469277424826e-10,"CD8+ T Cell (EMRA CD57low)","CyTOF","Human alphaherpesvirus 2 (HSV2).ea","child",NA,5.17493314866613e-10
"3221","virus_positive",1,3168,3.16648232114385,0.0752600180960975,"CD8+ T Cell (EMRA CD57low)","CyTOF","Human alphaherpesvirus 2 (HSV2).ea","child",-0.477667605211542,0.639710153816829
"3222","event_type",11,3168,12.8716630355072,0,"CD8+ T Cell (EMRA CD57low)","CyTOF","Human alphaherpesvirus 2 (HSV2).ea","child",NA,0
"3223","(Intercept)",1,3168,6.83597685176882,0.00897630833272967,"CD8+ T Cell (activated)","CyTOF","Human alphaherpesvirus 2 (HSV2).ea","child",0.841246244962498,0.0762986208282022
"3224","trajectory_group",1,3168,0.185396742763573,0.66680509827217,"CD8+ T Cell (activated)","CyTOF","Human alphaherpesvirus 2 (HSV2).ea","child",0.00734897380043826,0.757420490400188
"3225","sex",1,3168,2.2259500270057,0.135808727490537,"CD8+ T Cell (activated)","CyTOF","Human alphaherpesvirus 2 (HSV2).ea","child",NA,0.219451200793584
"3226","discretized_admit_age_quantile",4,3168,4.19118651994346,0.00218497041445653,"CD8+ T Cell (activated)","CyTOF","Human alphaherpesvirus 2 (HSV2).ea","child",NA,0.00397976754061726
"3227","virus_positive",1,3168,0.038924627261598,0.843610716458268,"CD8+ T Cell (activated)","CyTOF","Human alphaherpesvirus 2 (HSV2).ea","child",-0.0536016187116856,0.945659447369631
"3228","event_type",11,3168,25.1249379447632,0,"CD8+ T Cell (activated)","CyTOF","Human alphaherpesvirus 2 (HSV2).ea","child",NA,0
"3229","(Intercept)",1,3168,43.0007452109546,6.36561914291178e-11,"CD8+ T Cell (naive)","CyTOF","Human alphaherpesvirus 2 (HSV2).ea","child",1.70133982413223,3.24646576288501e-09
"3230","trajectory_group",1,3168,51.1244053476,1.0715872633682e-12,"CD8+ T Cell (naive)","CyTOF","Human alphaherpesvirus 2 (HSV2).ea","child",-0.0986107651792123,9.10849173862971e-12
"3231","sex",1,3168,82.7859475574246,0,"CD8+ T Cell (naive)","CyTOF","Human alphaherpesvirus 2 (HSV2).ea","child",NA,0
"3232","discretized_admit_age_quantile",4,3168,336.265319875845,0,"CD8+ T Cell (naive)","CyTOF","Human alphaherpesvirus 2 (HSV2).ea","child",NA,0
"3233","virus_positive",1,3168,0.228580804261084,0.6326111316357,"CD8+ T Cell (naive)","CyTOF","Human alphaherpesvirus 2 (HSV2).ea","child",-0.104457510152574,0.929891366536081
"3234","event_type",11,3168,1.7289890623159,0.0612925106016914,"CD8+ T Cell (naive)","CyTOF","Human alphaherpesvirus 2 (HSV2).ea","child",NA,0.0744266200163395
"3235","(Intercept)",1,3168,5.71938135471928,0.0168366383823479,"Conventional DC","CyTOF","Human alphaherpesvirus 2 (HSV2).ea","child",-0.779217261452003,0.111996797566873
"3236","trajectory_group",1,3168,2.0960892683425,0.147775381048286,"Conventional DC","CyTOF","Human alphaherpesvirus 2 (HSV2).ea","child",-0.0250804923373845,0.269162301195093
"3237","sex",1,3168,4.20481899828302,0.0403913851608947,"Conventional DC","CyTOF","Human alphaherpesvirus 2 (HSV2).ea","child",NA,0.0792292555079088
"3238","discretized_admit_age_quantile",4,3168,0.938093870358912,0.440703134827424,"Conventional DC","CyTOF","Human alphaherpesvirus 2 (HSV2).ea","child",NA,0.499463552804414
"3239","virus_positive",1,3168,0.463776598411225,0.495914016502071,"Conventional DC","CyTOF","Human alphaherpesvirus 2 (HSV2).ea","child",-0.186329139249536,0.929891366536081
"3240","event_type",11,3168,3.71973613502762,2.70026533674139e-05,"Conventional DC","CyTOF","Human alphaherpesvirus 2 (HSV2).ea","child",NA,4.30354788043159e-05
"3241","(Intercept)",1,3168,2.18975777939986,0.139030593236193,"Hematopoetic progenitor Cell","CyTOF","Human alphaherpesvirus 2 (HSV2).ea","child",-0.483577473497033,0.337645726430753
"3242","trajectory_group",1,3168,27.4376452279549,1.72847185897496e-07,"Hematopoetic progenitor Cell","CyTOF","Human alphaherpesvirus 2 (HSV2).ea","child",0.0909959922022813,8.81520648077227e-07
"3243","sex",1,3168,4.27397128198666,0.0387814149667133,"Hematopoetic progenitor Cell","CyTOF","Human alphaherpesvirus 2 (HSV2).ea","child",NA,0.0792292555079088
"3244","discretized_admit_age_quantile",4,3168,3.00481807800021,0.0173489268672545,"Hematopoetic progenitor Cell","CyTOF","Human alphaherpesvirus 2 (HSV2).ea","child",NA,0.0285417829106446
"3245","virus_positive",1,3168,0.133508758356833,0.714845814864031,"Hematopoetic progenitor Cell","CyTOF","Human alphaherpesvirus 2 (HSV2).ea","child",0.10053501431192,0.929891366536081
"3246","event_type",11,3168,7.80734395963119,1.68531855138099e-13,"Hematopoetic progenitor Cell","CyTOF","Human alphaherpesvirus 2 (HSV2).ea","child",NA,3.43804984481722e-13
"3247","(Intercept)",1,3168,0.314622927914969,0.574896799150778,"ILC","CyTOF","Human alphaherpesvirus 2 (HSV2).ea","child",-0.18179138208584,0.771572019912887
"3248","trajectory_group",1,3168,0.550053932915318,0.458350634184076,"ILC","CyTOF","Human alphaherpesvirus 2 (HSV2).ea","child",0.0127636483209192,0.649330065094108
"3249","sex",1,3168,1.38501457263085,0.239337241162485,"ILC","CyTOF","Human alphaherpesvirus 2 (HSV2).ea","child",NA,0.339061091646854
"3250","discretized_admit_age_quantile",4,3168,1.15263294288569,0.329859924319239,"ILC","CyTOF","Human alphaherpesvirus 2 (HSV2).ea","child",NA,0.391229212564679
"3251","virus_positive",1,3168,0.938071276047524,0.332848289081207,"ILC","CyTOF","Human alphaherpesvirus 2 (HSV2).ea","child",-0.262594972423848,0.929891366536081
"3252","event_type",11,3168,2.31759643893038,0.00788905919232663,"ILC","CyTOF","Human alphaherpesvirus 2 (HSV2).ea","child",NA,0.0105879478633857
"3253","(Intercept)",1,3168,7.17452121578786,0.00743281422539477,"Monocytes (CD14+CD16+)","CyTOF","Human alphaherpesvirus 2 (HSV2).ea","child",-0.871696620593502,0.0758147050990266
"3254","trajectory_group",1,3168,8.71027070824789,0.00318743650024356,"Monocytes (CD14+CD16+)","CyTOF","Human alphaherpesvirus 2 (HSV2).ea","child",-0.0510700204367039,0.00956230950073067
"3255","sex",1,3168,5.59046776401201,0.0181184547767337,"Monocytes (CD14+CD16+)","CyTOF","Human alphaherpesvirus 2 (HSV2).ea","child",NA,0.0440019616006389
"3256","discretized_admit_age_quantile",4,3168,9.73900268432994,7.91840946146039e-08,"Monocytes (CD14+CD16+)","CyTOF","Human alphaherpesvirus 2 (HSV2).ea","child",NA,3.10645294257292e-07
"3257","virus_positive",1,3168,0.630047359454381,0.427397391051744,"Monocytes (CD14+CD16+)","CyTOF","Human alphaherpesvirus 2 (HSV2).ea","child",-0.217121142453841,0.929891366536081
"3258","event_type",11,3168,8.80679108537271,1.33226762955019e-15,"Monocytes (CD14+CD16+)","CyTOF","Human alphaherpesvirus 2 (HSV2).ea","child",NA,2.83106871279415e-15
"3259","(Intercept)",1,3168,1.59990339968758,0.206009936256817,"Monocytes (CD14+CD16-)","CyTOF","Human alphaherpesvirus 2 (HSV2).ea","child",-0.35552899388043,0.456804641265116
"3260","trajectory_group",1,3168,168.117218127361,0,"Monocytes (CD14+CD16-)","CyTOF","Human alphaherpesvirus 2 (HSV2).ea","child",0.193736259879295,0
"3261","sex",1,3168,86.3216924654172,0,"Monocytes (CD14+CD16-)","CyTOF","Human alphaherpesvirus 2 (HSV2).ea","child",NA,0
"3262","discretized_admit_age_quantile",4,3168,15.6007208056949,1.20436993711337e-12,"Monocytes (CD14+CD16-)","CyTOF","Human alphaherpesvirus 2 (HSV2).ea","child",NA,8.77469525611169e-12
"3263","virus_positive",1,3168,4.658628123596,0.0309727643369392,"Monocytes (CD14+CD16-)","CyTOF","Human alphaherpesvirus 2 (HSV2).ea","child",0.510816500312502,0.526536993727966
"3264","event_type",11,3168,49.3643489947344,0,"Monocytes (CD14+CD16-)","CyTOF","Human alphaherpesvirus 2 (HSV2).ea","child",NA,0
"3265","(Intercept)",1,3168,15.3123216876999,9.30356597712567e-05,"Monocytes (CD14-CD16+)","CyTOF","Human alphaherpesvirus 2 (HSV2).ea","child",-1.09145334633982,0.00237240932416705
"3266","trajectory_group",1,3168,0.0327366430615721,0.856431972864737,"Monocytes (CD14-CD16+)","CyTOF","Human alphaherpesvirus 2 (HSV2).ea","child",-0.00267950739407639,0.891388379920441
"3267","sex",1,3168,7.31922735723447,0.00685859792416321,"Monocytes (CD14-CD16+)","CyTOF","Human alphaherpesvirus 2 (HSV2).ea","child",NA,0.0184099207438065
"3268","discretized_admit_age_quantile",4,3168,5.92762908743214,9.47531732344853e-05,"Monocytes (CD14-CD16+)","CyTOF","Human alphaherpesvirus 2 (HSV2).ea","child",NA,0.000219655083407216
"3269","virus_positive",1,3168,0.663965405983845,0.415224736387121,"Monocytes (CD14-CD16+)","CyTOF","Human alphaherpesvirus 2 (HSV2).ea","child",-0.190092085081106,0.929891366536081
"3270","event_type",11,3168,118.000993131907,0,"Monocytes (CD14-CD16+)","CyTOF","Human alphaherpesvirus 2 (HSV2).ea","child",NA,0
"3271","(Intercept)",1,3168,1.02033057282467,0.312517751256284,"NK Cell (CD56hi CD16low)","CyTOF","Human alphaherpesvirus 2 (HSV2).ea","child",-0.323706169665186,0.569228761216802
"3272","trajectory_group",1,3168,9.25551388353054,0.00236712332508238,"NK Cell (CD56hi CD16low)","CyTOF","Human alphaherpesvirus 2 (HSV2).ea","child",-0.051819997201919,0.00754520559870007
"3273","sex",1,3168,0.0259559131531303,0.87201830551493,"NK Cell (CD56hi CD16low)","CyTOF","Human alphaherpesvirus 2 (HSV2).ea","child",NA,0.901099512857465
"3274","discretized_admit_age_quantile",4,3168,2.39372242379341,0.0484593732943202,"NK Cell (CD56hi CD16low)","CyTOF","Human alphaherpesvirus 2 (HSV2).ea","child",NA,0.0686507788336202
"3275","virus_positive",1,3168,0.143324121592646,0.705023863745347,"NK Cell (CD56hi CD16low)","CyTOF","Human alphaherpesvirus 2 (HSV2).ea","child",-0.101741848400402,0.929891366536081
"3276","event_type",11,3168,3.82776056644957,1.69407028671742e-05,"NK Cell (CD56hi CD16low)","CyTOF","Human alphaherpesvirus 2 (HSV2).ea","child",NA,3.0856280222353e-05
"3277","(Intercept)",1,3168,5.18674900410496,0.0228261129430734,"NK Cell (CD56low CD16hi CD57hi)","CyTOF","Human alphaherpesvirus 2 (HSV2).ea","child",-0.716382858863914,0.111996797566873
"3278","trajectory_group",1,3168,0.496568268263196,0.481063688407284,"NK Cell (CD56low CD16hi CD57hi)","CyTOF","Human alphaherpesvirus 2 (HSV2).ea","child",-0.0117828393580224,0.663087786723554
"3279","sex",1,3168,60.3500762171264,1.06581410364015e-14,"NK Cell (CD56low CD16hi CD57hi)","CyTOF","Human alphaherpesvirus 2 (HSV2).ea","child",NA,1.81188397618826e-13
"3280","discretized_admit_age_quantile",4,3168,46.2341008919128,0,"NK Cell (CD56low CD16hi CD57hi)","CyTOF","Human alphaherpesvirus 2 (HSV2).ea","child",NA,0
"3281","virus_positive",1,3168,2.31771617674433,0.12800750433738,"NK Cell (CD56low CD16hi CD57hi)","CyTOF","Human alphaherpesvirus 2 (HSV2).ea","child",-0.401749606221444,0.652838272120636
"3282","event_type",11,3168,17.067628983765,0,"NK Cell (CD56low CD16hi CD57hi)","CyTOF","Human alphaherpesvirus 2 (HSV2).ea","child",NA,0
"3283","(Intercept)",1,3168,0.522061967459926,0.470016761502043,"NK Cell (CD56low CD16hi CD57low)","CyTOF","Human alphaherpesvirus 2 (HSV2).ea","child",-0.233598130483614,0.71888656331894
"3284","trajectory_group",1,3168,4.57583952151917,0.0325020838659618,"NK Cell (CD56low CD16hi CD57low)","CyTOF","Human alphaherpesvirus 2 (HSV2).ea","child",-0.0366619374374321,0.0720698381375674
"3285","sex",1,3168,0.248958520657168,0.617844015294513,"NK Cell (CD56low CD16hi CD57low)","CyTOF","Human alphaherpesvirus 2 (HSV2).ea","child",NA,0.716137381364095
"3286","discretized_admit_age_quantile",4,3168,5.53389081743305,0.000194488194986242,"NK Cell (CD56low CD16hi CD57low)","CyTOF","Human alphaherpesvirus 2 (HSV2).ea","child",NA,0.000413287414345764
"3287","virus_positive",1,3168,2.50878817807335,0.113312772321103,"NK Cell (CD56low CD16hi CD57low)","CyTOF","Human alphaherpesvirus 2 (HSV2).ea","child",-0.432593449975916,0.652838272120636
"3288","event_type",11,3168,9.3101179319808,1.11022302462516e-16,"NK Cell (CD56low CD16hi CD57low)","CyTOF","Human alphaherpesvirus 2 (HSV2).ea","child",NA,2.69625591694681e-16
"3289","(Intercept)",1,3168,0.0422372702944288,0.837181359198619,"Plasmacytoid DC","CyTOF","Human alphaherpesvirus 2 (HSV2).ea","child",0.0691784300596378,0.908430836577225
"3290","trajectory_group",1,3168,2.49436706710279,0.114354134840736,"Plasmacytoid DC","CyTOF","Human alphaherpesvirus 2 (HSV2).ea","child",-0.0276672634547385,0.224310033726058
"3291","sex",1,3168,1.62642659146111,0.202291526338719,"Plasmacytoid DC","CyTOF","Human alphaherpesvirus 2 (HSV2).ea","child",NA,0.294767652664991
"3292","discretized_admit_age_quantile",4,3168,0.467577328889134,0.75958986781247,"Plasmacytoid DC","CyTOF","Human alphaherpesvirus 2 (HSV2).ea","child",NA,0.779260302821611
"3293","virus_positive",1,3168,0.119774424892751,0.729302254364131,"Plasmacytoid DC","CyTOF","Human alphaherpesvirus 2 (HSV2).ea","child",-0.0988760416905991,0.929891366536081
"3294","event_type",11,3168,1.4243809566717,0.154559555820518,"Plasmacytoid DC","CyTOF","Human alphaherpesvirus 2 (HSV2).ea","child",NA,0.183314822019684
"3295","(Intercept)",1,3168,0.485205298934844,0.486125046887323,"Tier2_Bcell_Undefined","CyTOF","Human alphaherpesvirus 2 (HSV2).ea","child",0.231017124629161,0.71888656331894
"3296","trajectory_group",1,3168,5.60582364735861,0.0179606218661978,"Tier2_Bcell_Undefined","CyTOF","Human alphaherpesvirus 2 (HSV2).ea","child",-0.0416878901129565,0.0436186531036233
"3297","sex",1,3168,1.27680047184182,0.258580326388976,"Tier2_Bcell_Undefined","CyTOF","Human alphaherpesvirus 2 (HSV2).ea","child",NA,0.356421530968589
"3298","discretized_admit_age_quantile",4,3168,1.65760941777723,0.157046677486596,"Tier2_Bcell_Undefined","CyTOF","Human alphaherpesvirus 2 (HSV2).ea","child",NA,0.195350745166253
"3299","virus_positive",1,3168,0.558204212033694,0.455040145759351,"Tier2_Bcell_Undefined","CyTOF","Human alphaherpesvirus 2 (HSV2).ea","child",-0.209077781568392,0.929891366536081
"3300","event_type",11,3168,2.63762538558887,0.00233340338221266,"Tier2_Bcell_Undefined","CyTOF","Human alphaherpesvirus 2 (HSV2).ea","child",NA,0.00321631277007691
"3301","(Intercept)",1,3168,0.0687258753801702,0.79321806115914,"Tier2_NK_Undefined","CyTOF","Human alphaherpesvirus 2 (HSV2).ea","child",0.0883712991729816,0.87943741563296
"3302","trajectory_group",1,3168,0.292922660263598,0.588391734874679,"Tier2_NK_Undefined","CyTOF","Human alphaherpesvirus 2 (HSV2).ea","child",-0.00966558950263511,0.71447567806211
"3303","sex",1,3168,1.13616462765569,0.286545448991156,"Tier2_NK_Undefined","CyTOF","Human alphaherpesvirus 2 (HSV2).ea","child",NA,0.374713279449973
"3304","discretized_admit_age_quantile",4,3168,0.632640351552853,0.639209607757124,"Tier2_NK_Undefined","CyTOF","Human alphaherpesvirus 2 (HSV2).ea","child",NA,0.708688912948116
"3305","virus_positive",1,3168,0.740691601042161,0.389504551380721,"Tier2_NK_Undefined","CyTOF","Human alphaherpesvirus 2 (HSV2).ea","child",-0.245172584596249,0.929891366536081
"3306","event_type",11,3168,2.81602963580005,0.00115529499697531,"Tier2_NK_Undefined","CyTOF","Human alphaherpesvirus 2 (HSV2).ea","child",NA,0.00163847599183751
"3307","(Intercept)",1,3168,0.786754643387604,0.375150587256066,"Tier2_Tcell_Undefined","CyTOF","Human alphaherpesvirus 2 (HSV2).ea","child",-0.263982295344562,0.624332787410664
"3308","trajectory_group",1,3168,0.136695355328484,0.711613344470631,"Tier2_Tcell_Undefined","CyTOF","Human alphaherpesvirus 2 (HSV2).ea","child",0.00585063070804074,0.772817062698533
"3309","sex",1,3168,10.1078880284374,0.00149059538444751,"Tier2_Tcell_Undefined","CyTOF","Human alphaherpesvirus 2 (HSV2).ea","child",NA,0.00506802430712154
"3310","discretized_admit_age_quantile",4,3168,1.32521547622679,0.258054529603497,"Tier2_Tcell_Undefined","CyTOF","Human alphaherpesvirus 2 (HSV2).ea","child",NA,0.313351928804246
"3311","virus_positive",1,3168,0.652305381554522,0.419350286117868,"Tier2_Tcell_Undefined","CyTOF","Human alphaherpesvirus 2 (HSV2).ea","child",-0.201940779557434,0.929891366536081
"3312","event_type",11,3168,0.770808305003405,0.669807475234853,"Tier2_Tcell_Undefined","CyTOF","Human alphaherpesvirus 2 (HSV2).ea","child",NA,0.711670442437032
"3313","(Intercept)",1,3168,0.00848097463886256,0.926630602574128,"Tier3_CD4_Undefined","CyTOF","Human alphaherpesvirus 2 (HSV2).ea","child",0.0311099804035772,0.946859405123021
"3314","trajectory_group",1,3168,0.827181992130307,0.363157840163134,"Tier3_CD4_Undefined","CyTOF","Human alphaherpesvirus 2 (HSV2).ea","child",-0.0155519763525093,0.561243934797571
"3315","sex",1,3168,0.612706222401467,0.43382919133132,"Tier3_CD4_Undefined","CyTOF","Human alphaherpesvirus 2 (HSV2).ea","child",NA,0.526792589473746
"3316","discretized_admit_age_quantile",4,3168,0.528485966059099,0.714818091475978,"Tier3_CD4_Undefined","CyTOF","Human alphaherpesvirus 2 (HSV2).ea","child",NA,0.775653673729253
"3317","virus_positive",1,3168,0.000918093730766216,0.975829656099982,"Tier3_CD4_Undefined","CyTOF","Human alphaherpesvirus 2 (HSV2).ea","child",-0.00870989229746133,0.98763422755326
"3318","event_type",11,3168,0.449895237077276,0.933468542500677,"Tier3_CD4_Undefined","CyTOF","Human alphaherpesvirus 2 (HSV2).ea","child",NA,0.933468542500677
"3319","(Intercept)",1,3168,0.786129632897781,0.375340311696753,"Tier3_CD8_Undefined","CyTOF","Human alphaherpesvirus 2 (HSV2).ea","child",0.289313467644041,0.624332787410664
"3320","trajectory_group",1,3168,0.121573558391079,0.727357235480972,"Tier3_CD8_Undefined","CyTOF","Human alphaherpesvirus 2 (HSV2).ea","child",-0.00604749425530591,0.772817062698533
"3321","sex",1,3168,2.8271746238447,0.0927798485131991,"Tier3_CD8_Undefined","CyTOF","Human alphaherpesvirus 2 (HSV2).ea","child",NA,0.157725742472438
"3322","discretized_admit_age_quantile",4,3168,2.34596943549096,0.0524240351423976,"Tier3_CD8_Undefined","CyTOF","Human alphaherpesvirus 2 (HSV2).ea","child",NA,0.0722601565476291
"3323","virus_positive",1,3168,0.307663626965824,0.579156584405191,"Tier3_CD8_Undefined","CyTOF","Human alphaherpesvirus 2 (HSV2).ea","child",-0.152436412117369,0.929891366536081
"3324","event_type",11,3168,2.23134429402144,0.0108368381648141,"Tier3_CD8_Undefined","CyTOF","Human alphaherpesvirus 2 (HSV2).ea","child",NA,0.0141712499078338
"3325","(Intercept)",1,3168,0.00809985723554485,0.928293534434334,"Tier4_Treg_Undefined","CyTOF","Human alphaherpesvirus 2 (HSV2).ea","child",-0.030356778625393,0.946859405123021
"3326","trajectory_group",1,3168,0.355325320337224,0.551156551884939,"Tier4_Treg_Undefined","CyTOF","Human alphaherpesvirus 2 (HSV2).ea","child",-0.0101774334071846,0.713366031104462
"3327","sex",1,3168,6.14647991670158,0.0132190495866239,"Tier4_Treg_Undefined","CyTOF","Human alphaherpesvirus 2 (HSV2).ea","child",NA,0.0337085764458909
"3328","discretized_admit_age_quantile",4,3168,0.4127003910158,0.799617522955967,"Tier4_Treg_Undefined","CyTOF","Human alphaherpesvirus 2 (HSV2).ea","child",NA,0.799617522955967
"3329","virus_positive",1,3168,0.0877746634135045,0.767044924427274,"Tier4_Treg_Undefined","CyTOF","Human alphaherpesvirus 2 (HSV2).ea","child",-0.0850342737418981,0.931411693947404
"3330","event_type",11,3168,0.458670391759515,0.928794115334068,"Tier4_Treg_Undefined","CyTOF","Human alphaherpesvirus 2 (HSV2).ea","child",NA,0.933468542500677
"3331","(Intercept)",1,3168,0.513320087489849,0.473757948272992,"Tier4_nonTreg_Undefined","CyTOF","Human alphaherpesvirus 2 (HSV2).ea","child",0.23502202371085,0.71888656331894
"3332","trajectory_group",1,3168,1.06490350195875,0.302178240597917,"Tier4_nonTreg_Undefined","CyTOF","Human alphaherpesvirus 2 (HSV2).ea","child",-0.0179990302618229,0.497131944209476
"3333","sex",1,3168,0.802241807757484,0.370491999387705,"Tier4_nonTreg_Undefined","CyTOF","Human alphaherpesvirus 2 (HSV2).ea","child",NA,0.460855901677389
"3334","discretized_admit_age_quantile",4,3168,4.32783215630684,0.00171311825503506,"Tier4_nonTreg_Undefined","CyTOF","Human alphaherpesvirus 2 (HSV2).ea","child",NA,0.00323589003728845
"3335","virus_positive",1,3168,2.46335926628442,0.116629194571854,"Tier4_nonTreg_Undefined","CyTOF","Human alphaherpesvirus 2 (HSV2).ea","child",0.43289511450242,0.652838272120636
"3336","event_type",11,3168,3.94243544335527,1.02939344891473e-05,"Tier4_nonTreg_Undefined","CyTOF","Human alphaherpesvirus 2 (HSV2).ea","child",NA,1.94440984795004e-05
"3337","(Intercept)",1,3168,0.0245643572478169,0.875467467896192,"gd T Cell","CyTOF","Human alphaherpesvirus 2 (HSV2).ea","child",-0.0495798489802008,0.930184184639704
"3338","trajectory_group",1,3168,3.24489589526749,0.0717412925640024,"gd T Cell","CyTOF","Human alphaherpesvirus 2 (HSV2).ea","child",-0.0302274542443511,0.152450246698505
"3339","sex",1,3168,0.0174232864499737,0.894994811874331,"gd T Cell","CyTOF","Human alphaherpesvirus 2 (HSV2).ea","child",NA,0.901099512857465
"3340","discretized_admit_age_quantile",4,3168,9.12634897193799,2.5006568993291e-07,"gd T Cell","CyTOF","Human alphaherpesvirus 2 (HSV2).ea","child",NA,8.50223345771894e-07
"3341","virus_positive",1,3168,5.14300486754499,0.0234072778073926,"gd T Cell","CyTOF","Human alphaherpesvirus 2 (HSV2).ea","child",-0.598988059123501,0.526536993727966
"3342","event_type",11,3168,2.04172984883976,0.0213718677128074,"gd T Cell","CyTOF","Human alphaherpesvirus 2 (HSV2).ea","child",NA,0.0272491313338294
"3343","(Intercept)",1,3168,5.30452961225427,0.0213345197656116,"Basophil","CyTOF","Human alphaherpesvirus 2 (HSV2).ea","child",-0.620822346691295,0.111996797566873
"3344","trajectory_group",1,3168,5.91659091246717,0.0150539743946358,"Basophil","CyTOF","Human alphaherpesvirus 2 (HSV2).ea","child",-0.0347657355957887,0.0383876347063214
"3345","sex",1,3168,4.25111461756911,0.0393059673234979,"Basophil","CyTOF","Human alphaherpesvirus 2 (HSV2).ea","child",NA,0.0792292555079088
"3346","discretized_admit_age_quantile",4,3168,0.982165637107796,0.415911032596746,"Basophil","CyTOF","Human alphaherpesvirus 2 (HSV2).ea","child",NA,0.482078696873501
"3347","virus_positive",1,3168,0.119752035492748,0.729326561989083,"Basophil","CyTOF","Human alphaherpesvirus 2 (HSV2).ea","child",-0.0787877554283097,0.929891366536081
"3348","event_type",11,3168,117.112951967238,0,"Basophil","CyTOF","Human alphaherpesvirus 2 (HSV2).ea","child",NA,0
"3349","(Intercept)",1,3168,2.04194574493955,0.153112403503864,"Eosinophil","CyTOF","Human alphaherpesvirus 2 (HSV2).ea","child",-0.429509877871385,0.354942389940775
"3350","trajectory_group",1,3168,0.300229016210173,0.58377748715212,"Eosinophil","CyTOF","Human alphaherpesvirus 2 (HSV2).ea","child",0.00874993284981231,0.71447567806211
"3351","sex",1,3168,4.66338485241171,0.0308872095382708,"Eosinophil","CyTOF","Human alphaherpesvirus 2 (HSV2).ea","child",NA,0.068489029845731
"3352","discretized_admit_age_quantile",4,3168,2.7762552952725,0.0255806873920299,"Eosinophil","CyTOF","Human alphaherpesvirus 2 (HSV2).ea","child",NA,0.0407692205310477
"3353","virus_positive",1,3168,0.0362398055891682,0.849033318172575,"Eosinophil","CyTOF","Human alphaherpesvirus 2 (HSV2).ea","child",-0.0482368402332987,0.945659447369631
"3354","event_type",11,3168,48.5170614767463,0,"Eosinophil","CyTOF","Human alphaherpesvirus 2 (HSV2).ea","child",NA,0
"3355","(Intercept)",1,3168,0.449976074433441,0.502395217048657,"Neutrophil (CD16hi)","CyTOF","Human alphaherpesvirus 2 (HSV2).ea","child",0.204902507518653,0.71888656331894
"3356","trajectory_group",1,3168,42.0980843135522,1.00370045608145e-10,"Neutrophil (CD16hi)","CyTOF","Human alphaherpesvirus 2 (HSV2).ea","child",0.105274986995158,5.68763591779486e-10
"3357","sex",1,3168,10.8194512176624,0.00101537734724899,"Neutrophil (CD16hi)","CyTOF","Human alphaherpesvirus 2 (HSV2).ea","child",NA,0.00369887462212133
"3358","discretized_admit_age_quantile",4,3168,11.9724128914541,1.1733799487601e-09,"Neutrophil (CD16hi)","CyTOF","Human alphaherpesvirus 2 (HSV2).ea","child",NA,5.44021612606956e-09
"3359","virus_positive",1,3168,2.43729507275445,0.118580256951873,"Neutrophil (CD16hi)","CyTOF","Human alphaherpesvirus 2 (HSV2).ea","child",0.40212871823123,0.652838272120636
"3360","event_type",11,3168,22.555872819599,0,"Neutrophil (CD16hi)","CyTOF","Human alphaherpesvirus 2 (HSV2).ea","child",NA,0
"3361","(Intercept)",1,3168,3.16405156377419,0.0753720159214157,"Neutrophil (CD16low)","CyTOF","Human alphaherpesvirus 2 (HSV2).ea","child",-0.560112261723297,0.226116047764247
"3362","trajectory_group",1,3168,65.4007986298277,8.88178419700125e-16,"Neutrophil (CD16low)","CyTOF","Human alphaherpesvirus 2 (HSV2).ea","child",0.135086444564576,1.50990331349021e-14
"3363","sex",1,3168,0.260426469658277,0.609862869285416,"Neutrophil (CD16low)","CyTOF","Human alphaherpesvirus 2 (HSV2).ea","child",NA,0.716137381364095
"3364","discretized_admit_age_quantile",4,3168,2.0641052002269,0.0828951893567206,"Neutrophil (CD16low)","CyTOF","Human alphaherpesvirus 2 (HSV2).ea","child",NA,0.108401401466481
"3365","virus_positive",1,3168,0.724111637452183,0.394862832675085,"Neutrophil (CD16low)","CyTOF","Human alphaherpesvirus 2 (HSV2).ea","child",0.226249711655727,0.929891366536081
"3366","event_type",11,3168,17.7774865482834,0,"Neutrophil (CD16low)","CyTOF","Human alphaherpesvirus 2 (HSV2).ea","child",NA,0
"3367","(Intercept)",1,3168,0.312450442900967,0.576219883291288,"B Cell (CD11c+ CXCR5-)","CyTOF","Human alphaherpesvirus 1 (HSV1).ea","child",-0.183802084924103,0.773347738101466
"3368","trajectory_group",1,3168,6.20959046039731,0.0127567560881527,"B Cell (CD11c+ CXCR5-)","CyTOF","Human alphaherpesvirus 1 (HSV1).ea","child",0.0435184311690043,0.0342418189734626
"3369","sex",1,3168,0.0385555528961083,0.844344377940951,"B Cell (CD11c+ CXCR5-)","CyTOF","Human alphaherpesvirus 1 (HSV1).ea","child",NA,0.913799376210645
"3370","discretized_admit_age_quantile",4,3168,15.3252399019899,2.03304040269359e-12,"B Cell (CD11c+ CXCR5-)","CyTOF","Human alphaherpesvirus 1 (HSV1).ea","child",NA,1.29606325671716e-11
"3371","virus_positive",1,3168,0.0660630095539388,0.797174425053874,"B Cell (CD11c+ CXCR5-)","CyTOF","Human alphaherpesvirus 1 (HSV1).ea","child",-0.0334182677540382,0.967997516136847
"3372","event_type",11,3168,1.93680250398759,0.0307402660262772,"B Cell (CD11c+ CXCR5-)","CyTOF","Human alphaherpesvirus 1 (HSV1).ea","child",NA,0.0382378918863448
"3373","(Intercept)",1,3168,1.16698010224916,0.280104849812609,"B Cell (CD27+ non-switched memory)","CyTOF","Human alphaherpesvirus 1 (HSV1).ea","child",0.360647151137405,0.549436436170886
"3374","trajectory_group",1,3168,0.464567262470323,0.495546979098203,"B Cell (CD27+ non-switched memory)","CyTOF","Human alphaherpesvirus 1 (HSV1).ea","child",0.0121391314588329,0.689593920537339
"3375","sex",1,3168,3.75795064395867,0.052645674395445,"B Cell (CD27+ non-switched memory)","CyTOF","Human alphaherpesvirus 1 (HSV1).ea","child",NA,0.0958903355059891
"3376","discretized_admit_age_quantile",4,3168,2.64510108019442,0.0318984476976287,"B Cell (CD27+ non-switched memory)","CyTOF","Human alphaherpesvirus 1 (HSV1).ea","child",NA,0.0486943194268914
"3377","virus_positive",1,3168,0.498356614973,0.480275010997035,"B Cell (CD27+ non-switched memory)","CyTOF","Human alphaherpesvirus 1 (HSV1).ea","child",-0.092963834058502,0.838963238752929
"3378","event_type",11,3168,0.873165854202844,0.566327775277507,"B Cell (CD27+ non-switched memory)","CyTOF","Human alphaherpesvirus 1 (HSV1).ea","child",NA,0.614525883811763
"3379","(Intercept)",1,3168,4.41687973387604,0.0356638270391996,"B Cell (CD27+ switched memory)","CyTOF","Human alphaherpesvirus 1 (HSV1).ea","child",0.697203169411318,0.151571264916598
"3380","trajectory_group",1,3168,0.210514357251348,0.646396029990919,"B Cell (CD27+ switched memory)","CyTOF","Human alphaherpesvirus 1 (HSV1).ea","child",0.00812732192410023,0.766655756500858
"3381","sex",1,3168,9.26316299380468,0.00235728647319067,"B Cell (CD27+ switched memory)","CyTOF","Human alphaherpesvirus 1 (HSV1).ea","child",NA,0.00727391774584807
"3382","discretized_admit_age_quantile",4,3168,9.30884415276826,1.77591428007773e-07,"B Cell (CD27+ switched memory)","CyTOF","Human alphaherpesvirus 1 (HSV1).ea","child",NA,6.46940202028315e-07
"3383","virus_positive",1,3168,0.399108418361711,0.527595649187839,"B Cell (CD27+ switched memory)","CyTOF","Human alphaherpesvirus 1 (HSV1).ea","child",-0.0823298594983595,0.851911963642075
"3384","event_type",11,3168,2.86331911708033,0.000956470101480589,"B Cell (CD27+ switched memory)","CyTOF","Human alphaherpesvirus 1 (HSV1).ea","child",NA,0.00139371357644314
"3385","(Intercept)",1,3168,5.10880703994451,0.0238722950571364,"B Cell (CD71+ activated)","CyTOF","Human alphaherpesvirus 1 (HSV1).ea","child",0.696827486776652,0.112191982852198
"3386","trajectory_group",1,3168,1.50893497462083,0.219392919386992,"B Cell (CD71+ activated)","CyTOF","Human alphaherpesvirus 1 (HSV1).ea","child",0.0200602008213853,0.385828927197814
"3387","sex",1,3168,0.0120797980966763,0.912489192430188,"B Cell (CD71+ activated)","CyTOF","Human alphaherpesvirus 1 (HSV1).ea","child",NA,0.913799376210645
"3388","discretized_admit_age_quantile",4,3168,3.21008143693591,0.0121979803383374,"B Cell (CD71+ activated)","CyTOF","Human alphaherpesvirus 1 (HSV1).ea","child",NA,0.0207365665751736
"3389","virus_positive",1,3168,0.468978050482665,0.493507787501723,"B Cell (CD71+ activated)","CyTOF","Human alphaherpesvirus 1 (HSV1).ea","child",-0.083532439178403,0.838963238752929
"3390","event_type",11,3168,3.80026266695938,1.90808288085265e-05,"B Cell (CD71+ activated)","CyTOF","Human alphaherpesvirus 1 (HSV1).ea","child",NA,3.35559403184431e-05
"3391","(Intercept)",1,3168,0.430838925303575,0.511625259214864,"B Cell (Plasmablast)","CyTOF","Human alphaherpesvirus 1 (HSV1).ea","child",0.192849048485026,0.724802450554391
"3392","trajectory_group",1,3168,6.91195552798027,0.00860350249240072,"B Cell (Plasmablast)","CyTOF","Human alphaherpesvirus 1 (HSV1).ea","child",0.0411636191055158,0.0243765903951354
"3393","sex",1,3168,3.86240855886927,0.0494666345973498,"B Cell (Plasmablast)","CyTOF","Human alphaherpesvirus 1 (HSV1).ea","child",NA,0.0934369764616607
"3394","discretized_admit_age_quantile",4,3168,1.98770120077028,0.093675539028321,"B Cell (Plasmablast)","CyTOF","Human alphaherpesvirus 1 (HSV1).ea","child",NA,0.119436312261109
"3395","virus_positive",1,3168,0.0770762653354713,0.781317490640969,"B Cell (Plasmablast)","CyTOF","Human alphaherpesvirus 1 (HSV1).ea","child",0.0322044845140821,0.967997516136847
"3396","event_type",11,3168,80.0770238552153,0,"B Cell (Plasmablast)","CyTOF","Human alphaherpesvirus 1 (HSV1).ea","child",NA,0
"3397","(Intercept)",1,3168,4.03004706360425,0.0447814705975786,"B Cell (naive)","CyTOF","Human alphaherpesvirus 1 (HSV1).ea","child",0.636887501229067,0.159396653619042
"3398","trajectory_group",1,3168,10.9464649713215,0.000948305277350237,"B Cell (naive)","CyTOF","Human alphaherpesvirus 1 (HSV1).ea","child",0.0560523508309631,0.0032242379429908
"3399","sex",1,3168,2.2951453252607,0.129878825141668,"B Cell (naive)","CyTOF","Human alphaherpesvirus 1 (HSV1).ea","child",NA,0.213671615555647
"3400","discretized_admit_age_quantile",4,3168,28.6136803221752,0,"B Cell (naive)","CyTOF","Human alphaherpesvirus 1 (HSV1).ea","child",NA,0
"3401","virus_positive",1,3168,8.54292042897647,0.00349325024351166,"B Cell (naive)","CyTOF","Human alphaherpesvirus 1 (HSV1).ea","child",0.3649282437671,0.0445389406047736
"3402","event_type",11,3168,17.9914515073155,0,"B Cell (naive)","CyTOF","Human alphaherpesvirus 1 (HSV1).ea","child",NA,0
"3403","(Intercept)",1,3168,8.74273814484366,0.00313133414789601,"B Cell (transitional)","CyTOF","Human alphaherpesvirus 1 (HSV1).ea","child",0.946703327308163,0.0532326805142322
"3404","trajectory_group",1,3168,0.169252615770773,0.680804716604466,"B Cell (transitional)","CyTOF","Human alphaherpesvirus 1 (HSV1).ea","child",0.00703395310197679,0.789114557882449
"3405","sex",1,3168,12.5079182225138,0.000411041273670198,"B Cell (transitional)","CyTOF","Human alphaherpesvirus 1 (HSV1).ea","child",NA,0.00174692541309834
"3406","discretized_admit_age_quantile",4,3168,26.2394327899919,0,"B Cell (transitional)","CyTOF","Human alphaherpesvirus 1 (HSV1).ea","child",NA,0
"3407","virus_positive",1,3168,2.06517852633747,0.150796032962645,"B Cell (transitional)","CyTOF","Human alphaherpesvirus 1 (HSV1).ea","child",0.18084509150831,0.384529884054744
"3408","event_type",11,3168,9.08250681384312,3.33066907387547e-16,"B Cell (transitional)","CyTOF","Human alphaherpesvirus 1 (HSV1).ea","child",NA,7.72109648943859e-16
"3409","(Intercept)",1,3168,1.29401038934223,0.255396226712916,"CD4+ NKT Cell","CyTOF","Human alphaherpesvirus 1 (HSV1).ea","child",-0.37888059694443,0.521008302494349
"3410","trajectory_group",1,3168,0.685978776094078,0.407597915041434,"CD4+ NKT Cell","CyTOF","Human alphaherpesvirus 1 (HSV1).ea","child",-0.0145041119551088,0.593928390488946
"3411","sex",1,3168,7.50212075681631,0.00619712934089356,"CD4+ NKT Cell","CyTOF","Human alphaherpesvirus 1 (HSV1).ea","child",NA,0.0170939658135772
"3412","discretized_admit_age_quantile",4,3168,5.56054183069285,0.000185269986798575,"CD4+ NKT Cell","CyTOF","Human alphaherpesvirus 1 (HSV1).ea","child",NA,0.000410816057683797
"3413","virus_positive",1,3168,0.0131840841058604,0.908593513656865,"CD4+ NKT Cell","CyTOF","Human alphaherpesvirus 1 (HSV1).ea","child",0.0151438354337875,0.977268043815648
"3414","event_type",11,3168,0.967120032350848,0.47427897431186,"CD4+ NKT Cell","CyTOF","Human alphaherpesvirus 1 (HSV1).ea","child",NA,0.525831036737062
"3415","(Intercept)",1,3168,0.104555536614597,0.746451165571333,"CD4+ T Cell (CM)","CyTOF","Human alphaherpesvirus 1 (HSV1).ea","child",0.102927882417286,0.859763746773488
"3416","trajectory_group",1,3168,57.2839844931978,4.91828799908944e-14,"CD4+ T Cell (CM)","CyTOF","Human alphaherpesvirus 1 (HSV1).ea","child",-0.128205150092065,6.27081719883904e-13
"3417","sex",1,3168,29.2255668716982,6.91999093582751e-08,"CD4+ T Cell (CM)","CyTOF","Human alphaherpesvirus 1 (HSV1).ea","child",NA,5.04170768181719e-07
"3418","discretized_admit_age_quantile",4,3168,5.36308415104687,0.000265375858505612,"CD4+ T Cell (CM)","CyTOF","Human alphaherpesvirus 1 (HSV1).ea","child",NA,0.000541366751351449
"3419","virus_positive",1,3168,0.00286294504742587,0.957331729185055,"CD4+ T Cell (CM)","CyTOF","Human alphaherpesvirus 1 (HSV1).ea","child",-0.0066442431744058,0.977268043815648
"3420","event_type",11,3168,8.97093979085977,6.66133814775094e-16,"CD4+ T Cell (CM)","CyTOF","Human alphaherpesvirus 1 (HSV1).ea","child",NA,1.47707932841434e-15
"3421","(Intercept)",1,3168,1.02779018483923,0.310755675478809,"CD4+ T Cell (EM CD27hi)","CyTOF","Human alphaherpesvirus 1 (HSV1).ea","child",0.285572730983808,0.574984830362816
"3422","trajectory_group",1,3168,90.0464251194891,0,"CD4+ T Cell (EM CD27hi)","CyTOF","Human alphaherpesvirus 1 (HSV1).ea","child",-0.142150265809988,0
"3423","sex",1,3168,39.6583510624628,3.44244632799473e-10,"CD4+ T Cell (EM CD27hi)","CyTOF","Human alphaherpesvirus 1 (HSV1).ea","child",NA,4.38911906819328e-09
"3424","discretized_admit_age_quantile",4,3168,15.7496294902116,9.07496300328603e-13,"CD4+ T Cell (EM CD27hi)","CyTOF","Human alphaherpesvirus 1 (HSV1).ea","child",NA,7.71371855279313e-12
"3425","virus_positive",1,3168,2.19193253321199,0.138834592170978,"CD4+ T Cell (EM CD27hi)","CyTOF","Human alphaherpesvirus 1 (HSV1).ea","child",-0.162536279193515,0.381489083416023
"3426","event_type",11,3168,62.0624399086436,0,"CD4+ T Cell (EM CD27hi)","CyTOF","Human alphaherpesvirus 1 (HSV1).ea","child",NA,0
"3427","(Intercept)",1,3168,1.31241975476243,0.252043543776125,"CD4+ T Cell (EM CD27low)","CyTOF","Human alphaherpesvirus 1 (HSV1).ea","child",-0.349622208436016,0.521008302494349
"3428","trajectory_group",1,3168,54.9367006076964,1.5887291482386e-13,"CD4+ T Cell (EM CD27low)","CyTOF","Human alphaherpesvirus 1 (HSV1).ea","child",-0.119975952460957,1.62050373120337e-12
"3429","sex",1,3168,12.334907061682,0.000450776176440293,"CD4+ T Cell (EM CD27low)","CyTOF","Human alphaherpesvirus 1 (HSV1).ea","child",NA,0.00176842961526576
"3430","discretized_admit_age_quantile",4,3168,2.21755112236844,0.064679726587358,"CD4+ T Cell (EM CD27low)","CyTOF","Human alphaherpesvirus 1 (HSV1).ea","child",NA,0.0868070014725068
"3431","virus_positive",1,3168,2.49547889988716,0.11427347388891,"CD4+ T Cell (EM CD27low)","CyTOF","Human alphaherpesvirus 1 (HSV1).ea","child",-0.187226678669398,0.34282042166673
"3432","event_type",11,3168,38.086918459626,0,"CD4+ T Cell (EM CD27low)","CyTOF","Human alphaherpesvirus 1 (HSV1).ea","child",NA,0
"3433","(Intercept)",1,3168,4.19238043519657,0.0406883442353861,"CD4+ T Cell (EM CD57hi)","CyTOF","Human alphaherpesvirus 1 (HSV1).ea","child",-0.677134367077444,0.159396653619042
"3434","trajectory_group",1,3168,0.00303162456784647,0.956093983395094,"CD4+ T Cell (EM CD57hi)","CyTOF","Human alphaherpesvirus 1 (HSV1).ea","child",0.000968972478420366,0.956093983395094
"3435","sex",1,3168,13.0939161261553,0.000300886209080531,"CD4+ T Cell (EM CD57hi)","CyTOF","Human alphaherpesvirus 1 (HSV1).ea","child",NA,0.00139501787846428
"3436","discretized_admit_age_quantile",4,3168,13.4579360025851,7.04023506159501e-11,"CD4+ T Cell (EM CD57hi)","CyTOF","Human alphaherpesvirus 1 (HSV1).ea","child",NA,3.98946653490384e-10
"3437","virus_positive",1,3168,1.44501892019566,0.229418738901669,"CD4+ T Cell (EM CD57hi)","CyTOF","Human alphaherpesvirus 1 (HSV1).ea","child",-0.155081713362168,0.531834349272051
"3438","event_type",11,3168,3.54212748683463,5.77165763542276e-05,"CD4+ T Cell (EM CD57hi)","CyTOF","Human alphaherpesvirus 1 (HSV1).ea","child",NA,9.19857935645502e-05
"3439","(Intercept)",1,3168,3.58921244288762,0.0582467848400845,"CD4+ T Cell (EMRA CD57hi)","CyTOF","Human alphaherpesvirus 1 (HSV1).ea","child",-0.630615618333058,0.185661626677769
"3440","trajectory_group",1,3168,0.837471265748474,0.360190641780091,"CD4+ T Cell (EMRA CD57hi)","CyTOF","Human alphaherpesvirus 1 (HSV1).ea","child",-0.0162350715264773,0.566816989589792
"3441","sex",1,3168,0.0545348352755082,0.815367334780697,"CD4+ T Cell (EMRA CD57hi)","CyTOF","Human alphaherpesvirus 1 (HSV1).ea","child",NA,0.90399421899599
"3442","discretized_admit_age_quantile",4,3168,8.60975523993818,6.57835967032838e-07,"CD4+ T Cell (EMRA CD57hi)","CyTOF","Human alphaherpesvirus 1 (HSV1).ea","child",NA,2.09685214491717e-06
"3443","virus_positive",1,3168,0.481030909076863,0.488006574887167,"CD4+ T Cell (EMRA CD57hi)","CyTOF","Human alphaherpesvirus 1 (HSV1).ea","child",-0.0911405601045118,0.838963238752929
"3444","event_type",11,3168,1.18327147384017,0.29281860411784,"CD4+ T Cell (EMRA CD57hi)","CyTOF","Human alphaherpesvirus 1 (HSV1).ea","child",NA,0.331861084666885
"3445","(Intercept)",1,3168,0.751407029278215,0.386096770507471,"CD4+ T Cell (EMRA CD57low)","CyTOF","Human alphaherpesvirus 1 (HSV1).ea","child",-0.289648118530079,0.635191461157452
"3446","trajectory_group",1,3168,0.454417794553763,0.500293628625128,"CD4+ T Cell (EMRA CD57low)","CyTOF","Human alphaherpesvirus 1 (HSV1).ea","child",-0.0120135205313252,0.689593920537339
"3447","sex",1,3168,2.10546238762668,0.146872977717873,"CD4+ T Cell (EMRA CD57low)","CyTOF","Human alphaherpesvirus 1 (HSV1).ea","child",NA,0.226985511018531
"3448","discretized_admit_age_quantile",4,3168,7.04108712103401,1.21924476268465e-05,"CD4+ T Cell (EMRA CD57low)","CyTOF","Human alphaherpesvirus 1 (HSV1).ea","child",NA,3.27270962615352e-05
"3449","virus_positive",1,3168,1.58997389867919,0.207422714792804,"CD4+ T Cell (EMRA CD57low)","CyTOF","Human alphaherpesvirus 1 (HSV1).ea","child",-0.166238307796516,0.503740878782524
"3450","event_type",11,3168,0.589447533139959,0.839015386519227,"CD4+ T Cell (EMRA CD57low)","CyTOF","Human alphaherpesvirus 1 (HSV1).ea","child",NA,0.873260912499603
"3451","(Intercept)",1,3168,5.48794430961627,0.0192096241879842,"CD4+ T Cell (activated)","CyTOF","Human alphaherpesvirus 1 (HSV1).ea","child",0.71663354166499,0.112191982852198
"3452","trajectory_group",1,3168,12.6360107660386,0.000383916876797397,"CD4+ T Cell (activated)","CyTOF","Human alphaherpesvirus 1 (HSV1).ea","child",0.0570645438518876,0.0013985543369048
"3453","sex",1,3168,0.0206689295043639,0.88569366331599,"CD4+ T Cell (activated)","CyTOF","Human alphaherpesvirus 1 (HSV1).ea","child",NA,0.913799376210645
"3454","discretized_admit_age_quantile",4,3168,7.49708206547699,5.23445794120558e-06,"CD4+ T Cell (activated)","CyTOF","Human alphaherpesvirus 1 (HSV1).ea","child",NA,1.48309641667492e-05
"3455","virus_positive",1,3168,0.00524527890704257,0.94226882062634,"CD4+ T Cell (activated)","CyTOF","Human alphaherpesvirus 1 (HSV1).ea","child",-0.00849758257541722,0.977268043815648
"3456","event_type",11,3168,37.5290364786369,0,"CD4+ T Cell (activated)","CyTOF","Human alphaherpesvirus 1 (HSV1).ea","child",NA,0
"3457","(Intercept)",1,3168,2.22981589620594,0.13546955886756,"CD4+ T Cell (naive)","CyTOF","Human alphaherpesvirus 1 (HSV1).ea","child",0.482944851143923,0.331047806262302
"3458","trajectory_group",1,3168,13.4974230648709,0.000242844561611166,"CD4+ T Cell (naive)","CyTOF","Human alphaherpesvirus 1 (HSV1).ea","child",-0.0634468185464804,0.000952697895551498
"3459","sex",1,3168,31.3676713145254,2.31752119717044e-08,"CD4+ T Cell (naive)","CyTOF","Human alphaherpesvirus 1 (HSV1).ea","child",NA,1.96989301759487e-07
"3460","discretized_admit_age_quantile",4,3168,11.1242317980251,5.826972460099e-09,"CD4+ T Cell (naive)","CyTOF","Human alphaherpesvirus 1 (HSV1).ea","child",NA,2.47646329554208e-08
"3461","virus_positive",1,3168,1.24793567212211,0.26403183278395,"CD4+ T Cell (naive)","CyTOF","Human alphaherpesvirus 1 (HSV1).ea","child",-0.141957644413134,0.578689795963873
"3462","event_type",11,3168,3.87460372323213,1.38269393283874e-05,"CD4+ T Cell (naive)","CyTOF","Human alphaherpesvirus 1 (HSV1).ea","child",NA,2.51847823481342e-05
"3463","(Intercept)",1,3168,0.0944495750342556,0.758615070682489,"CD4+ Treg (CD39hi)","CyTOF","Human alphaherpesvirus 1 (HSV1).ea","child",-0.0997278364128942,0.859763746773488
"3464","trajectory_group",1,3168,4.57689312452912,0.0324821335072262,"CD4+ Treg (CD39hi)","CyTOF","Human alphaherpesvirus 1 (HSV1).ea","child",-0.0367353890765493,0.073803162774756
"3465","sex",1,3168,5.02462543976684,0.0250582999294219,"CD4+ Treg (CD39hi)","CyTOF","Human alphaherpesvirus 1 (HSV1).ea","child",NA,0.0580896952909325
"3466","discretized_admit_age_quantile",4,3168,8.4095262410024,9.56404751062401e-07,"CD4+ Treg (CD39hi)","CyTOF","Human alphaherpesvirus 1 (HSV1).ea","child",NA,2.8692142531872e-06
"3467","virus_positive",1,3168,0.158216011458325,0.690831130575163,"CD4+ Treg (CD39hi)","CyTOF","Human alphaherpesvirus 1 (HSV1).ea","child",-0.0499812082247267,0.952226693495495
"3468","event_type",11,3168,2.96581186224995,0.000633045690240142,"CD4+ Treg (CD39hi)","CyTOF","Human alphaherpesvirus 1 (HSV1).ea","child",NA,0.000949568535360212
"3469","(Intercept)",1,3168,0.178998822153466,0.672263769735925,"CD4+ Treg (CD39low)","CyTOF","Human alphaherpesvirus 1 (HSV1).ea","child",-0.140245641507683,0.836230542842248
"3470","trajectory_group",1,3168,2.41244154532293,0.120474379530286,"CD4+ Treg (CD39low)","CyTOF","Human alphaherpesvirus 1 (HSV1).ea","child",-0.0274652821482682,0.245767734241783
"3471","sex",1,3168,1.82745501382407,0.176524948115856,"CD4+ Treg (CD39low)","CyTOF","Human alphaherpesvirus 1 (HSV1).ea","child",NA,0.264787422173784
"3472","discretized_admit_age_quantile",4,3168,0.468022309494117,0.759263267570651,"CD4+ Treg (CD39low)","CyTOF","Human alphaherpesvirus 1 (HSV1).ea","child",NA,0.776066788519697
"3473","virus_positive",1,3168,0.0702519736763518,0.790987503569523,"CD4+ Treg (CD39low)","CyTOF","Human alphaherpesvirus 1 (HSV1).ea","child",-0.0346585653376383,0.967997516136847
"3474","event_type",11,3168,5.37392783197863,1.64892584031406e-08,"CD4+ Treg (CD39low)","CyTOF","Human alphaherpesvirus 1 (HSV1).ea","child",NA,3.23443145600066e-08
"3475","(Intercept)",1,3168,0.142326460865903,0.706004332216072,"CD4+ Treg (naive)","CyTOF","Human alphaherpesvirus 1 (HSV1).ea","child",0.12109135280949,0.857290974833801
"3476","trajectory_group",1,3168,0.00665558114994001,0.934984471666761,"CD4+ Treg (naive)","CyTOF","Human alphaherpesvirus 1 (HSV1).ea","child",-0.00138872853250333,0.956093983395094
"3477","sex",1,3168,35.0001989125262,3.6485190424429e-09,"CD4+ Treg (naive)","CyTOF","Human alphaherpesvirus 1 (HSV1).ea","child",NA,3.72148942329176e-08
"3478","discretized_admit_age_quantile",4,3168,2.56821811392029,0.0362762786450048,"CD4+ Treg (naive)","CyTOF","Human alphaherpesvirus 1 (HSV1).ea","child",NA,0.0528597203112927
"3479","virus_positive",1,3168,0.0985976464520197,0.753539722200524,"CD4+ Treg (naive)","CyTOF","Human alphaherpesvirus 1 (HSV1).ea","child",-0.0398666825873702,0.967997516136847
"3480","event_type",11,3168,26.1497582197498,0,"CD4+ Treg (naive)","CyTOF","Human alphaherpesvirus 1 (HSV1).ea","child",NA,0
"3481","(Intercept)",1,3168,0.193633073212936,0.659939906800398,"CD8+ NKT Cell","CyTOF","Human alphaherpesvirus 1 (HSV1).ea","child",-0.143566034838919,0.836230542842248
"3482","trajectory_group",1,3168,27.6772167751946,1.52874217507204e-07,"CD8+ NKT Cell","CyTOF","Human alphaherpesvirus 1 (HSV1).ea","child",-0.0916566871633909,7.7965850928674e-07
"3483","sex",1,3168,1.1593767494478,0.281676821487742,"CD8+ NKT Cell","CyTOF","Human alphaherpesvirus 1 (HSV1).ea","child",NA,0.370443493010852
"3484","discretized_admit_age_quantile",4,3168,2.63463633930577,0.0324628796179276,"CD8+ NKT Cell","CyTOF","Human alphaherpesvirus 1 (HSV1).ea","child",NA,0.0486943194268914
"3485","virus_positive",1,3168,2.49865554419273,0.114043361179439,"CD8+ NKT Cell","CyTOF","Human alphaherpesvirus 1 (HSV1).ea","child",0.202990893097732,0.34282042166673
"3486","event_type",11,3168,3.7761077933758,2.11793168310992e-05,"CD8+ NKT Cell","CyTOF","Human alphaherpesvirus 1 (HSV1).ea","child",NA,3.48433922060019e-05
"3487","(Intercept)",1,3168,7.45576529672032,0.00635835697537179,"CD8+ T Cell (CD161+ MAIT)","CyTOF","Human alphaherpesvirus 1 (HSV1).ea","child",0.818101310492317,0.0731769620612988
"3488","trajectory_group",1,3168,43.5376220310307,4.8560599985592e-11,"CD8+ T Cell (CD161+ MAIT)","CyTOF","Human alphaherpesvirus 1 (HSV1).ea","child",-0.104077179512908,3.53798657037885e-10
"3489","sex",1,3168,9.21142571907031,0.00242463924861602,"CD8+ T Cell (CD161+ MAIT)","CyTOF","Human alphaherpesvirus 1 (HSV1).ea","child",NA,0.00727391774584807
"3490","discretized_admit_age_quantile",4,3168,82.5349806384646,0,"CD8+ T Cell (CD161+ MAIT)","CyTOF","Human alphaherpesvirus 1 (HSV1).ea","child",NA,0
"3491","virus_positive",1,3168,2.51809156102659,0.112646516556433,"CD8+ T Cell (CD161+ MAIT)","CyTOF","Human alphaherpesvirus 1 (HSV1).ea","child",-0.188250585608284,0.34282042166673
"3492","event_type",11,3168,11.3507291140433,0,"CD8+ T Cell (CD161+ MAIT)","CyTOF","Human alphaherpesvirus 1 (HSV1).ea","child",NA,0
"3493","(Intercept)",1,3168,0.106691579424569,0.743964206771712,"CD8+ T Cell (CM)","CyTOF","Human alphaherpesvirus 1 (HSV1).ea","child",-0.10400467373259,0.859763746773488
"3494","trajectory_group",1,3168,16.5025611921274,4.97626380686622e-05,"CD8+ T Cell (CM)","CyTOF","Human alphaherpesvirus 1 (HSV1).ea","child",-0.0688619691682985,0.000211491211791814
"3495","sex",1,3168,0.833883410342396,0.361221487067525,"CD8+ T Cell (CM)","CyTOF","Human alphaherpesvirus 1 (HSV1).ea","child",NA,0.45695732278991
"3496","discretized_admit_age_quantile",4,3168,4.99025851257611,0.000521505576632997,"CD8+ T Cell (CM)","CyTOF","Human alphaherpesvirus 1 (HSV1).ea","child",NA,0.00102295324647242
"3497","virus_positive",1,3168,5.11503624156573,0.0237868826057052,"CD8+ T Cell (CM)","CyTOF","Human alphaherpesvirus 1 (HSV1).ea","child",-0.284487707473564,0.173304430412995
"3498","event_type",11,3168,15.9484287965272,0,"CD8+ T Cell (CM)","CyTOF","Human alphaherpesvirus 1 (HSV1).ea","child",NA,0
"3499","(Intercept)",1,3168,0.213286609121799,0.644235209940599,"CD8+ T Cell (EM CD27hi)","CyTOF","Human alphaherpesvirus 1 (HSV1).ea","child",-0.142820923317566,0.836230542842248
"3500","trajectory_group",1,3168,42.5133512529148,8.13964451396032e-11,"CD8+ T Cell (EM CD27hi)","CyTOF","Human alphaherpesvirus 1 (HSV1).ea","child",-0.107621003349974,5.1890233776497e-10
"3501","sex",1,3168,16.0676731914414,6.25269078748936e-05,"CD8+ T Cell (EM CD27hi)","CyTOF","Human alphaherpesvirus 1 (HSV1).ea","child",NA,0.000354319144624397
"3502","discretized_admit_age_quantile",4,3168,6.38477084900747,4.09429771004444e-05,"CD8+ T Cell (EM CD27hi)","CyTOF","Human alphaherpesvirus 1 (HSV1).ea","child",NA,0.000104404591606133
"3503","virus_positive",1,3168,6.82697718346493,0.00902154998888738,"CD8+ T Cell (EM CD27hi)","CyTOF","Human alphaherpesvirus 1 (HSV1).ea","child",-0.316953716148099,0.0920198098866513
"3504","event_type",11,3168,29.8966049979674,0,"CD8+ T Cell (EM CD27hi)","CyTOF","Human alphaherpesvirus 1 (HSV1).ea","child",NA,0
"3505","(Intercept)",1,3168,2.72473665638303,0.0989035391824863,"CD8+ T Cell (EM CD27low)","CyTOF","Human alphaherpesvirus 1 (HSV1).ea","child",0.550662283416295,0.280226694350378
"3506","trajectory_group",1,3168,0.0748833970205574,0.784372744235072,"CD8+ T Cell (EM CD27low)","CyTOF","Human alphaherpesvirus 1 (HSV1).ea","child",-0.00486815422868771,0.833396040749764
"3507","sex",1,3168,3.32862168081613,0.0681780524460684,"CD8+ T Cell (EM CD27low)","CyTOF","Human alphaherpesvirus 1 (HSV1).ea","child",NA,0.119899333612051
"3508","discretized_admit_age_quantile",4,3168,0.522457059950043,0.719246787739675,"CD8+ T Cell (EM CD27low)","CyTOF","Human alphaherpesvirus 1 (HSV1).ea","child",NA,0.764199711973405
"3509","virus_positive",1,3168,2.52241567835225,0.112338318354497,"CD8+ T Cell (EM CD27low)","CyTOF","Human alphaherpesvirus 1 (HSV1).ea","child",-0.2090705641064,0.34282042166673
"3510","event_type",11,3168,1.27330194766615,0.233254348553767,"CD8+ T Cell (EM CD27low)","CyTOF","Human alphaherpesvirus 1 (HSV1).ea","child",NA,0.270362994914594
"3511","(Intercept)",1,3168,0.00338461353082118,0.953610966501034,"CD8+ T Cell (EM CD57hi)","CyTOF","Human alphaherpesvirus 1 (HSV1).ea","child",0.0186448618741537,0.953610966501034
"3512","trajectory_group",1,3168,0.687703090719412,0.407009223443927,"CD8+ T Cell (EM CD57hi)","CyTOF","Human alphaherpesvirus 1 (HSV1).ea","child",0.0141862772599605,0.593928390488946
"3513","sex",1,3168,13.8259995293925,0.000204014828439236,"CD8+ T Cell (EM CD57hi)","CyTOF","Human alphaherpesvirus 1 (HSV1).ea","child",NA,0.0010404756250401
"3514","discretized_admit_age_quantile",4,3168,3.48940749286982,0.0075173582372734,"CD8+ T Cell (EM CD57hi)","CyTOF","Human alphaherpesvirus 1 (HSV1).ea","child",NA,0.0132201817276187
"3515","virus_positive",1,3168,8.66218442572552,0.00327241143299584,"CD8+ T Cell (EM CD57hi)","CyTOF","Human alphaherpesvirus 1 (HSV1).ea","child",-0.370085636283944,0.0445389406047736
"3516","event_type",11,3168,14.9326947580536,0,"CD8+ T Cell (EM CD57hi)","CyTOF","Human alphaherpesvirus 1 (HSV1).ea","child",NA,0
"3517","(Intercept)",1,3168,3.95272820539564,0.046881368711483,"CD8+ T Cell (EMRA CD57hi)","CyTOF","Human alphaherpesvirus 1 (HSV1).ea","child",-0.643663238762419,0.159396653619042
"3518","trajectory_group",1,3168,0.978719979110177,0.32259057950561,"CD8+ T Cell (EMRA CD57hi)","CyTOF","Human alphaherpesvirus 1 (HSV1).ea","child",-0.0171014822507674,0.530713534025358
"3519","sex",1,3168,0.0762587391104951,0.782450987352809,"CD8+ T Cell (EMRA CD57hi)","CyTOF","Human alphaherpesvirus 1 (HSV1).ea","child",NA,0.886777785666517
"3520","discretized_admit_age_quantile",4,3168,6.1945481917884,5.80814737025648e-05,"CD8+ T Cell (EMRA CD57hi)","CyTOF","Human alphaherpesvirus 1 (HSV1).ea","child",NA,0.000141055007563372
"3521","virus_positive",1,3168,2.49716214401648,0.114151477756812,"CD8+ T Cell (EMRA CD57hi)","CyTOF","Human alphaherpesvirus 1 (HSV1).ea","child",-0.201475152144632,0.34282042166673
"3522","event_type",11,3168,16.2135599151549,0,"CD8+ T Cell (EMRA CD57hi)","CyTOF","Human alphaherpesvirus 1 (HSV1).ea","child",NA,0
"3523","(Intercept)",1,3168,2.34840762599501,0.125510904352423,"CD8+ T Cell (EMRA CD57low)","CyTOF","Human alphaherpesvirus 1 (HSV1).ea","child",-0.491445289656384,0.331047806262302
"3524","trajectory_group",1,3168,2.01399990960579,0.155952313925867,"CD8+ T Cell (EMRA CD57low)","CyTOF","Human alphaherpesvirus 1 (HSV1).ea","child",-0.024280218573171,0.294576592971083
"3525","sex",1,3168,25.852072688324,3.90018679574666e-07,"CD8+ T Cell (EMRA CD57low)","CyTOF","Human alphaherpesvirus 1 (HSV1).ea","child",NA,2.4863690822885e-06
"3526","discretized_admit_age_quantile",4,3168,13.2478288528604,1.04853903337698e-10,"CD8+ T Cell (EMRA CD57low)","CyTOF","Human alphaherpesvirus 1 (HSV1).ea","child",NA,5.34754907022261e-10
"3527","virus_positive",1,3168,0.862811948582273,0.353023749626266,"CD8+ T Cell (EMRA CD57low)","CyTOF","Human alphaherpesvirus 1 (HSV1).ea","child",-0.116721315080933,0.720168449237583
"3528","event_type",11,3168,12.81335510986,0,"CD8+ T Cell (EMRA CD57low)","CyTOF","Human alphaherpesvirus 1 (HSV1).ea","child",NA,0
"3529","(Intercept)",1,3168,6.91079949374443,0.0086090543601528,"CD8+ T Cell (activated)","CyTOF","Human alphaherpesvirus 1 (HSV1).ea","child",0.845552071044138,0.0731769620612988
"3530","trajectory_group",1,3168,0.34388112220141,0.557639265390693,"CD8+ T Cell (activated)","CyTOF","Human alphaherpesvirus 1 (HSV1).ea","child",0.0100515043300799,0.727978390083952
"3531","sex",1,3168,2.13984699447308,0.143615402726357,"CD8+ T Cell (activated)","CyTOF","Human alphaherpesvirus 1 (HSV1).ea","child",NA,0.226985511018531
"3532","discretized_admit_age_quantile",4,3168,4.33209200410162,0.00170015351770769,"CD8+ T Cell (activated)","CyTOF","Human alphaherpesvirus 1 (HSV1).ea","child",NA,0.00321140108900342
"3533","virus_positive",1,3168,2.73631015847103,0.0981900923705457,"CD8+ T Cell (activated)","CyTOF","Human alphaherpesvirus 1 (HSV1).ea","child",-0.210066347916448,0.34282042166673
"3534","event_type",11,3168,25.4980913892713,0,"CD8+ T Cell (activated)","CyTOF","Human alphaherpesvirus 1 (HSV1).ea","child",NA,0
"3535","(Intercept)",1,3168,43.0702153250699,6.14648332231127e-11,"CD8+ T Cell (naive)","CyTOF","Human alphaherpesvirus 1 (HSV1).ea","child",1.7027327960227,3.13470649437875e-09
"3536","trajectory_group",1,3168,50.5035755194225,1.46305190185103e-12,"CD8+ T Cell (naive)","CyTOF","Human alphaherpesvirus 1 (HSV1).ea","child",-0.0984401768945487,1.24359411657338e-11
"3537","sex",1,3168,82.7077647683135,0,"CD8+ T Cell (naive)","CyTOF","Human alphaherpesvirus 1 (HSV1).ea","child",NA,0
"3538","discretized_admit_age_quantile",4,3168,336.183234539844,0,"CD8+ T Cell (naive)","CyTOF","Human alphaherpesvirus 1 (HSV1).ea","child",NA,0
"3539","virus_positive",1,3168,0.0752777459096404,0.783819795928134,"CD8+ T Cell (naive)","CyTOF","Human alphaherpesvirus 1 (HSV1).ea","child",-0.0280420226893144,0.967997516136847
"3540","event_type",11,3168,1.7330425882358,0.0604981070552939,"CD8+ T Cell (naive)","CyTOF","Human alphaherpesvirus 1 (HSV1).ea","child",NA,0.0734619871385712
"3541","(Intercept)",1,3168,5.63946744927487,0.0176197641765231,"Conventional DC","CyTOF","Human alphaherpesvirus 1 (HSV1).ea","child",-0.773045888193588,0.112191982852198
"3542","trajectory_group",1,3168,1.55154251643532,0.21299998293403,"Conventional DC","CyTOF","Human alphaherpesvirus 1 (HSV1).ea","child",-0.021652079504959,0.385828927197814
"3543","sex",1,3168,4.38127045231926,0.0364152454176954,"Conventional DC","CyTOF","Human alphaherpesvirus 1 (HSV1).ea","child",NA,0.0773823965126026
"3544","discretized_admit_age_quantile",4,3168,0.944814824832321,0.436854727804536,"Conventional DC","CyTOF","Human alphaherpesvirus 1 (HSV1).ea","child",NA,0.495102024845141
"3545","virus_positive",1,3168,5.183669474996,0.0228665322134635,"Conventional DC","CyTOF","Human alphaherpesvirus 1 (HSV1).ea","child",-0.291251752184991,0.173304430412995
"3546","event_type",11,3168,3.51361903438178,6.5145502737507e-05,"Conventional DC","CyTOF","Human alphaherpesvirus 1 (HSV1).ea","child",NA,0.000100679413321602
"3547","(Intercept)",1,3168,2.22021313674139,0.136313802578595,"Hematopoetic progenitor Cell","CyTOF","Human alphaherpesvirus 1 (HSV1).ea","child",-0.486768518830015,0.331047806262302
"3548","trajectory_group",1,3168,26.285084099878,3.12235849397879e-07,"Hematopoetic progenitor Cell","CyTOF","Human alphaherpesvirus 1 (HSV1).ea","child",0.0894193028346961,1.44763893811744e-06
"3549","sex",1,3168,4.18975940660555,0.0407512108764443,"Hematopoetic progenitor Cell","CyTOF","Human alphaherpesvirus 1 (HSV1).ea","child",NA,0.0799350674884099
"3550","discretized_admit_age_quantile",4,3168,2.95715595535592,0.0188189402894952,"Hematopoetic progenitor Cell","CyTOF","Human alphaherpesvirus 1 (HSV1).ea","child",NA,0.0309601920891695
"3551","virus_positive",1,3168,1.20541953864961,0.272324609865352,"Hematopoetic progenitor Cell","CyTOF","Human alphaherpesvirus 1 (HSV1).ea","child",0.141292006025297,0.578689795963873
"3552","event_type",11,3168,7.73112165355579,2.42916797787984e-13,"Hematopoetic progenitor Cell","CyTOF","Human alphaherpesvirus 1 (HSV1).ea","child",NA,4.95550267487488e-13
"3553","(Intercept)",1,3168,0.31924154198172,0.572103814118361,"ILC","CyTOF","Human alphaherpesvirus 1 (HSV1).ea","child",-0.183005172427616,0.773347738101466
"3554","trajectory_group",1,3168,0.272946847237215,0.601398347807662,"ILC","CyTOF","Human alphaherpesvirus 1 (HSV1).ea","child",0.00902458093153198,0.730269422337875
"3555","sex",1,3168,1.28328373739806,0.257375098647523,"ILC","CyTOF","Human alphaherpesvirus 1 (HSV1).ea","child",NA,0.355670803576717
"3556","discretized_admit_age_quantile",4,3168,1.17319012895516,0.320522587846792,"ILC","CyTOF","Human alphaherpesvirus 1 (HSV1).ea","child",NA,0.380154697213637
"3557","virus_positive",1,3168,3.82781312595882,0.0504963972563059,"ILC","CyTOF","Human alphaherpesvirus 1 (HSV1).ea","child",0.248122551519722,0.300132631690542
"3558","event_type",11,3168,2.13659897715305,0.0152667824871286,"ILC","CyTOF","Human alphaherpesvirus 1 (HSV1).ea","child",NA,0.0199642540216298
"3559","(Intercept)",1,3168,7.158283724098,0.00750024342637878,"Monocytes (CD14+CD16+)","CyTOF","Human alphaherpesvirus 1 (HSV1).ea","child",-0.870745716659729,0.0731769620612988
"3560","trajectory_group",1,3168,9.07276332506341,0.0026149541830387,"Monocytes (CD14+CD16+)","CyTOF","Human alphaherpesvirus 1 (HSV1).ea","child",-0.0523500282541498,0.00833516645843585
"3561","sex",1,3168,5.51915349047467,0.0188704500896096,"Monocytes (CD14+CD16+)","CyTOF","Human alphaherpesvirus 1 (HSV1).ea","child",NA,0.0458282359319091
"3562","discretized_admit_age_quantile",4,3168,9.74389904497225,7.84588054525415e-08,"Monocytes (CD14+CD16+)","CyTOF","Human alphaherpesvirus 1 (HSV1).ea","child",NA,3.07799929083047e-07
"3563","virus_positive",1,3168,0.259710731533982,0.610354452924944,"Monocytes (CD14+CD16+)","CyTOF","Human alphaherpesvirus 1 (HSV1).ea","child",0.0652225836519045,0.881590844761637
"3564","event_type",11,3168,8.47410847573509,6.77236045021345e-15,"Monocytes (CD14+CD16+)","CyTOF","Human alphaherpesvirus 1 (HSV1).ea","child",NA,1.43912659567036e-14
"3565","(Intercept)",1,3168,1.69471786107092,0.193074866371636,"Monocytes (CD14+CD16-)","CyTOF","Human alphaherpesvirus 1 (HSV1).ea","child",-0.365683735895082,0.428122529780584
"3566","trajectory_group",1,3168,160.668078684476,0,"Monocytes (CD14+CD16-)","CyTOF","Human alphaherpesvirus 1 (HSV1).ea","child",0.190116192725847,0
"3567","sex",1,3168,85.572627211404,0,"Monocytes (CD14+CD16-)","CyTOF","Human alphaherpesvirus 1 (HSV1).ea","child",NA,0
"3568","discretized_admit_age_quantile",4,3168,15.403733994211,1.75126579904372e-12,"Monocytes (CD14+CD16-)","CyTOF","Human alphaherpesvirus 1 (HSV1).ea","child",NA,1.27592222501757e-11
"3569","virus_positive",1,3168,9.74121235643494,0.001818048381239,"Monocytes (CD14+CD16-)","CyTOF","Human alphaherpesvirus 1 (HSV1).ea","child",0.345254970217519,0.0445389406047736
"3570","event_type",11,3168,49.3280308921399,0,"Monocytes (CD14+CD16-)","CyTOF","Human alphaherpesvirus 1 (HSV1).ea","child",NA,0
"3571","(Intercept)",1,3168,15.2002121081427,9.86968904103103e-05,"Monocytes (CD14-CD16+)","CyTOF","Human alphaherpesvirus 1 (HSV1).ea","child",-1.08734738330883,0.00251677070546291
"3572","trajectory_group",1,3168,0.0042502693985731,0.948023579886241,"Monocytes (CD14-CD16+)","CyTOF","Human alphaherpesvirus 1 (HSV1).ea","child",-0.000969429531916519,0.956093983395094
"3573","sex",1,3168,7.4529345529589,0.00636834020505817,"Monocytes (CD14-CD16+)","CyTOF","Human alphaherpesvirus 1 (HSV1).ea","child",NA,0.0170939658135772
"3574","discretized_admit_age_quantile",4,3168,5.9387892300297,9.28366861071561e-05,"Monocytes (CD14-CD16+)","CyTOF","Human alphaherpesvirus 1 (HSV1).ea","child",NA,0.000215212317793862
"3575","virus_positive",1,3168,2.15589023913701,0.142123384017734,"Monocytes (CD14-CD16+)","CyTOF","Human alphaherpesvirus 1 (HSV1).ea","child",-0.160254956636867,0.381489083416023
"3576","event_type",11,3168,118.16388991001,0,"Monocytes (CD14-CD16+)","CyTOF","Human alphaherpesvirus 1 (HSV1).ea","child",NA,0
"3577","(Intercept)",1,3168,1.00708872191307,0.315677946081546,"NK Cell (CD56hi CD16low)","CyTOF","Human alphaherpesvirus 1 (HSV1).ea","child",-0.321575504907217,0.574984830362816
"3578","trajectory_group",1,3168,8.88387024031653,0.0028988919486056,"NK Cell (CD56hi CD16low)","CyTOF","Human alphaherpesvirus 1 (HSV1).ea","child",-0.0509839177923984,0.00869667584581679
"3579","sex",1,3168,0.0291549400644201,0.864432682947357,"NK Cell (CD56hi CD16low)","CyTOF","Human alphaherpesvirus 1 (HSV1).ea","child",NA,0.913799376210645
"3580","discretized_admit_age_quantile",4,3168,2.36268486154641,0.0510022217131642,"NK Cell (CD56hi CD16low)","CyTOF","Human alphaherpesvirus 1 (HSV1).ea","child",NA,0.0706930542438967
"3581","virus_positive",1,3168,0.385851166612452,0.534532996795027,"NK Cell (CD56hi CD16low)","CyTOF","Human alphaherpesvirus 1 (HSV1).ea","child",-0.078109327787645,0.851911963642075
"3582","event_type",11,3168,3.78433747681514,2.04399768810593e-05,"NK Cell (CD56hi CD16low)","CyTOF","Human alphaherpesvirus 1 (HSV1).ea","child",NA,3.47479606978007e-05
"3583","(Intercept)",1,3168,5.08524413438,0.0241982708112585,"NK Cell (CD56low CD16hi CD57hi)","CyTOF","Human alphaherpesvirus 1 (HSV1).ea","child",-0.709179501914018,0.112191982852198
"3584","trajectory_group",1,3168,0.320688536987661,0.571234265317493,"NK Cell (CD56low CD16hi CD57hi)","CyTOF","Human alphaherpesvirus 1 (HSV1).ea","child",-0.00950767699725018,0.727978390083952
"3585","sex",1,3168,60.7713646076808,8.65973959207622e-15,"NK Cell (CD56low CD16hi CD57hi)","CyTOF","Human alphaherpesvirus 1 (HSV1).ea","child",NA,1.47215573065296e-13
"3586","discretized_admit_age_quantile",4,3168,46.1115978772484,0,"NK Cell (CD56low CD16hi CD57hi)","CyTOF","Human alphaherpesvirus 1 (HSV1).ea","child",NA,0
"3587","virus_positive",1,3168,3.47292133275308,0.0624735047883719,"NK Cell (CD56low CD16hi CD57hi)","CyTOF","Human alphaherpesvirus 1 (HSV1).ea","child",-0.230067719474333,0.300132631690542
"3588","event_type",11,3168,16.6744019391847,0,"NK Cell (CD56low CD16hi CD57hi)","CyTOF","Human alphaherpesvirus 1 (HSV1).ea","child",NA,0
"3589","(Intercept)",1,3168,0.500246802422685,0.479443722536927,"NK Cell (CD56low CD16hi CD57low)","CyTOF","Human alphaherpesvirus 1 (HSV1).ea","child",-0.228737357708702,0.723160913783961
"3590","trajectory_group",1,3168,4.5350805631014,0.0332837792905762,"NK Cell (CD56low CD16hi CD57low)","CyTOF","Human alphaherpesvirus 1 (HSV1).ea","child",-0.0366710364078369,0.073803162774756
"3591","sex",1,3168,0.248356838255823,0.618269057450183,"NK Cell (CD56low CD16hi CD57low)","CyTOF","Human alphaherpesvirus 1 (HSV1).ea","child",NA,0.733295858836264
"3592","discretized_admit_age_quantile",4,3168,5.50031473865385,0.00020675215615007,"NK Cell (CD56low CD16hi CD57low)","CyTOF","Human alphaherpesvirus 1 (HSV1).ea","child",NA,0.000439348331818898
"3593","virus_positive",1,3168,0.242696539908516,0.622299419831744,"NK Cell (CD56low CD16hi CD57low)","CyTOF","Human alphaherpesvirus 1 (HSV1).ea","child",-0.0629350292290959,0.881590844761637
"3594","event_type",11,3168,9.27388064262235,2.22044604925031e-16,"NK Cell (CD56low CD16hi CD57low)","CyTOF","Human alphaherpesvirus 1 (HSV1).ea","child",NA,5.39251183389362e-16
"3595","(Intercept)",1,3168,0.0451149588637431,0.831806449092706,"Plasmacytoid DC","CyTOF","Human alphaherpesvirus 1 (HSV1).ea","child",0.071493763084021,0.902598487313362
"3596","trajectory_group",1,3168,2.35004715676597,0.125379068751224,"Plasmacytoid DC","CyTOF","Human alphaherpesvirus 1 (HSV1).ea","child",-0.0269782803327328,0.245935865627401
"3597","sex",1,3168,1.64653093961822,0.19952560722815,"Plasmacytoid DC","CyTOF","Human alphaherpesvirus 1 (HSV1).ea","child",NA,0.29073731338959
"3598","discretized_admit_age_quantile",4,3168,0.465860469979885,0.76084979266637,"Plasmacytoid DC","CyTOF","Human alphaherpesvirus 1 (HSV1).ea","child",NA,0.776066788519697
"3599","virus_positive",1,3168,0.248249768375247,0.618344761407661,"Plasmacytoid DC","CyTOF","Human alphaherpesvirus 1 (HSV1).ea","child",-0.0664231317621003,0.881590844761637
"3600","event_type",11,3168,1.40591216500305,0.162837339179651,"Plasmacytoid DC","CyTOF","Human alphaherpesvirus 1 (HSV1).ea","child",NA,0.193132658096796
"3601","(Intercept)",1,3168,0.494209292102076,0.482107275855974,"Tier2_Bcell_Undefined","CyTOF","Human alphaherpesvirus 1 (HSV1).ea","child",0.233160546938714,0.723160913783961
"3602","trajectory_group",1,3168,5.58054129095347,0.0182212442757339,"Tier2_Bcell_Undefined","CyTOF","Human alphaherpesvirus 1 (HSV1).ea","child",-0.0417784337701938,0.0445703071016296
"3603","sex",1,3168,1.27972564026218,0.258035681026246,"Tier2_Bcell_Undefined","CyTOF","Human alphaherpesvirus 1 (HSV1).ea","child",NA,0.355670803576717
"3604","discretized_admit_age_quantile",4,3168,1.6440968325084,0.160331841895307,"Tier2_Bcell_Undefined","CyTOF","Human alphaherpesvirus 1 (HSV1).ea","child",NA,0.199437169186846
"3605","virus_positive",1,3168,0.0276388769324799,0.867971260818678,"Tier2_Bcell_Undefined","CyTOF","Human alphaherpesvirus 1 (HSV1).ea","child",-0.0217596638491666,0.977268043815648
"3606","event_type",11,3168,2.62271907001664,0.00247278278580232,"Tier2_Bcell_Undefined","CyTOF","Human alphaherpesvirus 1 (HSV1).ea","child",NA,0.00340843032637617
"3607","(Intercept)",1,3168,0.0719093698877903,0.788594218428524,"Tier2_NK_Undefined","CyTOF","Human alphaherpesvirus 1 (HSV1).ea","child",0.0904018719897906,0.87431098130119
"3608","trajectory_group",1,3168,0.328582806692039,0.566535461642676,"Tier2_NK_Undefined","CyTOF","Human alphaherpesvirus 1 (HSV1).ea","child",-0.0102831932351114,0.727978390083952
"3609","sex",1,3168,1.15167598794896,0.283280318184769,"Tier2_NK_Undefined","CyTOF","Human alphaherpesvirus 1 (HSV1).ea","child",NA,0.370443493010852
"3610","discretized_admit_age_quantile",4,3168,0.6329795608617,0.638967533203821,"Tier2_NK_Undefined","CyTOF","Human alphaherpesvirus 1 (HSV1).ea","child",NA,0.708420525943366
"3611","virus_positive",1,3168,0.00811565163376902,0.928223844909061,"Tier2_NK_Undefined","CyTOF","Human alphaherpesvirus 1 (HSV1).ea","child",0.012000230845008,0.977268043815648
"3612","event_type",11,3168,2.74411026850302,0.00153664622736283,"Tier2_NK_Undefined","CyTOF","Human alphaherpesvirus 1 (HSV1).ea","child",NA,0.002176915488764
"3613","(Intercept)",1,3168,0.773642209389164,0.37915937102507,"Tier2_Tcell_Undefined","CyTOF","Human alphaherpesvirus 1 (HSV1).ea","child",-0.26179554345386,0.635191461157452
"3614","trajectory_group",1,3168,0.131742109034672,0.716656769773393,"Tier2_Tcell_Undefined","CyTOF","Human alphaherpesvirus 1 (HSV1).ea","child",0.00576899647049624,0.794554244748762
"3615","sex",1,3168,10.1087304889204,0.00148991634147722,"Tier2_Tcell_Undefined","CyTOF","Human alphaherpesvirus 1 (HSV1).ea","child",NA,0.00506571556102253
"3616","discretized_admit_age_quantile",4,3168,1.32259577371497,0.259036328890132,"Tier2_Tcell_Undefined","CyTOF","Human alphaherpesvirus 1 (HSV1).ea","child",NA,0.314544113652303
"3617","virus_positive",1,3168,0.0382333323441356,0.844987888977802,"Tier2_Tcell_Undefined","CyTOF","Human alphaherpesvirus 1 (HSV1).ea","child",-0.0228763569155442,0.977268043815648
"3618","event_type",11,3168,0.777064662036382,0.663505932231317,"Tier2_Tcell_Undefined","CyTOF","Human alphaherpesvirus 1 (HSV1).ea","child",NA,0.704975052995774
"3619","(Intercept)",1,3168,0.0085903627103456,0.926160302391492,"Tier3_CD4_Undefined","CyTOF","Human alphaherpesvirus 1 (HSV1).ea","child",0.0313122269593251,0.953610966501034
"3620","trajectory_group",1,3168,0.814832701443972,0.366763934440454,"Tier3_CD4_Undefined","CyTOF","Human alphaherpesvirus 1 (HSV1).ea","child",-0.0155178349189344,0.566816989589792
"3621","sex",1,3168,0.613111901234869,0.433677052707182,"Tier3_CD4_Undefined","CyTOF","Human alphaherpesvirus 1 (HSV1).ea","child",NA,0.526607849715864
"3622","discretized_admit_age_quantile",4,3168,0.528459405596674,0.714837596226895,"Tier3_CD4_Undefined","CyTOF","Human alphaherpesvirus 1 (HSV1).ea","child",NA,0.764199711973405
"3623","virus_positive",1,3168,0.000812044123193699,0.977268043815648,"Tier3_CD4_Undefined","CyTOF","Human alphaherpesvirus 1 (HSV1).ea","child",-0.00380854564309472,0.977268043815648
"3624","event_type",11,3168,0.449266768563277,0.933796396239733,"Tier3_CD4_Undefined","CyTOF","Human alphaherpesvirus 1 (HSV1).ea","child",NA,0.933796396239733
"3625","(Intercept)",1,3168,0.801620108311487,0.37067744551981,"Tier3_CD8_Undefined","CyTOF","Human alphaherpesvirus 1 (HSV1).ea","child",0.292157589335257,0.635191461157452
"3626","trajectory_group",1,3168,0.0850810824452888,0.770545340345736,"Tier3_CD8_Undefined","CyTOF","Human alphaherpesvirus 1 (HSV1).ea","child",-0.00508155131558742,0.833396040749764
"3627","sex",1,3168,2.86523307327048,0.0906109231245744,"Tier3_CD8_Undefined","CyTOF","Human alphaherpesvirus 1 (HSV1).ea","child",NA,0.154038569311777
"3628","discretized_admit_age_quantile",4,3168,2.35930013044651,0.0512871177847878,"Tier3_CD8_Undefined","CyTOF","Human alphaherpesvirus 1 (HSV1).ea","child",NA,0.0706930542438967
"3629","virus_positive",1,3168,0.578193303032757,0.447077947296876,"Tier3_CD8_Undefined","CyTOF","Human alphaherpesvirus 1 (HSV1).ea","child",-0.0977473604048778,0.838963238752929
"3630","event_type",11,3168,2.25304457533095,0.0100096881469276,"Tier3_CD8_Undefined","CyTOF","Human alphaherpesvirus 1 (HSV1).ea","child",NA,0.0134340551445607
"3631","(Intercept)",1,3168,0.00650434409420825,0.935725782293713,"Tier4_Treg_Undefined","CyTOF","Human alphaherpesvirus 1 (HSV1).ea","child",-0.0272042521305963,0.953610966501034
"3632","trajectory_group",1,3168,0.297904505161942,0.585237529283178,"Tier4_Treg_Undefined","CyTOF","Human alphaherpesvirus 1 (HSV1).ea","child",-0.00936833163554087,0.727978390083952
"3633","sex",1,3168,6.08545975219954,0.0136824278596811,"Tier4_Treg_Undefined","CyTOF","Human alphaherpesvirus 1 (HSV1).ea","child",NA,0.0348901910421868
"3634","discretized_admit_age_quantile",4,3168,0.422466515696539,0.792542638324982,"Tier4_Treg_Undefined","CyTOF","Human alphaherpesvirus 1 (HSV1).ea","child",NA,0.792542638324982
"3635","virus_positive",1,3168,0.282775409775294,0.594925143834743,"Tier4_Treg_Undefined","CyTOF","Human alphaherpesvirus 1 (HSV1).ea","child",-0.0709605546580344,0.881590844761637
"3636","event_type",11,3168,0.459588012595496,0.928294907911256,"Tier4_Treg_Undefined","CyTOF","Human alphaherpesvirus 1 (HSV1).ea","child",NA,0.933796396239733
"3637","(Intercept)",1,3168,0.494537278195551,0.48196195550702,"Tier4_nonTreg_Undefined","CyTOF","Human alphaherpesvirus 1 (HSV1).ea","child",0.230774146929472,0.723160913783961
"3638","trajectory_group",1,3168,0.991414358968268,0.319472982712828,"Tier4_nonTreg_Undefined","CyTOF","Human alphaherpesvirus 1 (HSV1).ea","child",-0.0174492558156675,0.530713534025358
"3639","sex",1,3168,0.812814962451184,0.367357847733065,"Tier4_nonTreg_Undefined","CyTOF","Human alphaherpesvirus 1 (HSV1).ea","child",NA,0.45695732278991
"3640","discretized_admit_age_quantile",4,3168,4.2684159651555,0.00190445646949122,"Tier4_nonTreg_Undefined","CyTOF","Human alphaherpesvirus 1 (HSV1).ea","child",NA,0.0034688314265733
"3641","virus_positive",1,3168,0.0231186832289739,0.879158528565582,"Tier4_nonTreg_Undefined","CyTOF","Human alphaherpesvirus 1 (HSV1).ea","child",0.0196275678333071,0.977268043815648
"3642","event_type",11,3168,3.97379442159852,8.97793401133384e-06,"Tier4_nonTreg_Undefined","CyTOF","Human alphaherpesvirus 1 (HSV1).ea","child",NA,1.69583197991861e-05
"3643","(Intercept)",1,3168,0.0164932915353046,0.897819841760757,"gd T Cell","CyTOF","Human alphaherpesvirus 1 (HSV1).ea","child",-0.0406251674497759,0.953610966501034
"3644","trajectory_group",1,3168,2.81312202841792,0.0935949092822782,"gd T Cell","CyTOF","Human alphaherpesvirus 1 (HSV1).ea","child",-0.0282682220795801,0.198889182224841
"3645","sex",1,3168,0.0117193898489175,0.913799376210645,"gd T Cell","CyTOF","Human alphaherpesvirus 1 (HSV1).ea","child",NA,0.913799376210645
"3646","discretized_admit_age_quantile",4,3168,9.00885692935262,3.11660284801896e-07,"gd T Cell","CyTOF","Human alphaherpesvirus 1 (HSV1).ea","child",NA,1.05964496832645e-06
"3647","virus_positive",1,3168,3.62798345685973,0.0569060975725584,"gd T Cell","CyTOF","Human alphaherpesvirus 1 (HSV1).ea","child",-0.235501550399167,0.300132631690542
"3648","event_type",11,3168,1.97576183202209,0.0268886638109136,"gd T Cell","CyTOF","Human alphaherpesvirus 1 (HSV1).ea","child",NA,0.0342830463589148
"3649","(Intercept)",1,3168,5.26921205939688,0.021770875604339,"Basophil","CyTOF","Human alphaherpesvirus 1 (HSV1).ea","child",-0.618733487701751,0.112191982852198
"3650","trajectory_group",1,3168,5.567951554662,0.0183524793947887,"Basophil","CyTOF","Human alphaherpesvirus 1 (HSV1).ea","child",-0.0338786845707337,0.0445703071016296
"3651","sex",1,3168,4.19894305215442,0.0405313831672305,"Basophil","CyTOF","Human alphaherpesvirus 1 (HSV1).ea","child",NA,0.0799350674884099
"3652","discretized_admit_age_quantile",4,3168,0.988785948967058,0.412277433228349,"Basophil","CyTOF","Human alphaherpesvirus 1 (HSV1).ea","child",NA,0.477867024878313
"3653","virus_positive",1,3168,0.564995390405147,0.452310332965389,"Basophil","CyTOF","Human alphaherpesvirus 1 (HSV1).ea","child",-0.0800164357799082,0.838963238752929
"3654","event_type",11,3168,117.199492341723,0,"Basophil","CyTOF","Human alphaherpesvirus 1 (HSV1).ea","child",NA,0
"3655","(Intercept)",1,3168,2.07425431900273,0.149901950353689,"Eosinophil","CyTOF","Human alphaherpesvirus 1 (HSV1).ea","child",-0.432531579690307,0.347499975819917
"3656","trajectory_group",1,3168,0.137686352138458,0.71061682250812,"Eosinophil","CyTOF","Human alphaherpesvirus 1 (HSV1).ea","child",0.00594510560363668,0.794554244748762
"3657","sex",1,3168,4.51870461750671,0.0336033547066887,"Eosinophil","CyTOF","Human alphaherpesvirus 1 (HSV1).ea","child",NA,0.0745117865235272
"3658","discretized_admit_age_quantile",4,3168,2.88197883660969,0.0213867828499494,"Eosinophil","CyTOF","Human alphaherpesvirus 1 (HSV1).ea","child",NA,0.0340851851671069
"3659","virus_positive",1,3168,3.41410829327007,0.0647344891881562,"Eosinophil","CyTOF","Human alphaherpesvirus 1 (HSV1).ea","child",0.218877666630691,0.300132631690542
"3660","event_type",11,3168,48.306600426199,0,"Eosinophil","CyTOF","Human alphaherpesvirus 1 (HSV1).ea","child",NA,0
"3661","(Intercept)",1,3168,0.43326324119063,0.510439883261176,"Neutrophil (CD16hi)","CyTOF","Human alphaherpesvirus 1 (HSV1).ea","child",0.20112625208927,0.724802450554391
"3662","trajectory_group",1,3168,42.2636718319155,9.23240373040812e-11,"Neutrophil (CD16hi)","CyTOF","Human alphaherpesvirus 1 (HSV1).ea","child",0.105977043294529,5.23169544723127e-10
"3663","sex",1,3168,10.8614190921958,0.000992700381233336,"Neutrophil (CD16hi)","CyTOF","Human alphaherpesvirus 1 (HSV1).ea","child",NA,0.00361626567449287
"3664","discretized_admit_age_quantile",4,3168,11.9751431610204,1.16733656074786e-09,"Neutrophil (CD16hi)","CyTOF","Human alphaherpesvirus 1 (HSV1).ea","child",NA,5.41219678164915e-09
"3665","virus_positive",1,3168,0.0017797574399646,0.966352147653602,"Neutrophil (CD16hi)","CyTOF","Human alphaherpesvirus 1 (HSV1).ea","child",0.00508440024362875,0.977268043815648
"3666","event_type",11,3168,22.5161292192251,0,"Neutrophil (CD16hi)","CyTOF","Human alphaherpesvirus 1 (HSV1).ea","child",NA,0
"3667","(Intercept)",1,3168,3.29089526324722,0.0697595874185635,"Neutrophil (CD16low)","CyTOF","Human alphaherpesvirus 1 (HSV1).ea","child",-0.57004946927335,0.20927876225569
"3668","trajectory_group",1,3168,59.9161820043968,1.32116539930394e-14,"Neutrophil (CD16low)","CyTOF","Human alphaherpesvirus 1 (HSV1).ea","child",0.129574842383488,2.24598117881669e-13
"3669","sex",1,3168,0.199352502484685,0.655274512835541,"Neutrophil (CD16low)","CyTOF","Human alphaherpesvirus 1 (HSV1).ea","child",NA,0.75952273078665
"3670","discretized_admit_age_quantile",4,3168,2.08916365632211,0.0796216594484089,"Neutrophil (CD16low)","CyTOF","Human alphaherpesvirus 1 (HSV1).ea","child",NA,0.104120631586381
"3671","virus_positive",1,3168,12.8991645506721,0.000333723236677574,"Neutrophil (CD16low)","CyTOF","Human alphaherpesvirus 1 (HSV1).ea","child",0.445692623427806,0.0170198850705563
"3672","event_type",11,3168,17.6836621239005,0,"Neutrophil (CD16low)","CyTOF","Human alphaherpesvirus 1 (HSV1).ea","child",NA,0
