"Taxa","TG.adj.P","coefficient","Phylo_level","TG.adj.P.adj"
"Viruses",3.64816510334265e-09,4.28059129117242,"superkingdom",1.82408255167132e-08
"Orthornavirae",2.11104878022894e-09,4.41450256312751,"kingdom",2.74436341429762e-08
"Pisuviricota",1.23094612280994e-08,4.36489669794499,"phylum",9.10900130879355e-07
"Pisoniviricetes",8.13208189676118e-09,4.4341609500808,"class",1.39871808624292e-06
"Nidovirales",7.76705999516736e-09,4.4446263109726,"order",3.07575575808627e-06
"Coronaviridae",7.76705999516736e-09,4.4446263109726,"family",6.71850689581976e-06
"Betacoronavirus",7.76469244456734e-09,4.4446519387146,"genus",1.7462793307832e-05
"Archaea",0.15973444901869,-0.127724907690224,"superkingdom",0.277814975254873
"Archaea",0.15973444901869,-0.127724907690224,"kingdom",0.433391361397601
"Shotokuvirae",0.124321080915631,0.0394713782654409,"kingdom",0.433391361397601
"Viridiplantae",0.160644893255119,0.620170867458568,"kingdom",0.433391361397601
"Bacteria",0.384625679811084,-0.481287398552296,"superkingdom",0.480782099763854
"Metazoa",0.231592102745492,0.450620773680106,"kingdom",0.5017828892819
"Heunggongvirae",0.307375038825321,-0.246116740113428,"kingdom",0.53473114857372
"Viruses",0.329065322199212,-0.00295653812037718,"kingdom",0.53473114857372
"Bacteria",0.384625679811084,-0.481287398552296,"kingdom",0.540965941310294
"Fungi",0.499353176594118,-0.407000779288088,"kingdom",0.540965941310294
"Loebvirae",0.479286465107621,-0.000750279916131949,"kingdom",0.540965941310294
"Pararnavirae",0.430422852485029,-0.0242757514214943,"kingdom",0.540965941310294
"Aaosphaeria",0.368168952501729,-0.000411339066872126,"genus",0.727156202264936
"Abies",0.214760951830907,0.155229199929194,"genus",0.727156202264936
"Abiotrophia",0.279615365504632,-0.170676007311804,"genus",0.727156202264936
"Abrus",0.218411177068587,0.0782729056089384,"genus",0.727156202264936
"Absidia",0.214405117179668,0.00133767600076728,"genus",0.727156202264936
"Acalypha",0.504755584987306,-0.000526351071880339,"genus",0.727156202264936
"Acanthamoeba",0.292852392361194,0.0433275911113856,"genus",0.727156202264936
"Acaromyces",0.117234219536308,0.0917703839034774,"genus",0.727156202264936
"Acaryochloris",0.479286469604316,-0.00240422688650562,"genus",0.727156202264936
"Acetoanaerobium",0.0696457790927933,0.0511157170589018,"genus",0.727156202264936
"Acetobacterium",0.17826281555942,-0.0102000691178874,"genus",0.727156202264936
"Acholeplasma",0.479286471950554,-0.00392662090677277,"genus",0.727156202264936
"Acidaminococcus",0.335087468895053,0.0156105154806133,"genus",0.727156202264936
"Acidibrevibacterium",0.237609757538983,-0.0288195486824922,"genus",0.727156202264936
"Acidimangrovimonas",0.479286469604114,-0.00231152052160777,"genus",0.727156202264936
"Acidimicrobium",0.51892979347674,-0.000475087730938485,"genus",0.727156202264936
"Acidiphilium",0.416640851029361,-0.0169467945513978,"genus",0.727156202264936
"Acidisarcina",0.479286465108295,-0.000378930480776853,"genus",0.727156202264936
"Acidithiobacillus",0.468615121833695,-0.0311591610080305,"genus",0.727156202264936
"Acidobacterium",0.330830910951175,-0.0176182645269482,"genus",0.727156202264936
"Acidocella",0.315676872283178,-0.00863956247884985,"genus",0.727156202264936
"Acidomyces",0.479286469604856,-0.0310185632855631,"genus",0.727156202264936
"Acidothermus",0.479286456493983,-0.000143952400456542,"genus",0.727156202264936
"Acidovorax",0.338724142878748,-0.228629636338721,"genus",0.727156202264936
"Acremonium",0.318331294769667,-0.190885806960991,"genus",0.727156202264936
"Actaea",0.159406079327452,0.0262819160220756,"genus",0.727156202264936
"Actinia",0.518929796545918,-0.00216594967195326,"genus",0.727156202264936
"Actinidia",0.157709829317268,0.0153940432004856,"genus",0.727156202264936
"Actinoallomurus",0.256479766979132,0.0299908487586854,"genus",0.727156202264936
"Actinoalloteichus",0.475904825129541,-0.020160415013982,"genus",0.727156202264936
"Actinokineospora",0.479286473814121,-0.00622513091808924,"genus",0.727156202264936
"Actinomarinicola",0.433705301108933,0.0590693626265828,"genus",0.727156202264936
"Actinomyces",0.315162261110651,0.427466297673254,"genus",0.727156202264936
"Actinophytocola",0.47928646960419,-0.00181672644589054,"genus",0.727156202264936
"Actinopolymorpha",0.0930453348074758,0.0449423233466854,"genus",0.727156202264936
"Actinosynnema",0.153276054246688,0.0468856338746477,"genus",0.727156202264936
"Actinotalea",0.301548473612723,0.0474322070422622,"genus",0.727156202264936
"Actinotignum",0.165124165998581,-0.19104710381955,"genus",0.727156202264936
"Adenocalymma",0.476582094340308,-0.037252085852082,"genus",0.727156202264936
"Advenella",0.130725454574737,0.0302181303902938,"genus",0.727156202264936
"Aequorivita",0.14997672919304,0.0053788164500468,"genus",0.727156202264936
"Aeromonas",0.280737742020431,-0.176503696645932,"genus",0.727156202264936
"Afipia",0.155811946494627,-0.16754241265252,"genus",0.727156202264936
"Agaricus",0.518560281131082,-0.0385224458903165,"genus",0.727156202264936
"Aggregatibacter",0.301356568255965,0.151685588801844,"genus",0.727156202264936
"Aggregicoccus",0.471024141637671,-0.000287503631660209,"genus",0.727156202264936
"Agreia",0.149976426822951,0.000456312149942769,"genus",0.727156202264936
"Agrococcus",0.289668661347524,-0.125889394784915,"genus",0.727156202264936
"Agrocybe",0.518929796251729,-0.00254495918801142,"genus",0.727156202264936
"Agromyces",0.261799019453877,-0.13787872664975,"genus",0.727156202264936
"Agrostis",0.255183531614142,-0.0501983688041601,"genus",0.727156202264936
"Ahniella",0.471024141365996,-0.000623641446475568,"genus",0.727156202264936
"Akanthomyces",0.278122026487093,-0.0219445747314564,"genus",0.727156202264936
"Akkermansia",0.316671417733669,-0.0308468886823899,"genus",0.727156202264936
"Albugo",0.0693637976868964,0.0563591821955,"genus",0.727156202264936
"Alcanivorax",0.16212052836817,-0.0672080383383382,"genus",0.727156202264936
"Algoriphagus",0.232176427821107,-0.0306928015050858,"genus",0.727156202264936
"Alicyclobacillus",0.217513960573285,-0.0485942673195922,"genus",0.727156202264936
"Alienimonas",0.149976425435112,0.000320039012614074,"genus",0.727156202264936
"Aliivibrio",0.518929795144632,-0.000927250237834096,"genus",0.727156202264936
"Alisma",0.486290990023141,-0.00429511861270255,"genus",0.727156202264936
"Aliterella",0.0627314411565962,0.0352543337340512,"genus",0.727156202264936
"Alkalibacterium",0.479286456492163,-0.000127088144203387,"genus",0.727156202264936
"Alkalihalobacillus",0.450284128264062,-0.02950064615334,"genus",0.727156202264936
"Alkalilimnicola",0.105320983377531,-0.0792400142778278,"genus",0.727156202264936
"Allexivirus",0.462014908960732,-0.00610738238307624,"genus",0.727156202264936
"Allochromatium",0.518929797503002,-0.00540397827343176,"genus",0.727156202264936
"Alloiococcus",0.426807966706293,-0.00329519099159525,"genus",0.727156202264936
"Allokutzneria",0.31621559704496,0.0281406473851737,"genus",0.727156202264936
"Alloprevotella",0.0800075368581806,0.599175526642315,"genus",0.727156202264936
"Alloscardovia",0.517885553038462,-0.0527578383870432,"genus",0.727156202264936
"Alloteropsis",0.504755586475934,-0.0131444672036212,"genus",0.727156202264936
"Alnus",0.145950690257222,0.00403754227379233,"genus",0.727156202264936
"Aloe",0.104166088976278,0.00322754976304188,"genus",0.727156202264936
"Alphacoronavirus",0.479286471950587,-0.0130548708962814,"genus",0.727156202264936
"Alphaendornavirus",0.268091732690132,-0.131439890692958,"genus",0.727156202264936
"Alphapapillomavirus",0.137857487963632,0.00637933446030737,"genus",0.727156202264936
"Alphapartitivirus",0.411899454050765,-0.00138375765792434,"genus",0.727156202264936
"Alphatorquevirus",0.504755584729349,-0.00170118719010011,"genus",0.727156202264936
"Altererythrobacter",0.106979976489026,-0.131374305923608,"genus",0.727156202264936
"Alternaria",0.327547501712731,-0.150070631373692,"genus",0.727156202264936
"Alteromonas",0.510688790866576,0.0193965711418124,"genus",0.727156202264936
"Amaricoccus",0.479286603131575,-0.000309136098133448,"genus",0.727156202264936
"Amblyseius",0.504755584829046,-0.000227661948505563,"genus",0.727156202264936
"Amborella",0.107698120831866,0.0638218709519373,"genus",0.727156202264936
"Aminipila",0.203155208600212,-0.0364013579051152,"genus",0.727156202264936
"Aminobacterium",0.479286469604114,-0.00231152052160777,"genus",0.727156202264936
"Ammopiptanthus",0.0854987573410659,0.0852129574242087,"genus",0.727156202264936
"Amnibacterium",0.328345845835646,-0.00173805418498522,"genus",0.727156202264936
"Amniculibacterium",0.441634300455326,-0.0326519843114047,"genus",0.727156202264936
"Amorphotheca",0.159406081932433,0.00100013390529299,"genus",0.727156202264936
"Amphibacillus",0.0694692430169109,0.00842709894803025,"genus",0.727156202264936
"Anabaena",0.461250509385468,-0.0291019974500962,"genus",0.727156202264936
"Anabaenopsis",0.403544361458005,-0.00619387314225836,"genus",0.727156202264936
"Anaerobacillus",0.362885346693938,-0.00304229095039659,"genus",0.727156202264936
"Anaerobiospirillum",0.479286603098377,-0.000190060503644775,"genus",0.727156202264936
"Anaerobutyricum",0.351631463142092,0.0581060771003469,"genus",0.727156202264936
"Anaerococcus",0.274772078825982,-0.504417443094295,"genus",0.727156202264936
"Anaerocolumna",0.060596961842176,0.0834980681812345,"genus",0.727156202264936
"Anaerolinea",0.201225934194224,-0.0099704416186296,"genus",0.727156202264936
"Anaeromyxobacter",0.334354232115978,-0.0489121798019952,"genus",0.727156202264936
"Anaerostipes",0.412475298036274,0.0718526512865082,"genus",0.727156202264936
"Anaerotignum",0.0776459800633521,0.0189779642126497,"genus",0.727156202264936
"Ananas",0.362326543989166,0.015341322578635,"genus",0.727156202264936
"Ancylobacter",0.177717022753759,-0.0483607372253199,"genus",0.727156202264936
"Andropogon",0.479286471950478,-0.00420585558421891,"genus",0.727156202264936
"Aneurinibacillus",0.36941615203837,0.0384644120059123,"genus",0.727156202264936
"Angustibacter",0.47928660314654,-0.000309901576562857,"genus",0.727156202264936
"Annulohypoxylon",0.104166277895041,0.000428099771387981,"genus",0.727156202264936
"Antarctobacter",0.518929796582762,-0.00423937071833292,"genus",0.727156202264936
"Aparavirus",0.504755586058757,-0.0110155091139475,"genus",0.727156202264936
"Aphanizomenon",0.11881952110774,0.00542832622832134,"genus",0.727156202264936
"Aphanomyces",0.173564733356275,0.0336241571863365,"genus",0.727156202264936
"Apibacter",0.154972618768112,0.018761078606577,"genus",0.727156202264936
"Apilactobacillus",0.159406081934987,0.00102439843154543,"genus",0.727156202264936
"Apis",0.159406078978991,0.0125827842117934,"genus",0.727156202264936
"Aplosporella",0.225642736134179,0.0193034547136152,"genus",0.727156202264936
"Aplysia",0.479286473814126,-0.0084328089731172,"genus",0.727156202264936
"Aquabacterium",0.475380365831162,-0.19218312928571,"genus",0.727156202264936
"Aquiflexum",0.479286465107522,-0.00112717379892141,"genus",0.727156202264936
"Aquiluna",0.345774270333836,-0.0356888034993337,"genus",0.727156202264936
"Aquimarina",0.342791966716037,0.0217011233043858,"genus",0.727156202264936
"Aquisphaera",0.421690739726979,-0.0345341580273111,"genus",0.727156202264936
"Aquitalea",0.166199136383415,0.103720384976067,"genus",0.727156202264936
"Arabidopsis",0.177633815437681,0.0840608297313577,"genus",0.727156202264936
"Arabis",0.441844502246942,-0.0226622120443867,"genus",0.727156202264936
"Arachidicoccus",0.303187867988837,-0.0332488969984525,"genus",0.727156202264936
"Araucaria",0.214405117179668,0.0205609581536345,"genus",0.727156202264936
"Archangium",0.440087649900714,-0.00364795948723437,"genus",0.727156202264936
"Arcticibacterium",0.149976729757365,0.00373168682788704,"genus",0.727156202264936
"Arenibacter",0.149976730934806,0.00194709779245505,"genus",0.727156202264936
"Arenimonas",0.214724906450019,-0.0584563438413926,"genus",0.727156202264936
"Argiope",0.479286469604173,-0.00147759316380585,"genus",0.727156202264936
"Arhodomonas",0.3179757270332,-0.000243556049481375,"genus",0.727156202264936
"Armillaria",0.232542688497362,-0.0505378146632159,"genus",0.727156202264936
"Aromatoleum",0.113868492379206,-0.0244922622932274,"genus",0.727156202264936
"Artemisia",0.0649175610128198,-0.016420613449936,"genus",0.727156202264936
"Arthrocladium",0.30017899268734,-0.084780199507142,"genus",0.727156202264936
"Arthroderma",0.233307820393811,0.00367249979145829,"genus",0.727156202264936
"Arthropodium",0.479286603132475,-0.000200213653125571,"genus",0.727156202264936
"Asaia",0.259518468410138,0.0551723421065686,"genus",0.727156202264936
"Asclepias",0.0753509447742116,0.011175511908853,"genus",0.727156202264936
"Ascochyta",0.156763657155142,0.00512342874901592,"genus",0.727156202264936
"Ascosphaera",0.148411623588061,0.037226787105838,"genus",0.727156202264936
"Asteropeia",0.159406081935914,0.000322083600427249,"genus",0.727156202264936
"Atalantia",0.050528590542547,0.00961248446191837,"genus",0.727156202264936
"Atta",0.479286544301139,-0.000901447103349996,"genus",0.727156202264936
"Aulosira",0.479286471950486,-0.0127150316756324,"genus",0.727156202264936
"Aurantiacibacter",0.250773220989683,-0.0193874764754573,"genus",0.727156202264936
"Auraticoccus",0.42116728433182,0.0434522729765193,"genus",0.727156202264936
"Aureitalea",0.149976729010731,0.00615714804208442,"genus",0.727156202264936
"Auxenochlorella",0.137857488021265,0.00460000171182033,"genus",0.727156202264936
"Avena",0.266279759629893,-0.00408064356097824,"genus",0.727156202264936
"Avibacterium",0.391567042645112,-0.00924025651548253,"genus",0.727156202264936
"Azoarcus",0.496920502301229,-0.0622079498566294,"genus",0.727156202264936
"Azohydromonas",0.471024141454249,-0.000457539674830829,"genus",0.727156202264936
"Azorhizobium",0.202057334426391,-0.0481057458568762,"genus",0.727156202264936
"Azospira",0.474585023390365,0.028808491451314,"genus",0.727156202264936
"Azotobacter",0.452673694565607,0.0899037721534823,"genus",0.727156202264936
"Azovibrio",0.399150490161094,-0.00183876829973815,"genus",0.727156202264936
"Bacillus",0.22017667832342,0.254259829294767,"genus",0.727156202264936
"Bacterioplanes",0.518929796545918,-0.00216594967195326,"genus",0.727156202264936
"Bactrocera",0.479286473814142,-0.00591218989268538,"genus",0.727156202264936
"Baoshanvirus",0.357893153482703,-0.00566051359267466,"genus",0.727156202264936
"Barnesiella",0.318269922168665,0.036203573244951,"genus",0.727156202264936
"Barrientosiimonas",0.479286456493306,-0.000253520823623656,"genus",0.727156202264936
"Bartonella",0.182510037726585,0.0603802922669905,"genus",0.727156202264936
"Basfia",0.149976729410753,0.00457109817099754,"genus",0.727156202264936
"Basilea",0.504755564337413,-0.00633212790021679,"genus",0.727156202264936
"Baudoinia",0.283908253249632,-0.0261290278684982,"genus",0.727156202264936
"Bauhinia",0.159406079744364,0.00638356889654856,"genus",0.727156202264936
"Bdellovibrio",0.233436466333794,-0.0556846305650036,"genus",0.727156202264936
"Beauveria",0.333907882413557,-0.111264091275848,"genus",0.727156202264936
"Beggiatoa",0.154253028849702,0.0212579989732398,"genus",0.727156202264936
"Begomovirus",0.504755585024704,-0.00034445149942548,"genus",0.727156202264936
"Beijerinckia",0.182627601936071,-0.0266856324329645,"genus",0.727156202264936
"Belliella",0.230703013597234,0.0465410062766743,"genus",0.727156202264936
"Belnapia",0.50475558487395,-0.00102617612283567,"genus",0.727156202264936
"Bemisia",0.479286469604145,-0.0230757114032851,"genus",0.727156202264936
"Bergeyella",0.433469697488077,0.0655708560879281,"genus",0.727156202264936
"Bermanella",0.29185778994258,-0.00156499099971845,"genus",0.727156202264936
"Bernardetia",0.518929794684091,-0.00135859853725915,"genus",0.727156202264936
"Beta",0.168756714920915,0.0600762732449399,"genus",0.727156202264936
"Betapapillomavirus",0.182286416322782,0.0336789924753018,"genus",0.727156202264936
"Betapartitivirus",0.39928136630513,0.000467794739939254,"genus",0.727156202264936
"Bhargavaea",0.486290990008017,-0.00461638120439513,"genus",0.727156202264936
"Bibersteinia",0.326572252662989,0.0197268971964226,"genus",0.727156202264936
"Bidens",0.159406080514946,0.00357171713654608,"genus",0.727156202264936
"Bifseptvirus",0.479286474484606,-0.00720320830344214,"genus",0.727156202264936
"Bilophila",0.214405117179668,0.00210207238815963,"genus",0.727156202264936
"Biomphalaria",0.479286456492163,-0.000127088144203387,"genus",0.727156202264936
"Bipalium",0.479286465107118,-0.0429700017072349,"genus",0.727156202264936
"Bipolaris",0.491190376020177,-0.0488164168414589,"genus",0.727156202264936
"Bisgaardia",0.333863963266813,-0.000790711741292731,"genus",0.727156202264936
"Blastochloris",0.304701661830841,-0.0368551754136147,"genus",0.727156202264936
"Blastocystis",0.199183707422834,0.00121046513652234,"genus",0.727156202264936
"Blastomonas",0.44175733939047,-0.0488464356050778,"genus",0.727156202264936
"Blastomyces",0.255009508200873,-0.129971101587523,"genus",0.727156202264936
"Blastopirellula",0.403794843737358,-0.0113402777425763,"genus",0.727156202264936
"Blattabacterium",0.290859061763623,0.00423524325264277,"genus",0.727156202264936
"Blautia",0.181344080560268,0.188364839034321,"genus",0.727156202264936
"Blumeria",0.0398431168320279,0.0700103639341934,"genus",0.727156202264936
"Boechera",0.479286469604114,-0.00231152052160777,"genus",0.727156202264936
"Bogoriella",0.479286469604173,-0.00147759316380585,"genus",0.727156202264936
"Boletus",0.149976426044418,0.000341688873738486,"genus",0.727156202264936
"Bombax",0.159406080515058,0.00269494138162118,"genus",0.727156202264936
"Bombilactobacillus",0.33504088963969,-0.00109603210263796,"genus",0.727156202264936
"Bombyx",0.288993429274399,0.0143520294262072,"genus",0.727156202264936
"Bondarzewia",0.479286474321662,-0.00684727996593493,"genus",0.727156202264936
"Bonnellvirus",0.159406078912663,0.0133074102272959,"genus",0.727156202264936
"Bordetella",0.40833054471038,-0.118553911194842,"genus",0.727156202264936
"Bosea",0.411042897552431,-0.146708737876709,"genus",0.727156202264936
"Boseongicola",0.342241133213591,-0.00474539348890752,"genus",0.727156202264936
"Botrimarina",0.479286465108137,-0.00030655589487308,"genus",0.727156202264936
"Botrydiopsis",0.486290990036274,-0.00402119615781724,"genus",0.727156202264936
"Botrytis",0.367388317583091,-0.0393714411982395,"genus",0.727156202264936
"Bougainvillea",0.479286465107757,-0.000285963479514748,"genus",0.727156202264936
"Brachyspira",0.47272287523189,-0.0119217506459861,"genus",0.727156202264936
"Bradymyces",0.479286469604114,-0.00231152052160777,"genus",0.727156202264936
"Bradysia",0.0965553956039525,0.106860659704334,"genus",0.727156202264936
"Brasilonema",0.296553705413227,0.0101251802876488,"genus",0.727156202264936
"Brenneria",0.420263219193623,-0.0239549609825806,"genus",0.727156202264936
"Breoghania",0.435962258776536,-0.0152481424621343,"genus",0.727156202264936
"Brettanomyces",0.0818540434713471,0.0810256269909533,"genus",0.727156202264936
"Brevirhabdus",0.435406871583351,-0.0292795640556939,"genus",0.727156202264936
"Brussowvirus",0.114613573533381,0.0265355331589357,"genus",0.727156202264936
"Bruynoghevirus",0.214405117179668,0.000871070337635155,"genus",0.727156202264936
"Bryonia",0.50475558502309,-0.00057733215896,"genus",0.727156202264936
"Buchnera",0.135495249329498,-0.128808323894831,"genus",0.727156202264936
"Bulleidia",0.159406081934987,0.00102439843154543,"genus",0.727156202264936
"Butomus",0.137857487911487,0.0100172276859512,"genus",0.727156202264936
"Buttiauxella",0.267769559181758,-0.00281781627604668,"genus",0.727156202264936
"Butyricimonas",0.327573385010027,-0.0453588239560009,"genus",0.727156202264936
"Caballeronia",0.264870344171364,0.0376389127771127,"genus",0.727156202264936
"Cadophora",0.252850264075026,-0.00219651198392067,"genus",0.727156202264936
"Caenimonas",0.479286456492163,-0.000127088144203387,"genus",0.727156202264936
"Cajanus",0.38355237025067,0.0403530127770885,"genus",0.727156202264936
"Caldicellulosiruptor",0.510575577263753,-0.00887115527921369,"genus",0.727156202264936
"Caldilinea",0.270361210204344,0.0188649485940277,"genus",0.727156202264936
"Caldimonas",0.240672435477262,-0.0087623491816753,"genus",0.727156202264936
"Calidifontibacter",0.327618955387277,-0.000689088046293593,"genus",0.727156202264936
"Calidithermus",0.361087768057657,-0.0121954555217674,"genus",0.727156202264936
"Callicarpa",0.479286469604114,-0.00231152052160777,"genus",0.727156202264936
"Calliphora",0.479286465108196,-0.000456550961909266,"genus",0.727156202264936
"Callitropsis",0.214405117179668,0.0155819921498419,"genus",0.727156202264936
"Calocedrus",0.214405117179668,0.0247855962957196,"genus",0.727156202264936
"Calocera",0.504755585177287,-0.000114484044714885,"genus",0.727156202264936
"Caloramator",0.479286474147625,-0.0079140144667142,"genus",0.727156202264936
"Caloranaerobacter",0.259781443577374,0.0362869478476177,"genus",0.727156202264936
"Camelina",0.370346960112313,0.00519073067046522,"genus",0.727156202264936
"Camellia",0.444739122183347,-0.0696466522430027,"genus",0.727156202264936
"Campylobacter",0.420645383028412,0.274378897700623,"genus",0.727156202264936
"Candida",0.462400644052649,-0.0312559456272681,"genus",0.727156202264936
"Candidatus Accumulibacter",0.175147549064019,0.152416376610566,"genus",0.727156202264936
"Candidatus Arthromitus",0.159406081935411,0.000518472268605523,"genus",0.727156202264936
"Candidatus Babela",0.479286456493403,-0.000269368159575425,"genus",0.727156202264936
"Candidatus Brocadia",0.154253028848014,0.0338045847468745,"genus",0.727156202264936
"Candidatus Cardinium",0.137857487654984,0.0126269958405667,"genus",0.727156202264936
"Candidatus Fonsibacter",0.446006240887125,-0.00417021007948261,"genus",0.727156202264936
"Candidatus Glomeribacter",0.504755585027853,-0.000266666076456377,"genus",0.727156202264936
"Candidatus Hodgkinia",0.518929794684091,-0.00135859853725915,"genus",0.727156202264936
"Candidatus Karelsulcia",0.0934505338661645,0.0336605319922544,"genus",0.727156202264936
"Candidatus Methylopumilus",0.159406081934987,0.00102439843154543,"genus",0.727156202264936
"Candidatus Methylospira",0.486290989987796,-0.00152099160016135,"genus",0.727156202264936
"Candidatus Nanosynbacter",0.462613603236437,-0.0270185768245259,"genus",0.727156202264936
"Candidatus Nitrosacidococcus",0.148917169527796,0.0139415842673728,"genus",0.727156202264936
"Candidatus Nitrosocosmicus",0.471024141430904,-0.000521498017118187,"genus",0.727156202264936
"Candidatus Nitrosoglobus",0.504755584917978,-0.000448303187893592,"genus",0.727156202264936
"Candidatus Nitrotoga",0.0449050891539903,0.0351983562635464,"genus",0.727156202264936
"Candidatus Paracaedibacter",0.461220568184931,-0.0232898686563559,"genus",0.727156202264936
"Candidatus Phytoplasma",0.377473245957643,-0.000994431007298641,"genus",0.727156202264936
"Candidatus Planktophila",0.479286469604346,-0.026328414623709,"genus",0.727156202264936
"Candidatus Promineifilum",0.275112970171332,-0.0198151185694151,"genus",0.727156202264936
"Candidatus Regiella",0.471024141771329,-0.000211943887916073,"genus",0.727156202264936
"Candidatus Saccharimonas",0.00988837973263301,0.0240829400915327,"genus",0.727156202264936
"Candidatus Solibacter",0.456952341308024,-0.00758213877578553,"genus",0.727156202264936
"Candidatus Symbiobacter",0.504755586833731,-0.00239026572171772,"genus",0.727156202264936
"Candidatus Tenderia",0.351132115884086,-0.0106138721324716,"genus",0.727156202264936
"Candidatus Thioglobus",0.504755587090667,-0.00235531902346809,"genus",0.727156202264936
"Cannabis",0.475357980325928,0.0747159038748182,"genus",0.727156202264936
"Cantharellus",0.504755584829046,-0.000227661948505563,"genus",0.727156202264936
"Capnocytophaga",0.0583583425912335,0.567979831751487,"genus",0.727156202264936
"Capparis",0.513492536716398,-0.00779352806414296,"genus",0.727156202264936
"Capsella",0.23121755326801,0.0155941287261323,"genus",0.727156202264936
"Carboxydocella",0.372449842233362,-0.0113877357488286,"genus",0.727156202264936
"Cardiobacterium",0.462404641588161,0.0904968208849945,"genus",0.727156202264936
"Carlavirus",0.352910266908062,0.0139456640460031,"genus",0.727156202264936
"Carpinus",0.122659632968218,0.0257343285574868,"genus",0.727156202264936
"Carya",0.486290990043415,-0.000280929793039151,"genus",0.727156202264936
"Casimicrobium",0.479286471950496,-0.0122787256222179,"genus",0.727156202264936
"Casimiroa",0.111828644012047,0.00386497175209737,"genus",0.727156202264936
"Castellaniella",0.220875840684332,-0.0158547036801528,"genus",0.727156202264936
"Catalpa",0.479286474484606,-0.00720320830344214,"genus",0.727156202264936
"Catenulispora",0.0781372794619046,0.00348787090249457,"genus",0.727156202264936
"Catharanthus",0.0991271231419834,0.0178485274205577,"genus",0.727156202264936
"Cathaya",0.214405117179668,0.0290177167407195,"genus",0.727156202264936
"Catonella",0.158525841427961,0.0137391395174184,"genus",0.727156202264936
"Caulifigura",0.48645240287103,-0.0214000221187475,"genus",0.727156202264936
"Cedrus",0.214405117179667,0.0600949744278151,"genus",0.727156202264936
"Ceduovirus",0.055472710882525,0.0102136368774569,"genus",0.727156202264936
"Ceetrepovirus",0.137857487827998,0.0106161095327069,"genus",0.727156202264936
"Celeribacter",0.296000704813881,-0.061319649858506,"genus",0.727156202264936
"Cellulomonas",0.511323598710047,-0.0946488933828143,"genus",0.727156202264936
"Cellulophaga",0.112394279933171,0.0426403081502914,"genus",0.727156202264936
"Cellulosilyticum",0.473491275963176,-0.027785316152536,"genus",0.727156202264936
"Cellulosimicrobium",0.289843877119197,-0.0610183313496993,"genus",0.727156202264936
"Cellvibrio",0.109620135832014,0.0926029205061923,"genus",0.727156202264936
"Cenchrus",0.479286471950587,-0.0130548708962814,"genus",0.727156202264936
"Cenococcum",0.0762926810321957,0.00217684395953102,"genus",0.727156202264936
"Cephalanthus",0.479286465108137,-0.00030655589487308,"genus",0.727156202264936
"Cepunavirus",0.241293255195374,0.037910484157357,"genus",0.727156202264936
"Ceraceosorus",0.0752446956183956,0.0261189645950709,"genus",0.727156202264936
"Ceramothyrium",0.504755565095651,-0.00699757238027254,"genus",0.727156202264936
"Ceratobasidium",0.504755563880824,-0.00731797858724558,"genus",0.727156202264936
"Ceratocystis",0.504755585177287,-0.000114484044714885,"genus",0.727156202264936
"Ceratodon",0.479286603177511,-0.000396691642370226,"genus",0.727156202264936
"Ceratozamia",0.214405117179668,0.00258114158000458,"genus",0.727156202264936
"Cercomonas",0.32195542191765,-0.0183621575264517,"genus",0.727156202264936
"Cereibacter",0.504755586934406,-0.00280624065464335,"genus",0.727156202264936
"Chaetomium",0.418074803428857,0.0121552665600839,"genus",0.727156202264936
"Chalara",0.479286544314396,-0.00170206779146498,"genus",0.727156202264936
"Chamaesiphon",0.429326496106346,-0.00700347346269429,"genus",0.727156202264936
"Chasmanthium",0.479286456493983,-0.000143952400456542,"genus",0.727156202264936
"Chelativorans",0.166892719090802,-0.0192595952086671,"genus",0.727156202264936
"Chelatococcus",0.48802485976952,-0.0546668026346443,"genus",0.727156202264936
"Chenopodium",0.0656274096749532,0.0101762274776601,"genus",0.727156202264936
"Chimonanthus",0.479286456489548,-0.000154393426038947,"genus",0.727156202264936
"Chironomus",0.474562470614866,-0.0355612365748711,"genus",0.727156202264936
"Chitinimonas",0.157921172687088,0.0483520319162868,"genus",0.727156202264936
"Chlamydomonas",0.105257486769555,0.00406254758880185,"genus",0.727156202264936
"Chlorociboria",0.291857789942581,-0.000540026019575285,"genus",0.727156202264936
"Chloroidium",0.479286469603874,-0.018548164292422,"genus",0.727156202264936
"Chondromyces",0.418480121597888,-0.00170879799533191,"genus",0.727156202264936
"Choricystis",0.479286469604114,-0.00231152052160777,"genus",0.727156202264936
"Christiangramia",0.0998308738211579,0.0458775512163174,"genus",0.727156202264936
"Chromohalobacter",0.233985654070143,-0.0391397683411413,"genus",0.727156202264936
"Chryseolinea",0.473944927383584,0.0159380168286918,"genus",0.727156202264936
"Chrysoporthe",0.123036665503426,0.00938271667284872,"genus",0.727156202264936
"Ciceribacter",0.410288345525295,-0.0153032879663835,"genus",0.727156202264936
"Cillibus",0.471024141681369,-0.000275083659071201,"genus",0.727156202264936
"Cimex",0.479286474321659,-0.00685964430698845,"genus",0.727156202264936
"Cinara",0.479286469604001,-0.0173062004395425,"genus",0.727156202264936
"Citricoccus",0.452043886408462,-0.0906649245301078,"genus",0.727156202264936
"Citrobacter",0.407086583318264,-0.151237412309202,"genus",0.727156202264936
"Citromicrobium",0.287807613396076,-0.007229101084279,"genus",0.727156202264936
"Citrullus",0.347269641833957,0.0116296438213511,"genus",0.727156202264936
"Citrus",0.186736555043759,0.322956904859336,"genus",0.727156202264936
"Cladophialophora",0.1960813967673,-0.0580845343692357,"genus",0.727156202264936
"Cladosporium",0.421865730076257,-0.114168900441248,"genus",0.727156202264936
"Clathrospora",0.518929794671428,-0.000181046554068651,"genus",0.727156202264936
"Claviceps",0.518929796556687,-0.00270387170236117,"genus",0.727156202264936
"Clavispora",0.0796512531982673,0.0988731679787096,"genus",0.727156202264936
"Cloacibacillus",0.397979702277249,-0.00194145487257875,"genus",0.727156202264936
"Cloacibacterium",0.399368006882928,0.143800429795812,"genus",0.727156202264936
"Cloeon",0.137857487954338,0.00594196529274956,"genus",0.727156202264936
"Clonostachys",0.34403743786744,-0.0126706503323527,"genus",0.727156202264936
"Closterovirus",0.245775903005525,0.00159578839258994,"genus",0.727156202264936
"Clostridium",0.491549223981301,-0.17376109722429,"genus",0.727156202264936
"Clunio",0.081187434217495,0.0738139406538778,"genus",0.727156202264936
"Cnuibacter",0.392201831992956,-0.0457913042140566,"genus",0.727156202264936
"Cobetia",0.264837008900828,-0.025722047089343,"genus",0.727156202264936
"Cocos",0.505828556555185,-0.00678499821625096,"genus",0.727156202264936
"Coffea",0.260053449923819,0.0610369783464786,"genus",0.727156202264936
"Cohaesibacter",0.486290989970735,-0.00345055175273042,"genus",0.727156202264936
"Coleofasciculus",0.504755585503303,-0.00908973796488384,"genus",0.727156202264936
"Colletoecema",0.479286456489548,-0.000154393426038947,"genus",0.727156202264936
"Collinsella",0.324754729340971,-0.0787001795189479,"genus",0.727156202264936
"Collinsia",0.145950697024163,0.000865195033600654,"genus",0.727156202264936
"Colwellia",0.318887703983759,-0.0207802485635672,"genus",0.727156202264936
"Commiphora",0.0896048484073013,0.00333422229230279,"genus",0.727156202264936
"Comovirus",0.479286512372724,-0.00322670274685846,"genus",0.727156202264936
"Conexibacter",0.305147650279061,-0.0613616622945909,"genus",0.727156202264936
"Conidiobolus",0.401297310096741,-0.000444290006405139,"genus",0.727156202264936
"Contarinia",0.118087194293178,0.0184912526903912,"genus",0.727156202264936
"Copidosoma",0.159406081935729,0.00141648811752409,"genus",0.727156202264936
"Coprinellus",0.192328540022234,0.014552143650428,"genus",0.727156202264936
"Coprinopsis",0.303271794368053,-0.00550497697903971,"genus",0.727156202264936
"Coprobacter",0.0550709793912255,0.0477699523839422,"genus",0.727156202264936
"Coprococcus",0.496280607454862,0.0271007912649794,"genus",0.727156202264936
"Coptis",0.159406081934959,0.000951737935633628,"genus",0.727156202264936
"Coptotermes",0.47928647195054,-0.0162561504780703,"genus",0.727156202264936
"Corchorus",0.356269041034573,-0.0108303323624814,"genus",0.727156202264936
"Cornus",0.168193955978737,0.00707973866123387,"genus",0.727156202264936
"Cortinarius",0.498773622295086,-0.00433932990683837,"genus",0.727156202264936
"Corymbia",0.504755585060534,-0.000173720698580401,"genus",0.727156202264936
"Corynebacterium",0.144672572312151,-0.958166170510597,"genus",0.727156202264936
"Corynespora",0.356076866271057,0.00114218421291659,"genus",0.727156202264936
"Coxiella",0.159406079744549,0.00574189580615885,"genus",0.727156202264936
"Crassostrea",0.483614871779698,-0.0658261080423176,"genus",0.727156202264936
"Craurococcus",0.479286465108442,-0.000527937302511688,"genus",0.727156202264936
"Crepidotus",0.504755584783154,-0.000389075232139288,"genus",0.727156202264936
"Crinalium",0.285152185747774,-0.0244672058115071,"genus",0.727156202264936
"Crinivirus",0.445211900357915,0.0373372313185997,"genus",0.727156202264936
"Croceibacterium",0.39411282470558,-0.000326888714733483,"genus",0.727156202264936
"Croceicoccus",0.409513207382897,-0.0610942595067081,"genus",0.727156202264936
"Crocosphaera",0.50475558519227,-0.000196201116240734,"genus",0.727156202264936
"Cronartium",0.47928660314654,-0.000309901576562857,"genus",0.727156202264936
"Cronobacter",0.189353708036205,-0.0214454080445733,"genus",0.727156202264936
"Crotalaria",0.15940607932735,0.00754651758385444,"genus",0.727156202264936
"Cruoricaptor",0.229425391937255,-0.0380075479431781,"genus",0.727156202264936
"Cryobacterium",0.308632346442758,-0.0639478001494471,"genus",0.727156202264936
"Cryocola",0.504755585027853,-0.000266666076456377,"genus",0.727156202264936
"Cryomyces",0.137857488021265,0.00460000171182033,"genus",0.727156202264936
"Cryphonectria",0.246883824096482,-0.00237203475300093,"genus",0.727156202264936
"Cryptobacterium",0.0208529058175716,0.0245950464221699,"genus",0.727156202264936
"Cryptococcus",0.157003493732183,-0.166563402135267,"genus",0.727156202264936
"Cryptoglena",0.479286469604114,-0.00231152052160777,"genus",0.727156202264936
"Cryptomeria",0.218918075802625,0.0572173161931537,"genus",0.727156202264936
"Cryptomonas",0.479286465107377,-0.0603102882938734,"genus",0.727156202264936
"Cryptotermes",0.435156737042375,-0.0175040448095903,"genus",0.727156202264936
"Cucumovirus",0.34970462419536,-0.032582218412847,"genus",0.727156202264936
"Cucurbita",0.127900894018916,0.130301777398812,"genus",0.727156202264936
"Culicoides",0.207980603832508,0.00833267092273769,"genus",0.727156202264936
"Cunninghamia",0.214405117179668,0.0497665613513703,"genus",0.727156202264936
"Cupriavidus",0.431778403378182,-0.155312763342589,"genus",0.727156202264936
"Curtobacterium",0.458454370947856,0.118498584797861,"genus",0.727156202264936
"Curvibacter",0.326202898652893,0.0265521368823016,"genus",0.727156202264936
"Curvibasidium",0.504755584806719,-0.0644231197595957,"genus",0.727156202264936
"Curvularia",0.266125598505153,-0.00713491345347135,"genus",0.727156202264936
"Cuscuta",0.184734907703234,0.106956956920649,"genus",0.727156202264936
"Cutaneotrichosporon",0.423654473767482,0.0220310645380325,"genus",0.727156202264936
"Cutibacterium",0.359840734921475,-0.499872544273754,"genus",0.727156202264936
"Cycas",0.214405117179668,0.0290177167407195,"genus",0.727156202264936
"Cyclobacterium",0.47928646960419,-0.00181672644589054,"genus",0.727156202264936
"Cylindrospermopsis",0.339522423338651,-0.00225135973972945,"genus",0.727156202264936
"Cylindrospermum",0.444187168257705,-0.036380548096481,"genus",0.727156202264936
"Cymbomonas",0.479286473814133,-0.00581081674025112,"genus",0.727156202264936
"Cynara",0.131662800644533,0.0667985736268642,"genus",0.727156202264936
"Cynomorium",0.159406081934959,0.000951737935633628,"genus",0.727156202264936
"Cyphellophora",0.308782596903218,-0.0192426595409732,"genus",0.727156202264936
"Cyprideis",0.518929797503118,-0.00177096484659326,"genus",0.727156202264936
"Cystobacter",0.38033056433142,-0.0108664646390952,"genus",0.727156202264936
"Cystobasidium",0.461251242380403,-0.00453486535971316,"genus",0.727156202264936
"Cystofilobasidium",0.320296454827945,-0.101221524181234,"genus",0.727156202264936
"Cytomegalovirus",0.104165987190256,0.00689386529773141,"genus",0.727156202264936
"Cytophaga",0.222986018492843,0.00367662339093331,"genus",0.727156202264936
"Daedalea",0.360567716089273,-0.00173714608991115,"genus",0.727156202264936
"Dalbergia",0.47928647317511,-0.0105303723364639,"genus",0.727156202264936
"Daldinia",0.504755584980763,-0.000388596907287697,"genus",0.727156202264936
"Danais",0.159406080515058,0.00269494138162118,"genus",0.727156202264936
"Daucus",0.478034083337523,0.0928934004729965,"genus",0.727156202264936
"Debregeasia",0.50475558519227,-0.000196201116240734,"genus",0.727156202264936
"Dechloromonas",0.145863185120521,-0.0583785710749762,"genus",0.727156202264936
"Defluviicoccus",0.16007745736919,-0.06130941120844,"genus",0.727156202264936
"Defluviimonas",0.421116851256662,-0.0413333032496948,"genus",0.727156202264936
"Deltapartitivirus",0.479286465107432,-0.00041301848449994,"genus",0.727156202264936
"Demodex",0.0738769395582967,0.59382294175093,"genus",0.727156202264936
"Dendrobium",0.225925265425041,0.0355382813608224,"genus",0.727156202264936
"Dendroctonus",0.199645644453293,0.0122164044348703,"genus",0.727156202264936
"Denitratisoma",0.255129928320839,-0.0152014600409733,"genus",0.727156202264936
"Denitrobacterium",0.504755585027853,-0.000266666076456377,"genus",0.727156202264936
"Dermabacter",0.246533996831415,-0.237660575076678,"genus",0.727156202264936
"Dermacoccus",0.331312301598712,-0.251371345198439,"genus",0.727156202264936
"Dermatophagoides",0.298828753697177,0.14419847558465,"genus",0.727156202264936
"Dermatophilus",0.457740020897275,-0.0448457353900921,"genus",0.727156202264936
"Desemzia",0.479286471950478,-0.00420585558421891,"genus",0.727156202264936
"Desulfitobacterium",0.504755586882347,-0.00290756497298328,"genus",0.727156202264936
"Desulfobacterium",0.392113724514057,-0.005228784037542,"genus",0.727156202264936
"Desulfobulbus",0.42150162761974,-0.00829621119219251,"genus",0.727156202264936
"Desulfocurvibacter",0.47928646960436,-0.00214527800631164,"genus",0.727156202264936
"Desulfoglaeba",0.159406081935411,0.000518472268605523,"genus",0.727156202264936
"Desulfolutivibrio",0.479286471950478,-0.00420585558421891,"genus",0.727156202264936
"Desulfomicrobium",0.214405117179668,0.00483274941213554,"genus",0.727156202264936
"Desulfopila",0.479286473814133,-0.00581081674025112,"genus",0.727156202264936
"Desulfosarcina",0.479286456489548,-0.000154393426038947,"genus",0.727156202264936
"Desulfosporosinus",0.195017431903341,0.0144261095446977,"genus",0.727156202264936
"Desulfotomaculum",0.312802483451745,-0.0297459270920505,"genus",0.727156202264936
"Desulfurococcus",0.137857488112639,0.00317088051342641,"genus",0.727156202264936
"Desulfuromonas",0.397783740645323,-0.0473116166652419,"genus",0.727156202264936
"Diaminobutyricimonas",0.223544306897543,-0.0117472882933718,"genus",0.727156202264936
"Diaphorobacter",0.476106682555073,-0.105104776103079,"genus",0.727156202264936
"Dichelobacter",0.319393318328733,-0.0062728267117055,"genus",0.727156202264936
"Dictyostelium",0.479286474484606,-0.00720320830344214,"genus",0.727156202264936
"Didymella",0.448892698174913,0.0515681880808612,"genus",0.727156202264936
"Dinoponera",0.479286471950478,-0.00420585558421891,"genus",0.727156202264936
"Dinoroseobacter",0.479286469604446,-0.0309615337283734,"genus",0.727156202264936
"Dioon",0.214405117179668,0.00483274941213554,"genus",0.727156202264936
"Dioscorea",0.139384661544939,0.00226364350052886,"genus",0.727156202264936
"Diospyros",0.159406081934959,0.000951737935633628,"genus",0.727156202264936
"Dipelta",0.117528286418085,0.0202446605874758,"genus",0.727156202264936
"Diplodia",0.294538399963114,0.0127671175703478,"genus",0.727156202264936
"Diplosphaera",0.159406079101418,0.0101782615273057,"genus",0.727156202264936
"Dissoconium",0.483386549610825,-0.00960989895911562,"genus",0.727156202264936
"Diuraphis",0.479286603159891,-0.000513118038633956,"genus",0.727156202264936
"Diutina",0.334704333600216,-0.00389175304958345,"genus",0.727156202264936
"Dolosigranulum",0.409434597800993,-0.306680293645087,"genus",0.727156202264936
"Dorypteryx",0.479286456493306,-0.000253520823623656,"genus",0.727156202264936
"Dothistroma",0.363196184185148,-0.000576204721082172,"genus",0.727156202264936
"Dugesia",0.479286469604232,-0.0213955729873769,"genus",0.727156202264936
"Dunaliella",0.479286474484606,-0.00720320830344214,"genus",0.727156202264936
"Duncaniella",0.479286544290531,-0.0427663652678446,"genus",0.727156202264936
"Durio",0.189712036157077,0.0359252254900936,"genus",0.727156202264936
"Dyella",0.30150911243794,-0.146406624147482,"genus",0.727156202264936
"Dysosmobacter",0.4710241412266,-0.000896319037113224,"genus",0.727156202264936
"Echinochloa",0.159406081932768,0.000350038777339085,"genus",0.727156202264936
"Ectothiorhodospira",0.179089974529464,-0.0212908202421883,"genus",0.727156202264936
"Effusibacillus",0.479286469604074,-0.0285112710499718,"genus",0.727156202264936
"Egicoccus",0.159406079744326,0.00516765266060257,"genus",0.727156202264936
"Eimeria",0.478547568287785,0.00073530904912933,"genus",0.727156202264936
"Elaeis",0.201380637719424,0.0495274910079648,"genus",0.727156202264936
"Elaeocarpus",0.159406081936723,0.00156298349938135,"genus",0.727156202264936
"Elizabethkingia",0.518888623009651,-0.0846731673001584,"genus",0.727156202264936
"Elsinoe",0.504755585167204,-0.00013422904660994,"genus",0.727156202264936
"Elvirus",0.364011670303883,-0.0166783949243705,"genus",0.727156202264936
"Emiliania",0.159406080514441,0.00191677111413009,"genus",0.727156202264936
"Emmonsia",0.479286456492163,-0.000127088144203387,"genus",0.727156202264936
"Empedobacter",0.400997487746271,0.0809584750137378,"genus",0.727156202264936
"Emticicia",0.379297251477016,-0.0241764629757108,"genus",0.727156202264936
"Endocarpon",0.48485167633705,-0.00250404398945691,"genus",0.727156202264936
"Endozoicomonas",0.394058197481785,-0.00740407446915798,"genus",0.727156202264936
"Eneladusvirus",0.479286465108852,-0.0005299974404272,"genus",0.727156202264936
"Ensete",0.159406081935411,0.000518472268605523,"genus",0.727156202264936
"Ensifer",0.314998683891468,0.104445441563676,"genus",0.727156202264936
"Entamoeba",0.276919862649344,-0.0191187880047583,"genus",0.727156202264936
"Enterocloster",0.0041637457161029,0.400242067498308,"genus",0.727156202264936
"Enterococcus",0.261724876206553,0.289531680050691,"genus",0.727156202264936
"Entomoneis",0.214405117179668,0.000657296722295419,"genus",0.727156202264936
"Entyloma",0.225958623381777,0.00284804499662309,"genus",0.727156202264936
"Epibacterium",0.343318233315471,-0.0305013325131396,"genus",0.727156202264936
"Epichloe",0.298084853237573,-0.00531844592098092,"genus",0.727156202264936
"Epidermidibacterium",0.39427816899273,-0.010063404939136,"genus",0.727156202264936
"Eragrostis",0.48764746357838,-0.0091141523513369,"genus",0.727156202264936
"Ereboglobus",0.214405117179668,0.00022182773393657,"genus",0.727156202264936
"Eremomyces",0.42169082413416,-0.0108780369911082,"genus",0.727156202264936
"Eremothecium",0.451151667209382,0.035647830422539,"genus",0.727156202264936
"Erigeron",0.159406081936723,0.00156298349938135,"genus",0.727156202264936
"Eriobotrya",0.453713132174021,-0.0018331492601396,"genus",0.727156202264936
"Erwinia",0.401926669136347,-0.0773323836694381,"genus",0.727156202264936
"Erysipelothrix",0.0564920659260837,0.137180645819496,"genus",0.727156202264936
"Ethanoligenens",0.460126331944815,-0.0206111307232531,"genus",0.727156202264936
"Eucalyptus",0.476676931382015,0.0274960840998026,"genus",0.727156202264936
"Eufriesea",0.120854915179629,0.0235884473795444,"genus",0.727156202264936
"Euglena",0.479286465107342,-0.0602512019865529,"genus",0.727156202264936
"Euglenaria",0.479286473175077,-0.00953373048317698,"genus",0.727156202264936
"Euhalothece",0.297921954327222,-0.0166771151111427,"genus",0.727156202264936
"Euroglyphus",0.159406081934252,0.000761138279593252,"genus",0.727156202264936
"Euzebya",0.479286471950554,-0.00392662090677277,"genus",0.727156202264936
"Euzebyella",0.518929795144632,-0.000927250237834096,"genus",0.727156202264936
"Ewingella",0.215295957228731,-0.0576512950394277,"genus",0.727156202264936
"Exaiptasia",0.15940607891266,0.0132492567408043,"genus",0.727156202264936
"Exidia",0.28894206933422,0.0039136793570319,"genus",0.727156202264936
"Exobasidium",0.154253028853477,0.00265139666842664,"genus",0.727156202264936
"Exophiala",0.144956931277199,-0.235451857983154,"genus",0.727156202264936
"Exserohilum",0.236944361047559,-0.0477364080687135,"genus",0.727156202264936
"Fabavirus",0.48629099002978,-0.000405224086467775,"genus",0.727156202264936
"Facklamia",0.518929796568879,-0.00359788045432239,"genus",0.727156202264936
"Faecalicatena",0.159406081935411,0.000518472268605523,"genus",0.727156202264936
"Faecalitalea",0.315402453539144,-0.0789741977447286,"genus",0.727156202264936
"Fagus",0.159406081935366,0.00125959429252813,"genus",0.727156202264936
"Fastidiosipila",0.279121211231803,0.0715458523619003,"genus",0.727156202264936
"Fenollaria",0.154253028853635,0.0230475430541789,"genus",0.727156202264936
"Fermentimonas",0.280205393602323,-0.000935732594359437,"genus",0.727156202264936
"Ferrimonas",0.15940607891266,0.0132492567408043,"genus",0.727156202264936
"Ferrovibrio",0.422139248856475,-0.00537232900440554,"genus",0.727156202264936
"Ferrovum",0.319263252006262,0.00516681430908809,"genus",0.727156202264936
"Festuca",0.471024141771329,-0.000211943887916073,"genus",0.727156202264936
"Fibrobacter",0.159406081936073,0.00151837135752225,"genus",0.727156202264936
"Fibroporia",0.0526331130346591,0.00794860220365909,"genus",0.727156202264936
"Fibularhizoctonia",0.519258719803241,-0.00387186766902769,"genus",0.727156202264936
"Fictibacillus",0.23098976293378,-0.0717231044298573,"genus",0.727156202264936
"Ficus",0.479286473814133,-0.00581081674025112,"genus",0.727156202264936
"Filimonas",0.296265230437995,-0.0393463672514536,"genus",0.727156202264936
"Filomicrobium",0.479286469604173,-0.00147759316380585,"genus",0.727156202264936
"Fimbriimonas",0.41496035281031,-0.011127133323548,"genus",0.727156202264936
"Fistulifera",0.504755585087816,-0.000559648517065729,"genus",0.727156202264936
"Flagellimonas",0.256430857585822,0.00512939782270368,"genus",0.727156202264936
"Flammeovirga",0.519086919473201,-0.0246597536296876,"genus",0.727156202264936
"Flaviaesturariibacter",0.479286603177511,-0.000396691642370226,"genus",0.727156202264936
"Flaviflexus",0.266048439942384,-0.0336423398944827,"genus",0.727156202264936
"Flavihumibacter",0.0756435247392866,0.0453628305543839,"genus",0.727156202264936
"Flavisolibacter",0.414445851669748,-0.103191834587726,"genus",0.727156202264936
"Flavobacterium",0.370086733233298,0.172989769353562,"genus",0.727156202264936
"Flectobacillus",0.366160358926573,-0.0293503657710544,"genus",0.727156202264936
"Flexibacter",0.479286471950575,-0.0150896801395622,"genus",0.727156202264936
"Flintibacter",0.483874875239049,-0.017938983612917,"genus",0.727156202264936
"Fluviicola",0.302177242118077,-0.0531562984447005,"genus",0.727156202264936
"Folsomia",0.0273777940416386,0.026042412951655,"genus",0.727156202264936
"Fomitiporia",0.122934942819274,-0.00437258140128513,"genus",0.727156202264936
"Fomitopsis",0.0212106551379418,0.015493297193597,"genus",0.727156202264936
"Fonsecaea",0.323065150209506,-0.026588085552397,"genus",0.727156202264936
"Formosa",0.139002150681378,0.0480611400242325,"genus",0.727156202264936
"Fragaria",0.0758585994181551,0.0398423366186608,"genus",0.727156202264936
"Francisella",0.0994006369170997,0.0850594451064639,"genus",0.727156202264936
"Frankia",0.481780595971691,0.0525152145155938,"genus",0.727156202264936
"Frankliniella",0.381360951126839,-0.0187372833555292,"genus",0.727156202264936
"Frateuria",0.318983404794918,-0.00694037638108504,"genus",0.727156202264936
"Fraxinus",0.479286465107715,-0.0462148573832567,"genus",0.727156202264936
"Frederiksenia",0.126009403996315,0.0665319283102563,"genus",0.727156202264936
"Friedmanniomyces",0.479286471950478,-0.00420585558421891,"genus",0.727156202264936
"Frigoribacterium",0.458170373440021,-0.0451892154949354,"genus",0.727156202264936
"Frigoriglobus",0.317625561206566,-0.0321633608904027,"genus",0.727156202264936
"Frondihabitans",0.0532884742368916,-0.135419093006185,"genus",0.727156202264936
"Furfurilactobacillus",0.159406080514113,0.00220501783398934,"genus",0.727156202264936
"Fusarium",0.415733136707117,-0.163467420417911,"genus",0.727156202264936
"Gaeumannomyces",0.082644423037596,0.00465153268558631,"genus",0.727156202264936
"Galactomyces",0.159406081933088,0.00105814238159004,"genus",0.727156202264936
"Galbibacter",0.0497819449192647,0.0203878991791251,"genus",0.727156202264936
"Galendromus",0.479286465108474,-0.000604439522762348,"genus",0.727156202264936
"Galleria",0.154253028853477,0.00265139666842664,"genus",0.727156202264936
"Gallibacterium",0.504755585060534,-0.000173720698580401,"genus",0.727156202264936
"Gallionella",0.479286471950568,-0.00307357076239554,"genus",0.727156202264936
"Gammacarmovirus",0.515053708824668,-0.0371640432546396,"genus",0.727156202264936
"Ganoderma",0.398885065585223,-0.00722816261264803,"genus",0.727156202264936
"Gardnerella",0.311170055485543,-0.207872051675905,"genus",0.727156202264936
"Geitlerinema",0.479286456489548,-0.000154393426038947,"genus",0.727156202264936
"Gelatoporia",0.468730618049038,0.00648288597685404,"genus",0.727156202264936
"Gelidibacter",0.3672565696684,-0.000835765693162711,"genus",0.727156202264936
"Geminicoccus",0.479286603144132,-0.00034051427609625,"genus",0.727156202264936
"Gemmata",0.483185342521193,-0.0335793789086406,"genus",0.727156202264936
"Gemmobacter",0.361083889063102,-0.0273847872492625,"genus",0.727156202264936
"Genlisea",0.132807639558002,0.0114821790061781,"genus",0.727156202264936
"Gentiana",0.50475558502309,-0.00057733215896,"genus",0.727156202264936
"Geoalkalibacter",0.330564452626965,-0.0152266818833493,"genus",0.727156202264936
"Geobacter",0.358752396969652,-0.0495010715319647,"genus",0.727156202264936
"Georgenia",0.247782860717375,0.0968090533407499,"genus",0.727156202264936
"Geothrix",0.104166277895041,0.000428099771387981,"genus",0.727156202264936
"Geotrichum",0.470641786451135,0.0428238729781191,"genus",0.727156202264936
"Geranium",0.143419444409759,0.0253076416300112,"genus",0.727156202264936
"Ghunavirus",0.357893153482702,-0.000915016985182331,"genus",0.727156202264936
"Giardia",0.518929796545918,-0.00216594967195326,"genus",0.727156202264936
"Gibbsiella",0.504755585024704,-0.00034445149942548,"genus",0.727156202264936
"Giesbergeria",0.149976426391742,0.000423688836992449,"genus",0.727156202264936
"Gigaspora",0.47044893137849,-0.00564852937789312,"genus",0.727156202264936
"Gilliamella",0.430784057517039,-0.00648957249578507,"genus",0.727156202264936
"Gilvibacter",0.479286456493306,-0.000253520823623656,"genus",0.727156202264936
"Gimesia",0.384592370963517,-0.0161343941356239,"genus",0.727156202264936
"Ginkgo",0.287885058297068,0.0508509926522749,"genus",0.727156202264936
"Glaciecola",0.225775165735549,0.00377525051423102,"genus",0.727156202264936
"Glaciihabitans",0.417443740693575,-0.0107328445956512,"genus",0.727156202264936
"Glaciozyma",0.504755584574392,-0.00188223326430137,"genus",0.727156202264936
"Glaesserella",0.150536799921479,0.0848780396938362,"genus",0.727156202264936
"Globicatella",0.154253028849958,0.0461971840126952,"genus",0.727156202264936
"Gloeobacter",0.479286474147626,-0.006643953813399,"genus",0.727156202264936
"Gloeocapsopsis",0.133783176899198,0.0448757207242426,"genus",0.727156202264936
"Gloeomargarita",0.486290989984014,-0.00186865940007263,"genus",0.727156202264936
"Gluconacetobacter",0.060931041388589,0.113590503565085,"genus",0.727156202264936
"Glutamicibacter",0.301309065829439,-0.173220095317219,"genus",0.727156202264936
"Glycomyces",0.479286465108556,-0.000764691222581644,"genus",0.727156202264936
"Gnetum",0.300235557126176,0.0503330263091643,"genus",0.727156202264936
"Goodyera",0.352639548704657,-0.00324997955060759,"genus",0.727156202264936
"Gordonia",0.370433633507865,-0.16569485864001,"genus",0.727156202264936
"Gottschalkia",0.178015271835296,0.047181026000099,"genus",0.727156202264936
"Gracilibacillus",0.159406080514113,0.00220501783398934,"genus",0.727156202264936
"Granulibacter",0.496706065295607,-0.0027597808635326,"genus",0.727156202264936
"Granulicatella",0.096399997045725,0.294861506028208,"genus",0.727156202264936
"Granulicella",0.305490616679035,-0.0495267472483004,"genus",0.727156202264936
"Grimontia",0.159406079101421,0.010944521399137,"genus",0.727156202264936
"Grosmannia",0.10068367497593,0.0487435089731005,"genus",0.727156202264936
"Gryllotalpicola",0.180520088338131,-0.0414788829183299,"genus",0.727156202264936
"Gryllus",0.159406079744674,0.0311635937756307,"genus",0.727156202264936
"Guillardia",0.479286465107931,-0.0389819491547748,"genus",0.727156202264936
"Gulosibacter",0.328651173386805,-0.000630957220683902,"genus",0.727156202264936
"Guyparkeria",0.339061525533612,-0.0106912078331135,"genus",0.727156202264936
"Gymnopilus",0.126557353210101,0.0252534262033569,"genus",0.727156202264936
"Gymnopus",0.115590937557957,0.0113083878337065,"genus",0.727156202264936
"Habropoda",0.504755485964122,-0.00764538152597776,"genus",0.727156202264936
"Haematobacter",0.225343878492493,-0.0629355987823101,"genus",0.727156202264936
"Haematospirillum",0.479286465107516,-0.000389285185842469,"genus",0.727156202264936
"Haematoxylum",0.159406081934959,0.000951737935633628,"genus",0.727156202264936
"Haemonchus",0.486290990008316,-0.000788459341957729,"genus",0.727156202264936
"Hafnia",0.197414942355829,0.0455983019274121,"genus",0.727156202264936
"Hahella",0.257089384057073,-0.0123121411818855,"genus",0.727156202264936
"Haladaptatus",0.479286473814139,-0.00821426280776073,"genus",0.727156202264936
"Halamphora",0.159406080514356,0.00419951965008535,"genus",0.727156202264936
"Halanaerobium",0.29434291064158,-0.034077571366125,"genus",0.727156202264936
"Haliangium",0.471024141007243,-0.00192048317187129,"genus",0.727156202264936
"Halioglobus",0.479286469603904,-0.00246388826011774,"genus",0.727156202264936
"Haliscomenobacter",0.479286471950586,-0.00364987847128702,"genus",0.727156202264936
"Halobacillus",0.239630688064687,-0.00135316876233939,"genus",0.727156202264936
"Halobellus",0.479286471950701,-0.0032873616741278,"genus",0.727156202264936
"Haloferax",0.159406079744489,0.00722398244052511,"genus",0.727156202264936
"Halomicronema",0.504755585167204,-0.00013422904660994,"genus",0.727156202264936
"Halomonas",0.205033338501552,-0.268977726552648,"genus",0.727156202264936
"Halopenitus",0.384866678542845,-0.00130850668323505,"genus",0.727156202264936
"Halorhodospira",0.427518286736342,0.0595098681370815,"genus",0.727156202264936
"Halorientalis",0.297870492865139,-0.00875232702142579,"genus",0.727156202264936
"Halorubrum",0.340555017515669,-0.00483051170809395,"genus",0.727156202264936
"Halorussus",0.479286471950465,-0.0139522031512486,"genus",0.727156202264936
"Halosimplex",0.463972524556002,-0.0038015594186074,"genus",0.727156202264936
"Halotalea",0.0726799109925943,-0.0903848058874301,"genus",0.727156202264936
"Halovenus",0.479286465108222,-0.000744697922416041,"genus",0.727156202264936
"Halteria",0.479286465107522,-0.00112717379892141,"genus",0.727156202264936
"Handroanthus",0.504755585060534,-0.000173720698580401,"genus",0.727156202264936
"Hankyongella",0.479286469604187,-0.00144019308724319,"genus",0.727156202264936
"Hannaella",0.479286465108599,-0.000426084930391188,"genus",0.727156202264936
"Hansenia",0.208363553469101,0.00827547840960872,"genus",0.727156202264936
"Hanseniaspora",0.273949060028397,-0.0073561760096398,"genus",0.727156202264936
"Haplopelma",0.479286465107829,-0.000894128099688594,"genus",0.727156202264936
"Harpegnathos",0.159406079327467,0.00769500138203249,"genus",0.727156202264936
"Hathewaya",0.159406080514095,0.00200094288468102,"genus",0.727156202264936
"Hebeloma",0.0750632101499078,0.00427800224329882,"genus",0.727156202264936
"Helcobacillus",0.149976425418884,0.00030912435346404,"genus",0.727156202264936
"Helianthus",0.263478975106087,0.0569952707306515,"genus",0.727156202264936
"Heliobacterium",0.100967342677361,-0.00519574556751651,"genus",0.727156202264936
"Heliorestis",0.159406081934987,0.00102439843154543,"genus",0.727156202264936
"Herbinix",0.371138899761605,-0.0243776154150828,"genus",0.727156202264936
"Hermetia",0.479286473173567,-0.0047169260764637,"genus",0.727156202264936
"Herpetosiphon",0.137857489048599,0.000294696724500935,"genus",0.727156202264936
"Hesperocyparis",0.214405117179668,0.0166963969119181,"genus",0.727156202264936
"Heterobasidion",0.415857945619198,0.0179968640332011,"genus",0.727156202264936
"Heterocephalacria",0.479286471950483,-0.00394327965709394,"genus",0.727156202264936
"Heterodermia",0.518929796599862,-0.00325988155112936,"genus",0.727156202264936
"Hibiscus",0.0780758290393957,0.00371564361239089,"genus",0.727156202264936
"Hippea",0.486290990016039,-0.0111048712472841,"genus",0.727156202264936
"Hirsutella",0.334329241823581,-0.0140920881608808,"genus",0.727156202264936
"Histophilus",0.0933680243338915,0.0321411326690336,"genus",0.727156202264936
"Histoplasma",0.479286471950587,-0.0130548708962814,"genus",0.727156202264936
"Hololachna",0.159406081933563,0.000639280910279517,"genus",0.727156202264936
"Hortaea",0.411504654219091,-0.00683386908750995,"genus",0.727156202264936
"Hungatella",0.0100249193951862,0.172013438260815,"genus",0.727156202264936
"Hyalella",0.280217871791216,-0.0408647303608606,"genus",0.727156202264936
"Hyaloscypha",0.355779294201258,0.00301463059857137,"genus",0.727156202264936
"Hydrocarboniclastica",0.405320561385036,-0.011094312391441,"genus",0.727156202264936
"Hydrogenophaga",0.309589532628629,-0.211451478068617,"genus",0.727156202264936
"Hydrogenophilus",0.321257339219896,-0.11622073108801,"genus",0.727156202264936
"Hymenobacter",0.453941847047554,0.124716701466135,"genus",0.727156202264936
"Hypericibacter",0.256192235831464,-0.0480418557052965,"genus",0.727156202264936
"Hyphomicrobium",0.136428152508528,-0.0906128766360099,"genus",0.727156202264936
"Hyphomonas",0.215837499716994,-0.0111787954094463,"genus",0.727156202264936
"Hyphopichia",0.362121718798469,-0.0302722288428031,"genus",0.727156202264936
"Hypomyces",0.471024141747962,-0.000231214598239784,"genus",0.727156202264936
"Hypsizygus",0.248616470889249,0.00353106088586991,"genus",0.727156202264936
"Ideonella",0.479286456493963,-0.000135545344594229,"genus",0.727156202264936
"Idiomarina",0.0871542434857411,0.066721736835084,"genus",0.727156202264936
"Idriella",0.504755585024704,-0.00034445149942548,"genus",0.727156202264936
"Iflavirus",0.420593825777775,-0.0131590352296996,"genus",0.727156202264936
"Ilarvirus",0.165999569585536,0.0385990897103463,"genus",0.727156202264936
"Ilumatobacter",0.458614699603858,-0.061413609267279,"genus",0.727156202264936
"Immundisolibacter",0.470036440179821,-0.0015386278633855,"genus",0.727156202264936
"Imshaugia",0.486290989971762,-0.0148883052127755,"genus",0.727156202264936
"Indioceanicola",0.345775875036171,0.0324675507560258,"genus",0.727156202264936
"Intestinibacter",0.320981832233909,-0.0132059108312793,"genus",0.727156202264936
"Intrasporangium",0.452935342388684,0.0425479236095905,"genus",0.727156202264936
"Iodobacter",0.293259627094224,0.00851890431576817,"genus",0.727156202264936
"Ipomoea",0.129499565091707,0.0701660782496628,"genus",0.727156202264936
"Ipomovirus",0.109328035976581,0.0847471561823483,"genus",0.727156202264936
"Isosphaera",0.479286471950543,-0.0124817686842852,"genus",0.727156202264936
"Itersonilia",0.504755586190609,-0.010210957352706,"genus",0.727156202264936
"Jaapia",0.214405117179668,0.00022182773393657,"genus",0.727156202264936
"Janibacter",0.468263024460014,0.150717708978413,"genus",0.727156202264936
"Jannaschia",0.518929797503118,-0.00177096484659326,"genus",0.727156202264936
"Janthinobacterium",0.466657476727287,0.0999149195799726,"genus",0.727156202264936
"Jatropha",0.0606773373415163,0.0175637169353012,"genus",0.727156202264936
"Jatrophihabitans",0.49291301924707,-0.0375819575937775,"genus",0.727156202264936
"Jeongeupia",0.374483471198374,0.0227346235001,"genus",0.727156202264936
"Jeotgalibacillus",0.479286465106958,-0.000445927084583511,"genus",0.727156202264936
"Jeotgalicoccus",0.354213376858508,0.0931271105604381,"genus",0.727156202264936
"Johnsonella",0.315776546622947,0.00459711898588251,"genus",0.727156202264936
"Jonesia",0.463961802245533,-0.0173867567136952,"genus",0.727156202264936
"Juniperus",0.214405117179668,0.034318867676841,"genus",0.727156202264936
"Kaistella",0.461080519529913,0.0512106427044564,"genus",0.727156202264936
"Kaistia",0.0907342191935614,-0.0730598109531465,"genus",0.727156202264936
"Kerstersia",0.351881372420804,-0.00859917152256624,"genus",0.727156202264936
"Keteleeria",0.214405117179668,0.0530186641403216,"genus",0.727156202264936
"Ketogulonicigenium",0.255139978333083,-0.012803944657062,"genus",0.727156202264936
"Khaya",0.479286603138382,-0.000229739727199508,"genus",0.727156202264936
"Kibdelosporangium",0.182163572620063,-0.0549854038321863,"genus",0.727156202264936
"Kineococcus",0.438914585010972,0.0518166992776287,"genus",0.727156202264936
"Kingdonia",0.486290993580033,-0.000204598563345406,"genus",0.727156202264936
"Kinneretia",0.296658606806845,-0.10748563381592,"genus",0.727156202264936
"Kiritimatiella",0.479286465108556,-0.000764691222581644,"genus",0.727156202264936
"Kitasatospora",0.200741490538586,0.100218280014108,"genus",0.727156202264936
"Klebsiella",0.378209650923487,-0.203864383510433,"genus",0.727156202264936
"Klebsormidium",0.471920362481374,0.0252346355656709,"genus",0.727156202264936
"Kluyvera",0.394510948721231,-0.045182560812668,"genus",0.727156202264936
"Knoellia",0.444518517336731,-0.00192043150125512,"genus",0.727156202264936
"Knufia",0.46566336003135,-0.0507895362931759,"genus",0.727156202264936
"Kockovaella",0.225110577940905,-0.00349948645711906,"genus",0.727156202264936
"Koinonema",0.47928646510691,-0.000286538456208352,"genus",0.727156202264936
"Koliella",0.51892979347674,-0.000475087730938485,"genus",0.727156202264936
"Komagataella",0.354513289674019,-0.0274296288798167,"genus",0.727156202264936
"Kordia",0.14997672883588,0.0288884549191218,"genus",0.727156202264936
"Krasilnikovia",0.159406081933561,0.000618677948340553,"genus",0.727156202264936
"Krasilnikovozyma",0.504755584879642,-0.000450216169353562,"genus",0.727156202264936
"Kroppenstedtia",0.368618927115764,-0.0269250449334121,"genus",0.727156202264936
"Kuraishia",0.490278557864716,-0.0481380112255599,"genus",0.727156202264936
"Kurthia",0.372469819426005,-0.0783823980865114,"genus",0.727156202264936
"Kurtzmaniella",0.471024141683941,-0.000263924963252008,"genus",0.727156202264936
"Kutzneria",0.219291540712472,-0.0225689629196875,"genus",0.727156202264936
"Labedella",0.214405117179668,0.000440904181952289,"genus",0.727156202264936
"Labrenzia",0.357494486628216,-0.0133711585043671,"genus",0.727156202264936
"Labrys",0.153573811663211,-0.0223941437359505,"genus",0.727156202264936
"Laccaria",0.404662643877022,-0.00396560285626418,"genus",0.727156202264936
"Laceyella",0.504755585167204,-0.00013422904660994,"genus",0.727156202264936
"Lachancea",0.321526997035246,0.061063761456438,"genus",0.727156202264936
"Lachnoanaerobaculum",0.0327661771122933,0.353364392096246,"genus",0.727156202264936
"Lachnoclostridium",0.427616394357496,0.0885370746795375,"genus",0.727156202264936
"Lacibacter",0.234020075019922,0.058383135096823,"genus",0.727156202264936
"Lacinutrix",0.149976728696117,0.0254574670745576,"genus",0.727156202264936
"Lacipirellula",0.190025321480763,0.0118040134670657,"genus",0.727156202264936
"Lacrimispora",0.00430335388593373,0.212864195805774,"genus",0.727156202264936
"Lactiplantibacillus",0.430267622298322,0.0723046352027023,"genus",0.727156202264936
"Lacunisphaera",0.417631946662895,-0.00378566555856145,"genus",0.727156202264936
"Lagenaria",0.45408316852805,-0.00244952711575356,"genus",0.727156202264936
"Lancefieldella",0.128468232622092,0.307155512621331,"genus",0.727156202264936
"Lapidilactobacillus",0.444614741679254,-0.0128510109326186,"genus",0.727156202264936
"Larix",0.231029069185814,0.104716640838721,"genus",0.727156202264936
"Lasallia",0.189121934445774,-0.0213360144756386,"genus",0.727156202264936
"Lasianthus",0.504755584813041,-0.00076346482323782,"genus",0.727156202264936
"Lasiodiplodia",0.387913055198785,0.0153748909240351,"genus",0.727156202264936
"Lathyrus",0.479286473814141,-0.00902276826641281,"genus",0.727156202264936
"Latilactobacillus",0.162927447316607,0.0863723057908371,"genus",0.727156202264936
"Lautropia",0.508623813275995,0.148653430486229,"genus",0.727156202264936
"Lawsonella",0.416096066496771,-0.380552230373069,"genus",0.727156202264936
"Lecanora",0.486290989998389,-0.00108060344598898,"genus",0.727156202264936
"Leclercia",0.483441857326467,-0.0999889988673934,"genus",0.727156202264936
"Lederbergia",0.486290989975136,-0.00284653784888617,"genus",0.727156202264936
"Leishmania",0.38992611793346,-0.0254336895280372,"genus",0.727156202264936
"Leisingera",0.387782561004173,-0.0304975044025238,"genus",0.727156202264936
"Lelliottia",0.441501325685571,-0.0399728383361245,"genus",0.727156202264936
"Lentilactobacillus",0.21455813659361,0.0345472124754896,"genus",0.727156202264936
"Lentinula",0.166155693869451,0.0199632005169485,"genus",0.727156202264936
"Lentivirus",0.479286469603844,-0.0206641618592568,"genus",0.727156202264936
"Lepista",0.0846409004835845,0.00200132701503502,"genus",0.727156202264936
"Lepocinclis",0.479286469604199,-0.023807989743619,"genus",0.727156202264936
"Leptomonas",0.479286469604114,-0.00231152052160777,"genus",0.727156202264936
"Leptosphaeria",0.172746617506087,0.0771718073242653,"genus",0.727156202264936
"Leptospira",0.193901744425182,0.0471526316268354,"genus",0.727156202264936
"Leptothrix",0.238662830725293,-0.119820962653434,"genus",0.727156202264936
"Leptotrichia",0.397379268068617,0.265626666762079,"genus",0.727156202264936
"Leucobacter",0.0667532494580312,-0.150139602081269,"genus",0.727156202264936
"Levilactobacillus",0.445869040257865,0.029128772407222,"genus",0.727156202264936
"Liberibacter",0.420671600491362,0.0211234113892912,"genus",0.727156202264936
"Lichtheimia",0.464432846161934,0.00565205126746243,"genus",0.727156202264936
"Lidleunavirus",0.504755587026129,-0.0162464302383032,"genus",0.727156202264936
"Lignipirellula",0.471024141683941,-0.000263924963252008,"genus",0.727156202264936
"Lilium",0.479286465108556,-0.000764691222581644,"genus",0.727156202264936
"Limnobacter",0.274082391335488,-0.0235375231429734,"genus",0.727156202264936
"Limnoglobus",0.248779960149345,0.0388045558366796,"genus",0.727156202264936
"Limnohabitans",0.0205425457835234,-0.232189690468626,"genus",0.727156202264936
"Lindgomyces",0.504755585024704,-0.00034445149942548,"genus",0.727156202264936
"Linum",0.479286465107102,-0.0404195322676243,"genus",0.727156202264936
"Lipomyces",0.274395775337353,-0.118355434971718,"genus",0.727156202264936
"Liquorilactobacillus",0.479286456493306,-0.000253520823623656,"genus",0.727156202264936
"Litoreibacter",0.479286469604294,-0.00145064115518825,"genus",0.727156202264936
"Litoribacter",0.479286465107522,-0.00112717379892141,"genus",0.727156202264936
"Litorilinea",0.371527602691587,-0.00100905473392798,"genus",0.727156202264936
"Lobosporangium",0.504755584787487,-0.000667886850593243,"genus",0.727156202264936
"Lolium",0.214405117179668,0.00133767600076728,"genus",0.727156202264936
"Lonsdalea",0.471024141683941,-0.000263924963252008,"genus",0.727156202264936
"Lophium",0.48629099004427,-0.000261220477260743,"genus",0.727156202264936
"Lucilia",0.244453299381755,0.100814562228584,"genus",0.727156202264936
"Luffa",0.159406081935411,0.000518472268605523,"genus",0.727156202264936
"Lupinus",0.0495545795115042,0.140277476977387,"genus",0.727156202264936
"Luteimicrobium",0.338614006241246,-0.00354170852546213,"genus",0.727156202264936
"Luteipulveratus",0.29407727044488,0.0324399186091246,"genus",0.727156202264936
"Luteitalea",0.0574017473835499,0.0248126271226118,"genus",0.727156202264936
"Luteococcus",0.479286469604114,-0.00231152052160777,"genus",0.727156202264936
"Luteolibacter",0.479286469604187,-0.00144019308724319,"genus",0.727156202264936
"Lutibacter",0.14997673096189,0.109813341102786,"genus",0.727156202264936
"Lymphocryptovirus",0.511474506104139,-0.00814663905873475,"genus",0.727156202264936
"Lysinimonas",0.137482882615238,-0.0410182061101383,"genus",0.727156202264936
"Macleaya",0.504755584690046,-0.000848776090594742,"genus",0.727156202264936
"Macrolepiota",0.137857487954338,0.00594196529274956,"genus",0.727156202264936
"Mageeibacillus",0.185664702552751,0.01682339188128,"genus",0.727156202264936
"Magnetospirillum",0.41836600012308,-0.0616039696055958,"genus",0.727156202264936
"Magnolia",0.159406079327474,0.0224477700254415,"genus",0.727156202264936
"Malaciobacter",0.214405117179668,0.006829519581903,"genus",0.727156202264936
"Malikia",0.486290989987796,-0.00152099160016135,"genus",0.727156202264936
"Mameliella",0.381846813547376,-0.0335557526480972,"genus",0.727156202264936
"Mammaliicoccus",0.140807769550795,-0.135640111092759,"genus",0.727156202264936
"Mangifera",0.159406080515058,0.00269494138162118,"genus",0.727156202264936
"Manihot",0.0798513775464361,0.0478182946053767,"genus",0.727156202264936
"Mannheimia",0.449201435713271,0.0605500855169496,"genus",0.727156202264936
"Marasmius",0.439063263682269,-0.00123807092460266,"genus",0.727156202264936
"Marchantia",0.50475558519227,-0.000196201116240734,"genus",0.727156202264936
"Maribacter",0.244725449919348,0.0499408322294581,"genus",0.727156202264936
"Maribius",0.266704830897499,-0.0255400949406724,"genus",0.727156202264936
"Marichromatium",0.273763493226939,-0.0348562949923164,"genus",0.727156202264936
"Maridesulfovibrio",0.471024141683941,-0.000263924963252008,"genus",0.727156202264936
"Mariniflexile",0.149976728712982,0.00833543503286834,"genus",0.727156202264936
"Marinobacter",0.187187323050057,-0.0509289554238346,"genus",0.727156202264936
"Marinomonas",0.360298415065783,-0.0664138977381454,"genus",0.727156202264936
"Marinovum",0.338371163176413,-0.0403793911684287,"genus",0.727156202264936
"Marisediminicola",0.231312885175821,0.0187380583287969,"genus",0.727156202264936
"Marmoricola",0.278801299950382,0.149011344288242,"genus",0.727156202264936
"Marssonina",0.479286465107829,-0.000894128099688594,"genus",0.727156202264936
"Massilistercora",0.513695414761048,-0.0385319951173349,"genus",0.727156202264936
"Mayorella",0.518929795828487,-0.000532973810968276,"genus",0.727156202264936
"Medicago",0.438700672682971,0.111277197666474,"genus",0.727156202264936
"Megamonas",0.079183247842646,0.138283081109941,"genus",0.727156202264936
"Megaselia",0.47928646960439,-0.0288968790464507,"genus",0.727156202264936
"Megasphaera",0.182032117386552,0.164207500745383,"genus",0.727156202264936
"Meira",0.408304257341331,0.00818320716317577,"genus",0.727156202264936
"Melaminivora",0.215462037184461,-0.0803323936051614,"genus",0.727156202264936
"Melampsora",0.310931936942737,-0.0122642046614383,"genus",0.727156202264936
"Melanaphis",0.460193108649432,-0.00607050082775299,"genus",0.727156202264936
"Melanopsichium",0.0681407051410966,0.0764101800195789,"genus",0.727156202264936
"Melia",0.0474639235590431,0.00620420648046797,"genus",0.727156202264936
"Melicope",0.159406080515058,0.00269494138162118,"genus",0.727156202264936
"Melissococcus",0.350973021462171,-0.00456740226482874,"genus",0.727156202264936
"Meloidogyne",0.50475558465397,-0.00217554891884977,"genus",0.727156202264936
"Merrillia",0.0474639235590431,0.00620420648046797,"genus",0.727156202264936
"Mesobacillus",0.144051083960043,0.0446018358994447,"genus",0.727156202264936
"Mesoplasma",0.518929797089912,-0.00691762760629473,"genus",0.727156202264936
"Metalysinibacillus",0.479286471950541,-0.00357104012097783,"genus",0.727156202264936
"Methanobacterium",0.045567358640253,0.00596949956531569,"genus",0.727156202264936
"Methanococcus",0.479286469604046,-0.0223600778098996,"genus",0.727156202264936
"Methanosarcina",0.479286603171349,-0.000598448762773179,"genus",0.727156202264936
"Methanothermobacter",0.47928660314832,-0.000437782743351835,"genus",0.727156202264936
"Methanothrix",0.388244753584835,-0.00126051940056954,"genus",0.727156202264936
"Methylarcula",0.479286474484606,-0.00720320830344214,"genus",0.727156202264936
"Methylobacterium",0.445618277982508,-0.17754588155502,"genus",0.727156202264936
"Methylocaldum",0.338370413133329,-0.0101508442668511,"genus",0.727156202264936
"Methylocella",0.149754492506158,-0.0648321638806358,"genus",0.727156202264936
"Methylococcus",0.179874820023305,-0.0238331666704528,"genus",0.727156202264936
"Methyloligella",0.430924209194293,-0.00724622656578608,"genus",0.727156202264936
"Methylomicrobium",0.518929795144632,-0.000927250237834096,"genus",0.727156202264936
"Methylomonas",0.096879297133484,0.0689187158952898,"genus",0.727156202264936
"Methylophaga",0.30751162471711,-0.0053275752249239,"genus",0.727156202264936
"Methylophilus",0.0401999315765523,0.0655867553395401,"genus",0.727156202264936
"Methylopila",0.479286473175099,-0.00485836095734353,"genus",0.727156202264936
"Methylosinus",0.319689945778226,-0.0232351348195206,"genus",0.727156202264936
"Methylotenera",0.263804937594086,0.0938799737883284,"genus",0.727156202264936
"Methyloversatilis",0.235007304752957,-0.0345014783498356,"genus",0.727156202264936
"Methylovirgula",0.314432535747257,-0.0274681895491526,"genus",0.727156202264936
"Methylovorus",0.0843176436049138,0.0830196226870477,"genus",0.727156202264936
"Methylovulum",0.479286465108556,-0.000764691222581644,"genus",0.727156202264936
"Metschnikowia",0.29793473333931,-0.0193741755598704,"genus",0.727156202264936
"Microbiota",0.214405117179668,0.0187341568708837,"genus",0.727156202264936
"Microbotryum",0.28837731696749,0.0611611601660123,"genus",0.727156202264936
"Microbulbifer",0.302882833127219,-0.00456204869327453,"genus",0.727156202264936
"Microcoleus",0.501528944082144,-0.0326565928997761,"genus",0.727156202264936
"Microcystis",0.479286473175059,-0.0105451294388412,"genus",0.727156202264936
"Microdochium",0.27757522891253,-0.00980726067942106,"genus",0.727156202264936
"Microlunatus",0.357080220651702,0.142581510004153,"genus",0.727156202264936
"Micromonas",0.214405117179667,0.00774917919750322,"genus",0.727156202264936
"Micropruina",0.303066953803249,-0.0561145425995711,"genus",0.727156202264936
"Microsporum",0.479286469604114,-0.00231152052160777,"genus",0.727156202264936
"Microvirga",0.425016400075576,-0.0683670160781895,"genus",0.727156202264936
"Microvirgula",0.471024141637671,-0.000287503631660209,"genus",0.727156202264936
"Mikania",0.159406081934784,0.000535764287615566,"genus",0.727156202264936
"Millerozyma",0.279622515201647,-0.0366852598432271,"genus",0.727156202264936
"Mitosporidium",0.120568272798234,0.0530713653166381,"genus",0.727156202264936
"Mixia",0.251087282357207,0.00560142570636063,"genus",0.727156202264936
"Mobilicoccus",0.330572844515885,-0.0198218713534649,"genus",0.727156202264936
"Mobiluncus",0.304644664789562,0.0649181828848556,"genus",0.727156202264936
"Mogibacterium",0.39770154962496,0.0854430275250452,"genus",0.727156202264936
"Momordica",0.261093523447788,0.0123007186812543,"genus",0.727156202264936
"Monaibacterium",0.401699784052885,-0.0266761646091538,"genus",0.727156202264936
"Monascus",0.39084567722148,-0.00719270409548867,"genus",0.727156202264936
"Monomorphina",0.479286471950402,-0.0156890582091237,"genus",0.727156202264936
"Monotropa",0.159406081933563,0.000639280910279517,"genus",0.727156202264936
"Moorena",0.284299484949532,0.00361184527135258,"genus",0.727156202264936
"Moraxella",0.496023096719916,-0.265898618971025,"genus",0.727156202264936
"Morganella",0.0617675168430292,0.0488147453788709,"genus",0.727156202264936
"Moringa",0.111828639777263,0.0149463502864351,"genus",0.727156202264936
"Morococcus",0.479286603177511,-0.000396691642370226,"genus",0.727156202264936
"Mortierella",0.479286473175099,-0.00485836095734353,"genus",0.727156202264936
"Morus",0.12689067201903,0.0995538208359679,"genus",0.727156202264936
"Mostuea",0.159406079744489,0.00722398244052511,"genus",0.727156202264936
"Motilibacter",0.479286603138382,-0.000229739727199508,"genus",0.727156202264936
"Mucidula",0.518929795144632,-0.000927250237834096,"genus",0.727156202264936
"Mucor",0.512729780522745,-0.0431096378631738,"genus",0.727156202264936
"Mucuna",0.107051304028192,0.0575984934763521,"genus",0.727156202264936
"Mumia",0.443415596857127,0.0319370865897828,"genus",0.727156202264936
"Murdochiella",0.419557154262226,-0.0398225796362974,"genus",0.727156202264936
"Muricauda",0.14997672919304,0.0053788164500468,"genus",0.727156202264936
"Murraya",0.111828639768207,0.0189711683971385,"genus",0.727156202264936
"Mycetocola",0.027570137865659,-0.124681954551642,"genus",0.727156202264936
"Mycoavidus",0.20956153024155,0.0697571031054068,"genus",0.727156202264936
"Mycobacterium",0.508480037360232,-0.141644394220072,"genus",0.727156202264936
"Mycolicibacillus",0.410557060638918,-0.0411726825820255,"genus",0.727156202264936
"Mycolicibacter",0.328716523169243,-0.0170198469786799,"genus",0.727156202264936
"Mycolicibacterium",0.129493506199169,-0.367654800277168,"genus",0.727156202264936
"Mycoplasma",0.47790438624575,-0.128695515309823,"genus",0.727156202264936
"Mycoplasmopsis",0.100796849930469,0.0648134326241303,"genus",0.727156202264936
"Myroides",0.384779610468702,-0.0220559501583271,"genus",0.727156202264936
"Myxacorys",0.504755587062041,-0.00260043338173226,"genus",0.727156202264936
"Myxotrichum",0.504755584849549,-0.000779411216084047,"genus",0.727156202264936
"Naegleria",0.137352174851385,0.00457538514253284,"genus",0.727156202264936
"Naematelia",0.393510318456914,-0.000748392067340872,"genus",0.727156202264936
"Nannizzia",0.384617232181977,-0.000693730397289094,"genus",0.727156202264936
"Narnavirus",0.225968654023038,-0.00185959018046557,"genus",0.727156202264936
"Natrinema",0.37054061434559,-0.00977890247609936,"genus",0.727156202264936
"Natronococcus",0.471024141747962,-0.000231214598239784,"genus",0.727156202264936
"Natronomonas",0.208335687307198,-0.00136072166298756,"genus",0.727156202264936
"Natronorubrum",0.472072369899662,0.00827521638266005,"genus",0.727156202264936
"Naumovozyma",0.479286465107579,-0.00132439807592113,"genus",0.727156202264936
"Negativicoccus",0.443133527220273,-0.103311082918924,"genus",0.727156202264936
"Negevirus",0.479286544299491,-0.00116470924560619,"genus",0.727156202264936
"Neisseria",0.34011897347453,0.364906751911856,"genus",0.727156202264936
"Nematostella",0.29185778994258,-0.00106126872750994,"genus",0.727156202264936
"Neoactinobaculum",0.131023380705145,-0.0265503848603165,"genus",0.727156202264936
"Neobacillus",0.499174881793316,0.0244508392965522,"genus",0.727156202264936
"Neobartsia",0.479286465108222,-0.000744697922416041,"genus",0.727156202264936
"Neocystis",0.159406081934996,0.00106505165154224,"genus",0.727156202264936
"Neodiprion",0.47928646510864,-0.000870451452056237,"genus",0.727156202264936
"Neomicrococcus",0.518929796545916,-0.0029092355763516,"genus",0.727156202264936
"Neopestalotiopsis",0.463989237741515,-0.00155145342264476,"genus",0.727156202264936
"Neptunomonas",0.51892979347674,-0.000475087730938485,"genus",0.727156202264936
"Nesterenkonia",0.165208333570141,-0.110136899533224,"genus",0.727156202264936
"Neurospora",0.228851443306299,-0.0755221612395261,"genus",0.727156202264936
"Nevskia",0.410177102007192,-0.011168763796578,"genus",0.727156202264936
"Niabella",0.374511943738772,-0.00834499558585593,"genus",0.727156202264936
"Nibricoccus",0.351377836217226,-0.0058760744422631,"genus",0.727156202264936
"Nissabacter",0.471024141141874,-0.00121293614142577,"genus",0.727156202264936
"Nitratireductor",0.17856678049297,-0.0607616168029058,"genus",0.727156202264936
"Nitrincola",0.211695451841731,0.0058133430436917,"genus",0.727156202264936
"Nitrobacter",0.233287345885216,-0.0599734054929039,"genus",0.727156202264936
"Nitrosococcus",0.365516516488714,0.0184906528310252,"genus",0.727156202264936
"Nitrosopumilus",0.195107930036417,0.00250488082405649,"genus",0.727156202264936
"Nitrosospira",0.0994956274609359,0.0235998335278637,"genus",0.727156202264936
"Nitrospira",0.464605384240619,-0.0504266902643783,"genus",0.727156202264936
"Nitrospirillum",0.134815774483445,-0.121041894884939,"genus",0.727156202264936
"Nocardia",0.157081087555121,-0.174547507337009,"genus",0.727156202264936
"Nocardioides",0.295838882588753,0.320390393112522,"genus",0.727156202264936
"Nodosilinea",0.29185778994258,-0.00156499099971845,"genus",0.727156202264936
"Nodularia",0.345887289447001,-0.00570508562045266,"genus",0.727156202264936
"Nonlabens",0.254953313204186,0.014195322756632,"genus",0.727156202264936
"Nordella",0.199443447863196,-0.0508967290249644,"genus",0.727156202264936
"Nosema",0.479286471950483,-0.0149886187066811,"genus",0.727156202264936
"Nothotsuga",0.214405117179668,0.0724603859386952,"genus",0.727156202264936
"Notodromas",0.186874779674038,0.0174441546521698,"genus",0.727156202264936
"Noviherbaspirillum",0.368949200928862,-0.0231834400171968,"genus",0.727156202264936
"Novosphingopyxis",0.321815145584323,-0.00343004483128358,"genus",0.727156202264936
"Nowakowskiella",0.159406078912667,0.0155181894372277,"genus",0.727156202264936
"Nupapillomavirus",0.479286456495537,-0.000231204789169926,"genus",0.727156202264936
"Nylanderia",0.354972306154697,-0.0411444061351228,"genus",0.727156202264936
"Nymphaea",0.118183241805184,0.0593913499421941,"genus",0.727156202264936
"Oceanicola",0.479286471950594,-0.0137777172852722,"genus",0.727156202264936
"Oceanihabitans",0.149976728637884,0.00901488808735661,"genus",0.727156202264936
"Oceanimonas",0.486290990023141,-0.00429511861270255,"genus",0.727156202264936
"Oceanisphaera",0.324918866157525,-0.00315527282694446,"genus",0.727156202264936
"Oceanivirga",0.139758263111302,0.108459886267531,"genus",0.727156202264936
"Oceanobacillus",0.123023159224256,0.0680911938288188,"genus",0.727156202264936
"Ocimum",0.159406079101428,0.0195073042396666,"genus",0.727156202264936
"Octadecabacter",0.518929796251729,-0.00254495918801142,"genus",0.727156202264936
"Oculatella",0.377021897746291,-0.0168839924046699,"genus",0.727156202264936
"Odoribacter",0.406925488022402,0.0455934911284278,"genus",0.727156202264936
"Oenococcus",0.0666663877600051,0.0543320466979972,"genus",0.727156202264936
"Oenothera",0.159406079101421,0.010944521399137,"genus",0.727156202264936
"Oidium",0.159406081934252,0.000761138279593252,"genus",0.727156202264936
"Okibacterium",0.479286544307557,-0.00146220925908323,"genus",0.727156202264936
"Olea",0.408067644723551,0.0770904362311115,"genus",0.727156202264936
"Oleomonas",0.479286603112365,-0.000208533897137654,"genus",0.727156202264936
"Olimarabidopsis",0.159406081935914,0.000322083600427249,"genus",0.727156202264936
"Olivibacter",0.518929795144632,-0.000927250237834096,"genus",0.727156202264936
"Olleya",0.235098640407748,0.0238944867968643,"genus",0.727156202264936
"Ombrophytum",0.159406079744376,0.00508185301631898,"genus",0.727156202264936
"Ooceraea",0.213599208563758,-0.0186251155792249,"genus",0.727156202264936
"Ophiocordyceps",0.420988705323508,0.00638618601386155,"genus",0.727156202264936
"Ophiognomonia",0.479286471950517,-0.00336566655934677,"genus",0.727156202264936
"Ophiorrhiza",0.479286465108295,-0.000378930480776853,"genus",0.727156202264936
"Ophiostoma",0.411093791131935,0.0349897643706641,"genus",0.727156202264936
"Ophiovirus",0.479286603147328,-0.000355890321997857,"genus",0.727156202264936
"Opitutus",0.479286469604272,-0.00184855193273914,"genus",0.727156202264936
"Opuntia",0.479286465108295,-0.000378930480776853,"genus",0.727156202264936
"Orchesella",0.2337373669757,-0.00601298774073545,"genus",0.727156202264936
"Oricola",0.319443593788001,-0.008378511490777,"genus",0.727156202264936
"Ornithinimicrobium",0.208629542181797,-0.178386827243304,"genus",0.727156202264936
"Orrella",0.512208353460187,-0.0134376284529115,"genus",0.727156202264936
"Oryza",0.178232181304361,0.209845628735927,"genus",0.727156202264936
"Oryzomicrobium",0.429247932240847,-0.0261321336013211,"genus",0.727156202264936
"Oscillatoria",0.515464503933819,-0.0166743221219331,"genus",0.727156202264936
"Ostrinia",0.4710241415141,-0.000393486312866871,"genus",0.727156202264936
"Otariodibacter",0.214405117179668,0.0287468432956248,"genus",0.727156202264936
"Owenweeksia",0.479286473175056,-0.00552180070823345,"genus",0.727156202264936
"Paenalcaligenes",0.227917528712938,0.0466015090019156,"genus",0.727156202264936
"Paenarthrobacter",0.0132456789921038,0.0674129852268254,"genus",0.727156202264936
"Paeniglutamicibacter",0.471024141450533,-0.00377995436421818,"genus",0.727156202264936
"Paenisporosarcina",0.436491397830715,-0.00255490622414961,"genus",0.727156202264936
"Pahexavirus",0.450244329360113,-0.105537830838518,"genus",0.727156202264936
"Paludibacter",0.0206922069642765,0.0760293766054057,"genus",0.727156202264936
"Paludibaculum",0.346272692703598,-0.0624493544012953,"genus",0.727156202264936
"Panacibacter",0.276100882452729,0.111596182192356,"genus",0.727156202264936
"Panaeolus",0.2490685799095,0.0282578812143707,"genus",0.727156202264936
"Papilio",0.159406081934252,0.000761138279593252,"genus",0.727156202264936
"Parabacteroides",0.276431541279507,0.143779855199307,"genus",0.727156202264936
"Paraburkholderia",0.324650648235484,-0.18205655546456,"genus",0.727156202264936
"Parachlamydia",0.220984963994219,-0.011286186785113,"genus",0.727156202264936
"Paracoccidioides",0.212380864306351,-0.139255878977317,"genus",0.727156202264936
"Paraflavitalea",0.217318493336183,0.069147641398941,"genus",0.727156202264936
"Paraglaciecola",0.504755584821558,-0.000677343073621905,"genus",0.727156202264936
"Paraliobacillus",0.05640238524548,0.0121814065055967,"genus",0.727156202264936
"Paramecium",0.479286465108196,-0.000456550961909266,"genus",0.727156202264936
"Paraphaeosphaeria",0.310460754647235,0.00839080506811442,"genus",0.727156202264936
"Paraprevotella",0.118038992862861,0.126963690540982,"genus",0.727156202264936
"Pararhodospirillum",0.403300143307454,-0.0126810873154078,"genus",0.727156202264936
"Parasponia",0.356959371099104,-0.000595728508481517,"genus",0.727156202264936
"Parasteatoda",0.504755587244546,-0.0204987091146882,"genus",0.727156202264936
"Paraurantiacibacter",0.322741147601908,-0.0153978857691,"genus",0.727156202264936
"Parengyodontium",0.504755587090667,-0.00235531902346809,"genus",0.727156202264936
"Paris",0.214405117179668,0.006829519581903,"genus",0.727156202264936
"Paroceanicella",0.375679152167598,-0.0381683684553735,"genus",0.727156202264936
"Parvimonas",0.330487415788234,0.145086800853866,"genus",0.727156202264936
"Parvularcula",0.479286469604173,-0.00147759316380585,"genus",0.727156202264936
"Passiflora",0.021186063875043,0.0143912114576773,"genus",0.727156202264936
"Pasteurella",0.357142958496706,0.0699532951117563,"genus",0.727156202264936
"Patellaria",0.515847128263999,0.0317895269107107,"genus",0.727156202264936
"Patulibacter",0.358180110709117,0.0614761992352475,"genus",0.727156202264936
"Paucibacter",0.107589413776006,-0.112603820195994,"genus",0.727156202264936
"Paucimonas",0.279191423011018,-0.0202431079356887,"genus",0.727156202264936
"Paxillus",0.518929796545918,-0.00216594967195326,"genus",0.727156202264936
"Pbunavirus",0.479286471950497,-0.0157842648753801,"genus",0.727156202264936
"Pectinatus",0.159406079744553,0.0059058977430274,"genus",0.727156202264936
"Pediculus",0.303609488855646,0.0253764813198084,"genus",0.727156202264936
"Pediococcus",0.452676104122593,-0.0507510618748807,"genus",0.727156202264936
"Pediomelum",0.104165976474005,0.00737459069849595,"genus",0.727156202264936
"Pedosphaera",0.47928646960419,-0.0298075080300894,"genus",0.727156202264936
"Pegivirus",0.479286473175079,-0.0100100610712498,"genus",0.727156202264936
"Pelagerythrobacter",0.387271897304246,-0.0127924331579929,"genus",0.727156202264936
"Pelagibaca",0.479286473814152,-0.00568352405461034,"genus",0.727156202264936
"Pelagibacterium",0.180451911198392,-0.055575910515052,"genus",0.727156202264936
"Pelagovum",0.518929796582762,-0.00423937071833292,"genus",0.727156202264936
"Pelistega",0.338692232480698,0.000550774157224302,"genus",0.727156202264936
"Pelobacter",0.212918869714489,-0.0700990115700239,"genus",0.727156202264936
"Pelosinus",0.187987496938777,0.0183089743358642,"genus",0.727156202264936
"Peltaster",0.276447448051765,0.0124835740660665,"genus",0.727156202264936
"Peltigera",0.479286456496204,-0.000127523326138044,"genus",0.727156202264936
"Penicilliopsis",0.152975549996261,0.00428935621680088,"genus",0.727156202264936
"Peptoanaerobacter",0.479286465109061,-0.000378028587156713,"genus",0.727156202264936
"Peptoclostridium",0.41399044018485,-0.00686590298346941,"genus",0.727156202264936
"Peptococcus",0.20789916268633,0.0669943176267069,"genus",0.727156202264936
"Peptoniphilus",0.190616507994516,-0.592276299686281,"genus",0.727156202264936
"Peptostreptococcus",0.307577586111276,-0.156760144261193,"genus",0.727156202264936
"Peribacillus",0.105153950665714,0.0874910383850113,"genus",0.727156202264936
"Periconia",0.477116631912683,-0.00236837015534585,"genus",0.727156202264936
"Permianibacter",0.479286473814133,-0.00581081674025112,"genus",0.727156202264936
"Persea",0.0460532414225014,0.0647647354056628,"genus",0.727156202264936
"Persephonella",0.518929796545918,-0.00216594967195326,"genus",0.727156202264936
"Pestalotiopsis",0.229896601654658,-0.0012462323379265,"genus",0.727156202264936
"Petrimonas",0.149976728813357,0.0283534846079978,"genus",0.727156202264936
"Phacus",0.479286473814126,-0.0084328089731172,"genus",0.727156202264936
"Phaeoacremonium",0.370256970212311,0.0062915065752146,"genus",0.727156202264936
"Phaeodactylum",0.480978081539991,-0.00963789017991054,"genus",0.727156202264936
"Phaffia",0.415246486588626,-0.0798071790886736,"genus",0.727156202264936
"Phalaenopsis",0.214405117179668,0.0209895925228552,"genus",0.727156202264936
"Phalaris",0.479286469604114,-0.00231152052160777,"genus",0.727156202264936
"Phanerochaete",0.140271685818209,0.0275175766405533,"genus",0.727156202264936
"Phascolarctobacterium",0.425356134593275,0.0312771253033369,"genus",0.727156202264936
"Phenylobacterium",0.3927936957396,-0.0881535618416224,"genus",0.727156202264936
"Phialocephala",0.233999292204031,-0.147504617234014,"genus",0.727156202264936
"Phialophora",0.057142056289618,0.00401875919645561,"genus",0.727156202264936
"Phlebiopsis",0.476170444300859,-0.0289287637814585,"genus",0.727156202264936
"Phoma",0.479286474484606,-0.00720320830344214,"genus",0.727156202264936
"Photinus",0.213926039801839,0.0142732761002615,"genus",0.727156202264936
"Photobacterium",0.264486205536698,-0.0632157418803479,"genus",0.727156202264936
"Photorhabdus",0.445969920256978,0.00106370345825077,"genus",0.727156202264936
"Phreatobacter",0.12167301914015,-0.133628154939262,"genus",0.727156202264936
"Phycomyces",0.0885232910415525,0.0027407821105122,"genus",0.727156202264936
"Phyllostachys",0.479286469604114,-0.00231152052160777,"genus",0.727156202264936
"Physcomitrium",0.214405117179668,0.0380717734688435,"genus",0.727156202264936
"Phytobacter",0.38108102187374,-0.00133186756314467,"genus",0.727156202264936
"Phytohabitans",0.402312997130439,-0.00709042882914343,"genus",0.727156202264936
"Pichia",0.19559465009659,-0.188816353722644,"genus",0.727156202264936
"Pigmentiphaga",0.447697446607455,0.0335989631413799,"genus",0.727156202264936
"Pijolavirus",0.471024141681369,-0.000275083659071201,"genus",0.727156202264936
"Piper",0.479286465109275,-0.000309769051135118,"genus",0.727156202264936
"Piscinibacter",0.479286465108556,-0.000764691222581644,"genus",0.727156202264936
"Pistricoccus",0.172143068788911,-0.0212655855720063,"genus",0.727156202264936
"Pisum",0.376490881102514,-0.065891547872946,"genus",0.727156202264936
"Pittosporum",0.159406081935914,0.000322083600427249,"genus",0.727156202264936
"Planctomyces",0.483351672349357,-0.0302136943148162,"genus",0.727156202264936
"Planktomarina",0.479286465108556,-0.000764691222581644,"genus",0.727156202264936
"Planktothrix",0.487055320787273,-0.0149074825689225,"genus",0.727156202264936
"Planococcus",0.409591139415132,-0.0920503013583824,"genus",0.727156202264936
"Plantago",0.355044525321749,0.00345698819481636,"genus",0.727156202264936
"Plasmodium",0.194831303686833,0.00139075611280835,"genus",0.727156202264936
"Plenodomus",0.159406080515058,0.00269494138162118,"genus",0.727156202264936
"Pleomorphomonas",0.30771819054341,-0.0509629574846398,"genus",0.727156202264936
"Plesiomonas",0.159406080514169,0.00289071203967628,"genus",0.727156202264936
"Pluralibacter",0.147523527856115,-0.0186895903137549,"genus",0.727156202264936
"Plutella",0.326307565792169,-0.00527510797639246,"genus",0.727156202264936
"Pluteus",0.261640531015279,-0.00145853590632504,"genus",0.727156202264936
"Poa",0.471024141141874,-0.00121293614142577,"genus",0.727156202264936
"Podosphaera",0.224074162628142,0.0273443132092007,"genus",0.727156202264936
"Polaromonas",0.278368096958886,-0.0867736448382462,"genus",0.727156202264936
"Polerovirus",0.50475558482682,-0.00099942550481586,"genus",0.727156202264936
"Polistes",0.388008325520169,-0.0061898821009856,"genus",0.727156202264936
"Polynucleobacter",0.351958219136519,0.0445477742238414,"genus",0.727156202264936
"Polyporus",0.301646285231038,-0.0138374319347718,"genus",0.727156202264936
"Pomovirus",0.479286471950517,-0.00336566655934677,"genus",0.727156202264936
"Pongamia",0.104166043252077,0.00469133085389256,"genus",0.727156202264936
"Pontederia",0.214405117179668,0.00483274941213554,"genus",0.727156202264936
"Pontibacter",0.111366489043843,0.0392121616954255,"genus",0.727156202264936
"Pontimonas",0.479286473814133,-0.00581081674025112,"genus",0.727156202264936
"Populus",0.0709165702822981,0.145340853316875,"genus",0.727156202264936
"Porphyromonas",0.367850782960976,0.260523281148339,"genus",0.727156202264936
"Portulaca",0.47928647195061,-0.00363994177267424,"genus",0.727156202264936
"Postia",0.430204003235452,-0.0135728646909152,"genus",0.727156202264936
"Potyvirus",0.509345601728219,-0.067569836453599,"genus",0.727156202264936
"Pragia",0.504755585084934,-0.000339563159293305,"genus",0.727156202264936
"Prasiola",0.123696789433742,0.00234651890144619,"genus",0.727156202264936
"Priestia",0.365908993350685,0.0505690747524762,"genus",0.727156202264936
"Primula",0.159406079744489,0.00722398244052511,"genus",0.727156202264936
"Prochlorococcus",0.133024668458165,0.0196830390739933,"genus",0.727156202264936
"Propionimicrobium",0.458388462785567,-0.0540253372271295,"genus",0.727156202264936
"Prosthecobacter",0.486290989975136,-0.00284653784888617,"genus",0.727156202264936
"Prosthecochloris",0.159406081936073,0.00151837135752225,"genus",0.727156202264936
"Proteomonas",0.479286473814126,-0.0084328089731172,"genus",0.727156202264936
"Protomyces",0.518929794684091,-0.00135859853725915,"genus",0.727156202264936
"Prototheca",0.479286469604294,-0.00145064115518825,"genus",0.727156202264936
"Prunus",0.491445822871051,0.0780353013077238,"genus",0.727156202264936
"Psathyrella",0.504755584852676,-0.000985691334893826,"genus",0.727156202264936
"Pseudactinotalea",0.167309129200131,-0.0147816651547977,"genus",0.727156202264936
"Pseudanabaena",0.278321752639727,-0.00698825063033131,"genus",0.727156202264936
"Pseudarcobacter",0.137857487963632,0.00637933446030737,"genus",0.727156202264936
"Pseudarthrobacter",0.424862301085646,-0.0905923501229661,"genus",0.727156202264936
"Pseudoalteromonas",0.219100884353118,-0.0563396862850509,"genus",0.727156202264936
"Pseudobacter",0.518411843023465,-0.0483193393358464,"genus",0.727156202264936
"Pseudobutyrivibrio",0.216631243506911,0.0218292999402293,"genus",0.727156202264936
"Pseudocercospora",0.205431507361857,0.0736861916247859,"genus",0.727156202264936
"Pseudochrobactrum",0.504755586833731,-0.00239026572171772,"genus",0.727156202264936
"Pseudocohnilembus",0.479286469603924,-0.0199444781660188,"genus",0.727156202264936
"Pseudodesulfovibrio",0.509620121205843,-0.014750358219308,"genus",0.727156202264936
"Pseudodiaptomus",0.479286471950478,-0.00420585558421891,"genus",0.727156202264936
"Pseudohalocynthiibacter",0.518929796599862,-0.00325988155112936,"genus",0.727156202264936
"Pseudohongiella",0.332321244471159,-0.0066299321108055,"genus",0.727156202264936
"Pseudolabrys",0.257945879351045,-0.0788523295159129,"genus",0.727156202264936
"Pseudolarix",0.214405117179668,0.0137663264646586,"genus",0.727156202264936
"Pseudoleptotrichia",0.340651544130903,0.046674632207033,"genus",0.727156202264936
"Pseudolysobacter",0.39516727093395,-0.0430313836845502,"genus",0.727156202264936
"Pseudomicrostroma",0.51853200580173,0.0249519075086516,"genus",0.727156202264936
"Pseudooceanicola",0.458970398101209,-0.00754238205649705,"genus",0.727156202264936
"Pseudopedobacter",0.471024142002165,-0.000132775989651016,"genus",0.727156202264936
"Pseudoperonospora",0.504755586758984,-0.0148055032516117,"genus",0.727156202264936
"Pseudopuniceibacterium",0.479286469604233,-0.021729122898785,"genus",0.727156202264936
"Pseudoramibacter",0.321340666248022,-0.0102333479061314,"genus",0.727156202264936
"Pseudorhodobacter",0.425823222707573,0.0259890825188376,"genus",0.727156202264936
"Pseudorhodoferax",0.3215016119151,-0.000611108616347418,"genus",0.727156202264936
"Pseudorhodoplanes",0.147386351446003,-0.0606268414085804,"genus",0.727156202264936
"Pseudotaxus",0.214405117179668,0.00862331679835162,"genus",0.727156202264936
"Pseudotsuga",0.230787221019183,0.0517699866924724,"genus",0.727156202264936
"Pseudovibrio",0.263869700762352,-0.00211218030168584,"genus",0.727156202264936
"Pseudovirgaria",0.0478867402978664,0.00261225250784578,"genus",0.727156202264936
"Pseudozyma",0.168540296761251,0.130665756752142,"genus",0.727156202264936
"Psilocybe",0.357893153482703,-0.00126724799477041,"genus",0.727156202264936
"Psoroptes",0.15940607974432,0.00659351723403324,"genus",0.727156202264936
"Psychrobacillus",0.442245263750527,-0.0237071877104731,"genus",0.727156202264936
"Psychrobacter",0.176805281278165,-0.284054956256475,"genus",0.727156202264936
"Psychroflexus",0.359987486749026,0.00816691369731158,"genus",0.727156202264936
"Pteris",0.29185778994258,-0.0103179060406739,"genus",0.727156202264936
"Pterocarpus",0.479286469604001,-0.0173062004395425,"genus",0.727156202264936
"Punica",0.0668131496852977,0.074906677155288,"genus",0.727156202264936
"Purpureocillium",0.0846389926246768,-0.149863812345765,"genus",0.727156202264936
"Pyramidobacter",0.471024140659018,-0.00767367943632556,"genus",0.727156202264936
"Pyrenophora",0.385209942998244,-0.0696409096510958,"genus",0.727156202264936
"Pyricularia",0.292640342212072,-0.0456993797389642,"genus",0.727156202264936
"Qipengyuania",0.229278470846781,-0.0547569760725278,"genus",0.727156202264936
"Quadrisphaera",0.214405117179668,0.00022182773393657,"genus",0.727156202264936
"Rachicladosporium",0.486290989995756,-0.00116121619476045,"genus",0.727156202264936
"Raineya",0.471024141771329,-0.000211943887916073,"genus",0.727156202264936
"Raineyella",0.184476552019683,-0.0869319924156364,"genus",0.727156202264936
"Ralstonia",0.380469275149158,-0.249749632604624,"genus",0.727156202264936
"Ramlibacter",0.21635703508052,-0.153171651461216,"genus",0.727156202264936
"Renibacterium",0.311545061623077,0.0361044420665052,"genus",0.727156202264936
"Rhagoletis",0.228046729180396,-0.0566794099988649,"genus",0.727156202264936
"Rhamnella",0.159406081935914,0.000322083600427249,"genus",0.727156202264936
"Rheinheimera",0.107170730678378,0.185393163209737,"genus",0.727156202264936
"Rhexinema",0.479286473814128,-0.00608851481269515,"genus",0.727156202264936
"Rhinocladiella",0.393119687774855,-0.0072028964245467,"genus",0.727156202264936
"Rhizobacter",0.38734607885296,-0.103392832545999,"genus",0.727156202264936
"Rhizophagus",0.176459185279668,0.0153990048693045,"genus",0.727156202264936
"Rhizoplaca",0.479286471950446,-0.00428494581317926,"genus",0.727156202264936
"Rhizopogon",0.504755584829046,-0.000227661948505563,"genus",0.727156202264936
"Rhizopus",0.168301341844567,0.107788833073651,"genus",0.727156202264936
"Rhizorhabdus",0.234534578730543,-0.0559833388488151,"genus",0.727156202264936
"Rhodamnia",0.325871357168505,0.0239702316375331,"genus",0.727156202264936
"Rhodanobacter",0.294622918068817,0.0665110551872379,"genus",0.727156202264936
"Rhodobaca",0.479286469604495,-0.0286822986613095,"genus",0.727156202264936
"Rhodobacter",0.369035568790501,-0.0884622512630557,"genus",0.727156202264936
"Rhodoblastus",0.241616707627398,-0.0272928634084024,"genus",0.727156202264936
"Rhodocyclus",0.449123123214522,-0.00911423262199481,"genus",0.727156202264936
"Rhodocytophaga",0.289468860695295,-0.0386762303372785,"genus",0.727156202264936
"Rhododendron",0.0373687176035746,0.0136731085113819,"genus",0.727156202264936
"Rhodoferax",0.309161264013573,-0.137787648477915,"genus",0.727156202264936
"Rhodoluna",0.47928646960419,-0.00181672644589054,"genus",0.727156202264936
"Rhodopirellula",0.479286465107516,-0.000389285185842469,"genus",0.727156202264936
"Rhodospirillum",0.343794771373535,-0.0235007875672333,"genus",0.727156202264936
"Rhopalosiphum",0.37607157169028,-0.00324311594621122,"genus",0.727156202264936
"Rhus",0.159406079744544,0.007319045046646,"genus",0.727156202264936
"Rhynchomonas",0.479286471950478,-0.00420585558421891,"genus",0.727156202264936
"Rhynchosporium",0.479286474147629,-0.00796303674799476,"genus",0.727156202264936
"Rickenella",0.496523595226959,-0.00531047031753876,"genus",0.727156202264936
"Rickettsiella",0.518929794671428,-0.000181046554068651,"genus",0.727156202264936
"Riemerella",0.0107030381551264,0.109220013544436,"genus",0.727156202264936
"Rivularia",0.377766649541065,-0.0289990654010143,"genus",0.727156202264936
"Robbsia",0.504755493315165,-0.00606962547335748,"genus",0.727156202264936
"Rosa",0.0469817462297206,0.0900314218259078,"genus",0.727156202264936
"Roseateles",0.206098360064635,-0.0830731003232287,"genus",0.727156202264936
"Roseibacterium",0.479286469604194,-0.019136332653191,"genus",0.727156202264936
"Roseicitreum",0.374559060275073,-0.0259529991430479,"genus",0.727156202264936
"Roseimicrobium",0.159406081934223,0.000673650280249869,"genus",0.727156202264936
"Roseivirga",0.172199145387446,-0.00106083332850691,"genus",0.727156202264936
"Roseivivax",0.511741048213505,-0.0272812921990366,"genus",0.727156202264936
"Rosenblumvirus",0.103922115801774,-0.0512475038526197,"genus",0.727156202264936
"Rosistilla",0.479286465107516,-0.000389285185842469,"genus",0.727156202264936
"Rothia",0.328703241629884,0.408115576113705,"genus",0.727156202264936
"Rouxiella",0.391890373467016,-0.0302312465451117,"genus",0.727156202264936
"Ruania",0.304750897072185,-0.0251663886397522,"genus",0.727156202264936
"Rubrivivax",0.21463521820126,-0.18125438409532,"genus",0.727156202264936
"Rudaea",0.104166221646173,0.000848665285386794,"genus",0.727156202264936
"Ruegeria",0.253865002934176,-0.0378447384868622,"genus",0.727156202264936
"Rugamonas",0.51892979347674,-0.000475087730938485,"genus",0.727156202264936
"Rumex",0.479286456489548,-0.000154393426038947,"genus",0.727156202264936
"Ruminiclostridium",0.40207549450968,0.0719292861496347,"genus",0.727156202264936
"Rummeliibacillus",0.486290989990105,-0.00147658026926789,"genus",0.727156202264936
"Runella",0.427667824383013,-0.0055444431001819,"genus",0.727156202264936
"Russula",0.392727416691109,0.00473266395441413,"genus",0.727156202264936
"Ruthenibacterium",0.0282625961629097,0.143486600894628,"genus",0.727156202264936
"Saccharomycodes",0.452243417751053,-0.00644337475170748,"genus",0.727156202264936
"Saccharopolyspora",0.29301644698587,-0.100524950442523,"genus",0.727156202264936
"Saccharospirillum",0.413825616961596,-0.00463640906157601,"genus",0.727156202264936
"Saccharothrix",0.507788150864192,0.0395863931620903,"genus",0.727156202264936
"Sagittaria",0.50475558519227,-0.000196201116240734,"genus",0.727156202264936
"Sagittula",0.479286469604354,-0.0268324742981485,"genus",0.727156202264936
"Saitoella",0.197109600200785,-0.0134400554517844,"genus",0.727156202264936
"Saitozyma",0.479286465107516,-0.000389285185842469,"genus",0.727156202264936
"Salaquimonas",0.486290990036274,-0.00402119615781724,"genus",0.727156202264936
"Salicibibacter",0.0660383867401098,0.00528987339986722,"genus",0.727156202264936
"Salimicrobium",0.479286471950486,-0.00432638460200709,"genus",0.727156202264936
"Salinadaptatus",0.0669670350555059,-0.111580339147248,"genus",0.727156202264936
"Salinicola",0.0850851183702201,-0.0747724204567642,"genus",0.727156202264936
"Salinigranum",0.479286465108222,-0.000744697922416041,"genus",0.727156202264936
"Salinimicrobium",0.0514104066706513,0.0116796108428087,"genus",0.727156202264936
"Salinimonas",0.326650386288188,-0.00446919462250363,"genus",0.727156202264936
"Salinisphaera",0.370922520979288,-0.0169057533557507,"genus",0.727156202264936
"Salinivibrio",0.302023663484536,-0.0225282838796901,"genus",0.727156202264936
"Salinivirga",0.159406081934987,0.00102439843154543,"genus",0.727156202264936
"Salipiger",0.335941787332619,-0.0573692749855606,"genus",0.727156202264936
"Salix",0.0904469732132402,0.0640006945038497,"genus",0.727156202264936
"Salmonella",0.42243631790571,0.063425628299288,"genus",0.727156202264936
"Salvia",0.0470407813390485,0.0568146129264359,"genus",0.727156202264936
"Sandaracinobacter",0.479286473175091,-0.00471571669475791,"genus",0.727156202264936
"Sandaracinus",0.137857488632732,0.000740069706978549,"genus",0.727156202264936
"Sandarakinorhabdus",0.287418399654212,-0.00704562543979353,"genus",0.727156202264936
"Sapindus",0.159406078846712,0.0141019580341233,"genus",0.727156202264936
"Sarcina",0.159406081934987,0.00102439843154543,"genus",0.727156202264936
"Sarocladium",0.429973856640559,0.0362958702693376,"genus",0.727156202264936
"Saxifraga",0.159406081935914,0.000322083600427249,"genus",0.727156202264936
"Scaptodrosophila",0.479286469604022,-0.00233582616740542,"genus",0.727156202264936
"Scardovia",0.512860290153267,0.0746846529893254,"genus",0.727156202264936
"Schaalia",0.137474257476644,0.594452460023454,"genus",0.727156202264936
"Scheffersomyces",0.205285716639424,-0.0378034023415727,"genus",0.727156202264936
"Schistosoma",0.163957642079767,-0.0460214686674674,"genus",0.727156202264936
"Schizophyllum",0.161130898292106,0.0278058201415382,"genus",0.727156202264936
"Schizopora",0.489390539476272,-0.0289410659256856,"genus",0.727156202264936
"Schizosaccharomyces",0.428666530357332,0.00898099495238535,"genus",0.727156202264936
"Schleiferilactobacillus",0.159406080514189,0.066110611127075,"genus",0.727156202264936
"Schmidtea",0.479286465108331,-0.0450268552798747,"genus",0.727156202264936
"Schnuerera",0.244670249489095,0.0538403677571581,"genus",0.727156202264936
"Sclerotinia",0.221245925661698,-0.0625813869256099,"genus",0.727156202264936
"Scytalidium",0.489761022167407,-0.00720845272425042,"genus",0.727156202264936
"Sebaldella",0.0459618888748617,0.0173407814666741,"genus",0.727156202264936
"Secale",0.137857488632732,0.000740069706978549,"genus",0.727156202264936
"Secundilactobacillus",0.0707654049726205,0.0251344146512915,"genus",0.727156202264936
"Sediminicola",0.149976729010731,0.00615714804208442,"genus",0.727156202264936
"Segetibacter",0.149976731138473,0.00179110177648159,"genus",0.727156202264936
"Segniliparus",0.479286469604234,-0.0187815847946857,"genus",0.727156202264936
"Selaginella",0.51627202582068,-0.0652563121201715,"genus",0.727156202264936
"Selenomonas",0.0794973113281126,0.287975539988979,"genus",0.727156202264936
"Senna",0.313689094451654,-0.00431497243607525,"genus",0.727156202264936
"Seonamhaeicola",0.207711543678857,0.0185568816747865,"genus",0.727156202264936
"Serendipita",0.486290993580033,-0.000204598563345406,"genus",0.727156202264936
"Serpentinimonas",0.241195388600503,-0.192117522260907,"genus",0.727156202264936
"Serpula",0.416119918550231,0.00766588858127221,"genus",0.727156202264936
"Setomelanomma",0.149976732704624,0.000903094544279582,"genus",0.727156202264936
"Sextaecvirus",0.186377501805839,-0.159782378890068,"genus",0.727156202264936
"Shigella",0.283267265074021,0.0490313949735028,"genus",0.727156202264936
"Shimwellia",0.431339539683023,-0.00113928205784567,"genus",0.727156202264936
"Shuttleworthia",0.159406081934987,0.00102439843154543,"genus",0.727156202264936
"Siansivirga",0.122098001212313,0.0130560909351704,"genus",0.727156202264936
"Silene",0.182825553312501,0.0695816311362691,"genus",0.727156202264936
"Silicimonas",0.382950375300041,-0.026415113451777,"genus",0.727156202264936
"Silviavirus",0.446329720590522,-0.00142931792791596,"genus",0.727156202264936
"Simiduia",0.479286465108556,-0.000764691222581644,"genus",0.727156202264936
"Sinapis",0.0969599664406038,0.0959164673001359,"genus",0.727156202264936
"Singulisphaera",0.206920369528641,0.0463875397582589,"genus",0.727156202264936
"Sinimarinibacterium",0.22866838750307,-0.00320618778997436,"genus",0.727156202264936
"Sipha",0.466237889990088,-0.00445702438452946,"genus",0.727156202264936
"Skermanella",0.481869922715315,-0.0410591590194385,"genus",0.727156202264936
"Slashvirus",0.154253028849958,0.0461971840126952,"genus",0.727156202264936
"Sneathia",0.110763609162431,0.0527600528211089,"genus",0.727156202264936
"Sobemovirus",0.323574899946047,-0.00313579506799914,"genus",0.727156202264936
"Sodalis",0.499449137381914,-0.0390610365968532,"genus",0.727156202264936
"Sodiomyces",0.315995635688453,-0.00149779684386306,"genus",0.727156202264936
"Solanum",0.451299589788552,0.177171352961012,"genus",0.727156202264936
"Solenopsis",0.392660834679701,-0.00286912190673245,"genus",0.727156202264936
"Solimonas",0.392648703510175,-0.0139021942825939,"genus",0.727156202264936
"Solirubrobacter",0.159406081931572,0.000466731887061361,"genus",0.727156202264936
"Solobacterium",0.159406080514095,0.00200094288468102,"genus",0.727156202264936
"Sorbus",0.159406079327403,0.00916689836367618,"genus",0.727156202264936
"Sorghum",0.0824108620772045,0.022336791707215,"genus",0.727156202264936
"Spathaspora",0.1920499061757,-0.0384216501484616,"genus",0.727156202264936
"Spatholobus",0.362345419711478,-0.00819259451808367,"genus",0.727156202264936
"Sphaerobacter",0.308082879116791,-0.0297633442684871,"genus",0.727156202264936
"Sphaerospermopsis",0.400633307883695,-0.0157037008983338,"genus",0.727156202264936
"Sphaerotilus",0.292294540457438,-0.180700095677506,"genus",0.727156202264936
"Sphaerulina",0.459603642294115,-0.00998317229418991,"genus",0.727156202264936
"Sphingobacterium",0.0820339990764077,-0.193086537116741,"genus",0.727156202264936
"Sphingomonas",0.453162696830706,0.252110134010548,"genus",0.727156202264936
"Sphingopyxis",0.501902133637693,-0.119607375966272,"genus",0.727156202264936
"Sphingorhabdus",0.433561707758063,-0.0440248452962866,"genus",0.727156202264936
"Sphingosinicella",0.406753560225314,-0.0749379259507521,"genus",0.727156202264936
"Sphingosinithalassobacter",0.161130788517114,-0.169046259314636,"genus",0.727156202264936
"Spinacia",0.234969114280785,0.0683153966565185,"genus",0.727156202264936
"Spiribacter",0.381768067599951,-0.0918848106219183,"genus",0.727156202264936
"Spirodela",0.329590049373276,0.0285184713346495,"genus",0.727156202264936
"Spiroplasma",0.500295288346903,-0.0207137535817997,"genus",0.727156202264936
"Spizellomyces",0.334020391321595,-0.000426972556485044,"genus",0.727156202264936
"Spodoptera",0.413191735978503,-0.0206907273505784,"genus",0.727156202264936
"Spondias",0.0506596513769453,0.167483053300111,"genus",0.727156202264936
"Sporobolomyces",0.504755586076903,-0.0104547558937344,"genus",0.727156202264936
"Sporolactobacillus",0.479286465107408,-0.0401224985678477,"genus",0.727156202264936
"Sporomusa",0.376795890153417,-0.0108418365584928,"genus",0.727156202264936
"Sporothrix",0.0957760439239033,0.0827774086665865,"genus",0.727156202264936
"Spumella",0.149976426044418,0.000341688873738486,"genus",0.727156202264936
"Stachybotrys",0.157495534947983,0.0460166125099454,"genus",0.727156202264936
"Stackebrandtia",0.479286473175064,-0.00533393592683481,"genus",0.727156202264936
"Staphylococcus",0.404761551014835,-0.471242324591624,"genus",0.727156202264936
"Stappia",0.414341596467296,0.0461140941484436,"genus",0.727156202264936
"Starkeya",0.265546091348287,-0.0616878572055812,"genus",0.727156202264936
"Starmerella",0.479286469604398,-0.0282686445348829,"genus",0.727156202264936
"Steccherinum",0.504755584726538,-0.000578036121564863,"genus",0.727156202264936
"Stemphylium",0.227059622822046,-0.0460130541090711,"genus",0.727156202264936
"Sterigmatomyces",0.471024141152753,-0.00110914235629143,"genus",0.727156202264936
"Sterolibacterium",0.492804521811669,-0.00449707594663728,"genus",0.727156202264936
"Stewartia",0.386644668578952,-0.00199049626409518,"genus",0.727156202264936
"Stichococcus",0.185668410515229,0.0245243861336355,"genus",0.727156202264936
"Stigmaeopsis",0.149976426044418,0.000341688873738486,"genus",0.727156202264936
"Stigmatella",0.312313688967008,0.015475656273127,"genus",0.727156202264936
"Streptacidiphilus",0.442280736664435,0.0293513326069409,"genus",0.727156202264936
"Streptobacillus",0.242726653615241,0.0415647088838189,"genus",0.727156202264936
"Streptomonospora",0.518822389345154,-0.018535432351006,"genus",0.727156202264936
"Streptomyces",0.381957996566581,-0.211118434885599,"genus",0.727156202264936
"Streptosporangium",0.282397282491393,0.0436018496230367,"genus",0.727156202264936
"Strongyloides",0.325503882320217,-0.00687737352259369,"genus",0.727156202264936
"Stylosanthes",0.159406079101441,0.0100990477634955,"genus",0.727156202264936
"Styphnolobium",0.104166160412185,0.00166822259518215,"genus",0.727156202264936
"Subteminivirus",0.479286465107621,-0.000750279916131949,"genus",0.727156202264936
"Subtercola",0.45293085793653,-0.00177919635963923,"genus",0.727156202264936
"Sugiyamaella",0.357655821377361,0.00567114637139426,"genus",0.727156202264936
"Sulfitobacter",0.112085862053743,-0.145085455790108,"genus",0.727156202264936
"Sulfuriferula",0.0618781315668571,0.0838431531233576,"genus",0.727156202264936
"Sulfurifustis",0.320310088170992,-0.00486831336706693,"genus",0.727156202264936
"Sulfurimicrobium",0.422736101432172,-0.0152577569855292,"genus",0.727156202264936
"Sulfuritalea",0.479286469604192,-0.00209258624951444,"genus",0.727156202264936
"Sulfuritortus",0.316658376927963,-0.0231787896966326,"genus",0.727156202264936
"Sulfurospirillum",0.474097848311065,0.00282159094654915,"genus",0.727156202264936
"Sutterella",0.203677863314208,-0.0493005493375877,"genus",0.727156202264936
"Sydowia",0.111828640247273,0.0443042922768102,"genus",0.727156202264936
"Syntrophomonas",0.412730489266163,-0.00528985078159488,"genus",0.727156202264936
"Syntrophus",0.159406081935411,0.000518472268605523,"genus",0.727156202264936
"Tabrizicola",0.216559216924054,-0.0359091642855138,"genus",0.727156202264936
"Taeniatherum",0.479286469604114,-0.00231152052160777,"genus",0.727156202264936
"Talaromyces",0.429329957422123,-0.114291183337993,"genus",0.727156202264936
"Tamlana",0.149976728626544,0.0228205109868781,"genus",0.727156202264936
"Tannerella",0.180351408573178,0.274604629478847,"genus",0.727156202264936
"Tardibacter",0.280642309942219,-0.0213135918564124,"genus",0.727156202264936
"Tardiphaga",0.158715222647231,-0.148925988927969,"genus",0.727156202264936
"Tarenaya",0.214405117179668,0.0330818642777147,"genus",0.727156202264936
"Tateyamaria",0.423686247445323,-0.00168612713639791,"genus",0.727156202264936
"Tatlockia",0.50475558482682,-0.00099942550481586,"genus",0.727156202264936
"Tatumella",0.329536353845365,0.00979290438764775,"genus",0.727156202264936
"Tausonia",0.377313626512477,-0.0180696899102944,"genus",0.727156202264936
"Taxodium",0.214405117179668,0.0137663264646586,"genus",0.727156202264936
"Taxus",0.224315420422034,0.0347395150784825,"genus",0.727156202264936
"Taylorella",0.219293106801168,-0.00887875312854802,"genus",0.727156202264936
"Tenacibaculum",0.246066642197484,0.0916516984318726,"genus",0.727156202264936
"Tepidiforma",0.320388733182819,-0.00945052378369272,"genus",0.727156202264936
"Tequatrovirus",0.293856035139525,0.000539865539155945,"genus",0.727156202264936
"Teratosphaeria",0.274294652820143,-0.0429519070529799,"genus",0.727156202264936
"Teredinibacter",0.197879978392286,-0.00421287444677257,"genus",0.727156202264936
"Terfezia",0.159406080515091,0.0656613896628966,"genus",0.727156202264936
"Terricaulis",0.403055749306669,-0.00868080146023636,"genus",0.727156202264936
"Terrimonas",0.149976732424072,0.000995690627730067,"genus",0.727156202264936
"Terrisporobacter",0.357893153482704,-0.00242063017642468,"genus",0.727156202264936
"Tessaracoccus",0.190030136940917,-0.190392955347466,"genus",0.727156202264936
"Tetradium",0.159406079744376,0.00508185301631898,"genus",0.727156202264936
"Tetranychus",0.346938214488236,0.158941952664364,"genus",0.727156202264936
"Tetratostichococcus",0.159406081934996,0.00106505165154224,"genus",0.727156202264936
"Teucrium",0.415655421590418,-0.00982429900497359,"genus",0.727156202264936
"Teyleria",0.504755585027853,-0.000266666076456377,"genus",0.727156202264936
"Thalassiosira",0.479286469604114,-0.00231152052160777,"genus",0.727156202264936
"Thalassobius",0.299662795263448,-0.0052774290080354,"genus",0.727156202264936
"Thalassococcus",0.458252873179056,-0.0158353578007175,"genus",0.727156202264936
"Thalassospira",0.427689121204476,-0.0409234537185235,"genus",0.727156202264936
"Thalassotalea",0.179245950986765,0.0203944705316279,"genus",0.727156202264936
"Thalictrum",0.159406081934959,0.000951737935633628,"genus",0.727156202264936
"Thauera",0.18263520698946,-0.111403334663981,"genus",0.727156202264936
"Theileria",0.479286471950586,-0.00364987847128702,"genus",0.727156202264936
"Thelephora",0.328862134430821,-0.00448622911948364,"genus",0.727156202264936
"Theligonum",0.479286471950478,-0.00420585558421891,"genus",0.727156202264936
"Theobroma",0.0395035014678939,0.0713368788407104,"genus",0.727156202264936
"Thermicanus",0.258347465707382,-0.0246520866220977,"genus",0.727156202264936
"Thermoactinomyces",0.341860500851392,-0.017118829583556,"genus",0.727156202264936
"Thermoanaerobacterium",0.122396446630645,-0.101906996169141,"genus",0.727156202264936
"Thermobifida",0.437500798681275,-0.0200598750528891,"genus",0.727156202264936
"Thermobispora",0.479286473814133,-0.00581081674025112,"genus",0.727156202264936
"Thermodesulfobacterium",0.099866794429693,0.0109316750765145,"genus",0.727156202264936
"Thermoflavifilum",0.479286465107621,-0.000750279916131949,"genus",0.727156202264936
"Thermoflexibacter",0.463434045194406,-0.0109186929688557,"genus",0.727156202264936
"Thermogutta",0.493860710780203,-0.0123723500043631,"genus",0.727156202264936
"Thermosediminibacter",0.479286471950478,-0.00420585558421891,"genus",0.727156202264936
"Thermus",0.205813874763624,-0.110211878481858,"genus",0.727156202264936
"Thiobacillus",0.460155064798714,-0.0108585997767261,"genus",0.727156202264936
"Thiocystis",0.518929795144632,-0.000927250237834096,"genus",0.727156202264936
"Thiodictyon",0.479286471950568,-0.00307357076239554,"genus",0.727156202264936
"Thiofilum",0.479286471950439,-0.00438867427390697,"genus",0.727156202264936
"Thioflavicoccus",0.254814895458229,-0.00466610408334549,"genus",0.727156202264936
"Thiohalobacter",0.171769742331713,-0.030477909384045,"genus",0.727156202264936
"Thiomicrospira",0.479286465107516,-0.000389285185842469,"genus",0.727156202264936
"Thiomonas",0.200244309024372,-0.0570629437729031,"genus",0.727156202264936
"Thiothrix",0.350107286635736,-0.00489333985000657,"genus",0.727156202264936
"Thorsellia",0.504755584887691,-0.000512293581673023,"genus",0.727156202264936
"Thrips",0.469386038375398,-0.0125665067177552,"genus",0.727156202264936
"Thuja",0.214405117179668,0.0205609581536345,"genus",0.727156202264936
"Tilletia",0.0379214406040123,0.0144078080921715,"genus",0.727156202264936
"Tilletiopsis",0.423861591419971,0.0467391756393133,"genus",0.727156202264936
"Tipuana",0.433298312422901,-0.0289536854468637,"genus",0.727156202264936
"Tistrella",0.223313930316588,-0.0191292242021744,"genus",0.727156202264936
"Tolypocladium",0.223460233699447,0.0292160745360122,"genus",0.727156202264936
"Tomitella",0.441611165425236,-0.0154676452894264,"genus",0.727156202264936
"Tomocerus",0.159406079101427,0.0180917644960525,"genus",0.727156202264936
"Torulaspora",0.185400274311825,-0.0581913671031858,"genus",0.727156202264936
"Totivirus",0.167768781225703,0.252389005285296,"genus",0.727156202264936
"Toxicodendron",0.159406079744423,0.00662139094409757,"genus",0.727156202264936
"Trachymyrmex",0.111827491129886,0.00129893950659024,"genus",0.727156202264936
"Trebouxia",0.333509561480569,0.0616748627891882,"genus",0.727156202264936
"Tremella",0.46276025763216,-0.0232169872208488,"genus",0.727156202264936
"Tribolium",0.237857383907143,0.0195529009427429,"genus",0.727156202264936
"Trichocoleus",0.159406081931572,0.000466731887061361,"genus",0.727156202264936
"Trichoderma",0.153030127154081,-0.201615470393275,"genus",0.727156202264936
"Trichogramma",0.476006116819333,-0.0208493939471428,"genus",0.727156202264936
"Tricholoma",0.291389146856841,-0.00575988709530977,"genus",0.727156202264936
"Trichomonascus",0.164248895100736,0.0211735197968396,"genus",0.727156202264936
"Trichophyton",0.398614540031419,-0.00273288739666704,"genus",0.727156202264936
"Trichoplax",0.50475558440578,-0.0240931086537432,"genus",0.727156202264936
"Trichovirus",0.518929795989759,-0.000280689041240694,"genus",0.727156202264936
"Trifolium",0.169474246159651,0.0728990420795819,"genus",0.727156202264936
"Tripterygium",0.222838594798539,0.0749572877719419,"genus",0.727156202264936
"Tropheryma",0.214405117179668,0.00207293816712188,"genus",0.727156202264936
"Trueperella",0.484953137361628,-0.079557185737947,"genus",0.727156202264936
"Tsuga",0.214405117179668,0.202933048884702,"genus",0.727156202264936
"Tsukamurella",0.331774850123368,-0.0734942274591855,"genus",0.727156202264936
"Tuber",0.474997199819844,-0.00252064954069747,"genus",0.727156202264936
"Tulasnella",0.25348864158197,-0.00442958234564099,"genus",0.727156202264936
"Turicibacter",0.209881101858183,0.0385411208538833,"genus",0.727156202264936
"Turneriella",0.471024197162613,-0.000106496559404805,"genus",0.727156202264936
"Twortvirus",0.357893153482703,-0.00176916817861866,"genus",0.727156202264936
"Typha",0.159406081935914,0.000322083600427249,"genus",0.727156202264936
"Tyrophagus",0.402465402631162,-0.0240811896553256,"genus",0.727156202264936
"Tyzzerella",0.479286473814133,-0.00581081674025112,"genus",0.727156202264936
"Ulva",0.479286473814133,-0.00581081674025112,"genus",0.727156202264936
"Undibacterium",0.488793157014929,0.0520769847918501,"genus",0.727156202264936
"Urechidicola",0.149976728611487,0.00967342643685112,"genus",0.727156202264936
"Uruburuella",0.504755585027853,-0.000266666076456377,"genus",0.727156202264936
"Usitatibacter",0.386297958284068,0.0270981615881491,"genus",0.727156202264936
"Ustilaginoidea",0.29185778994258,-0.00298190599563036,"genus",0.727156202264936
"Utricularia",0.159406081935729,0.00141648811752409,"genus",0.727156202264936
"Vanilla",0.159406081935914,0.000322083600427249,"genus",0.727156202264936
"Vanrija",0.211468095541794,-0.00197198971609948,"genus",0.727156202264936
"Varicosavirus",0.152995648032928,0.00654990821489515,"genus",0.727156202264936
"Variovorax",0.505843140141897,-0.132132804165416,"genus",0.727156202264936
"Varroa",0.479286465107516,-0.000389285185842469,"genus",0.727156202264936
"Veillonella",0.152682892191674,0.652749448135707,"genus",0.727156202264936
"Venturia",0.0733836043678877,0.0414447631855951,"genus",0.727156202264936
"Vermamoeba",0.454915994246146,-0.0100093403407756,"genus",0.727156202264936
"Verminephrobacter",0.481557076944058,0.0310717693781761,"genus",0.727156202264936
"Verrucomicrobium",0.2433769679206,0.00343109127554414,"genus",0.727156202264936
"Verticillium",0.265897208280754,-0.0451171660203991,"genus",0.727156202264936
"Vespa",0.479286465107558,-0.040071832526807,"genus",0.727156202264936
"Vespertiliibacter",0.214405117179668,0.0110127432131465,"genus",0.727156202264936
"Vespula",0.479286469603886,-0.0203264241835879,"genus",0.727156202264936
"Viola",0.159406081935366,0.00125959429252813,"genus",0.727156202264936
"Violaceomyces",0.486290990021675,-0.000529457359664351,"genus",0.727156202264936
"Virgibacillus",0.151028671920328,0.0649213363756502,"genus",0.727156202264936
"Volvariella",0.518929796251729,-0.00254495918801142,"genus",0.727156202264936
"Volvox",0.104166221646173,0.000848665285386794,"genus",0.727156202264936
"Waikavirus",0.486290993580033,-0.000204598563345406,"genus",0.727156202264936
"Washingtonia",0.479286465107621,-0.000750279916131949,"genus",0.727156202264936
"Welwitschia",0.214405117179668,0.0209895925228552,"genus",0.727156202264936
"Wenyingzhuangia",0.262882991123756,0.0079049923858127,"genus",0.727156202264936
"Wenzhouxiangella",0.32749159226445,-0.00707258897593283,"genus",0.727156202264936
"Westerdykella",0.422199086633499,-0.00484032020837286,"genus",0.727156202264936
"Wickerhamomyces",0.243678581521711,-0.104508229638625,"genus",0.727156202264936
"Williamsia",0.475215954968936,-0.0174657275592436,"genus",0.727156202264936
"Wolbachia",0.47928646510914,-0.000313127527037802,"genus",0.727156202264936
"Wolfiporia",0.278869058599813,0.0146961874130349,"genus",0.727156202264936
"Wolinella",0.1594060805144,0.00346405212670929,"genus",0.727156202264936
"Wollemia",0.214405117179668,0.00483274941213554,"genus",0.727156202264936
"Xanthomonas",0.426151914791619,-0.149217045340844,"genus",0.727156202264936
"Xenophilus",0.485925363605626,0.00019968760835576,"genus",0.727156202264936
"Xenorhabdus",0.432506415624244,-0.0243364657833609,"genus",0.727156202264936
"Xylanimicrobium",0.479286465108295,-0.000378930480776853,"genus",0.727156202264936
"Xylella",0.237463179103727,-0.0275528097029385,"genus",0.727156202264936
"Xylocarpus",0.111828637677819,0.00717352528064037,"genus",0.727156202264936
"Xylona",0.396961327733727,-0.00233120907170729,"genus",0.727156202264936
"Xylophilus",0.465477708299109,-0.0622129198421738,"genus",0.727156202264936
"Yamadazyma",0.471024141345434,-0.000647996708050509,"genus",0.727156202264936
"Yersinia",0.441897700920082,-0.0406770339541688,"genus",0.727156202264936
"Yoonia",0.138111236488855,-0.0919292513720482,"genus",0.727156202264936
"Youhaiella",0.358864341845552,-0.00959258447059079,"genus",0.727156202264936
"Zanthoxylum",0.0451201179550997,0.0563040534698292,"genus",0.727156202264936
"Zavarzinella",0.479286473814152,-0.00568352405461034,"genus",0.727156202264936
"Zelkova",0.518929795989759,-0.000280689041240694,"genus",0.727156202264936
"Zerene",0.504755586758984,-0.0148055032516117,"genus",0.727156202264936
"Ziziphus",0.0624464815589162,0.0373584246408274,"genus",0.727156202264936
"Zobellella",0.518929796634079,-0.00801552123008977,"genus",0.727156202264936
"Zootermopsis",0.293941750922105,-0.0209921959035019,"genus",0.727156202264936
"Zunongwangia",0.330553051368198,-0.00849661739643727,"genus",0.727156202264936
"Zygosaccharomyces",0.285205022657533,-0.0225091086933553,"genus",0.727156202264936
"Zymoseptoria",0.409639536105865,-0.0519071604415304,"genus",0.727156202264936
"Yimella",0.519732633812932,-0.0119189971217074,"genus",0.727366952983997
"Sporosarcina",0.520370867958065,0.0525642474876973,"genus",0.727807264948811
"Edwardsiella",0.521178352100843,-0.0142662631513379,"genus",0.728109220854979
"Pochonia",0.521234257704098,-0.00872533845417904,"genus",0.728109220854979
"Cordyceps",0.522169116124855,-0.0565886095242223,"genus",0.728962347712476
"Pimelobacter",0.52428579850487,0.0467253835024405,"genus",0.731463251139859
"Mycetohabitans",0.524992015698339,-0.000465216672011806,"genus",0.73199444718262
"Rhodotorula",0.525400512310648,-0.105828176308255,"genus",0.732110131466324
"Tetrahymena",0.525801353631778,-0.0077566830477651,"genus",0.732215011961529
"Anaeroglobus",0.527666429983702,-0.0101222716033299,"genus",0.73299678877909
"Halobacterium",0.52757634532596,0.00114941894587353,"genus",0.73299678877909
"Lotus",0.527356026293871,0.0432836909717088,"genus",0.73299678877909
"Phaeobacter",0.527665546117266,-0.050791441300498,"genus",0.73299678877909
"Alicycliphilus",0.529675533459656,-0.0664895004980439,"genus",0.73414734418268
"Arthrobotrys",0.529560856723725,-0.0143111813172159,"genus",0.73414734418268
"Faecalibacillus",0.529007633155355,-0.00358058206699587,"genus",0.73414734418268
"Ogataea",0.529800417789458,-0.102359901800616,"genus",0.73414734418268
"Amanita",0.530356046702269,0.00528371694074574,"genus",0.73446474694175
"Cyberlindnera",0.531206897020458,-0.0947845032370985,"genus",0.734845034181431
"Trichormus",0.531284137651848,-0.0265293014583912,"genus",0.734845034181431
"Thermobacillus",0.531999867169177,0.00337861759627944,"genus",0.735382729725555
"Candidatus Protochlamydia",0.533006863880403,-0.00204020335447482,"genus",0.73600376664387
"Cicer",0.533103662011056,0.059394115182858,"genus",0.73600376664387
"Muribaculum",0.534394942001631,0.0278222792836565,"genus",0.737333880099183
"Kalmanozyma",0.535532775173912,0.0296864387690857,"genus",0.737546363359539
"Phellinidium",0.535468137473167,-0.0022311078355733,"genus",0.737546363359539
"Pirellula",0.535258624568924,-0.0215330923693259,"genus",0.737546363359539
"Acanthamoebidae",0.292852392361194,0.0433275911113856,"family",0.738748014193755
"Acaridae",0.402465402631162,-0.0240811896553256,"family",0.738748014193755
"Acaryochloridaceae",0.479286469604316,-0.00240422688650562,"family",0.738748014193755
"Acholeplasmataceae",0.457394134908911,-0.00468893882433868,"family",0.738748014193755
"Acidaminococcaceae",0.226935047442433,0.0518434827880059,"family",0.738748014193755
"Acidiferrobacteraceae",0.462198472637963,-0.00466782925194463,"family",0.738748014193755
"Acidimicrobiaceae",0.51892979347674,-0.000475087730938485,"family",0.738748014193755
"Acidithiobacillaceae",0.468615121833695,-0.0311591610080305,"family",0.738748014193755
"Acidothermaceae",0.479286456493983,-0.000143952400456542,"family",0.738748014193755
"Acrospermaceae",0.0478867402978664,0.00261225250784578,"family",0.738748014193755
"Actinidiaceae",0.157709829317268,0.0153940432004856,"family",0.738748014193755
"Actiniidae",0.518929796545918,-0.00216594967195326,"family",0.738748014193755
"Actinomycetaceae",0.350791076908826,0.442777750755339,"family",0.738748014193755
"Actinopolymorphaceae",0.0930453348074758,0.0449423233466854,"family",0.738748014193755
"Aerococcaceae",0.510571921359816,-0.142473472755755,"family",0.738748014193755
"Aeromonadaceae",0.244347273976291,-0.19059248716434,"family",0.738748014193755
"Agaricostilbaceae",0.471024141152753,-0.00110914235629143,"family",0.738748014193755
"Aiptasiidae",0.15940607891266,0.0132492567408043,"family",0.738748014193755
"Ajellomycetaceae",0.207774800045073,-0.145514960366464,"family",0.738748014193755
"Akkermansiaceae",0.316671417733669,-0.0308468886823899,"family",0.738748014193755
"Albuginaceae",0.0693637976868964,0.0563591821955,"family",0.738748014193755
"Alcanivoracaceae",0.16212052836817,-0.0672080383383382,"family",0.738748014193755
"Aleyrodidae",0.479286469604145,-0.0230757114032851,"family",0.738748014193755
"Alicyclobacillaceae",0.246803037315984,-0.0626231147821438,"family",0.738748014193755
"Alismataceae",0.467633752297501,-0.00448527217093518,"family",0.738748014193755
"Aliterellaceae",0.0627314411565962,0.0352543337340512,"family",0.738748014193755
"Amborellaceae",0.107698120831866,0.0638218709519373,"family",0.738748014193755
"Aminobacteriaceae",0.472019384223554,-0.0179827711123672,"family",0.738748014193755
"Amoebophilaceae",0.137857487654984,0.0126269958405667,"family",0.738748014193755
"Amorphothecaceae",0.159406081932433,0.00100013390529299,"family",0.738748014193755
"Amphipleuraceae",0.159406080514356,0.00419951965008535,"family",0.738748014193755
"Anacardiaceae",0.1548577849776,0.130230199468661,"family",0.738748014193755
"Anaerolineaceae",0.206233775880497,-0.0100958510842082,"family",0.738748014193755
"Anaeromyxobacteraceae",0.334354232115978,-0.0489121798019952,"family",0.738748014193755
"Anaplasmataceae",0.47928646510914,-0.000313127527037802,"family",0.738748014193755
"Ancylistaceae",0.401297310096741,-0.000444290006405139,"family",0.738748014193755
"Anelloviridae",0.504755584729349,-0.00170118719010011,"family",0.738748014193755
"Aphanizomenonaceae",0.472346577812608,-0.0290287995710755,"family",0.738748014193755
"Aphanothecaceae",0.292842555805037,-0.0168538698149371,"family",0.738748014193755
"Apiaceae",0.476570949491236,0.0934183491303761,"family",0.738748014193755
"Apidae",0.180293278835413,0.0280553627332467,"family",0.738748014193755
"Aplosporellaceae",0.225642736134179,0.0193034547136152,"family",0.738748014193755
"Aplysiidae",0.479286473814126,-0.0084328089731172,"family",0.738748014193755
"Apocynaceae",0.0265063066831093,0.0278719496552546,"family",0.738748014193755
"Araceae",0.329590049373276,0.0285184713346495,"family",0.738748014193755
"Araneidae",0.479286469604173,-0.00147759316380585,"family",0.738748014193755
"Araucariaceae",0.214405117179668,0.0222164109813427,"family",0.738748014193755
"Arcobacteraceae",0.468188708377776,0.0516450859451639,"family",0.738748014193755
"Arecaceae",0.283212072207905,0.0442319389258952,"family",0.738748014193755
"Ascosphaeraceae",0.148411623588061,0.037226787105838,"family",0.738748014193755
"Aspergillaceae",0.503650416479369,-0.181116087241381,"family",0.738748014193755
"Asphodelaceae",0.104166088976278,0.00322754976304188,"family",0.738748014193755
"Aspiviridae",0.479286603147328,-0.000355890321997857,"family",0.738748014193755
"Asteraceae",0.506383888196135,0.0791636152584024,"family",0.738748014193755
"Asteropeiaceae",0.159406081935914,0.000322083600427249,"family",0.738748014193755
"Atheliaceae",0.519258719803241,-0.00387186766902769,"family",0.738748014193755
"Atopobiaceae",0.384431365037094,0.198429699781669,"family",0.738748014193755
"Aurantimonadaceae",0.414907296316815,0.0891793344444408,"family",0.738748014193755
"Azonexaceae",0.145863185120521,-0.0583785710749762,"family",0.738748014193755
"Bacillaceae",0.469762970182714,0.181901858992782,"family",0.738748014193755
"Bacillales Family X. Incertae Sedis",0.258347465707382,-0.0246520866220977,"family",0.738748014193755
"Baetidae",0.137857487954338,0.00594196529274956,"family",0.738748014193755
"Balanophoraceae",0.159406079744376,0.00508185301631898,"family",0.738748014193755
"Barnesiellaceae",0.0629805933470302,0.0821639136192707,"family",0.738748014193755
"Bartonellaceae",0.182510037726585,0.0603802922669905,"family",0.738748014193755
"Beijerinckiaceae",0.0317716388747852,-0.133588300539432,"family",0.738748014193755
"Bernardetiaceae",0.518929794684091,-0.00135859853725915,"family",0.738748014193755
"Betaflexiviridae",0.363980152772832,0.0136302825381256,"family",0.738748014193755
"Betulaceae",0.269236422753049,0.0415500950713515,"family",0.738748014193755
"Bignoniaceae",0.474434063492729,-0.0377393966253465,"family",0.738748014193755
"Bionectriaceae",0.498837051185015,-0.0107901174298185,"family",0.738748014193755
"Blastochloridaceae",0.304701661830841,-0.0368551754136147,"family",0.738748014193755
"Blastocystidae",0.199183707422834,0.00121046513652234,"family",0.738748014193755
"Blattabacteriaceae",0.290859061763623,0.00423524325264277,"family",0.738748014193755
"Bogoriellaceae",0.256049962285579,0.0951342760147258,"family",0.738748014193755
"Boletaceae",0.149976426044418,0.000341688873738486,"family",0.738748014193755
"Bombycidae",0.288993429274399,0.0143520294262072,"family",0.738748014193755
"Boseaceae",0.411042897552431,-0.146708737876709,"family",0.738748014193755
"Botrydiopsidaceae",0.486290990036274,-0.00402119615781724,"family",0.738748014193755
"Botryosphaeriaceae",0.30999763599983,0.02298929352876,"family",0.738748014193755
"Brachybasidiaceae",0.408304257341331,0.00818320716317577,"family",0.738748014193755
"Brachyspiraceae",0.47272287523189,-0.0119217506459861,"family",0.738748014193755
"Breoghaniaceae",0.435962258776536,-0.0152481424621343,"family",0.738748014193755
"Bromeliaceae",0.362326543989166,0.015341322578635,"family",0.738748014193755
"Bruguierivoracaceae",0.499449137381914,-0.0390610365968532,"family",0.738748014193755
"Bryobacteraceae",0.346272692703598,-0.0624493544012953,"family",0.738748014193755
"Budviciaceae",0.504755585084934,-0.000339563159293305,"family",0.738748014193755
"Bulleribasidiaceae",0.479286465108599,-0.000426084930391188,"family",0.738748014193755
"Burseraceae",0.0896048484073013,0.00333422229230279,"family",0.738748014193755
"Butomaceae",0.137857487911487,0.0100172276859512,"family",0.738748014193755
"Cactaceae",0.479286465108295,-0.000378930480776853,"family",0.738748014193755
"Caldilineaceae",0.298491622593321,0.0178266273994492,"family",0.738748014193755
"Calliphoridae",0.246436607373399,0.100399961195398,"family",0.738748014193755
"Calycanthaceae",0.479286456489548,-0.000154393426038947,"family",0.738748014193755
"Camptobasidiaceae",0.504755584574392,-0.00188223326430137,"family",0.738748014193755
"Campylobacteraceae",0.420645383028412,0.274378897700623,"family",0.738748014193755
"Candidatus Babeliaceae",0.479286456493403,-0.000269368159575425,"family",0.738748014193755
"Candidatus Brocadiaceae",0.154253028848014,0.0338045847468745,"family",0.738748014193755
"Candidatus Nanopelagicaceae",0.479286469604346,-0.026328414623709,"family",0.738748014193755
"Candidatus Nanosynbacteraceae",0.462613603236437,-0.0270185768245259,"family",0.738748014193755
"Candidatus Paracaedibacteraceae",0.461220568184931,-0.0232898686563559,"family",0.738748014193755
"Candidatus Saccharimonadaceae",0.00988837973263301,0.0240829400915327,"family",0.738748014193755
"Cannabaceae",0.476836777647606,0.0744795361977029,"family",0.738748014193755
"Cantharellaceae",0.504755584829046,-0.000227661948505563,"family",0.738748014193755
"Capparaceae",0.513492536716398,-0.00779352806414296,"family",0.738748014193755
"Caprifoliaceae",0.117528286418085,0.0202446605874758,"family",0.738748014193755
"Cardiobacteriaceae",0.490527124009122,0.0850062865836709,"family",0.738748014193755
"Caryophyllaceae",0.182825553312501,0.0695816311362691,"family",0.738748014193755
"Casimicrobiaceae",0.479286471950496,-0.0122787256222179,"family",0.738748014193755
"Catenulisporaceae",0.0781372794619046,0.00348787090249457,"family",0.738748014193755
"Cecidomyiidae",0.118087194293178,0.0184912526903912,"family",0.738748014193755
"Celastraceae",0.222838594798539,0.0749572877719419,"family",0.738748014193755
"Cellulosilyticaceae",0.473491275963176,-0.027785316152536,"family",0.738748014193755
"Cellvibrionaceae",0.126248103362842,0.0887801252618554,"family",0.738748014193755
"Ceraceosoraceae",0.0752446956183956,0.0261189645950709,"family",0.738748014193755
"Ceratocystidaceae",0.504755585177287,-0.000114484044714885,"family",0.738748014193755
"Ceratopogonidae",0.207980603832508,0.00833267092273769,"family",0.738748014193755
"Cercomonadidae",0.32195542191765,-0.0183621575264517,"family",0.738748014193755
"Chaetomiaceae",0.414800279978562,0.0169185212646625,"family",0.738748014193755
"Chaetothyriaceae",0.504755565095651,-0.00699757238027254,"family",0.738748014193755
"Chamaesiphonaceae",0.429326496106346,-0.00700347346269429,"family",0.738748014193755
"Chelatococcaceae",0.48802485976952,-0.0546668026346443,"family",0.738748014193755
"Chenopodiaceae",0.0937168437967602,0.120101523137516,"family",0.738748014193755
"Chironomidae",0.470578455105856,0.0475315135655196,"family",0.738748014193755
"Chlamydomonadaceae",0.105257486769555,0.00406254758880185,"family",0.738748014193755
"Chlorociboriaceae",0.291857789942581,-0.000540026019575285,"family",0.738748014193755
"Chromatiaceae",0.24238039628788,0.141558249843141,"family",0.738748014193755
"Chromulinaceae",0.149976426044418,0.000341688873738486,"family",0.738748014193755
"Cimicidae",0.479286474321659,-0.00685964430698845,"family",0.738748014193755
"Circaeasteraceae",0.486290993580033,-0.000204598563345406,"family",0.738748014193755
"Cladosporiaceae",0.417586366733855,-0.115221317523115,"family",0.738748014193755
"Cleomaceae",0.214405117179668,0.0330818642777147,"family",0.738748014193755
"Clitocybaceae",0.0846409004835845,0.00200132701503502,"family",0.738748014193755
"Closteroviridae",0.427573048627519,0.0388084757111497,"family",0.738748014193755
"Clostridiales Family XVI. Incertae Sedis",0.372449842233362,-0.0113877357488286,"family",0.738748014193755
"Cohaesibacteraceae",0.486290989970735,-0.00345055175273042,"family",0.738748014193755
"Coleofasciculaceae",0.496471133089185,-0.00926810752382007,"family",0.738748014193755
"Coleosporiaceae",0.47928660314654,-0.000309901576562857,"family",0.738748014193755
"Conexibacteraceae",0.305147650279061,-0.0613616622945909,"family",0.738748014193755
"Convolvulaceae",0.0546685674497022,0.177399170474578,"family",0.738748014193755
"Cordycipitaceae",0.264279445504721,-0.152298669565874,"family",0.738748014193755
"Coriobacteriaceae",0.324754729340971,-0.0787001795189479,"family",0.738748014193755
"Cornaceae",0.168193955978737,0.00707973866123387,"family",0.738748014193755
"Cortinariaceae",0.498773622295086,-0.00433932990683837,"family",0.738748014193755
"Corynebacteriaceae",0.144672572312151,-0.958166170510597,"family",0.738748014193755
"Corynesporascaceae",0.356076866271057,0.00114218421291659,"family",0.738748014193755
"Coxiellaceae",0.17570172072801,0.00553847235138648,"family",0.738748014193755
"Crambidae",0.4710241415141,-0.000393486312866871,"family",0.738748014193755
"Crepidotaceae",0.504755584783154,-0.000389075232139288,"family",0.738748014193755
"Crocinitomicaceae",0.302177242118077,-0.0531562984447005,"family",0.738748014193755
"Cryphonectriaceae",0.28547273162455,0.00688319359290011,"family",0.738748014193755
"Cryptobasidiaceae",0.117234219536308,0.0917703839034774,"family",0.738748014193755
"Cryptococcaceae",0.170184618522969,-0.163070197845092,"family",0.738748014193755
"Cryptomonadaceae",0.479286465107377,-0.0603102882938734,"family",0.738748014193755
"Cuniculitremaceae",0.225110577940905,-0.00349948645711906,"family",0.738748014193755
"Cunninghamellaceae",0.214405117179668,0.00133767600076728,"family",0.738748014193755
"Cupressaceae",0.336554399495997,0.058550808721614,"family",0.738748014193755
"Curculionidae",0.199645644453293,0.0122164044348703,"family",0.738748014193755
"Cycadaceae",0.214405117179668,0.0290177167407195,"family",0.738748014193755
"Cynomoriaceae",0.159406081934959,0.000951737935633628,"family",0.738748014193755
"Cyphellophoraceae",0.308782596903218,-0.0192426595409732,"family",0.738748014193755
"Cyprididae",0.186874779674038,0.0174441546521698,"family",0.738748014193755
"Cystobasidiaceae",0.461251242380403,-0.00453486535971316,"family",0.738748014193755
"Cystofilobasidiaceae",0.320296454827945,-0.101221524181234,"family",0.738748014193755
"Cytherideidae",0.518929797503118,-0.00177096484659326,"family",0.738748014193755
"Cytophagaceae",0.488022849479472,-0.092346013289727,"family",0.738748014193755
"Dacrymycetaceae",0.504755585177287,-0.000114484044714885,"family",0.738748014193755
"Demodicidae",0.0738769395582967,0.59382294175093,"family",0.738748014193755
"Dermabacteraceae",0.437061598895418,-0.201299457500757,"family",0.738748014193755
"Dermacoccaceae",0.420418382757643,-0.209316693444872,"family",0.738748014193755
"Dermateaceae",0.479286465107829,-0.000894128099688594,"family",0.738748014193755
"Dermatophilaceae",0.361461959732957,-0.0594453240363998,"family",0.738748014193755
"Desulfitobacteriaceae",0.342375689484461,0.0113396158892386,"family",0.738748014193755
"Desulfobacteriaceae",0.392113724514057,-0.005228784037542,"family",0.738748014193755
"Desulfobulbaceae",0.42150162761974,-0.00829621119219251,"family",0.738748014193755
"Desulfocapsaceae",0.479286473814133,-0.00581081674025112,"family",0.738748014193755
"Desulfomicrobiaceae",0.214405117179668,0.00483274941213554,"family",0.738748014193755
"Desulfosarcinaceae",0.479286456489548,-0.000154393426038947,"family",0.738748014193755
"Desulfotomaculaceae",0.309186520648113,-0.0299775619733185,"family",0.738748014193755
"Desulfurococcaceae",0.137857488112639,0.00317088051342641,"family",0.738748014193755
"Desulfuromonadaceae",0.19600293631972,-0.100280027772877,"family",0.738748014193755
"Dethiosulfovibrionaceae",0.471024140659018,-0.00767367943632556,"family",0.738748014193755
"Diademaceae",0.518929794671428,-0.000181046554068651,"family",0.738748014193755
"Dicistroviridae",0.514609944735734,-0.0107687127796779,"family",0.738748014193755
"Dictyosteliaceae",0.479286474484606,-0.00720320830344214,"family",0.738748014193755
"Didymosphaeriaceae",0.280682702516816,0.00892996374538156,"family",0.738748014193755
"Dioscoreaceae",0.139384661544939,0.00226364350052886,"family",0.738748014193755
"Diprionidae",0.47928646510864,-0.000870451452056237,"family",0.738748014193755
"Dissoconiaceae",0.483386549610825,-0.00960989895911562,"family",0.738748014193755
"Ditrichaceae",0.479286603177511,-0.000396691642370226,"family",0.738748014193755
"Dothioraceae",0.111828640247273,0.0443042922768102,"family",0.738748014193755
"Dugesiidae",0.479286465107678,-0.0459548882128594,"family",0.738748014193755
"Dunaliellaceae",0.479286474484606,-0.00720320830344214,"family",0.738748014193755
"Ebenaceae",0.159406081934959,0.000951737935633628,"family",0.738748014193755
"Edwardsiidae",0.29185778994258,-0.00106126872750994,"family",0.738748014193755
"Egicoccaceae",0.159406079744326,0.00516765266060257,"family",0.738748014193755
"Eimeriidae",0.478547568287785,0.00073530904912933,"family",0.738748014193755
"Elaeocarpaceae",0.159406081936723,0.00156298349938135,"family",0.738748014193755
"Elsinoaceae",0.504755585167204,-0.00013422904660994,"family",0.738748014193755
"Encyrtidae",0.159406081935729,0.00141648811752409,"family",0.738748014193755
"Endornaviridae",0.268091732690132,-0.131439890692958,"family",0.738748014193755
"Endozoicomonadaceae",0.394058197481785,-0.00740407446915798,"family",0.738748014193755
"Entamoebidae",0.276919862649344,-0.0191187880047583,"family",0.738748014193755
"Enterobacteriaceae",0.298624567281158,-0.373239602169425,"family",0.738748014193755
"Enterococcaceae",0.258581855477267,0.297560662946147,"family",0.738748014193755
"Entomoneidaceae",0.214405117179668,0.000657296722295419,"family",0.738748014193755
"Entomoplasmataceae",0.518929797089912,-0.00691762760629473,"family",0.738748014193755
"Entylomataceae",0.225958623381777,0.00284804499662309,"family",0.738748014193755
"Eremomycetaceae",0.42169082413416,-0.0108780369911082,"family",0.738748014193755
"Ericaceae",0.0394005528062579,0.0141023792835982,"family",0.738748014193755
"Erwiniaceae",0.421026101655122,-0.154340655664684,"family",0.738748014193755
"Erysipelotrichaceae",0.49797603590971,0.0713826005083437,"family",0.738748014193755
"Erysiphaceae",0.139080570880524,0.102198096398693,"family",0.738748014193755
"Euglenaceae",0.479286465108888,-0.0604274755309126,"family",0.738748014193755
"Euphorbiaceae",0.272779477130057,0.0524919740029112,"family",0.738748014193755
"Euzebyaceae",0.479286471950554,-0.00392662090677277,"family",0.738748014193755
"Exidiaceae",0.28894206933422,0.0039136793570319,"family",0.738748014193755
"Exobasidiaceae",0.154253028853477,0.00265139666842664,"family",0.738748014193755
"Ferrimonadaceae",0.15940607891266,0.0132492567408043,"family",0.738748014193755
"Ferrovaceae",0.319263252006262,0.00516681430908809,"family",0.738748014193755
"Fibrobacteraceae",0.159406081936073,0.00151837135752225,"family",0.738748014193755
"Fibroporiaceae",0.0526331130346591,0.00794860220365909,"family",0.738748014193755
"Fimbriimonadaceae",0.41496035281031,-0.011127133323548,"family",0.738748014193755
"Flammeovirgaceae",0.519086919473201,-0.0246597536296876,"family",0.738748014193755
"Flaviviridae",0.479286473175079,-0.0100100610712498,"family",0.738748014193755
"Flavobacteriaceae",0.104874766107397,0.53840323554155,"family",0.738748014193755
"Flexibacteraceae",0.479286471950575,-0.0150896801395622,"family",0.738748014193755
"Fomitopsidaceae",0.0486607668679293,0.0137561511140448,"family",0.738748014193755
"Fortieaceae",0.479286471950486,-0.0127150316756324,"family",0.738748014193755
"Francisellaceae",0.0994006369170997,0.0850594451064639,"family",0.738748014193755
"Frankiaceae",0.481780595971691,0.0525152145155938,"family",0.738748014193755
"Fulvivirgaceae",0.473944927383584,0.0159380168286918,"family",0.738748014193755
"Funariaceae",0.214405117179668,0.0380717734688435,"family",0.738748014193755
"Galeropsidaceae",0.2490685799095,0.0282578812143707,"family",0.738748014193755
"Gallionellaceae",0.090648541218697,0.0311794963444225,"family",0.738748014193755
"Gelatoporiaceae",0.468730618049038,0.00648288597685404,"family",0.738748014193755
"Geminicoccaceae",0.216849163966754,-0.0194126354028058,"family",0.738748014193755
"Geminigeraceae",0.479286465108207,-0.0392961805698734,"family",0.738748014193755
"Geminiviridae",0.504755585024704,-0.00034445149942548,"family",0.738748014193755
"Gentianaceae",0.50475558502309,-0.00057733215896,"family",0.738748014193755
"Geoalkalibacteraceae",0.330564452626965,-0.0152266818833493,"family",0.738748014193755
"Geobacteraceae",0.358752396969652,-0.0495010715319647,"family",0.738748014193755
"Geoplanidae",0.479286465107118,-0.0429700017072349,"family",0.738748014193755
"Geraniaceae",0.143419444409759,0.0253076416300112,"family",0.738748014193755
"Gigasporaceae",0.47044893137849,-0.00564852937789312,"family",0.738748014193755
"Ginkgoaceae",0.287885058297068,0.0508509926522749,"family",0.738748014193755
"Gloeobacteraceae",0.479286474147626,-0.006643953813399,"family",0.738748014193755
"Gloeomargaritaceae",0.486290989984014,-0.00186865940007263,"family",0.738748014193755
"Gloniaceae",0.0762926810321957,0.00217684395953102,"family",0.738748014193755
"Glycomycetaceae",0.42291844269496,-0.00609862714455618,"family",0.738748014193755
"Gnetaceae",0.300235557126176,0.0503330263091643,"family",0.738748014193755
"Gnomoniaceae",0.479286471950517,-0.00336566655934677,"family",0.738748014193755
"Gomontiellaceae",0.285152185747774,-0.0244672058115071,"family",0.738748014193755
"Gordoniaceae",0.370433633507865,-0.16569485864001,"family",0.738748014193755
"Gottschalkiaceae",0.178015271835296,0.047181026000099,"family",0.738748014193755
"Gryllidae",0.159406079744674,0.0311635937756307,"family",0.738748014193755
"Haemonchidae",0.486290990008316,-0.000788459341957729,"family",0.738748014193755
"Hafniaceae",0.476724571286691,0.0297058024221795,"family",0.738748014193755
"Hahellaceae",0.257089384057073,-0.0123121411818855,"family",0.738748014193755
"Halanaerobiaceae",0.29434291064158,-0.034077571366125,"family",0.738748014193755
"Halieaceae",0.479286469603904,-0.00246388826011774,"family",0.738748014193755
"Haliscomenobacteraceae",0.479286471950586,-0.00364987847128702,"family",0.738748014193755
"Haloarculaceae",0.208954363928229,-0.0159277965077826,"family",0.738748014193755
"Halomonadaceae",0.204463501362112,-0.273600916801837,"family",0.738748014193755
"Halteriidae",0.479286465107522,-0.00112717379892141,"family",0.738748014193755
"Helicodictyaceae",0.479286473814128,-0.00608851481269515,"family",0.738748014193755
"Heliobacteriaceae",0.19878798640216,-0.00417134713888069,"family",0.738748014193755
"Herpetosiphonaceae",0.137857489048599,0.000294696724500935,"family",0.738748014193755
"Herpotrichiellaceae",0.112458040536457,-0.261473050849229,"family",0.738748014193755
"Hexamitidae",0.518929796545918,-0.00216594967195326,"family",0.738748014193755
"Hippeaceae",0.486290990016039,-0.0111048712472841,"family",0.738748014193755
"Holophagaceae",0.104166277895041,0.000428099771387981,"family",0.738748014193755
"Hyalellidae",0.280217871791216,-0.0408647303608606,"family",0.738748014193755
"Hyaloscyphaceae",0.355779294201258,0.00301463059857137,"family",0.738748014193755
"Hydnangiaceae",0.404662643877022,-0.00396560285626418,"family",0.738748014193755
"Hydrogenophilaceae",0.322466111322607,-0.116041922905717,"family",0.738748014193755
"Hymenobacteraceae",0.452340467250584,0.127659208862723,"family",0.738748014193755
"Hymenochaetaceae",0.154417537124841,-0.00648306221547823,"family",0.738748014193755
"Hymenogastraceae",0.0753511724842175,0.0296382719797507,"family",0.738748014193755
"Hyphomicrobiaceae",0.167562396471294,-0.0906550969251094,"family",0.738748014193755
"Hyphomonadaceae",0.215837499716994,-0.0111787954094463,"family",0.738748014193755
"Hypocreaceae",0.152623420890329,-0.201816350816704,"family",0.738748014193755
"Iamiaceae",0.433705301108933,0.0590693626265828,"family",0.738748014193755
"Idiomarinaceae",0.0871542434857411,0.066721736835084,"family",0.738748014193755
"Iflaviridae",0.420593825777775,-0.0131590352296996,"family",0.738748014193755
"Ilumatobacteraceae",0.458614699603858,-0.061413609267279,"family",0.738748014193755
"Immundisolibacteraceae",0.470036440179821,-0.0015386278633855,"family",0.738748014193755
"Inoviridae",0.479286465107621,-0.000750279916131949,"family",0.738748014193755
"Intrasporangiaceae",0.49239962717724,0.161690892321003,"family",0.738748014193755
"Isotomidae",0.0273777940416386,0.026042412951655,"family",0.738748014193755
"Jaapiaceae",0.214405117179668,0.00022182773393657,"family",0.738748014193755
"Jatrophihabitantaceae",0.49291301924707,-0.0375819575937775,"family",0.738748014193755
"Jonesiaceae",0.463961802245533,-0.0173867567136952,"family",0.738748014193755
"Kaistiaceae",0.0907342191935614,-0.0730598109531465,"family",0.738748014193755
"Kalotermitidae",0.435156737042375,-0.0175040448095903,"family",0.738748014193755
"Kineosporiaceae",0.438648123818107,0.0518451774044459,"family",0.738748014193755
"Kiritimatiellaceae",0.479286465108556,-0.000764691222581644,"family",0.738748014193755
"Klebsormidiaceae",0.471920362481374,0.0252346355656709,"family",0.738748014193755
"Kofleriaceae",0.471024141007243,-0.00192048317187129,"family",0.738748014193755
"Koliellaceae",0.51892979347674,-0.000475087730938485,"family",0.738748014193755
"Lachnospiraceae",0.1312670880578,0.398509186847906,"family",0.738748014193755
"Lacipirellulaceae",0.0848421052815491,0.0161214965338954,"family",0.738748014193755
"Lamiaceae",0.0995034179820857,0.0590581023153781,"family",0.738748014193755
"Lampyridae",0.213926039801839,0.0142732761002615,"family",0.738748014193755
"Lauraceae",0.435629357993692,0.0750522794385518,"family",0.738748014193755
"Lawsonellaceae",0.416096066496771,-0.380552230373069,"family",0.738748014193755
"Lecanoraceae",0.388382672982882,-0.00538633434363165,"family",0.738748014193755
"Lentibulariaceae",0.0936571140719331,0.0128986671317358,"family",0.738748014193755
"Leptosphaeriaceae",0.159058540642509,0.0797063372925275,"family",0.738748014193755
"Leptospiraceae",0.194748819510262,0.0470622476430402,"family",0.738748014193755
"Leptotrichiaceae",0.362063995729018,0.290696813286071,"family",0.738748014193755
"Lichtheimiaceae",0.464432846161934,0.00565205126746243,"family",0.738748014193755
"Liliaceae",0.479286465108556,-0.000764691222581644,"family",0.738748014193755
"Linaceae",0.479286465107102,-0.0404195322676243,"family",0.738748014193755
"Lindgomycetaceae",0.504755585024704,-0.00034445149942548,"family",0.738748014193755
"Lipomycetaceae",0.274395775337353,-0.118355434971718,"family",0.738748014193755
"Loganiaceae",0.159406079744489,0.00722398244052511,"family",0.738748014193755
"Lyophyllaceae",0.300516496548632,0.00324752328546765,"family",0.738748014193755
"Lythraceae",0.0668131496852977,0.074906677155288,"family",0.738748014193755
"Magnaporthaceae",0.082644423037596,0.00465153268558631,"family",0.738748014193755
"Magnoliaceae",0.159406079327474,0.0224477700254415,"family",0.738748014193755
"Mamiellaceae",0.214405117179667,0.00774917919750322,"family",0.738748014193755
"Marasmiaceae",0.383230303305045,-0.00140973585959535,"family",0.738748014193755
"Marchantiaceae",0.50475558519227,-0.000196201116240734,"family",0.738748014193755
"Marinobacteraceae",0.187187323050057,-0.0509289554238346,"family",0.738748014193755
"Melampsoraceae",0.310931936942737,-0.0122642046614383,"family",0.738748014193755
"Melanthiaceae",0.214405117179668,0.006829519581903,"family",0.738748014193755
"Meliaceae",0.0627315333888931,0.0123408356961252,"family",0.738748014193755
"Meloidogynidae",0.50475558465397,-0.00217554891884977,"family",0.738748014193755
"Methanococcaceae",0.479286469604046,-0.0223600778098996,"family",0.738748014193755
"Methanosarcinaceae",0.479286603171349,-0.000598448762773179,"family",0.738748014193755
"Methanotrichaceae",0.388244753584835,-0.00126051940056954,"family",0.738748014193755
"Methylococcaceae",0.403419977634799,0.0402096323900144,"family",0.738748014193755
"Methylophilaceae",0.145929754243706,0.130116202234536,"family",0.738748014193755
"Metschnikowiaceae",0.196034099631156,0.0769312718867201,"family",0.738748014193755
"Microbotryaceae",0.28837731696749,0.0611611601660123,"family",0.738748014193755
"Microbulbiferaceae",0.302882833127219,-0.00456204869327453,"family",0.738748014193755
"Micrococcaceae",0.307520885792857,0.461299579792355,"family",0.738748014193755
"Microcoleaceae",0.392906496698256,-0.0456939660370809,"family",0.738748014193755
"Microcystaceae",0.479286473175059,-0.0105451294388412,"family",0.738748014193755
"Microdochiaceae",0.260580063204596,-0.010172909382454,"family",0.738748014193755
"Mixiaceae",0.251087282357207,0.00560142570636063,"family",0.738748014193755
"Mollisiaceae",0.233999292204031,-0.147504617234014,"family",0.738748014193755
"Moraceae",0.141870763000335,0.0971293662833609,"family",0.738748014193755
"Moraxellaceae",0.492624387166102,-0.308557969155604,"family",0.738748014193755
"Moringaceae",0.111828639777263,0.0149463502864351,"family",0.738748014193755
"Mortierellaceae",0.422039565191055,-0.00556734890390834,"family",0.738748014193755
"Motilibacteraceae",0.479286603138382,-0.000229739727199508,"family",0.738748014193755
"Mrakiaceae",0.410686892926277,-0.0814875011434957,"family",0.738748014193755
"Mucoraceae",0.512729780522745,-0.0431096378631738,"family",0.738748014193755
"Mycoplasmataceae",0.515715403800551,-0.118167739245631,"family",0.738748014193755
"Mytilinidiaceae",0.48629099004427,-0.000261220477260743,"family",0.738748014193755
"Naemateliaceae",0.393510318456914,-0.000748392067340872,"family",0.738748014193755
"Narnaviridae",0.225968654023038,-0.00185959018046557,"family",0.738748014193755
"Natrialbaceae",0.0823839350694273,-0.113671917783583,"family",0.738748014193755
"Naviculaceae",0.504755585087816,-0.000559648517065729,"family",0.738748014193755
"Nectriaceae",0.414899570673635,-0.163752378577901,"family",0.738748014193755
"Neisseriaceae",0.390469149409489,0.343032690021595,"family",0.738748014193755
"Nevskiaceae",0.168617899046333,-0.0292878930229201,"family",0.738748014193755
"Nitrosopumilaceae",0.195107930036417,0.00250488082405649,"family",0.738748014193755
"Nitrososphaeraceae",0.471024141430904,-0.000521498017118187,"family",0.738748014193755
"Nitrospiraceae",0.464605384240619,-0.0504266902643783,"family",0.738748014193755
"Nocardiaceae",0.489271522307113,-0.187868180929687,"family",0.738748014193755
"Nocardioidaceae",0.35037295835758,0.298330732085566,"family",0.738748014193755
"Noctuidae",0.413191735978503,-0.0206907273505784,"family",0.738748014193755
"Nodosilineaceae",0.29185778994258,-0.00156499099971845,"family",0.738748014193755
"Noelaerhabdaceae",0.159406080514441,0.00191677111413009,"family",0.738748014193755
"Nosematidae",0.479286471950483,-0.0149886187066811,"family",0.738748014193755
"Nowakowskiellaceae",0.159406078912667,0.0155181894372277,"family",0.738748014193755
"Nyctaginaceae",0.479286465107757,-0.000285963479514748,"family",0.738748014193755
"Nymphaeaceae",0.118183241805184,0.0593913499421941,"family",0.738748014193755
"Oceanospirillaceae",0.403179242404966,-0.0610998123059236,"family",0.738748014193755
"Oculatellaceae",0.377021897746291,-0.0168839924046699,"family",0.738748014193755
"Oleaceae",0.481442875232019,0.0705611789757304,"family",0.738748014193755
"Omphalotaceae",0.0510951287671865,0.0313027100487443,"family",0.738748014193755
"Onagraceae",0.159406079101421,0.010944521399137,"family",0.738748014193755
"Ophiocordycipitaceae",0.222549086577491,-0.112108426641842,"family",0.738748014193755
"Ophiostomataceae",0.172181046897864,0.0869383835194503,"family",0.738748014193755
"Opitutaceae",0.233810004628187,-0.0108011777476761,"family",0.738748014193755
"Orbaceae",0.430784057517039,-0.00648957249578507,"family",0.738748014193755
"Orchesellidae",0.2337373669757,-0.00601298774073545,"family",0.738748014193755
"Orchidaceae",0.27070221372622,0.0365877848227893,"family",0.738748014193755
"Ornithinimicrobiaceae",0.2082268223699,-0.192189550983363,"family",0.738748014193755
"Orobanchaceae",0.479286465108222,-0.000744697922416041,"family",0.738748014193755
"Oscillospiraceae",0.458645524980089,0.123510335181712,"family",0.738748014193755
"Ostreidae",0.483614871779698,-0.0658261080423176,"family",0.738748014193755
"Paludibacteraceae",0.0206922069642765,0.0760293766054057,"family",0.738748014193755
"Papilionidae",0.159406081934252,0.000761138279593252,"family",0.738748014193755
"Papillomaviridae",0.121511127447682,0.0397698804769359,"family",0.738748014193755
"Parachlamydiaceae",0.262488935965543,-0.0123289969153537,"family",0.738748014193755
"Parameciidae",0.479286465108196,-0.000456550961909266,"family",0.738748014193755
"Parmeliaceae",0.486290989971762,-0.0148883052127755,"family",0.738748014193755
"Partitiviridae",0.470609231248461,-0.00134273489464043,"family",0.738748014193755
"Parvularculaceae",0.479286469604173,-0.00147759316380585,"family",0.738748014193755
"Passifloraceae",0.021186063875043,0.0143912114576773,"family",0.738748014193755
"Patellariaceae",0.515847128263999,0.0317895269107107,"family",0.738748014193755
"Patulibacteraceae",0.358180110709117,0.0614761992352475,"family",0.738748014193755
"Paxillaceae",0.518929796545918,-0.00216594967195326,"family",0.738748014193755
"Pectobacteriaceae",0.467003060528334,-0.0626523647921286,"family",0.738748014193755
"Pediculidae",0.303609488855646,0.0253764813198084,"family",0.738748014193755
"Peltigeraceae",0.479286456496204,-0.000127523326138044,"family",0.738748014193755
"Peptococcaceae",0.20789916268633,0.0669943176267069,"family",0.738748014193755
"Peptoniphilaceae",0.233606834803715,-0.606054372738439,"family",0.738748014193755
"Periconiaceae",0.477116631912683,-0.00236837015534585,"family",0.738748014193755
"Pezizaceae",0.159406080515091,0.0656613896628966,"family",0.738748014193755
"Phacaceae",0.479286469604235,-0.0250760111523362,"family",0.738748014193755
"Phaeodactylaceae",0.480978081539991,-0.00963789017991054,"family",0.738748014193755
"Phaeolaceae",0.278869058599813,0.0146961874130349,"family",0.738748014193755
"Phaffomycetaceae",0.339829644695859,-0.159782334208275,"family",0.738748014193755
"Phoridae",0.47928646960439,-0.0288968790464507,"family",0.738748014193755
"Phreatobacteraceae",0.12167301914015,-0.133628154939262,"family",0.738748014193755
"Phycomycetaceae",0.0885232910415525,0.0027407821105122,"family",0.738748014193755
"Physalacriaceae",0.223654562977244,-0.0515295713103507,"family",0.738748014193755
"Physciaceae",0.518929796599862,-0.00325988155112936,"family",0.738748014193755
"Phytoseiidae",0.356811275364774,-0.000846111559210454,"family",0.738748014193755
"Pichiaceae",0.370524177983738,-0.170393934289625,"family",0.738748014193755
"Pieridae",0.504755586758984,-0.0148055032516117,"family",0.738748014193755
"Piperaceae",0.479286465109275,-0.000309769051135118,"family",0.738748014193755
"Pirellulaceae",0.331666116735871,-0.0361988470077968,"family",0.738748014193755
"Pittosporaceae",0.159406081935914,0.000322083600427249,"family",0.738748014193755
"Planctomycetaceae",0.211872061128381,-0.0690137357014724,"family",0.738748014193755
"Planorbidae",0.479286456492163,-0.000127088144203387,"family",0.738748014193755
"Plantaginaceae",0.253394508783116,0.00431925171826946,"family",0.738748014193755
"Plasmodiidae",0.194831303686833,0.00139075611280835,"family",0.738748014193755
"Plectosphaerellaceae",0.251358177236435,-0.046497671937711,"family",0.738748014193755
"Pleomorphomonadaceae",0.304920851659314,-0.0513030395260288,"family",0.738748014193755
"Pleosporaceae",0.313523902143446,-0.170281530224066,"family",0.738748014193755
"Ploettnerulaceae",0.479286474147629,-0.00796303674799476,"family",0.738748014193755
"Pluteaceae",0.336850045463964,-0.00398475964762475,"family",0.738748014193755
"Plutellidae",0.326307565792169,-0.00527510797639246,"family",0.738748014193755
"Polygonaceae",0.479286456489548,-0.000154393426038947,"family",0.738748014193755
"Pontederiaceae",0.214405117179668,0.00483274941213554,"family",0.738748014193755
"Porphyromonadaceae",0.367850782960976,0.260523281148339,"family",0.738748014193755
"Portulacaceae",0.47928647195061,-0.00363994177267424,"family",0.738748014193755
"Postiaceae",0.430204003235452,-0.0135728646909152,"family",0.738748014193755
"Prasiolaceae",0.123696789433742,0.00234651890144619,"family",0.738748014193755
"Prevotellaceae",0.460386319387248,0.37476922294203,"family",0.738748014193755
"Primulaceae",0.159406079744489,0.00722398244052511,"family",0.738748014193755
"Prochlorococcaceae",0.299937680692848,0.0162735838009678,"family",0.738748014193755
"Prochlorotrichaceae",0.504755585167204,-0.00013422904660994,"family",0.738748014193755
"Propionibacteriaceae",0.412435863296198,-0.445802761195548,"family",0.738748014193755
"Protomycetaceae",0.518929794684091,-0.00135859853725915,"family",0.738748014193755
"Psathyrellaceae",0.516478321030339,0.00852788386800507,"family",0.738748014193755
"Pseudanabaenaceae",0.278321752639727,-0.00698825063033131,"family",0.738748014193755
"Pseudoalteromonadaceae",0.219100884353118,-0.0563396862850509,"family",0.738748014193755
"Pseudobdellovibrionaceae",0.23171133119997,-0.0558899993378487,"family",0.738748014193755
"Pseudocohnilembidae",0.479286469603924,-0.0199444781660188,"family",0.738748014193755
"Pseudodiaptomidae",0.479286471950478,-0.00420585558421891,"family",0.738748014193755
"Psoroptidae",0.15940607974432,0.00659351723403324,"family",0.738748014193755
"Psyllipsocidae",0.479286456493306,-0.000253520823623656,"family",0.738748014193755
"Pteridaceae",0.29185778994258,-0.0103179060406739,"family",0.738748014193755
"Pyralidae",0.154253028853477,0.00265139666842664,"family",0.738748014193755
"Pyramimonadaceae",0.479286473814133,-0.00581081674025112,"family",0.738748014193755
"Pyriculariaceae",0.292640342212072,-0.0456993797389642,"family",0.738748014193755
"Pyroglyphidae",0.2988282325011,0.144198839955184,"family",0.738748014193755
"Radiococcaceae",0.159406081934996,0.00106505165154224,"family",0.738748014193755
"Raineyaceae",0.471024141771329,-0.000211943887916073,"family",0.738748014193755
"Ranunculaceae",0.159406079327322,0.026828773161708,"family",0.738748014193755
"Retroviridae",0.430422852485029,-0.0242757514214943,"family",0.738748014193755
"Rhabdoviridae",0.152995648032928,0.00654990821489515,"family",0.738748014193755
"Rhamnaceae",0.0607136656912075,0.0376412911825701,"family",0.738748014193755
"Rhinotermitidae",0.47928647195054,-0.0162561504780703,"family",0.738748014193755
"Rhizopodaceae",0.168301341844567,0.107788833073651,"family",0.738748014193755
"Rhizopogonaceae",0.504755584829046,-0.000227661948505563,"family",0.738748014193755
"Rhodospirillaceae",0.131185758436235,-0.150312959247099,"family",0.738748014193755
"Rhynchomonadidae",0.479286471950478,-0.00420585558421891,"family",0.738748014193755
"Rickenellaceae",0.496523595226959,-0.00531047031753876,"family",0.738748014193755
"Rivulariaceae",0.377766649541065,-0.0289990654010143,"family",0.738748014193755
"Roseivirgaceae",0.172199145387446,-0.00106083332850691,"family",0.738748014193755
"Roseobacteraceae",0.152126700099867,-0.191000207355814,"family",0.738748014193755
"Ruaniaceae",0.304750897072185,-0.0251663886397522,"family",0.738748014193755
"Rubiaceae",0.309287955187335,0.0556295183081039,"family",0.738748014193755
"Russulaceae",0.392727416691109,0.00473266395441413,"family",0.738748014193755
"Rutaceae",0.187638219634399,0.322568915619809,"family",0.738748014193755
"Saccharomycodaceae",0.254376737733667,-0.013213615494647,"family",0.738748014193755
"Saccharospirillaceae",0.413825616961596,-0.00463640906157601,"family",0.738748014193755
"Salasmaviridae",0.241293255195374,0.037910484157357,"family",0.738748014193755
"Salicaceae",0.0361142436762631,0.184056040420328,"family",0.738748014193755
"Salinisphaeraceae",0.370922520979288,-0.0169057533557507,"family",0.738748014193755
"Salinivirgaceae",0.159406081934987,0.00102439843154543,"family",0.738748014193755
"Sandaracinaceae",0.137857488632732,0.000740069706978549,"family",0.738748014193755
"Saprolegniaceae",0.173564733356275,0.0336241571863365,"family",0.738748014193755
"Sarocladiaceae",0.429973856640559,0.0362958702693376,"family",0.738748014193755
"Saxifragaceae",0.159406081935914,0.000322083600427249,"family",0.738748014193755
"Schistosomatidae",0.163957642079767,-0.0460214686674674,"family",0.738748014193755
"Schizophyllaceae",0.161130898292106,0.0278058201415382,"family",0.738748014193755
"Schizoporaceae",0.489390539476272,-0.0289410659256856,"family",0.738748014193755
"Schizosaccharomycetaceae",0.428666530357332,0.00898099495238535,"family",0.738748014193755
"Schleiferiaceae",0.479286473175056,-0.00552180070823345,"family",0.738748014193755
"Sciaridae",0.0965553956039525,0.106860659704334,"family",0.738748014193755
"Sclerotiniaceae",0.301346829499834,-0.0703466124811082,"family",0.738748014193755
"Secoviridae",0.36684433096567,-0.00420785388156015,"family",0.738748014193755
"Segniliparaceae",0.479286469604234,-0.0187815847946857,"family",0.738748014193755
"Selaginellaceae",0.51627202582068,-0.0652563121201715,"family",0.738748014193755
"Selenomonadaceae",0.0457697746626256,0.347930238091558,"family",0.738748014193755
"Serendipitaceae",0.486290993580033,-0.000204598563345406,"family",0.738748014193755
"Serpulaceae",0.416119918550231,0.00766588858127221,"family",0.738748014193755
"Solemoviridae",0.242772451500017,-0.00411119510081147,"family",0.738748014193755
"Solibacteraceae",0.456952341308024,-0.00758213877578553,"family",0.738748014193755
"Solirubrobacteraceae",0.159406081931572,0.000466731887061361,"family",0.738748014193755
"Sordariaceae",0.322746179631074,-0.0645021197298028,"family",0.738748014193755
"Sphaerobacteraceae",0.308082879116791,-0.0297633442684871,"family",0.738748014193755
"Sphaerotilaceae",0.405020242224297,-0.188676663508483,"family",0.738748014193755
"Sphingobacteriaceae",0.460686380309317,-0.16575923501596,"family",0.738748014193755
"Sphingomonadaceae",0.492227177237222,0.246719184481245,"family",0.738748014193755
"Sphingosinicellaceae",0.341170807009528,-0.0863321581588585,"family",0.738748014193755
"Spiroplasmataceae",0.500295288346903,-0.0207137535817997,"family",0.738748014193755
"Spirosomaceae",0.473315448017707,-0.0437592320238474,"family",0.738748014193755
"Spizellomycetaceae",0.334020391321595,-0.000426972556485044,"family",0.738748014193755
"Sporichthyaceae",0.39427816899273,-0.010063404939136,"family",0.738748014193755
"Sporocadaceae",0.230488453970783,-0.00288886797895013,"family",0.738748014193755
"Sporolactobacillaceae",0.479286465107408,-0.0401224985678477,"family",0.738748014193755
"Sporormiaceae",0.422199086633499,-0.00484032020837286,"family",0.738748014193755
"Stachybotryaceae",0.157495534947983,0.0460166125099454,"family",0.738748014193755
"Staphylococcaceae",0.40282130260724,-0.472667736484929,"family",0.738748014193755
"Sterolibacteriaceae",0.127486994589313,-0.0521242005623088,"family",0.738748014193755
"Stichococcaceae",0.181921462675976,0.028276546401029,"family",0.738748014193755
"Straboviridae",0.293856035139525,0.000539865539155945,"family",0.738748014193755
"Stratiomyidae",0.479286473173567,-0.0047169260764637,"family",0.738748014193755
"Streptomycetaceae",0.464380160279702,-0.180200213237647,"family",0.738748014193755
"Strongyloididae",0.325503882320217,-0.00687737352259369,"family",0.738748014193755
"Strophariaceae",0.372016953336154,-0.00372894407548301,"family",0.738748014193755
"Succinivibrionaceae",0.479286603098377,-0.000190060503644775,"family",0.738748014193755
"Sulfuricellaceae",0.172485875104977,0.0666134260972688,"family",0.738748014193755
"Sulfurospirillaceae",0.474097848311065,0.00282159094654915,"family",0.738748014193755
"Sutterellaceae",0.203677863314208,-0.0493005493375877,"family",0.738748014193755
"Synergistaceae",0.397979702277249,-0.00194145487257875,"family",0.738748014193755
"Syntrophaceae",0.159406081935411,0.000518472268605523,"family",0.738748014193755
"Syntrophobacteraceae",0.258301911485308,0.000541763534694579,"family",0.738748014193755
"Syntrophomonadaceae",0.412730489266163,-0.00528985078159488,"family",0.738748014193755
"Tamaricaceae",0.159406081933563,0.000639280910279517,"family",0.738748014193755
"Tannerellaceae",0.15558359653897,0.319981887313423,"family",0.738748014193755
"Taxaceae",0.223918291250698,0.0361717149546416,"family",0.738748014193755
"Tenebrionidae",0.245315843570583,0.0192357777729079,"family",0.738748014193755
"Tephritidae",0.180657240933209,-0.0650859138385635,"family",0.738748014193755
"Tepidiformaceae",0.320388733182819,-0.00945052378369272,"family",0.738748014193755
"Tepidimicrobiaceae",0.244670249489095,0.0538403677571581,"family",0.738748014193755
"Teratosphaeriaceae",0.127757257452815,-0.0983261135006578,"family",0.738748014193755
"Termopsidae",0.293941750922105,-0.0209921959035019,"family",0.738748014193755
"Tetranychidae",0.345840705108757,0.159303014479473,"family",0.738748014193755
"Thalassiosiraceae",0.479286469604114,-0.00231152052160777,"family",0.738748014193755
"Thalassospiraceae",0.427689121204476,-0.0409234537185235,"family",0.738748014193755
"Theaceae",0.44441579031539,-0.0697562609693935,"family",0.738748014193755
"Theileriidae",0.479286471950586,-0.00364987847128702,"family",0.738748014193755
"Thelephoraceae",0.328862134430821,-0.00448622911948364,"family",0.738748014193755
"Theraphosidae",0.479286465107829,-0.000894128099688594,"family",0.738748014193755
"Thermaceae",0.407428460976338,-0.126809823504825,"family",0.738748014193755
"Thermoactinomycetaceae",0.28210021315719,-0.0380990393242825,"family",0.738748014193755
"Thermoanaerobacteraceae",0.141495838699419,-0.10055257482007,"family",0.738748014193755
"Thermoanaerobacterales Family III. Incertae Sedis",0.510575577263753,-0.00887115527921369,"family",0.738748014193755
"Thermodesulfobacteriaceae",0.099866794429693,0.0109316750765145,"family",0.738748014193755
"Thermoflexibacteraceae",0.463434045194406,-0.0109186929688557,"family",0.738748014193755
"Thermoguttaceae",0.493860710780203,-0.0123723500043631,"family",0.738748014193755
"Thermohalobacteraceae",0.259781443577374,0.0362869478476177,"family",0.738748014193755
"Thermosediminibacteraceae",0.479286471950478,-0.00420585558421891,"family",0.738748014193755
"Thioalkalibacteraceae",0.339061525533612,-0.0106912078331135,"family",0.738748014193755
"Thiobacillaceae",0.251906055675534,-0.0322092048343568,"family",0.738748014193755
"Thiofilaceae",0.479286471950439,-0.00438867427390697,"family",0.738748014193755
"Thiotrichaceae",0.298762581517625,0.0164225036616249,"family",0.738748014193755
"Thorselliaceae",0.504755584887691,-0.000512293581673023,"family",0.738748014193755
"Thripidae",0.248069920673239,-0.0319736547205685,"family",0.738748014193755
"Tilletiaceae",0.0379214406040123,0.0144078080921715,"family",0.738748014193755
"Togniniaceae",0.370256970212311,0.0062915065752146,"family",0.738748014193755
"Tomoceridae",0.159406079101427,0.0180917644960525,"family",0.738748014193755
"Totiviridae",0.167768781225703,0.252389005285296,"family",0.738748014193755
"Trebouxiaceae",0.333509561480569,0.0616748627891882,"family",0.738748014193755
"Tremellaceae",0.46276025763216,-0.0232169872208488,"family",0.738748014193755
"Trichocoleusaceae",0.159406081931572,0.000466731887061361,"family",0.738748014193755
"Trichocomaceae",0.431515026520795,-0.113771887399596,"family",0.738748014193755
"Trichogrammatidae",0.476006116819333,-0.0208493939471428,"family",0.738748014193755
"Tricholomataceae",0.291389146856841,-0.00575988709530977,"family",0.738748014193755
"Trichomeriaceae",0.310080455879347,-0.0913263762243815,"family",0.738748014193755
"Trichomonascaceae",0.100988786467114,0.0268446658856722,"family",0.738748014193755
"Trichoplacidae",0.50475558440578,-0.0240931086537432,"family",0.738748014193755
"Trimorphomycetaceae",0.479286465107516,-0.000389285185842469,"family",0.738748014193755
"Tropherymataceae",0.214405117179668,0.00207293816712188,"family",0.738748014193755
"Trypanosomatidae",0.40409624449538,-0.0501327162294711,"family",0.738748014193755
"Tsukamurellaceae",0.331774850123368,-0.0734942274591855,"family",0.738748014193755
"Tuberaceae",0.474997199819844,-0.00252064954069747,"family",0.738748014193755
"Tulasnellaceae",0.25348864158197,-0.00442958234564099,"family",0.738748014193755
"Turicibacteraceae",0.209881101858183,0.0385411208538833,"family",0.738748014193755
"Typhaceae",0.159406081935914,0.000322083600427249,"family",0.738748014193755
"Ulmaceae",0.518929795989759,-0.000280689041240694,"family",0.738748014193755
"Ulvaceae",0.479286473814133,-0.00581081674025112,"family",0.738748014193755
"Umbilicariaceae",0.189121934445774,-0.0213360144756386,"family",0.738748014193755
"Urticaceae",0.50475558519227,-0.000196201116240734,"family",0.738748014193755
"Usitatibacteraceae",0.386297958284068,0.0270981615881491,"family",0.738748014193755
"Vahlkampfiidae",0.137352174851385,0.00457538514253284,"family",0.738748014193755
"Varroidae",0.479286465107516,-0.000389285185842469,"family",0.738748014193755
"Veillonellaceae",0.212645333645229,0.577643489721177,"family",0.738748014193755
"Venturiaceae",0.0733836043678877,0.0414447631855951,"family",0.738748014193755
"Verrucariaceae",0.48485167633705,-0.00250404398945691,"family",0.738748014193755
"Vespidae",0.441522577834097,-0.0452981485638816,"family",0.738748014193755
"Vibrionaceae",0.457103326118576,-0.113406741202905,"family",0.738748014193755
"Vicinamibacteraceae",0.0574017473835499,0.0248126271226118,"family",0.738748014193755
"Violaceae",0.159406081935366,0.00125959429252813,"family",0.738748014193755
"Violaceomycetaceae",0.486290990021675,-0.000529457359664351,"family",0.738748014193755
"Volvocaceae",0.104166221646173,0.000848665285386794,"family",0.738748014193755
"Welwitschiaceae",0.214405117179668,0.0209895925228552,"family",0.738748014193755
"Wenzhouxiangellaceae",0.32749159226445,-0.00707258897593283,"family",0.738748014193755
"Xanthobacteraceae",0.33353561483824,-0.109391667713617,"family",0.738748014193755
"Xylonaceae",0.396961327733727,-0.00233120907170729,"family",0.738748014193755
"Yersiniaceae",0.509716734146477,-0.161130152942188,"family",0.738748014193755
"Zamiaceae",0.214405117179668,0.006829519581903,"family",0.738748014193755
"Zierdtviridae",0.137857487827998,0.0106161095327069,"family",0.738748014193755
"Zoogloeaceae",0.247675359021081,-0.136552137584157,"family",0.738748014193755
"Hypoxylon",0.536818165922869,-0.0112649694840249,"genus",0.738864170844879
"Nilaparvata",0.539167948012123,-0.0121076134743683,"genus",0.741644474054597
"Candidatus Kinetoplastibacterium",0.540453451621157,-0.00387412829844246,"genus",0.742958320718815
"Antarcticibacterium",0.542458283676965,-0.0281034456942121,"genus",0.745234015561946
"Lysinibacillus",0.542869320271708,-0.0680911197604368,"genus",0.745234015561946
"Pseudochlorella",0.543102957539364,-0.0501487086045273,"genus",0.745234015561946
"Erythrobacteraceae",0.524745418555984,-0.0883181700690657,"family",0.745328057554887
"Phocaeicola",0.543544982994568,0.141780316617676,"genus",0.745385772411453
"Amanitaceae",0.530356046702269,0.00528371694074574,"family",0.745588035697164
"Cellulomonadaceae",0.529191055011133,-0.0934365024702056,"family",0.745588035697164
"Halobacteriaceae",0.52757634532596,0.00114941894587353,"family",0.745588035697164
"Orbiliaceae",0.529560856723725,-0.0143111813172159,"family",0.745588035697164
"Solanaceae",0.529831326428084,0.156887140214907,"family",0.745588035697164
"Sporidiobolaceae",0.530962115594744,-0.108615227537153,"family",0.745588035697164
"Tetrahymenidae",0.525801353631778,-0.0077566830477651,"family",0.745588035697164
"Fretibacterium",0.544482064552929,-0.0150514316635353,"genus",0.746215821559742
"Skunavirus",0.545152787700044,-0.0258856565993217,"genus",0.746680036259074
"Sediminibacterium",0.545991625593892,-0.00197760847146559,"genus",0.747373807644956
"Kyrpidia",0.546387122777873,-0.0035948555596723,"genus",0.747460242778246
"Hypoxylaceae",0.533854876748469,-0.0113691908129706,"family",0.748435118942343
"Alcaligenes",0.548681371998949,-0.0467984353120189,"genus",0.748635982278798
"Crenobacter",0.5495767037538,0.0187349127368934,"genus",0.748635982278798
"Demequina",0.547891349936045,-0.0118947354024311,"genus",0.748635982278798
"Martelella",0.549469996005071,0.0508318917789754,"genus",0.748635982278798
"Minicystis",0.548243698472604,-0.00819206113573533,"genus",0.748635982278798
"Saccharum",0.549183686635676,-0.0167305234743712,"genus",0.748635982278798
"Timema",0.549295988289479,-0.0274442532783091,"genus",0.748635982278798
"Trypanosoma",0.550471748591414,-0.0311805590367907,"genus",0.749401309069062
"Hoeflea",0.550986248905533,-0.0217211728685279,"genus",0.74964795752483
"Alphachrysovirus",0.565646775629837,-0.000414148463151455,"genus",0.75141323114777
"Betacarmovirus",0.565646732865127,-0.000314180660388737,"genus",0.75141323114777
"Bradyrhizobium",0.565620483691262,-0.156593927270214,"genus",0.75141323114777
"Calonectria",0.565646775629837,-0.000414148463151455,"genus",0.75141323114777
"Candidatus Hamiltonella",0.553135975498476,0.00154179136886987,"genus",0.75141323114777
"Caproiciproducens",0.565646595761637,-0.000149348972334101,"genus",0.75141323114777
"Carnobacterium",0.562686863636792,-0.0554911148064729,"genus",0.75141323114777
"Cedecea",0.563305645074097,-0.011600230780001,"genus",0.75141323114777
"Coccidioides",0.553674940768995,-0.00219750993517796,"genus",0.75141323114777
"Coprothermobacter",0.565646859896874,-0.000617140722098179,"genus",0.75141323114777
"Desulfobacca",0.565646657947782,-0.000209601113496351,"genus",0.75141323114777
"Devriesea",0.554633503318884,0.00444257227547812,"genus",0.75141323114777
"Friedmanniella",0.565346565004279,0.080324380255102,"genus",0.75141323114777
"Gordonibacter",0.56119768845478,-0.0273134085820194,"genus",0.75141323114777
"Herbaspirillum",0.561518645455788,0.188227392240802,"genus",0.75141323114777
"Intestinimonas",0.559938434263388,0.00108641665278916,"genus",0.75141323114777
"Kochitakasuvirus",0.565646775629837,-0.000414148463151455,"genus",0.75141323114777
"Limelightvirus",0.565646827244183,-0.000540179266324392,"genus",0.75141323114777
"Lodderomyces",0.561807786085193,-0.00737654838582955,"genus",0.75141323114777
"Malassezia",0.561242514212607,-0.354290543654819,"genus",0.75141323114777
"Moniliophthora",0.565646583032965,-0.000138303327792489,"genus",0.75141323114777
"Natrialba",0.565646727412021,-0.000295088538083936,"genus",0.75141323114777
"Nickievirus",0.565646652666196,-0.000194973461903197,"genus",0.75141323114777
"Pachysolen",0.563807148988397,-0.0219544474114428,"genus",0.75141323114777
"Phaseolus",0.555735397099185,0.02911001453123,"genus",0.75141323114777
"Phikzvirus",0.565646691356688,-0.000249288514946567,"genus",0.75141323114777
"Raphanus",0.553121143600566,0.0207731950094254,"genus",0.75141323114777
"Rhodococcus",0.562822212030656,-0.152640163160936,"genus",0.75141323114777
"Saccharomyces",0.559110304337331,-0.11582844094255,"genus",0.75141323114777
"Salinicoccus",0.561110713709768,-0.0371230272783653,"genus",0.75141323114777
"Scedosporium",0.553740528944627,-0.0051031959535506,"genus",0.75141323114777
"Sedimentibacter",0.565646775629837,-0.000414148463151455,"genus",0.75141323114777
"Simplexvirus",0.565198749860676,0.0197194735517599,"genus",0.75141323114777
"Snodgrassella",0.561339903919284,0.0957978114850971,"genus",0.75141323114777
"Sordaria",0.555559635080312,0.0112074000231178,"genus",0.75141323114777
"Tepidimonas",0.564040950504246,-0.0660075512977082,"genus",0.75141323114777
"Terrabacter",0.555346686397157,-0.00200517066476575,"genus",0.75141323114777
"Tolumonas",0.565648110419375,-0.00609243404089706,"genus",0.75141323114777
"Torradovirus",0.56564672102703,-0.000296114197926831,"genus",0.75141323114777
"Vigna",0.557174275625668,0.0611451162380244,"genus",0.75141323114777
"Inhella",0.566854740823992,-0.0516831756158878,"genus",0.752127617765875
"Penicillium",0.566819145024374,-0.0717143202783164,"genus",0.752127617765875
"Delphacidae",0.539167948012123,-0.0121076134743683,"family",0.753441478239882
"Fabaceae",0.538475424815246,0.18514825496094,"family",0.753441478239882
"Mesorhizobium",0.568741624010204,-0.147344928207294,"genus",0.754186269103153
"Caenorhabditis",0.569291134079119,0.0376159029731289,"genus",0.754323972914482
"Jeotgalibaca",0.570321497450992,0.0372587781383768,"genus",0.754323972914482
"Lentzea",0.569811446008356,-0.00859596753551974,"genus",0.754323972914482
"Microterricola",0.57085789324164,0.0462512152710354,"genus",0.754323972914482
"Plantibacter",0.570047722768454,-0.0463060142451335,"genus",0.754323972914482
"Zasmidium",0.570696344246245,0.0208356622939142,"genus",0.754323972914482
"Aspergillus",0.571973897595329,-0.149756359423268,"genus",0.755354841862534
"Kingella",0.573026227460337,0.100369564015907,"genus",0.755858769335839
"Pulveribacter",0.573027657500047,-0.0329703769544705,"genus",0.755858769335839
"Debaryomyces",0.574414115101418,0.0413107940768326,"genus",0.756356759287522
"Lawsonia",0.573871303385345,0.0007650107439521,"genus",0.756356759287522
"Triticum",0.574236501870049,-0.142321645688625,"genus",0.756356759287522
"Blattella",0.579123758589815,-0.0222083682337814,"genus",0.756797985513361
"Chitinolyticbacter",0.577561186934222,-0.00386249497048529,"genus",0.756797985513361
"Gloeocapsa",0.579089879824846,-0.0419349490437601,"genus",0.756797985513361
"Niastella",0.578110614579297,0.0232309484805113,"genus",0.756797985513361
"Oerskovia",0.577845508712657,-0.00941080232282221,"genus",0.756797985513361
"Oribacterium",0.575682199573324,-0.025512989940116,"genus",0.756797985513361
"Panicum",0.576342460133763,0.054285342436573,"genus",0.756797985513361
"Parvibaculum",0.576099784912648,-0.0111245416289037,"genus",0.756797985513361
"Pedobacter",0.575184897844252,-0.105472715613985,"genus",0.756797985513361
"Phytophthora",0.577802383456598,0.0191656801052821,"genus",0.756797985513361
"Salinibacterium",0.578234479138037,-0.0335735142769673,"genus",0.756797985513361
"Thermotoga",0.577439685448074,-0.00367900322504926,"genus",0.756797985513361
"Xylaria",0.57871386087122,0.0326151526027072,"genus",0.756797985513361
"Amycolatopsis",0.579964474496241,0.0652589602459819,"genus",0.757456505889689
"Fischerella",0.580698963715843,-0.00592633929782461,"genus",0.757535945125831
"Oidiodendron",0.580635585659789,0.00270008814911478,"genus",0.757535945125831
"Culex",0.581275033047197,0.0224085430534018,"genus",0.757847854680084
"Tetragenococcus",0.581668128857917,-0.0110635168957164,"genus",0.757920985979985
"Meiothermus",0.583288642360279,-0.076373858307548,"genus",0.759152868442284
"Prevotella",0.583174312859665,0.26923627228037,"genus",0.759152868442284
"Metabacillus",0.583708533110582,-0.0191562051952254,"genus",0.75925997164008
"Mycobacteriaceae",0.544906775550298,-0.193999727898272,"family",0.76023284008227
"Aerosticca",0.585713511927048,-0.00640239940747754,"genus",0.760987688228729
"Leucosporidium",0.585386052581913,-0.0618021931347525,"genus",0.760987688228729
"Termitomyces",0.586800800702898,-0.000288959641947311,"genus",0.761960162113636
"Demequinaceae",0.547891349936045,-0.0118947354024311,"family",0.763165890007535
"Glomus",0.588106918631583,-0.0084675023257121,"genus",0.763215499135851
"Neohortaea",0.588798648603497,-0.00448570833652459,"genus",0.763548481580391
"Phietavirus",0.589042514691853,-0.00258770489328681,"genus",0.763548481580391
"Timematidae",0.549295988289479,-0.0274442532783091,"family",0.76389233098135
"Agaricaceae",0.554381684737082,-0.0354965856872199,"family",0.76603858993223
"Microascaceae",0.553740528944627,-0.0051031959535506,"family",0.76603858993223
"Onygenaceae",0.553674940768995,-0.00219750993517796,"family",0.76603858993223
"Promicromonosporaceae",0.552742300460601,-0.0503776731170868,"family",0.76603858993223
"Dentipellis",0.591977757774861,0.00823648810248857,"genus",0.766911277209483
"Sepunavirus",0.592481326863352,-0.0862733262709634,"genus",0.767121764027449
"Brevibacillus",0.592912530181016,-0.0370881306954278,"genus",0.767238366154836
"Melittangium",0.593732046861997,-0.000855856629511637,"genus",0.767857028977936
"Duganella",0.594756629904331,-0.0798256958598219,"genus",0.768740034859104
"Lactobacillus",0.595392749507825,-0.157335134694999,"genus",0.769120214614072
"Aegilops",0.598747809700872,-0.0611479852216484,"genus",0.770257854420173
"Arcobacter",0.596828596935525,0.0375655532358418,"genus",0.770257854420173
"Cucumis",0.59924439164454,-0.0591364852471081,"genus",0.770257854420173
"Enhydrobacter",0.597889429160127,0.00986709754790614,"genus",0.770257854420173
"Fulvimarina",0.598941390458466,0.00669943814068315,"genus",0.770257854420173
"Paraoerskovia",0.598961212691855,-0.00372050690515293,"genus",0.770257854420173
"Phoenix",0.599355822692442,0.00450295516628454,"genus",0.770257854420173
"Romboutsia",0.599236884206924,0.0388791822673745,"genus",0.770257854420173
"Sporisorium",0.598855850403619,0.0454765269657129,"genus",0.770257854420173
"Enterovirus",0.600085871907563,-0.00540641807871211,"genus",0.770602657561613
"Sorangium",0.600309406868806,-0.0241798429267102,"genus",0.770602657561613
"Adhaeribacter",0.604072782810288,-0.0171671786620428,"genus",0.771591165361898
"Coccomyxa",0.602480938269591,-0.0236139110247501,"genus",0.771591165361898
"Gemella",0.603384285717681,0.144953073979231,"genus",0.771591165361898
"Kwoniella",0.602495352015372,-0.00969160446073209,"genus",0.771591165361898
"Lentibacillus",0.601730743153073,0.0126411936482717,"genus",0.771591165361898
"Microthyrium",0.602228005747582,-0.00431527747245204,"genus",0.771591165361898
"Mucilaginibacter",0.604167204180659,-0.0536161370211138,"genus",0.771591165361898
"Pseudoclavibacter",0.602852378039778,0.00159614505855513,"genus",0.771591165361898
"Rufibacter",0.603547754803987,-0.0129700524750377,"genus",0.771591165361898
"Chrysoviridae",0.565646775629837,-0.000414148463151455,"family",0.771742166894
"Coprothermobacteraceae",0.565646859896874,-0.000617140722098179,"family",0.771742166894
"Desulfobaccaceae",0.565646657947782,-0.000209601113496351,"family",0.771742166894
"Filobasidiaceae",0.564892227909399,-0.0146341792125333,"family",0.771742166894
"Malasseziaceae",0.561242514212607,-0.354290543654819,"family",0.771742166894
"Methylocystaceae",0.559856760692594,-0.0362022857200888,"family",0.771742166894
"Myrtaceae",0.564989441912307,0.0278974502114468,"family",0.771742166894
"Tombusviridae",0.563760067655861,-0.0343973527256311,"family",0.771742166894
"Latrodectus",0.604761020903296,0.0198372503791224,"genus",0.771785717479732
"Monilinia",0.605005878131066,0.00730315470263437,"genus",0.771785717479732
"Chitinibacter",0.605742327292505,0.00974406455576775,"genus",0.772287128163744
"Labilithrix",0.60630144810604,-0.0421921770070056,"genus",0.772562015178745
"Simplicispira",0.607046581775485,-0.00506293686652675,"genus",0.772635971937219
"Streptococcus",0.606859402758591,0.233697980363584,"genus",0.772635971937219
"Eggerthella",0.608526133620626,0.0202790445734581,"genus",0.774081037620355
"Rhodovulum",0.610267559864426,0.0453012102835846,"genus",0.775857400867776
"Acidihalobacter",0.61248484294633,-0.0334059315426485,"genus",0.777796866308641
"Marivirga",0.61317645351944,-0.00751838297019642,"genus",0.777796866308641
"Paenibacillus",0.613058396139022,0.0635775555239888,"genus",0.777796866308641
"Suicoccus",0.61258166073589,-0.00638708810520305,"genus",0.777796866308641
"Chromobacteriaceae",0.57198754946523,0.0582460816290235,"family",0.779164142184919
"Dokdonella",0.615105095206625,-0.00566823677217165,"genus",0.779364145982929
"Pantoea",0.615017796369732,-0.0833390466173883,"genus",0.779364145982929
"Aeromicrobium",0.617848553091111,0.0662143435853707,"genus",0.779682989575351
"Aureobasidium",0.617092976749213,-0.0625687637466057,"genus",0.779682989575351
"Cripavirus",0.616856338807909,0.000343445249627788,"genus",0.779682989575351
"Dyadobacter",0.618130178040396,-0.0217037936137025,"genus",0.779682989575351
"Gammaretrovirus",0.616332197441187,-0.00491649458189365,"genus",0.779682989575351
"Lysobacter",0.617979621463711,-0.0749558390737439,"genus",0.779682989575351
"Slackia",0.616512266344848,0.0371433437291787,"genus",0.779682989575351
"Spirosoma",0.616966258820349,-0.064327636591876,"genus",0.779682989575351
"Finegoldia",0.618878459596132,-0.196143730209221,"genus",0.779783296111537
"Sparassis",0.61890314964833,-0.0121432955909367,"genus",0.779783296111537
"Roseburia",0.619888142486538,0.0306514108443852,"genus",0.780006837266785
"Taphrina",0.620121042700317,-0.00463709212609849,"genus",0.780006837266785
"Verruconis",0.619490626440535,-0.0274977360339457,"genus",0.780006837266785
"Acholeplasmatales",0.457394134908911,-0.00468893882433868,"order",0.780155787779589
"Acidaminococcales",0.226935047442433,0.0518434827880059,"order",0.780155787779589
"Acidiferrobacterales",0.462198472637963,-0.00466782925194463,"order",0.780155787779589
"Acidithiobacillales",0.468615121833695,-0.0311591610080305,"order",0.780155787779589
"Acidothermales",0.479286456493983,-0.000143952400456542,"order",0.780155787779589
"Acrospermales",0.0478867402978664,0.00261225250784578,"order",0.780155787779589
"Actiniaria",0.317179705738336,0.0100699234068385,"order",0.780155787779589
"Actinomycetales",0.350791076908826,0.442777750755339,"order",0.780155787779589
"Aeromonadales",0.244269507011869,-0.190633513990965,"order",0.780155787779589
"Agaricostilbales",0.471024141152753,-0.00110914235629143,"order",0.780155787779589
"Albuginales",0.0693637976868964,0.0563591821955,"order",0.780155787779589
"Alismatales",0.248709407104288,0.0353915862335691,"order",0.780155787779589
"Amarillovirales",0.479286473175079,-0.0100100610712498,"order",0.780155787779589
"Amborellales",0.107698120831866,0.0638218709519373,"order",0.780155787779589
"Amphipoda",0.280217871791216,-0.0408647303608606,"order",0.780155787779589
"Anaerolineales",0.206233775880497,-0.0100958510842082,"order",0.780155787779589
"Apiales",0.452176018941874,0.100040708465352,"order",0.780155787779589
"Aplysiida",0.479286473814126,-0.0084328089731172,"order",0.780155787779589
"Arecales",0.283212072207905,0.0442319389258952,"order",0.780155787779589
"Asterales",0.506383888196135,0.0791636152584024,"order",0.780155787779589
"Atheliales",0.519258719803241,-0.00387186766902769,"order",0.780155787779589
"Bacillales",0.480897149207479,-0.391647861892514,"order",0.780155787779589
"Bacteroidales",0.445993791684283,0.400142321668193,"order",0.780155787779589
"Bdellovibrionales",0.23171133119997,-0.0558899993378487,"order",0.780155787779589
"Blattodea",0.219972800048798,-0.0669134242675879,"order",0.780155787779589
"Botryosphaeriales",0.286104391379303,0.0306628063673966,"order",0.780155787779589
"Brachyspirales",0.47272287523189,-0.0119217506459861,"order",0.780155787779589
"Bryobacterales",0.295681069486006,-0.0700314975484591,"order",0.780155787779589
"Calanoida",0.479286471950478,-0.00420585558421891,"order",0.780155787779589
"Caldilineales",0.298491622593321,0.0178266273994492,"order",0.780155787779589
"Caliciales",0.518929796599862,-0.00325988155112936,"order",0.780155787779589
"Campylobacterales",0.466239226052785,0.250898222934268,"order",0.780155787779589
"Candidatus Babeliales",0.479286456493403,-0.000269368159575425,"order",0.780155787779589
"Candidatus Brocadiales",0.154253028848014,0.0338045847468745,"order",0.780155787779589
"Candidatus Nanopelagicales",0.479286469604346,-0.026328414623709,"order",0.780155787779589
"Candidatus Nanosynbacterales",0.462613603236437,-0.0270185768245259,"order",0.780155787779589
"Candidatus Pelagibacterales",0.463166851678727,-0.00420078673338062,"order",0.780155787779589
"Candidatus Saccharimonadales",0.00988837973263301,0.0240829400915327,"order",0.780155787779589
"Cardiobacteriales",0.490527124009122,0.0850062865836709,"order",0.780155787779589
"Caryophyllales",0.13652641972591,0.124274969898182,"order",0.780155787779589
"Catenulisporales",0.0781372794619046,0.00348787090249457,"order",0.780155787779589
"Celastrales",0.222838594798539,0.0749572877719419,"order",0.780155787779589
"Cellvibrionales",0.158173405741704,0.0826902622560769,"order",0.780155787779589
"Ceraceosorales",0.0752446956183956,0.0261189645950709,"order",0.780155787779589
"Cercomonadida",0.32195542191765,-0.0183621575264517,"order",0.780155787779589
"Chaetothyriales",0.112593083134881,-0.268024578855297,"order",0.780155787779589
"Chromulinales",0.149976426044418,0.000341688873738486,"order",0.780155787779589
"Cladochytriales",0.159406078912667,0.0155181894372277,"order",0.780155787779589
"Cladosporiales",0.417586366733855,-0.115221317523115,"order",0.780155787779589
"Coleoptera",0.326837660329,0.0402800466672944,"order",0.780155787779589
"Commelinales",0.214405117179668,0.00483274941213554,"order",0.780155787779589
"Coriobacteriales",0.475247504905385,0.167165062116865,"order",0.780155787779589
"Cornales",0.168193955978737,0.00707973866123387,"order",0.780155787779589
"Cryptomonadales",0.479286465107377,-0.0603102882938734,"order",0.780155787779589
"Cupressales",0.338496536066112,0.0597635924296299,"order",0.780155787779589
"Cycadales",0.214405117179668,0.0305611219112616,"order",0.780155787779589
"Cystobasidiales",0.461251242380403,-0.00453486535971316,"order",0.780155787779589
"Cystofilobasidiales",0.337194001532999,-0.115916642910428,"order",0.780155787779589
"Dacrymycetales",0.504755585177287,-0.000114484044714885,"order",0.780155787779589
"Desulfobacterales",0.378464848228564,-0.00538317746026692,"order",0.780155787779589
"Desulfobulbales",0.269938639451456,-0.0145049920625398,"order",0.780155787779589
"Desulfurellales",0.486290990016039,-0.0111048712472841,"order",0.780155787779589
"Desulfurococcales",0.137857488112639,0.00317088051342641,"order",0.780155787779589
"Desulfuromonadales",0.174616167564232,-0.107933594438693,"order",0.780155787779589
"Dictyosteliales",0.479286474484606,-0.00720320830344214,"order",0.780155787779589
"Dioscoreales",0.139384661544939,0.00226364350052886,"order",0.780155787779589
"Diplomonadida",0.518929796545918,-0.00216594967195326,"order",0.780155787779589
"Dipsacales",0.117528286418085,0.0202446605874758,"order",0.780155787779589
"Diptera",0.527752252800304,0.0982183860440446,"order",0.780155787779589
"Diversisporales",0.47044893137849,-0.00564852937789312,"order",0.780155787779589
"Durnavirales",0.470609231248461,-0.00134273489464043,"order",0.780155787779589
"Egicoccales",0.159406079744326,0.00516765266060257,"order",0.780155787779589
"Enterobacterales",0.246409671387542,-0.448677702717578,"order",0.780155787779589
"Entomobryomorpha",0.0412068138394837,0.0367073876875353,"order",0.780155787779589
"Entomoplasmatales",0.388660010371665,-0.0280626533184302,"order",0.780155787779589
"Entylomatales",0.393012195725328,0.049913968844539,"order",0.780155787779589
"Ephemeroptera",0.137857487954338,0.00594196529274956,"order",0.780155787779589
"Eremomycetales",0.42169082413416,-0.0108780369911082,"order",0.780155787779589
"Erysipelotrichales",0.520706597810425,0.0687831649746584,"order",0.780155787779589
"Erysiphales",0.139080570880524,0.102198096398693,"order",0.780155787779589
"Eucoccidiorida",0.478547568287785,0.00073530904912933,"order",0.780155787779589
"Euglenales",0.479286465107537,-0.0607552845572269,"order",0.780155787779589
"Eurotiales",0.492004602558098,-0.190674694175245,"order",0.780155787779589
"Euzebyales",0.479286471950554,-0.00392662090677277,"order",0.780155787779589
"Exobasidiales",0.120186082103589,0.0928311356691546,"order",0.780155787779589
"Ferrovales",0.319263252006262,0.00516681430908809,"order",0.780155787779589
"Fibrobacterales",0.159406081936073,0.00151837135752225,"order",0.780155787779589
"Fimbriimonadales",0.41496035281031,-0.011127133323548,"order",0.780155787779589
"Flavobacteriales",0.184905346932232,0.486087264419556,"order",0.780155787779589
"Frankiales",0.481780595971691,0.0525152145155938,"order",0.780155787779589
"Funariales",0.214405117179668,0.0380717734688435,"order",0.780155787779589
"Gentianales",0.205338536378571,0.071057301261533,"order",0.780155787779589
"Geobacterales",0.358752396969652,-0.0495010715319647,"order",0.780155787779589
"Geplafuvirales",0.504755585024704,-0.00034445149942548,"order",0.780155787779589
"Geraniales",0.143419444409759,0.0253076416300112,"order",0.780155787779589
"Ghabrivirales",0.168403720111172,0.252010604217454,"order",0.780155787779589
"Ginkgoales",0.287885058297068,0.0508509926522749,"order",0.780155787779589
"Gloeobacterales",0.479286474147626,-0.006643953813399,"order",0.780155787779589
"Gloeomargaritales",0.486290989984014,-0.00186865940007263,"order",0.780155787779589
"Glomerellales",0.502108330170493,-0.0526099134257912,"order",0.780155787779589
"Glycomycetales",0.42291844269496,-0.00609862714455618,"order",0.780155787779589
"Gnetales",0.300235557126176,0.0503330263091643,"order",0.780155787779589
"Haemosporida",0.194831303686833,0.00139075611280835,"order",0.780155787779589
"Halanaerobiales",0.29434291064158,-0.034077571366125,"order",0.780155787779589
"Haliangiales",0.471024141007243,-0.00192048317187129,"order",0.780155787779589
"Halobacteriales",0.340748172960943,-0.0277398972591095,"order",0.780155787779589
"Helotiales",0.163296772264038,-0.18499917243495,"order",0.780155787779589
"Herpetosiphonales",0.137857489048599,0.000294696724500935,"order",0.780155787779589
"Holophagales",0.104166277895041,0.000428099771387981,"order",0.780155787779589
"Holosporales",0.461220568184931,-0.0232898686563559,"order",0.780155787779589
"Hydrogenophilales",0.322466111322607,-0.116041922905717,"order",0.780155787779589
"Hymenochaetales",0.359801168398052,-0.0388388723327405,"order",0.780155787779589
"Hymenostomatida",0.525801353631778,-0.0077566830477651,"order",0.780155787779589
"Hyphomonadales",0.215837499716994,-0.0111787954094463,"order",0.780155787779589
"Hypocreales",0.174225955464401,-0.36909615094039,"order",0.780155787779589
"Immundisolibacterales",0.470036440179821,-0.0015386278633855,"order",0.780155787779589
"Isochrysidales",0.159406080514441,0.00191677111413009,"order",0.780155787779589
"Jaapiales",0.214405117179668,0.00022182773393657,"order",0.780155787779589
"Jatrophihabitantales",0.49291301924707,-0.0375819575937775,"order",0.780155787779589
"Kineosporiales",0.438648123818107,0.0518451774044459,"order",0.780155787779589
"Kiritimatiellales",0.479286465108556,-0.000764691222581644,"order",0.780155787779589
"Kitasatosporales",0.464380160279702,-0.180200213237647,"order",0.780155787779589
"Klebsormidiales",0.471920362481374,0.0252346355656709,"order",0.780155787779589
"Kriegeriales",0.504755584574392,-0.00188223326430137,"order",0.780155787779589
"Lamiales",0.196853309770902,0.151327418187867,"order",0.780155787779589
"Laurales",0.436474578054815,0.0749174663306475,"order",0.780155787779589
"Lecanorales",0.37816315466282,-0.0199194571573092,"order",0.780155787779589
"Lepidoptera",0.531924400758811,-0.023059010502765,"order",0.780155787779589
"Leptospirales",0.194748819510262,0.0470622476430402,"order",0.780155787779589
"Liliales",0.291653867375633,0.00592271832781559,"order",0.780155787779589
"Limisphaerales",0.47928646960419,-0.0298075080300894,"order",0.780155787779589
"Longamoebia",0.298831450694333,0.042796513746064,"order",0.780155787779589
"Magnaporthales",0.344650537804573,-0.0411047671363408,"order",0.780155787779589
"Magnoliales",0.159406079327474,0.0224477700254415,"order",0.780155787779589
"Malpighiales",0.122145879653916,0.17252372547329,"order",0.780155787779589
"Mamiellales",0.214405117179667,0.00774917919750322,"order",0.780155787779589
"Marchantiales",0.50475558519227,-0.000196201116240734,"order",0.780155787779589
"Martellivirales",0.476790185837516,-0.130894641249528,"order",0.780155787779589
"Mastigamoebida",0.276919862649344,-0.0191187880047583,"order",0.780155787779589
"Mesostigmata",0.246829038723639,-0.0012353971788174,"order",0.780155787779589
"Methanococcales",0.479286469604046,-0.0223600778098996,"order",0.780155787779589
"Methanosarcinales",0.479286603171349,-0.000598448762773179,"order",0.780155787779589
"Methanotrichales",0.388244753584835,-0.00126051940056954,"order",0.780155787779589
"Methylococcales",0.403419977634799,0.0402096323900144,"order",0.780155787779589
"Microbotryales",0.28837731696749,0.0611611601660123,"order",0.780155787779589
"Micrococcales",0.352486605494548,0.440258245310998,"order",0.780155787779589
"Microstromatales",0.530067451206177,0.0259846972912513,"order",0.780155787779589
"Mischococcales",0.486290990036274,-0.00402119615781724,"order",0.780155787779589
"Mixiales",0.251087282357207,0.00560142570636063,"order",0.780155787779589
"Mononegavirales",0.152995648032928,0.00654990821489515,"order",0.780155787779589
"Moraxellales",0.492624387166102,-0.308557969155604,"order",0.780155787779589
"Mortierellales",0.422039565191055,-0.00556734890390834,"order",0.780155787779589
"Motilibacterales",0.479286603138382,-0.000229739727199508,"order",0.780155787779589
"Mycobacteriales",0.142530893638706,-0.94236959764353,"order",0.780155787779589
"Mycoplasmatales",0.515715403800551,-0.118167739245631,"order",0.780155787779589
"Mycosphaerellales",0.464444046499019,-0.0871184695967679,"order",0.780155787779589
"Myriangiales",0.504755585167204,-0.00013422904660994,"order",0.780155787779589
"Myrtales",0.159978536631051,0.0868088091971004,"order",0.780155787779589
"Mytilinidiales",0.48629099004427,-0.000261220477260743,"order",0.780155787779589
"Natrialbales",0.0823839350694273,-0.113671917783583,"order",0.780155787779589
"Neisseriales",0.369961576595485,0.358556794706265,"order",0.780155787779589
"Neobodonida",0.479286471950478,-0.00420585558421891,"order",0.780155787779589
"Nevskiales",0.279914598584093,-0.0317133725493315,"order",0.780155787779589
"Nitrosomonadales",0.280433590390158,0.122982934714608,"order",0.780155787779589
"Nitrosopumilales",0.195107930036417,0.00250488082405649,"order",0.780155787779589
"Nitrososphaerales",0.471024141430904,-0.000521498017118187,"order",0.780155787779589
"Nitrospirales",0.464605384240619,-0.0504266902643783,"order",0.780155787779589
"Nodosilineales",0.29185778994258,-0.00156499099971845,"order",0.780155787779589
"Nymphaeales",0.118183241805184,0.0593913499421941,"order",0.780155787779589
"Oceanospirillales",0.159438758461812,-0.310547243918465,"order",0.780155787779589
"Onygenales",0.310468463410183,-0.142802924045801,"order",0.780155787779589
"Opalinata",0.199183707422834,0.00121046513652234,"order",0.780155787779589
"Ophiostomatales",0.172181046897864,0.0869383835194503,"order",0.780155787779589
"Opitutales",0.233810004628187,-0.0108011777476761,"order",0.780155787779589
"Orbales",0.430784057517039,-0.00648957249578507,"order",0.780155787779589
"Orbiliales",0.529560856723725,-0.0143111813172159,"order",0.780155787779589
"Ortervirales",0.430422852485029,-0.0242757514214943,"order",0.780155787779589
"Orthoptera",0.159406079744674,0.0311635937756307,"order",0.780155787779589
"Oscillatoriales",0.476934449476473,-0.0510911926685261,"order",0.780155787779589
"Ostreida",0.483614871779698,-0.0658261080423176,"order",0.780155787779589
"Oxalidales",0.159406081936723,0.00156298349938135,"order",0.780155787779589
"Parachlamydiales",0.262488935965543,-0.0123289969153537,"order",0.780155787779589
"Parvularculales",0.479286469604173,-0.00147759316380585,"order",0.780155787779589
"Patellariales",0.515847128263999,0.0317895269107107,"order",0.780155787779589
"Peltigerales",0.479286456496204,-0.000127523326138044,"order",0.780155787779589
"Peniculida",0.479286465108196,-0.000456550961909266,"order",0.780155787779589
"Pezizales",0.178865314690129,0.0628971080429518,"order",0.780155787779589
"Philasterida",0.479286469603924,-0.0199444781660188,"order",0.780155787779589
"Phthiraptera",0.303609488855646,0.0253764813198084,"order",0.780155787779589
"Picornavirales",0.276120823150282,-0.0284323804108072,"order",0.780155787779589
"Piperales",0.479286465109275,-0.000309769051135118,"order",0.780155787779589
"Pirellulales",0.486223199667602,-0.0299196153958573,"order",0.780155787779589
"Piroplasmida",0.479286471950586,-0.00364987847128702,"order",0.780155787779589
"Planctomycetales",0.211872061128381,-0.0690137357014724,"order",0.780155787779589
"Pleosporales",0.531440908665758,-0.114330675119951,"order",0.780155787779589
"Podocopida",0.255265655140384,0.0156265008937976,"order",0.780155787779589
"Polypodiales",0.29185778994258,-0.0103179060406739,"order",0.780155787779589
"Prasiolales",0.1608675162432,0.0297741058352404,"order",0.780155787779589
"Propionibacteriales",0.488953894307826,-0.376802070997831,"order",0.780155787779589
"Pseudanabaenales",0.28756326289705,-0.0339324808320817,"order",0.780155787779589
"Pseudoditrichales",0.479286603177511,-0.000396691642370226,"order",0.780155787779589
"Psocoptera",0.479286456493306,-0.000253520823623656,"order",0.780155787779589
"Pyramimonadales",0.479286473814133,-0.00581081674025112,"order",0.780155787779589
"Pyrenomonadales",0.479286465108207,-0.0392961805698734,"order",0.780155787779589
"Rhodocyclales",0.283412956580625,-0.138319958264012,"order",0.780155787779589
"Rosales",0.374480367579997,0.151391773576794,"order",0.780155787779589
"Salinisphaerales",0.370922520979288,-0.0169057533557507,"order",0.780155787779589
"Santalales",0.159406079744376,0.00508185301631898,"order",0.780155787779589
"Sapindales",0.3460206196168,0.243659792512566,"order",0.780155787779589
"Saprolegniales",0.173564733356275,0.0336241571863365,"order",0.780155787779589
"Saprospirales",0.479286471950586,-0.00364987847128702,"order",0.780155787779589
"Sarcoptiformes",0.399659583223819,0.119126726631193,"order",0.780155787779589
"Saxifragales",0.159406081935366,0.00125959429252813,"order",0.780155787779589
"Schizosaccharomycetales",0.428666530357332,0.00898099495238535,"order",0.780155787779589
"Sebacinales",0.486290993580033,-0.000204598563345406,"order",0.780155787779589
"Selaginellales",0.51627202582068,-0.0652563121201715,"order",0.780155787779589
"Selenomonadales",0.0487092718660026,0.344899256345062,"order",0.780155787779589
"Serpentovirales",0.479286603147328,-0.000355890321997857,"order",0.780155787779589
"Sobelivirales",0.242772451500017,-0.00411119510081147,"order",0.780155787779589
"Solanales",0.417784459840583,0.209635244934595,"order",0.780155787779589
"Sordariales",0.499076816327911,-0.0470546202562616,"order",0.780155787779589
"Sphaerobacterales",0.308082879116791,-0.0297633442684871,"order",0.780155787779589
"Sphaeropleales",0.159406081934996,0.00106505165154224,"order",0.780155787779589
"Sphingobacteriales",0.460686380309317,-0.16575923501596,"order",0.780155787779589
"Sphingomonadales",0.472940031383056,0.259032751408461,"order",0.780155787779589
"Spizellomycetales",0.334020391321595,-0.000426972556485044,"order",0.780155787779589
"Sporadotrichida",0.479286465107522,-0.00112717379892141,"order",0.780155787779589
"Sporichthyales",0.39427816899273,-0.010063404939136,"order",0.780155787779589
"Sporidiobolales",0.530962115594744,-0.108615227537153,"order",0.780155787779589
"Streptosporangiales",0.465172680783077,-0.109919886844415,"order",0.780155787779589
"Strigeidida",0.163957642079767,-0.0460214686674674,"order",0.780155787779589
"Strongylida",0.486290990008316,-0.000788459341957729,"order",0.780155787779589
"Synergistales",0.329606927132876,-0.0264894022832533,"order",0.780155787779589
"Syntrophales",0.159406081935411,0.000518472268605523,"order",0.780155787779589
"Syntrophobacterales",0.258301911485308,0.000541763534694579,"order",0.780155787779589
"Tepidiformales",0.320388733182819,-0.00945052378369272,"order",0.780155787779589
"Thalassiosirales",0.479286469604114,-0.00231152052160777,"order",0.780155787779589
"Thelephorales",0.328862134430821,-0.00448622911948364,"order",0.780155787779589
"Thermales",0.407428460976338,-0.126809823504825,"order",0.780155787779589
"Thermoanaerobacterales",0.142704929303524,-0.101889025686314,"order",0.780155787779589
"Thermodesulfobacteriales",0.099866794429693,0.0109316750765145,"order",0.780155787779589
"Thermosediminibacterales",0.479286471950478,-0.00420585558421891,"order",0.780155787779589
"Thiotrichales",0.112569824373105,0.0889245931680189,"order",0.780155787779589
"Thysanoptera",0.248069920673239,-0.0319736547205685,"order",0.780155787779589
"Tilletiales",0.0379214406040123,0.0144078080921715,"order",0.780155787779589
"Tissierellales",0.234009956535673,-0.605561047220901,"order",0.780155787779589
"Togniniales",0.370256970212311,0.0062915065752146,"order",0.780155787779589
"Trebouxiales",0.333509561480569,0.0616748627891882,"order",0.780155787779589
"Tremellales",0.179024752848716,-0.162539398939394,"order",0.780155787779589
"Trichoplacea",0.50475558440578,-0.0240931086537432,"order",0.780155787779589
"Tricladida",0.47928646510822,-0.0517903884484248,"order",0.780155787779589
"Trombidiformes",0.0809999389917447,0.580762954913406,"order",0.780155787779589
"Trypanosomatida",0.40409624449538,-0.0501327162294711,"order",0.780155787779589
"Tubulavirales",0.479286465107621,-0.000750279916131949,"order",0.780155787779589
"Ulotrichales",0.479286473814128,-0.00608851481269515,"order",0.780155787779589
"Ulvales",0.479286473814133,-0.00581081674025112,"order",0.780155787779589
"Umbilicariales",0.189121934445774,-0.0213360144756386,"order",0.780155787779589
"Veillonellales",0.212645333645229,0.577643489721177,"order",0.780155787779589
"Verrucariales",0.48485167633705,-0.00250404398945691,"order",0.780155787779589
"Verrucomicrobiales",0.319269421842551,-0.0310836305264906,"order",0.780155787779589
"Vibrionales",0.457103326118576,-0.113406741202905,"order",0.780155787779589
"Vicinamibacterales",0.0574017473835499,0.0248126271226118,"order",0.780155787779589
"Violaceomycetales",0.486290990021675,-0.000529457359664351,"order",0.780155787779589
"Watanabeales",0.479286469603874,-0.018548164292422,"order",0.780155787779589
"Welwitschiales",0.214405117179668,0.0209895925228552,"order",0.780155787779589
"Wolframvirales",0.225968654023038,-0.00185959018046557,"order",0.780155787779589
"Xylonales",0.396961327733727,-0.00233120907170729,"order",0.780155787779589
"Zurhausenvirales",0.121511127447682,0.0397698804769359,"order",0.780155787779589
"Blattellidae",0.579123758589815,-0.0222083682337814,"family",0.781500859875491
"Formicidae",0.5762719123619,-0.0337158890431183,"family",0.781500859875491
"Parvibaculaceae",0.576099784912648,-0.0111245416289037,"family",0.781500859875491
"Polyangiaceae",0.578816633736111,-0.0262956936460619,"family",0.781500859875491
"Thermotogaceae",0.577439685448074,-0.00367900322504926,"family",0.781500859875491
"Xylariaceae",0.57871386087122,0.0326151526027072,"family",0.781500859875491
"Exiguobacterium",0.622061556374661,0.0491249367250427,"genus",0.782010307594529
"Hapalosiphonaceae",0.580698963715843,-0.00592633929782461,"family",0.782405924632717
"Ustilaginaceae",0.581862678115423,0.0989883598346274,"family",0.782754613638944
"Nakamurella",0.623811831289151,-0.0619356821780527,"genus",0.783772518753799
"Mitsuaria",0.624194446577734,-0.0343044146551773,"genus",0.783815360331281
"Erythranthe",0.62507562279842,-0.00321147510129273,"genus",0.784046333337226
"Gemmatirosa",0.624791553034056,-0.0461961126711549,"genus",0.784046333337226
"Actinopolyspora",0.625954809502144,0.0125658553050217,"genus",0.784274298924971
"Epilithonimonas",0.625778359455098,0.0484771267222799,"genus",0.784274298924971
"Clavicipitaceae",0.585260204212401,-0.0259796650069854,"family",0.785052613152488
"Leucosporidiaceae",0.585386052581913,-0.0618021931347525,"family",0.785052613152488
"Fabales",0.538475424815246,0.18514825496094,"order",0.786849698254012
"Ranunculales",0.540953379142324,0.0176185024289371,"order",0.787564478457207
"Steccherinaceae",0.589064810182,-0.00220015133117991,"family",0.788763252023886
"Microascales",0.544351289022603,-0.00522472523256571,"order",0.789608463197622
"Pinus",0.631010200787248,-0.113816053643113,"genus",0.790168118914544
"Shinella",0.632330715459823,-0.074688476963503,"genus",0.791381067929406
"Erythrobacter",0.632957358528095,-0.043077575363475,"genus",0.791724749349102
"Eukaryota",0.792072612839226,-0.042938547272681,"kingdom",0.792072612839226
"Phycicoccus",0.634318364134369,0.0661294361704756,"genus",0.792545556076775
"Punctularia",0.634104739287913,0.00311266273262614,"genus",0.792545556076775
"Phasmatodea",0.549295988289479,-0.0274442532783091,"order",0.793873034170196
"Brachybacterium",0.637054342305107,-0.0948130483946442,"genus",0.795408506265445
"Georhizobium",0.637670758913561,-0.0056260829802578,"genus",0.795408506265445
"Treponema",0.637561297661883,0.084129898571919,"genus",0.795408506265445
"Serratia",0.639381652878579,-0.109906807866169,"genus",0.797100519580889
"Coprothermobacterales",0.565646859896874,-0.000617140722098179,"order",0.797139347043281
"Desulfobaccales",0.565646657947782,-0.000209601113496351,"order",0.797139347043281
"Filobasidiales",0.564892227909399,-0.0146341792125333,"order",0.797139347043281
"Malasseziales",0.561242514212607,-0.354290543654819,"order",0.797139347043281
"Nostocales",0.559092557920309,0.0894961732908447,"order",0.797139347043281
"Polyangiales",0.555003490835255,-0.0555211989677979,"order",0.797139347043281
"Tolivirales",0.563760067655861,-0.0343973527256311,"order",0.797139347043281
"Eubacteriales",0.567792487280565,0.199104759450236,"order",0.797325620436538
"Methylobacillus",0.640996379994257,0.00157310405609224,"genus",0.798670835793398
"Azospirillum",0.641506418363911,-0.0702980609106585,"genus",0.798863751329145
"Achromobacter",0.643351785620858,-0.121966892935555,"genus",0.799833148624273
"Actinoplanes",0.64330667241268,-0.0437386948297992,"genus",0.799833148624273
"Companilactobacillus",0.643132363462625,-0.0315898198983286,"genus",0.799833148624273
"Dolichospermum",0.644545342483615,-0.0160836792079578,"genus",0.800874295715829
"Herelleviridae",0.601253911968313,-0.0843496435924347,"family",0.801363072191974
"Picornaviridae",0.600085871907563,-0.00540641807871211,"family",0.801363072191974
"Streptococcaceae",0.600377912007926,0.238793345385549,"family",0.801363072191974
"Microthyriaceae",0.602228005747582,-0.00431527747245204,"family",0.801426499956397
"Peptacetobacter",0.645711480105182,-0.0313736919150507,"genus",0.801880242273084
"Propionicimonas",0.646682925875949,-0.00326089474661092,"genus",0.80264343283389
"Coniophora",0.647566725838817,-0.00185051077283847,"genus",0.803276781052133
"Hassalia",0.647907550390649,0.00595667336382754,"genus",0.803276781052133
"Batrachochytrium",0.648887317436287,0.0014826108689946,"genus",0.803427360542986
"Creolimax",0.649628637406358,0.00826186653521484,"genus",0.803427360542986
"Mediterraneibacter",0.64981519289804,0.0638175029637446,"genus",0.803427360542986
"Tilletiaria",0.649040022269077,-0.0066370093749125,"genus",0.803427360542986
"Ustilago",0.649434552463664,0.052476345694313,"genus",0.803427360542986
"Planococcaceae",0.604740630482839,-0.0832242150214489,"family",0.803534017461837
"Actinobaculum",0.651973499997636,0.0383168285052876,"genus",0.803610818543724
"Brucella",0.652183092381687,-0.0394363068940512,"genus",0.803610818543724
"Cupressus",0.652942419531611,0.0100133994995762,"genus",0.803610818543724
"Delftia",0.652644266986508,-0.205467815370247,"genus",0.803610818543724
"Methylocystis",0.653546073035258,-0.0255174375590581,"genus",0.803610818543724
"Micrococcus",0.654419672877167,0.151567051593358,"genus",0.803610818543724
"Panax",0.650749699991793,0.0113820686584935,"genus",0.803610818543724
"Pandoraea",0.653976929287895,-0.0608404492465725,"genus",0.803610818543724
"Phyllobacterium",0.65057950809925,-0.0558136774269147,"genus",0.803610818543724
"Plantactinospora",0.653388251635277,0.0187140487044834,"genus",0.803610818543724
"Psychromicrobium",0.654315093942907,0.0147907814649328,"genus",0.803610818543724
"Tuwongella",0.654966042859335,-0.00332845142935516,"genus",0.803610818543724
"Variibacter",0.651722257739306,-0.00258911993790421,"genus",0.803610818543724
"Zobellia",0.654857476745793,0.00247944803309837,"genus",0.803610818543724
"Thermoanaerobacter",0.655676722102975,-0.00882073997101148,"genus",0.80404413740981
"Labilitrichaceae",0.60630144810604,-0.0421921770070056,"family",0.804372319956633
"Vibrio",0.657146377440039,-0.0643284166839281,"genus",0.805407195020517
"Culicidae",0.608618346888921,0.0229656366394023,"family",0.806209601927896
"Piscirickettsiaceae",0.609726321217398,-0.00758757573255728,"family",0.806442305585703
"Methylibium",0.658769211177207,-0.0490433782284022,"genus",0.806619845374485
"Parastagonospora",0.659570429365797,-0.0137535587633911,"genus",0.806619845374485
"Pusillimonas",0.659083139906861,0.00297028829569154,"genus",0.806619845374485
"Stenotrophomonas",0.659363389891082,-0.132721554268697,"genus",0.806619845374485
"Chlorellaceae",0.611920493102975,-0.0422646575845478,"family",0.806876869716576
"Pinaceae",0.611630007527884,-0.127182293761993,"family",0.806876869716576
"Marivirgaceae",0.61317645351944,-0.00751838297019642,"family",0.807302332259232
"Baekduia",0.661242165060967,0.0305437635104472,"genus",0.807855508272398
"Chlorobaculum",0.661311131415838,0.00160145132657511,"genus",0.807855508272398
"Fannyhessea",0.661658446526348,-0.0217925508766883,"genus",0.807855508272398
"Chlamydia",0.662300992095435,0.000673988820568526,"genus",0.808201264906475
"Eikenella",0.663217356573177,0.0763329619335348,"genus",0.808880604627481
"Izhakiella",0.665737811840688,0.0011159741436683,"genus",0.810635808787064
"Rasamsonia",0.665562779415566,0.00126426004849222,"genus",0.810635808787064
"Thermothielavioides",0.665167537309546,0.00497575066993192,"genus",0.810635808787064
"Yarrowia",0.666298961240292,-0.0294937224698639,"genus",0.81088006700726
"Saccotheciaceae",0.617092976749213,-0.0625687637466057,"family",0.811224049981868
"Sparassidaceae",0.61890314964833,-0.0121432955909367,"family",0.811504844078326
"Sympoventuriaceae",0.619490626440535,-0.0274977360339457,"family",0.811504844078326
"Taphrinaceae",0.620121042700317,-0.00463709212609849,"family",0.811504844078326
"Ceratitis",0.667928891913974,-0.00359753621711036,"genus",0.811546233341182
"Ochrobactrum",0.66756954657279,-0.0876597234368517,"genus",0.811546233341182
"Pseudogulbenkiania",0.667921032275191,-0.00414275439285933,"genus",0.811546233341182
"Cinnamomum",0.66832603991156,0.0396340033819946,"genus",0.811590315205777
"Carica",0.670384084301065,-0.00646876625475196,"genus",0.812305829391983
"Cohnella",0.669919940847909,-0.00144206753442539,"genus",0.812305829391983
"Gammapapillomavirus",0.669799842815891,-0.000899813091246968,"genus",0.812305829391983
"Herminiimonas",0.670721176158698,0.0278409066324787,"genus",0.812305829391983
"Saccharibacillus",0.670132597032825,-0.00362938174602779,"genus",0.812305829391983
"Alistipes",0.67127088091853,-0.0449230771444707,"genus",0.812534021090299
"Escherichia",0.672017838124021,-0.0948050088303216,"genus",0.813000601366822
"Nakamurellaceae",0.623811831289151,-0.0619356821780527,"family",0.813872147911185
"Scytonemataceae",0.623201166745638,0.0393609915196937,"family",0.813872147911185
"Ustilaginales",0.581862678115423,0.0989883598346274,"order",0.814196538988366
"Actinopolysporaceae",0.625954809502144,0.0125658553050217,"family",0.814211895066699
"Phrymaceae",0.62507562279842,-0.00321147510129273,"family",0.814211895066699
"Chlorella",0.674242391131583,-0.00974785809187182,"genus",0.815253299814479
"Leucosporidiales",0.585386052581913,-0.0618021931347525,"order",0.816242524022668
"Auritidibacter",0.676227171865583,0.00944207411873866,"genus",0.816769764182984
"Burkholderia",0.676949239856417,-0.110435559436035,"genus",0.816769764182984
"Dorcoceras",0.676847288108359,-0.00138824826599422,"genus",0.816769764182984
"Nitrosomonas",0.676163262132161,-0.0165552539036518,"genus",0.816769764182984
"Pseudomonas",0.679328426032864,0.181501598593019,"genus",0.819200874073948
"Sanguibacter",0.679936422780057,0.0218600687515455,"genus",0.819494648891933
"Asticcacaulis",0.680848346200896,-0.040238456607019,"genus",0.820008828381054
"Bacteroides",0.681456869828452,0.101563862716405,"genus",0.820008828381054
"Bupleurum",0.681162759558508,-0.00138408825517556,"genus",0.820008828381054
"Tepidiphilus",0.683226022380124,-0.00107145625081727,"genus",0.82169803440262
"Comamonas",0.683650396478536,0.125012895668438,"genus",0.821768969364097
"Nitrobacteraceae",0.632975620064168,-0.16151389349849,"family",0.822107975008266
"Punctulariaceae",0.634104739287913,0.00311266273262614,"family",0.822339729361386
"Tolypothrichaceae",0.636386326109019,0.0234227776241433,"family",0.824063131862727
"Ornithobacterium",0.685997443071733,-0.0196897575982346,"genus",0.824149705912568
"Treponemataceae",0.637561297661883,0.084129898571919,"family",0.824350556767607
"Actinomycetota",0.240117377833053,-0.704431488960513,"phylum",0.825519976276781
"Armatimonadota",0.41496035281031,-0.011127133323548,"phylum",0.825519976276781
"Arthropoda",0.198323473380918,0.482034889176887,"phylum",0.825519976276781
"Artverviricota",0.430422852485029,-0.0242757514214943,"phylum",0.825519976276781
"Ascomycota",0.403325410747043,-0.32022333826971,"phylum",0.825519976276781
"Bacteroidota",0.386466988251354,0.463190349913831,"phylum",0.825519976276781
"Basidiomycota",0.515320124067781,-0.395018134523902,"phylum",0.825519976276781
"Bdellovibrionota",0.308849519186914,-0.0503574359694848,"phylum",0.825519976276781
"Campylobacterota",0.486036457650603,0.239865965019066,"phylum",0.825519976276781
"Cercozoa",0.32195542191765,-0.0183621575264517,"phylum",0.825519976276781
"Chlamydiota",0.290505772048783,-0.011726856115402,"phylum",0.825519976276781
"Chloroflexota",0.455029033593063,-0.0207414202095716,"phylum",0.825519976276781
"Chytridiomycota",0.271646075418029,0.0140647552903696,"phylum",0.825519976276781
"Ciliophora",0.325552063218961,-0.0301753278429468,"phylum",0.825519976276781
"Cnidaria",0.317179705738336,0.0100699234068385,"phylum",0.825519976276781
"Cossaviricota",0.121511127447682,0.0397698804769359,"phylum",0.825519976276781
"Cressdnaviricota",0.504755585024704,-0.00034445149942548,"phylum",0.825519976276781
"Discosea",0.298831450694333,0.042796513746064,"phylum",0.825519976276781
"Duplornaviricota",0.168403720111172,0.252010604217454,"phylum",0.825519976276781
"Euglenozoa",0.370354625798,-0.0900604307353732,"phylum",0.825519976276781
"Euryarchaeota",0.147029328165287,-0.131541786180627,"phylum",0.825519976276781
"Evosea",0.193371975399571,-0.0263219963441028,"phylum",0.825519976276781
"Fibrobacterota",0.159406081936073,0.00151837135752225,"phylum",0.825519976276781
"Fornicata",0.518929796545918,-0.00216594967195326,"phylum",0.825519976276781
"Haptophyta",0.159406080514441,0.00191677111413009,"phylum",0.825519976276781
"Heterolobosea",0.137352174851385,0.00457538514253284,"phylum",0.825519976276781
"Hofneiviricota",0.479286465107621,-0.000750279916131949,"phylum",0.825519976276781
"Kiritimatiellota",0.479286465108556,-0.000764691222581644,"phylum",0.825519976276781
"Microsporidia",0.343066256277668,0.038082745631658,"phylum",0.825519976276781
"Mollusca",0.431708945647108,-0.0743860059497133,"phylum",0.825519976276781
"Mycoplasmatota",0.438349491892458,-0.142700998983593,"phylum",0.825519976276781
"Myxococcota",0.510996871846256,-0.0733412923074317,"phylum",0.825519976276781
"Nitrososphaerota",0.334218895867476,0.00199177308132585,"phylum",0.825519976276781
"Nitrospirota",0.464605384240619,-0.0504266902643783,"phylum",0.825519976276781
"Oomycota",0.107313765015788,0.0909081362593169,"phylum",0.825519976276781
"Placozoa",0.50475558440578,-0.0240931086537432,"phylum",0.825519976276781
"Platyhelminthes",0.250480263118114,-0.0912017187123507,"phylum",0.825519976276781
"Spirochaetota",0.524316741689307,0.11551538181475,"phylum",0.825519976276781
"Streptophyta",0.188541820606383,0.582294101250796,"phylum",0.825519976276781
"Synergistota",0.329606927132876,-0.0264894022832533,"phylum",0.825519976276781
"Thermodesulfobacteriota",0.383344278510434,-0.106755781929711,"phylum",0.825519976276781
"Thermomicrobiota",0.308082879116791,-0.0297633442684871,"phylum",0.825519976276781
"Thermoproteota",0.137857488112639,0.00317088051342641,"phylum",0.825519976276781
"Uroviricota",0.31559772389329,-0.240700741441949,"phylum",0.825519976276781
"Verrucomicrobiota",0.464509164979295,-0.0378305430357659,"phylum",0.825519976276781
"Leeuwenhoekiella",0.688090155310483,-0.00398442052226204,"genus",0.825781621821385
"Ourmiavirus",0.687975973955905,-0.00721522375072313,"genus",0.825781621821385
"Antrodiella",0.690564350779031,-0.00158654345038311,"genus",0.82613131539398
"Cerebratulus",0.690191269389115,-0.0145170366763319,"genus",0.82613131539398
"Drosophila",0.689702008071127,-0.0225171401918728,"genus",0.82613131539398
"Leveillula",0.690585537101237,0.00172243624720265,"genus",0.82613131539398
"Ottowia",0.690002673810091,0.033441604269261,"genus",0.82613131539398
"Thioclava",0.688871030014369,-0.0185643936805746,"genus",0.82613131539398
"Rhabditidae",0.640447085029896,0.0318984958822875,"family",0.826845863508747
"Archangiaceae",0.642353578537249,0.0104499757792657,"family",0.828071304671715
"Phormidium",0.694908422831974,0.0118210778311685,"genus",0.830860735220154
"Eubacteriales Family XIII. Incertae Sedis",0.64636969628914,0.0480696078128709,"family",0.832008612038848
"Naganishia",0.696473071476302,-0.0096994728063494,"genus",0.832289021121256
"Coniophoraceae",0.647566725838817,-0.00185051077283847,"family",0.832310873477826
"Kribbella",0.697127139619602,0.0222904657083804,"genus",0.832628219333237
"Acer",0.697499865090173,0.0524906332878589,"genus",0.832631208379936
"Tilletiariaceae",0.649040022269077,-0.0066370093749125,"family",0.832966794158385
"Planomicrobium",0.698535693884331,-0.0219045645833863,"genus",0.833425345117167
"Morella",0.699411805126995,-0.00149960980220549,"genus",0.833827378231303
"Rhodoplanes",0.699614167506656,-0.00684419951757806,"genus",0.833827378231303
"Araliaceae",0.650749699991793,0.0113820686584935,"family",0.833923689619112
"Arcanobacterium",0.700438632378873,-0.0368570379200186,"genus",0.834367841218265
"Olsenella",0.70103962828652,-0.0513820404972751,"genus",0.834641674968969
"Listeria",0.701732550675145,0.0422817396910253,"genus",0.835024606597038
"Ricinus",0.702374681897423,0.0131665166025669,"genus",0.835346726381441
"Labilibaculum",0.703029012140396,0.0226383681929709,"genus",0.835683006503039
"Microthyriales",0.602228005747582,-0.00431527747245204,"order",0.83677996588085
"Zoogloea",0.704469035009331,-0.00404260939892156,"genus",0.836952382322232
"Zygotorulaspora",0.70506239405508,-0.00264214976832348,"genus",0.837215060311444
"Fusobacteriales",0.606325047087195,0.191588186408436,"order",0.837227323966524
"Taphrinales",0.606778388834324,-0.00539360926294606,"order",0.837227323966524
"Ndongobacter",0.706023350776238,-0.00907156027911769,"genus",0.837913728704887
"Epicoccum",0.707135643099042,0.0170756102901405,"genus",0.838190045171376
"Flexistipes",0.70849234142765,0.000210333262497602,"genus",0.838190045171376
"Fragilariopsis",0.70798223025303,0.00194099189448378,"genus",0.838190045171376
"Helicobacter",0.70828510262346,-0.0284216467159762,"genus",0.838190045171376
"Nocardiopsis",0.706645271544351,-0.0388007210238919,"genus",0.838190045171376
"Roseococcus",0.707679327344757,-0.0154239580881056,"genus",0.838190045171376
"Chlorellales",0.611920493102975,-0.0422646575845478,"order",0.838479291587468
"Pinales",0.611630007527884,-0.127182293761993,"order",0.838479291587468
"Alcaligenaceae",0.655286901647343,-0.122360580165551,"family",0.83849581349845
"Peronospora",0.70915937016006,0.00138864430090067,"genus",0.838538077544677
"Ectothiorhodospiraceae",0.657691616192444,-0.0671384562776548,"family",0.83909033629272
"Nocardiopsaceae",0.657103469411441,-0.0474825581766375,"family",0.83909033629272
"Cytobacillus",0.711842066021609,0.0108218313761987,"genus",0.840845575145106
"Leptolyngbya",0.711952847889054,-0.00923977238961026,"genus",0.840845575145106
"Pseudescherichia",0.712232468053102,0.0150877124794302,"genus",0.840845575145106
"Baekduiaceae",0.661242165060967,0.0305437635104472,"family",0.841248690400223
"Chlamydiaceae",0.662300992095435,0.000673988820568526,"family",0.841248690400223
"Pseudomonadaceae",0.661387938005554,0.192648880095384,"family",0.841248690400223
"Bacteroidaceae",0.663719625235533,0.126692332433063,"family",0.841814480687296
"Legionella",0.7138700863154,-0.0254881394353753,"genus",0.842336738784541
"Asparagus",0.714250945500959,-0.0215986826106735,"genus",0.84234419319961
"Castanea",0.716686713332858,-0.000825313665077739,"genus",0.842633665918117
"Centruroides",0.716153771662781,-0.00306774427778674,"genus",0.842633665918117
"Lacimicrobium",0.715898298343855,0.000578051049067237,"genus",0.842633665918117
"Miniimonas",0.716744421032173,0.0110830552737925,"genus",0.842633665918117
"Rhodopseudomonas",0.71514252289125,-0.10511004983159,"genus",0.842633665918117
"Winogradskyella",0.716497283419126,0.0153580415874487,"genus",0.842633665918117
"Acidithiobacillia",0.468615121833695,-0.0311591610080305,"class",0.84289282187447
"Actinomycetes",0.23969315426853,-0.704871173574021,"class",0.84289282187447
"Agaricostilbomycetes",0.471024141152753,-0.00110914235629143,"class",0.84289282187447
"Amabiliviricetes",0.225968654023038,-0.00185959018046557,"class",0.84289282187447
"Anaerolineae",0.206233775880497,-0.0100958510842082,"class",0.84289282187447
"Anthozoa",0.317179705738336,0.0100699234068385,"class",0.84289282187447
"Arachnida",0.0876411729320898,0.599062547427082,"class",0.84289282187447
"Ardenticatenia",0.275112970171332,-0.0198151185694151,"class",0.84289282187447
"Bacteroidia",0.445758235414242,0.40034930186889,"class",0.84289282187447
"Bdellovibrionia",0.23171133119997,-0.0558899993378487,"class",0.84289282187447
"Bigyra",0.199183707422834,0.00121046513652234,"class",0.84289282187447
"Bivalvia",0.483614871779698,-0.0658261080423176,"class",0.84289282187447
"Bryopsida",0.218273855186105,0.0377602442730219,"class",0.84289282187447
"Caldilineae",0.298491622593321,0.0178266273994492,"class",0.84289282187447
"Candidatus Babeliae",0.479286456493403,-0.000269368159575425,"class",0.84289282187447
"Candidatus Brocadiia",0.154253028848014,0.0338045847468745,"class",0.84289282187447
"Caudoviricetes",0.31559772389329,-0.240700741441949,"class",0.84289282187447
"Chlamydiia",0.290505772048783,-0.011726856115402,"class",0.84289282187447
"Chloroflexia",0.137857489048599,0.000294696724500935,"class",0.84289282187447
"Chrymotiviricetes",0.168403720111172,0.252010604217454,"class",0.84289282187447
"Chrysophyceae",0.149976426044418,0.000341688873738486,"class",0.84289282187447
"Chytridiomycetes",0.148628986101907,0.0165738277566093,"class",0.84289282187447
"Collembola",0.0412068138394837,0.0367073876875353,"class",0.84289282187447
"Conoidasida",0.478547568287785,0.00073530904912933,"class",0.84289282187447
"Coscinodiscophyceae",0.479286469604114,-0.00231152052160777,"class",0.84289282187447
"Cryptophyceae",0.479286465108706,-0.0616223173253189,"class",0.84289282187447
"Cycadopsida",0.214405117179668,0.0305611219112616,"class",0.84289282187447
"Cystobasidiomycetes",0.461251242380403,-0.00453486535971316,"class",0.84289282187447
"Dacrymycetes",0.504755585177287,-0.000114484044714885,"class",0.84289282187447
"Desulfobacteria",0.378464848228564,-0.00538317746026692,"class",0.84289282187447
"Desulfobulbia",0.269938639451456,-0.0145049920625398,"class",0.84289282187447
"Desulfurellia",0.486290990016039,-0.0111048712472841,"class",0.84289282187447
"Desulfuromonadia",0.137943898982612,-0.139905920731944,"class",0.84289282187447
"Dothideomycetes",0.3879215584022,-0.209900559665682,"class",0.84289282187447
"Duplopiviricetes",0.470609231248461,-0.00134273489464043,"class",0.84289282187447
"Echinamoebida",0.454915994246146,-0.0100093403407756,"class",0.84289282187447
"Epsilonproteobacteria",0.466239226052785,0.250898222934268,"class",0.84289282187447
"Euglenida",0.479286465107537,-0.0607552845572269,"class",0.84289282187447
"Eumycetozoa",0.479286474484606,-0.00720320830344214,"class",0.84289282187447
"Eurotiomycetes",0.35837634042786,-0.272151699615126,"class",0.84289282187447
"Exobasidiomycetes",0.191670722618141,0.120959762958033,"class",0.84289282187447
"Faserviricetes",0.479286465107621,-0.000750279916131949,"class",0.84289282187447
"Fibrobacteria",0.159406081936073,0.00151837135752225,"class",0.84289282187447
"Fimbriimonadia",0.41496035281031,-0.011127133323548,"class",0.84289282187447
"Flasuviricetes",0.479286473175079,-0.0100100610712498,"class",0.84289282187447
"Flavobacteriia",0.184905346932232,0.486087264419556,"class",0.84289282187447
"Gastropoda",0.472697880043349,-0.00855989711446576,"class",0.84289282187447
"Ginkgoopsida",0.287885058297068,0.0508509926522749,"class",0.84289282187447
"Gnetopsida",0.29790073109955,0.0517103429860931,"class",0.84289282187447
"Halobacteria",0.0819659238167758,-0.127246744287303,"class",0.84289282187447
"Hexanauplia",0.479286471950478,-0.00420585558421891,"class",0.84289282187447
"Holophagae",0.104166277895041,0.000428099771387981,"class",0.84289282187447
"Hydrogenophilia",0.322466111322607,-0.116041922905717,"class",0.84289282187447
"Kinetoplastea",0.401470741617098,-0.0508107275697696,"class",0.84289282187447
"Kiritimatiellia",0.479286465108556,-0.000764691222581644,"class",0.84289282187447
"Klebsormidiophyceae",0.471920362481374,0.0252346355656709,"class",0.84289282187447
"Lecanoromycetes",0.138019206734724,-0.0425694820441469,"class",0.84289282187447
"Magnoliopsida",0.253500384984667,0.481806609569042,"class",0.84289282187447
"Mamiellophyceae",0.214405117179667,0.00774917919750322,"class",0.84289282187447
"Marchantiopsida",0.50475558519227,-0.000196201116240734,"class",0.84289282187447
"Methanococci",0.479286469604046,-0.0223600778098996,"class",0.84289282187447
"Methanomicrobia",0.274489359946237,-0.00184160288495383,"class",0.84289282187447
"Milneviricetes",0.479286603147328,-0.000355890321997857,"class",0.84289282187447
"Mixiomycetes",0.251087282357207,0.00560142570636063,"class",0.84289282187447
"Mollicutes",0.438349491892458,-0.142700998983593,"class",0.84289282187447
"Monjiviricetes",0.152995648032928,0.00654990821489515,"class",0.84289282187447
"Mortierellomycetes",0.422039565191055,-0.00556734890390834,"class",0.84289282187447
"Negativicutes",0.220424759273574,0.567868115915207,"class",0.84289282187447
"Nitrososphaeria",0.334218895867476,0.00199177308132585,"class",0.84289282187447
"Nitrospiria",0.464605384240619,-0.0504266902643783,"class",0.84289282187447
"Oligohymenophorea",0.349132235802635,-0.0287110194032259,"class",0.84289282187447
"Opitutae",0.233810004628187,-0.0108011777476761,"class",0.84289282187447
"Ostracoda",0.255265655140384,0.0156265008937976,"class",0.84289282187447
"Papovaviricetes",0.121511127447682,0.0397698804769359,"class",0.84289282187447
"Pezizomycetes",0.178865314690129,0.0628971080429518,"class",0.84289282187447
"Polypodiopsida",0.29185778994258,-0.0103179060406739,"class",0.84289282187447
"Pyramimonadophyceae",0.479286473814133,-0.00581081674025112,"class",0.84289282187447
"Repensiviricetes",0.504755585024704,-0.00034445149942548,"class",0.84289282187447
"Revtraviricetes",0.430422852485029,-0.0242757514214943,"class",0.84289282187447
"Rhabditophora",0.47928646510822,-0.0517903884484248,"class",0.84289282187447
"Saprospiria",0.479286471950586,-0.00364987847128702,"class",0.84289282187447
"Schizosaccharomycetes",0.428666530357332,0.00898099495238535,"class",0.84289282187447
"Sordariomycetes",0.238477618930337,-0.33053157356786,"class",0.84289282187447
"Sphingobacteriia",0.460686380309317,-0.16575923501596,"class",0.84289282187447
"Spirotrichea",0.479286465107522,-0.00112717379892141,"class",0.84289282187447
"Synergistia",0.329606927132876,-0.0264894022832533,"class",0.84289282187447
"Syntrophia",0.159406081935411,0.000518472268605523,"class",0.84289282187447
"Syntrophobacteria",0.258301911485308,0.000541763534694579,"class",0.84289282187447
"Tepidiformia",0.320388733182819,-0.00945052378369272,"class",0.84289282187447
"Thermodesulfobacteria",0.099866794429693,0.0109316750765145,"class",0.84289282187447
"Thermomicrobia",0.308082879116791,-0.0297633442684871,"class",0.84289282187447
"Thermoprotei",0.137857488112639,0.00317088051342641,"class",0.84289282187447
"Tissierellia",0.236172265845608,-0.603017317603048,"class",0.84289282187447
"Trematoda",0.163957642079767,-0.0460214686674674,"class",0.84289282187447
"Tremellomycetes",0.260391152510789,-0.189333419433066,"class",0.84289282187447
"Ulvophyceae",0.297310531683749,-0.0123625906150952,"class",0.84289282187447
"Uniplacotomia",0.50475558440578,-0.0240931086537432,"class",0.84289282187447
"Verrucomicrobiae",0.357502582417815,-0.0448612146721764,"class",0.84289282187447
"Vicinamibacteria",0.0574017473835499,0.0248126271226118,"class",0.84289282187447
"Xanthophyceae",0.486290990036274,-0.00402119615781724,"class",0.84289282187447
"Xylonomycetes",0.396961327733727,-0.00233120907170729,"class",0.84289282187447
"Chromatiales",0.619069423417161,0.0945929815160066,"order",0.845349971286882
"Trichodesmium",0.719735268815825,0.00119478468158079,"genus",0.845707742720371
"Actinopolysporales",0.625954809502144,0.0125658553050217,"order",0.846000356869792
"Hymenoptera",0.62555855107671,-0.0405889579585268,"order",0.846000356869792
"Nakamurellales",0.623811831289151,-0.0619356821780527,"order",0.846000356869792
"Conchiformibius",0.720731565142357,0.0293469973627962,"genus",0.846436182770319
"Brucellaceae",0.6685090775305,-0.0895678481212933,"family",0.84664766041564
"Chthoniobacter",0.722024613152562,0.00680819796227534,"genus",0.847512189446823
"Caricaceae",0.670384084301065,-0.00646876625475196,"family",0.847596443141029
"Rikenellaceae",0.67127088091853,-0.0449230771444707,"family",0.847596443141029
"Sapindaceae",0.672197872826296,0.0573389991418633,"family",0.847596443141029
"Rosaceae",0.673922489154358,0.0626722807719864,"family",0.848534138454905
"Kytococcus",0.723580514149636,-0.0353214528187231,"genus",0.848612029498021
"Scytonema",0.723716261706182,0.0280989834876877,"genus",0.848612029498021
"Erysipelotrichia",0.520706597810425,0.0687831649746584,"class",0.850778109156233
"Lycopodiopsida",0.51627202582068,-0.0652563121201715,"class",0.850778109156233
"Spirochaetia",0.524316741689307,0.11551538181475,"class",0.850778109156233
"Gesneriaceae",0.676847288108359,-0.00138824826599422,"family",0.85097805845019
"Herbiconiux",0.726471673198321,-0.0152560579997085,"genus",0.851158661859928
"Hevea",0.726645011458898,0.00611659495293832,"genus",0.851158661859928
"Orbiliomycetes",0.529560856723725,-0.0143111813172159,"class",0.851256704266174
"Hericium",0.727204497991576,-0.00219082218861876,"genus",0.851370596555469
"Geosmithia",0.727791123386176,0.002702484621957,"genus",0.851614066855104
"Alphaproteobacteria",0.609237768503676,0.255642278786,"class",0.851942245387254
"Alsuviricetes",0.584965861093104,-0.102635185206402,"class",0.851942245387254
"Clostridia",0.563536963802705,0.2019836213707,"class",0.851942245387254
"Coprothermobacteria",0.565646859896874,-0.000617140722098179,"class",0.851942245387254
"Coriobacteriia",0.573503749268218,0.135253119479463,"class",0.851942245387254
"Desulfobaccia",0.565646657947782,-0.000209601113496351,"class",0.851942245387254
"Fusobacteriia",0.606325047087195,0.191588186408436,"class",0.851942245387254
"Gammaproteobacteria",0.563995896511813,-0.293861121446843,"class",0.851942245387254
"Leotiomycetes",0.551891252181897,-0.0866193432129368,"class",0.851942245387254
"Malacostraca",0.607205850168063,-0.0363907764119538,"class",0.851942245387254
"Malasseziomycetes",0.561242514212607,-0.354290543654819,"class",0.851942245387254
"Pinopsida",0.607839994514841,-0.128683873503927,"class",0.851942245387254
"Taphrinomycetes",0.606778388834324,-0.00539360926294606,"class",0.851942245387254
"Terriglobia",0.607968766144732,-0.0554921311480393,"class",0.851942245387254
"Tolucaviricetes",0.563760067655861,-0.0343973527256311,"class",0.851942245387254
"Ustilaginomycetes",0.582289118819263,0.0988859070073899,"class",0.851942245387254
"Rhodosporidiobolus",0.728462200130551,-0.0322985551197125,"genus",0.851956052050759
"Arachnia",0.729166884636465,-0.0470182878471805,"genus",0.852336966500732
"Phaeosphaeriaceae",0.680155125222687,-0.0128710178321771,"family",0.852658236692208
"Sanguibacteraceae",0.679936422780057,0.0218600687515455,"family",0.852658236692208
"Corticiales",0.634104739287913,0.00311266273262614,"order",0.85295362795306
"Mucorales",0.636446329606522,0.0470040094796056,"order",0.85295362795306
"Spirochaetales",0.637561297661883,0.084129898571919,"order",0.85295362795306
"Drosophilidae",0.682068013237824,-0.0232365765256787,"family",0.853611595127033
"Leptolyngbyaceae",0.682889276101626,-0.010601206926111,"family",0.853611595127033
"Betula",0.731904475832069,0.0115931967771587,"genus",0.853762015636059
"Glarea",0.731875862725276,-0.000334288697687573,"genus",0.853762015636059
"Microcella",0.731580104232929,-0.0197032871098959,"genus",0.853762015636059
"Neorhizobium",0.730802133665096,0.0436118807367247,"genus",0.853762015636059
"Panicovirus",0.732460803713652,0.00621943996635642,"genus",0.853951067480911
"Roseovarius",0.7328259494167,-0.0182699499409829,"genus",0.853951067480911
"Parageobacillus",0.73346460116798,-0.0176068644718557,"genus",0.854252660811387
"Hartmannibacter",0.734652172380532,-0.000407119974473185,"genus",0.855192927372575
"Rugosibacter",0.735245328453244,-0.000367118458880679,"genus",0.855440633052946
"Chitinophaga",0.736136561085132,-0.0380650023879579,"genus",0.855518280492951
"Dothidotthia",0.737594462372536,-0.00143448303904124,"genus",0.855518280492951
"Loigolactobacillus",0.737384395812979,-0.0189502418837323,"genus",0.855518280492951
"Monoblepharis",0.737394270178326,-0.00197510188151223,"genus",0.855518280492951
"Salegentibacter",0.736631805566816,-0.00539835729665111,"genus",0.855518280492951
"Tetrasphaera",0.737182721145383,0.0298435411544051,"genus",0.855518280492951
"Apiotrichum",0.738624344358833,0.0152137353871718,"genus",0.856271211578874
"Ureaplasma",0.739453593364075,0.00144644874822898,"genus",0.856790897205463
"Araucariales",0.647500636769531,0.011333198471101,"order",0.857509801376393
"Georgefischeriales",0.649040022269077,-0.0066370093749125,"order",0.857509801376393
"Ichthyophonida",0.649628637406358,0.00826186653521484,"order",0.857509801376393
"Rhizophydiales",0.648887317436287,0.0014826108689946,"order",0.857509801376393
"Devosia",0.740992350008135,0.053910975550006,"genus",0.857690064420121
"Steroidobacter",0.740832605052532,-0.0063024203665655,"genus",0.857690064420121
"Bondarzewiaceae",0.68822831211827,0.00965750248785084,"family",0.857806181530696
"Botourmiaviridae",0.687975973955905,-0.00721522375072313,"family",0.857806181530696
"Lineidae",0.690191269389115,-0.0145170366763319,"family",0.859015033124582
"Cyanobium",0.743990161857407,-0.00280752210081215,"genus",0.859832412136336
"Lachnellula",0.743934192366891,0.00125592147979963,"genus",0.859832412136336
"Lachnospira",0.743714242266483,0.0167330394502104,"genus",0.859832412136336
"Collimonas",0.745798271319536,-0.0266829598229081,"genus",0.861037121251353
"Tobamovirus",0.745485253199004,-0.0474485420131908,"genus",0.861037121251353
"Providencia",0.746275743505038,-0.00728254733944803,"genus",0.861146304331878
"Blastococcus",0.747036096044422,0.0277132721131534,"genus",0.861581630771233
"Beutenbergia",0.74751399363803,-0.00409280998406611,"genus",0.861690913219851
"Tolypothrix",0.748441738665489,0.015148843654268,"genus",0.862318376157113
"Haloarcula",0.749437421314795,-0.00203868544262459,"genus",0.862581760766108
"Nicotiana",0.749221818341634,0.0215312283018031,"genus",0.862581760766108
"Dysgonomonas",0.750957400586711,-0.00945496168918276,"genus",0.863889101749111
"Carnobacteriaceae",0.704686567094805,-0.149032412902555,"family",0.864088107863651
"Clostridiaceae",0.701806038895274,-0.0981419894407851,"family",0.864088107863651
"Cyclobacteriaceae",0.703535949267685,0.0180346351535464,"family",0.864088107863651
"Kribbellaceae",0.697127139619602,0.0222904657083804,"family",0.864088107863651
"Marinifilaceae",0.703029012140396,0.0226383681929709,"family",0.864088107863651
"Methylobacteriaceae",0.698398175598045,-0.0991720096740802,"family",0.864088107863651
"Myricaceae",0.699411805126995,-0.00149960980220549,"family",0.864088107863651
"Myxotrichaceae",0.702218007089079,0.00191865139627513,"family",0.864088107863651
"Paenibacillaceae",0.705255727343049,0.0518563425649434,"family",0.864088107863651
"Peptostreptococcaceae",0.70438182944884,-0.0749750733477306,"family",0.864088107863651
"Phyllobacteriaceae",0.700146764446831,-0.104482786064231,"family",0.864088107863651
"Dialister",0.751546752066703,0.0417075085872788,"genus",0.864125074334364
"Dichomitus",0.75233988330147,0.00219306214131492,"genus",0.864268240076646
"Tautonia",0.752439846185003,-0.011284299976636,"genus",0.864268240076646
"Varibaculum",0.753344750819897,0.00394666196541968,"genus",0.864865923733512
"Bacillariaceae",0.70798223025303,0.00194099189448378,"family",0.865008236177883
"Brassicaceae",0.710006760330979,0.0579629822728207,"family",0.865008236177883
"Flexistipitaceae",0.70849234142765,0.000210333262497602,"family",0.865008236177883
"Legionellaceae",0.709478048478358,-0.0259407969389656,"family",0.865008236177883
"Herpesvirales",0.658137763713818,0.0161691308045613,"order",0.865855662560372
"Asparagaceae",0.712031825406778,-0.0217742373137977,"family",0.866255315016685
"Sporomusaceae",0.713075654547347,0.00688632471341336,"family",0.866306799414965
"Eukaryota",0.86643131198312,-0.100268029132956,"superkingdom",0.86643131198312
"Pannonibacter",0.755427332051554,-0.0393473502065307,"genus",0.86681432131834
"Atlantibacter",0.756254209536712,-0.0138088474507564,"genus",0.866878551094835
"Nelumbo",0.755938139126221,-0.0221807287778863,"genus",0.866878551094835
"Paraclostridium",0.756882822970663,0.0229801432157033,"genus",0.86715714154917
"Helcococcus",0.75731379109629,-0.0241861313831363,"genus",0.86720912228898
"Isoptericola",0.75786459704936,0.0163407780260518,"genus",0.867398208022397
"Betaproteobacteria",0.625920875921925,0.223633588624922,"class",0.868212827891703
"Chlamydiales",0.662300992095435,0.000673988820568526,"order",0.868416754913043
"Naviculales",0.666663367407993,-0.00603245926646616,"order",0.868416754913043
"Pseudomonadales",0.665662786833849,0.190081059891556,"order",0.868416754913043
"Buthidae",0.716153771662781,-0.00306774427778674,"family",0.868826104471677
"Micromonospora",0.760202456455787,-0.0358361340891508,"genus",0.869631396016818
"Potyviridae",0.718031979461089,-0.0401380659787832,"family",0.869884680999778
"Macroventuria",0.762579676179343,0.00940571017778805,"genus",0.871907316587362
"Coprothermobacterota",0.565646859896874,-0.000617140722098179,"phylum",0.872038909007681
"Diaphorina",0.763576611702814,0.0145387632245869,"genus",0.872134009856702
"Paracoccus",0.763941306988752,0.0899482923660684,"genus",0.872134009856702
"Parascardovia",0.763937869137646,-0.0311093226477952,"genus",0.872134009856702
"Proteiniphilum",0.764719365510968,-0.00579137173431109,"genus",0.872579326755031
"Aureimonas",0.767502540743281,0.0231564681988839,"genus",0.873266196072546
"Erysiphe",0.768427657637869,-0.00830156687343062,"genus",0.873266196072546
"Fusobacterium",0.766701465699867,0.0908957675268662,"genus",0.873266196072546
"Golovinomyces",0.766664263599438,0.0145956632801638,"genus",0.873266196072546
"Marinilactibacillus",0.767920634950522,-0.0109471607917194,"genus",0.873266196072546
"Polymorphum",0.767498393073441,-0.0247679855014665,"genus",0.873266196072546
"Salinispora",0.768173722080792,-0.00677861870324721,"genus",0.873266196072546
"Ureibacillus",0.767596593459865,-0.000392540601386449,"genus",0.873266196072546
"Moesziomyces",0.768891411563618,0.0154369834780279,"genus",0.873351911417463
"Chthoniobacteraceae",0.722024613152562,0.00680819796227534,"family",0.873498308219533
"Kytococcaceae",0.723580514149636,-0.0353214528187231,"family",0.8741580233791
"Myxococcales",0.673528520859057,-0.0283253242421813,"order",0.874482932000612
"Musca",0.770402284876947,0.0122772132726317,"genus",0.87462631937822
"Geodermatophilus",0.771158333809864,0.0257787351368538,"genus",0.875042932764068
"Alfamovirus",0.772110321293497,0.00281157662905732,"genus",0.875478098032587
"Dietzia",0.772320385280859,-0.0422629801621903,"genus",0.875478098032587
"Mucoromycetes",0.636446329606522,0.0470040094796056,"class",0.875750149538574
"Deinococcus",0.773441011702231,-0.0481468446201579,"genus",0.875878456162775
"Winkia",0.773452473961437,0.0394876208051771,"genus",0.875878456162775
"Rountreeviridae",0.728802669522946,-0.0266533935620237,"family",0.879238924877752
"Acetobacter",0.777350726497481,0.0292239000796425,"genus",0.879284992524048
"Podocarpus",0.777207776862062,-0.00447267579952948,"genus",0.879284992524048
"Roseitalea",0.778024515394778,-0.0002381005413947,"genus",0.879284992524048
"Setaria",0.777664302052414,0.0137669040881241,"genus",0.879284992524048
"Alkaliphilus",0.779539241207042,0.000706421137646285,"genus",0.879842306226509
"Brevibacterium",0.778995456523946,-0.0719760844172213,"genus",0.879842306226509
"Oscillibacter",0.779691292267422,-0.00783953389957043,"genus",0.879842306226509
"Helotiaceae",0.731875862725276,-0.000334288697687573,"family",0.880753508302795
"Virgaviridae",0.732094534647063,-0.0500714255274057,"family",0.880753508302795
"Arthrodermataceae",0.739794159758625,-0.00201004999583635,"family",0.881458326506796
"Debaryomycetaceae",0.737882266341558,-0.0385038131673291,"family",0.881458326506796
"Dothidotthiaceae",0.737594462372536,-0.00143448303904124,"family",0.881458326506796
"Helicobacteraceae",0.739957611764565,-0.025222640850629,"family",0.881458326506796
"Monoblepharidaceae",0.737394270178326,-0.00197510188151223,"family",0.881458326506796
"Rhodanobacteraceae",0.740533849096351,-0.0539946981206979,"family",0.881458326506796
"Steroidobacteraceae",0.740832605052532,-0.0063024203665655,"family",0.881458326506796
"Xanthomonadaceae",0.737694030523121,-0.109133868920015,"family",0.881458326506796
"Bartheletia",0.782299560928948,-0.00258933774126556,"genus",0.881999073697636
"Paeniclostridium",0.782736793379069,0.017924221258709,"genus",0.881999073697636
"Sulfurivermis",0.78277908008025,-0.0204274092981618,"genus",0.881999073697636
"Haloplanus",0.784717001770725,0.00021945422066016,"genus",0.88289456237237
"Paludisphaera",0.784751547435468,0.00774839254535788,"genus",0.88289456237237
"Simonsiella",0.784240305160097,-0.00592521104380838,"genus",0.88289456237237
"Caulobacter",0.785390592470776,-0.0399476813376639,"genus",0.882914327694715
"Ixodes",0.785928726702651,-0.000312038934569816,"genus",0.882914327694715
"Shewanella",0.785946858179111,0.0300097695741504,"genus",0.882914327694715
"Lachnaceae",0.743934192366891,0.00125592147979963,"family",0.883932797249122
"Rhodocyclaceae",0.746766991281727,-0.018166022632373,"family",0.88608154658257
"Trichosporon",0.789441265748218,0.00422280866218473,"genus",0.886397107672362
"Ichthyosporea",0.649628637406358,0.00826186653521484,"class",0.886794647888045
"Hericiaceae",0.748431967463281,0.00531140545206639,"family",0.886840618980464
"Brassicales",0.692028251492281,0.0622746161448046,"order",0.886871157252244
"Chroococcales",0.69058791639897,-0.0335096011120863,"order",0.886871157252244
"Heteronemertea",0.690191269389115,-0.0145170366763319,"order",0.886871157252244
"Ourlivirales",0.687975973955905,-0.00721522375072313,"order",0.886871157252244
"Ericales",0.694611630563902,-0.0362995265872995,"order",0.887310340978403
"Dickeya",0.79115542099077,-0.0131084671429966,"genus",0.887878513876368
"Daphnia",0.792019363865681,-0.000999657058489677,"genus",0.888404762760058
"Autographiviridae",0.751592951491805,0.0044129579705663,"family",0.889367856416431
"Nonomuraea",0.793335106040512,0.0184705243443005,"genus",0.88943701569547
"Marinilabiliales",0.698932790201209,0.0230339841793374,"order",0.889959437040768
"Haemophilus",0.79480608564378,-0.0978632203681273,"genus",0.890642195621754
"Aconoidasida",0.667921957513824,-0.00225912241469806,"class",0.891130042982752
"Herviviricetes",0.658137763713818,0.0161691308045613,"class",0.891130042982752
"Microbotryomycetes",0.668775404778617,-0.080679911538348,"class",0.891130042982752
"Myxococcia",0.673528520859057,-0.0283253242421813,"class",0.891130042982752
"Juglans",0.796686455205934,-0.0240344588188757,"genus",0.892304700078758
"Andhravirus",0.797234377987799,0.0181565219267405,"genus",0.892473925383056
"Arachis",0.797799591905283,-0.0489042198222111,"genus",0.892662329450239
"Mycobacteroides",0.798740033066857,-0.0688573075100808,"genus",0.893270181187151
"Nelumbonaceae",0.755938139126221,-0.0221807287778863,"family",0.893287555115002
"Zea",0.799680440533076,0.0392251295933272,"genus",0.893877391033245
"Eggerthellaceae",0.757606996945533,0.0316403837493046,"family",0.894038270611031
"Azospirillaceae",0.759723555754961,-0.0531918180446443,"family",0.895314544588612
"Chitinophagaceae",0.76187418587343,-0.0577068325718411,"family",0.89540919943005
"Cucurbitaceae",0.761801391674886,0.0403987132199069,"family",0.89540919943005
"Liviidae",0.763576611702814,0.0145387632245869,"family",0.89619235973261
"Bacillariales",0.70798223025303,0.00194099189448378,"order",0.896367307365334
"Deferribacterales",0.70849234142765,0.000210333262497602,"order",0.896367307365334
"Rodentibacter",0.802583306359119,0.00304138937120566,"genus",0.89667653055224
"Fusobacteriaceae",0.766701465699867,0.0908957675268662,"family",0.89864060681624
"Metarhizium",0.805210364433421,-0.0108732719136105,"genus",0.898835520475201
"Weissella",0.805315061697434,0.0320953355896669,"genus",0.898835520475201
"Miaviricetes",0.687975973955905,-0.00721522375072313,"class",0.899340138900968
"Pilidiophora",0.690191269389115,-0.0145170366763319,"class",0.899340138900968
"Patatavirales",0.718031979461089,-0.0401380659787832,"order",0.900363977456097
"Rhabditida",0.718472264838703,0.0249112824919112,"order",0.900363977456097
"Scorpiones",0.716153771662781,-0.00306774427778674,"order",0.900363977456097
"Glomeraceae",0.770192255444972,0.00566393726848057,"family",0.900537805971026
"Muscidae",0.770402284876947,0.0122772132726317,"family",0.900537805971026
"Geobacillus",0.808036008002354,0.0248836488980421,"genus",0.90111603591068
"Lacticaseibacillus",0.808322840386543,0.0392565102256816,"genus",0.90111603591068
"Novosphingobium",0.808560320350268,-0.0377476219244753,"genus",0.90111603591068
"Deinococcaceae",0.773441011702231,-0.0481468446201579,"family",0.901509225546601
"Dietziaceae",0.772320385280859,-0.0422629801621903,"family",0.901509225546601
"Hydrogenothermaceae",0.774359947492629,-0.00559093395440628,"family",0.901509225546601
"Chthoniobacterales",0.722024613152562,0.00680819796227534,"order",0.901961346398784
"Adlercreutzia",0.810975717106442,-0.00895751489576905,"genus",0.902006546058306
"Brachymonas",0.811517185218456,0.000200353871484619,"genus",0.902006546058306
"Mixta",0.811190561572671,-0.0112104757338211,"genus",0.902006546058306
"Moineauvirus",0.811693178478196,-0.01426134661108,"genus",0.902006546058306
"Muriicola",0.81150503855219,-0.000676627004665573,"genus",0.902006546058306
"Tsuneonella",0.811765784447315,-0.00511178463380013,"genus",0.902006546058306
"Brevibacteriaceae",0.778995456523946,-0.0719760844172213,"family",0.902097300534037
"Didymellaceae",0.778685100732616,0.0238361749978502,"family",0.902097300534037
"Poaceae",0.779036628322457,0.0848231903035257,"family",0.902097300534037
"Podocarpaceae",0.777207776862062,-0.00447267579952948,"family",0.902097300534037
"Bartheletiaceae",0.782299560928948,-0.00258933774126556,"family",0.902805205692555
"Comamonadaceae",0.78274227506766,-0.12301481851299,"family",0.902805205692555
"Thioalkalispiraceae",0.78277908008025,-0.0204274092981618,"family",0.902805205692555
"Devosiaceae",0.785740110318954,0.0449774255133546,"family",0.902847320484636
"Ixodidae",0.785928726702651,-0.000312038934569816,"family",0.902847320484636
"Shewanellaceae",0.785946858179111,0.0300097695741504,"family",0.902847320484636
"Aedes",0.813711124443879,-0.00425102794408278,"genus",0.903108798334846
"Arthrospira",0.814364003122751,-0.00114715403894103,"genus",0.903108798334846
"Chroococcidiopsis",0.81405878888026,0.0369965284515031,"genus",0.903108798334846
"Linepithema",0.813249295687481,-0.00925251681310679,"genus",0.903108798334846
"Fusobacteriota",0.606325047087195,0.191588186408436,"phylum",0.903549769092629
"Kitrinoviricota",0.610506600738263,-0.0981678386485911,"phylum",0.903549769092629
"Dothideales",0.725611219941049,-0.0448118939306842,"order",0.903591330492627
"Desulfohalobium",0.816217291709642,-0.00020387797876098,"genus",0.904009721620989
"Digitaria",0.816382278618154,0.0245498415242386,"genus",0.904009721620989
"Micavibrio",0.816279573100161,-0.000444568780241356,"genus",0.904009721620989
"Beutenbergiaceae",0.792575666517292,0.00894028039326839,"family",0.904435020542954
"Daphniidae",0.792019363865681,-0.000999657058489677,"family",0.904435020542954
"Juglandaceae",0.794340710066754,-0.0243180577896756,"family",0.904435020542954
"Listeriaceae",0.79267318321569,0.0299132958957767,"family",0.904435020542954
"Methanobacteriaceae",0.79464811053485,0.0121978744482905,"family",0.904435020542954
"Oxalobacteraceae",0.793163507029713,0.093283506479042,"family",0.904435020542954
"Weeksellaceae",0.790519340176309,0.0715503722502037,"family",0.904435020542954
"Porphyrobacter",0.818232071828958,0.00890164473446883,"genus",0.90561217005085
"Gluconobacter",0.820182976688612,-0.0154417926710667,"genus",0.906878817390702
"Lichenihabitans",0.819850836732329,0.0148930338080118,"genus",0.906878817390702
"Eutrema",0.821681502172214,-0.00204455650168233,"genus",0.907439991960666
"Herrania",0.821900962038184,0.00475789615861424,"genus",0.907439991960666
"Pelotomaculum",0.821869472384742,-0.00017270842766636,"genus",0.907439991960666
"Aquincola",0.8223940340946,-0.002554438270817,"genus",0.907538853129909
"Algibacter",0.826266826283559,0.00810263420041225,"genus",0.911220840001728
"Raoultella",0.826540913118508,0.021724998065213,"genus",0.911220840001728
"Sinorhizobium",0.827110074469275,0.0398655234631729,"genus",0.911401547026653
"Gemmatimonas",0.827821340651833,0.0126459411565039,"genus",0.911738587231133
"Hordeum",0.829366593216785,-0.0240402881282583,"genus",0.912507159184804
"Pseudogymnoascus",0.829078194874238,0.00507209198073489,"genus",0.912507159184804
"Sesamum",0.829736389743408,-0.0176894918730429,"genus",0.912507159184804
"Arsenicicoccus",0.83082713913435,-0.0121148706162499,"genus",0.913260134854914
"Chromadorea",0.723319966055435,0.0244899590811142,"class",0.914787015893638
"Deferribacteres",0.70849234142765,0.000210333262497602,"class",0.914787015893638
"Spartobacteria",0.722024613152562,0.00680819796227534,"class",0.914787015893638
"Stelpaviricetes",0.718031979461089,-0.0401380659787832,"class",0.914787015893638
"Monoblepharidales",0.737394270178326,-0.00197510188151223,"order",0.915385990566198
"Filifactor",0.834466224351055,-0.0121452896827097,"genus",0.916280796922937
"Ruminococcus",0.834797400131213,0.0140998509639075,"genus",0.916280796922937
"Xylanimonas",0.834507602921034,-0.00681856025443779,"genus",0.916280796922937
"Arthrobacter",0.835813203313302,0.0473505862290621,"genus",0.916725764395752
"Sulfurihydrogenibium",0.836018027023427,-0.00406243936106404,"genus",0.916725764395752
"Aphis",0.836877380644122,0.0118586275551704,"genus",0.916774100861485
"Bacteriovorax",0.836541775753274,0.00252307265870706,"genus",0.916774100861485
"Rhodomicrobium",0.839782011851436,-0.00150696658688613,"genus",0.919508152217078
"Colletotrichum",0.840682622367714,-0.0134085820402479,"genus",0.919550832172452
"Propioniciclava",0.841035625368993,0.00598604198493475,"genus",0.919550832172452
"Thermomonospora",0.84104760417018,-0.00792089873844388,"genus",0.919550832172452
"Proteus",0.843176335458961,-0.0166803542169968,"genus",0.921430310227018
"Aphididae",0.81646108682581,0.0239012851262672,"family",0.921982819979537
"Chroococcidiopsidaceae",0.81405878888026,0.0369965284515031,"family",0.921982819979537
"Desulfohalobiaceae",0.816217291709642,-0.00020387797876098,"family",0.921982819979537
"Lactobacillaceae",0.811880622586244,0.0821727866266128,"family",0.921982819979537
"Paracoccaceae",0.815385833473221,0.0715320919206772,"family",0.921982819979537
"Pasteurellaceae",0.816020539371415,-0.0884318673217875,"family",0.921982819979537
"Trichomonas",0.844196254370999,0.0189392899466983,"genus",0.922096831510625
"Lichenihabitantaceae",0.819850836732329,0.0148930338080118,"family",0.924603616393044
"Monoblepharidomycetes",0.737394270178326,-0.00197510188151223,"class",0.925779667669139
"Alteromonadales",0.764285960035501,0.0377021190479179,"order",0.92642458974949
"Aquificales",0.774359947492629,-0.00559093395440628,"order",0.92642458974949
"Boletales",0.756232582293034,0.00354415055237732,"order",0.92642458974949
"Chitinophagales",0.76187418587343,-0.0577068325718411,"order",0.92642458974949
"Chroococcidiopsidales",0.76919336469246,0.046387390186546,"order",0.92642458974949
"Cucurbitales",0.761801391674886,0.0403987132199069,"order",0.92642458974949
"Deinococcales",0.773441011702231,-0.0481468446201579,"order",0.92642458974949
"Eggerthellales",0.757606996945533,0.0316403837493046,"order",0.92642458974949
"Glomerales",0.770192255444972,0.00566393726848057,"order",0.92642458974949
"Legionellales",0.769723434418744,-0.0204023246845448,"order",0.92642458974949
"Poales",0.772018784750374,0.0876258153701618,"order",0.92642458974949
"Proteales",0.755938139126221,-0.0221807287778863,"order",0.92642458974949
"Dichanthelium",0.849448710608506,0.000743812720117301,"genus",0.927383568038121
"Bartheletiales",0.782299560928948,-0.00258933774126556,"order",0.927494102329921
"Chlamydomonadales",0.789306849710059,-0.0028051811526635,"order",0.927494102329921
"Ixodida",0.785928726702651,-0.000312038934569816,"order",0.927494102329921
"Rhodospirillales",0.780653681280641,-0.0634663277160265,"order",0.927494102329921
"Saccharomycetales",0.788619271564788,-0.0845661019773373,"order",0.927494102329921
"Xylariales",0.782076477312209,0.0175819602292764,"order",0.927494102329921
"Diplostraca",0.792019363865681,-0.000999657058489677,"order",0.927928012102987
"Methanobacteriales",0.79464811053485,0.0121978744482905,"order",0.928261509651329
"Acidimicrobiales",0.802737347511781,0.0268829217079361,"order",0.928476767676388
"Hyphomicrobiales",0.810807594120338,0.121091194260112,"order",0.928476767676388
"Lactobacillales",0.800506228071843,0.130640061358754,"order",0.928476767676388
"Rubrobacterales",0.808957806338926,0.0234047159494884,"order",0.928476767676388
"Russulales",0.811244852565733,0.0172370231617917,"order",0.928476767676388
"Tymovirales",0.799073795792335,0.0154712814007894,"order",0.928476767676388
"Xanthomonadales",0.810810681732061,-0.0787021542309834,"order",0.928476767676388
"Diaporthales",0.813678429817318,0.00509048332972575,"order",0.928575096526093
"Pasteurellales",0.816020539371415,-0.0884318673217875,"order",0.928575096526093
"Deinococci",0.745491346186646,-0.0663275774205529,"class",0.929163127131182
"Sphingobium",0.851548820439955,0.0534453606753805,"genus",0.929225277617398
"Kazachstania",0.852511330551138,0.0012800749615178,"genus",0.929373719054536
"Serinicoccus",0.852214807646284,-0.0138606437690707,"genus",0.929373719054536
"Isosphaeraceae",0.82715270353859,0.0154539507720557,"family",0.931623813230313
"Coniochaeta",0.855083590033258,0.00432680080517651,"genus",0.93172625677558
"Pedaliaceae",0.829736389743408,-0.0176894918730429,"family",0.93210646380266
"Pseudeurotiaceae",0.829078194874238,0.00507209198073489,"family",0.93210646380266
"Macrococcus",0.856736435919429,0.013763964738374,"genus",0.932623545199805
"Sinomonas",0.856674060665919,0.0103814242046257,"genus",0.932623545199805
"Carex",0.858293675473803,0.000784193542160121,"genus",0.933866703502943
"Alteromonadaceae",0.836045701488133,0.00678276279766471,"family",0.93524564807387
"Bacteriovoracaceae",0.836541775753274,0.00252307265870706,"family",0.93524564807387
"Bifidobacteriaceae",0.842066456730238,-0.0606009997261916,"family",0.93524564807387
"Glomerellaceae",0.840682622367714,-0.0134085820402479,"family",0.93524564807387
"Haloferacaceae",0.836956184149707,-0.00216082416148823,"family",0.93524564807387
"Malvaceae",0.840824132299959,0.0205037004873679,"family",0.93524564807387
"Myxococcaceae",0.842261687687335,0.00674427630840824,"family",0.93524564807387
"Nitrosomonadaceae",0.838673890940677,0.00840974043438088,"family",0.93524564807387
"Polyporaceae",0.833848919273508,-0.0173703427145792,"family",0.93524564807387
"Eubacterium",0.860333042573519,0.0102108400937356,"genus",0.935632984887739
"Agaricomycetes",0.783222469209047,-0.0442107922668557,"class",0.936160787753384
"Aquificae",0.774359947492629,-0.00559093395440628,"class",0.936160787753384
"Bartheletiomycetes",0.782299560928948,-0.00258933774126556,"class",0.936160787753384
"Branchiopoda",0.792019363865681,-0.000999657058489677,"class",0.936160787753384
"Chitinophagia",0.76187418587343,-0.0577068325718411,"class",0.936160787753384
"Insecta",0.773718572448307,0.0578580855666895,"class",0.936160787753384
"Methanobacteria",0.79464811053485,0.0121978744482905,"class",0.936160787753384
"Saccharomycetes",0.788619271564788,-0.0845661019773373,"class",0.936160787753384
"Trichomonadidae",0.844196254370999,0.0189392899466983,"family",0.936192000039633
"Araneae",0.842848773965324,-0.0114765247320151,"order",0.936419374596402
"Auriculariales",0.839275288225662,0.00700209206970412,"order",0.936419374596402
"Bacteriovoracales",0.836541775753274,0.00252307265870706,"order",0.936419374596402
"Bifidobacteriales",0.842066456730238,-0.0606009997261916,"order",0.936419374596402
"Haloferacales",0.836956184149707,-0.00216082416148823,"order",0.936419374596402
"Isosphaerales",0.82715270353859,0.0154539507720557,"order",0.936419374596402
"Malvales",0.840824132299959,0.0205037004873679,"order",0.936419374596402
"Rhodobacterales",0.843330513406848,0.0612054414380645,"order",0.936419374596402
"Trichomonadida",0.844196254370999,0.0189392899466983,"order",0.936419374596402
"Fagales",0.847365576141031,0.0437550215575828,"order",0.937309408245387
"Acidimicrobiia",0.802737347511781,0.0268829217079361,"class",0.939257304571607
"Lactuca",0.864541533582449,0.018462527575674,"genus",0.939755393439791
"Zhihengliuella",0.865048865789822,0.00907162476882799,"genus",0.939852608290488
"Kushneria",0.865591363971889,-0.00284095488755201,"genus",0.939987917707764
"Rubrobacteria",0.808957806338926,0.0234047159494884,"class",0.940140153312806
"Halococcus",0.866526084911215,-0.00123367108201668,"genus",0.940548824790213
"Agaricales",0.853262394782419,0.0179792877130012,"order",0.940591949036583
"Coniochaetales",0.855083590033258,0.00432680080517651,"order",0.940591949036583
"Orthotospovirus",0.867817876765378,-0.00225427539668577,"genus",0.941496577349414
"Auricularia",0.870353836558168,0.00550276744799492,"genus",0.94379256432947
"Acinetobacter",0.870864531102299,-0.0600716647497272,"genus",0.943891243589913
"Bunyavirales",0.867817876765378,-0.00225427539668577,"order",0.944343112981908
"Entomophthorales",0.868987875295361,-0.00361823277302991,"order",0.944343112981908
"Geodermatophilales",0.877571377720561,0.0236099296366057,"order",0.944343112981908
"Peronosporales",0.862669684802902,0.00704213692417056,"order",0.944343112981908
"Pseudonocardiales",0.87580086971731,-0.0310324389843765,"order",0.944343112981908
"Rickettsiales",0.875536612188012,-0.00108181955412352,"order",0.944343112981908
"Thermotogales",0.863813583531093,-0.00246735912895583,"order",0.944343112981908
"Trichosporonales",0.876674789110279,0.00842051175630171,"order",0.944343112981908
"Polyporales",0.880266452599137,-0.0151181020196367,"order",0.94467619303322
"Leuconostoc",0.87302967340849,0.0193283041794028,"genus",0.945782146192531
"Coniochaetaceae",0.855083590033258,0.00432680080517651,"family",0.945840543962619
"Nostocaceae",0.854620065375856,0.0218565741654082,"family",0.945840543962619
"Chlorobiales",0.897594799384006,0.00243111027583872,"order",0.945864381398543
"Gemmatales",0.897246444989416,-0.00854010641398661,"order",0.945864381398543
"Pneumocystales",0.887123166078059,0.0109867779692208,"order",0.945864381398543
"Solirubrobacterales",0.898093453045081,-0.011352943288314,"order",0.945864381398543
"Synechococcales",0.897382042862973,-0.00508632954407181,"order",0.945864381398543
"Terriglobales",0.891428622281686,-0.0121151374658104,"order",0.945864381398543
"Zingiberales",0.891254972480967,0.027529376622963,"order",0.945864381398543
"Puccinia",0.873989081652976,0.0126141085953305,"genus",0.946365644986781
"Diploscapter",0.874942987657298,-0.00286873003077861,"genus",0.946487147302194
"Pelomonas",0.874766001002776,0.00107720695064441,"genus",0.946487147302194
"Synechococcus",0.87570472811783,-0.0052976600894696,"genus",0.946855737277404
"Pucciniales",0.901457408839882,0.00993479816103772,"order",0.946888949338444
"Cyperaceae",0.858293675473803,0.000784193542160121,"family",0.946969425108214
"Halococcaceae",0.858208698941501,-0.00143476593226243,"family",0.946969425108214
"Aeribacillus",0.876669816205363,-0.003048079215561,"genus",0.94717265319319
"Zymobacter",0.876840135148165,0.000432660251827285,"genus",0.94717265319319
"Rhizobium",0.877294653503597,-0.0564851568258518,"genus",0.947208677738642
"Aerococcus",0.881848321685512,-0.0240662481719823,"genus",0.947576146904308
"Aurantimonas",0.881393064017633,-0.00167756716262143,"genus",0.947576146904308
"Clavibacter",0.878785400648557,-0.0195413843221227,"genus",0.947576146904308
"Clostridioides",0.881550133025694,-0.0210552592161074,"genus",0.947576146904308
"Diaporthe",0.881118257283615,-0.00277672788306422,"genus",0.947576146904308
"Kayvirus",0.87993639993431,-0.00124928729876504,"genus",0.947576146904308
"Kosakonia",0.880020835763386,-0.00959374621136843,"genus",0.947576146904308
"Laribacter",0.879002306098401,0.0036705600144258,"genus",0.947576146904308
"Pectobacterium",0.881648345493896,-0.0097388301951596,"genus",0.947576146904308
"Protaetiibacter",0.878626594826784,-0.00929041182917784,"genus",0.947576146904308
"Acidobacteriota",0.745089354837493,-0.0354190017950357,"phylum",0.947633655790562
"Apicomplexa",0.798282083115963,-0.00137115635460632,"phylum",0.947633655790562
"Aquificota",0.774359947492629,-0.00559093395440628,"phylum",0.947633655790562
"Bacillariophyta",0.864661791872075,-0.00290895640279411,"phylum",0.947633655790562
"Bacillota",0.906582519429307,-0.0662614211553162,"phylum",0.947633655790562
"Chlorobiota",0.897594799384006,0.00243111027583872,"phylum",0.947633655790562
"Chlorophyta",0.885381299389596,-0.0162018046811952,"phylum",0.947633655790562
"Deferribacterota",0.70849234142765,0.000210333262497602,"phylum",0.947633655790562
"Deinococcota",0.745491346186646,-0.0663275774205529,"phylum",0.947633655790562
"Lenarviricota",0.695447981343441,-0.00875426350938959,"phylum",0.947633655790562
"Mucoromycota",0.700878352535978,0.039146066545638,"phylum",0.947633655790562
"Negarnaviricota",0.8149858338357,0.00334479948358894,"phylum",0.947633655790562
"Nematoda",0.723319966055435,0.0244899590811142,"phylum",0.947633655790562
"Nemertea",0.690191269389115,-0.0145170366763319,"phylum",0.947633655790562
"Parabasalia",0.844196254370999,0.0189392899466983,"phylum",0.947633655790562
"Peploviricota",0.658137763713818,0.0161691308045613,"phylum",0.947633655790562
"Planctomycetota",0.909216075150404,-0.012745818085767,"phylum",0.947633655790562
"Pseudomonadota",0.834060120820311,-0.105913853542587,"phylum",0.947633655790562
"Thermotogota",0.863813583531093,-0.00246735912895583,"phylum",0.947633655790562
"Tubulinea",0.762178949736795,-0.0110779828983692,"phylum",0.947633655790562
"Zoopagomycota",0.868987875295361,-0.00361823277302991,"phylum",0.947633655790562
"Aquipluma",0.885065001497429,0.000519711853579893,"genus",0.948153263763602
"Entomophthora",0.885698827972678,-0.00315299007859107,"genus",0.948153263763602
"Hylemonella",0.886713180728008,0.00862157015025771,"genus",0.948153263763602
"Methanobrevibacter",0.886807004094827,0.00666615774668195,"genus",0.948153263763602
"Mycena",0.884067352538449,-0.00499584456407279,"genus",0.948153263763602
"Oligella",0.885201065812309,0.00365660840687954,"genus",0.948153263763602
"Pauljensenia",0.88485127065945,0.01570799540198,"genus",0.948153263763602
"Pneumocystis",0.887123166078059,0.0109867779692208,"genus",0.948153263763602
"Prauserella",0.885352194017503,-0.00173830077285197,"genus",0.948153263763602
"Prosopis",0.887444473198035,0.00110037507645158,"genus",0.948153263763602
"Roseomonas",0.886125713812819,-0.0169331497212051,"genus",0.948153263763602
"Vagococcus",0.883799417846042,0.0161329389238889,"genus",0.948153263763602
"Pyrenochaeta",0.888297821338089,-0.00152666158875996,"genus",0.948614340070922
"Actinomadura",0.890558149690103,-0.012768822592665,"genus",0.950169552672223
"Botryobasidium",0.890599118289483,0.00110704422918558,"genus",0.950169552672223
"Peronosporaceae",0.862669684802902,0.00704213692417056,"family",0.950585066693644
"Musa",0.891759304266975,0.0273999921845174,"genus",0.950956223469145
"Piscirickettsia",0.892961479609709,-0.00187168390223217,"genus",0.951786904095847
"Bacilli",0.82841264239868,-0.120185139876068,"class",0.952012194591096
"Bacteriovoracia",0.836541775753274,0.00252307265870706,"class",0.952012194591096
"Chlorophyceae",0.86863081667721,-0.00174012949383926,"class",0.952012194591096
"Ellioviricetes",0.867817876765378,-0.00225427539668577,"class",0.952012194591096
"Entomophthoromycetes",0.868987875295361,-0.00361823277302991,"class",0.952012194591096
"Nitriliruptoria",0.860212667700838,0.00117073767264954,"class",0.952012194591096
"Planctomycetia",0.848298139813091,-0.0210674332317633,"class",0.952012194591096
"Thermotogae",0.863813583531093,-0.00246735912895583,"class",0.952012194591096
"Trebouxiophyceae",0.861774892857094,-0.0193193400113301,"class",0.952012194591096
"Cantharellales",0.911415056664612,-0.00689413049485766,"order",0.952296470815795
"Vitales",0.910841585916161,0.00456244013717741,"order",0.952296470815795
"Fervidobacterium",0.894188139297328,0.00169567055114468,"genus",0.952642882652625
"Gemmatimonadota",0.927198231677061,-0.00950683465025438,"phylum",0.952953738112534
"Amedibacterium",0.895961961986066,0.000266078990356689,"genus",0.954000331599238
"Parolsenella",0.896310671707065,-0.00382390210128815,"genus",0.954000331599238
"Pontibacillus",0.897446912676835,-0.000830375219815257,"genus",0.954757855539357
"Modestobacter",0.89855803138522,0.0147789597428584,"genus",0.955036395361701
"Teleopsis",0.898250921472664,-0.00683050694065459,"genus",0.955036395361701
"Tospoviridae",0.867817876765378,-0.00225427539668577,"family",0.955041302038234
"Komagataeibacter",0.89901470704677,-0.00924160083101748,"genus",0.955070418586767
"Asparagales",0.917047789851348,-0.0109382572210413,"order",0.955660328371405
"Chromobacterium",0.900469565554483,-0.00811889526433973,"genus",0.956164330940525
"Auriculariaceae",0.870353836558168,0.00550276744799492,"family",0.956615080842205
"Bromovirus",0.901823548712499,-0.00177610196297886,"genus",0.956698660874722
"Roseobacter",0.901743353903601,-0.00143499957447906,"genus",0.956698660874722
"Athalia",0.90291272571245,0.000102729798768053,"genus",0.956951328994957
"Faecalibacterium",0.90272385766693,-0.0128319624133995,"genus",0.956951328994957
"Bacillariophyceae",0.899705484190536,-0.00199853743541472,"class",0.957102927904073
"Chlorobiia",0.897594799384006,0.00243111027583872,"class",0.957102927904073
"Pneumocystomycetes",0.887123166078059,0.0109867779692208,"class",0.957102927904073
"Pucciniomycetes",0.901457408839882,0.00993479816103772,"class",0.957102927904073
"Thermoleophilia",0.898093453045081,-0.011352943288314,"class",0.957102927904073
"Acidipropionibacterium",0.904953008451578,-0.0162864149840243,"genus",0.958210600756873
"Syzygium",0.90457617494992,-0.00228513793885011,"genus",0.958210600756873
"Allium",0.905901417495012,-0.0100134026370398,"genus",0.958385338673667
"Stegodyphus",0.905970311258433,0.0039597926385242,"genus",0.958385338673667
"Geodermatophilaceae",0.877571377720561,0.0236099296366057,"family",0.958458638545814
"Pseudonocardiaceae",0.87580086971731,-0.0310324389843765,"family",0.958458638545814
"Pucciniaceae",0.873989081652976,0.0126141085953305,"family",0.958458638545814
"Synechococcaceae",0.87570472811783,-0.0052976600894696,"family",0.958458638545814
"Trichosporonaceae",0.876674789110279,0.00842051175630171,"family",0.958458638545814
"Aeoliella",0.915671660801643,6.26032551384674e-05,"genus",0.958655857252192
"Agrobacterium",0.915450173442352,0.052829709363684,"genus",0.958655857252192
"Anoxybacillus",0.909986967349204,0.0152855413281035,"genus",0.958655857252192
"Aquaspirillum",0.915671660801643,0.000122042119048341,"genus",0.958655857252192
"Arabiibacter",0.915976739415306,0.00150085542904559,"genus",0.958655857252192
"Brevundimonas",0.90949023392515,-0.0264651598140849,"genus",0.958655857252192
"Bythopirellula",0.915671660801643,0.000197514875084991,"genus",0.958655857252192
"Calothrix",0.909391159512218,0.0118991146738753,"genus",0.958655857252192
"Candidatus Pelagibacter",0.910926346909327,0.000192699035334457,"genus",0.958655857252192
"Carboxydothermus",0.915671660801643,4.52059713506975e-05,"genus",0.958655857252192
"Didymosphaeria",0.915671660801643,3.03295340776303e-05,"genus",0.958655857252192
"Edaphobacter",0.907592387016291,-0.00228375697315195,"genus",0.958655857252192
"Ligilactobacillus",0.909358441369562,0.0111438969766295,"genus",0.958655857252192
"Meyerozyma",0.916029985431285,-0.00627727224163914,"genus",0.958655857252192
"Microbacterium",0.907681172712109,-0.0330330499665361,"genus",0.958655857252192
"Norovirus",0.915671660801643,0.000333658270045203,"genus",0.958655857252192
"Phlebia",0.909629052647901,0.000982227199548861,"genus",0.958655857252192
"Rickettsia",0.911291167047741,-0.00076869202964485,"genus",0.958655857252192
"Vicia",0.914033490725774,-0.000747859131535558,"genus",0.958655857252192
"Vitiosangium",0.915671660801643,0.000668481192890982,"genus",0.958655857252192
"Vitis",0.910841585916161,0.00456244013717741,"genus",0.958655857252192
"Vogesella",0.915891625429628,0.00364101278349443,"genus",0.958655857252192
"Vulgatibacter",0.915671660801643,0.000178621158987526,"genus",0.958655857252192
"Gemmatimonadales",0.927198231677061,-0.00950683465025438,"order",0.958669712125629
"Wallemiales",0.92424746371619,-0.00635130727805399,"order",0.958669712125629
"Xiphosura",0.925948029662251,-0.00363933272178932,"order",0.958669712125629
"Acidobacteriaceae",0.891428622281686,-0.0121151374658104,"family",0.958962116175542
"Amaryllidaceae",0.905901417495012,-0.0100134026370398,"family",0.958962116175542
"Athaliidae",0.90291272571245,0.000102729798768053,"family",0.958962116175542
"Botryobasidiaceae",0.890599118289483,0.00110704422918558,"family",0.958962116175542
"Bromoviridae",0.908857885115768,0.00551679377542963,"family",0.958962116175542
"Calotrichaceae",0.909391159512218,0.0118991146738753,"family",0.958962116175542
"Chlorobiaceae",0.897594799384006,0.00243111027583872,"family",0.958962116175542
"Chroococcaceae",0.893725097574309,-0.0108530057962243,"family",0.958962116175542
"Cucurbitariaceae",0.888297821338089,-0.00152666158875996,"family",0.958962116175542
"Desulfovibrionaceae",0.906934419244497,-0.00939574928254233,"family",0.958962116175542
"Diaporthaceae",0.881118257283615,-0.00277672788306422,"family",0.958962116175542
"Diopsidae",0.898250921472664,-0.00683050694065459,"family",0.958962116175542
"Dipodascaceae",0.890470531147502,0.0122993184121646,"family",0.958962116175542
"Entomophthoraceae",0.885698827972678,-0.00315299007859107,"family",0.958962116175542
"Eresidae",0.905970311258433,0.0039597926385242,"family",0.958962116175542
"Fervidobacteriaceae",0.894188139297328,0.00169567055114468,"family",0.958962116175542
"Gemmataceae",0.897246444989416,-0.00854010641398661,"family",0.958962116175542
"Meruliaceae",0.909629052647901,0.000982227199548861,"family",0.958962116175542
"Microbacteriaceae",0.904530470398775,0.0432573599386099,"family",0.958962116175542
"Musaceae",0.891254972480967,0.027529376622963,"family",0.958962116175542
"Mycenaceae",0.884067352538449,-0.00499584456407279,"family",0.958962116175542
"Odoribacteraceae",0.895196281556867,0.0093957100144145,"family",0.958962116175542
"Pelagibacteraceae",0.910926346909327,0.000192699035334457,"family",0.958962116175542
"Pneumocystaceae",0.887123166078059,0.0109867779692208,"family",0.958962116175542
"Prolixibacteraceae",0.885065001497429,0.000519711853579893,"family",0.958962116175542
"Rhizobiaceae",0.887875555851204,0.0713408620229199,"family",0.958962116175542
"Rickettsiaceae",0.911291167047741,-0.00076869202964485,"family",0.958962116175542
"Stappiaceae",0.908891047440034,-0.0151363114638383,"family",0.958962116175542
"Streptosporangiaceae",0.8816725601154,0.0113318218044365,"family",0.958962116175542
"Vitaceae",0.910841585916161,0.00456244013717741,"family",0.958962116175542
"Capsicum",0.917222740603428,-0.0129711100472028,"genus",0.959457648194004
"Gillisia",0.918166313710848,0.00127736267073605,"genus",0.959552062981272
"Solibacillus",0.917984857361812,-0.000142729734070359,"genus",0.959552062981272
"Actinobacillus",0.919223809328515,-0.00897228088347831,"genus",0.959811630179607
"Thioalkalivibrio",0.919268230950144,-0.00629634458198217,"genus",0.959811630179607
"Nostoc",0.92022330534961,0.0112962002104363,"genus",0.960362976209407
"Hoyosella",0.921274860041739,-0.00118772275207468,"genus",0.961014452798642
"Caliciviridae",0.915671660801643,0.000333658270045203,"family",0.961232993438618
"Vulgatibacteraceae",0.915671660801643,0.000178621158987526,"family",0.961232993438618
"Acetobacteraceae",0.917485037699336,-0.0179744589170046,"family",0.961969160739303
"Geosporobacter",0.924354145394548,-0.00044852597853193,"genus",0.963011637355037
"Tissierella",0.924474044041586,0.000953915502997307,"genus",0.963011637355037
"Wallemia",0.92424746371619,-0.00635130727805399,"genus",0.963011637355037
"Limulus",0.925948029662251,-0.00363933272178932,"genus",0.963208658052915
"Massilia",0.925784955573222,-0.023422809055651,"genus",0.963208658052915
"Thermothelomyces",0.925830607417454,-0.000247780442271849,"genus",0.963208658052915
"Hoyosellaceae",0.921274860041739,-0.00118772275207468,"family",0.963606715763125
"Thermomonosporaceae",0.921001155071699,-0.0097571512859538,"family",0.963606715763125
"Tissierellaceae",0.924474044041586,0.000953915502997307,"family",0.964620082142306
"Wallemiaceae",0.92424746371619,-0.00635130727805399,"family",0.964620082142306
"Limulidae",0.925948029662251,-0.00363933272178932,"family",0.964994030913069
"Gemmatimonadaceae",0.927198231677061,-0.00950683465025438,"family",0.965134140072993
"Cytophagales",0.936403202496478,0.0170874166126532,"order",0.965665802574493
"Aminobacter",0.929341347707688,0.0102124925235894,"genus",0.966291581597129
"Gemmatimonadetes",0.927198231677061,-0.00950683465025438,"class",0.966533914233057
"Merostomata",0.925948029662251,-0.00363933272178932,"class",0.966533914233057
"Wallemiomycetes",0.92424746371619,-0.00635130727805399,"class",0.966533914233057
"Kocuria",0.930814350111516,-0.0215545585785296,"genus",0.967375911922735
"Gossypium",0.93309309784861,0.00797477899912054,"genus",0.969296248065369
"Myxococcus",0.933575979944379,-0.00206199582463567,"genus",0.969350128760345
"Muribaculaceae",0.933137932520537,0.00590878804556852,"family",0.970149413017145
"Pseudonocardia",0.934793448803674,-0.0122939335831817,"genus",0.970166343497675
"Cytophagia",0.936403202496478,0.0170874166126532,"class",0.970249101381893
"Saccharomonospora",0.935716880324195,-0.00118167599575385,"genus",0.970676782218227
"Saccharomycetaceae",0.934946015987531,0.0212860193510016,"family",0.970862309518865
"Camponotus",0.937888062789953,-0.00093394417359651,"genus",0.972480522459476
"Brochothrix",0.938988676165728,0.00291631654693142,"genus",0.973173056542269
"Rhizoctonia",0.939507938972855,0.00459950722471397,"genus",0.973262715223377
"Syntrophobacter",0.94004883294252,2.32912650824071e-05,"genus",0.973374689358991
"Candidatus Saccharibacteria",0.960420224175447,-0.00191245941911342,"phylum",0.973576665602508
"Austwickia",0.94207447429048,-0.00103750470227582,"genus",0.973906763302339
"Butyrivibrio",0.945759168987243,0.00294720746271852,"genus",0.973906763302339
"Flavonifractor",0.944548176944223,-0.00502190147861855,"genus",0.973906763302339
"Halalkalicoccus",0.945491840550805,0.000183647204787633,"genus",0.973906763302339
"Laetiporus",0.943860751164916,0.000238992214439617,"genus",0.973906763302339
"Limosilactobacillus",0.941366284677939,0.0124445614641073,"genus",0.973906763302339
"Pelolinea",0.94543734691892,-0.000125409497822697,"genus",0.973906763302339
"Pistacia",0.945743705820875,-0.00273429760465717,"genus",0.973906763302339
"Pleurotus",0.944876373136154,-0.00282212711511519,"genus",0.973906763302339
"Podospora",0.943503769583504,0.000720428943601179,"genus",0.973906763302339
"Potexvirus",0.942126959038649,0.00417487276721512,"genus",0.973906763302339
"Weeksella",0.945363291793671,-0.000642543636600878,"genus",0.973906763302339
"Trueperales",0.948513409843849,0.00144674521800128,"order",0.973988412179882
"Venturiales",0.949392745205642,0.0038233992178034,"order",0.973988412179882
"Cercospora",0.949900318962854,0.00194037089867917,"genus",0.974294271763895
"Dokdonia",0.950034387718196,-0.000450083692522662,"genus",0.974294271763895
"Fibrella",0.949154531439615,0.000256058764909937,"genus",0.974294271763895
"Lactococcus",0.949801840217526,-0.0127942756268506,"genus",0.974294271763895
"Leifsonia",0.946889861127764,-0.0214548847877071,"genus",0.974294271763895
"Rahnella",0.948508265554691,0.00505866014776179,"genus",0.974294271763895
"Ramularia",0.948811391800701,0.00235680037429044,"genus",0.974294271763895
"Truepera",0.948513409843849,0.00144674521800128,"genus",0.974294271763895
"Zymomonas",0.949544063969428,0.000885935607309385,"genus",0.974294271763895
"Ceratobasidiaceae",0.945668074962892,-0.00418310032022236,"family",0.977303327171925
"Laetiporaceae",0.943860751164916,0.000238992214439617,"family",0.977303327171925
"Pleurotaceae",0.944876373136154,-0.00282212711511519,"family",0.977303327171925
"Podosporaceae",0.943503769583504,0.000720428943601179,"family",0.977303327171925
"Quercus",0.953503916092693,0.0129059395667602,"genus",0.97740670341498
"Jiangellales",0.955385758592082,0.00386494456839837,"order",0.977604032047712
"Fagaceae",0.948474165561426,0.0143025685540825,"family",0.977804303968518
"Trueperaceae",0.948513409843849,0.00144674521800128,"family",0.977804303968518
"Zymomonadaceae",0.949544063969428,0.000885935607309385,"family",0.977804303968518
"Alysiella",0.954837533728409,-0.000881178518823954,"genus",0.977882337593439
"Microbispora",0.954693704275494,-6.56863814774759e-05,"genus",0.977882337593439
"Jiangella",0.955385758592082,0.00386494456839837,"genus",0.977998439268818
"Eubacteriaceae",0.951314149837216,-0.00368598101615653,"family",0.978462234969313
"Desulfovibrionales",0.961159165132932,-0.00391522283745149,"order",0.978570448924319
"Micromonosporales",0.961272486443334,-0.00725309361329469,"order",0.978570448924319
"Picea",0.956519233074071,-0.00858618233101523,"genus",0.978713264414734
"Rathayibacter",0.957841693726992,-0.00665306035869773,"genus",0.979620722688497
"Polaribacter",0.9583296142677,0.00322888672423654,"genus",0.979674228403662
"Jiangellaceae",0.955385758592082,0.00386494456839837,"family",0.980318720263524
"Morganellaceae",0.954858959891248,-0.00537900817030064,"family",0.980318720263524
"Acidiferrobacter",0.960929457179632,0.000200484122080436,"genus",0.981885665241705
"Cyanobacteriota",0.982473346781253,0.00475968189629348,"phylum",0.982473346781253
"Capronia",0.96216985246966,-0.000376880451082795,"genus",0.982706629520557
"Xanthobacter",0.963421658377267,0.00293585521364327,"genus",0.983538497362902
"Candidatus Saccharimonadia",0.960420224175447,-0.00191245941911342,"class",0.984043907159906
"Desulfovibrionia",0.961159165132932,-0.00391522283745149,"class",0.984043907159906
"Luteimonas",0.964696464323734,-0.00554167870585983,"genus",0.984393079974627
"Nakaseomyces",0.965226453349115,0.00823636933031484,"genus",0.984487207973769
"Micromonosporaceae",0.961272486443334,-0.00725309361329469,"family",0.985190403760052
"Enterobacter",0.966755442343929,-0.00815976662350183,"genus",0.98559972340503
"Brachypodium",0.967698327989825,-0.00195889827199618,"genus",0.98566736397152
"Chlorobium",0.967376434592605,0.000740215405624859,"genus",0.98566736397152
"Stella",0.969310401096664,-0.00213005065004478,"genus",0.985969738609858
"Stereum",0.96853142978989,-0.00215323950815611,"genus",0.985969738609858
"Terriglobus",0.969032338686964,0.00296097031085812,"genus",0.985969738609858
"Humibacter",0.970057467588244,0.00301241283971165,"genus",0.98628356446924
"Jaminaea",0.971716341148888,0.000470001872815654,"genus",0.987399270157184
"Marinobacterium",0.972032896455316,0.000243675030787779,"genus",0.987399270157184
"Anthracocystis",0.977144678421804,0.00235535269913227,"genus",0.987811195975036
"Atopobium",0.97668277507357,-0.0021781293205557,"genus",0.987811195975036
"Chryseobacterium",0.973717042040707,-0.007384971775461,"genus",0.987811195975036
"Corallococcus",0.975875888243272,0.000668516180322327,"genus",0.987811195975036
"Ezakiella",0.977709080587119,-0.00354144860136013,"genus",0.987811195975036
"Kluyveromyces",0.976566896529113,0.00241248144391483,"genus",0.987811195975036
"Luteibacter",0.973609693107524,-0.00292877988656154,"genus",0.987811195975036
"Malus",0.974322947815474,-0.00259866474947993,"genus",0.987811195975036
"Peniophora",0.977500458055542,-0.00093767213560975,"genus",0.987811195975036
"Pseudoxanthomonas",0.976498204187434,-0.00426912810216553,"genus",0.987811195975036
"Psychromonas",0.977695470457999,-3.49375423604087e-05,"genus",0.987811195975036
"Trametes",0.975343490275665,0.00248083123119987,"genus",0.987811195975036
"Verrucomicrobiaceae",0.965262724428495,-0.000236741708398176,"family",0.988109179444554
"Burkholderiaceae",0.96995079719607,0.0134022507545195,"family",0.988221561834152
"Phanerochaetaceae",0.971084771744542,-0.00163247336250022,"family",0.988221561834152
"Stellaceae",0.969310401096664,-0.00213005065004478,"family",0.988221561834152
"Stereaceae",0.96853142978989,-0.00215323950815611,"family",0.988221561834152
"Theridiidae",0.96866384457594,-0.00192292880680484,"family",0.988221561834152
"Acyrthosiphon",0.9799012400041,-0.00230303620571835,"genus",0.98913729298439
"Hyalosphenia",0.979762689570524,0.000861156274566171,"genus",0.98913729298439
"Bifidobacterium",0.981072708716821,0.00596992112218412,"genus",0.989544490539654
"Desulfovibrio",0.981184621566665,0.00179354212412443,"genus",0.989544490539654
"Brassica",0.981929048372834,-0.00314128170554669,"genus",0.989851380452938
"Caulobacteraceae",0.983870667818829,-0.00518742052376773,"family",0.990742872716283
"Dysgonomonadaceae",0.982782972404675,0.000884048758301214,"family",0.990742872716283
"Hyalospheniidae",0.979762689570524,0.000861156274566171,"family",0.990742872716283
"Mycosphaerellaceae",0.976109070604385,-0.00309967283175207,"family",0.990742872716283
"Oscillatoriaceae",0.981881468288184,-0.000898284746803877,"family",0.990742872716283
"Papaveraceae",0.979217250822497,-0.000537163666335232,"family",0.990742872716283
"Peniophoraceae",0.977500458055542,-0.00093767213560975,"family",0.990742872716283
"Psychromonadaceae",0.977695470457999,-3.49375423604087e-05,"family",0.990742872716283
"Rubrobacteraceae",0.983716061356357,0.00139041534569899,"family",0.990742872716283
"Rubrobacter",0.983716061356357,0.00139041534569899,"genus",0.991208522397153
"Propionibacterium",0.984884536202565,-0.00557778781774446,"genus",0.991941478692149
"Papaver",0.985905699335426,0.000363845321709967,"genus",0.992525477979128
"Alphaflexiviridae",0.988252168019723,0.000858620392560192,"family",0.992843351146412
"Colwelliaceae",0.988041599719417,-0.000385778195823702,"family",0.992843351146412
"Glycine",0.98676926840108,0.00289386999977748,"genus",0.992950373438044
"Myzus",0.987677392356986,-0.000448018977627349,"genus",0.993419702777666
"Cyanophyceae",0.982473346781253,0.00475968189629348,"class",0.994031856743385
"Elardia",0.979762689570524,0.000861156274566171,"class",0.994031856743385
"Ferriphaselus",0.988778945126939,5.52669979389879e-05,"genus",0.994083078940762
"Gloeophyllaceae",0.990872991649081,-9.20088701316376e-05,"family",0.994321505541131
"Niveispirillum",0.989558884013756,0.000419440459426461,"genus",0.994422667625977
"Arcellinida",0.979762689570524,0.000861156274566171,"order",0.994835961717762
"Gloeophyllum",0.990872991649081,-9.20088701316376e-05,"genus",0.995298507467076
"Buprestidae",0.993624334274069,-0.000269971847885388,"family",0.995656342201956
"Mitoviridae",0.995656342201956,-7.26642576489649e-05,"family",0.995656342201956
"Penaeidae",0.99564742416141,-0.000328272122196547,"family",0.995656342201956
"Pyrus",0.9918432877065,0.000672229259970028,"genus",0.995828372344607
"Agrilus",0.993624334274069,-0.000269971847885388,"genus",0.996282268293527
"Haloterrigena",0.992846413627077,-0.000166202005043111,"genus",0.996282268293527
"Pseudacidovorax",0.993435902142628,-2.63860190122843e-05,"genus",0.996282268293527
"Caulobacterales",0.983870667818829,-0.00518742052376773,"order",0.996452134159223
"Mitovirus",0.995656342201956,-7.26642576489649e-05,"genus",0.996542551674321
"Oxalobacter",0.995402537119663,1.63243760034656e-05,"genus",0.996542551674321
"Penaeus",0.99564742416141,-0.000328272122196547,"genus",0.996542551674321
"Vitreoscilla",0.994765890137265,0.000953692768297892,"genus",0.996542551674321
"Methylorubrum",0.997894818480802,-0.000466297234175839,"genus",0.997894818480802
"Thermomonas",0.997832293077364,0.000331111414403088,"genus",0.997894818480802
"Burkholderiales",0.988044412329427,0.00672644610761965,"order",0.998126498169523
"Cryppavirales",0.995656342201956,-7.26642576489649e-05,"order",0.998176991169556
"Decapoda",0.99564742416141,-0.000328272122196547,"order",0.998176991169556
"Gloeophyllales",0.990872991649081,-9.20088701316376e-05,"order",0.998176991169556
"Hemiptera",0.9989771314803,-0.000152099704022663,"order",0.9989771314803
"Glomeromycetes",0.999836935974931,-4.28676995003902e-06,"class",0.999836935974931
"Howeltoviricetes",0.995656342201956,-7.26642576489649e-05,"class",0.999836935974931
